outcome_a1,outcome_a2,outcome_a3,outcome_b1,outcome_b2,outcome_b3,ev_a,ev_b,ev_diff,var_a,var_b,var_diff,loss_a,loss_b,loss_diff,skew_a,skew_b,skew_diff
57,2,-48,64,9,-35,3.6666666666666665,12.666666666666666,-9.0,42.88226776756203,40.49965706301995,2.382610704542074,-48,-35,-13,0.06,0.14,-0.08000000000000002
76,19,-23,83,26,-10,24.0,33.0,-9.0,40.570925550201586,38.28837943815329,2.282546112048294,-23,-10,-13,0.18,0.27,-0.09000000000000002
65,5,-63,69,13,-48,2.3333333333333335,11.333333333333334,-9.0,52.28979080300687,47.779586529070016,4.510204273936857,-63,-48,-15,-0.08,-0.05,-0.03
50,40,-80,63,41,-67,3.3333333333333335,12.333333333333334,-9.0,59.06681715556449,56.81157941437252,2.2552377411919764,-80,-67,-13,-0.69,-0.63,-0.05999999999999994
61,53,-95,78,48,-80,6.333333333333333,15.333333333333334,-9.0,71.72788083366807,68.51439427027157,3.2134865633965006,-95,-80,-15,-0.7,-0.61,-0.08999999999999997
78,29,-80,86,34,-66,9.0,18.0,-9.0,66.03534407169138,63.07667292007931,2.958671151612073,-80,-66,-14,-0.43,-0.36,-0.07
63,24,-32,72,28,-18,18.333333333333332,27.333333333333332,-9.0,38.9900272149459,36.745370078721784,2.244657136224113,-32,-18,-14,-0.21,-0.03,-0.18
87,53,-72,98,54,-57,22.666666666666668,31.666666666666668,-9.0,68.36340801595219,65.21928821717971,3.144119798772479,-72,-57,-15,-0.58,-0.47,-0.10999999999999999
72,56,-23,81,61,-10,35.0,44.0,-9.0,41.52910625894406,39.04698025029166,2.4821260086524006,-23,-10,-13,-0.63,-0.57,-0.06000000000000005
90,3,-45,97,10,-32,16.0,25.0,-9.0,55.87486017879597,53.72150407425317,2.1533561045428016,-45,-32,-13,0.34,0.4,-0.06
32,12,-39,37,19,-24,1.6666666666666667,10.666666666666666,-9.0,29.892399628593814,25.590796956892312,4.301602671701502,-39,-24,-15,-0.48,-0.45,-0.02999999999999997
93,4,-32,96,13,-17,21.666666666666668,30.666666666666668,-9.0,52.53781706753929,47.79353745248642,4.744279615052868,-32,-17,-15,0.47,0.5,-0.030000000000000027
88,18,-64,97,21,-49,14.0,23.0,-9.0,62.1181669615795,59.62102537416366,2.4971415874158396,-64,-49,-15,-0.1,0.05,-0.15000000000000002
89,11,-87,98,15,-73,4.333333333333333,13.333333333333334,-9.0,72.00617257491811,69.82040453111748,2.1857680438006355,-87,-73,-14,-0.14,-0.04,-0.1
64,18,-71,72,22,-56,3.6666666666666665,12.666666666666666,-9.0,56.037685732212594,52.67088590694315,3.366799825269446,-71,-56,-15,-0.37,-0.26,-0.10999999999999999
40,10,-46,51,11,-31,1.3333333333333333,10.333333333333334,-9.0,35.64017707899643,33.47967874530592,2.160498333690512,-46,-31,-15,-0.35,-0.03,-0.31999999999999995
60,49,-76,72,51,-63,11.0,20.0,-9.0,61.68198008062538,59.312730505347666,2.3692495752777134,-76,-63,-13,-0.69,-0.64,-0.04999999999999993
57,25,-79,66,29,-65,1.0,10.0,-9.0,58.057442818872644,55.142240312365495,2.91520250650715,-79,-65,-14,-0.55,-0.48,-0.07000000000000006
65,54,-20,73,59,-6,33.0,42.0,-9.0,37.74475681027322,34.418987008142274,3.3257698021309494,-20,-6,-14,-0.66,-0.62,-0.040000000000000036
84,12,-24,88,21,-10,24.0,33.0,-9.0,44.8998886412873,40.89824772122476,4.001640920062535,-24,-10,-14,0.38,0.41,-0.02999999999999997
68,51,-96,78,55,-83,7.666666666666667,16.666666666666668,-9.0,73.631213188128,71.0977417988004,2.5334713893276017,-96,-83,-13,-0.68,-0.65,-0.030000000000000027
84,73,-92,99,70,-77,21.666666666666668,30.666666666666668,-9.0,80.49982746703388,77.04688327390163,3.4529441931322538,-92,-77,-15,-0.7,-0.63,-0.06999999999999995
77,61,-18,90,60,-3,40.0,49.0,-9.0,41.52910625894406,38.7556447501522,2.7734615087918613,-18,-3,-15,-0.63,-0.4,-0.22999999999999998
81,20,-87,89,26,-74,4.666666666666667,13.666666666666666,-9.0,69.43742186714276,67.11350253281543,2.3239193343273286,-87,-74,-13,-0.32,-0.27,-0.04999999999999999
63,7,-25,69,16,-13,15.0,24.0,-9.0,36.368484525295614,33.95094500402996,2.4175395212656525,-25,-13,-12,0.32,0.34,-0.020000000000000018
82,79,-47,97,77,-33,38.0,47.0,-9.0,60.11655346075655,57.154760664940824,2.9617927958157253,-47,-33,-14,-0.71,-0.64,-0.06999999999999995
35,4,-21,41,13,-9,6.0,15.0,-9.0,22.90560339014597,20.46134567096374,2.444257719182229,-21,-9,-12,0.13,0.15,-0.01999999999999999
79,44,-75,90,46,-61,16.0,25.0,-9.0,65.91408549518583,63.40872705445731,2.5053584407285214,-75,-61,-14,-0.56,-0.46,-0.10000000000000003
73,70,-32,80,77,-19,37.0,46.0,-9.0,48.80573736764972,45.9782557302906,2.8274816373591207,-32,-19,-13,-0.71,-0.7,-0.010000000000000009
43,24,-17,52,28,-3,16.666666666666668,25.666666666666668,-9.0,25.037749277618566,22.51419305435771,2.523556223260858,-17,-3,-14,-0.41,-0.15,-0.26
66,61,-21,85,54,-6,35.333333333333336,44.333333333333336,-9.0,39.88594851434386,37.77418283548817,2.11176567885569,-21,-6,-15,-0.7,-0.37,-0.32999999999999996
65,46,-56,72,51,-41,18.333333333333332,27.333333333333332,-9.0,53.1308656892478,49.073640808709335,4.057224880538463,-56,-41,-15,-0.64,-0.61,-0.030000000000000027
48,37,-16,56,43,-3,23.0,32.0,-9.0,27.94041278626117,25.311394008759507,2.6290187775016634,-16,-3,-13,-0.63,-0.57,-0.06000000000000005
82,79,-44,99,74,-29,39.0,48.0,-9.0,58.70264048575669,55.395547354157145,3.3070931315995438,-44,-29,-15,-0.71,-0.6,-0.10999999999999999
70,44,-27,77,51,-14,29.0,38.0,-9.0,40.995934757810645,38.27096375408734,2.7249710037233044,-27,-14,-13,-0.5,-0.47,-0.030000000000000027
64,60,-70,76,62,-57,18.0,27.0,-9.0,62.24682053459973,59.67132197854063,2.5754985560590953,-70,-57,-13,-0.7,-0.68,-0.019999999999999907
60,33,-35,68,39,-22,19.333333333333332,28.333333333333332,-9.0,39.96943276499625,37.5085175512028,2.4609152137934487,-35,-22,-13,-0.47,-0.4,-0.06999999999999995
75,73,-37,93,68,-23,37.0,46.0,-9.0,52.33227175144097,49.846430831772366,2.485840919668604,-37,-23,-14,-0.71,-0.58,-0.13
50,32,-81,65,29,-66,0.3333333333333333,9.333333333333334,-9.0,57.978923373546316,55.25898619731957,2.7199371762267432,-81,-66,-15,-0.66,-0.49,-0.17000000000000004
49,11,-37,57,15,-22,7.666666666666667,16.666666666666668,-9.0,35.188381921057726,32.27313984655902,2.915242074498707,-37,-22,-15,-0.14,0.08,-0.22000000000000003
75,73,-80,89,71,-65,22.666666666666668,31.666666666666668,-9.0,72.60088765909745,68.74752520798273,3.8533624511147195,-80,-65,-15,-0.71,-0.67,-0.039999999999999925
79,54,-67,88,57,-52,22.0,31.0,-9.0,63.75473838599502,60.03887629417015,3.7158620918248673,-67,-52,-15,-0.63,-0.57,-0.06000000000000005
63,61,-25,73,65,-12,33.0,42.0,-9.0,41.02032016777376,38.32318706301274,2.697133104761022,-25,-12,-13,-0.71,-0.68,-0.029999999999999916
84,42,-62,97,41,-47,21.333333333333332,30.333333333333332,-9.0,61.369554521946974,59.26962872238098,2.0999257995659946,-62,-47,-15,-0.47,-0.26,-0.20999999999999996
39,30,-45,49,34,-32,8.0,17.0,-9.0,37.656340767525464,35.185224171518364,2.4711165960071,-45,-32,-13,-0.68,-0.61,-0.07000000000000006
65,30,-84,74,33,-69,3.6666666666666665,12.666666666666666,-9.0,63.615162413444246,60.123946052208595,3.491216361235651,-84,-69,-15,-0.55,-0.47,-0.08000000000000007
43,39,-46,60,35,-32,12.0,21.0,-9.0,41.04469108991645,38.841558499456056,2.203132590460392,-46,-32,-14,-0.7,-0.49,-0.20999999999999996
70,50,-24,80,53,-10,32.0,41.0,-9.0,40.431011200150145,37.70941526992961,2.7215959302205377,-24,-10,-14,-0.58,-0.45,-0.12999999999999995
60,35,-39,70,37,-24,18.666666666666668,27.666666666666668,-9.0,42.03437746522349,38.938698260499436,3.095679204724057,-39,-24,-15,-0.52,-0.35,-0.17000000000000004
54,37,-71,64,40,-57,6.666666666666667,15.666666666666666,-9.0,55.355417279813025,52.30891149911478,3.046505780698247,-71,-57,-14,-0.66,-0.6,-0.06000000000000005
56,53,-55,70,51,-40,18.0,27.0,-9.0,51.633322573702344,48.00694394217014,3.626378631532205,-55,-40,-15,-0.71,-0.62,-0.08999999999999997
89,38,-15,94,46,-1,37.333333333333336,46.333333333333336,-9.0,42.460439103816256,38.784303812524755,3.6761352912915015,-15,-1,-14,-0.02,0.01,-0.03
40,26,-63,51,28,-49,1.0,10.0,-9.0,45.614325235244536,42.7629122799964,2.8514129552481364,-63,-49,-14,-0.66,-0.56,-0.09999999999999998
61,33,-71,68,40,-58,7.666666666666667,16.666666666666668,-9.0,56.78810517079161,54.020572213021055,2.7675329577705554,-71,-58,-13,-0.58,-0.57,-0.010000000000000009
83,74,-95,92,77,-80,20.666666666666668,29.666666666666668,-9.0,81.87117251443813,77.78745971484665,4.083712799591481,-95,-80,-15,-0.7,-0.69,-0.010000000000000009
81,80,-40,91,85,-28,40.333333333333336,49.333333333333336,-9.0,56.80571176289308,54.73775865179559,2.067953111097495,-40,-28,-12,-0.71,-0.7,-0.010000000000000009
60,57,-67,82,47,-52,16.666666666666668,25.666666666666668,-9.0,59.173943214522694,56.74700187870918,2.426941335813517,-67,-52,-15,-0.71,-0.51,-0.19999999999999996
52,38,-24,62,40,-9,22.0,31.0,-9.0,33.0252428706689,29.676028485406647,3.3492143852622505,-24,-9,-15,-0.61,-0.43,-0.18
75,57,-18,89,55,-3,38.0,47.0,-9.0,40.27406113120453,37.98245208865097,2.29160904255356,-18,-3,-15,-0.6,-0.31,-0.29
36,25,-56,47,27,-42,1.6666666666666667,10.666666666666666,-9.0,41.023028762987366,38.12552367582058,2.8975050871667847,-56,-42,-14,-0.67,-0.56,-0.10999999999999999
39,12,-44,50,13,-29,2.3333333333333335,11.333333333333334,-9.0,34.56716489515576,32.27313984655902,2.294025048596744,-44,-29,-15,-0.4,-0.08,-0.32
91,51,-94,98,57,-80,16.0,25.0,-9.0,79.47746011710909,76.10957013849617,3.367889978612922,-94,-80,-14,-0.58,-0.56,-0.019999999999999907
72,68,-31,84,69,-17,36.333333333333336,45.333333333333336,-9.0,47.6398525979621,44.4996878890428,3.1401647089193006,-31,-17,-14,-0.7,-0.65,-0.04999999999999993
44,20,-37,51,28,-25,9.0,18.0,-9.0,33.97057550292606,31.822423959633664,2.1481515432923963,-37,-25,-12,-0.45,-0.44,-0.010000000000000009
80,59,-94,89,64,-81,15.0,24.0,-9.0,77.54998388136518,74.94442385305705,2.6055600283081333,-94,-81,-13,-0.67,-0.65,-0.020000000000000018
53,1,-35,58,10,-22,6.333333333333333,15.333333333333334,-9.0,36.12324582438418,32.87687468250121,3.2463711418829675,-35,-22,-13,0.22,0.24,-0.01999999999999999
67,46,-89,83,42,-74,8.0,17.0,-9.0,69.12307863514182,66.4880941723153,2.634984462826523,-89,-74,-15,-0.66,-0.51,-0.15000000000000002
89,32,-16,93,40,-1,35.0,44.0,-9.0,42.91852746774987,38.47943173523573,4.43909573251414,-16,-1,-15,0.1,0.15,-0.04999999999999999
60,15,-25,64,23,-10,16.666666666666668,25.666666666666668,-9.0,34.721111093332766,30.26916289265731,4.4519482006754565,-25,-10,-15,0.07,0.13,-0.06
64,41,-92,80,37,-77,4.333333333333333,13.333333333333334,-9.0,68.76206964760603,66.24365797736583,2.518411670240198,-92,-77,-15,-0.65,-0.49,-0.16000000000000003
62,49,-44,69,55,-30,22.333333333333332,31.333333333333332,-9.0,47.204048790566915,43.744205965539656,3.459842825027259,-44,-30,-14,-0.67,-0.65,-0.020000000000000018
62,30,-31,67,37,-16,20.333333333333332,29.333333333333332,-9.0,38.57748335781148,34.315529364349835,4.2619539934616455,-31,-16,-15,-0.36,-0.32,-0.03999999999999998
39,38,-67,60,29,-52,3.3333333333333335,12.333333333333334,-9.0,49.73485252371374,47.21816976075582,2.5166827629579203,-67,-52,-15,-0.71,-0.49,-0.21999999999999997
81,44,-24,88,51,-11,33.666666666666664,42.666666666666664,-9.0,43.48435223030106,40.843876189977635,2.6404760403234278,-24,-11,-13,-0.34,-0.3,-0.040000000000000036
83,55,-51,90,62,-38,29.0,38.0,-9.0,57.71192828754439,54.94239407476404,2.76953421278035,-51,-38,-13,-0.58,-0.57,-0.010000000000000009
34,6,-16,39,15,-3,8.0,17.0,-9.0,20.46134567096374,17.204650534085253,3.2566951368784878,-16,-3,-13,0.15,0.17,-0.020000000000000018
69,64,-75,93,52,-60,19.333333333333332,28.333333333333332,-9.0,66.7349650150171,64.66494843078092,2.0700165842361713,-75,-60,-15,-0.7,-0.5,-0.19999999999999996
75,40,-94,85,43,-80,7.0,16.0,-9.0,72.83314263895707,70.01428425685718,2.81885838209989,-94,-80,-14,-0.59,-0.52,-0.06999999999999995
93,1,-37,96,11,-23,19.0,28.0,-9.0,54.57716250105594,50.04664490919113,4.5305175918648075,-37,-23,-14,0.46,0.47,-0.009999999999999953
57,10,-45,62,17,-30,7.333333333333333,16.333333333333332,-9.0,41.6839963961657,37.56180092712394,4.122195469041763,-45,-30,-15,-0.1,-0.03,-0.07
67,34,-59,77,37,-45,14.0,23.0,-9.0,53.34791467339656,50.78057371344544,2.5673409599511174,-59,-45,-14,-0.51,-0.39,-0.12
89,87,-23,99,92,-11,51.0,60.0,-9.0,52.33227175144097,50.2858495669176,2.0464221845233723,-23,-11,-12,-0.71,-0.7,-0.010000000000000009
60,51,-55,75,48,-40,18.666666666666668,27.666666666666668,-9.0,52.21962168465881,49.100803342602134,3.1188183420566773,-55,-40,-15,-0.69,-0.55,-0.1399999999999999
85,77,-20,97,78,-6,47.333333333333336,56.333333333333336,-9.0,47.723742053149564,44.75364665464579,2.970095398503773,-20,-6,-14,-0.69,-0.61,-0.07999999999999996
69,37,-87,82,36,-72,6.333333333333333,15.333333333333334,-9.0,67.2772043282286,64.54627969311804,2.7309246351105685,-87,-72,-15,-0.59,-0.45,-0.13999999999999996
87,75,-65,98,77,-51,32.333333333333336,41.333333333333336,-9.0,68.99919484232326,65.8499978908293,3.1491969514939626,-65,-51,-14,-0.69,-0.65,-0.039999999999999925
90,29,-97,96,35,-82,7.333333333333333,16.333333333333332,-9.0,77.86455476588104,73.85721961249888,4.007335153382158,-97,-82,-15,-0.4,-0.36,-0.040000000000000036
43,10,-46,50,18,-34,2.3333333333333335,11.333333333333334,-9.0,36.736297521056144,34.61534662865912,2.120950892397026,-46,-34,-12,-0.3,-0.28,-0.019999999999999962
86,60,-50,99,59,-35,32.0,41.0,-9.0,58.94630324852159,56.166419386201454,2.7798838623201334,-50,-35,-15,-0.61,-0.45,-0.15999999999999998
87,17,-65,93,25,-52,13.0,22.0,-9.0,62.1181669615795,59.23399924592857,2.884167715650925,-65,-52,-13,-0.1,-0.08,-0.020000000000000004
86,78,-34,94,85,-22,43.333333333333336,52.333333333333336,-9.0,54.7803695577977,52.689868307125444,2.0905012506722542,-34,-22,-12,-0.7,-0.69,-0.010000000000000009
63,5,-52,69,11,-37,5.333333333333333,14.333333333333334,-9.0,46.949145063805176,43.33846123505336,3.6106838287518173,-52,-37,-15,0.01,0.11,-0.1
88,66,-90,97,70,-76,21.333333333333332,30.333333333333332,-9.0,79.23523346480543,75.99268970689805,3.2425437579073844,-90,-76,-14,-0.67,-0.64,-0.030000000000000027
82,64,-47,91,67,-32,33.0,42.0,-9.0,57.043842787806646,53.23532661682466,3.8085161709819886,-47,-32,-15,-0.65,-0.6,-0.050000000000000044
44,33,-27,52,38,-13,16.666666666666668,25.666666666666668,-9.0,31.201851796897497,27.932458220182166,3.2693935767153306,-27,-13,-14,-0.64,-0.58,-0.06000000000000005
37,35,-51,46,38,-36,7.0,16.0,-9.0,41.02032016777376,36.914315199752345,4.106004968021416,-51,-36,-15,-0.71,-0.68,-0.029999999999999916
62,57,-68,77,56,-55,17.0,26.0,-9.0,60.13872850889572,57.91372894228103,2.2249995666146845,-68,-55,-13,-0.7,-0.64,-0.05999999999999994
38,25,-47,44,31,-32,5.333333333333333,14.333333333333334,-9.0,37.38389433373087,33.189690501051004,4.194203832679868,-47,-32,-15,-0.64,-0.63,-0.010000000000000009
62,12,-59,72,14,-44,5.0,14.0,-9.0,49.64540932117154,47.35680169380811,2.288607627363433,-59,-44,-15,-0.21,0.0,-0.21
67,13,-31,72,20,-16,16.333333333333332,25.333333333333332,-9.0,40.07770230717103,36.12324582438418,3.9544564827868527,-31,-16,-15,0.12,0.22,-0.1
42,40,-31,59,28,-18,17.0,23.0,-6.0,33.95094500402996,31.63331577098213,2.317629233047832,-31,-18,-13,-0.71,-0.23,-0.48
70,12,-29,74,13,-16,17.666666666666668,23.666666666666668,-6.0,40.61472092179824,37.5085175512028,3.1062033705954377,-29,-16,-13,0.21,0.4,-0.19000000000000003
32,31,-59,42,24,-44,1.3333333333333333,7.333333333333333,-6.0,42.66406242052229,37.03451843288307,5.629543987639224,-59,-44,-15,-0.71,-0.58,-0.13
78,76,-70,95,66,-59,28.0,34.0,-6.0,69.30127463955239,66.81816120387231,2.4831134356800817,-70,-59,-11,-0.71,-0.61,-0.09999999999999998
89,51,-79,96,52,-69,20.333333333333332,26.333333333333332,-6.0,71.93206671730086,69.7630911649483,2.168975552352549,-79,-69,-10,-0.56,-0.5,-0.06000000000000005
89,32,-70,96,28,-55,17.0,23.0,-6.0,65.7723346096214,61.746794788609606,4.02553982101179,-70,-55,-15,-0.33,-0.12,-0.21000000000000002
68,63,-98,80,57,-86,11.0,17.0,-6.0,77.10166448700487,73.43477831835993,3.666886168644936,-98,-86,-12,-0.7,-0.66,-0.039999999999999925
48,37,-78,57,34,-66,2.3333333333333335,8.333333333333334,-6.0,56.98147847229737,53.39371581833286,3.5877626539645107,-78,-66,-12,-0.69,-0.61,-0.07999999999999996
76,54,-97,89,47,-85,11.0,17.0,-6.0,76.89386624865905,74.13501197140255,2.7588542772565035,-97,-85,-12,-0.66,-0.54,-0.12
77,48,-70,82,46,-55,18.333333333333332,24.333333333333332,-6.0,63.573229865687615,57.99042066487265,5.582809200814964,-70,-55,-15,-0.6,-0.51,-0.08999999999999997
84,73,-51,95,70,-41,35.333333333333336,41.333333333333336,-6.0,61.211836182954755,59.10630724005312,2.1055289429016355,-51,-41,-10,-0.69,-0.61,-0.07999999999999996
80,28,-35,84,31,-24,24.333333333333332,30.333333333333332,-6.0,47.02009026882965,44.0933353492591,2.9267549195705485,-35,-24,-11,-0.12,-0.02,-0.09999999999999999
30,2,-25,32,6,-13,2.3333333333333335,8.333333333333334,-6.0,22.45489305746572,18.445113776342563,4.0097792811231585,-25,-13,-12,0.02,0.19,-0.17
41,37,-21,47,34,-6,19.0,25.0,-6.0,28.331372481167705,22.55363976538303,5.777732715784676,-21,-6,-15,-0.7,-0.54,-0.15999999999999992
94,25,-20,97,28,-8,33.0,39.0,-6.0,46.88283267892417,43.56604182158393,3.316790857340237,-20,-8,-12,0.25,0.36,-0.10999999999999999
85,54,-21,88,55,-7,39.333333333333336,45.333333333333336,-6.0,44.4996878890428,39.38132665222045,5.118361236822345,-21,-7,-14,-0.46,-0.35,-0.11000000000000004
96,29,-65,99,34,-55,20.0,26.0,-6.0,66.03534407169138,63.12421616675067,2.911127904940713,-65,-55,-10,-0.2,-0.19,-0.010000000000000009
82,52,-85,84,55,-72,16.333333333333332,22.333333333333332,-6.0,72.69265590293301,67.74625860928082,4.946397293652197,-85,-72,-13,-0.62,-0.61,-0.010000000000000009
96,51,-91,99,54,-79,18.666666666666668,24.666666666666668,-6.0,79.69246444231028,75.57042337375708,4.122041068553202,-91,-79,-12,-0.54,-0.52,-0.020000000000000018
48,47,-69,70,30,-56,8.666666666666666,14.666666666666666,-6.0,54.92014404771916,52.56953067657687,2.3506133711422947,-69,-56,-13,-0.71,-0.41,-0.3
42,39,-79,60,25,-65,0.6666666666666666,6.666666666666667,-6.0,56.346152387619945,52.65189666310439,3.694255724515557,-79,-65,-14,-0.71,-0.48,-0.22999999999999998
81,63,-60,85,62,-45,28.0,34.0,-6.0,62.65780079128216,56.645093932896486,6.012706858385677,-60,-45,-15,-0.66,-0.62,-0.040000000000000036
60,45,-95,64,47,-83,3.3333333333333335,9.333333333333334,-6.0,69.80130530457308,65.65735974655765,4.143945558015432,-95,-83,-12,-0.68,-0.67,-0.010000000000000009
86,28,-54,92,26,-40,20.0,26.0,-6.0,57.43402011583959,53.88877434122992,3.5452457746096684,-54,-40,-14,-0.21,0.0,-0.21
38,18,-35,45,17,-23,7.0,13.0,-6.0,30.80043289739069,27.9045993819418,2.8958335154488886,-35,-23,-12,-0.49,-0.21,-0.28
39,29,-63,41,31,-49,1.6666666666666667,7.666666666666667,-6.0,45.90812080183152,40.2768199119819,5.631300889849619,-63,-49,-14,-0.68,-0.67,-0.010000000000000009
73,65,-89,85,60,-78,16.333333333333332,22.333333333333332,-6.0,74.55348564770276,71.67674347761313,2.876742170089628,-89,-78,-11,-0.7,-0.64,-0.05999999999999994
67,38,-30,75,37,-19,25.0,31.0,-6.0,40.65300316909769,38.60915262818736,2.043850540910327,-30,-19,-11,-0.45,-0.23,-0.22
77,52,-45,87,49,-34,28.0,34.0,-6.0,52.61812108643434,50.52392172690741,2.0941993595269324,-45,-34,-11,-0.59,-0.42,-0.16999999999999998
75,55,-79,78,56,-65,17.0,23.0,-6.0,68.37153403768755,62.8702367314349,5.501297306252653,-79,-65,-14,-0.66,-0.64,-0.020000000000000018
81,40,-65,84,42,-52,18.666666666666668,24.666666666666668,-6.0,61.48351179155451,56.85849882725439,4.625012964300126,-65,-52,-13,-0.48,-0.43,-0.04999999999999999
48,43,-64,54,44,-53,9.0,15.0,-6.0,51.65913923660233,48.25626038833372,3.4028788482686068,-64,-53,-11,-0.7,-0.68,-0.019999999999999907
80,74,-42,89,72,-31,37.333333333333336,43.333333333333336,-6.0,56.15059117132151,53.01781671182707,3.132774459494442,-42,-31,-11,-0.7,-0.65,-0.04999999999999993
23,6,-17,29,4,-3,4.0,10.0,-6.0,16.391054470858997,13.73559851869101,2.655455952167987,-17,-3,-14,-0.18,0.57,-0.75
73,63,-86,94,46,-72,16.666666666666668,22.666666666666668,-6.0,72.7109956532634,69.74875546480303,2.9622401884603704,-86,-72,-14,-0.7,-0.46,-0.23999999999999994
51,46,-20,59,44,-8,25.666666666666668,31.666666666666668,-6.0,32.355662392986005,28.709270666845967,3.6463917261400383,-20,-8,-12,-0.69,-0.57,-0.12
42,34,-31,55,26,-18,15.0,21.0,-6.0,32.69046751985457,30.011109054259666,2.6793584655949054,-31,-18,-13,-0.68,-0.25,-0.43000000000000005
66,47,-65,70,48,-52,16.0,22.0,-6.0,57.798500557252055,53.09111664550546,4.7073839117465965,-65,-52,-13,-0.65,-0.62,-0.030000000000000027
71,23,-29,78,21,-16,21.666666666666668,27.666666666666668,-6.0,40.83571421630281,38.66379299666406,2.1719212196387545,-29,-16,-13,-0.05,0.25,-0.3
88,81,-45,99,73,-30,41.333333333333336,47.333333333333336,-6.0,61.11373731730771,55.70358057512003,5.410156742187681,-45,-30,-15,-0.7,-0.59,-0.10999999999999999
67,30,-45,69,32,-31,17.333333333333332,23.333333333333332,-6.0,46.59279868057819,41.282226468811274,5.310572211766917,-45,-31,-14,-0.39,-0.31,-0.08000000000000002
70,67,-75,84,61,-65,20.666666666666668,26.666666666666668,-6.0,67.65763486522091,65.49469868283659,2.1629361823843283,-75,-65,-10,-0.71,-0.64,-0.06999999999999995
88,59,-40,95,58,-28,35.666666666666664,41.666666666666664,-6.0,54.7986212316413,51.52561391083942,3.273007320801881,-40,-28,-12,-0.56,-0.44,-0.12000000000000005
68,17,-80,75,15,-67,1.6666666666666667,7.666666666666667,-6.0,61.38584708401622,58.20271089524573,3.18313618877049,-80,-67,-13,-0.36,-0.19,-0.16999999999999998
67,51,-70,80,45,-59,16.0,22.0,-6.0,61.16098974564315,59.031065267930465,2.1299244777126844,-70,-59,-11,-0.67,-0.53,-0.14
51,45,-68,56,48,-58,9.333333333333334,15.333333333333334,-6.0,54.73775865179557,51.95724738239657,2.780511269399007,-68,-58,-10,-0.7,-0.69,-0.010000000000000009
53,50,-32,65,41,-17,23.666666666666668,29.666666666666668,-6.0,39.38132665222045,34.4222150491349,4.959111603085553,-32,-17,-15,-0.7,-0.46,-0.23999999999999994
80,19,-54,79,24,-40,15.0,21.0,-6.0,54.77834121864833,48.62783839187864,6.150502826769689,-54,-40,-14,-0.11,-0.09,-0.020000000000000004
78,58,-16,83,59,-4,40.0,46.0,-6.0,40.431011200150145,36.68787265568828,3.743138544461864,-16,-4,-12,-0.58,-0.49,-0.08999999999999997
68,62,-88,86,47,-73,14.0,20.0,-6.0,72.16647421067486,67.66091929614909,4.505554914525774,-88,-73,-15,-0.7,-0.54,-0.15999999999999992
78,60,-83,92,53,-72,18.333333333333332,24.333333333333332,-6.0,72.02931501980441,69.95395310885266,2.075361910951756,-83,-72,-11,-0.67,-0.55,-0.12
83,6,-82,91,1,-67,2.3333333333333335,8.333333333333334,-6.0,67.41084647311753,64.71132478597201,2.69952168714552,-82,-67,-15,-0.08,0.17,-0.25
88,59,-94,95,58,-82,17.666666666666668,23.666666666666668,-6.0,79.84290130555684,76.22918659469539,3.6137147108614442,-94,-82,-12,-0.64,-0.58,-0.06000000000000005
78,18,-86,77,22,-71,3.3333333333333335,9.333333333333334,-6.0,67.75117875153335,61.081002684049714,6.670176067483631,-86,-71,-15,-0.31,-0.3,-0.010000000000000009
51,27,-45,58,25,-32,11.0,17.0,-6.0,40.792156108742276,37.17526059088221,3.6168955178600655,-45,-32,-13,-0.53,-0.31,-0.22000000000000003
80,34,-88,86,31,-73,8.666666666666666,14.666666666666666,-6.0,70.88645067210581,65.93094030035435,4.955510371751458,-88,-73,-15,-0.49,-0.36,-0.13
52,9,-58,56,10,-45,1.0,7.0,-6.0,45.2621990922521,41.28760911782937,3.9745899744227273,-58,-45,-13,-0.26,-0.11,-0.15000000000000002
41,20,-59,44,23,-47,0.6666666666666666,6.666666666666667,-6.0,43.05293898859351,38.90444133457716,4.148497654016353,-59,-47,-12,-0.58,-0.56,-0.019999999999999907
44,41,-21,53,38,-9,21.333333333333332,27.333333333333332,-6.0,29.959231558161758,26.411277052720408,3.54795450544135,-21,-9,-12,-0.7,-0.54,-0.15999999999999992
55,32,-13,58,35,-1,24.666666666666668,30.666666666666668,-6.0,28.241026106633512,24.280765135299085,3.960260971334428,-13,-1,-12,-0.37,-0.26,-0.10999999999999999
60,7,-56,66,6,-43,3.6666666666666665,9.666666666666666,-6.0,47.41542177627678,44.574531841499905,2.8408899347768752,-56,-43,-13,-0.11,0.12,-0.22999999999999998
75,62,-17,91,49,-2,40.0,46.0,-6.0,40.65300316909769,38.02630668366309,2.6266964854346,-17,-2,-15,-0.65,-0.12,-0.53
69,14,-80,76,12,-67,1.0,7.0,-6.0,61.51964455900787,58.48646567084274,3.033178888165132,-80,-67,-13,-0.31,-0.13,-0.18
80,65,-38,96,53,-24,35.666666666666664,41.666666666666664,-6.0,52.44891694676725,49.64093293061908,2.8079840161481684,-38,-24,-14,-0.66,-0.33,-0.33
77,76,-21,98,59,-7,44.0,50.0,-6.0,45.963753835676506,43.3358973600409,2.6278564756356033,-21,-7,-14,-0.71,-0.3,-0.41
71,62,-88,83,54,-74,15.0,21.0,-6.0,72.92461861401813,68.21045863111219,4.71415998290594,-88,-74,-14,-0.7,-0.61,-0.08999999999999997
41,21,-38,51,14,-23,8.0,14.0,-6.0,33.53605025441527,30.21037349432586,3.3256767600894115,-38,-23,-15,-0.52,0.0,-0.52
80,77,-83,85,75,-68,24.666666666666668,30.666666666666668,-6.0,76.14168080332581,69.88721072000385,6.254470083321962,-83,-68,-15,-0.71,-0.7,-0.010000000000000009
29,25,-47,36,26,-37,2.3333333333333335,8.333333333333334,-6.0,34.92213560989012,32.31442746239244,2.607708147497682,-47,-37,-10,-0.7,-0.66,-0.039999999999999925
70,58,-60,84,49,-47,22.666666666666668,28.666666666666668,-6.0,58.6590904198905,55.37949881399153,3.2795916058989647,-60,-47,-13,-0.68,-0.5,-0.18000000000000005
48,42,-20,63,30,-5,23.333333333333332,29.333333333333332,-6.0,30.739045022396006,27.764885897278397,2.974159125117609,-20,-5,-15,-0.69,-0.04,-0.6499999999999999
58,33,-23,64,30,-8,22.666666666666668,28.666666666666668,-6.0,33.86574801903671,29.408993333483707,4.456754685553001,-23,-8,-15,-0.43,-0.07,-0.36
67,35,-78,72,33,-63,8.0,14.0,-6.0,62.198606629623676,56.72741841473134,5.4711882148923365,-78,-63,-15,-0.57,-0.46,-0.10999999999999993
79,74,-28,84,72,-13,41.666666666666664,47.666666666666664,-6.0,49.30404536028346,43.176639774561224,6.1274055857222365,-28,-13,-15,-0.7,-0.67,-0.029999999999999916
56,39,-27,62,38,-14,22.666666666666668,28.666666666666668,-6.0,35.798820588890294,31.72100600898752,4.077814579902775,-27,-14,-13,-0.59,-0.42,-0.16999999999999998
74,48,-55,87,39,-41,22.333333333333332,28.333333333333332,-6.0,55.70358057512002,52.797306328595546,2.9062742465244753,-55,-41,-14,-0.59,-0.29,-0.3
68,62,-91,75,64,-82,13.0,19.0,-6.0,73.57988855658861,71.5588336033132,2.02105495327541,-91,-82,-9,-0.7,-0.69,-0.010000000000000009
86,3,-29,89,6,-17,20.0,26.0,-6.0,48.46304433964778,45.526549030940906,2.936495308706874,-29,-17,-12,0.48,0.57,-0.08999999999999997
76,68,-60,96,51,-45,28.0,34.0,-6.0,62.31104770958892,58.80476171195663,3.5062859976322898,-60,-45,-15,-0.7,-0.41,-0.29
60,31,-49,65,34,-39,14.0,20.0,-6.0,46.09410663703839,43.59663595584718,2.49747068119121,-49,-39,-10,-0.5,-0.45,-0.04999999999999999
73,68,-84,83,63,-71,19.0,25.0,-6.0,72.86059749045891,68.37153403768755,4.4890634527713615,-84,-71,-13,-0.7,-0.66,-0.039999999999999925
89,82,-39,97,81,-28,44.0,50.0,-6.0,58.75939641169459,55.53977553669682,3.2196208749977657,-39,-28,-11,-0.7,-0.66,-0.039999999999999925
52,31,-20,58,32,-9,21.0,27.0,-6.0,30.23243291566195,27.58018612458347,2.652246791078479,-20,-9,-11,-0.46,-0.27,-0.19
52,14,-16,53,17,-2,16.666666666666668,22.666666666666668,-6.0,27.824849006278942,22.808380526074668,5.016468480204274,-16,-2,-14,0.14,0.36,-0.21999999999999997
75,51,-60,81,49,-46,22.0,28.0,-6.0,58.80476171195663,53.932056021133356,4.872705690823274,-60,-46,-14,-0.62,-0.53,-0.08999999999999997
72,56,-27,82,51,-14,33.666666666666664,39.666666666666664,-6.0,43.39226761634945,40.00277768133386,3.3894899350155896,-27,-14,-13,-0.64,-0.4,-0.24
63,21,-83,75,13,-69,0.3333333333333333,6.333333333333333,-6.0,61.36955452194697,58.97645481225726,2.3930997096897073,-83,-69,-14,-0.47,-0.17,-0.29999999999999993
42,39,-25,45,40,-11,18.666666666666668,24.666666666666668,-6.0,30.90127649287144,25.30261295246446,5.598663540406978,-25,-11,-14,-0.7,-0.69,-0.010000000000000009
53,45,-74,64,39,-61,8.0,14.0,-6.0,58.07466458505522,54.00617248673217,4.068492098323048,-74,-61,-13,-0.7,-0.6,-0.09999999999999998
89,19,-80,95,17,-66,9.333333333333334,15.333333333333334,-6.0,69.33173075070958,65.73853934759697,3.5931914031126126,-80,-66,-14,-0.21,-0.04,-0.16999999999999998
66,36,-94,70,38,-82,2.6666666666666665,8.666666666666666,-6.0,69.44222218666553,65.42850211405492,4.01372007261061,-94,-82,-12,-0.61,-0.58,-0.030000000000000027
74,63,-64,84,59,-52,24.333333333333332,30.333333333333332,-6.0,62.622324737712795,59.10630724005312,3.516017497659675,-64,-52,-12,-0.69,-0.61,-0.07999999999999996
69,54,-58,72,55,-44,21.666666666666668,27.666666666666668,-6.0,56.66470584842816,51.14901975817545,5.515686090252714,-58,-44,-14,-0.67,-0.65,-0.020000000000000018
67,54,-91,76,49,-77,10.0,16.0,-6.0,71.6147098483731,66.6783323126786,4.93637753569449,-91,-77,-14,-0.69,-0.62,-0.06999999999999995
83,57,-20,94,50,-6,40.0,46.0,-6.0,43.734044709661454,40.92269134192748,2.8113533677339717,-20,-6,-14,-0.52,-0.15,-0.37
87,3,-65,91,5,-53,8.333333333333334,14.333333333333334,-6.0,62.16823054333209,59.157041470610714,3.011189072721379,-65,-53,-12,0.13,0.23,-0.1
76,30,-97,86,24,-83,3.0,9.0,-6.0,73.16192087873765,69.8044888718961,3.357432006841549,-97,-83,-14,-0.5,-0.31,-0.19
80,50,-22,90,45,-9,36.0,42.0,-6.0,42.80186911806539,40.47221268969612,2.329656428369269,-22,-9,-13,-0.46,-0.11,-0.35000000000000003
40,1,-16,44,2,-3,8.333333333333334,14.333333333333334,-6.0,23.442601296689656,21.076579946049648,2.3660213506400076,-16,-3,-13,0.44,0.68,-0.24000000000000005
77,60,-59,95,45,-44,26.0,32.0,-6.0,60.50344342817743,57.48623023530649,3.0172131928709334,-59,-44,-15,-0.67,-0.33,-0.34
37,36,-64,47,22,-51,3.0,6.0,-3.0,47.37791327893902,41.57723736212721,5.800675916811812,-64,-51,-13,-0.71,-0.52,-0.18999999999999995
83,78,-65,91,66,-52,32.0,35.0,-3.0,68.61972505531239,62.35917467916543,6.260550376146959,-65,-52,-13,-0.7,-0.62,-0.07999999999999996
46,36,-22,59,18,-8,20.0,23.0,-3.0,29.97776954122282,27.58018612458347,2.3975834166393497,-22,-8,-14,-0.65,0.27,-0.92
84,62,-97,92,49,-83,16.333333333333332,19.333333333333332,-3.0,80.64049162107636,74.45953412573988,6.180957495336486,-97,-83,-14,-0.67,-0.53,-0.14
83,53,-32,81,51,-19,34.666666666666664,37.666666666666664,-3.0,48.705463987341524,41.89935029992178,6.806113687419746,-32,-19,-13,-0.51,-0.45,-0.06
56,35,-22,59,26,-7,23.0,26.0,-3.0,32.95451410656816,26.94438717061496,6.010126935953203,-22,-7,-15,-0.5,0.0,-0.5
31,25,-54,43,10,-42,0.6666666666666666,3.6666666666666665,-3.0,38.73270223238009,34.988887124660344,3.7438151077197475,-54,-42,-12,-0.69,-0.27,-0.41999999999999993
52,21,-55,56,13,-42,6.0,9.0,-3.0,44.95182606598609,40.10818702792071,4.843639038065383,-55,-42,-13,-0.46,-0.15,-0.31000000000000005
65,31,-54,77,13,-39,14.0,17.0,-3.0,50.04664490919113,47.44119166575252,2.6054532434386104,-54,-39,-15,-0.47,0.13,-0.6
85,63,-62,84,60,-49,28.666666666666668,31.666666666666668,-3.0,64.73707507208593,57.87534497137409,6.8617301007118385,-62,-49,-13,-0.65,-0.62,-0.030000000000000027
65,62,-49,72,57,-42,26.0,29.0,-3.0,53.04714883949938,50.57667446560717,2.470474373892209,-49,-42,-7,-0.71,-0.66,-0.04999999999999993
92,90,-38,97,86,-30,48.0,51.0,-3.0,60.81666438293592,57.45142876088171,3.3652356220542075,-38,-30,-8,-0.71,-0.69,-0.020000000000000018
90,55,-32,97,44,-19,37.666666666666664,40.666666666666664,-3.0,51.29219130519663,47.41542177627678,3.8767695289198514,-32,-19,-13,-0.47,-0.11,-0.36
75,59,-21,84,47,-9,37.666666666666664,40.666666666666664,-3.0,41.994708661396324,38.23029630483598,3.7644123565603422,-21,-9,-12,-0.63,-0.24,-0.39
73,64,-63,80,57,-54,24.666666666666668,27.666666666666668,-3.0,62.09848808322327,58.50546033396275,3.5930277492605214,-63,-54,-9,-0.7,-0.63,-0.06999999999999995
75,70,-82,93,48,-69,21.0,24.0,-3.0,72.86059749045891,68.27884006044626,4.581757430012658,-82,-69,-13,-0.7,-0.48,-0.21999999999999997
85,50,-86,91,41,-74,16.333333333333332,19.333333333333332,-3.0,73.75786210447143,69.08127258687568,4.676589517595744,-86,-74,-12,-0.59,-0.44,-0.14999999999999997
75,41,-42,78,33,-28,24.666666666666668,27.666666666666668,-3.0,49.141518992486276,43.438334324521335,5.7031846679649405,-42,-28,-14,-0.46,-0.18,-0.28
65,40,-30,75,24,-15,25.0,28.0,-3.0,40.2077936060494,36.851051545376556,3.3567420606728433,-30,-15,-15,-0.51,0.16,-0.67
97,9,-28,94,8,-15,26.0,29.0,-3.0,52.42772803266099,46.91126375047539,5.516464282185595,-28,-15,-13,0.45,0.58,-0.12999999999999995
69,68,-33,78,54,-19,34.666666666666664,37.666666666666664,-3.0,47.84930047091133,41.24991582482994,6.59938464608139,-33,-19,-14,-0.71,-0.53,-0.17999999999999994
71,23,-93,76,14,-80,0.3333333333333333,3.3333333333333335,-3.0,68.8444300982698,64.1318087136866,4.712621384583201,-93,-80,-13,-0.46,-0.24,-0.22000000000000003
97,8,-70,90,9,-55,11.666666666666666,14.666666666666666,-3.0,68.22674614027031,59.33146064460425,8.895285495666059,-70,-55,-15,0.08,0.14,-0.06000000000000001
68,42,-59,83,23,-46,17.0,20.0,-3.0,54.77834121864833,52.706735812417755,2.0716054062305744,-59,-46,-13,-0.59,-0.09,-0.5
71,65,-26,79,53,-13,36.666666666666664,39.666666666666664,-3.0,44.37967502760194,38.724095283886946,5.655579743714995,-26,-13,-13,-0.7,-0.48,-0.21999999999999997
72,58,-55,91,33,-40,25.0,28.0,-3.0,56.85654462475421,53.59726361174297,3.2592810130112397,-55,-40,-15,-0.68,-0.14,-0.54
65,56,-63,81,38,-52,19.333333333333332,22.333333333333332,-3.0,58.3342857065113,55.41560149352246,2.9186842129888433,-63,-52,-11,-0.69,-0.4,-0.2899999999999999
50,45,-68,65,30,-59,9.0,12.0,-3.0,54.48547206977899,52.19833969262496,2.2871323771540304,-68,-59,-9,-0.7,-0.48,-0.21999999999999997
82,58,-24,91,46,-12,38.666666666666664,41.666666666666664,-3.0,45.382326466980025,42.16106682183879,3.221259645141238,-24,-12,-12,-0.56,-0.15,-0.41000000000000003
95,93,-48,99,86,-36,46.666666666666664,49.666666666666664,-3.0,66.94442139234273,60.80752877362765,6.1368926187150805,-48,-36,-12,-0.71,-0.68,-0.029999999999999916
89,51,-64,96,39,-50,25.333333333333332,28.333333333333332,-3.0,65.04528337157805,60.07957685899223,4.965706512585818,-64,-50,-14,-0.53,-0.26,-0.27
88,55,-57,98,39,-42,28.666666666666668,31.666666666666668,-3.0,62.055530687352025,57.38950736463553,4.666023322716498,-57,-42,-15,-0.56,-0.19,-0.37000000000000005
71,52,-98,75,44,-85,8.333333333333334,11.333333333333334,-3.0,75.58806490151441,69.28363603494134,6.304428866573076,-98,-85,-13,-0.67,-0.6,-0.07000000000000006
68,58,-24,67,53,-9,34.0,37.0,-3.0,41.21488404286329,33.0252428706689,8.189641172194392,-24,-9,-15,-0.68,-0.61,-0.07000000000000006
78,73,-23,83,62,-8,42.666666666666664,45.666666666666664,-3.0,46.4781908234628,38.90444133457716,7.573749488885646,-23,-8,-15,-0.7,-0.56,-0.1399999999999999
45,24,-31,48,17,-18,12.666666666666666,15.666666666666666,-3.0,32.04510709747884,26.96087700518826,5.084230092290582,-31,-18,-13,-0.49,-0.07,-0.42
92,2,-39,89,3,-28,18.333333333333332,21.333333333333332,-3.0,54.713394663058104,49.492984912566705,5.220409750491399,-39,-28,-11,0.42,0.5,-0.08000000000000002
78,23,-31,75,25,-21,23.333333333333332,26.333333333333332,-3.0,44.4996878890428,39.20317447463775,5.296513414405048,-31,-21,-10,0.01,0.05,-0.04
71,24,-43,73,21,-33,17.333333333333332,20.333333333333332,-3.0,46.77843757782235,43.27688631231328,3.5015512655090717,-43,-33,-10,-0.21,-0.02,-0.19
75,33,-60,76,30,-49,16.0,19.0,-3.0,56.40921910468182,51.62040940041707,4.78880970426475,-60,-49,-11,-0.42,-0.31,-0.10999999999999999
76,49,-20,85,36,-7,35.0,38.0,-3.0,40.422765862815474,37.58545818087983,2.8373076819356413,-20,-7,-13,-0.48,0.08,-0.5599999999999999
92,77,-62,91,75,-50,35.666666666666664,38.666666666666664,-3.0,69.33173075070958,63.03614483417871,6.295585916530875,-62,-50,-12,-0.68,-0.67,-0.010000000000000009
78,74,-34,82,71,-26,39.333333333333336,42.333333333333336,-3.0,51.88020388891659,48.52719741432519,3.353006474591403,-34,-26,-8,-0.7,-0.68,-0.019999999999999907
60,56,-58,68,43,-44,19.333333333333332,22.333333333333332,-3.0,54.70730197047638,48.00231475900117,6.704987211475206,-58,-44,-14,-0.7,-0.57,-0.13
74,51,-26,76,46,-14,33.0,36.0,-3.0,42.7629122799964,37.416573867739416,5.3463384122569835,-26,-14,-12,-0.56,-0.38,-0.18000000000000005
80,63,-95,98,41,-82,16.0,19.0,-3.0,78.79509290981683,75.11324783285569,3.681845076961139,-95,-82,-13,-0.68,-0.41,-0.2700000000000001
69,60,-93,92,34,-81,12.0,15.0,-3.0,74.3370701601832,71.89343966362068,2.4436304965625197,-93,-81,-12,-0.7,-0.38,-0.31999999999999995
47,34,-80,56,20,-66,0.3333333333333333,3.3333333333333335,-3.0,57.0516335339216,51.181593913784624,5.870039620136978,-80,-66,-14,-0.68,-0.45,-0.23000000000000004
37,10,-21,36,6,-7,8.666666666666666,11.666666666666666,-3.0,23.697163449568293,18.00617178142601,5.690991668142285,-21,-7,-14,-0.08,0.44,-0.52
58,53,-45,72,37,-34,22.0,25.0,-3.0,47.42010825237187,44.098374875574116,3.321733376797752,-45,-34,-11,-0.7,-0.39,-0.30999999999999994
91,44,-59,94,40,-49,25.333333333333332,28.333333333333332,-3.0,62.64361278073146,58.95949645495815,3.68411632577331,-59,-49,-10,-0.42,-0.29,-0.13
96,25,-88,98,17,-73,11.0,14.0,-3.0,75.76718726907227,69.8426803609369,5.9245069081353705,-88,-73,-15,-0.27,-0.06,-0.21000000000000002
72,68,-25,85,51,-12,38.333333333333336,41.333333333333336,-3.0,44.81319250201019,40.18568014714805,4.627512354862141,-25,-12,-13,-0.7,-0.35,-0.35
52,32,-29,55,31,-22,18.333333333333332,21.333333333333332,-3.0,34.451253807211266,32.1696889771861,2.281564830025168,-29,-22,-7,-0.53,-0.42,-0.11000000000000004
75,18,-23,77,17,-15,23.333333333333332,26.333333333333332,-3.0,40.18568014714805,38.134265722866914,2.051414424281134,-23,-15,-8,0.2,0.35,-0.14999999999999997
45,39,-80,65,17,-69,1.3333333333333333,4.333333333333333,-3.0,57.56349151637308,55.43364401596641,2.129847500406669,-80,-69,-11,-0.7,-0.33,-0.36999999999999994
79,31,-55,84,26,-46,18.333333333333332,21.333333333333332,-3.0,55.43364401596641,53.174764273624724,2.2588797423416835,-55,-46,-9,-0.33,-0.13,-0.2
78,51,-29,91,32,-14,33.333333333333336,36.333333333333336,-3.0,45.433712397538265,42.97544518546479,2.4582672120734728,-29,-14,-15,-0.52,0.15,-0.67
83,70,-54,93,55,-40,33.0,36.0,-3.0,61.746794788609606,55.93448548674303,5.812309301866577,-54,-40,-14,-0.68,-0.47,-0.21000000000000008
72,60,-68,83,48,-58,21.333333333333332,24.333333333333332,-3.0,63.35788997608919,59.9462722406953,3.4116177353938895,-68,-58,-10,-0.69,-0.53,-0.15999999999999992
87,56,-29,94,49,-20,38.0,41.0,-3.0,49.03740069239668,46.88283267892417,2.154568013472513,-29,-20,-9,-0.5,-0.25,-0.25
82,81,-20,85,72,-5,47.666666666666664,50.666666666666664,-3.0,47.84930047091133,39.71845358967989,8.130846881231442,-20,-5,-15,-0.71,-0.65,-0.05999999999999994
70,46,-52,69,45,-41,21.333333333333332,24.333333333333332,-3.0,52.77204647243547,47.22522866246623,5.546817809969241,-52,-41,-11,-0.6,-0.57,-0.030000000000000027
66,51,-93,68,48,-83,8.0,11.0,-3.0,71.6798437498297,66.9676538835479,4.712189866281804,-93,-83,-10,-0.68,-0.66,-0.020000000000000018
84,78,-29,88,73,-19,44.333333333333336,47.333333333333336,-3.0,51.91231924012728,47.302807057885644,4.609512182241637,-29,-19,-10,-0.7,-0.65,-0.04999999999999993
71,53,-45,75,50,-37,26.333333333333332,29.333333333333332,-3.0,50.97275960964074,48.00231475900117,2.9704448506395664,-45,-37,-8,-0.64,-0.57,-0.07000000000000006
63,50,-33,68,47,-26,26.666666666666668,29.666666666666668,-3.0,42.52319628417204,40.28509512076258,2.2381011634094605,-33,-26,-7,-0.66,-0.57,-0.09000000000000008
57,56,-92,65,49,-84,7.0,10.0,-3.0,70.00476174280338,66.78822251465199,3.2165392281513903,-92,-84,-8,-0.71,-0.68,-0.029999999999999916
70,69,-31,79,57,-19,36.0,39.0,-3.0,47.37791327893902,41.98412398355677,5.393789295382248,-31,-19,-12,-0.71,-0.56,-0.1499999999999999
81,56,-52,97,35,-38,28.333333333333332,31.333333333333332,-3.0,57.71385352659176,55.174470747096635,2.539382779495128,-52,-38,-14,-0.61,-0.1,-0.51
73,67,-81,79,61,-72,19.666666666666668,22.666666666666668,-3.0,71.2242156073964,67.34158365296209,3.8826319544343164,-81,-72,-9,-0.7,-0.67,-0.029999999999999916
48,25,-28,52,18,-16,15.0,18.0,-3.0,31.822423959633664,27.760883751542686,4.061540208090978,-28,-16,-12,-0.44,0.0,-0.44
93,87,-40,99,80,-30,46.666666666666664,49.666666666666664,-3.0,61.331521712375235,56.864361031805814,4.467160680569421,-40,-30,-10,-0.7,-0.65,-0.04999999999999993
93,6,-34,92,1,-19,21.666666666666668,24.666666666666668,-3.0,53.01781671182706,48.30688931773144,4.71092739409562,-34,-19,-15,0.42,0.62,-0.2
85,43,-74,88,42,-67,18.0,21.0,-3.0,67.27555276621665,64.99743584685989,2.278116919356762,-74,-67,-7,-0.51,-0.45,-0.06
75,46,-36,83,35,-24,28.333333333333332,31.333333333333332,-3.0,47.00590979393501,43.75944342526409,3.246466368670923,-36,-24,-12,-0.51,-0.13,-0.38
81,78,-44,94,63,-33,38.333333333333336,41.333333333333336,-3.0,58.23133940490197,54.06374837993467,4.167591024967301,-44,-33,-11,-0.71,-0.54,-0.16999999999999993
90,52,-23,93,45,-10,39.666666666666664,42.666666666666664,-3.0,46.949145063805176,42.08193066969348,4.8672143941116985,-23,-10,-13,-0.38,-0.08,-0.3
84,59,-56,87,54,-45,29.0,32.0,-3.0,60.964470527239605,56.089214649520635,4.8752558777189705,-56,-45,-11,-0.62,-0.53,-0.08999999999999997
88,8,-62,83,10,-50,11.333333333333334,14.333333333333334,-3.0,61.28258770283412,54.3834125037732,6.89917519906092,-62,-50,-12,0.08,0.12,-0.039999999999999994
57,40,-94,70,21,-79,1.0,4.0,-3.0,67.53270812477956,62.005376111000785,5.527332013778775,-94,-79,-15,-0.67,-0.39,-0.28
77,20,-30,70,23,-17,22.333333333333332,25.333333333333332,-3.0,43.71371511195186,35.55590277608237,8.157812335869494,-30,-17,-13,0.08,0.1,-0.020000000000000004
60,41,-96,65,31,-82,1.6666666666666667,4.666666666666667,-3.0,69.49500381722096,62.83488061755368,6.660123199667282,-96,-82,-14,-0.67,-0.56,-0.10999999999999999
85,31,-13,81,32,-1,34.333333333333336,37.333333333333336,-3.0,40.07770230717103,33.68811198166037,6.38959032551066,-13,-1,-12,0.12,0.23,-0.11000000000000001
83,79,-38,99,58,-24,41.333333333333336,44.333333333333336,-3.0,56.12090123613088,51.13598428591053,4.984916950220345,-38,-24,-14,-0.7,-0.38,-0.31999999999999995
80,44,-62,91,27,-47,20.666666666666668,23.666666666666668,-3.0,60.273450945577096,56.387547876774676,3.8859030688024205,-62,-47,-15,-0.52,-0.09,-0.43000000000000005
95,28,-15,93,30,-6,36.0,39.0,-3.0,45.2621990922521,40.91454509095757,4.347654001294529,-15,-6,-9,0.26,0.32,-0.06
96,51,-60,97,53,-54,29.0,32.0,-3.0,65.55913361233506,63.40872705445731,2.1504065578777514,-60,-54,-6,-0.47,-0.46,-0.009999999999999953
64,6,-52,67,3,-43,6.0,9.0,-3.0,47.35680169380811,45.10727953076606,2.2495221630420517,-52,-43,-9,0.0,0.2,-0.2
53,33,-24,54,30,-13,20.666666666666668,23.666666666666668,-3.0,32.62241901242491,27.716822007983207,4.905597004441706,-24,-13,-11,-0.51,-0.33,-0.18
90,67,-15,91,64,-4,47.333333333333336,50.333333333333336,-3.0,45.065384597148274,39.96943276499625,5.095951832152025,-15,-4,-11,-0.57,-0.47,-0.09999999999999998
51,41,-86,56,32,-73,2.0,5.0,-3.0,62.35917467916543,56.01785429664367,6.341320382521758,-86,-73,-13,-0.69,-0.61,-0.07999999999999996
66,27,-67,65,26,-56,8.666666666666666,11.666666666666666,-3.0,55.82313339666829,50.42706504337615,5.3960683532921365,-67,-56,-11,-0.46,-0.4,-0.06
45,39,-69,51,34,-61,5.0,8.0,-3.0,52.38320341483518,49.28150430604434,3.1016991087908394,-69,-61,-8,-0.7,-0.64,-0.05999999999999994
68,50,-39,84,28,-24,26.333333333333332,29.333333333333332,-3.0,46.77843757782235,44.100894422776605,2.677543155045747,-39,-24,-15,-0.63,0.05,-0.68
68,65,-67,77,58,-60,22.0,25.0,-3.0,62.94441992742486,60.602530200204235,2.341889727220625,-67,-60,-7,-0.71,-0.66,-0.04999999999999993
77,35,-58,80,34,-51,18.0,21.0,-3.0,56.40921910468182,54.264782932088345,2.1444361725934726,-58,-51,-7,-0.42,-0.35,-0.07
78,19,-62,83,10,-49,11.666666666666666,14.666666666666666,-3.0,57.38950736463553,53.98971095392981,3.3997964107057186,-62,-49,-13,-0.19,0.13,-0.32
58,36,-89,59,29,-74,1.6666666666666667,4.666666666666667,-3.0,64.73707507208593,56.95807424959364,7.779000822492286,-89,-74,-15,-0.65,-0.56,-0.08999999999999997
72,56,-22,74,49,-8,35.333333333333336,38.333333333333336,-3.0,41.063636251825315,34.31552936434983,6.748106887475487,-22,-8,-14,-0.63,-0.44,-0.19
84,45,-31,74,43,-16,32.666666666666664,33.666666666666664,-1.0,47.75167245471327,37.33035702421764,10.421315430495632,-31,-16,-15,-0.37,-0.36,-0.010000000000000009
81,8,-35,75,6,-24,18.0,19.0,-1.0,47.88179890800539,41.44876355212541,6.43303535587998,-35,-24,-11,0.3,0.44,-0.14
70,61,-21,78,46,-11,36.666666666666664,37.666666666666664,-1.0,40.94169295745136,36.80881536926839,4.132877588182971,-21,-11,-10,-0.68,-0.33,-0.35000000000000003
83,74,-61,87,68,-56,32.0,33.0,-1.0,65.86349520030045,63.40872705445731,2.45476814584314,-61,-56,-5,-0.7,-0.66,-0.039999999999999925
85,70,-87,93,55,-77,22.666666666666668,23.666666666666668,-1.0,77.78745971484665,72.85297218065682,4.934487534189827,-87,-77,-10,-0.69,-0.57,-0.12
82,74,-71,84,63,-59,28.333333333333332,29.333333333333332,-1.0,70.31516352979791,63.04671989000609,7.268443639791826,-71,-59,-12,-0.7,-0.65,-0.04999999999999993
89,53,-35,94,37,-21,35.666666666666664,36.666666666666664,-1.0,52.085399958998956,46.949145063805176,5.13625489519378,-35,-21,-14,-0.46,-0.01,-0.45
68,64,-11,77,49,-2,40.333333333333336,41.333333333333336,-1.0,36.33486235314814,32.70406023042943,3.6308021227187126,-11,-2,-9,-0.7,-0.34,-0.35999999999999993
43,15,-17,41,11,-8,13.666666666666666,14.666666666666666,-1.0,24.513035081133648,20.171487027209693,4.341548053923955,-17,-8,-9,-0.08,0.27,-0.35000000000000003
72,63,-21,70,54,-7,38.0,39.0,-1.0,41.88078318274385,33.1762967593833,8.70448642336055,-21,-7,-14,-0.68,-0.59,-0.09000000000000008
99,37,-61,98,35,-55,25.0,26.0,-1.0,65.86855597830171,62.78534860936905,3.083207368932662,-61,-55,-6,-0.27,-0.21,-0.060000000000000026
67,63,-64,81,39,-51,22.0,23.0,-1.0,60.83310502240262,55.06359959174482,5.7695054306578015,-64,-51,-13,-0.7,-0.41,-0.29
66,64,-14,70,50,-1,38.666666666666664,39.666666666666664,-1.0,37.24990678586398,29.892399628593814,7.357507157270163,-14,-1,-13,-0.71,-0.48,-0.22999999999999998
66,53,-40,73,42,-33,26.333333333333332,27.333333333333332,-1.0,47.204048790566915,44.4996878890428,2.704360901524119,-40,-33,-7,-0.67,-0.46,-0.21000000000000002
82,80,-87,96,60,-78,25.0,26.0,-1.0,79.20016834998943,74.9933330370107,4.2068353129787255,-87,-78,-9,-0.71,-0.59,-0.12
66,61,-85,67,56,-78,14.0,15.0,-1.0,70.03332540060244,65.91408549518583,4.119239905416606,-85,-78,-7,-0.7,-0.69,-0.010000000000000009
96,88,-52,95,77,-37,44.0,45.0,-1.0,67.96077299933151,58.44655678480983,9.514216214521682,-52,-37,-15,-0.7,-0.66,-0.039999999999999925
74,71,-40,92,45,-29,35.0,36.0,-1.0,53.04714883949938,49.80629143659129,3.240857402908091,-40,-29,-11,-0.71,-0.27,-0.43999999999999995
37,36,-41,40,26,-31,10.666666666666666,11.666666666666666,-1.0,36.53613127971938,30.706495874470747,5.829635405248631,-41,-31,-10,-0.71,-0.6,-0.10999999999999999
77,43,-56,71,41,-45,21.333333333333332,22.333333333333332,-1.0,56.41709748727675,49.161864172230985,7.255233315045764,-56,-45,-11,-0.52,-0.51,-0.010000000000000009
66,20,-71,67,16,-65,5.0,6.0,-1.0,56.92685365156471,54.35071296680477,2.5761406847599417,-71,-65,-6,-0.38,-0.27,-0.10999999999999999
90,41,-46,95,24,-31,28.333333333333332,29.333333333333332,-1.0,56.239566933689034,51.577342139957366,4.662224793731667,-46,-31,-15,-0.33,0.15,-0.48
55,48,-50,63,37,-44,17.666666666666668,18.666666666666668,-1.0,47.93282336307299,45.56558155255151,2.3672418105214845,-50,-44,-6,-0.7,-0.54,-0.15999999999999992
62,29,-15,60,28,-9,25.333333333333332,26.333333333333332,-1.0,31.54185931248963,28.193773938387338,3.3480853741022933,-15,-9,-6,-0.17,-0.09,-0.08000000000000002
62,51,-23,64,44,-15,30.0,31.0,-1.0,37.74475681027322,33.53605025441527,4.208706555857951,-23,-15,-8,-0.66,-0.52,-0.14
83,80,-74,82,73,-63,29.666666666666668,30.666666666666668,-1.0,73.31363371767144,66.33417084898417,6.979462868687264,-74,-63,-11,-0.71,-0.7,-0.010000000000000009
60,50,-62,61,43,-53,16.0,17.0,-1.0,55.3052137385497,50.039984012787215,5.265229725762488,-62,-53,-9,-0.69,-0.64,-0.04999999999999993
67,31,-21,71,18,-9,25.666666666666668,26.666666666666668,-1.0,36.12324582438418,33.229839334884275,2.8934064894999025,-21,-9,-12,-0.22,0.37,-0.59
55,36,-59,53,28,-46,10.666666666666666,11.666666666666666,-1.0,49.86871653540814,42.0343774652235,7.83433907018464,-59,-46,-13,-0.63,-0.52,-0.10999999999999999
94,87,-22,95,75,-8,53.0,54.0,-1.0,53.10994884827763,44.594469014292194,8.515479833985438,-22,-8,-14,-0.7,-0.6,-0.09999999999999998
92,25,-9,90,22,-1,36.0,37.0,-1.0,41.960298696108765,38.63504454076204,3.3252541553467267,-9,-1,-8,0.38,0.52,-0.14
71,34,-33,70,27,-22,24.0,25.0,-1.0,43.04261454264444,37.58545818087983,5.457156361764611,-33,-22,-11,-0.34,-0.08,-0.26
60,35,-32,57,29,-20,21.0,22.0,-1.0,38.841558499456056,31.822423959633664,7.019134539822392,-32,-20,-12,-0.49,-0.32,-0.16999999999999998
91,85,-43,97,76,-37,44.333333333333336,45.333333333333336,-1.0,61.80255298574288,58.84631584805364,2.956237137689236,-43,-37,-6,-0.7,-0.64,-0.05999999999999994
88,60,-68,89,53,-59,26.666666666666668,27.666666666666668,-1.0,67.90843508398316,63.020278923181195,4.8881561608019695,-68,-59,-9,-0.62,-0.54,-0.07999999999999996
86,47,-40,87,42,-33,31.0,32.0,-1.0,52.66877632905477,49.49747468305833,3.1713016459964436,-40,-33,-7,-0.43,-0.29,-0.14
97,18,-19,88,16,-5,32.0,33.0,-1.0,48.38043681765044,39.824615503479755,8.555821314170686,-19,-5,-14,0.41,0.56,-0.15000000000000008
86,71,-74,87,68,-69,27.666666666666668,28.666666666666668,-1.0,72.14953607304454,69.49500381722096,2.6545322558235824,-74,-69,-5,-0.68,-0.67,-0.010000000000000009
96,31,-64,89,29,-52,21.0,22.0,-1.0,65.70134448142342,57.77542730261716,7.925917178806259,-64,-52,-12,-0.22,-0.18,-0.04000000000000001
98,40,-65,99,32,-55,24.333333333333332,25.333333333333332,-1.0,67.46027637720505,63.04671989000608,4.413556487198967,-65,-55,-10,-0.34,-0.16,-0.18000000000000002
69,48,-67,68,45,-60,16.666666666666668,17.666666666666668,-1.0,59.7792234438986,55.71554740126155,4.063676042637049,-67,-60,-7,-0.64,-0.62,-0.020000000000000018
74,62,-37,73,52,-23,33.0,34.0,-1.0,49.73932046178355,41.20679555607303,8.532524905710517,-37,-23,-14,-0.68,-0.57,-0.1100000000000001
84,81,-32,90,63,-17,44.333333333333336,45.333333333333336,-1.0,53.989710953929816,45.433712397538265,8.55599855639155,-32,-17,-15,-0.71,-0.52,-0.18999999999999995
65,63,-18,80,36,-3,36.666666666666664,37.666666666666664,-1.0,38.663792996664064,33.9050963065371,4.758696690126968,-18,-3,-15,-0.71,0.07,-0.78
56,44,-51,64,30,-42,16.333333333333332,17.333333333333332,-1.0,47.86323107447813,44.19150245113747,3.6717286233406625,-51,-42,-9,-0.67,-0.41,-0.26000000000000006
97,79,-38,99,68,-26,46.0,47.0,-1.0,59.84981202978001,53.147593234940246,6.702218794839766,-38,-26,-12,-0.66,-0.53,-0.13
81,50,-88,80,45,-79,14.333333333333334,15.333333333333334,-1.0,73.45898326428308,68.21697410143281,5.242009162850266,-88,-79,-9,-0.61,-0.57,-0.040000000000000036
71,62,-97,76,51,-88,12.0,13.0,-1.0,77.1621668954417,72.1433757642839,5.018791131157798,-97,-88,-9,-0.7,-0.64,-0.05999999999999994
87,49,-25,91,33,-10,37.0,38.0,-1.0,46.50448007092076,41.38437708443449,5.120102986486273,-25,-10,-15,-0.37,0.18,-0.55
79,75,-24,86,58,-11,43.333333333333336,44.333333333333336,-1.0,47.6398525979621,40.762182909598394,6.877669688363703,-24,-11,-13,-0.7,-0.47,-0.22999999999999998
86,2,-43,85,1,-38,15.0,16.0,-1.0,53.46026561849464,51.32250968142536,2.1377559370692794,-43,-38,-5,0.35,0.41,-0.06
94,61,-67,88,57,-54,29.333333333333332,30.333333333333332,-1.0,69.43742186714276,60.960825307915755,8.476596559227005,-67,-54,-13,-0.59,-0.57,-0.020000000000000018
72,55,-56,79,44,-49,23.666666666666668,24.666666666666668,-1.0,56.75874871379351,54.01440137181523,2.7443473419782762,-56,-49,-7,-0.66,-0.49,-0.17000000000000004
63,51,-83,60,43,-69,10.333333333333334,11.333333333333334,-1.0,66.17821057988463,57.22664492077872,8.951565659105917,-83,-69,-14,-0.69,-0.66,-0.029999999999999916
52,27,-17,45,25,-5,20.666666666666668,21.666666666666668,-1.0,28.522895287041877,20.548046676563253,7.974848610478624,-17,-5,-12,-0.32,-0.24,-0.08000000000000002
76,66,-82,72,59,-68,20.0,21.0,-1.0,72.24033960791344,63.15589178110516,9.08444782680828,-82,-68,-14,-0.7,-0.68,-0.019999999999999907
93,83,-64,94,75,-54,37.333333333333336,38.333333333333336,-1.0,71.76969338717346,65.7486797501584,6.021013637015059,-64,-54,-10,-0.7,-0.66,-0.039999999999999925
88,61,-13,92,49,-2,45.333333333333336,46.333333333333336,-1.0,42.69530289023476,38.42163742245016,4.273665467784596,-13,-2,-11,-0.5,-0.1,-0.4
77,44,-81,78,39,-74,13.333333333333334,14.333333333333334,-1.0,68.05063474273321,64.45842760174102,3.592207140992187,-81,-74,-7,-0.58,-0.52,-0.05999999999999994
75,23,-26,72,16,-13,24.0,25.0,-1.0,41.23913998456644,35.27983371087039,5.9593062736960505,-26,-13,-13,0.04,0.37,-0.33
81,5,-44,71,7,-33,14.0,15.0,-1.0,51.4263227021597,42.833009077890694,8.593313624269008,-44,-33,-11,0.26,0.27,-0.010000000000000009
77,42,-34,82,28,-22,28.333333333333332,29.333333333333332,-1.0,46.33453235858639,42.4682888230213,3.86624353556509,-34,-22,-12,-0.42,0.05,-0.47
94,32,-27,95,26,-19,33.0,34.0,-1.0,49.4031038161234,46.88283267892417,2.520271137199231,-27,-19,-8,0.03,0.25,-0.22
91,64,-90,88,56,-76,21.666666666666668,22.666666666666668,-1.0,79.72591938775132,70.98043548909955,8.74548389865177,-90,-76,-14,-0.65,-0.6,-0.050000000000000044
77,72,-91,88,51,-78,19.333333333333332,20.333333333333332,-1.0,78.04414705081277,71.15398013385399,6.890166916958776,-91,-78,-13,-0.7,-0.57,-0.13
97,94,-67,96,85,-54,41.333333333333336,42.333333333333336,-1.0,76.61302471222211,68.26582030725349,8.347204404968622,-67,-54,-13,-0.71,-0.69,-0.020000000000000018
72,51,-56,76,38,-44,22.333333333333332,23.333333333333332,-1.0,56.049581225514565,50.075498555237125,5.97408267027744,-56,-44,-12,-0.63,-0.41,-0.22000000000000003
40,32,-57,43,24,-49,5.0,6.0,-1.0,43.96210489349511,39.65686153324121,4.305243360253897,-57,-49,-8,-0.69,-0.59,-0.09999999999999998
61,53,-52,63,44,-42,20.666666666666668,21.666666666666668,-1.0,51.48678363317026,45.68247901426639,5.8043046189038705,-52,-42,-10,-0.69,-0.62,-0.06999999999999995
98,57,-94,97,56,-89,20.333333333333332,21.333333333333332,-1.0,82.56041558896261,79.79278719839839,2.7676283905642265,-94,-89,-5,-0.58,-0.57,-0.010000000000000009
82,20,-68,75,17,-55,11.333333333333334,12.333333333333334,-1.0,61.543119481836115,53.17476427362471,8.368355208211405,-68,-55,-13,-0.21,-0.13,-0.07999999999999999
89,12,-84,87,10,-77,5.666666666666667,6.666666666666667,-1.0,70.76879412722971,66.99419543678559,3.7745986904441224,-84,-77,-7,-0.13,-0.07,-0.06
68,18,-78,66,17,-72,2.6666666666666665,3.6666666666666665,-1.0,60.58235900179377,57.12170243339119,3.4606565684025767,-78,-72,-6,-0.36,-0.34,-0.019999999999999962
98,86,-70,94,80,-57,38.0,39.0,-1.0,76.52450587883597,68.12243878977519,8.402067089060779,-70,-57,-13,-0.69,-0.68,-0.009999999999999898
92,66,-68,98,57,-62,30.0,31.0,-1.0,70.10468362860406,67.85769423334885,2.2469893952552127,-68,-62,-6,-0.63,-0.52,-0.10999999999999999
98,47,-26,99,36,-13,39.666666666666664,40.666666666666664,-1.0,50.88767587103537,45.84272631023983,5.044949560795537,-26,-13,-13,-0.21,0.15,-0.36
92,69,-94,89,61,-80,22.333333333333332,23.333333333333332,-1.0,82.79425637620577,73.9564436378302,8.837812738375561,-94,-80,-14,-0.67,-0.63,-0.040000000000000036
95,41,-73,89,40,-63,21.0,22.0,-1.0,70.02856560004639,63.34561284466878,6.682952755377613,-73,-63,-10,-0.41,-0.4,-0.009999999999999953
57,50,-62,66,35,-53,15.0,16.0,-1.0,54.5221667458903,50.40502620440412,4.1171405414861795,-62,-53,-9,-0.7,-0.51,-0.18999999999999995
92,83,-51,88,75,-36,41.333333333333336,42.333333333333336,-1.0,65.39283005209533,55.643707840349954,9.74912221174538,-51,-36,-15,-0.7,-0.68,-0.019999999999999907
82,57,-23,90,38,-9,38.666666666666664,39.666666666666664,-1.0,44.78342947514801,40.43375927228247,4.349670202865539,-23,-9,-14,-0.55,0.06,-0.6100000000000001
75,74,-70,72,66,-56,26.333333333333332,27.333333333333332,-1.0,68.11917661145223,58.97645481225726,9.142721799194973,-70,-56,-14,-0.71,-0.7,-0.010000000000000009
30,4,-19,23,3,-8,5.0,6.0,-1.0,20.016659728003237,12.832251036613439,7.184408691389798,-19,-8,-11,0.07,0.34,-0.27
87,86,-33,98,72,-27,46.666666666666664,47.666666666666664,-1.0,56.33431951799503,53.85371131335539,2.480608204639637,-33,-27,-6,-0.71,-0.59,-0.12
47,23,-36,39,20,-22,11.333333333333334,12.333333333333334,-1.0,34.87437773240151,25.48637980482037,9.387997927581143,-36,-22,-14,-0.46,-0.42,-0.040000000000000036
94,76,-77,98,60,-62,31.0,32.0,-1.0,76.72027111526653,68.2544259859144,8.465845129352132,-77,-62,-15,-0.68,-0.55,-0.13
96,10,-45,87,7,-30,20.333333333333332,21.333333333333332,-1.0,58.02489887013065,48.82849805413046,9.196400816000185,-45,-30,-15,0.26,0.42,-0.15999999999999998
79,73,-19,81,59,-4,44.333333333333336,45.333333333333336,-1.0,44.850368510811094,36.02159845919605,8.828770051615045,-19,-4,-15,-0.7,-0.51,-0.18999999999999995
66,65,-21,67,62,-16,36.666666666666664,37.666666666666664,-1.0,40.778534658431376,38.002923864121584,2.7756107943097916,-21,-16,-5,-0.71,-0.7,-0.010000000000000009
90,78,-67,98,58,-52,33.666666666666664,34.666666666666664,-1.0,71.35046523246284,63.42099196813482,7.929473264328017,-67,-52,-15,-0.69,-0.5,-0.18999999999999995
82,57,-56,83,51,-48,27.666666666666668,28.666666666666668,-1.0,60.035174874586836,55.76338902501851,4.2717858495683245,-56,-48,-8,-0.62,-0.54,-0.07999999999999996
95,75,-28,96,64,-15,47.333333333333336,48.333333333333336,-1.0,53.89083616183945,46.64999702274612,7.240839139093332,-28,-15,-13,-0.63,-0.47,-0.16000000000000003
58,39,-65,55,32,-52,10.666666666666666,11.666666666666666,-1.0,54.06374837993467,45.98792111945146,8.075827260483216,-65,-52,-13,-0.64,-0.58,-0.06000000000000005
95,54,-51,96,49,-44,32.666666666666664,33.666666666666664,-1.0,61.4835117915545,58.17406829698454,3.309443494569962,-51,-44,-7,-0.48,-0.38,-0.09999999999999998
58,51,-88,61,46,-83,7.0,8.0,-1.0,67.23590310739246,64.63745044476924,2.5984526626232167,-88,-83,-5,-0.7,-0.68,-0.019999999999999907
62,11,-66,52,9,-51,2.3333333333333335,3.3333333333333335,-1.0,52.613897614814874,42.24005471376928,10.373842901045592,-66,-51,-15,-0.24,-0.2,-0.03999999999999998
74,43,-98,67,39,-84,6.333333333333333,7.333333333333333,-1.0,74.85244744755437,65.5862451704285,9.26620227712587,-98,-84,-14,-0.62,-0.61,-0.010000000000000009
83,48,-45,84,38,-33,28.666666666666668,29.666666666666668,-1.0,54.01440137181523,48.12714641678044,5.887254955034791,-45,-33,-12,-0.49,-0.25,-0.24
80,76,-96,81,70,-88,20.0,21.0,-1.0,82.04064033554752,77.20535387307454,4.835286462472979,-96,-88,-8,-0.71,-0.7,-0.010000000000000009
71,26,-48,68,25,-41,16.333333333333332,17.333333333333332,-1.0,49.0600539022216,44.82806660514767,4.231987297073928,-48,-41,-7,-0.29,-0.25,-0.03999999999999998
82,65,-29,77,59,-18,39.333333333333336,39.333333333333336,0.0,48.8148429157453,41.20140234938072,7.613440566364581,-29,-18,-11,-0.64,-0.61,-0.030000000000000027
87,73,-54,80,66,-40,35.333333333333336,35.333333333333336,0.0,63.426247633679935,53.57445494097185,9.851792692708088,-54,-40,-14,-0.68,-0.67,-0.010000000000000009
92,26,-18,86,17,-3,33.333333333333336,33.333333333333336,0.0,45.20570268843916,38.12552367582058,7.080179012618579,-18,-3,-15,0.24,0.56,-0.32000000000000006
75,53,-18,77,46,-13,36.666666666666664,36.666666666666664,0.0,39.684869772860395,37.33035702421764,2.3545127486427546,-18,-13,-5,-0.55,-0.36,-0.19000000000000006
92,20,-19,87,17,-11,31.0,31.0,0.0,45.9782557302906,41.21488404286329,4.763371687427309,-19,-11,-8,0.35,0.47,-0.12
65,35,-34,61,27,-22,22.0,22.0,0.0,41.44876355212541,34.068558329736625,7.380205222388788,-34,-22,-12,-0.44,-0.22,-0.22
70,64,-47,73,56,-42,29.0,29.0,0.0,53.79591062525106,50.68201521907615,3.113895406174912,-47,-42,-5,-0.7,-0.65,-0.04999999999999993
89,82,-55,98,59,-41,38.666666666666664,38.666666666666664,0.0,66.2939581627835,58.53963519606941,7.754322966714085,-55,-41,-14,-0.7,-0.48,-0.21999999999999997
40,14,-26,34,12,-18,9.333333333333334,9.333333333333334,0.0,27.145697428669777,21.312489817527705,5.833207611142072,-26,-18,-8,-0.25,-0.19,-0.06
43,42,-17,47,32,-11,22.666666666666668,22.666666666666668,0.0,28.051539866625664,24.580932086115496,3.470607780510168,-17,-11,-6,-0.71,-0.51,-0.19999999999999996
79,27,-34,70,26,-24,24.0,24.0,0.0,46.180804092898455,38.40138886377245,7.779415229126002,-34,-24,-10,-0.1,-0.08,-0.020000000000000004
89,83,-40,98,60,-26,44.0,44.0,0.0,59.447455790807396,51.87163643713842,7.575819353668976,-40,-26,-14,-0.7,-0.43,-0.26999999999999996
99,82,-17,95,77,-8,54.666666666666664,54.666666666666664,0.0,51.14901975817544,44.917207788948275,6.2318119692271665,-17,-8,-9,-0.65,-0.62,-0.030000000000000027
74,69,-25,82,49,-13,39.333333333333336,39.333333333333336,0.0,45.53631029799797,39.38132665222045,6.15498364577752,-25,-13,-12,-0.7,-0.35,-0.35
77,61,-43,72,53,-30,31.666666666666668,31.666666666666668,0.0,53.19983291536001,44.28945196720722,8.910380948152792,-43,-30,-13,-0.66,-0.61,-0.050000000000000044
59,54,-41,56,43,-27,24.0,24.0,0.0,46.007245806140865,36.45088019056147,9.556365615579395,-41,-27,-14,-0.7,-0.64,-0.05999999999999994
91,56,-36,87,45,-21,37.0,37.0,0.0,53.559935275041795,44.45222154178574,9.107713733256055,-36,-21,-15,-0.49,-0.26,-0.22999999999999998
71,39,-25,77,19,-11,28.333333333333332,28.333333333333332,0.0,39.911012125588705,36.52700675147393,3.3840053741147784,-25,-11,-14,-0.38,0.37,-0.75
77,35,-33,68,31,-20,26.333333333333332,26.333333333333332,0.0,45.32352835142275,36.077077979730504,9.246450371692248,-33,-20,-13,-0.28,-0.19,-0.09000000000000002
60,35,-13,58,25,-1,27.333333333333332,27.333333333333332,0.0,30.291179500896884,24.143091949642425,6.148087551254459,-13,-1,-12,-0.36,0.14,-0.5
92,87,-62,96,68,-47,39.0,39.0,0.0,71.44695001654492,61.87622052668267,9.570729489862245,-62,-47,-15,-0.7,-0.6,-0.09999999999999998
45,11,-20,41,9,-14,12.0,12.0,0.0,26.54555832275273,22.55363976538303,3.9919185573697007,-20,-14,-6,0.06,0.2,-0.14
48,35,-29,49,30,-25,18.0,18.0,0.0,33.65511352924941,31.379398762032817,2.275714767216595,-29,-25,-4,-0.63,-0.52,-0.10999999999999999
55,46,-12,51,43,-5,29.666666666666668,29.666666666666668,0.0,29.69100125552447,24.72964932132188,4.96135193420259,-12,-5,-7,-0.66,-0.65,-0.010000000000000009
92,76,-16,99,57,-4,50.666666666666664,50.666666666666664,0.0,47.59084879353266,42.28737662970148,5.303472163831181,-16,-4,-12,-0.65,-0.22,-0.43000000000000005
67,16,-14,66,5,-2,23.0,23.0,0.0,33.436506994600975,30.539591789456953,2.8969152051440226,-14,-2,-12,0.3,0.68,-0.38000000000000006
80,77,-27,92,56,-18,43.333333333333336,43.333333333333336,0.0,49.74825513411389,45.79179936286506,3.9564557712488266,-27,-18,-9,-0.71,-0.39,-0.31999999999999995
47,45,-14,46,38,-6,26.0,26.0,0.0,28.296053906272277,22.861904265976328,5.434149640295949,-14,-6,-8,-0.7,-0.64,-0.05999999999999994
81,74,-46,82,61,-34,36.333333333333336,36.333333333333336,0.0,58.2885542414251,50.46671070011289,7.821843541312212,-46,-34,-12,-0.7,-0.62,-0.07999999999999996
71,34,-39,61,31,-26,22.0,22.0,0.0,45.70193285482209,36.08323710533743,9.618695749484658,-39,-26,-13,-0.38,-0.36,-0.020000000000000018
80,73,-34,85,63,-29,39.666666666666664,39.666666666666664,0.0,52.16853031814827,49.378357832376544,2.790172485771727,-34,-29,-5,-0.7,-0.6,-0.09999999999999998
53,49,-15,61,28,-2,29.0,29.0,0.0,31.15552385479446,25.729360660537214,5.426163194257246,-15,-2,-13,-0.7,0.06,-0.76
98,30,-55,92,29,-48,24.333333333333332,24.333333333333332,0.0,62.59037909739448,57.24993934979805,5.3404397475964345,-55,-48,-7,-0.14,-0.12,-0.020000000000000018
86,17,-46,82,16,-41,19.0,19.0,0.0,53.907327887774215,50.25932749251625,3.6480003952579665,-46,-41,-5,0.06,0.09,-0.03
74,37,-12,71,32,-4,33.0,33.0,0.0,35.223098481914775,30.62678566222711,4.596312819687665,-12,-4,-8,-0.17,0.05,-0.22000000000000003
87,59,-19,77,55,-5,42.333333333333336,42.333333333333336,0.0,44.850368510811094,34.65384378231207,10.196524728499021,-19,-5,-14,-0.51,-0.5,-0.010000000000000009
83,33,-41,80,23,-28,25.0,25.0,0.0,50.93787065304817,44.11349000022555,6.824380652822619,-41,-28,-13,-0.23,0.07,-0.30000000000000004
96,39,-25,94,37,-21,36.666666666666664,36.666666666666664,0.0,49.42558941367203,46.949145063805176,2.4764443498668527,-25,-21,-4,-0.07,-0.01,-0.060000000000000005
85,68,-25,86,62,-20,42.666666666666664,42.666666666666664,0.0,48.3482735529983,45.382326466980025,2.965947086018275,-25,-20,-5,-0.64,-0.56,-0.07999999999999996
69,41,-45,62,33,-30,21.666666666666668,21.666666666666668,0.0,48.50658603621666,38.4042821686448,10.102303867571862,-45,-30,-15,-0.53,-0.42,-0.11000000000000004
86,74,-46,81,69,-36,38.0,38.0,0.0,59.59865770300536,52.55473337388365,7.043924329121708,-46,-36,-10,-0.69,-0.68,-0.009999999999999898
68,64,-28,74,47,-17,34.666666666666664,34.666666666666664,0.0,44.34210439550904,38.16047984790315,6.181624547605892,-28,-17,-11,-0.7,-0.45,-0.24999999999999994
80,61,-49,77,57,-42,30.666666666666668,30.666666666666668,0.0,56.86436103180582,52.027770362460174,4.836590669345647,-49,-42,-7,-0.65,-0.63,-0.020000000000000018
88,36,-44,85,34,-39,26.666666666666668,26.666666666666668,0.0,54.291394857339554,50.88767587103537,3.4037189863041846,-44,-39,-5,-0.25,-0.21,-0.04000000000000001
87,67,-40,97,42,-25,38.0,38.0,0.0,55.75541827182957,49.88653793025396,5.868880341575611,-40,-25,-15,-0.64,-0.12,-0.52
77,56,-14,73,48,-2,39.666666666666664,39.666666666666664,0.0,38.90444133457716,31.18047822311618,7.723963111460979,-14,-2,-12,-0.56,-0.38,-0.18000000000000005
81,74,-59,80,62,-46,32.0,32.0,0.0,64.41014412859722,55.641710972974224,8.768433155623,-59,-46,-13,-0.7,-0.65,-0.04999999999999993
83,9,-43,72,7,-30,16.333333333333332,16.333333333333332,0.0,51.699989254243455,42.16106682183879,9.538922432404668,-43,-30,-13,0.21,0.32,-0.11000000000000001
98,20,-39,94,17,-32,26.333333333333332,26.333333333333332,0.0,56.10902086315731,51.86092513208336,4.248095731073953,-39,-32,-7,0.17,0.26,-0.09
63,53,-31,66,43,-24,28.333333333333332,28.333333333333332,0.0,42.153159892099296,38.177945931591914,3.975213960507382,-31,-24,-7,-0.68,-0.52,-0.16000000000000003
53,38,-39,47,32,-27,17.333333333333332,17.333333333333332,0.0,40.301640440833445,31.94091767971331,8.360722761120137,-39,-27,-12,-0.63,-0.59,-0.040000000000000036
90,88,-45,96,76,-39,44.333333333333336,44.333333333333336,0.0,63.17348248188388,59.488560991915826,3.6849214899680547,-45,-39,-6,-0.71,-0.65,-0.05999999999999994
90,89,-61,92,74,-48,39.333333333333336,39.333333333333336,0.0,70.9475549653091,62.18967402676714,8.757880938541952,-61,-48,-13,-0.71,-0.66,-0.04999999999999993
61,44,-23,56,41,-15,27.333333333333332,27.333333333333332,0.0,36.261396675926434,30.554141381415963,5.707255294510471,-23,-15,-8,-0.59,-0.58,-0.010000000000000009
81,71,-48,78,67,-41,34.666666666666664,34.666666666666664,0.0,58.59654900722017,53.69254034676408,4.9040086604560855,-48,-41,-7,-0.69,-0.68,-0.009999999999999898
87,4,-34,76,5,-24,19.0,19.0,0.0,50.52392172690741,42.00793575821915,8.515985968688263,-34,-24,-10,0.42,0.46,-0.040000000000000036
97,75,-31,93,68,-20,47.0,47.0,0.0,55.88082557252234,48.46304433964778,7.41778123287456,-31,-20,-11,-0.63,-0.57,-0.06000000000000005
96,86,-53,91,76,-38,43.0,43.0,0.0,68.00490178411161,57.60208329565867,10.402818488452937,-53,-38,-15,-0.7,-0.67,-0.029999999999999916
66,53,-42,67,47,-37,25.666666666666668,25.666666666666668,0.0,48.14099661988268,45.057987329908805,3.083009289973873,-42,-37,-5,-0.67,-0.6,-0.07000000000000006
53,23,-17,52,12,-5,19.666666666666668,19.666666666666668,0.0,28.674417556808756,23.893281249943232,4.781136306865523,-17,-5,-12,-0.17,0.45,-0.62
74,35,-13,75,27,-6,32.0,32.0,0.0,35.58089374931439,33.25657829663178,2.3243154526826117,-13,-6,-7,-0.13,0.22,-0.35
98,81,-37,97,69,-24,47.333333333333336,47.333333333333336,0.0,60.035174874586836,51.71932800113405,8.315846873452784,-37,-24,-13,-0.66,-0.55,-0.10999999999999999
37,27,-14,33,24,-7,16.666666666666668,16.666666666666668,0.0,22.065558884580486,17.133463034528532,4.9320958500519545,-14,-7,-7,-0.6,-0.56,-0.039999999999999925
75,56,-40,78,43,-30,30.333333333333332,30.333333333333332,0.0,50.33443707399096,44.991357194712656,5.3430798792783065,-40,-30,-10,-0.63,-0.4,-0.22999999999999998
77,32,-22,80,19,-12,29.0,29.0,0.0,40.47221268969612,38.21866908549625,2.2535436041998693,-22,-12,-10,-0.11,0.37,-0.48
84,80,-24,81,73,-14,46.666666666666664,46.666666666666664,0.0,49.99555535800713,43.0219582177391,6.9735971402680335,-24,-14,-10,-0.7,-0.69,-0.010000000000000009
94,35,-53,88,34,-46,25.333333333333332,25.333333333333332,0.0,60.40051508242477,55.04745427558137,5.353060806843395,-53,-46,-7,-0.24,-0.23,-0.009999999999999981
86,67,-20,98,40,-5,44.333333333333336,44.333333333333336,0.0,46.14710777021195,42.16106682183879,3.986040948373166,-20,-5,-15,-0.62,0.15,-0.77
91,67,-58,93,59,-52,33.333333333333336,33.333333333333336,0.0,65.32142748661337,61.9157133170212,3.405714169592173,-58,-52,-6,-0.64,-0.55,-0.08999999999999997
89,77,-68,91,71,-64,32.666666666666664,32.666666666666664,0.0,71.35046523246284,68.8395880935446,2.5108771389182323,-68,-64,-4,-0.69,-0.66,-0.029999999999999916
98,90,-27,94,82,-15,53.666666666666664,53.666666666666664,0.0,57.133372228691535,48.80118395649387,8.332188272197662,-27,-15,-12,-0.7,-0.68,-0.019999999999999907
44,42,-27,43,32,-16,19.666666666666668,19.666666666666668,0.0,33.00841643513902,25.61683474245447,7.39158169268455,-27,-16,-11,-0.71,-0.61,-0.09999999999999998
75,20,-28,68,15,-16,22.333333333333332,22.333333333333332,0.0,42.08193066969348,34.682688605252174,7.399242064441303,-28,-16,-12,0.08,0.31,-0.22999999999999998
52,23,-16,41,20,-2,19.666666666666668,19.666666666666668,0.0,27.860764925289153,17.55625877635159,10.304506148937563,-16,-2,-14,-0.18,-0.03,-0.15
53,52,-15,49,42,-1,30.0,30.0,0.0,31.822423959633664,22.105806175452337,9.716617784181327,-15,-1,-14,-0.71,-0.65,-0.05999999999999994
88,71,-29,89,62,-21,43.333333333333336,43.333333333333336,0.0,51.61610429141493,46.80693206020759,4.809172231207334,-29,-21,-8,-0.65,-0.53,-0.12
78,64,-50,80,54,-42,30.666666666666668,30.666666666666668,0.0,57.3255808712151,52.46797965320267,4.857601218012434,-50,-42,-8,-0.68,-0.58,-0.10000000000000009
69,51,-47,67,42,-36,24.333333333333332,24.333333333333332,0.0,50.97275960964074,43.86595744107522,7.1068021685655225,-47,-36,-11,-0.64,-0.54,-0.09999999999999998
91,84,-28,92,71,-16,49.0,49.0,0.0,54.5221667458903,46.75467891024384,7.767487835646463,-28,-16,-12,-0.7,-0.6,-0.09999999999999998
98,94,-84,99,85,-76,36.0,36.0,0.0,84.86852577172922,79.40193112680993,5.466594644919297,-84,-76,-8,-0.71,-0.69,-0.020000000000000018
79,77,-48,85,56,-33,36.0,36.0,0.0,59.40258131316068,50.20624131187941,9.196340001281271,-48,-33,-15,-0.71,-0.53,-0.17999999999999994
98,95,-38,99,81,-25,51.666666666666664,51.666666666666664,0.0,63.41573586701927,54.70730197047638,8.708433896542893,-38,-25,-13,-0.71,-0.65,-0.05999999999999994
82,75,-68,85,57,-53,29.666666666666668,29.666666666666668,0.0,69.11986368299316,59.56135958451214,9.558504098481016,-68,-53,-15,-0.7,-0.59,-0.10999999999999999
95,68,-26,99,50,-12,45.666666666666664,45.666666666666664,0.0,51.86092513208336,45.419036635411906,6.441888496671453,-26,-12,-14,-0.57,-0.14,-0.42999999999999994
70,23,-44,67,22,-40,16.333333333333332,16.333333333333332,0.0,46.77843757782235,43.86595744107522,2.912480136747135,-44,-40,-4,-0.21,-0.19,-0.01999999999999999
82,77,-46,90,59,-36,37.666666666666664,37.666666666666664,0.0,59.19647136630883,53.6055552676731,5.590916098635731,-46,-36,-10,-0.7,-0.53,-0.16999999999999993
99,45,-27,97,38,-18,39.0,39.0,0.0,51.61395160225576,46.95387807909658,4.660073523159177,-27,-18,-9,-0.17,0.03,-0.2
63,36,-25,54,31,-11,24.666666666666668,24.666666666666668,0.0,36.80881536926839,26.911377189252548,9.89743818001584,-25,-11,-14,-0.43,-0.34,-0.08999999999999997
37,33,-13,40,18,-1,19.0,19.0,0.0,22.686266036231405,16.753109164172084,5.933156872059321,-13,-1,-12,-0.69,0.09,-0.7799999999999999
95,40,-15,96,25,-1,40.0,40.0,0.0,44.90731195102493,40.995934757810645,3.9113771932142853,-15,-1,-14,0.0,0.5,-0.5
84,77,-76,82,70,-67,28.333333333333332,28.333333333333332,0.0,73.8301353709235,67.58862494697036,6.2415104239531445,-76,-67,-9,-0.7,-0.69,-0.010000000000000009
81,39,-19,77,38,-14,33.666666666666664,33.666666666666664,0.0,40.99864496405812,37.276742823851386,3.721902140206737,-19,-14,-5,-0.19,-0.17,-0.01999999999999999
62,18,-24,60,13,-17,18.666666666666668,18.666666666666668,0.0,35.11251755270318,31.689465477067017,3.423052075636164,-24,-17,-7,0.03,0.26,-0.23
56,39,-31,52,34,-22,21.333333333333332,21.333333333333332,0.0,37.65043898224236,31.510139461590594,6.140299520651769,-31,-22,-9,-0.6,-0.54,-0.05999999999999994
78,56,-29,74,45,-14,35.0,35.0,0.0,46.13747572924495,36.615115275889366,9.522360453355581,-29,-14,-15,-0.59,-0.39,-0.19999999999999996
84,67,-28,81,57,-15,41.0,41.0,0.0,49.28150430604434,40.792156108742276,8.489348197302064,-28,-15,-13,-0.64,-0.53,-0.10999999999999999
63,58,-33,61,46,-19,29.333333333333332,29.333333333333332,0.0,44.1235638733873,34.721111093332766,9.402452780054531,-33,-19,-14,-0.7,-0.61,-0.08999999999999997
59,34,-16,63,21,-7,25.666666666666668,25.666666666666668,0.0,31.18047822311618,28.767265347188555,2.4132128759276235,-16,-7,-9,-0.38,0.24,-0.62
70,35,-37,63,32,-27,22.666666666666668,22.666666666666668,0.0,44.54460935087681,37.33035702421765,7.214252326659164,-37,-27,-10,-0.39,-0.36,-0.030000000000000027
90,77,-50,96,66,-45,39.0,39.0,0.0,63.15589178110516,60.64651680022522,2.50937498087994,-50,-45,-5,-0.68,-0.58,-0.10000000000000009
88,69,-23,85,54,-8,44.666666666666664,43.666666666666664,1.0,48.47221426297292,38.663792996664064,9.808421266308855,-23,-8,-15,-0.63,-0.38,-0.25
84,79,-29,90,62,-21,44.666666666666664,43.666666666666664,1.0,52.130178932702265,47.13338048088165,4.9967984518206165,-29,-21,-8,-0.7,-0.52,-0.17999999999999994
91,38,-24,86,30,-14,35.0,34.0,1.0,46.99645376692444,40.92269134192748,6.073762424996957,-24,-14,-10,-0.1,0.15,-0.25
53,44,-27,54,25,-12,23.333333333333332,22.333333333333332,1.0,35.78019315518325,27.01028610651052,8.769907048672728,-27,-12,-15,-0.67,-0.15,-0.52
97,91,-37,95,78,-25,50.333333333333336,49.333333333333336,1.0,61.80255298574288,53.01781671182707,8.784736273915811,-37,-25,-12,-0.7,-0.65,-0.04999999999999993
90,36,-16,82,30,-5,36.666666666666664,35.666666666666664,1.0,43.27688631231328,35.74290916469385,7.5339771476194315,-16,-5,-11,0.02,0.23,-0.21000000000000002
84,54,-18,91,30,-4,40.0,39.0,1.0,42.80186911806539,39.30224760324359,3.499621514821797,-18,-4,-14,-0.46,0.33,-0.79
48,44,-19,45,31,-6,24.333333333333332,23.333333333333332,1.0,30.684777260973487,21.514852750806565,9.169924510166922,-19,-6,-13,-0.7,-0.49,-0.20999999999999996
63,60,-42,55,50,-27,27.0,26.0,1.0,48.80573736764972,37.532208390483326,11.273528977166393,-42,-27,-15,-0.71,-0.7,-0.010000000000000009
76,50,-13,80,33,-3,37.666666666666664,36.666666666666664,1.0,37.36605708691007,33.98365620248782,3.382400884422246,-13,-3,-10,-0.46,0.16,-0.62
99,96,-22,90,87,-7,57.666666666666664,56.666666666666664,1.0,56.346152387619945,45.03578823804711,11.310364149572834,-22,-7,-15,-0.71,-0.7,-0.010000000000000009
92,55,-16,86,47,-5,43.666666666666664,42.666666666666664,1.0,44.81319250201019,37.276742823851386,7.536449678158803,-16,-5,-11,-0.36,-0.17,-0.18999999999999997
78,50,-13,73,47,-8,38.333333333333336,37.333333333333336,1.0,38.055515004033545,33.76717669901086,4.288338305022684,-13,-8,-5,-0.43,-0.41,-0.020000000000000018
71,14,-17,56,12,-3,22.666666666666668,21.666666666666668,1.0,36.44478319625763,25.037749277618563,11.407033918639069,-17,-3,-14,0.34,0.52,-0.18
77,22,-30,63,18,-15,23.0,22.0,1.0,43.688289811649376,31.96873472629156,11.719555085357815,-30,-15,-15,0.03,0.19,-0.16
97,49,-43,89,42,-31,34.333333333333336,33.333333333333336,1.0,58.08805576211191,49.37160677510462,8.71644898700729,-43,-31,-12,-0.36,-0.26,-0.09999999999999998
48,26,-12,40,21,-2,20.666666666666668,19.666666666666668,1.0,24.783507060588143,17.172329163188344,7.6111778973997986,-12,-2,-10,-0.31,-0.12,-0.19
92,68,-30,85,60,-18,43.333333333333336,42.333333333333336,1.0,52.77204647243547,43.86595744107522,8.906089031360253,-30,-18,-12,-0.6,-0.54,-0.05999999999999994
94,59,-24,99,39,-12,43.0,42.0,1.0,49.48400414948922,45.36518488885502,4.118819260634204,-24,-12,-12,-0.45,0.1,-0.55
47,36,-20,37,28,-5,21.0,20.0,1.0,29.337120967584166,18.05547008526779,11.281650882316377,-20,-5,-15,-0.63,-0.58,-0.050000000000000044
74,25,-15,71,13,-3,28.0,27.0,1.0,36.39597047293377,31.790984046843636,4.604986426090132,-15,-3,-12,0.12,0.58,-0.45999999999999996
83,74,-27,77,68,-18,43.333333333333336,42.333333333333336,1.0,49.86871653540814,42.82003684673281,7.048679688675328,-27,-18,-9,-0.69,-0.68,-0.009999999999999898
87,57,-27,83,47,-16,39.0,38.0,1.0,48.249352327259274,40.91454509095757,7.334807236301707,-27,-16,-11,-0.51,-0.32,-0.19
60,58,-24,72,31,-12,31.333333333333332,30.333333333333332,1.0,39.135093657171126,34.29609631171195,4.838997345459177,-24,-12,-12,-0.71,-0.03,-0.6799999999999999
88,13,-27,74,12,-15,24.666666666666668,23.666666666666668,1.0,47.66783215358364,37.2588542795162,10.408977874067439,-27,-15,-12,0.35,0.44,-0.09000000000000002
82,78,-17,89,62,-11,47.666666666666664,46.666666666666664,1.0,45.75538826800135,42.24005471376928,3.5153335542320647,-17,-11,-6,-0.7,-0.5,-0.19999999999999996
98,87,-56,97,70,-41,43.0,42.0,1.0,70.14746372226631,59.715994507334464,10.431469214931845,-56,-41,-15,-0.69,-0.6,-0.08999999999999997
91,4,-21,80,5,-14,24.666666666666668,23.666666666666668,1.0,48.00231475900117,40.581878824037815,7.420435934963358,-21,-14,-7,0.57,0.59,-0.020000000000000018
91,45,-41,82,36,-26,31.666666666666668,30.666666666666668,1.0,54.70730197047639,44.251804734069566,10.45549723640682,-41,-26,-15,-0.35,-0.18,-0.16999999999999998
82,50,-41,71,43,-26,30.333333333333332,29.333333333333332,1.0,52.10459565996927,40.762182909598394,11.342412750370876,-41,-26,-15,-0.51,-0.47,-0.040000000000000036
63,24,-17,60,10,-3,23.333333333333332,22.333333333333332,1.0,32.6632651290236,27.157974069424906,5.505291059598694,-17,-3,-14,-0.03,0.59,-0.62
80,74,-13,83,57,-2,47.0,46.0,1.0,42.49705872175156,35.56215216584433,6.934906555907226,-13,-2,-11,-0.7,-0.43,-0.26999999999999996
99,27,-33,87,24,-21,31.0,30.0,1.0,53.96295025292817,44.294469180700204,9.668481072227962,-33,-21,-12,0.11,0.2,-0.09000000000000001
63,32,-19,55,22,-4,25.333333333333332,24.333333333333332,1.0,33.8066397160216,24.143091949642425,9.663547766379175,-19,-4,-15,-0.29,0.14,-0.43
80,66,-39,71,57,-24,35.666666666666664,34.666666666666664,1.0,53.10576449145819,41.87547678003864,11.23028771141955,-39,-24,-15,-0.67,-0.65,-0.020000000000000018
88,64,-15,89,47,-2,45.666666666666664,44.666666666666664,1.0,44.00252518006464,37.18721405118819,6.815311128876445,-15,-2,-13,-0.55,-0.09,-0.4600000000000001
63,57,-27,61,43,-14,31.0,30.0,1.0,41.08527716834828,31.96873472629156,9.116542442056716,-27,-14,-13,-0.7,-0.54,-0.15999999999999992
98,93,-37,96,83,-28,51.333333333333336,50.333333333333336,1.0,62.49444419750892,55.643707840349954,6.850736357158965,-37,-28,-9,-0.7,-0.68,-0.019999999999999907
87,69,-31,91,47,-16,41.666666666666664,40.666666666666664,1.0,51.90589775952461,43.91152721350309,7.994370546021521,-31,-16,-15,-0.64,-0.21,-0.43000000000000005
40,14,-17,31,9,-6,12.333333333333334,11.333333333333334,1.0,23.299976156401726,15.195028426721974,8.104947729679752,-17,-6,-11,-0.11,0.23,-0.34
94,73,-11,89,65,-1,52.0,51.0,1.0,45.36518488885502,38.05259518088089,7.312589707974126,-11,-1,-10,-0.6,-0.5,-0.09999999999999998
47,26,-18,42,19,-9,18.333333333333332,17.333333333333332,1.0,27.0842307543625,20.8539897594894,6.2302409948731,-18,-9,-9,-0.4,-0.12,-0.28
83,67,-24,82,54,-13,42.0,41.0,1.0,47.12395003251177,39.85808157283372,7.265868459678053,-24,-13,-11,-0.65,-0.45,-0.2
37,35,-19,36,20,-6,17.666666666666668,16.666666666666668,1.0,25.940101944458295,17.30767331432956,8.632428630128736,-19,-6,-13,-0.7,-0.28,-0.41999999999999993
89,84,-44,87,69,-30,43.0,42.0,1.0,61.55214591439251,51.43928459844674,10.112861315945771,-44,-30,-14,-0.7,-0.64,-0.05999999999999994
83,66,-23,85,48,-10,42.0,41.0,1.0,46.48297179254642,39.098167049961134,7.384804742585288,-23,-10,-13,-0.64,-0.26,-0.38
65,63,-20,62,52,-9,36.0,35.0,1.0,39.60639678974429,31.379398762032817,8.22699802771147,-20,-9,-11,-0.71,-0.65,-0.05999999999999994
90,79,-22,95,64,-15,49.0,48.0,1.0,50.40502620440412,46.31054595517814,4.094480249225981,-22,-15,-7,-0.68,-0.48,-0.20000000000000007
66,33,-22,55,28,-9,25.666666666666668,24.666666666666668,1.0,36.298148100909444,26.233989826601334,10.06415827430811,-22,-9,-13,-0.29,-0.19,-0.09999999999999998
80,48,-15,78,38,-6,37.666666666666664,36.666666666666664,1.0,39.46587837050577,34.30581421404962,5.160064156456151,-15,-6,-9,-0.37,-0.06,-0.31
68,53,-36,59,46,-23,28.333333333333332,27.333333333333332,1.0,45.900859348043674,35.984564592181584,9.91629475586209,-36,-23,-13,-0.65,-0.64,-0.010000000000000009
88,78,-30,81,70,-18,45.333333333333336,44.333333333333336,1.0,53.42492135906446,44.304501903180096,9.120419455884367,-30,-18,-12,-0.69,-0.67,-0.019999999999999907
92,56,-34,91,41,-21,38.0,37.0,1.0,52.99056519796708,45.81120678029194,7.1793584176751395,-34,-21,-13,-0.47,-0.13,-0.33999999999999997
76,56,-15,72,50,-8,39.0,38.0,1.0,39.04698025029166,33.7441352929167,5.302844957374958,-15,-8,-7,-0.57,-0.49,-0.07999999999999996
31,30,-13,27,25,-7,16.0,15.0,1.0,20.51016008388688,15.57776192739723,4.932398156489651,-13,-7,-6,-0.71,-0.7,-0.010000000000000009
85,79,-20,99,55,-13,48.0,47.0,1.0,48.14561246884289,46.07240678178932,2.073205687053573,-20,-13,-7,-0.7,-0.26,-0.43999999999999995
86,70,-34,87,54,-22,40.666666666666664,39.666666666666664,1.0,53.19983291536,45.638677554119475,7.561155361240523,-34,-22,-12,-0.66,-0.44,-0.22000000000000003
95,39,-38,87,29,-23,32.0,31.0,1.0,54.5221667458903,44.92957452131799,9.592592224572314,-38,-23,-15,-0.19,0.07,-0.26
80,56,-23,81,41,-12,37.666666666666664,36.666666666666664,1.0,44.00252518006464,38.09053542402481,5.91198975603983,-23,-12,-11,-0.55,-0.17,-0.38
95,89,-13,98,73,-3,57.0,56.0,1.0,49.558046773455466,42.949582846247374,6.608463927208092,-13,-3,-10,-0.7,-0.53,-0.16999999999999993
96,76,-35,86,68,-20,45.666666666666664,44.666666666666664,1.0,57.621369492769105,46.31294515455575,11.308424338213356,-35,-20,-15,-0.64,-0.63,-0.010000000000000009
92,51,-14,88,46,-8,43.0,42.0,1.0,43.642486944108335,39.293765408777,4.348721535331336,-14,-8,-6,-0.27,-0.15,-0.12000000000000002
91,82,-18,99,62,-9,51.666666666666664,50.666666666666664,1.0,49.398605468395786,44.81319250201019,4.585412966385597,-18,-9,-9,-0.69,-0.36,-0.32999999999999996
74,61,-31,73,49,-21,34.666666666666664,33.666666666666664,1.0,46.73566328000729,39.87759047663515,6.8580728033721385,-31,-21,-10,-0.67,-0.52,-0.15000000000000002
75,21,-14,71,16,-8,27.333333333333332,26.333333333333332,1.0,36.609045633862436,33.06895153396242,3.540094099900017,-14,-8,-6,0.25,0.44,-0.19
76,30,-11,74,22,-4,31.666666666666668,30.666666666666668,1.0,35.537148012873644,32.42769735204082,3.1094506608328203,-11,-4,-7,0.07,0.38,-0.31
65,54,-23,66,35,-8,32.0,31.0,1.0,39.14928692411481,30.342489460600735,8.806797463514076,-23,-8,-15,-0.67,-0.2,-0.47000000000000003
65,27,-31,53,24,-19,20.333333333333332,19.333333333333332,1.0,39.47432358156656,29.578520735305357,9.895802846261201,-31,-19,-12,-0.25,-0.23,-0.01999999999999999
53,44,-22,52,31,-11,25.0,24.0,1.0,33.436506994600975,26.19160170741759,7.244905287183386,-22,-11,-11,-0.67,-0.38,-0.29000000000000004
92,70,-25,93,56,-15,45.666666666666664,44.666666666666664,1.0,50.769632218045025,44.81319250201019,5.956439716034836,-25,-15,-10,-0.61,-0.36,-0.25
64,4,-13,48,5,-1,18.333333333333332,17.333333333333332,1.0,33.02860712910687,21.82251640444388,11.206090724662985,-13,-1,-12,0.57,0.67,-0.10000000000000009
95,4,-25,82,6,-17,24.666666666666668,23.666666666666668,1.0,51.12294548982439,42.3031388380999,8.819806651724491,-25,-17,-8,0.54,0.55,-0.010000000000000009
46,17,-18,37,12,-7,15.0,14.0,1.0,26.166135875720485,18.01850900231944,8.147626873401045,-18,-7,-11,-0.11,0.17,-0.28
66,33,-31,57,25,-17,22.666666666666668,21.666666666666668,1.0,40.2685430026411,30.3021818063027,9.966361196338404,-31,-17,-14,-0.37,-0.16,-0.21
89,66,-18,80,60,-6,45.666666666666664,44.666666666666664,1.0,45.98792111945146,36.745370078721784,9.242551040729673,-18,-6,-12,-0.58,-0.55,-0.029999999999999916
95,72,-43,87,66,-32,41.333333333333336,40.333333333333336,1.0,60.36739370075722,51.86092513208336,8.50646856867386,-43,-32,-11,-0.63,-0.62,-0.010000000000000009
72,59,-29,79,34,-14,34.0,33.0,1.0,44.86275366789991,37.97367509209505,6.889078575804859,-29,-14,-15,-0.66,-0.04,-0.62
66,52,-14,71,33,-3,34.666666666666664,33.666666666666664,1.0,34.883934538536344,30.214051182999096,4.669883355537248,-14,-3,-11,-0.62,0.03,-0.65
82,79,-21,86,58,-7,46.666666666666664,45.666666666666664,1.0,47.86323107447813,38.955815426654276,8.907415647823854,-21,-7,-14,-0.71,-0.44,-0.26999999999999996
95,51,-28,97,31,-13,39.333333333333336,38.333333333333336,1.0,50.88767587103538,45.20570268843916,5.6819731825962165,-28,-13,-15,-0.33,0.24,-0.5700000000000001
89,86,-8,94,74,-4,55.666666666666664,54.666666666666664,1.0,45.03578823804711,42.279493321887806,2.7562949161593053,-8,-4,-4,-0.7,-0.59,-0.10999999999999999
89,67,-17,87,61,-12,46.333333333333336,45.333333333333336,1.0,45.67518168789504,41.907305117631005,3.767876570264036,-17,-12,-5,-0.59,-0.51,-0.07999999999999996
69,68,-36,76,45,-23,33.666666666666664,32.666666666666664,1.0,49.2634640366356,41.34677200889515,7.916692027740446,-36,-23,-13,-0.71,-0.42,-0.29
76,61,-24,68,51,-9,37.666666666666664,36.666666666666664,1.0,44.03281604540969,33.02860712910687,11.004208916302822,-24,-9,-15,-0.65,-0.57,-0.08000000000000007
96,51,-32,86,44,-18,38.333333333333336,37.333333333333336,1.0,53.01781671182707,42.71871824960211,10.299098462224954,-32,-18,-14,-0.34,-0.23,-0.11000000000000001
87,55,-43,79,47,-30,33.0,32.0,1.0,55.3052137385497,45.745673748089736,9.559539990459967,-43,-30,-13,-0.53,-0.46,-0.07
99,98,-48,96,83,-33,49.666666666666664,48.666666666666664,1.0,69.06196895220664,57.990420664872644,11.071548287333997,-48,-33,-15,-0.71,-0.68,-0.029999999999999916
90,36,-35,80,29,-21,30.333333333333332,29.333333333333332,1.0,51.188106257432715,41.23375100839387,9.954355249038848,-35,-21,-14,-0.16,0.01,-0.17
93,83,-13,86,76,-2,54.333333333333336,53.333333333333336,1.0,47.78656249988647,39.33898264515181,8.447579854734663,-13,-2,-11,-0.68,-0.67,-0.010000000000000009
91,80,-22,88,75,-17,49.666666666666664,48.666666666666664,1.0,50.87457343528515,46.73566328000729,4.138910155277863,-22,-17,-5,-0.68,-0.67,-0.010000000000000009
94,88,-27,95,72,-15,51.666666666666664,50.666666666666664,1.0,55.679639207004755,47.37322262863507,8.306416578369685,-27,-15,-12,-0.7,-0.58,-0.12
77,31,-23,75,15,-8,28.333333333333332,27.333333333333332,1.0,40.868352330650936,34.988887124660344,5.879465205990591,-23,-8,-15,-0.1,0.48,-0.58
88,78,-39,81,68,-25,42.333333333333336,41.333333333333336,1.0,57.656068390258994,47.20404879056692,10.452019599692072,-39,-25,-14,-0.69,-0.67,-0.019999999999999907
75,70,-40,76,51,-25,35.0,34.0,1.0,53.07227776030219,42.949582846247374,10.122694914054819,-40,-25,-15,-0.7,-0.53,-0.16999999999999993
67,60,-20,68,46,-10,35.666666666666664,34.666666666666664,1.0,39.46587837050577,32.83629428273267,6.629584087773097,-20,-10,-10,-0.69,-0.48,-0.20999999999999996
90,58,-28,95,35,-13,40.0,39.0,1.0,49.82636517614612,44.181444068749045,5.644921107397074,-28,-13,-15,-0.49,0.14,-0.63
84,59,-12,91,39,-2,43.666666666666664,42.666666666666664,1.0,40.663934334438856,38.05551500403354,2.6084193304053187,-12,-2,-10,-0.51,0.14,-0.65
82,63,-26,93,35,-12,39.666666666666664,38.666666666666664,1.0,47.076769453969774,42.94440850939994,4.132360944569832,-26,-12,-14,-0.62,0.13,-0.75
81,23,-18,76,14,-7,28.666666666666668,27.666666666666668,1.0,40.61472092179824,35.23571420527127,5.379006716526966,-18,-7,-11,0.21,0.52,-0.31000000000000005
71,12,-16,62,3,-1,22.333333333333332,21.333333333333332,1.0,36.261396675926434,28.802006102970598,7.4593905729558365,-16,-1,-15,0.4,0.7,-0.29999999999999993
95,89,-18,94,72,-9,55.333333333333336,52.333333333333336,3.0,51.91231924012728,44.28945196720722,7.622867272920061,-18,-9,-9,-0.7,-0.58,-0.12
67,63,-10,59,53,-1,40.0,37.0,3.0,35.393031329156685,26.981475126464083,8.411556202692601,-10,-1,-9,-0.7,-0.68,-0.019999999999999907
53,40,-11,50,25,-2,27.333333333333332,24.333333333333332,3.0,27.620443314488796,21.23414441151065,6.386298902978147,-11,-2,-9,-0.59,-0.05,-0.5399999999999999
68,64,-13,62,52,-4,39.666666666666664,36.666666666666664,3.0,37.27674282385138,29.044027881055953,8.232714942795425,-13,-4,-9,-0.7,-0.64,-0.05999999999999994
87,50,-18,77,38,-5,39.666666666666664,36.666666666666664,3.0,43.48435223030106,33.48963355361709,9.994718676683974,-18,-5,-13,-0.34,-0.06,-0.28
99,47,-18,89,36,-6,42.666666666666664,39.666666666666664,3.0,47.86323107447813,38.87015421745698,8.993076857021151,-18,-6,-12,-0.14,0.14,-0.28
56,54,-19,59,27,-4,30.333333333333332,27.333333333333332,3.0,34.89348872720461,25.72072229848057,9.172766428724042,-19,-4,-15,-0.71,0.02,-0.73
86,38,-13,70,33,-1,37.0,34.0,3.0,40.422765862815474,28.994252303976847,11.428513558838628,-13,-1,-12,-0.04,0.05,-0.09
86,9,-14,68,10,-6,27.0,24.0,3.0,42.7629122799964,31.790984046843636,10.971928233152763,-14,-6,-8,0.56,0.58,-0.019999999999999907
61,31,-15,49,20,-1,25.666666666666668,22.666666666666668,3.0,31.255221785949445,20.49932248202906,10.755899303920383,-15,-1,-14,-0.25,0.19,-0.44
90,37,-19,76,28,-5,36.0,33.0,3.0,44.50468140169826,33.25657829663178,11.248103105066477,-19,-5,-14,-0.03,0.22,-0.25
88,74,-26,77,63,-13,45.333333333333336,42.333333333333336,3.0,50.76306618880393,39.541820336898446,11.221245851905486,-26,-13,-13,-0.67,-0.64,-0.030000000000000027
78,43,-16,63,37,-4,35.0,32.0,3.0,38.79003308411411,27.58018612458347,11.209846959530637,-16,-4,-12,-0.3,-0.27,-0.02999999999999997
75,62,-8,72,49,-1,43.0,40.0,3.0,36.45088019056147,30.474032661705056,5.976847528856414,-8,-1,-7,-0.64,-0.42,-0.22000000000000003
51,50,-16,42,36,-2,28.333333333333332,25.333333333333332,3.0,31.351058816073323,19.48218559493661,11.868873221136713,-16,-2,-14,-0.71,-0.66,-0.04999999999999993
87,30,-11,76,23,-2,35.333333333333336,32.333333333333336,3.0,40.18568014714805,32.52007926736273,7.665600879785316,-11,-2,-9,0.2,0.41,-0.20999999999999996
91,75,-12,94,55,-4,51.333333333333336,48.333333333333336,3.0,45.25728916121935,40.28509512076258,4.97219404045677,-12,-4,-8,-0.64,-0.24,-0.4
86,68,-15,99,32,-1,46.333333333333336,43.333333333333336,3.0,43.98737192523428,41.60395280365663,2.3834191215776457,-15,-1,-14,-0.62,0.39,-1.01
84,82,-11,80,67,-1,51.666666666666664,48.666666666666664,3.0,44.31954672852851,35.51838334659329,8.801163381935218,-11,-1,-10,-0.71,-0.64,-0.06999999999999995
96,61,-17,93,41,-3,46.666666666666664,43.666666666666664,3.0,47.23228650921834,39.23717058549909,7.995115923719247,-17,-3,-14,-0.43,0.1,-0.53
64,59,-15,65,38,-4,36.0,33.0,3.0,36.12016980395672,28.39013913315678,7.730030670799941,-15,-4,-11,-0.7,-0.26,-0.43999999999999995
50,20,-12,35,16,-2,19.333333333333332,16.333333333333332,3.0,25.315783394730033,15.107025591499548,10.208757803230485,-12,-2,-10,-0.04,0.03,-0.07
79,60,-11,71,50,-2,42.666666666666664,39.666666666666664,3.0,38.7327022323801,30.684777260973487,8.047924971406612,-11,-2,-9,-0.58,-0.47,-0.10999999999999999
98,86,-15,94,72,-6,56.333333333333336,53.333333333333336,3.0,50.677630392730705,42.90558109254423,7.772049300186474,-15,-6,-9,-0.68,-0.57,-0.1100000000000001
98,63,-23,87,50,-8,46.0,43.0,3.0,50.839617097954886,39.098167049961134,11.741450047993752,-23,-8,-15,-0.46,-0.26,-0.2
96,70,-11,85,62,-1,51.666666666666664,48.666666666666664,3.0,45.56558155255151,36.353205574688396,9.212375977863111,-11,-1,-10,-0.54,-0.5,-0.040000000000000036
81,75,-12,85,53,-3,48.0,45.0,3.0,42.49705872175156,36.368484525295614,6.1285741964559435,-12,-3,-9,-0.7,-0.32,-0.37999999999999995
64,57,-12,69,32,-1,36.333333333333336,33.333333333333336,3.0,34.296096311711956,28.592928418676454,5.703167893035502,-12,-1,-11,-0.69,0.07,-0.76
95,52,-21,84,41,-8,42.0,39.0,3.0,47.88179890800539,37.58545818087983,10.29634072712556,-21,-8,-13,-0.3,-0.08,-0.21999999999999997
87,82,-19,93,55,-7,50.0,47.0,3.0,48.83304891839815,41.21488404286329,7.618164875534859,-19,-7,-12,-0.7,-0.28,-0.41999999999999993
99,63,-12,93,52,-4,50.0,47.0,3.0,46.238512086787566,39.75759885439093,6.480913232396638,-12,-4,-8,-0.4,-0.19,-0.21000000000000002
97,64,-18,91,51,-8,47.666666666666664,44.666666666666664,3.0,48.3482735529983,40.663934334438856,7.684339218559444,-18,-8,-10,-0.47,-0.23,-0.23999999999999996
92,83,-16,93,60,-3,53.0,50.0,3.0,48.92851929090027,39.824615503479755,9.103903787420514,-16,-3,-13,-0.69,-0.36,-0.32999999999999996
48,10,-11,33,6,-1,15.666666666666666,12.666666666666666,3.0,24.417662095749915,14.659088951530682,9.758573144219232,-11,-1,-10,0.34,0.59,-0.24999999999999994
94,82,-28,88,65,-14,49.333333333333336,46.333333333333336,3.0,54.901932773102104,43.683202975768864,11.21872979733324,-28,-14,-14,-0.68,-0.56,-0.12
84,59,-23,76,44,-9,40.0,37.0,3.0,45.70193285482209,35.05234181430203,10.649591040520058,-23,-9,-14,-0.55,-0.29,-0.26000000000000006
79,70,-25,73,52,-10,41.333333333333336,38.333333333333336,3.0,47.04843839656696,35.235714205271265,11.812724191295693,-25,-10,-15,-0.69,-0.52,-0.16999999999999993
90,46,-15,80,35,-3,40.333333333333336,37.333333333333336,3.0,43.05293898859351,33.9247533357118,9.128185652881712,-15,-3,-12,-0.2,0.1,-0.30000000000000004
53,20,-13,37,16,-2,20.0,17.0,3.0,26.94438717061496,15.937377450509228,11.007009720105732,-13,-2,-11,0.0,0.09,-0.09
96,32,-13,92,15,-1,38.333333333333336,35.333333333333336,3.0,44.723844000960185,40.598303193880184,4.12554080708,-13,-1,-12,0.21,0.63,-0.42000000000000004
89,74,-13,90,55,-4,50.0,47.0,3.0,44.96665431183423,38.79003308411411,6.176621227720126,-13,-4,-9,-0.65,-0.3,-0.35000000000000003
93,92,-16,86,78,-4,56.333333333333336,53.333333333333336,3.0,51.14901975817545,40.67213078045238,10.476888977723071,-16,-4,-12,-0.71,-0.69,-0.020000000000000018
53,43,-8,49,31,-1,29.333333333333332,26.333333333333332,3.0,26.71246067953223,20.677416559027765,6.035044120504466,-8,-1,-7,-0.63,-0.33,-0.3
94,19,-17,81,8,-2,32.0,29.0,3.0,46.238512086787566,36.995495221265344,9.243016865522222,-17,-2,-15,0.4,0.67,-0.27
98,58,-16,96,41,-6,46.666666666666664,43.666666666666664,3.0,47.22522866246623,41.6839963961657,5.541232266300526,-16,-6,-10,-0.35,0.1,-0.44999999999999996
78,69,-13,73,54,-2,44.666666666666664,41.666666666666664,3.0,40.94169295745136,31.836387288063257,9.105305669388102,-13,-2,-11,-0.68,-0.52,-0.16000000000000003
92,58,-12,88,43,-2,46.0,43.0,3.0,43.29742101634538,36.742346141747674,6.555074874597707,-12,-2,-10,-0.39,0.0,-0.39
93,88,-12,97,64,-1,56.333333333333336,53.333333333333336,3.0,48.3620604284897,40.71308825863687,7.648972169852826,-12,-1,-11,-0.7,-0.38,-0.31999999999999995
84,77,-10,79,66,-3,50.333333333333336,47.333333333333336,3.0,42.7577153531643,35.98456459218159,6.773150760982709,-10,-3,-7,-0.69,-0.64,-0.04999999999999993
99,62,-16,92,46,-2,48.333333333333336,45.333333333333336,3.0,47.93282336307299,38.378234572331344,9.554588790741647,-16,-2,-14,-0.4,-0.03,-0.37
88,58,-14,78,48,-3,44.0,41.0,3.0,42.80186911806539,33.436506994600975,9.365362123464415,-14,-3,-11,-0.46,-0.3,-0.16000000000000003
99,67,-20,86,59,-8,48.666666666666664,45.666666666666664,3.0,50.28143019268865,39.51652256405611,10.764907628632542,-20,-8,-12,-0.5,-0.47,-0.030000000000000027
58,29,-14,50,16,-2,24.333333333333332,21.333333333333332,3.0,29.578520735305357,21.561282171728305,8.017238563577052,-14,-2,-12,-0.23,0.36,-0.59
68,62,-17,74,32,-2,37.666666666666664,34.666666666666664,3.0,38.7327022323801,31.084115271666047,7.648586960714052,-17,-2,-15,-0.69,0.13,-0.82
88,73,-15,85,57,-5,48.666666666666664,45.666666666666664,3.0,45.433712397538265,37.60614606978788,7.827566327750382,-15,-5,-10,-0.65,-0.42,-0.23000000000000004
81,68,-19,78,47,-4,43.333333333333336,40.333333333333336,3.0,44.39469437769438,33.8066397160216,10.588054661672778,-19,-4,-15,-0.66,-0.29,-0.37000000000000005
85,39,-18,78,24,-5,35.333333333333336,32.333333333333336,3.0,42.12943019895817,34.393151773120316,7.7362784258378525,-18,-5,-13,-0.13,0.35,-0.48
96,83,-12,89,71,-2,55.666666666666664,52.666666666666664,3.0,48.14099661988268,39.347455092066916,8.793541527815762,-12,-2,-10,-0.67,-0.6,-0.07000000000000006
99,36,-21,86,27,-8,38.0,35.0,3.0,49.01020301937138,38.79003308411411,10.220169935257275,-21,-8,-13,0.06,0.3,-0.24
85,77,-14,86,59,-6,49.333333333333336,46.333333333333336,3.0,44.902363214225396,38.61203036475664,6.290332849468754,-14,-6,-8,-0.69,-0.46,-0.22999999999999993
93,90,-23,98,64,-11,53.333333333333336,50.333333333333336,3.0,53.989710953929816,45.536310297997964,8.453400655931851,-23,-11,-12,-0.71,-0.42,-0.29
90,74,-15,80,61,-1,49.666666666666664,46.666666666666664,3.0,46.19042709864843,34.58644564308715,11.603981455561275,-15,-1,-14,-0.64,-0.55,-0.08999999999999997
86,80,-10,84,66,-3,52.0,49.0,3.0,43.9089968002003,37.49666651850535,6.412330281694949,-10,-3,-7,-0.7,-0.59,-0.10999999999999999
83,50,-11,85,29,-1,40.666666666666664,37.666666666666664,3.0,38.93869826049944,35.64017707899642,3.2985211815030198,-11,-1,-10,-0.35,0.35,-0.7
97,65,-14,96,44,-1,49.333333333333336,46.333333333333336,3.0,46.64999702274612,39.634440691006205,7.015556331739916,-14,-1,-13,-0.47,0.09,-0.5599999999999999
67,59,-18,72,30,-3,36.0,33.0,3.0,38.32318706301274,30.692018506445613,7.6311685565671254,-18,-3,-15,-0.68,0.15,-0.8300000000000001
60,47,-15,59,26,-2,30.666666666666668,27.666666666666668,3.0,32.72443871006635,24.931015935086872,7.793422774979479,-15,-2,-13,-0.62,0.1,-0.72
94,56,-12,89,44,-4,46.0,43.0,3.0,43.84822307308093,37.97367509209505,5.874547980985881,-12,-4,-8,-0.33,-0.04,-0.29000000000000004
99,51,-13,95,36,-3,45.666666666666664,42.666666666666664,3.0,45.87906809089401,40.28509512076258,5.593972970131432,-13,-3,-10,-0.17,0.24,-0.41000000000000003
80,66,-17,88,37,-5,43.0,40.0,3.0,42.80965623158713,38.02630668366309,4.78334954792404,-17,-5,-12,-0.65,0.12,-0.77
96,40,-15,81,34,-3,40.333333333333336,37.333333333333336,3.0,45.31617322276402,34.37376260399137,10.942410618772648,-15,-3,-12,0.01,0.14,-0.13
72,64,-18,75,38,-4,39.333333333333336,36.333333333333336,3.0,40.67213078045238,32.27313984655902,8.398990933893359,-18,-4,-14,-0.69,-0.08,-0.61
88,86,-25,87,64,-11,49.666666666666664,46.666666666666664,3.0,52.803619404565644,41.84362423223984,10.959995172325804,-25,-11,-14,-0.71,-0.55,-0.15999999999999992
92,73,-22,90,51,-7,47.666666666666664,44.666666666666664,3.0,49.86871653540813,39.852505846210256,10.016210689197877,-22,-7,-15,-0.63,-0.23,-0.4
55,20,-14,39,16,-3,20.333333333333332,17.333333333333332,3.0,28.1701181317288,17.172329163188344,10.997788968540455,-14,-3,-11,0.02,0.12,-0.09999999999999999
71,32,-16,59,20,-1,29.0,26.0,3.0,35.58089374931439,24.859605789312106,10.721287960002286,-16,-1,-15,-0.13,0.35,-0.48
83,73,-15,80,54,-2,47.0,44.0,3.0,44.03029260255565,34.215006454283575,9.815286148272072,-15,-2,-13,-0.68,-0.41,-0.2700000000000001
76,42,-16,61,35,-3,34.0,31.0,3.0,37.98245208865097,26.280537792569366,11.701914296081608,-16,-3,-13,-0.31,-0.22,-0.09
88,13,-15,72,6,-1,28.666666666666668,25.666666666666668,3.0,43.484352230301056,32.8870119584549,10.597340271846157,-15,-1,-14,0.49,0.68,-0.19000000000000006
51,6,-9,33,7,-1,16.0,13.0,3.0,25.495097567963924,14.514360704718161,10.980736863245763,-9,-1,-8,0.53,0.55,-0.020000000000000018
85,54,-14,88,30,-2,41.666666666666664,38.666666666666664,3.0,41.34677200889515,37.24990678586398,4.096865223031173,-14,-2,-12,-0.42,0.34,-0.76
40,37,-13,41,15,-1,21.333333333333332,18.333333333333332,3.0,24.30820620467271,17.30767331432956,7.000532890343152,-13,-1,-12,-0.7,0.28,-0.98
81,78,-21,90,47,-8,46.0,43.0,3.0,47.391982444291145,40.10818702792071,7.283795416370438,-21,-8,-13,-0.7,-0.15,-0.5499999999999999
99,55,-18,90,43,-6,45.333333333333336,42.333333333333336,3.0,48.25165512417395,39.19467083956978,9.05698428460417,-18,-6,-12,-0.29,-0.03,-0.26
83,11,-14,65,8,-2,26.666666666666668,23.666666666666668,3.0,41.12041936664665,29.510826638521817,11.609592728124834,-14,-2,-12,0.52,0.65,-0.13
93,58,-8,94,41,-1,47.666666666666664,44.666666666666664,3.0,41.87547678003864,38.87015421745698,3.005322562581661,-8,-1,-7,-0.36,0.14,-0.5
93,73,-18,97,48,-6,49.333333333333336,46.333333333333336,3.0,48.30688931773144,42.06608557443342,6.240803743298017,-18,-6,-12,-0.62,-0.06,-0.56
96,26,-10,83,21,-1,37.333333333333336,34.333333333333336,3.0,44.01009985093068,35.56527644893104,8.444823401999642,-10,-1,-9,0.37,0.51,-0.14
95,80,-25,89,63,-11,50.0,47.0,3.0,53.38539126015655,42.36350630751268,11.021884952643873,-25,-11,-14,-0.67,-0.51,-0.16000000000000003
99,74,-10,94,62,-2,54.333333333333336,51.333333333333336,3.0,46.62140662351959,39.911012125588705,6.710394497930885,-10,-2,-8,-0.56,-0.38,-0.18000000000000005
83,51,-14,72,40,-1,40.0,37.0,3.0,40.3567425180312,29.87752778706208,10.479214730969119,-14,-1,-13,-0.39,-0.15,-0.24000000000000002
88,86,-21,91,63,-10,51.0,48.0,3.0,50.91823510950342,42.57542327055207,8.342811838951349,-21,-10,-11,-0.71,-0.48,-0.22999999999999998
66,16,-14,51,10,-2,22.666666666666668,19.666666666666668,3.0,32.99831645537222,22.691163233490013,10.307153221882206,-14,-2,-12,0.29,0.56,-0.2700000000000001
82,15,-16,65,12,-5,27.0,24.0,3.0,40.89824772122476,29.81051268708183,11.087735034142934,-16,-5,-11,0.41,0.54,-0.13000000000000006
82,64,-15,78,50,-6,43.666666666666664,40.666666666666664,3.0,42.12943019895817,34.92213560989012,7.207294589068049,-15,-6,-9,-0.61,-0.38,-0.22999999999999998
78,55,-18,74,36,-4,38.333333333333336,35.333333333333336,3.0,40.92540639857946,31.846855766656496,9.078550631922965,-18,-4,-14,-0.54,-0.03,-0.51
89,41,-16,75,37,-7,38.0,35.0,3.0,42.91852746774987,33.50621832834417,9.4123091394057,-16,-7,-9,-0.1,-0.09,-0.010000000000000009
89,33,-17,78,20,-2,35.0,32.0,3.0,43.29742101634538,33.7441352929167,9.55328572342868,-17,-2,-15,0.07,0.49,-0.42
92,52,-25,77,45,-12,39.666666666666664,36.666666666666664,3.0,48.55466564147626,36.80881536926839,11.745850272207875,-25,-12,-13,-0.36,-0.33,-0.02999999999999997
96,63,-22,95,40,-7,45.666666666666664,42.666666666666664,3.0,49.708036461812576,41.6839963961657,8.024040065646872,-22,-7,-15,-0.48,0.1,-0.58
64,61,-80,66,30,-69,15.0,9.0,6.0,67.1863081289633,57.07889277132134,10.107415357641962,-80,-69,-11,-0.71,-0.5,-0.20999999999999996
82,65,-54,79,41,-45,31.0,25.0,6.0,60.50344342817743,51.87163643713842,8.631806991039007,-54,-45,-9,-0.67,-0.43,-0.24000000000000005
49,39,-64,60,3,-57,8.0,2.0,6.0,51.07510809255979,47.77028364998475,3.3048244425750397,-64,-57,-7,-0.69,-0.03,-0.6599999999999999
98,38,-64,91,15,-52,24.0,18.0,6.0,66.87301398920195,58.418033745297066,8.454980243904885,-64,-52,-12,-0.3,0.08,-0.38
85,57,-26,78,32,-12,38.666666666666664,32.666666666666664,6.0,47.13338048088165,36.745370078721784,10.388010402159864,-26,-12,-14,-0.52,0.03,-0.55
78,31,-17,76,1,-3,30.666666666666668,24.666666666666668,6.0,38.784303812524755,36.33486235314814,2.449441459376615,-17,-3,-14,-0.01,0.7,-0.71
92,57,-28,84,41,-22,40.333333333333336,34.333333333333336,6.0,50.38738819276992,43.53032148846237,6.857066704307549,-28,-22,-6,-0.46,-0.23,-0.23
74,59,-50,60,44,-39,27.666666666666668,21.666666666666668,6.0,55.25898619731958,43.39226761634944,11.866718580970137,-50,-39,-11,-0.67,-0.64,-0.030000000000000027
95,21,-91,81,11,-85,8.333333333333334,2.3333333333333335,6.0,76.46059260967196,68.04573625306895,8.41485635660301,-91,-85,-6,-0.24,-0.19,-0.04999999999999999
91,45,-73,87,23,-65,21.0,15.0,6.0,69.07001278895687,62.31104770958892,6.758965079367954,-73,-65,-8,-0.48,-0.19,-0.29
94,55,-86,95,33,-83,21.0,15.0,6.0,77.31752712031083,73.7744309816529,3.54309613865793,-86,-83,-3,-0.57,-0.35,-0.21999999999999997
81,74,-67,96,32,-58,29.333333333333332,23.333333333333332,6.0,68.17787193967132,63.168205785998246,5.0096661536730736,-67,-58,-9,-0.7,-0.2,-0.49999999999999994
76,67,-63,87,33,-58,26.666666666666668,20.666666666666668,6.0,63.51027913303134,59.83495819520745,3.6753209378238907,-63,-58,-5,-0.7,-0.3,-0.39999999999999997
93,75,-78,87,53,-68,30.0,24.0,6.0,76.72027111526653,66.51816794430427,10.20210317096226,-78,-68,-10,-0.68,-0.57,-0.1100000000000001
76,75,-67,86,34,-54,28.0,22.0,6.0,67.17638473948018,57.78119648005453,9.395188259425652,-67,-54,-13,-0.71,-0.3,-0.41
98,25,-50,84,18,-47,24.333333333333332,18.333333333333332,6.0,60.422585916930835,53.48104544810453,6.941540468826304,-50,-47,-3,-0.02,0.01,-0.03
80,54,-23,85,21,-13,37.0,31.0,6.0,43.734044709661454,40.62839729384691,3.105647415814545,-23,-13,-10,-0.52,0.35,-0.87
71,68,-73,90,22,-64,22.0,16.0,6.0,67.1863081289633,63.01322612489117,4.1730820040721355,-73,-64,-9,-0.71,-0.14,-0.57
76,27,-21,72,4,-12,27.333333333333332,21.333333333333332,6.0,39.60078562632593,36.41733408999377,3.183451536332157,-21,-12,-9,0.01,0.61,-0.6
75,25,-33,72,1,-24,22.333333333333332,16.333333333333332,6.0,44.13111776916097,40.66393433443886,3.4671834347221093,-33,-24,-9,-0.09,0.51,-0.6
62,38,-58,63,4,-43,14.0,8.0,6.0,51.84592558726288,43.36665385600631,8.479271731256574,-58,-43,-15,-0.6,0.14,-0.74
43,27,-46,36,4,-34,8.0,2.0,6.0,38.738439135652676,28.61235164516658,10.126087490486096,-46,-34,-12,-0.62,-0.1,-0.52
86,7,-15,67,4,-11,26.0,20.0,6.0,43.36665385600631,33.793490497431605,9.573163358574703,-15,-11,-4,0.57,0.6,-0.030000000000000027
87,86,-40,95,50,-30,44.333333333333336,38.333333333333336,6.0,59.63406930792349,51.69354139756941,7.940527910354078,-40,-30,-10,-0.71,-0.33,-0.37999999999999995
74,25,-18,64,3,-4,27.0,21.0,6.0,37.58545818087983,30.539591789456953,7.04586639142288,-18,-4,-14,0.08,0.68,-0.6000000000000001
27,20,-4,18,8,-1,14.333333333333334,8.333333333333334,6.0,13.274871834493252,7.760297817881877,5.514574016611375,-4,-1,-3,-0.56,0.06,-0.6200000000000001
78,24,-77,66,8,-67,8.333333333333334,2.3333333333333335,6.0,64.24086619036896,54.44467120134185,9.796194989027114,-77,-67,-10,-0.35,-0.15,-0.19999999999999998
84,74,-73,96,33,-62,28.333333333333332,22.333333333333332,6.0,71.76969338717345,64.94270979529232,6.826983591881131,-73,-62,-11,-0.7,-0.24,-0.45999999999999996
78,71,-47,74,53,-43,34.0,28.0,6.0,57.3468976202433,50.93132631298737,6.415571307255924,-47,-43,-4,-0.7,-0.62,-0.07999999999999996
82,70,-64,81,50,-61,29.333333333333332,23.333333333333332,6.0,66.17821057988465,60.960825307915755,5.217385271968894,-64,-61,-3,-0.69,-0.57,-0.12
95,77,-55,97,48,-46,39.0,33.0,6.0,66.87301398920195,59.33520596295817,7.5378080262437805,-55,-46,-9,-0.67,-0.36,-0.31000000000000005
97,68,-31,85,55,-24,44.666666666666664,38.666666666666664,6.0,54.7986212316413,45.97342227369587,8.825198957945432,-31,-24,-7,-0.56,-0.49,-0.07000000000000006
99,83,-93,86,70,-85,29.666666666666668,23.666666666666668,6.0,86.98403429493382,77.11607412782946,9.867960167104357,-93,-85,-8,-0.69,-0.68,-0.009999999999999898
83,32,-38,73,11,-25,25.666666666666668,19.666666666666668,6.0,49.60062723617739,40.47495796442811,9.125669271749281,-38,-25,-13,-0.19,0.31,-0.5
78,43,-52,63,33,-45,23.0,17.0,6.0,54.9241901776136,45.51922670696417,9.404963470649434,-52,-45,-7,-0.5,-0.48,-0.020000000000000018
63,23,-64,53,8,-57,7.333333333333333,1.3333333333333333,6.0,53.01781671182705,45.15405728048022,7.8637594313468355,-64,-57,-7,-0.42,-0.22,-0.19999999999999998
83,17,-73,77,1,-69,9.0,3.0,6.0,63.93746945258312,59.62102537416366,4.316444078419465,-73,-69,-4,-0.19,0.05,-0.24
76,43,-32,78,10,-19,29.0,23.0,6.0,45.18849411078001,40.65300316909769,4.535490941682326,-32,-19,-13,-0.43,0.45,-0.88
97,82,-53,86,64,-42,42.0,36.0,6.0,67.45368781616021,55.88082557252234,11.572862243637871,-53,-42,-11,-0.68,-0.63,-0.050000000000000044
99,34,-63,91,9,-48,23.333333333333332,17.333333333333332,6.0,66.56492236072155,57.05163353392161,9.513288826799943,-63,-48,-15,-0.24,0.22,-0.45999999999999996
96,38,-20,90,17,-11,38.0,32.0,6.0,47.35680169380811,42.57542327055207,4.781378423256037,-20,-11,-9,0.0,0.48,-0.48
71,44,-58,76,14,-51,19.0,13.0,6.0,55.5517776493246,51.85235449491823,3.699423154406368,-58,-51,-7,-0.58,-0.03,-0.5499999999999999
90,61,-69,82,39,-57,27.333333333333332,21.333333333333332,6.0,69.13915115346892,58.10526845495357,11.033882698515349,-69,-57,-12,-0.61,-0.43,-0.18
63,45,-66,48,32,-56,14.0,8.0,6.0,57.043842787806646,45.723808531952656,11.32003425585399,-66,-56,-10,-0.65,-0.64,-0.010000000000000009
64,51,-32,75,8,-18,27.666666666666668,21.666666666666668,6.0,42.52319628417204,39.177658032211276,3.345538251960761,-32,-18,-14,-0.66,0.48,-1.1400000000000001
59,54,-8,62,28,-3,35.0,29.0,6.0,30.474032661705056,26.54555832275273,3.928474338952327,-8,-3,-5,-0.69,0.06,-0.75
98,45,-52,86,33,-46,30.333333333333332,24.333333333333332,6.0,62.109222789820485,54.23610933276424,7.873113457056249,-52,-46,-6,-0.34,-0.24,-0.10000000000000003
96,50,-17,88,30,-7,43.0,37.0,6.0,46.396838972786355,39.098167049961134,7.298671922825221,-17,-7,-10,-0.22,0.26,-0.48
93,53,-66,80,43,-61,26.666666666666668,20.666666666666668,6.0,67.52941745803989,59.68993959528598,7.83947786275391,-66,-61,-5,-0.53,-0.51,-0.020000000000000018
68,43,-54,57,29,-47,19.0,13.0,6.0,52.61812108643434,43.93935214209088,8.67876894434346,-54,-47,-7,-0.59,-0.5,-0.08999999999999997
99,19,-38,82,12,-32,26.666666666666668,20.666666666666668,6.0,56.19213072624631,46.94204464609052,9.25008608015579,-38,-32,-6,0.2,0.27,-0.07
66,26,-22,56,6,-10,23.333333333333332,17.333333333333332,6.0,35.97530016861878,28.110891523077356,7.864408645541424,-22,-10,-12,-0.11,0.54,-0.65
69,65,-51,78,25,-38,27.666666666666668,21.666666666666668,6.0,55.649698012557884,47.41542177627678,8.234276236281104,-51,-38,-13,-0.7,-0.11,-0.59
94,23,-91,77,15,-84,8.666666666666666,2.6666666666666665,6.0,76.2029454082248,66.30401362076222,9.898931787462587,-91,-84,-7,-0.28,-0.27,-0.010000000000000009
64,16,-55,52,2,-47,8.333333333333334,2.3333333333333335,6.0,48.883080463035014,40.41726803676314,8.465812426271874,-55,-47,-8,-0.23,0.01,-0.24000000000000002
37,36,-10,31,15,-1,21.0,15.0,6.0,21.924111536540465,13.063945294843617,8.860166241696849,-10,-1,-9,-0.71,0.0,-0.71
75,55,-86,94,3,-71,14.666666666666666,8.666666666666666,6.0,71.64883499091633,67.4800382006083,4.168796790308022,-86,-71,-15,-0.67,0.13,-0.8
61,58,-83,48,44,-74,12.0,6.0,6.0,67.1863081289633,56.592107812544555,10.59420031641875,-83,-74,-9,-0.71,-0.7,-0.010000000000000009
60,46,-20,51,30,-13,28.666666666666668,22.666666666666668,6.0,34.883934538536344,26.637484032009397,8.246450506526948,-20,-13,-7,-0.62,-0.39,-0.22999999999999998
76,47,-60,74,22,-51,21.0,15.0,6.0,58.48646567084274,51.27052434554055,7.21594132530219,-60,-51,-9,-0.58,-0.2,-0.37999999999999995
95,90,-20,88,73,-14,55.0,49.0,6.0,53.07227776030219,44.96665431183423,8.10562344846796,-20,-14,-6,-0.7,-0.65,-0.04999999999999993
97,81,-43,95,56,-34,45.0,39.0,6.0,62.567297102133686,54.01851534427802,8.548781757855664,-43,-34,-9,-0.67,-0.44,-0.23000000000000004
84,66,-39,83,38,-28,37.0,31.0,6.0,54.24020648928247,45.58508528016593,8.655121209116544,-39,-28,-11,-0.65,-0.23,-0.42000000000000004
83,62,-16,76,47,-12,43.0,37.0,6.0,42.59107887809371,36.615115275889366,5.975963602204345,-16,-12,-4,-0.58,-0.39,-0.18999999999999995
67,14,-18,46,9,-10,21.0,15.0,6.0,35.05234181430203,23.25224003546038,11.80010177884165,-18,-10,-8,0.29,0.37,-0.08000000000000002
85,45,-54,72,30,-44,25.333333333333332,19.333333333333332,6.0,58.4256412507005,47.95368135561185,10.471959895088652,-54,-44,-10,-0.47,-0.32,-0.14999999999999997
99,79,-91,88,63,-82,29.0,23.0,6.0,85.24474568362947,74.94442385305705,10.300321830572429,-91,-82,-9,-0.68,-0.65,-0.030000000000000027
89,32,-77,73,22,-69,14.666666666666666,8.666666666666666,6.0,68.86863501543274,58.73291713813946,10.135717877293281,-77,-69,-8,-0.36,-0.33,-0.02999999999999997
69,40,-29,65,14,-17,26.666666666666668,20.666666666666668,6.0,41.10420362390634,33.8066397160216,7.297563907884744,-29,-17,-12,-0.45,0.29,-0.74
54,46,-71,61,19,-69,9.666666666666666,3.6666666666666665,6.0,57.13337222869155,54.16846150872501,2.9649107199665394,-71,-69,-2,-0.7,-0.4,-0.29999999999999993
91,40,-37,81,27,-32,31.333333333333332,25.333333333333332,6.0,52.613897614814874,46.14710777021194,6.4667898446029355,-37,-32,-5,-0.24,-0.05,-0.19
75,45,-41,69,28,-36,26.333333333333332,20.333333333333332,6.0,49.161864172230985,43.2075096353503,5.954354536880686,-41,-36,-5,-0.51,-0.26,-0.25
73,42,-48,63,24,-38,22.333333333333332,16.333333333333332,6.0,51.31817958146563,41.58792559812951,9.73025398333612,-48,-38,-10,-0.52,-0.27,-0.25
67,65,-84,92,13,-75,16.0,10.0,6.0,70.7153920067383,68.21045863111219,2.504933375626109,-84,-75,-9,-0.71,-0.07,-0.6399999999999999
84,56,-46,86,24,-34,31.333333333333332,25.333333333333332,6.0,55.864916440364325,48.998866200034556,6.86605024032977,-46,-34,-12,-0.58,0.04,-0.62
79,32,-65,66,16,-54,15.333333333333334,9.333333333333334,6.0,59.95739227892494,49.21607686744467,10.741315411480272,-65,-54,-11,-0.4,-0.2,-0.2
49,48,-43,57,8,-29,18.0,12.0,6.0,43.135445594854666,35.223098481914775,7.912347112939891,-43,-29,-14,-0.71,0.17,-0.88
69,60,-86,76,32,-83,14.333333333333334,8.333333333333334,6.0,71.04145894397784,67.03398806244155,4.0074708815362925,-86,-83,-3,-0.7,-0.49,-0.20999999999999996
56,23,-58,46,2,-45,7.0,1.0,6.0,47.89572005931219,37.15732319027659,10.738396869035597,-58,-45,-13,-0.46,-0.04,-0.42000000000000004
92,57,-70,82,46,-67,26.333333333333332,20.333333333333332,6.0,69.60044699728746,63.47878035655345,6.121666640734013,-70,-67,-3,-0.58,-0.54,-0.039999999999999925
90,40,-14,86,15,-3,38.666666666666664,32.666666666666664,6.0,42.4682888230213,38.421637422450154,4.046651400571143,-14,-3,-11,-0.05,0.59,-0.64
59,40,-31,56,16,-22,22.666666666666668,16.666666666666668,6.0,38.7327022323801,31.846855766656496,6.885846465723603,-31,-22,-9,-0.58,0.03,-0.61
47,21,-48,40,7,-45,6.666666666666667,0.6666666666666666,6.0,40.086018621071474,34.988887124660344,5.09713149641113,-48,-45,-3,-0.49,-0.27,-0.21999999999999997
81,66,-27,86,28,-12,40.0,34.0,6.0,47.77028364998475,40.2326567189723,7.537626931012447,-27,-12,-15,-0.66,0.22,-0.88
73,27,-46,69,8,-41,18.0,12.0,6.0,48.99659852139398,44.99629614386796,4.000302377526019,-46,-41,-5,-0.27,0.13,-0.4
72,46,-37,67,30,-34,27.0,21.0,6.0,46.48297179254642,41.72129751897305,4.7616742735733695,-37,-34,-3,-0.54,-0.31,-0.23000000000000004
69,64,-79,66,46,-76,18.0,12.0,6.0,68.61972505531239,62.758797524065635,5.860927531246752,-79,-76,-3,-0.7,-0.65,-0.04999999999999993
47,28,-53,36,18,-50,7.333333333333333,1.3333333333333333,6.0,43.36152928832449,37.03451843288307,6.327010855441422,-53,-50,-3,-0.61,-0.58,-0.030000000000000027
91,70,-10,89,47,-3,50.333333333333336,44.333333333333336,6.0,43.51500379817926,37.60614606978788,5.908857728391375,-10,-3,-7,-0.59,-0.11,-0.48
92,43,-78,90,20,-71,19.0,13.0,6.0,71.44695001654492,65.91408549518583,5.5328645213590875,-78,-71,-7,-0.47,-0.16,-0.30999999999999994
67,63,-61,89,13,-51,23.0,17.0,6.0,59.41941321375251,57.22470329033316,2.194709923419353,-61,-51,-10,-0.7,0.1,-0.7999999999999999
90,19,-42,81,3,-35,22.333333333333332,16.333333333333332,6.0,53.94029621308689,48.28618389928485,5.654112313802038,-42,-35,-7,0.09,0.39,-0.30000000000000004
85,83,-66,89,51,-56,34.0,28.0,6.0,70.7153920067383,61.389467066156115,9.325924940582183,-66,-56,-10,-0.71,-0.51,-0.19999999999999996
85,59,-27,79,32,-12,39.0,33.0,6.0,47.86090958879351,37.15732319027659,10.703586398516919,-27,-12,-15,-0.55,0.04,-0.5900000000000001
85,72,-40,78,49,-28,39.0,33.0,6.0,56.11298126696412,44.7288124888943,11.38416877806982,-40,-28,-12,-0.68,-0.49,-0.19000000000000006
92,46,-13,78,38,-9,41.666666666666664,35.666666666666664,6.0,42.97544518546479,35.55590277608237,7.419542409382423,-13,-9,-4,-0.15,-0.1,-0.04999999999999999
63,59,-79,82,16,-73,14.333333333333334,8.333333333333334,6.0,66.01683287027802,63.51027913303133,2.5065537372466906,-79,-73,-6,-0.71,-0.18,-0.53
77,65,-17,88,24,-5,41.666666666666664,35.666666666666664,6.0,41.77186719418811,38.852999312222416,2.9188678819656957,-17,-5,-12,-0.66,0.42,-1.08
69,56,-32,62,33,-20,31.0,25.0,6.0,44.86275366789991,33.95094500402996,10.911808663869948,-32,-20,-12,-0.66,-0.34,-0.32
98,70,-39,94,45,-28,43.0,37.0,6.0,59.098787353605374,50.1265066273989,8.97228072620647,-39,-28,-11,-0.59,-0.24,-0.35
84,76,-22,73,52,-14,46.0,37.0,9.0,48.194052191807515,37.067505985701274,11.12654620610624,-22,-14,-8,-0.69,-0.54,-0.1499999999999999
71,59,-51,69,25,-42,26.333333333333332,17.333333333333332,9.0,54.9019327731021,45.638677554119475,9.263255218982621,-51,-42,-9,-0.68,-0.25,-0.43000000000000005
96,43,-95,87,14,-84,14.666666666666666,5.666666666666667,9.0,80.50810863233315,70.05870554201114,10.449403090322008,-95,-84,-11,-0.48,-0.18,-0.3
89,28,-66,85,2,-63,17.0,8.0,9.0,63.75473838599502,60.569519287069355,3.185219098925664,-66,-63,-3,-0.25,0.15,-0.4
94,61,-31,85,32,-20,41.333333333333336,32.333333333333336,9.0,52.891923348991156,42.866718506967096,10.02520484202406,-31,-20,-11,-0.51,0.01,-0.52
86,74,-8,78,48,-1,50.666666666666664,41.666666666666664,9.0,41.77186719418811,32.561053764001905,9.210813430186207,-8,-1,-7,-0.66,-0.28,-0.38
51,44,-16,46,18,-12,26.333333333333332,17.333333333333332,9.0,30.070288030250428,23.683092891108814,6.387195139141614,-16,-12,-4,-0.68,-0.04,-0.64
86,58,-36,77,34,-30,36.0,27.0,9.0,52.17917847826532,43.96210489349511,8.217073584770212,-36,-30,-6,-0.56,-0.23,-0.33000000000000007
96,78,-51,95,44,-43,41.0,32.0,9.0,65.46754921333164,56.97367813297646,8.493871080355177,-51,-43,-8,-0.67,-0.31,-0.36000000000000004
79,45,-35,80,2,-20,29.666666666666668,20.666666666666668,9.0,47.786562499886465,42.905581092544224,4.88098140734224,-35,-20,-15,-0.45,0.57,-1.02
93,65,-15,92,30,-6,47.666666666666664,38.666666666666664,9.0,45.7626728046147,40.4749579644281,5.287714840186602,-15,-6,-9,-0.51,0.31,-0.8200000000000001
65,26,-47,48,8,-39,14.666666666666666,5.666666666666667,9.0,46.42078078715274,35.55590277608237,10.864878011070367,-47,-39,-8,-0.35,-0.1,-0.24999999999999997
60,52,-24,53,19,-11,29.333333333333332,20.333333333333332,9.0,37.853518844209034,26.14489540150344,11.708623442705594,-24,-11,-13,-0.68,0.08,-0.76
97,21,-84,83,3,-79,11.333333333333334,2.3333333333333335,9.0,74.2084152161255,66.13790306792484,8.070512148200663,-84,-79,-5,-0.19,-0.02,-0.17
75,50,-47,66,23,-38,26.0,17.0,9.0,52.61812108643434,42.66927075386533,9.948850332569016,-47,-38,-9,-0.59,-0.21,-0.38
92,21,-19,71,7,-11,31.333333333333332,22.333333333333332,9.0,45.900859348043674,35.188381921057726,10.712477426985949,-19,-11,-8,0.33,0.57,-0.23999999999999994
80,43,-41,81,8,-34,27.333333333333332,18.333333333333332,9.0,50.624982853220686,47.51374070261734,3.1112421506033456,-41,-34,-7,-0.43,0.32,-0.75
91,90,-44,92,50,-32,45.666666666666664,36.666666666666664,9.0,63.405222357643545,51.49325737954005,11.911964978103498,-44,-32,-12,-0.71,-0.37,-0.33999999999999997
94,54,-24,78,41,-22,41.333333333333336,32.333333333333336,9.0,48.998866200034556,41.282226468811274,7.716639731223282,-24,-22,-2,-0.37,-0.31,-0.06
77,64,-18,75,29,-8,41.0,32.0,9.0,42.05551886098502,33.95094500402996,8.104573856955056,-18,-8,-10,-0.66,0.13,-0.79
98,59,-68,86,39,-63,29.666666666666668,20.666666666666668,9.0,70.87234219982355,62.19503374243174,8.67730845739181,-68,-63,-5,-0.55,-0.42,-0.13000000000000006
58,41,-66,57,1,-52,11.0,2.0,9.0,54.88776427097998,44.50468140169826,10.383082869281722,-66,-52,-14,-0.66,0.03,-0.6900000000000001
89,69,-77,80,48,-74,27.0,18.0,9.0,73.99099044253069,66.3525935187666,7.638396923764091,-77,-74,-3,-0.67,-0.59,-0.08000000000000007
99,48,-36,85,22,-23,37.0,28.0,9.0,55.65968020030299,44.294469180700204,11.365211019602782,-36,-23,-13,-0.29,0.2,-0.49
97,25,-33,80,13,-31,29.666666666666668,20.666666666666668,9.0,53.17476427362471,45.638677554119475,7.536086719505235,-33,-31,-2,0.13,0.25,-0.12
74,22,-15,58,4,-8,27.0,18.0,9.0,36.5057073163453,28.705400188814647,7.800307127530655,-15,-8,-7,0.2,0.62,-0.42
68,61,-90,86,5,-79,13.0,4.0,9.0,72.8880420005001,67.36467917239716,5.523362828102947,-90,-79,-11,-0.7,-0.02,-0.6799999999999999
75,57,-8,61,39,-3,41.333333333333336,32.333333333333336,9.0,35.64952859280034,26.5497436689865,9.099784923813836,-8,-3,-5,-0.57,-0.36,-0.20999999999999996
91,73,-19,96,36,-14,48.333333333333336,39.333333333333336,9.0,48.17560470703911,44.96912521077348,3.2064794962656364,-19,-14,-5,-0.63,0.11,-0.74
68,29,-64,58,2,-54,11.0,2.0,9.0,55.37147279962851,45.723808531952656,9.647664267675857,-64,-54,-10,-0.45,0.0,-0.45
55,44,-56,54,4,-42,14.333333333333334,5.333333333333333,9.0,49.93551397107629,39.20317447463775,10.732339496438541,-56,-42,-14,-0.68,0.05,-0.7300000000000001
56,54,-21,57,23,-18,29.666666666666668,20.666666666666668,9.0,35.836046408919366,30.663043264200347,5.173003144719019,-21,-18,-3,-0.71,-0.11,-0.6
90,34,-39,73,14,-29,28.333333333333332,19.333333333333332,9.0,52.81624329271778,41.81174741890396,11.004495873813816,-39,-29,-10,-0.16,0.19,-0.35
53,52,-29,57,18,-26,25.333333333333332,16.333333333333332,9.0,38.421637422450154,33.9050963065371,4.516541115913057,-29,-26,-3,-0.71,-0.07,-0.6399999999999999
85,78,-71,95,34,-64,30.666666666666668,21.666666666666668,9.0,71.94596737984848,65.49469868283659,6.451268697011898,-71,-64,-7,-0.7,-0.28,-0.41999999999999993
98,35,-79,95,4,-72,18.0,9.0,9.0,73.25298628724975,68.26907547833548,4.983910808914274,-79,-72,-7,-0.34,0.11,-0.45
86,82,-85,80,54,-78,27.666666666666668,18.666666666666668,9.0,79.68409851128114,69.1728912861743,10.51120722510683,-85,-78,-7,-0.71,-0.63,-0.07999999999999996
79,76,-68,85,37,-62,29.0,20.0,9.0,68.60029154456998,61.204574992397426,7.3957165521725585,-68,-62,-6,-0.71,-0.4,-0.30999999999999994
72,48,-86,62,26,-81,11.333333333333334,2.3333333333333335,9.0,69.51898221988645,60.73073539997866,8.78824681990779,-86,-81,-5,-0.64,-0.53,-0.10999999999999999
55,43,-60,58,7,-54,12.666666666666666,3.6666666666666665,9.0,51.61610429141493,45.784519460427035,5.831584830987893,-60,-54,-6,-0.68,-0.11,-0.5700000000000001
79,34,-31,68,3,-16,27.333333333333332,18.333333333333332,9.0,45.15405728048022,35.966033358650435,9.188023921829782,-31,-16,-15,-0.22,0.56,-0.78
87,43,-39,76,23,-35,30.333333333333332,21.333333333333332,9.0,52.21323799787006,45.330882286680556,6.882355711189504,-39,-35,-4,-0.35,-0.06,-0.29
66,38,-22,57,14,-16,27.333333333333332,18.333333333333332,9.0,36.709066394496546,29.95923155816176,6.749834836334784,-22,-16,-6,-0.41,0.21,-0.62
99,45,-67,98,5,-53,25.666666666666668,16.666666666666668,9.0,69.13432979031153,62.19503374243174,6.939296047879786,-67,-53,-14,-0.4,0.27,-0.67
70,26,-51,55,6,-43,15.0,6.0,9.0,50.00666622228147,40.00833246545858,9.998333756822888,-51,-43,-8,-0.32,0.0,-0.32
69,14,-29,53,1,-27,18.0,9.0,9.0,40.10818702792071,33.14614105241614,6.962045975504566,-29,-27,-2,0.15,0.35,-0.19999999999999998
72,42,-38,57,23,-31,25.333333333333332,16.333333333333332,9.0,46.42796092394706,36.23380864453651,10.194152279410552,-38,-31,-7,-0.49,-0.27,-0.21999999999999997
62,49,-24,50,26,-16,29.0,20.0,9.0,37.85058343892029,27.27636339397171,10.574220044948579,-24,-16,-8,-0.65,-0.32,-0.33
98,39,-50,96,11,-47,29.0,20.0,9.0,60.83310502240262,58.72534943843814,2.107755583964483,-50,-47,-3,-0.24,0.23,-0.47
81,48,-42,79,15,-34,29.0,20.0,9.0,51.980765673468106,46.26733909213568,5.713426581332428,-42,-34,-8,-0.5,0.16,-0.66
48,30,-31,35,11,-26,15.666666666666666,6.666666666666667,9.0,33.8066397160216,25.090945688745084,8.715694027276516,-31,-26,-5,-0.56,-0.25,-0.31000000000000005
60,35,-17,52,7,-8,26.0,17.0,9.0,32.072833779799794,25.495097567963924,6.5777362118358695,-17,-8,-9,-0.4,0.53,-0.93
86,51,-57,81,25,-53,26.666666666666668,17.666666666666668,9.0,60.862321860262796,54.950482759986336,5.91183910027646,-57,-53,-4,-0.54,-0.2,-0.34
53,50,-24,45,28,-21,26.333333333333332,17.333333333333332,9.0,35.612107803698194,27.980151695244412,7.631956108453782,-24,-21,-3,-0.7,-0.52,-0.17999999999999994
99,35,-32,77,25,-27,34.0,25.0,9.0,53.485200445232195,42.45782220824175,11.027378236990444,-32,-27,-5,-0.03,0.0,-0.03
99,86,-98,90,61,-91,29.0,20.0,9.0,89.9592500339274,79.37673882609859,10.582511207828816,-98,-91,-7,-0.7,-0.64,-0.05999999999999994
31,21,-18,15,1,-9,11.333333333333334,2.3333333333333335,9.0,21.139746660943903,9.843215373488933,11.29653128745497,-18,-9,-9,-0.59,0.2,-0.79
99,46,-55,98,18,-53,30.0,21.0,9.0,63.88009601328623,61.68198008062538,2.1981159326608477,-55,-53,-2,-0.36,0.07,-0.43
71,38,-75,62,17,-72,11.333333333333334,2.3333333333333335,9.0,62.515775786774185,55.679639207004755,6.8361365797694305,-75,-72,-3,-0.56,-0.38,-0.18000000000000005
94,61,-44,99,22,-37,37.0,28.0,9.0,58.8387627334226,55.68363014986242,3.1551325835601816,-44,-37,-7,-0.54,0.16,-0.7000000000000001
95,71,-70,84,46,-61,32.0,23.0,9.0,72.78736154031138,61.389467066156115,11.397894474155265,-70,-61,-9,-0.65,-0.51,-0.14
97,46,-7,85,27,-3,45.333333333333336,36.333333333333336,9.0,42.460439103816256,36.527006751473934,5.933432352342322,-7,-3,-4,-0.02,0.37,-0.39
62,61,-89,83,9,-85,11.333333333333334,2.3333333333333335,9.0,70.9475549653091,68.74752520798275,2.200029757326348,-89,-85,-4,-0.71,-0.14,-0.57
66,49,-81,58,27,-78,11.333333333333334,2.3333333333333335,9.0,65.65735974655765,58.19698350334739,7.460376243210256,-81,-78,-3,-0.67,-0.56,-0.10999999999999999
99,38,-35,87,15,-27,34.0,25.0,9.0,54.77834121864833,47.07440918375928,7.70393203488905,-35,-27,-8,-0.11,0.31,-0.42
49,48,-53,57,1,-41,14.666666666666666,5.666666666666667,9.0,47.84930047091134,40.14418457953226,7.70511589137908,-53,-41,-12,-0.71,0.17,-0.88
54,33,-42,44,12,-38,15.0,6.0,9.0,41.20679555607303,33.7441352929167,7.46266026315633,-42,-38,-4,-0.57,-0.26,-0.30999999999999994
84,25,-71,63,13,-65,12.666666666666666,3.6666666666666665,9.0,63.87661717891941,52.67088590694315,11.205731271976262,-71,-65,-6,-0.28,-0.26,-0.020000000000000018
47,35,-51,40,12,-48,10.333333333333334,1.3333333333333333,9.0,43.64503280888776,36.709066394496546,6.935966414391217,-51,-48,-3,-0.67,-0.41,-0.26000000000000006
55,43,-38,52,6,-25,20.0,11.0,9.0,41.30375285612676,31.63331577098213,9.670437085144634,-38,-25,-13,-0.66,0.23,-0.89
86,49,-27,78,28,-25,36.0,27.0,9.0,47.038990918882035,42.05551886098502,4.983472057897018,-27,-25,-2,-0.39,-0.04,-0.35000000000000003
82,48,-53,74,27,-51,25.666666666666668,16.666666666666668,9.0,57.33139531608217,51.551484513596264,5.779910802485908,-53,-51,-2,-0.53,-0.29,-0.24000000000000005
90,28,-64,69,15,-57,18.0,9.0,9.0,63.26663154196426,51.61395160225576,11.652679939708499,-64,-57,-7,-0.23,-0.17,-0.06
90,67,-17,92,28,-7,46.666666666666664,37.666666666666664,9.0,45.98792111945146,40.99051380773632,4.997407311715136,-17,-7,-10,-0.58,0.34,-0.9199999999999999
78,66,-39,91,12,-25,35.0,26.0,9.0,52.55473337388365,48.38043681765044,4.174296556233209,-39,-25,-14,-0.68,0.41,-1.09
81,47,-45,82,10,-36,27.666666666666668,18.666666666666668,9.0,53.224889749898864,48.56153027059817,4.663359479300695,-45,-36,-9,-0.5,0.26,-0.76
99,57,-32,84,35,-22,41.333333333333336,32.333333333333336,9.0,54.61583002105607,43.31538089665405,11.300449124402022,-32,-22,-10,-0.41,-0.09,-0.31999999999999995
72,55,-33,59,32,-24,31.333333333333332,22.333333333333332,9.0,46.0169051062276,34.56716489515576,11.449740211071834,-33,-24,-9,-0.64,-0.4,-0.24
86,38,-70,83,10,-66,18.0,9.0,9.0,65.23802572120036,60.83310502240262,4.4049206987977385,-70,-66,-4,-0.43,-0.02,-0.41
77,46,-38,63,26,-31,28.333333333333332,19.333333333333332,9.0,48.58211833815218,38.66379299666406,9.91832534148812,-38,-31,-7,-0.5,-0.25,-0.25
99,63,-73,86,46,-70,29.666666666666668,20.666666666666668,9.0,74.06903686576612,66.15805989362815,7.9109769721379735,-73,-70,-3,-0.58,-0.52,-0.05999999999999994
84,27,-35,64,14,-29,25.333333333333332,16.333333333333332,9.0,48.595838870787645,38.00292386412159,10.592915006666054,-35,-29,-6,-0.05,0.09,-0.14
92,85,-78,93,50,-71,33.0,24.0,9.0,78.54085985438832,69.4310209248479,9.109838929540416,-78,-71,-7,-0.7,-0.51,-0.18999999999999995
82,32,-65,81,1,-60,16.333333333333332,7.333333333333333,9.0,61.02640594220032,57.736951387785936,3.289454554414384,-65,-60,-5,-0.37,0.16,-0.53
76,75,-20,64,57,-17,43.666666666666664,34.666666666666664,9.0,45.02098276236192,36.64544840616484,8.375534356197079,-20,-17,-3,-0.71,-0.69,-0.020000000000000018
91,55,-83,95,22,-81,21.0,12.0,9.0,74.9933330370107,72.19879962067698,2.7945334163337208,-83,-81,-2,-0.59,-0.21,-0.38
96,32,-86,84,3,-72,14.0,5.0,9.0,75.38346414610214,63.702433234531945,11.681030911570197,-86,-72,-14,-0.34,0.05,-0.39
98,39,-51,94,11,-46,28.666666666666668,19.666666666666668,9.0,61.26626768096418,57.48236444529941,3.7839032356647664,-51,-46,-5,-0.25,0.22,-0.47
99,44,-48,87,27,-46,31.666666666666668,22.666666666666668,9.0,60.642852468824024,54.3834125037732,6.259439965050824,-48,-46,-2,-0.3,-0.12,-0.18
73,54,-92,69,19,-80,11.666666666666666,2.6666666666666665,9.0,73.71265532834613,61.91571331702119,11.796942011324937,-92,-80,-12,-0.67,-0.38,-0.29000000000000004
81,64,-95,83,24,-84,16.666666666666668,7.666666666666667,9.0,79.26467617349412,69.1487928712827,10.11588330221143,-95,-84,-11,-0.68,-0.34,-0.34
94,77,-42,93,49,-40,43.0,34.0,9.0,60.50344342817743,55.323292261638464,5.180151166538963,-42,-40,-2,-0.67,-0.39,-0.28
57,46,-55,51,18,-48,16.0,7.0,9.0,50.40502620440412,41.15823125451335,9.24679494989077,-55,-48,-7,-0.68,-0.38,-0.30000000000000004
84,77,-22,88,37,-13,46.333333333333336,37.333333333333336,9.0,48.40339749324307,41.23375100839387,7.169646484849203,-22,-13,-9,-0.7,0.01,-0.71
64,32,-55,54,4,-44,13.666666666666666,4.666666666666667,9.0,50.28143019268866,40.01110956832975,10.27032062435891,-55,-44,-11,-0.5,0.02,-0.52
85,50,-43,76,21,-32,30.666666666666668,21.666666666666668,9.0,54.01440137181523,44.0933353492591,9.921066022556133,-43,-32,-11,-0.49,0.02,-0.51
84,54,-92,75,29,-85,15.333333333333334,6.333333333333333,9.0,76.87796968067134,67.25738290742181,9.620586773249528,-92,-85,-7,-0.63,-0.47,-0.16000000000000003
86,67,-62,73,50,-59,30.333333333333332,21.333333333333332,9.0,65.7486797501584,57.57507176625044,8.173607983907964,-62,-59,-3,-0.66,-0.62,-0.040000000000000036
92,77,-42,99,41,-40,42.333333333333336,33.333333333333336,9.0,59.9462722406953,57.00487308604024,2.941399154655059,-42,-40,-2,-0.67,-0.2,-0.47000000000000003
52,25,-20,43,3,-16,19.0,10.0,9.0,29.698484809834994,24.589970855343985,5.108513954491009,-20,-16,-4,-0.29,0.4,-0.69
