outcome_a1,outcome_a2,outcome_a3,outcome_b1,outcome_b2,outcome_b3,ev_a,ev_b,ev_diff,var_a,var_b,var_diff,loss_a,loss_b,loss_diff,skew_a,skew_b,skew_diff
51,43,-16,78,41,-14,26.0,35.0,-9.0,29.87752778706208,37.797707161502096,-7.920179374440018,-16,-14,-2,-0.67,-0.23,-0.44000000000000006
61,32,-30,89,23,-22,21.0,30.0,-9.0,37.95611501018863,45.58508528016593,-7.6289702699772945,-30,-22,-8,-0.41,0.23,-0.64
50,21,-55,80,11,-48,5.333333333333333,14.333333333333334,-9.0,44.274396915398206,52.30891149911478,-8.034514583716572,-55,-48,-7,-0.49,0.1,-0.59
68,18,-71,94,10,-62,5.0,14.0,-9.0,57.48623023530649,63.74950980203691,-6.263279566730418,-71,-62,-9,-0.33,0.09,-0.42000000000000004
43,17,-45,72,4,-34,5.0,14.0,-9.0,36.914315199752345,43.84822307308093,-6.933907873328586,-45,-34,-11,-0.45,0.33,-0.78
49,25,-32,82,10,-23,14.0,23.0,-9.0,33.97057550292606,43.840620433565945,-9.870044930639885,-32,-23,-9,-0.45,0.42,-0.87
50,12,-61,81,2,-55,0.3333333333333333,9.333333333333334,-9.0,46.060346889223005,55.76338902501852,-9.703042135795513,-61,-55,-6,-0.36,0.19,-0.55
74,33,-32,94,35,-27,25.0,34.0,-9.0,43.642486944108335,49.4031038161234,-5.7606168720150634,-32,-27,-5,-0.27,-0.03,-0.24000000000000002
53,5,-55,74,7,-51,1.0,10.0,-9.0,44.181444068749045,51.07510809255979,-6.893664023810743,-55,-51,-4,-0.14,0.09,-0.23
35,28,-30,72,13,-25,11.0,20.0,-9.0,29.13188402192118,39.9082280572148,-10.776344035293619,-30,-25,-5,-0.68,0.26,-0.9400000000000001
59,26,-23,79,30,-20,20.666666666666668,29.666666666666668,-9.0,33.68811198166037,40.41726803676314,-6.72915605510277,-23,-20,-3,-0.23,-0.01,-0.22
41,30,-58,60,35,-55,4.333333333333333,13.333333333333334,-9.0,44.304501903180096,49.385107966763506,-5.08060606358341,-58,-55,-3,-0.67,-0.57,-0.10000000000000009
54,44,-80,91,19,-65,6.0,15.0,-9.0,60.94806532341011,63.74950980203691,-2.8014444786267987,-80,-65,-15,-0.69,-0.09,-0.6
52,47,-90,84,32,-80,3.0,12.0,-9.0,65.79260343432738,68.43001290856715,-2.6374094742397745,-90,-80,-10,-0.7,-0.41,-0.29
56,44,-87,94,19,-73,4.333333333333333,13.333333333333334,-9.0,64.76796190161375,68.29511126151141,-3.5271493598976633,-87,-73,-14,-0.69,-0.12,-0.57
59,51,-41,93,37,-34,23.0,32.0,-9.0,45.37253207246281,51.96793883411836,-6.595406761655546,-41,-34,-7,-0.69,-0.14,-0.5499999999999999
51,28,-31,78,20,-23,16.0,25.0,-9.0,34.53500639447844,41.38437708443449,-6.849370689956054,-31,-23,-8,-0.48,0.18,-0.6599999999999999
68,7,-23,94,1,-16,17.333333333333332,26.333333333333332,-9.0,37.86232369461172,48.3482735529983,-10.485949858386583,-23,-16,-7,0.39,0.64,-0.25
75,37,-61,91,45,-58,17.0,26.0,-9.0,57.29456053297439,62.294997123899655,-5.000436590925268,-61,-58,-3,-0.48,-0.43,-0.04999999999999999
71,53,-68,87,62,-66,18.666666666666668,27.666666666666668,-9.0,61.721597156550935,67.01409470319575,-5.292497546644817,-68,-66,-2,-0.66,-0.63,-0.030000000000000027
58,33,-82,74,38,-76,3.0,12.0,-9.0,60.964470527239605,63.93746945258312,-2.972998925343518,-82,-76,-6,-0.62,-0.54,-0.07999999999999996
46,43,-23,82,25,-14,22.0,31.0,-9.0,31.843366656181317,39.42080668885405,-7.577440032672733,-23,-14,-9,-0.7,0.22,-0.9199999999999999
72,28,-46,91,34,-44,18.0,27.0,-9.0,48.68949236402724,55.33534132902769,-6.645848965000454,-46,-44,-2,-0.3,-0.19,-0.10999999999999999
58,23,-65,80,17,-54,5.333333333333333,14.333333333333334,-9.0,51.74510175422941,54.73775865179558,-2.992656897566171,-65,-54,-11,-0.47,-0.07,-0.39999999999999997
72,62,-10,99,53,-1,41.333333333333336,50.333333333333336,-9.0,36.527006751473934,40.86835233065094,-4.341345579177009,-10,-1,-9,-0.67,-0.1,-0.5700000000000001
48,43,-75,90,22,-69,5.333333333333333,14.333333333333334,-9.0,56.840908586060515,65.13746148637425,-8.296552900313735,-75,-69,-6,-0.7,-0.17,-0.5299999999999999
33,22,-31,61,19,-29,8.0,17.0,-9.0,27.94041278626117,36.76955262170047,-8.8291398354393,-31,-29,-2,-0.63,-0.08,-0.55
55,23,-29,79,24,-27,16.333333333333332,25.333333333333332,-9.0,34.61534662865912,43.28458796795409,-8.66924133929497,-29,-27,-2,-0.28,0.05,-0.33
60,34,-88,93,15,-75,2.0,11.0,-9.0,64.51873113032111,68.64400920692205,-4.125278076600935,-88,-75,-13,-0.62,-0.09,-0.53
71,27,-86,88,35,-84,4.0,13.0,-9.0,66.1261420821347,71.92125323342654,-5.7951111512918345,-86,-84,-2,-0.48,-0.43,-0.04999999999999999
79,16,-28,97,17,-20,22.333333333333332,31.333333333333332,-9.0,43.91152721350309,48.82849805413046,-4.916970840627371,-28,-20,-8,0.21,0.42,-0.21
47,46,-75,84,22,-61,6.0,15.0,-9.0,57.27710420985567,59.40258131316068,-2.125477103305009,-75,-61,-14,-0.71,-0.18,-0.53
42,31,-63,83,8,-54,3.3333333333333335,12.333333333333334,-9.0,47.11923410054775,56.013887166983466,-8.894653066435716,-63,-54,-9,-0.68,0.12,-0.8
42,37,-62,81,18,-55,5.666666666666667,14.666666666666666,-9.0,47.89108012517108,55.57177541002467,-7.680695284853591,-62,-55,-7,-0.7,-0.09,-0.61
71,13,-45,88,18,-40,13.0,22.0,-9.0,47.35680169380811,52.33227175144097,-4.975470057632862,-45,-40,-5,0.0,0.11,-0.11
48,19,-40,64,22,-32,9.0,18.0,-9.0,36.615115275889366,39.293765408777,-2.6786501328876327,-40,-32,-8,-0.39,-0.15,-0.24000000000000002
65,10,-62,90,1,-51,4.333333333333333,13.333333333333334,-9.0,52.0021367082375,58.2198896903417,-6.2177529821042015,-62,-51,-11,-0.16,0.31,-0.47
17,15,-21,40,7,-9,3.6666666666666665,12.666666666666666,-9.0,17.46106780494506,20.401524997465806,-2.9404571925207463,-21,-9,-12,-0.7,0.4,-1.1
62,37,-3,90,34,-1,32.0,41.0,-9.0,26.770630673681683,37.47888294315436,-10.708252269472677,-3,-1,-2,-0.27,0.27,-0.54
65,39,-51,84,38,-42,17.666666666666668,26.666666666666668,-9.0,49.701330185642135,52.0597946809457,-2.358464495303565,-51,-42,-9,-0.56,-0.32,-0.24000000000000005
57,40,-28,84,35,-23,23.0,32.0,-9.0,36.72419729097788,43.734044709661454,-7.009847418683577,-28,-23,-5,-0.6,-0.1,-0.5
66,55,-70,95,50,-67,17.0,26.0,-9.0,61.68198008062538,68.27884006044626,-6.596859979820877,-70,-67,-3,-0.69,-0.48,-0.20999999999999996
57,50,-42,70,59,-37,21.666666666666668,30.666666666666668,-9.0,45.10974272691975,48.05783552715993,-2.9480928002401825,-42,-37,-5,-0.69,-0.68,-0.009999999999999898
56,46,-47,92,25,-35,18.333333333333332,27.333333333333332,-9.0,46.37767662236745,51.87377843273891,-5.4961018103714565,-47,-35,-12,-0.68,0.07,-0.75
33,14,-25,56,3,-10,7.333333333333333,16.333333333333332,-9.0,24.14309194964243,28.546258754675524,-4.403166805033095,-25,-10,-15,-0.39,0.6,-0.99
68,22,-72,90,16,-61,6.0,15.0,-9.0,58.26376804384236,61.649547173249104,-3.3857791294067425,-72,-61,-11,-0.39,-0.02,-0.37
83,65,-95,96,73,-89,17.666666666666668,26.666666666666668,-9.0,80.0055553626677,82.32591059657679,-2.3203552339090834,-95,-89,-6,-0.68,-0.67,-0.010000000000000009
68,56,-37,94,53,-33,29.0,38.0,-9.0,46.92547282660026,52.92132525425517,-5.99585242765491,-37,-33,-4,-0.67,-0.4,-0.27
77,75,-86,97,76,-80,22.0,31.0,-9.0,76.37189710008956,78.95568377260753,-2.5837866725179737,-86,-80,-6,-0.71,-0.67,-0.039999999999999925
40,24,-22,70,18,-19,14.0,23.0,-9.0,26.280537792569366,36.5057073163453,-10.225169523775936,-22,-19,-3,-0.52,0.2,-0.72
47,20,-37,78,14,-35,10.0,19.0,-9.0,35.014282800023196,46.26733909213568,-11.253056292112483,-37,-35,-2,-0.41,0.16,-0.57
73,13,-20,91,11,-9,22.0,31.0,-9.0,38.49675310984031,43.20493798938573,-4.708184879545421,-20,-9,-11,0.34,0.6,-0.25999999999999995
48,43,-89,77,36,-84,0.6666666666666666,9.666666666666666,-9.0,63.436757658491835,68.31463158715627,-4.877873928664435,-89,-84,-5,-0.7,-0.52,-0.17999999999999994
36,35,-13,77,10,-2,19.333333333333332,28.333333333333332,-9.0,22.866763848189994,34.75949110994323,-11.892727261753233,-13,-2,-11,-0.71,0.64,-1.35
50,24,-56,83,8,-46,6.0,15.0,-9.0,45.10727953076606,52.896124621752776,-7.788845090986719,-56,-46,-10,-0.54,0.2,-0.74
61,29,-69,77,38,-67,7.0,16.0,-9.0,55.3052137385497,60.81118318204309,-5.505969443493385,-69,-67,-2,-0.53,-0.5,-0.030000000000000027
72,35,-48,99,28,-41,19.666666666666668,28.666666666666668,-9.0,50.1752484354144,57.156704671358455,-6.9814562359440515,-48,-41,-7,-0.43,0.02,-0.45
75,53,-16,91,62,-14,37.333333333333336,46.333333333333336,-9.0,38.76711091748892,44.274396915398206,-5.507285997909285,-16,-14,-2,-0.54,-0.49,-0.050000000000000044
73,14,-67,97,6,-56,6.666666666666667,15.666666666666666,-9.0,57.38950736463553,62.83488061755368,-5.445373252918152,-67,-56,-11,-0.19,0.23,-0.42000000000000004
78,23,-87,93,29,-81,4.666666666666667,13.666666666666666,-9.0,68.5970520908556,71.85788443556876,-3.2608323447131653,-87,-81,-6,-0.38,-0.31,-0.07
65,29,-44,81,35,-39,16.666666666666668,25.666666666666668,-9.0,45.345586579315764,49.43233309844434,-4.086746519128575,-44,-39,-5,-0.39,-0.28,-0.10999999999999999
74,13,-79,93,10,-68,2.6666666666666665,11.666666666666666,-9.0,62.88790733431101,65.73853934759697,-2.85063201328596,-79,-68,-11,-0.24,0.04,-0.27999999999999997
57,51,-55,73,59,-52,17.666666666666668,26.666666666666668,-9.0,51.44144459696114,55.91859162111372,-4.477147024152579,-55,-52,-3,-0.7,-0.67,-0.029999999999999916
56,33,-78,92,15,-69,3.6666666666666665,12.666666666666666,-9.0,58.50546033396275,65.7486797501584,-7.24321941619565,-78,-69,-9,-0.63,-0.05,-0.58
37,28,-57,82,3,-50,2.6666666666666665,11.666666666666666,-9.0,42.35039026450117,54.23610933276423,-11.885719068263057,-57,-50,-7,-0.68,0.24,-0.92
39,24,-13,52,32,-7,16.666666666666668,25.666666666666668,-9.0,21.853044537445015,24.499433100017278,-2.6463885625722625,-13,-7,-6,-0.47,-0.37,-0.09999999999999998
24,6,-19,42,7,-11,3.6666666666666665,12.666666666666666,-9.0,17.632041540584257,22.00504992546534,-4.373008384881082,-19,-11,-8,-0.2,0.37,-0.5700000000000001
62,46,-75,98,33,-71,11.0,20.0,-9.0,61.16098974564315,69.60363975157239,-8.442650005929238,-75,-71,-4,-0.67,-0.27,-0.4
61,46,-20,77,50,-13,29.0,38.0,-9.0,35.185224171518364,37.70941526992961,-2.5241910984112437,-20,-13,-7,-0.61,-0.45,-0.15999999999999998
61,53,-62,85,48,-54,17.333333333333332,26.333333333333332,-9.0,56.192130726246326,58.77830287520123,-2.586172148954901,-62,-54,-8,-0.7,-0.5,-0.19999999999999996
35,21,-17,63,7,-4,13.0,22.0,-9.0,21.96967607104544,29.337120967584166,-7.367444896538725,-17,-4,-13,-0.5,0.63,-1.13
67,30,-64,98,12,-50,11.0,20.0,-9.0,55.142240312365495,60.68497892120147,-5.542738608835975,-64,-50,-14,-0.48,0.2,-0.6799999999999999
48,22,-64,77,18,-62,2.0,11.0,-9.0,47.86090958879351,56.96197562116913,-9.10106603237562,-64,-62,-2,-0.55,-0.18,-0.37000000000000005
41,10,-44,70,4,-40,2.3333333333333335,11.333333333333334,-9.0,35.122009560324926,45.20570268843916,-10.083693128114234,-44,-40,-4,-0.32,0.24,-0.56
64,46,-29,93,41,-26,27.0,36.0,-9.0,40.27406113120453,48.71002634639676,-8.435965215192226,-29,-26,-3,-0.6,-0.15,-0.44999999999999996
78,25,-97,94,29,-90,2.0,11.0,-9.0,73.27118578722926,76.1883630659346,-2.9171772787053385,-97,-90,-7,-0.44,-0.34,-0.09999999999999998
28,22,-31,66,3,-23,6.333333333333333,15.333333333333334,-9.0,26.512051766864236,37.366057086910075,-10.85400532004584,-31,-23,-8,-0.68,0.46,-1.1400000000000001
71,9,-47,87,10,-37,11.0,20.0,-9.0,48.194052191807515,51.11425111127685,-2.9201989194693354,-47,-37,-10,0.06,0.29,-0.22999999999999998
74,59,-23,98,58,-19,36.666666666666664,45.666666666666664,-9.0,42.63279905841928,48.55466564147626,-5.921866583056982,-23,-19,-4,-0.64,-0.36,-0.28
40,33,-6,68,28,-2,22.333333333333332,31.333333333333332,-9.0,20.23747898221405,28.674417556808756,-8.436938574594706,-6,-2,-4,-0.64,0.17,-0.81
60,37,-46,84,35,-41,17.0,26.0,-9.0,45.526549030940906,51.4263227021597,-5.899773671218796,-46,-41,-5,-0.57,-0.26,-0.30999999999999994
57,23,-75,92,3,-63,1.6666666666666667,10.666666666666666,-9.0,55.96030339048883,63.51027913303133,-7.5499757425425,-75,-63,-12,-0.52,0.18,-0.7
39,22,-45,76,8,-41,5.333333333333333,14.333333333333334,-9.0,36.261396675926434,47.97453027967606,-11.713133603749625,-45,-41,-4,-0.59,0.2,-0.79
78,30,-21,95,36,-17,29.0,38.0,-9.0,40.422765862815474,45.745673748089736,-5.322907885274262,-21,-17,-4,-0.04,0.07,-0.11000000000000001
59,30,-88,92,14,-78,0.3333333333333333,9.333333333333334,-9.0,63.57322986568761,69.48061280354078,-5.907382937853171,-88,-78,-10,-0.6,-0.1,-0.5
45,38,-33,83,15,-21,16.666666666666668,25.666666666666668,-9.0,35.23571420527127,43.12256434345661,-7.886850138185338,-33,-21,-12,-0.69,0.36,-1.0499999999999998
63,36,-9,88,34,-5,30.0,39.0,-9.0,29.698484809834994,38.13135192987524,-8.432867120040243,-9,-5,-4,-0.29,0.19,-0.48
56,42,-77,80,41,-73,7.0,16.0,-9.0,59.67132197854063,64.91532946846992,-5.244007489929288,-77,-73,-4,-0.68,-0.52,-0.16000000000000003
52,27,-77,79,22,-72,0.6666666666666666,9.666666666666666,-9.0,55.8589493476401,62.25931434108653,-6.400364993446431,-77,-72,-5,-0.6,-0.29,-0.31
60,23,-21,90,10,-11,20.666666666666668,29.666666666666668,-9.0,33.10924677823738,43.51500379817926,-10.40575701994188,-21,-11,-10,-0.11,0.59,-0.7
72,62,-17,91,68,-15,39.0,48.0,-9.0,39.80787191833629,45.526549030940906,-5.718677112604617,-17,-15,-2,-0.67,-0.57,-0.10000000000000009
69,24,-25,91,21,-17,22.666666666666668,31.666666666666668,-9.0,38.38691906829143,44.731296525910004,-6.344377457618577,-25,-17,-8,-0.05,0.34,-0.39
64,28,-32,94,18,-25,20.0,29.0,-9.0,39.59797974644666,49.200271001963664,-9.602291255517002,-32,-25,-7,-0.29,0.32,-0.61
44,34,-67,58,45,-65,3.6666666666666665,12.666666666666666,-9.0,50.135372298962295,55.174470747096635,-5.0390984481343395,-67,-65,-2,-0.69,-0.68,-0.009999999999999898
30,4,-11,52,6,-8,7.666666666666667,16.666666666666668,-9.0,16.937794687883336,25.62984371565478,-8.692049027771443,-11,-8,-3,0.31,0.55,-0.24000000000000005
44,17,-42,71,6,-31,6.333333333333333,15.333333333333334,-9.0,35.91038228083288,42.16106682183879,-6.25068454100591,-42,-31,-11,-0.42,0.32,-0.74
67,35,-80,88,39,-78,7.333333333333333,16.333333333333332,-9.0,63.1206956728316,69.63875038766531,-6.51805471483371,-80,-78,-2,-0.57,-0.45,-0.11999999999999994
63,28,-72,90,13,-57,6.333333333333333,15.333333333333334,-9.0,57.20334100576838,60.035174874586836,-2.831833868818457,-72,-57,-15,-0.51,0.06,-0.5700000000000001
28,12,-25,53,4,-15,5.0,14.0,-9.0,22.19609575278199,28.647280266487194,-6.451184513705204,-25,-15,-10,-0.44,0.48,-0.9199999999999999
39,13,-46,66,10,-43,2.0,11.0,-9.0,35.56215216584433,44.50468140169826,-8.942529235853925,-46,-43,-3,-0.43,0.03,-0.45999999999999996
60,53,-29,91,31,-20,28.0,34.0,-6.0,40.40627014049511,45.36518488885502,-4.958914748359909,-29,-20,-9,-0.69,0.1,-0.7899999999999999
34,12,-7,54,4,-1,13.0,19.0,-6.0,16.753109164172084,24.8327740429189,-8.079664878746815,-7,-1,-6,0.09,0.69,-0.6
81,13,-23,91,17,-19,23.666666666666668,29.666666666666668,-6.0,43.12256434345661,45.791799362865056,-2.669235019408447,-23,-19,-4,0.36,0.39,-0.030000000000000027
54,14,-60,80,2,-56,2.6666666666666665,8.666666666666666,-6.0,47.22522866246623,55.7215298505783,-8.49630118811207,-60,-56,-4,-0.35,0.18,-0.53
82,31,-23,99,22,-13,30.0,36.0,-6.0,42.871902220452036,46.783187863447985,-3.9112856429959493,-23,-13,-10,-0.03,0.42,-0.44999999999999996
59,21,-56,92,3,-53,8.0,14.0,-6.0,47.84001114827072,59.70482950873126,-11.86481836046054,-56,-53,-3,-0.39,0.27,-0.66
75,16,-13,99,4,-7,26.0,32.0,-6.0,36.615115275889366,47.588514020367,-10.973398744477635,-13,-7,-6,0.39,0.68,-0.29000000000000004
61,47,-48,95,17,-34,20.0,26.0,-6.0,48.42175819470692,53.04714883949938,-4.625390644792461,-48,-34,-14,-0.66,0.25,-0.91
57,28,-40,88,5,-30,15.0,21.0,-6.0,40.65300316909769,49.48400414948922,-8.831000980391536,-40,-30,-10,-0.45,0.45,-0.9
77,17,-76,92,18,-74,6.0,12.0,-6.0,62.94441992742486,67.90189000805992,-4.957470080635062,-76,-74,-2,-0.26,-0.13,-0.13
60,48,-50,72,51,-47,19.333333333333332,25.333333333333332,-6.0,49.27022991173834,51.86092513208336,-2.590695220345019,-50,-47,-3,-0.68,-0.62,-0.06000000000000005
76,42,-93,97,33,-87,8.333333333333334,14.333333333333334,-6.0,72.98553890250375,76.26853144573381,-3.2829925432300655,-93,-87,-6,-0.59,-0.35,-0.24
65,22,-36,81,20,-32,17.0,23.0,-6.0,41.38437708443449,46.180804092898455,-4.796427008463965,-36,-32,-4,-0.18,0.1,-0.28
48,36,-33,76,20,-27,17.0,23.0,-6.0,35.6931365951495,42.10304818735416,-6.409911592204665,-33,-27,-6,-0.65,0.11,-0.76
48,43,-39,83,17,-30,17.333333333333332,23.333333333333332,-6.0,39.88594851434385,46.34891824220089,-6.462969727857036,-39,-30,-9,-0.7,0.2,-0.8999999999999999
61,18,-37,77,14,-31,14.0,20.0,-6.0,40.10818702792071,44.294469180700204,-4.186282152779498,-37,-31,-6,-0.15,0.2,-0.35
45,14,-30,58,16,-27,9.666666666666666,15.666666666666666,-6.0,30.771559740918057,34.70190516703978,-3.9303454261217254,-30,-27,-3,-0.21,-0.01,-0.19999999999999998
56,30,-23,77,21,-17,21.0,27.0,-6.0,32.873494895837695,38.60915262818736,-5.735657732349665,-23,-17,-6,-0.39,0.23,-0.62
59,26,-25,89,10,-21,20.0,26.0,-6.0,34.55430508634199,46.31054595517814,-11.756240868836151,-25,-21,-4,-0.26,0.48,-0.74
58,10,-11,77,4,-6,19.0,25.0,-6.0,28.879058156387302,36.995495221265344,-8.116437064878042,-11,-6,-5,0.44,0.67,-0.23000000000000004
64,23,-82,89,11,-77,1.6666666666666667,7.666666666666667,-6.0,61.48351179155451,67.8101926130742,-6.32668082151968,-82,-77,-5,-0.48,-0.07,-0.41
61,26,-45,76,23,-39,14.0,20.0,-6.0,44.098374875574116,46.99645376692444,-2.8980788913503233,-45,-39,-6,-0.39,-0.1,-0.29000000000000004
43,5,-45,53,10,-42,1.0,7.0,-6.0,36.03701800463888,38.841558499456056,-2.804540494817175,-45,-42,-3,-0.17,-0.12,-0.05000000000000002
78,35,-56,96,32,-53,19.0,25.0,-6.0,55.86292748027682,61.030047244506264,-5.167119764229447,-56,-53,-3,-0.41,-0.17,-0.23999999999999996
73,27,-26,85,30,-23,24.666666666666668,30.666666666666668,-6.0,40.45024378445972,44.0933353492591,-3.643091564799377,-26,-23,-3,-0.09,0.02,-0.11
68,22,-89,79,27,-87,0.3333333333333333,6.333333333333333,-6.0,65.90059854727336,69.32692278056355,-3.426324233290188,-89,-87,-2,-0.46,-0.42,-0.040000000000000036
40,36,-74,68,18,-66,0.6666666666666666,6.666666666666667,-6.0,52.822554105440815,55.28913897764089,-2.466584872200073,-74,-66,-8,-0.7,-0.3,-0.39999999999999997
70,20,-31,87,7,-17,19.666666666666668,25.666666666666668,-6.0,41.23375100839387,44.46221866808818,-3.22846765969431,-31,-17,-14,-0.01,0.56,-0.5700000000000001
50,35,-30,88,3,-18,18.333333333333332,24.333333333333332,-6.0,34.721111093332766,45.82818152864264,-11.107070435309872,-30,-18,-12,-0.61,0.6,-1.21
62,41,-36,89,28,-32,22.333333333333332,28.333333333333332,-6.0,42.129430198958175,49.398605468395786,-7.269175269437611,-36,-32,-4,-0.58,0.01,-0.59
66,21,-58,95,3,-51,9.666666666666666,15.666666666666666,-6.0,51.253184182925544,60.2734509455771,-9.02026676265156,-58,-51,-7,-0.32,0.31,-0.63
57,33,-78,87,14,-71,4.0,10.0,-6.0,58.80476171195663,64.56521251158914,-5.760450799632508,-78,-71,-7,-0.62,-0.09,-0.53
57,30,-69,91,7,-62,6.0,12.0,-6.0,54.16641025580336,62.56196927846821,-8.395559022664848,-69,-62,-7,-0.58,0.12,-0.7
86,29,-46,98,30,-41,23.0,29.0,-6.0,54.055527006958314,56.75091776056724,-2.695390753608926,-46,-41,-5,-0.17,-0.03,-0.14
56,19,-22,76,11,-16,17.666666666666668,23.666666666666668,-6.0,31.857320805254307,38.61203036475664,-6.754709559502334,-22,-16,-6,-0.06,0.46,-0.52
72,16,-77,85,18,-74,3.6666666666666665,9.666666666666666,-6.0,61.45097413566544,65.17838769271776,-3.727413557052323,-77,-74,-3,-0.29,-0.19,-0.09999999999999998
68,23,-25,97,5,-18,22.0,28.0,-6.0,37.97367509209505,49.68567868779359,-11.71200359569854,-25,-18,-7,-0.04,0.6,-0.64
40,21,-32,59,10,-22,9.666666666666666,15.666666666666666,-6.0,30.466739606039603,33.30999182761166,-2.843252221572058,-32,-22,-10,-0.51,0.25,-0.76
57,28,-32,80,18,-27,17.666666666666668,23.666666666666668,-6.0,37.06151043273271,43.86595744107522,-6.804447008342507,-32,-27,-5,-0.4,0.19,-0.5900000000000001
55,21,-31,85,5,-27,15.0,21.0,-6.0,35.364765892999586,47.10272462041518,-11.737958727415595,-31,-27,-4,-0.25,0.47,-0.72
50,46,-36,75,30,-27,20.0,26.0,-6.0,39.6316371938716,41.737273509418415,-2.1056363155468176,-36,-27,-9,-0.7,-0.14,-0.5599999999999999
40,37,-17,61,28,-11,20.0,26.0,-6.0,26.19160170741759,29.427877939124322,-3.236276231706732,-17,-11,-6,-0.7,-0.1,-0.6
57,30,-17,72,31,-15,23.333333333333332,29.333333333333332,-6.0,30.575952787916336,35.537148012873644,-4.961195224957308,-17,-15,-2,-0.32,-0.07,-0.25
47,35,-53,79,9,-41,9.666666666666666,15.666666666666666,-6.0,44.58200932613464,49.21607686744467,-4.634067541310031,-53,-41,-12,-0.67,0.2,-0.8700000000000001
68,33,-32,97,12,-22,23.0,29.0,-6.0,41.432676315520176,50.04664490919113,-8.613968593670954,-32,-22,-10,-0.35,0.47,-0.82
57,32,-15,82,12,-2,24.666666666666668,30.666666666666668,-6.0,29.847761874031512,36.745370078721784,-6.897608204690272,-15,-2,-13,-0.35,0.63,-0.98
80,12,-21,93,11,-15,23.666666666666668,29.666666666666668,-6.0,42.05023450852828,46.02414825091522,-3.973913742386941,-21,-15,-6,0.39,0.54,-0.15000000000000002
71,36,-58,98,17,-48,16.333333333333332,22.333333333333332,-6.0,54.46915538989832,59.72343668015839,-5.254281290260074,-58,-48,-10,-0.49,0.13,-0.62
69,14,-25,89,2,-15,19.333333333333332,25.333333333333332,-6.0,38.56019824753095,45.55094827650561,-6.990750028974659,-25,-15,-10,0.2,0.63,-0.43
57,38,-71,95,12,-65,8.0,14.0,-6.0,56.39739946723312,65.33503399147097,-8.937634524237843,-71,-65,-6,-0.65,0.05,-0.7000000000000001
65,21,-62,97,1,-56,8.0,14.0,-6.0,52.65611708687479,63.13477647065839,-10.4786593837836,-62,-56,-6,-0.36,0.3,-0.6599999999999999
40,16,-8,64,6,-4,16.0,22.0,-6.0,19.595917942265423,29.97776954122282,-10.381851598957397,-8,-4,-4,0.0,0.65,-0.65
71,65,-7,92,58,-3,43.0,49.0,-6.0,35.4400902933387,39.30224760324359,-3.8621573099048945,-7,-3,-4,-0.69,-0.33,-0.35999999999999993
63,32,-59,96,5,-47,12.0,18.0,-6.0,51.77515491687752,59.098787353605374,-7.323632436727856,-59,-47,-12,-0.52,0.32,-0.8400000000000001
70,55,-15,99,30,-1,36.666666666666664,42.666666666666664,-6.0,37.04351795148812,41.79579989531112,-4.752281943823,-15,-1,-14,-0.62,0.43,-1.05
67,38,-48,98,19,-42,19.0,25.0,-6.0,48.83304891839815,57.312011539176204,-8.478962620778056,-48,-42,-6,-0.52,0.16,-0.68
68,44,-60,81,45,-56,17.333333333333332,23.333333333333332,-6.0,55.553777749332426,57.99042066487265,-2.436642915540226,-60,-56,-4,-0.61,-0.51,-0.09999999999999998
69,27,-34,94,15,-29,20.666666666666668,26.666666666666668,-6.0,42.28737662970148,50.88767587103537,-8.600299241333893,-34,-29,-5,-0.22,0.33,-0.55
69,17,-8,89,11,-4,26.0,32.0,-6.0,32.072833779799794,40.76763422127902,-8.694800441479224,-8,-4,-4,0.4,0.64,-0.24
48,28,-74,75,15,-70,0.6666666666666666,6.666666666666667,-6.0,53.42492135906446,59.48856099191582,-6.0636396328513555,-74,-70,-4,-0.63,-0.21,-0.42000000000000004
63,38,-25,92,18,-16,25.333333333333332,31.333333333333332,-6.0,37.025516726831626,45.087569117095775,-8.06205239026415,-25,-16,-9,-0.47,0.42,-0.8899999999999999
58,51,-22,84,32,-11,29.0,35.0,-6.0,36.175498153676706,38.841558499456056,-2.66606034577935,-22,-11,-11,-0.69,0.12,-0.8099999999999999
51,48,-71,84,26,-64,9.333333333333334,15.333333333333334,-6.0,56.81744645988784,60.889699913495676,-4.072253453607836,-71,-64,-7,-0.71,-0.26,-0.44999999999999996
39,25,-22,63,15,-18,14.0,20.0,-6.0,26.08958923913266,33.25657829663178,-7.166989057499119,-22,-18,-4,-0.56,0.22,-0.78
75,57,-22,99,45,-16,36.666666666666664,42.666666666666664,-6.0,42.12943019895817,46.97753600274166,-4.84810580378349,-22,-16,-6,-0.61,-0.07,-0.54
53,16,-24,73,9,-19,15.0,21.0,-6.0,31.44307024873154,38.505410875183074,-7.062340626451533,-24,-19,-5,-0.05,0.44,-0.49
76,16,-68,94,9,-61,8.0,14.0,-6.0,59.0592922409336,63.377177806105145,-4.317885565171544,-68,-61,-7,-0.2,0.12,-0.32
85,9,-64,99,5,-56,10.0,16.0,-6.0,60.83310502240262,63.75473838599502,-2.921633363592399,-64,-56,-8,0.02,0.25,-0.23
72,31,-26,86,30,-21,25.666666666666668,31.666666666666668,-6.0,40.18568014714805,43.69846170697036,-3.512781559822315,-26,-21,-5,-0.2,0.06,-0.26
74,53,-54,98,41,-48,24.333333333333332,30.333333333333332,-6.0,56.049581225514565,60.07957685899223,-4.029995633477668,-54,-48,-6,-0.63,-0.26,-0.37
66,39,-9,94,27,-7,32.0,38.0,-6.0,31.016124838541646,41.960298696108765,-10.944173857567119,-9,-7,-2,-0.33,0.38,-0.71
58,37,-21,83,16,-7,24.666666666666668,30.666666666666668,-6.0,33.40991203553554,38.177945931591914,-4.768033896056373,-21,-7,-14,-0.5,0.52,-1.02
37,18,-16,62,6,-11,13.0,19.0,-6.0,21.924111536540465,31.187604375242845,-9.26349283870238,-16,-11,-5,-0.33,0.55,-0.8800000000000001
65,56,-40,89,47,-37,27.0,33.0,-6.0,47.51841748206689,52.38320341483518,-4.864785932768292,-40,-37,-3,-0.69,-0.38,-0.30999999999999994
48,21,-40,74,10,-37,9.666666666666666,15.666666666666666,-6.0,36.80881536926839,45.49236810230432,-8.683552733035931,-40,-37,-3,-0.43,0.18,-0.61
80,57,-6,94,58,-3,43.666666666666664,49.666666666666664,-6.0,36.353205574688396,40.03609482565562,-3.6828892509672215,-6,-3,-3,-0.5,-0.3,-0.2
78,15,-27,91,6,-13,22.0,28.0,-6.0,43.15089802078283,45.217990519998416,-2.0670924992155832,-27,-13,-14,0.24,0.61,-0.37
66,4,-10,80,6,-8,20.0,26.0,-6.0,33.0252428706689,38.60915262818736,-5.583909757518462,-10,-8,-2,0.61,0.64,-0.030000000000000027
35,16,-6,59,8,-4,15.0,21.0,-6.0,16.753109164172084,27.313000567495326,-10.559891403323242,-6,-4,-2,-0.09,0.61,-0.7
55,38,-65,83,24,-61,9.333333333333334,15.333333333333334,-6.0,53.01781671182705,59.10630724005312,-6.0884905282260675,-65,-61,-4,-0.65,-0.22,-0.43000000000000005
69,32,-47,87,24,-39,18.0,24.0,-6.0,48.38043681765044,51.43928459844674,-3.058847780796299,-47,-39,-8,-0.41,0.0,-0.41
67,63,-8,79,66,-5,40.666666666666664,46.666666666666664,-6.0,34.451253807211266,36.91732505056249,-2.466071243351223,-8,-5,-3,-0.7,-0.64,-0.05999999999999994
65,27,-35,83,18,-26,19.0,25.0,-6.0,41.21488404286329,44.773504069557326,-3.5586200266940367,-35,-26,-9,-0.28,0.23,-0.51
52,50,-36,80,31,-27,22.0,28.0,-6.0,41.02032016777376,43.734044709661454,-2.713724541887693,-36,-27,-9,-0.71,-0.1,-0.61
51,43,-25,77,22,-12,23.0,29.0,-6.0,34.09789827345179,36.669696844488186,-2.571798571036396,-25,-12,-13,-0.68,0.28,-0.9600000000000001
71,58,-70,91,52,-66,19.666666666666668,25.666666666666668,-6.0,63.625641232306826,66.74495403316186,-3.1193128008550346,-70,-66,-4,-0.69,-0.53,-0.15999999999999992
49,31,-74,83,4,-63,2.0,8.0,-6.0,54.24020648928247,59.67132197854063,-5.431115489258161,-74,-63,-11,-0.65,0.1,-0.75
62,38,-42,91,19,-34,19.333333333333332,25.333333333333332,-6.0,44.46221866808818,51.227162933567016,-6.764944265478839,-42,-34,-8,-0.56,0.18,-0.74
84,8,-29,97,11,-27,21.0,27.0,-6.0,47.038990918882035,51.87163643713842,-4.832645518256385,-29,-27,-2,0.39,0.43,-0.03999999999999998
59,20,-53,88,3,-47,8.666666666666666,14.666666666666666,-6.0,46.42078078715274,55.72751165766829,-9.306730870515551,-53,-47,-6,-0.35,0.3,-0.6499999999999999
43,42,-60,78,22,-57,8.333333333333334,14.333333333333334,-6.0,48.320688000988646,55.37949881399152,-7.0588108130028715,-60,-57,-3,-0.71,-0.21,-0.5
47,20,-41,73,7,-36,8.666666666666666,14.666666666666666,-6.0,36.80881536926839,44.82806660514767,-8.019251235879281,-41,-36,-5,-0.43,0.25,-0.6799999999999999
83,40,-62,99,39,-59,20.333333333333332,26.333333333333332,-6.0,60.80752877362766,65.12210752800381,-4.31457875437615,-62,-59,-3,-0.45,-0.28,-0.16999999999999998
64,55,-69,82,52,-66,16.666666666666668,22.666666666666668,-6.0,60.68680984274003,63.88183535942662,-3.1950255166865844,-69,-66,-3,-0.7,-0.59,-0.10999999999999999
61,10,-44,78,8,-41,9.0,15.0,-6.0,42.871902220452036,48.83304891839815,-5.961146697946113,-44,-41,-3,-0.03,0.21,-0.24
53,27,-75,78,17,-72,1.6666666666666667,7.666666666666667,-6.0,55.2408866289776,61.59184650224051,-6.350959873262909,-75,-72,-3,-0.59,-0.22,-0.37
49,41,-57,93,5,-47,11.0,17.0,-6.0,48.194052191807515,57.78119648005453,-9.587144288247018,-57,-47,-10,-0.69,0.3,-0.99
47,43,-83,92,7,-74,2.3333333333333335,8.333333333333334,-6.0,60.36187170354772,67.77577410517387,-7.413902401626146,-83,-74,-9,-0.7,0.03,-0.73
56,30,-36,85,12,-29,16.666666666666668,22.666666666666668,-6.0,38.72409528388695,47.14752261666448,-8.423427332777528,-36,-29,-7,-0.48,0.33,-0.81
68,51,-9,88,43,-3,36.666666666666664,42.666666666666664,-6.0,33.02860712910687,37.15134213217905,-4.1227350030721865,-9,-3,-6,-0.57,-0.01,-0.5599999999999999
49,33,-54,78,3,-44,9.333333333333334,12.333333333333334,-3.0,45.25728916121935,50.241638331390256,-4.984349170170908,-54,-44,-10,-0.64,0.27,-0.91
42,39,-47,73,4,-34,11.333333333333334,14.333333333333334,-3.0,41.26607430915726,44.28945196720722,-3.0233776580499594,-47,-34,-13,-0.7,0.34,-1.04
64,53,-49,96,15,-34,22.666666666666668,25.666666666666668,-3.0,50.874573435285164,53.6055552676731,-2.7309818323879327,-49,-34,-15,-0.68,0.29,-0.97
50,44,-33,87,6,-23,20.333333333333332,23.333333333333332,-3.0,37.791827452800185,46.549853800940014,-8.758026348139829,-33,-23,-10,-0.69,0.51,-1.2
74,28,-84,98,8,-79,6.0,9.0,-3.0,66.3525935187666,72.26340706055866,-5.910813541792066,-84,-79,-5,-0.46,0.02,-0.48000000000000004
57,51,-83,99,12,-77,8.333333333333334,11.333333333333334,-3.0,64.62885492478486,71.85324550003911,-7.224390575254247,-83,-77,-6,-0.7,-0.01,-0.69
81,32,-83,99,17,-77,10.0,13.0,-3.0,68.73621073834859,71.90734779330042,-3.171137054951828,-83,-77,-6,-0.45,-0.08,-0.37
45,42,-74,85,1,-64,4.333333333333333,7.333333333333333,-3.0,55.40356988097026,60.993624439134805,-5.590054558164546,-74,-64,-10,-0.71,0.15,-0.86
49,27,-62,77,1,-55,4.666666666666667,7.666666666666667,-3.0,47.98842453018112,54.09456740026879,-6.106142870087666,-62,-55,-7,-0.6,0.18,-0.78
63,7,-49,75,2,-47,7.0,10.0,-3.0,45.723808531952656,50.1265066273989,-4.402698095446247,-49,-47,-2,0.0,0.24,-0.24
76,35,-36,98,13,-27,25.0,28.0,-3.0,46.26733909213568,52.121652570372966,-5.854313478237287,-36,-27,-9,-0.31,0.41,-0.72
60,25,-20,85,5,-16,21.666666666666668,24.666666666666668,-3.0,32.74480450731417,43.51500379817926,-10.770199290865087,-20,-16,-4,-0.15,0.59,-0.74
54,38,-71,94,4,-68,7.0,10.0,-3.0,55.53977553669682,66.27216610312357,-10.732390566426744,-71,-68,-3,-0.66,0.14,-0.8
67,36,-44,98,3,-33,19.666666666666668,22.666666666666668,-3.0,46.764183825753754,55.25898619731958,-8.494802371565825,-44,-33,-11,-0.48,0.49,-0.97
74,30,-33,93,7,-20,23.666666666666668,26.666666666666668,-3.0,43.91152721350309,48.18252334151415,-4.270996128011056,-33,-20,-13,-0.21,0.54,-0.75
63,14,-39,78,3,-34,12.666666666666666,15.666666666666666,-3.0,41.651997417757634,46.59279868057819,-4.940801262820557,-39,-34,-5,-0.05,0.39,-0.44
56,13,-15,70,1,-8,18.0,21.0,-3.0,29.20045661743437,34.84250278036869,-5.642046162934321,-15,-8,-7,0.25,0.67,-0.42000000000000004
55,19,-13,73,1,-4,20.333333333333332,23.333333333333332,-3.0,27.776888874666213,35.178907822096406,-7.402018947430193,-13,-4,-9,0.07,0.7,-0.6299999999999999
29,20,-44,50,2,-38,1.6666666666666667,4.666666666666667,-3.0,32.49957264676294,35.97530016861878,-3.4757275218558377,-44,-38,-6,-0.67,0.11,-0.78
51,39,-35,83,12,-31,18.333333333333332,21.333333333333332,-3.0,38.029228525204424,47.00590979393501,-8.976681268730587,-35,-31,-4,-0.65,0.29,-0.94
48,19,-65,73,1,-63,0.6666666666666666,3.6666666666666665,-3.0,47.91891299082464,55.553777749332426,-7.6348647585077885,-65,-63,-2,-0.52,0.07,-0.5900000000000001
76,21,-24,93,3,-14,24.333333333333332,27.333333333333332,-3.0,40.89281382128433,46.949145063805176,-6.056331242520848,-24,-14,-10,0.12,0.64,-0.52
44,40,-47,84,1,-39,12.333333333333334,15.333333333333334,-3.0,41.98677040317448,51.227162933567016,-9.240392530392533,-47,-39,-8,-0.7,0.4,-1.1
57,41,-29,92,7,-21,23.0,26.0,-3.0,37.345236197762446,48.0485865210067,-10.703350323244251,-29,-21,-8,-0.61,0.53,-1.1400000000000001
45,39,-75,85,6,-73,3.0,6.0,-3.0,55.20869496736904,64.50322989329035,-9.294534925921312,-75,-73,-2,-0.7,0.0,-0.7
32,30,-33,57,5,-24,9.666666666666666,12.666666666666666,-3.0,30.180935851773864,33.50953429829918,-3.328598446525316,-33,-24,-9,-0.7,0.33,-1.03
70,16,-49,84,3,-41,12.333333333333334,15.333333333333334,-3.0,48.65068230650922,51.770862676048026,-3.120180369538808,-49,-41,-8,-0.11,0.34,-0.45
40,19,-10,60,3,-5,16.333333333333332,19.333333333333332,-3.0,20.49932248202906,28.940552094864323,-8.441229612835262,-10,-5,-5,-0.19,0.67,-0.8600000000000001
47,30,-76,75,4,-69,0.3333333333333333,3.3333333333333335,-3.0,54.420175997101985,58.78964383479647,-4.369467837694486,-76,-69,-7,-0.66,-0.02,-0.64
59,47,-50,92,10,-37,18.666666666666668,21.666666666666668,-3.0,48.80118395649387,53.30624311987815,-4.505059163384274,-50,-37,-13,-0.68,0.32,-1.0
61,25,-38,89,4,-36,16.0,19.0,-3.0,40.91454509095757,52.121652570372966,-11.207107479415399,-38,-36,-2,-0.32,0.41,-0.73
63,41,-47,91,13,-38,19.0,22.0,-3.0,47.525431788324305,53.04714883949938,-5.521717051175074,-47,-38,-9,-0.6,0.25,-0.85
76,14,-38,91,5,-35,17.333333333333332,20.333333333333332,-3.0,46.59995231280345,52.56953067657687,-5.969578363773415,-38,-35,-3,0.11,0.41,-0.3
80,15,-31,95,1,-23,21.333333333333332,24.333333333333332,-3.0,45.536310297997964,50.92041721047549,-5.384106912477527,-31,-23,-8,0.21,0.59,-0.38
76,21,-88,98,2,-82,3.0,6.0,-3.0,68.15179136799463,73.53910524340094,-5.387313875406306,-88,-82,-6,-0.38,0.08,-0.46
49,37,-58,84,3,-50,9.333333333333334,12.333333333333334,-3.0,47.86323107447813,55.10192575783738,-7.238694683359249,-58,-50,-8,-0.67,0.25,-0.92
45,33,-73,72,11,-69,1.6666666666666667,4.666666666666667,-3.0,53.02410353372847,57.736951387785936,-4.712847854057465,-73,-69,-4,-0.68,-0.16,-0.52
46,38,-59,80,11,-57,8.333333333333334,11.333333333333334,-3.0,47.72374205314956,55.93051244376563,-8.206770390616072,-59,-57,-2,-0.69,0.01,-0.7
67,28,-62,86,12,-56,11.0,14.0,-3.0,54.01851534427802,57.98850460795369,-3.9699892636756715,-62,-56,-6,-0.44,0.05,-0.49
73,41,-59,97,12,-45,18.333333333333332,21.333333333333332,-3.0,56.221783046154705,58.345712972096095,-2.1239299259413897,-59,-45,-14,-0.54,0.24,-0.78
41,25,-29,62,4,-20,12.333333333333334,15.333333333333334,-3.0,29.948103260288267,34.42221504913489,-4.474111788846624,-29,-20,-9,-0.56,0.46,-1.02
72,24,-54,90,8,-47,14.0,17.0,-3.0,51.92301994298868,56.290911048469155,-4.367891105480474,-54,-47,-7,-0.28,0.24,-0.52
21,19,-36,44,2,-33,1.3333333333333333,4.333333333333333,-3.0,26.411277052720408,31.47838764754143,-5.067110594821024,-36,-33,-3,-0.7,0.11,-0.8099999999999999
67,22,-61,91,4,-58,9.333333333333334,12.333333333333334,-3.0,53.01781671182706,61.11373731730771,-8.09592060548065,-61,-58,-3,-0.34,0.2,-0.54
56,26,-58,78,8,-53,8.0,11.0,-3.0,48.249352327259274,53.522580904387134,-5.27322857712786,-58,-53,-5,-0.51,0.08,-0.59
76,22,-62,93,1,-49,12.0,15.0,-3.0,56.78027826631356,58.81042991397586,-2.0301516476623007,-62,-49,-13,-0.26,0.34,-0.6000000000000001
65,43,-57,93,18,-51,17.0,20.0,-3.0,53.09111664550546,58.80476171195663,-5.713645066451171,-57,-51,-6,-0.62,0.05,-0.67
55,52,-40,92,13,-29,22.333333333333332,25.333333333333332,-3.0,44.0933353492591,50.16195991209098,-6.068624562831879,-40,-29,-11,-0.7,0.35,-1.0499999999999998
51,30,-54,78,1,-43,9.0,12.0,-3.0,45.36518488885502,50.00666622228147,-4.641481333426448,-54,-43,-11,-0.6,0.32,-0.9199999999999999
83,22,-41,98,3,-28,21.333333333333332,24.333333333333332,-3.0,50.624982853220686,53.60555526767311,-2.980572414452425,-41,-28,-13,-0.02,0.53,-0.55
58,40,-41,89,8,-31,19.0,22.0,-3.0,43.05810028322197,49.9799959983992,-6.921895715177229,-41,-31,-10,-0.62,0.4,-1.02
79,20,-28,94,7,-21,23.666666666666668,26.666666666666668,-3.0,43.75944342526409,48.9648399931579,-5.205396567893814,-28,-21,-7,0.13,0.54,-0.41000000000000003
49,34,-20,77,2,-7,21.0,24.0,-3.0,29.631064780058107,37.656340767525464,-8.025275987467356,-20,-7,-13,-0.57,0.68,-1.25
44,28,-21,71,2,-13,17.0,20.0,-3.0,27.65260686927485,36.578682316343766,-8.926075447068914,-21,-13,-8,-0.53,0.62,-1.15
29,18,-41,47,2,-34,2.0,5.0,-3.0,30.735430152621365,33.13608305156178,-2.400652898940418,-41,-34,-7,-0.64,0.14,-0.78
48,41,-44,83,3,-32,15.0,18.0,-3.0,41.817061908587824,48.13176359397884,-6.3147016853910145,-44,-32,-12,-0.69,0.44,-1.13
71,46,-81,99,23,-77,12.0,15.0,-3.0,66.54822812567339,72.07403600927776,-5.525807883604372,-81,-77,-4,-0.63,-0.17,-0.45999999999999996
70,25,-53,89,12,-50,14.0,17.0,-3.0,50.813384063650005,56.85654462475421,-6.043160561104202,-53,-50,-3,-0.31,0.13,-0.44
67,33,-45,87,15,-38,18.333333333333332,21.333333333333332,-3.0,46.88520259337931,51.227162933567016,-4.341960340187704,-45,-38,-7,-0.44,0.18,-0.62
63,44,-76,96,5,-61,10.333333333333334,13.333333333333334,-3.0,61.53770298677786,64.36527704351849,-2.8275740567406302,-76,-61,-15,-0.66,0.19,-0.8500000000000001
67,14,-15,81,1,-7,22.0,25.0,-3.0,33.95094500402996,39.73243846867024,-5.781493464640278,-15,-7,-8,0.34,0.69,-0.3499999999999999
48,28,-39,72,9,-35,12.333333333333334,15.333333333333334,-3.0,37.20513704076659,43.91152721350309,-6.706390172736505,-39,-35,-4,-0.56,0.21,-0.77
41,30,-29,69,1,-19,14.0,17.0,-3.0,30.735430152621365,37.66519171153476,-6.929761558913395,-29,-19,-10,-0.64,0.56,-1.2000000000000002
66,23,-36,82,8,-28,17.666666666666668,20.666666666666668,-3.0,41.81174741890396,45.791799362865056,-3.9800519439610937,-36,-28,-8,-0.19,0.39,-0.5800000000000001
60,52,-47,98,13,-37,21.666666666666668,24.666666666666668,-3.0,48.66438350808754,55.7275116576683,-7.063128149580763,-47,-37,-10,-0.69,0.3,-0.99
65,37,-48,97,5,-39,18.0,21.0,-3.0,48.0485865210067,56.66274496233541,-8.614158441328712,-48,-39,-9,-0.53,0.4,-0.93
54,30,-75,87,1,-70,3.0,6.0,-3.0,56.01785429664367,64.19241907473706,-8.17456477809339,-75,-70,-5,-0.61,0.12,-0.73
47,35,-31,76,5,-21,17.0,20.0,-3.0,34.292856398964496,40.995934757810645,-6.703078358846149,-31,-21,-10,-0.64,0.5,-1.1400000000000001
55,53,-69,93,11,-56,13.0,16.0,-3.0,57.98850460795369,60.93165570265317,-2.9431510946994734,-69,-56,-13,-0.71,0.12,-0.83
74,35,-30,97,8,-17,26.333333333333332,29.333333333333332,-3.0,42.897811391983886,48.92397730720138,-6.026165915217497,-30,-17,-13,-0.29,0.57,-0.8599999999999999
72,23,-74,98,3,-71,7.0,10.0,-3.0,60.668498140852854,69.1712849863776,-8.502786845524746,-74,-71,-3,-0.38,0.15,-0.53
52,48,-31,90,13,-25,23.0,26.0,-3.0,38.21866908549625,47.84001114827072,-9.621342062774467,-31,-25,-6,-0.7,0.39,-1.0899999999999999
65,48,-68,96,24,-66,15.0,18.0,-3.0,59.098787353605374,66.27216610312357,-7.173378749518193,-68,-66,-2,-0.66,-0.14,-0.52
51,41,-58,91,6,-54,11.333333333333334,14.333333333333334,-3.0,49.195754107668904,59.48856099191582,-10.292806884246914,-58,-54,-4,-0.69,0.21,-0.8999999999999999
34,33,-32,64,9,-29,11.666666666666666,14.666666666666666,-3.0,30.879694874715902,38.177945931591914,-7.298251056876012,-32,-29,-3,-0.71,0.22,-0.9299999999999999
63,46,-85,93,19,-79,8.0,11.0,-3.0,66.1261420821347,70.44619696382955,-4.320054881694844,-85,-79,-6,-0.67,-0.17,-0.5
61,29,-41,84,2,-28,16.333333333333332,19.333333333333332,-3.0,42.59368758656876,47.33802793620462,-4.744340349635856,-41,-28,-13,-0.42,0.5,-0.9199999999999999
59,52,-50,98,8,-36,20.333333333333332,23.333333333333332,-3.0,49.815214097257034,55.769366342305005,-5.954152245047972,-50,-36,-14,-0.7,0.39,-1.0899999999999999
75,22,-17,92,5,-8,26.666666666666668,29.666666666666668,-3.0,37.70352179247392,44.39469437769438,-6.691172585220457,-17,-8,-9,0.18,0.66,-0.48000000000000004
62,38,-27,92,15,-25,24.333333333333332,27.333333333333332,-3.0,37.59728122558273,48.55466564147626,-10.957384415893536,-27,-25,-2,-0.5,0.36,-0.86
62,46,-36,92,13,-24,24.0,27.0,-3.0,42.926293418680665,48.38043681765044,-5.4541433989697765,-36,-24,-12,-0.63,0.41,-1.04
70,36,-43,98,4,-30,21.0,24.0,-3.0,47.33568069296845,54.135632135098106,-6.799951442129654,-43,-30,-13,-0.44,0.5,-0.94
59,32,-22,86,3,-11,23.0,26.0,-3.0,33.67491648096547,42.80965623158713,-9.134739750621655,-22,-11,-11,-0.38,0.65,-1.03
49,47,-69,89,11,-64,9.0,12.0,-3.0,55.16037224916694,62.465990746965666,-7.305618497798726,-69,-64,-5,-0.71,0.02,-0.73
36,22,-7,61,2,-3,17.0,20.0,-3.0,17.90716802475106,29.06314963431642,-11.155981609565362,-7,-3,-4,-0.4,0.69,-1.0899999999999999
46,35,-66,72,10,-58,5.0,8.0,-3.0,50.40502620440412,53.09111664550546,-2.686090441101335,-66,-58,-8,-0.68,-0.06,-0.6200000000000001
72,32,-69,97,14,-67,11.666666666666666,14.666666666666666,-3.0,59.33146064460425,66.9543791614028,-7.622918516798549,-69,-67,-2,-0.47,0.01,-0.48
75,26,-42,94,6,-32,19.666666666666668,22.666666666666668,-3.0,47.97453027967607,52.77204647243547,-4.797516192759403,-42,-32,-10,-0.2,0.44,-0.64
44,11,-43,60,2,-41,4.0,7.0,-3.0,35.86084215408221,41.38437708443449,-5.523534930352277,-43,-41,-2,-0.29,0.18,-0.47
63,26,-74,90,3,-69,5.0,8.0,-3.0,57.867665121954474,65.00769185258002,-7.14002673062555,-74,-69,-5,-0.5,0.11,-0.61
51,38,-32,79,9,-22,19.0,22.0,-3.0,36.45088019056147,42.245315322135625,-5.794435131574154,-32,-22,-10,-0.64,0.43,-1.07
47,44,-60,76,16,-52,10.333333333333334,13.333333333333334,-3.0,49.74825513411389,52.28979080300687,-2.5415356688929833,-60,-52,-8,-0.71,-0.08,-0.63
68,24,-63,89,4,-55,9.666666666666666,12.666666666666666,-3.0,54.43242497711166,59.10630724005312,-4.673882262941461,-63,-55,-8,-0.38,0.22,-0.6
60,58,-57,99,15,-44,20.333333333333332,23.333333333333332,-3.0,54.68901982015118,58.67613559948277,-3.987115779331589,-57,-44,-13,-0.71,0.21,-0.9199999999999999
70,27,-60,91,2,-47,12.333333333333334,15.333333333333334,-3.0,54.07607809579225,57.12170243339119,-3.0456243375989445,-60,-47,-13,-0.39,0.34,-0.73
68,55,-45,99,18,-30,26.0,29.0,-3.0,50.48432099837203,53.23532661682466,-2.7510056184526306,-45,-30,-15,-0.67,0.3,-0.97
71,42,-92,95,21,-86,7.0,10.0,-3.0,70.99765254335291,74.30118886442307,-3.3035363210701547,-92,-86,-6,-0.62,-0.22,-0.4
57,55,-50,97,16,-42,20.666666666666668,23.666666666666668,-3.0,49.97554957732386,57.00487308604024,-7.029323508716381,-50,-42,-8,-0.71,0.2,-0.9099999999999999
63,37,-34,86,9,-20,22.0,25.0,-3.0,40.995934757810645,44.7288124888943,-3.7328777310836543,-34,-20,-14,-0.5,0.49,-0.99
52,48,-39,83,15,-28,20.333333333333332,23.333333333333332,-3.0,41.98677040317448,45.69707017109764,-3.7102997679231606,-39,-28,-11,-0.7,0.27,-0.97
71,34,-66,94,3,-55,13.0,14.0,-1.0,57.867665121954474,61.32427469335994,-3.4566095714054654,-66,-55,-11,-0.5,0.26,-0.76
41,38,-34,68,6,-26,15.0,16.0,-1.0,34.66987164671943,39.02136167109839,-4.351490024378961,-34,-26,-8,-0.7,0.37,-1.0699999999999998
68,35,-44,98,4,-40,19.666666666666668,20.666666666666668,-1.0,46.991725039864434,57.55770051773167,-10.565975477867234,-44,-40,-4,-0.45,0.41,-0.86
54,35,-29,75,2,-14,20.0,21.0,-1.0,35.505868059613285,38.738439135652676,-3.2325710760393918,-29,-14,-15,-0.56,0.62,-1.1800000000000002
49,29,-13,74,3,-9,21.666666666666668,22.666666666666668,-1.0,25.83709650010147,36.627251542472514,-10.790155042371044,-13,-9,-4,-0.4,0.65,-1.05
72,57,-49,96,28,-41,26.666666666666668,27.666666666666668,-1.0,53.85371131335539,55.93051244376563,-2.0768011304102387,-49,-41,-8,-0.67,-0.01,-0.66
45,36,-60,69,13,-58,7.0,8.0,-1.0,47.51841748206689,51.96793883411836,-4.44952135205147,-60,-58,-2,-0.69,-0.14,-0.5499999999999999
82,19,-73,96,4,-69,9.333333333333334,10.333333333333334,-1.0,63.646593694312415,67.5096700892217,-3.8630763949092852,-73,-69,-4,-0.22,0.14,-0.36
52,47,-55,86,14,-53,14.666666666666666,15.666666666666666,-1.0,49.30404536028346,56.7587487137935,-7.454703353510041,-55,-53,-2,-0.7,0.04,-0.74
64,24,-44,85,4,-42,14.666666666666666,15.666666666666666,-1.0,44.58200932613463,52.49973544906891,-7.917726122934276,-44,-42,-2,-0.3,0.32,-0.62
62,22,-56,72,12,-53,9.333333333333334,10.333333333333334,-1.0,48.99886620003455,51.04464277037851,-2.0457765703439605,-56,-53,-3,-0.37,-0.05,-0.32
63,47,-21,91,15,-14,29.666666666666668,30.666666666666668,-1.0,36.41733408999377,44.274396915398206,-7.857062825404434,-21,-14,-7,-0.61,0.49,-1.1
56,29,-21,74,2,-9,21.333333333333332,22.333333333333332,-1.0,31.899146627387317,36.80881536926839,-4.90966874188107,-21,-9,-12,-0.35,0.66,-1.01
47,45,-6,74,18,-3,28.666666666666668,29.666666666666668,-1.0,24.526629518862872,32.49957264676294,-7.97294312790007,-6,-3,-3,-0.7,0.49,-1.19
73,30,-21,88,16,-19,27.333333333333332,28.333333333333332,-1.0,38.42163742245016,44.54460935087681,-6.122971928426651,-21,-19,-2,-0.1,0.39,-0.49
65,38,-26,81,20,-21,25.666666666666668,26.666666666666668,-1.0,38.16047984790315,41.907305117631005,-3.7468252697278572,-26,-21,-5,-0.45,0.23,-0.68
64,33,-31,89,5,-25,22.0,23.0,-1.0,39.5558676641869,48.249352327259274,-8.693484663072375,-31,-25,-6,-0.4,0.51,-0.91
60,49,-53,99,1,-41,18.666666666666668,19.666666666666668,-1.0,50.874573435285164,58.6590904198905,-7.784516984605332,-53,-41,-12,-0.68,0.45,-1.1300000000000001
62,15,-22,72,6,-20,18.333333333333332,19.333333333333332,-1.0,34.37376260399137,38.72409528388695,-4.35033267989558,-22,-20,-2,0.14,0.48,-0.33999999999999997
71,19,-52,87,4,-50,12.666666666666666,13.666666666666666,-1.0,50.4138428961288,56.346152387619945,-5.9323094914911465,-52,-50,-2,-0.19,0.25,-0.44
68,26,-37,91,4,-35,19.0,20.0,-1.0,43.15089802078283,52.66877632905477,-9.51787830827194,-37,-35,-2,-0.24,0.43,-0.6699999999999999
52,25,-28,65,9,-22,16.333333333333332,17.333333333333332,-1.0,33.229839334884275,36.003086287459055,-2.7732469525747803,-28,-22,-6,-0.37,0.33,-0.7
74,20,-41,84,6,-34,17.666666666666668,18.666666666666668,-1.0,46.97753600274166,48.998866200034556,-2.0213301972928974,-41,-34,-7,-0.07,0.37,-0.44
72,47,-50,92,26,-46,23.0,24.0,-1.0,52.61812108643434,56.356011214421486,-3.737890127987143,-50,-46,-4,-0.59,-0.05,-0.5399999999999999
65,59,-52,98,25,-48,24.0,25.0,-1.0,53.79591062525106,59.604250407724,-5.808339782472942,-52,-48,-4,-0.7,0.0,-0.7
70,50,-44,94,19,-34,25.333333333333332,26.333333333333332,-1.0,49.701330185642135,52.51243239039261,-2.811102204750476,-44,-34,-10,-0.62,0.21,-0.83
76,26,-19,92,4,-10,27.666666666666668,28.666666666666668,-1.0,38.80148908940939,45.146674542232034,-6.345185452822648,-19,-10,-9,0.06,0.66,-0.6000000000000001
58,28,-19,71,11,-12,22.333333333333332,23.333333333333332,-1.0,31.689465477067017,34.988887124660344,-3.299421647593327,-19,-12,-7,-0.26,0.48,-0.74
65,33,-46,96,3,-44,17.333333333333332,18.333333333333332,-1.0,46.64999702274612,58.17406829698455,-11.52407127423843,-46,-44,-2,-0.47,0.38,-0.85
62,50,-83,92,15,-75,9.666666666666666,10.666666666666666,-1.0,65.70810875040884,68.24628602023377,-2.538177269824928,-83,-75,-8,-0.69,-0.09,-0.6
56,37,-64,91,1,-60,9.666666666666666,10.666666666666666,-1.0,52.66455691976869,62.02329311548113,-9.358736195712439,-64,-60,-4,-0.64,0.23,-0.87
43,42,-32,66,18,-28,17.666666666666668,18.666666666666668,-1.0,35.122009560324926,38.378234572331344,-3.256225012006418,-32,-28,-4,-0.71,0.03,-0.74
83,27,-45,98,5,-35,21.666666666666668,22.666666666666668,-1.0,52.39168721170267,55.715547401261546,-3.3238601895588786,-45,-35,-10,-0.15,0.44,-0.59
79,39,-22,97,21,-19,32.0,33.0,-1.0,41.52910625894406,48.11098280711657,-6.5818765481725094,-22,-19,-3,-0.25,0.36,-0.61
77,34,-24,99,3,-12,29.0,30.0,-1.0,41.38437708443449,49.17316341257699,-7.7887863281425,-24,-12,-12,-0.18,0.66,-0.8400000000000001
63,38,-17,85,4,-2,28.0,29.0,-1.0,33.4165627596057,39.67366884975475,-6.257106090149044,-17,-2,-15,-0.42,0.69,-1.1099999999999999
84,28,-22,95,15,-17,30.0,31.0,-1.0,43.29742101634538,47.10272462041518,-3.805303604069799,-22,-17,-5,0.07,0.47,-0.39999999999999997
48,29,-36,66,8,-30,13.666666666666666,14.666666666666666,-1.0,35.96603335865043,39.47432358156656,-3.5082902229161306,-36,-30,-6,-0.56,0.25,-0.81
78,19,-16,89,2,-7,27.0,28.0,-1.0,38.79003308411411,43.289721643826724,-4.499688559712617,-16,-7,-9,0.3,0.68,-0.38000000000000006
55,44,-39,81,19,-37,20.0,21.0,-1.0,41.960298696108765,48.194052191807515,-6.23375349569875,-39,-37,-2,-0.67,0.06,-0.73
58,43,-49,74,27,-46,17.333333333333332,18.333333333333332,-1.0,47.30280705788564,49.37160677510461,-2.0687997172189725,-49,-46,-3,-0.65,-0.26,-0.39
77,30,-47,94,12,-43,20.0,21.0,-1.0,51.11425111127685,56.290911048469155,-5.176659937192305,-47,-43,-4,-0.29,0.24,-0.53
70,44,-26,90,19,-18,29.333333333333332,30.333333333333332,-1.0,40.54078878802872,44.81319250201019,-4.272403713981468,-26,-18,-8,-0.5,0.36,-0.86
53,28,-36,69,11,-32,15.0,16.0,-1.0,37.47888294315436,41.38437708443449,-3.90549414128013,-36,-32,-4,-0.48,0.18,-0.6599999999999999
53,25,-52,66,11,-48,8.666666666666666,9.666666666666666,-1.0,44.39469437769438,46.549853800940014,-2.1551594232456353,-52,-48,-4,-0.5,-0.04,-0.46
66,54,-67,97,23,-64,17.666666666666668,18.666666666666668,-1.0,60.06847943990444,65.79935832176143,-5.730878881856988,-67,-64,-3,-0.69,-0.1,-0.59
75,49,-38,98,26,-35,28.666666666666668,29.666666666666668,-1.0,48.32068800098865,54.35888969514452,-6.038201694155866,-38,-35,-3,-0.56,0.1,-0.66
70,41,-90,89,21,-86,7.0,8.0,-1.0,69.60363975157239,72.0324001173546,-2.4287603657822103,-90,-86,-4,-0.62,-0.26,-0.36
61,52,-38,87,27,-36,25.0,26.0,-1.0,44.69899327725402,50.21951811795888,-5.520524840704859,-38,-36,-2,-0.69,-0.03,-0.6599999999999999
61,25,-53,81,3,-48,11.0,12.0,-1.0,47.58150901348127,53.04714883949938,-5.465639826018105,-53,-48,-5,-0.42,0.25,-0.6699999999999999
53,49,-39,78,25,-37,21.0,22.0,-1.0,42.45782220824175,46.99645376692444,-4.538631558682688,-39,-37,-2,-0.7,-0.1,-0.6
82,14,-18,91,5,-15,26.0,27.0,-1.0,41.697322056298376,45.985504962614755,-4.288182906316379,-18,-15,-3,0.41,0.61,-0.2
50,46,-22,75,12,-10,24.666666666666668,25.666666666666668,-1.0,33.038697848970315,36.021598459196056,-2.982900610225741,-22,-10,-12,-0.7,0.51,-1.21
64,62,-98,89,38,-96,9.333333333333334,10.333333333333334,-1.0,75.90051968787097,78.01851632073561,-2.117996632864646,-98,-96,-2,-0.71,-0.49,-0.21999999999999997
51,49,-67,90,4,-58,11.0,12.0,-1.0,55.16037224916694,60.68497892120147,-5.52460667203453,-67,-58,-9,-0.71,0.2,-0.9099999999999999
54,42,-43,80,11,-35,17.666666666666668,18.666666666666668,-1.0,43.176639774561224,47.26050735609549,-4.083867581534264,-43,-35,-8,-0.67,0.24,-0.91
57,52,-69,95,11,-63,13.333333333333334,14.333333333333334,-1.0,58.25423208278996,64.54627969311804,-6.292047610328076,-69,-63,-6,-0.7,0.08,-0.7799999999999999
50,43,-69,78,14,-65,8.0,9.0,-1.0,54.5221667458903,58.48646567084274,-3.9642989249524376,-69,-65,-4,-0.7,-0.13,-0.57
68,28,-25,85,2,-13,23.666666666666668,24.666666666666668,-1.0,38.09053542402481,43.099368389287974,-5.008832965263167,-25,-13,-12,-0.17,0.64,-0.81
54,41,-35,71,23,-31,20.0,21.0,-1.0,39.25132694147634,41.66533331199932,-2.4140063705229764,-35,-31,-4,-0.65,-0.07,-0.5800000000000001
73,39,-69,97,16,-67,14.333333333333334,15.333333333333334,-1.0,60.53832578531461,66.9543791614028,-6.416053376088186,-69,-67,-2,-0.54,-0.01,-0.53
78,42,-40,99,20,-36,26.666666666666668,27.666666666666668,-1.0,49.378357832376544,55.379498813991525,-6.001140981614981,-40,-36,-4,-0.44,0.21,-0.65
48,34,-14,74,5,-8,22.666666666666668,23.666666666666668,-1.0,26.549743668986505,35.984564592181584,-9.43482092319508,-14,-8,-6,-0.56,0.64,-1.2000000000000002
57,37,-65,85,1,-54,9.666666666666666,10.666666666666666,-1.0,53.42492135906446,57.15670467135845,-3.7317833122939845,-65,-54,-11,-0.63,0.25,-0.88
63,21,-24,74,5,-16,20.0,21.0,-1.0,35.52463933666322,38.44476557348217,-2.920126236818952,-24,-16,-8,-0.04,0.55,-0.5900000000000001
59,40,-13,87,3,-1,28.666666666666668,29.666666666666668,-1.0,30.466739606039603,40.5736641458745,-10.1069245398349,-13,-1,-12,-0.51,0.7,-1.21
50,26,-17,66,7,-11,19.666666666666668,20.666666666666668,-1.0,27.716822007983207,32.8870119584549,-5.170189950471691,-17,-11,-6,-0.33,0.55,-0.8800000000000001
60,27,-47,80,4,-41,13.333333333333334,14.333333333333334,-1.0,44.738747809427515,49.93551397107629,-5.196766161648775,-47,-41,-6,-0.43,0.3,-0.73
60,35,-33,90,3,-28,20.666666666666668,21.666666666666668,-1.0,39.296593010364425,49.94886273869395,-10.652269728329522,-33,-28,-5,-0.5,0.51,-1.01
65,44,-93,94,9,-84,5.333333333333333,6.333333333333333,-1.0,70.05870554201114,72.69265590293301,-2.6339503609218724,-93,-84,-9,-0.66,-0.05,-0.61
71,28,-18,95,2,-13,27.0,28.0,-1.0,36.34097778908359,47.77028364998475,-11.42930586090116,-18,-13,-5,-0.04,0.66,-0.7000000000000001
85,11,-12,92,4,-9,28.0,29.0,-1.0,41.38437708443449,44.86275366789991,-3.478376583465419,-12,-9,-3,0.55,0.66,-0.10999999999999999
60,48,-58,97,1,-45,16.666666666666668,17.666666666666668,-1.0,53.02410353372847,59.15704147061071,-6.132937936882236,-58,-45,-13,-0.68,0.4,-1.08
64,38,-12,83,16,-6,30.0,31.0,-1.0,31.538336460039655,37.85058343892029,-6.3122469788806335,-12,-6,-6,-0.36,0.53,-0.89
66,45,-24,98,6,-14,29.0,30.0,-1.0,38.44476557348217,48.771576421791686,-10.326810848309513,-24,-14,-10,-0.55,0.62,-1.17
68,57,-63,96,27,-58,20.666666666666668,21.666666666666668,-1.0,59.33146064460425,62.983242921342885,-3.6517822767386363,-63,-58,-5,-0.69,-0.13,-0.5599999999999999
45,39,-71,76,5,-65,4.333333333333333,5.333333333333333,-1.0,53.324999348856586,57.563491516373084,-4.2384921675164975,-71,-65,-6,-0.7,0.01,-0.71
42,38,-61,68,13,-59,6.333333333333333,7.333333333333333,-1.0,47.63985259796209,52.0021367082375,-4.362284110275411,-61,-59,-2,-0.7,-0.16,-0.5399999999999999
65,46,-91,94,17,-88,6.666666666666667,7.666666666666667,-1.0,69.49500381722096,74.59371436134697,-5.098710544126007,-91,-88,-3,-0.67,-0.19,-0.48000000000000004
67,55,-31,93,26,-25,30.333333333333332,31.333333333333332,-1.0,43.645032808887755,48.32068800098865,-4.675655192100898,-31,-25,-6,-0.67,0.16,-0.8300000000000001
39,37,-60,72,5,-58,5.333333333333333,6.333333333333333,-1.0,46.2048578494609,53.080651423617205,-6.8757935741563045,-60,-58,-2,-0.71,0.04,-0.75
41,32,-12,58,14,-8,20.333333333333332,21.333333333333332,-1.0,23.156472577277874,27.438820836342238,-4.282348259064364,-12,-8,-4,-0.63,0.38,-1.01
66,18,-42,78,1,-34,14.0,15.0,-1.0,44.181444068749045,46.783187863447985,-2.6017437946989403,-42,-34,-8,-0.14,0.42,-0.56
54,49,-74,81,22,-71,9.666666666666666,10.666666666666666,-1.0,59.19647136630884,62.56907294253998,-3.3726015762311405,-74,-71,-3,-0.7,-0.27,-0.42999999999999994
65,53,-52,88,29,-48,22.0,23.0,-1.0,52.55473337388365,55.68363014986242,-3.1288967759787667,-52,-48,-4,-0.68,-0.16,-0.52
80,29,-78,98,12,-76,10.333333333333334,11.333333333333334,-1.0,65.83987309289782,71.03676669318658,-5.19689360028876,-78,-76,-2,-0.4,-0.01,-0.39
85,34,-83,98,20,-79,12.0,13.0,-1.0,70.32780389006896,72.42927584892728,-2.101471958858312,-83,-79,-4,-0.44,-0.14,-0.3
59,33,-13,75,17,-10,26.333333333333332,27.333333333333332,-1.0,29.769484749021473,35.46202977207531,-5.692545023053839,-13,-10,-3,-0.32,0.41,-0.73
55,49,-32,95,8,-28,24.0,25.0,-1.0,39.67366884975475,51.633322573702344,-11.959653723947596,-32,-28,-4,-0.69,0.46,-1.15
53,48,-73,82,19,-70,9.333333333333334,10.333333333333334,-1.0,58.25423208278996,62.35561099229341,-4.101378909503445,-73,-70,-3,-0.7,-0.21,-0.49
70,33,-54,96,6,-50,16.333333333333332,17.333333333333332,-1.0,51.97649041206568,60.14057606050086,-8.164085648435183,-54,-50,-4,-0.45,0.28,-0.73
73,33,-46,87,20,-44,20.0,21.0,-1.0,49.44357052910587,53.485200445232195,-4.041629916126325,-46,-44,-2,-0.38,0.03,-0.41000000000000003
72,50,-32,97,13,-17,30.0,31.0,-1.0,44.75116385823576,48.249352327259274,-3.4981884690235105,-32,-17,-15,-0.58,0.51,-1.0899999999999999
72,34,-68,95,3,-57,12.666666666666666,13.666666666666666,-1.0,59.11194652709571,62.51044357189889,-3.398497044803179,-68,-57,-11,-0.49,0.25,-0.74
70,23,-66,90,3,-63,9.0,10.0,-1.0,56.39739946723312,62.65780079128216,-6.260401324049042,-66,-63,-3,-0.36,0.17,-0.53
70,36,-31,84,17,-23,25.0,26.0,-1.0,41.960298696108765,44.14370472294625,-2.1834060268374813,-31,-23,-8,-0.38,0.3,-0.6799999999999999
63,46,-20,94,11,-13,29.666666666666668,30.666666666666668,-1.0,35.798820588890294,45.84272631023983,-10.043905721349539,-20,-13,-7,-0.59,0.56,-1.15
82,25,-28,94,6,-18,26.333333333333332,27.333333333333332,-1.0,44.917207788948275,48.14792022738077,-3.230712438432498,-28,-18,-10,0.04,0.58,-0.5399999999999999
57,54,-22,93,19,-20,29.666666666666668,30.666666666666668,-1.0,36.55437350334734,46.8638690487909,-10.30949554544356,-22,-20,-2,-0.7,0.36,-1.06
65,20,-29,78,8,-27,18.666666666666668,19.666666666666668,-1.0,38.38691906829143,43.65266951236265,-5.265750444071223,-29,-27,-2,-0.05,0.38,-0.43
86,24,-35,95,8,-28,25.0,25.0,0.0,49.4031038161234,51.633322573702344,-2.230218757578946,-35,-28,-7,0.03,0.46,-0.43000000000000005
58,37,-32,81,9,-27,21.0,21.0,0.0,38.44476557348217,44.8998886412873,-6.4551230678051255,-32,-27,-5,-0.55,0.38,-0.93
64,23,-14,74,7,-8,24.333333333333332,24.333333333333332,0.0,31.857320805254307,35.64952859280034,-3.7922077875460296,-14,-8,-6,0.06,0.61,-0.55
80,31,-38,94,5,-26,24.333333333333332,24.333333333333332,0.0,48.40339749324306,50.86146762421321,-2.4580701309701496,-38,-26,-12,-0.2,0.52,-0.72
52,37,-77,81,2,-71,4.0,4.0,0.0,57.60208329565867,62.069853122644545,-4.467769826985872,-77,-71,-6,-0.67,0.05,-0.7200000000000001
55,22,-21,66,6,-16,18.666666666666668,18.666666666666668,0.0,31.116269413639905,34.653843782312066,-3.5375743686721606,-21,-16,-5,-0.16,0.5,-0.66
28,18,-25,39,5,-23,7.0,7.0,0.0,22.992752481307377,25.350871122442058,-2.3581186411346806,-25,-23,-2,-0.61,0.12,-0.73
57,31,-22,70,14,-18,22.0,22.0,0.0,32.873494895837695,36.368484525295614,-3.494989629457919,-22,-18,-4,-0.39,0.32,-0.71
49,30,-47,67,10,-45,10.666666666666666,10.666666666666666,0.0,41.507696742759514,45.72623851673007,-4.218541773970557,-47,-45,-2,-0.6,0.02,-0.62
71,45,-66,94,20,-64,16.666666666666668,16.666666666666668,0.0,59.4100627466051,64.54627969311804,-5.136216946512938,-66,-64,-2,-0.61,-0.08,-0.53
76,43,-32,96,19,-28,29.0,29.0,0.0,45.18849411078001,51.11425111127685,-5.925757000496837,-32,-28,-4,-0.43,0.29,-0.72
84,25,-28,91,16,-26,27.0,27.0,0.0,45.745673748089736,48.394214530251446,-2.64854078216171,-28,-26,-2,0.07,0.33,-0.26
53,48,-61,90,4,-54,13.333333333333334,13.333333333333334,0.0,52.60122516528382,59.157041470610714,-6.555816305326893,-61,-54,-7,-0.7,0.23,-0.9299999999999999
58,42,-19,74,24,-17,27.0,27.0,0.0,33.1762967593833,37.2111094522411,-4.034812692857798,-19,-17,-2,-0.59,0.12,-0.71
60,46,-24,85,9,-12,27.333333333333332,27.333333333333332,0.0,36.745370078721784,41.667999978667346,-4.922629899945562,-24,-12,-12,-0.63,0.57,-1.2
52,34,-65,75,3,-57,7.0,7.0,0.0,51.43928459844674,53.96295025292817,-2.5236656544814267,-65,-57,-8,-0.64,0.11,-0.75
85,39,-21,96,25,-18,34.333333333333336,34.333333333333336,0.0,43.39994879669278,47.00590979393501,-3.605960997242228,-21,-18,-3,-0.16,0.29,-0.44999999999999996
54,46,-22,82,10,-14,26.0,26.0,0.0,34.09789827345179,40.792156108742276,-6.694257835290486,-22,-14,-8,-0.68,0.53,-1.21
67,47,-76,98,12,-72,12.666666666666666,12.666666666666666,0.0,63.226225219884476,69.40381033407957,-6.1775851141950895,-76,-72,-4,-0.65,0.01,-0.66
48,30,-32,66,3,-23,15.333333333333334,15.333333333333334,0.0,34.266926069057064,37.366057086910075,-3.0991310178530114,-32,-23,-9,-0.56,0.46,-1.02
68,32,-91,82,16,-89,3.0,3.0,0.0,68.07348970047003,70.41306696913578,-2.3395772686657494,-91,-89,-2,-0.56,-0.27,-0.29000000000000004
59,54,-22,90,14,-13,30.333333333333332,30.333333333333332,0.0,37.06151043273271,43.60682923070142,-6.5453187979687115,-22,-13,-9,-0.7,0.51,-1.21
56,39,-78,85,2,-70,5.666666666666667,5.666666666666667,0.0,59.56695579112821,63.331578923068776,-3.764623131940567,-78,-70,-8,-0.66,0.09,-0.75
65,46,-24,88,13,-14,29.0,29.0,0.0,38.27096375408734,43.15089802078283,-4.879934266695493,-24,-14,-10,-0.58,0.51,-1.0899999999999999
68,34,-36,85,12,-31,22.0,22.0,0.0,43.29742101634538,47.88179890800539,-4.5843778916600115,-36,-31,-5,-0.39,0.3,-0.69
59,58,-27,94,21,-25,30.0,30.0,0.0,40.307154038292836,48.99659852139398,-8.689444483101141,-27,-25,-2,-0.71,0.27,-0.98
55,22,-52,68,7,-50,8.333333333333334,8.333333333333334,0.0,44.738747809427515,48.18252334151414,-3.443775532086626,-52,-50,-2,-0.43,0.04,-0.47
72,32,-35,88,1,-20,23.0,23.0,0.0,44.14370472294625,46.75467891024384,-2.610974187297593,-35,-20,-15,-0.3,0.6,-0.8999999999999999
75,54,-25,99,15,-10,34.666666666666664,34.666666666666664,0.0,43.05293898859352,46.62140662351959,-3.5684676349260727,-25,-10,-15,-0.58,0.56,-1.1400000000000001
61,50,-88,94,11,-82,7.666666666666667,7.666666666666667,0.0,67.79544396360438,71.89034860273125,-4.094904639126867,-88,-82,-6,-0.69,-0.07,-0.6199999999999999
52,43,-38,74,13,-30,19.0,19.0,0.0,40.47221268969612,42.66927075386533,-2.1970580641692052,-38,-30,-8,-0.68,0.21,-0.89
55,47,-14,86,10,-8,29.333333333333332,29.333333333333332,0.0,30.814859330452173,40.737642979872504,-9.922783649420332,-14,-8,-6,-0.67,0.6,-1.27
71,45,-35,95,9,-23,27.0,27.0,0.0,45.10727953076606,49.82636517614612,-4.719085645380062,-35,-23,-12,-0.54,0.49,-1.03
82,32,-30,91,19,-26,28.0,28.0,0.0,45.81120678029194,48.187135212627034,-2.375928432335094,-30,-26,-4,-0.13,0.27,-0.4
73,38,-82,94,15,-80,9.666666666666666,9.666666666666666,0.0,66.37435917246626,71.13523896229086,-4.7608797898246,-82,-80,-2,-0.56,-0.11,-0.45000000000000007
65,34,-38,81,15,-35,20.333333333333332,20.333333333333332,0.0,43.14574782705192,47.50672467018631,-4.360976843134388,-38,-35,-3,-0.44,0.17,-0.61
57,47,-36,93,5,-30,22.666666666666668,22.666666666666668,0.0,41.68399639616571,51.74510175422941,-10.061105358063699,-36,-30,-6,-0.68,0.47,-1.15
53,32,-83,78,1,-77,0.6666666666666666,0.6666666666666666,0.0,59.7792234438986,63.27892399703256,-3.4997005531339553,-83,-77,-6,-0.64,-0.01,-0.63
52,44,-45,86,5,-40,17.0,17.0,0.0,43.96210489349511,52.1344415909483,-8.17233669745319,-45,-40,-5,-0.69,0.33,-1.02
75,32,-35,97,2,-27,24.0,24.0,0.0,45.2621990922521,52.959103718498355,-7.696904626246258,-35,-27,-8,-0.26,0.55,-0.81
70,47,-13,92,23,-11,34.666666666666664,34.666666666666664,0.0,34.988887124660344,42.851163604063565,-7.862276479403221,-13,-11,-2,-0.48,0.39,-0.87
68,33,-82,91,7,-79,6.333333333333333,6.333333333333333,0.0,64.07460928913696,69.40381033407957,-5.329201044942607,-82,-79,-3,-0.55,-0.01,-0.54
71,43,-54,98,7,-45,20.0,20.0,0.0,53.559935275041795,59.098787353605374,-5.538852078563579,-54,-45,-9,-0.56,0.32,-0.8800000000000001
64,55,-44,93,18,-36,25.0,25.0,0.0,48.92851929090027,52.896124621752776,-3.967605330852507,-44,-36,-8,-0.69,0.2,-0.8899999999999999
53,50,-24,91,1,-13,26.333333333333332,26.333333333333332,0.0,35.612107803698194,46.082052423427875,-10.46994461972968,-24,-13,-11,-0.7,0.66,-1.3599999999999999
43,36,-28,65,7,-21,17.0,17.0,0.0,31.94787421201396,35.81433604950212,-3.8664618374881563,-28,-21,-7,-0.68,0.4,-1.08
59,43,-32,82,11,-23,23.333333333333332,23.333333333333332,0.0,39.66806720216597,43.74420596553966,-4.076138763373692,-32,-23,-9,-0.62,0.4,-1.02
60,43,-50,86,6,-39,17.666666666666668,17.666666666666668,0.0,48.3482735529983,51.69354139756941,-3.3452678445711115,-50,-39,-11,-0.64,0.33,-0.97
61,47,-54,92,1,-39,18.0,18.0,0.0,51.23150072627842,54.81483983983413,-3.5833391135557093,-54,-39,-15,-0.67,0.44,-1.11
70,39,-20,88,13,-12,29.666666666666668,29.666666666666668,0.0,37.33035702421765,42.49182927993987,-5.161472255722224,-20,-12,-8,-0.36,0.53,-0.89
83,42,-52,94,29,-50,24.333333333333332,24.333333333333332,0.0,56.51155240794183,58.88029287366775,-2.368740465725921,-52,-50,-2,-0.44,-0.12,-0.32
78,40,-32,91,22,-27,28.666666666666668,28.666666666666668,0.0,45.616761052149336,48.40339749324306,-2.7866364410937265,-32,-27,-5,-0.36,0.2,-0.56
77,36,-79,94,15,-75,11.333333333333334,11.333333333333334,0.0,66.03197878469356,69.04265992043534,-3.010681135741777,-79,-75,-4,-0.51,-0.08,-0.43
58,42,-20,78,12,-10,26.666666666666668,26.666666666666668,0.0,33.6386021641143,37.392809766347085,-3.754207602232782,-20,-10,-10,-0.59,0.53,-1.12
68,49,-30,99,8,-20,29.0,29.0,0.0,42.43426288586461,50.80026246651356,-8.365999580648946,-30,-20,-10,-0.6,0.55,-1.15
58,34,-23,76,13,-20,23.0,23.0,0.0,33.97057550292606,39.824615503479755,-5.854040000553695,-23,-20,-3,-0.45,0.36,-0.81
61,37,-49,86,9,-46,16.333333333333332,16.333333333333332,0.0,47.22522866246623,54.137684554189136,-6.912455891722907,-49,-46,-3,-0.57,0.2,-0.77
69,40,-42,85,17,-35,22.333333333333332,22.333333333333332,0.0,47.00590979393501,49.13473539383541,-2.128825599900402,-42,-35,-7,-0.51,0.16,-0.67
39,29,-22,58,1,-13,15.333333333333334,15.333333333333334,0.0,26.71246067953223,30.706495874470743,-3.994035194938512,-22,-13,-9,-0.63,0.6,-1.23
70,33,-26,92,8,-23,25.666666666666668,25.666666666666668,0.0,39.53338954464807,48.58211833815218,-9.048728793504111,-26,-23,-3,-0.27,0.5,-0.77
90,44,-26,99,33,-24,36.0,36.0,0.0,47.69346566005312,50.25932749251625,-2.5658618324631277,-26,-24,-2,-0.25,0.09,-0.33999999999999997
64,60,-28,87,33,-24,32.0,32.0,0.0,42.45782220824175,45.32107677449864,-2.8632545662568916,-28,-24,-4,-0.7,-0.03,-0.6699999999999999
61,45,-28,82,11,-15,26.0,26.0,0.0,38.738439135652676,40.995934757810645,-2.2574956221579683,-28,-15,-13,-0.62,0.5,-1.12
72,42,-96,88,24,-94,6.0,6.0,0.0,73.15736463268753,75.38346414610214,-2.22609951341461,-96,-94,-2,-0.62,-0.34,-0.27999999999999997
41,40,-25,59,20,-23,18.666666666666668,18.666666666666668,0.0,30.879694874715902,33.48963355361709,-2.6099386789011874,-25,-23,-2,-0.71,-0.06,-0.6499999999999999
70,34,-16,90,7,-9,29.333333333333332,29.333333333333332,0.0,35.264083081168515,43.39226761634945,-8.128184535180935,-16,-9,-7,-0.2,0.64,-0.8400000000000001
64,41,-73,90,13,-71,10.666666666666666,10.666666666666666,0.0,59.901771444776344,65.7486797501584,-5.846908305382058,-73,-71,-2,-0.63,-0.05,-0.58
53,51,-92,88,10,-86,4.0,4.0,0.0,67.88716128007317,71.16178749862878,-3.2746262185556105,-92,-86,-6,-0.71,-0.13,-0.58
57,36,-33,86,5,-31,20.0,20.0,0.0,38.44476557348217,48.92851929090027,-10.483753717418097,-33,-31,-2,-0.55,0.43,-0.98
57,49,-42,85,7,-28,21.333333333333332,21.333333333333332,0.0,44.902363214225396,47.23228650921834,-2.3299232949929447,-42,-28,-14,-0.69,0.43,-1.1199999999999999
54,32,-67,72,12,-65,6.333333333333333,6.333333333333333,0.0,52.626567012826854,56.0733646415321,-3.446797628705248,-67,-65,-2,-0.62,-0.15,-0.47
46,43,-20,66,19,-16,23.0,23.0,0.0,30.430248109405877,33.595634637057636,-3.1653865276517585,-20,-16,-4,-0.7,0.18,-0.8799999999999999
57,38,-6,80,10,-1,29.666666666666668,29.666666666666668,0.0,26.386023236217735,35.87323359956402,-9.487210363346282,-6,-1,-5,-0.44,0.66,-1.1
55,42,-39,74,17,-33,19.333333333333332,19.333333333333332,0.0,41.58792559812951,43.71371511195186,-2.1257895138223546,-39,-33,-6,-0.66,0.08,-0.74
65,54,-33,95,9,-18,28.666666666666668,28.666666666666668,0.0,43.8355512746852,48.18252334151415,-4.346972066828947,-33,-18,-15,-0.67,0.54,-1.21
55,18,-15,64,1,-7,19.333333333333332,19.333333333333332,0.0,28.592928418676454,31.752515210959626,-3.1595867922831715,-15,-7,-8,0.07,0.67,-0.6000000000000001
56,54,-43,89,15,-37,22.333333333333332,22.333333333333332,0.0,46.2048578494609,51.699989254243455,-5.495131404782555,-43,-37,-6,-0.71,0.21,-0.9199999999999999
75,60,-48,94,39,-46,29.0,29.0,0.0,54.7905101272109,57.590508477236654,-2.799998350025753,-48,-46,-2,-0.67,-0.26,-0.41000000000000003
56,35,-21,68,20,-18,23.333333333333332,23.333333333333332,0.0,32.49957264676294,35.188381921057726,-2.6888092742947833,-21,-18,-3,-0.49,0.14,-0.63
33,28,-8,45,14,-6,17.666666666666668,17.666666666666668,0.0,18.263503375736967,20.98147330914162,-2.717969933404653,-8,-6,-2,-0.67,0.26,-0.93
69,53,-16,90,25,-9,35.333333333333336,35.333333333333336,0.0,36.88119062912995,41.071752931776466,-4.190562302646519,-16,-9,-7,-0.61,0.36,-0.97
62,53,-63,91,17,-56,17.333333333333332,17.333333333333332,0.0,56.92294987280809,60.01296156294535,-3.09001169013726,-63,-56,-7,-0.69,0.01,-0.7
59,35,-67,89,1,-63,9.0,9.0,0.0,54.62600113499065,62.31104770958892,-7.6850465745982675,-67,-63,-4,-0.61,0.19,-0.8
47,14,-25,56,3,-23,12.0,12.0,0.0,29.427877939124322,32.873494895837695,-3.4456169567133728,-25,-23,-2,-0.1,0.39,-0.49
58,56,-11,81,31,-9,34.333333333333336,34.333333333333336,0.0,32.0659043568433,36.81787005729087,-4.75196570044757,-11,-9,-2,-0.71,0.14,-0.85
56,42,-67,84,4,-57,10.333333333333334,10.333333333333334,0.0,54.98080473118676,57.736951387785936,-2.756146656599178,-67,-57,-10,-0.67,0.16,-0.8300000000000001
66,62,-45,95,28,-40,27.666666666666668,27.666666666666668,0.0,51.409035090039275,55.1140232205521,-3.704988130512824,-45,-40,-5,-0.7,-0.01,-0.69
64,37,-68,92,6,-65,11.0,11.0,0.0,56.938563381947034,64.19241907473706,-7.253855692790026,-68,-65,-3,-0.59,0.12,-0.71
61,43,-79,96,2,-73,8.333333333333334,8.333333333333334,0.0,62.189674026767136,69.13915115346892,-6.94947712670178,-79,-73,-6,-0.66,0.14,-0.8
62,31,-52,87,3,-49,13.666666666666666,13.666666666666666,0.0,48.12714641678044,56.031737038535184,-7.904590621754743,-52,-49,-3,-0.49,0.28,-0.77
73,37,-70,99,1,-60,13.333333333333334,13.333333333333334,0.0,60.73073539997866,65.49469868283659,-4.763963282857922,-70,-60,-10,-0.53,0.28,-0.81
51,47,-58,87,3,-50,13.333333333333334,13.333333333333334,0.0,50.466710700112884,56.40527950073075,-5.938568800617865,-58,-50,-8,-0.7,0.27,-0.97
72,38,-88,98,4,-80,7.333333333333333,7.333333333333333,0.0,68.82506003549062,72.70641114937679,-3.8813511138861685,-88,-80,-8,-0.58,0.07,-0.6499999999999999
69,66,-55,96,34,-50,26.666666666666668,26.666666666666668,0.0,57.76004001229762,59.82938705649219,-2.069347044194565,-55,-50,-5,-0.71,-0.18,-0.53
67,35,-44,90,1,-33,19.333333333333332,19.333333333333332,0.0,46.64999702274612,51.86092513208336,-5.210928109337239,-44,-33,-11,-0.47,0.49,-0.96
86,46,-20,98,28,-14,37.333333333333336,37.333333333333336,0.0,43.70608907489003,46.197643037521104,-2.491553962631073,-20,-14,-6,-0.29,0.29,-0.58
74,25,-65,89,4,-59,11.333333333333334,11.333333333333334,0.0,57.56349151637308,60.642852468824024,-3.0793609524509478,-65,-59,-6,-0.34,0.18,-0.52
60,51,-79,94,11,-73,10.666666666666666,10.666666666666666,0.0,63.51027913303134,68.17787193967132,-4.6675928066399806,-79,-73,-6,-0.7,-0.01,-0.69
79,30,-22,92,12,-17,29.0,29.0,0.0,41.23913998456644,46.09410663703839,-4.854966652471944,-22,-17,-5,-0.04,0.5,-0.54
54,51,-35,84,17,-31,23.333333333333332,23.333333333333332,0.0,41.26607430915726,47.16166051171462,-5.895586202557361,-35,-31,-4,-0.7,0.2,-0.8999999999999999
71,48,-19,96,7,-6,33.333333333333336,32.333333333333336,1.0,38.177945931591914,45.330882286680556,-7.152936355088642,-19,-6,-13,-0.52,0.66,-1.1800000000000002
48,45,-47,80,3,-40,15.333333333333334,14.333333333333334,1.0,44.0933353492591,49.64093293061909,-5.547597581359987,-47,-40,-7,-0.7,0.33,-1.03
45,41,-62,74,1,-54,8.0,7.0,1.0,49.52440475832765,52.42772803266099,-2.9033232743333386,-62,-54,-8,-0.7,0.17,-0.87
81,38,-56,95,16,-51,21.0,20.0,1.0,57.20722565084473,59.67132197854063,-2.4640963276959056,-56,-51,-5,-0.42,0.1,-0.52
78,39,-32,95,6,-19,28.333333333333332,27.333333333333332,1.0,45.536310297997964,48.92397730720138,-3.387667009203419,-32,-19,-13,-0.34,0.57,-0.9099999999999999
67,36,-51,86,5,-42,17.333333333333332,16.333333333333332,1.0,49.94886273869395,52.86670870111822,-2.9178459624242734,-51,-42,-9,-0.51,0.31,-0.8200000000000001
60,31,-14,80,3,-9,25.666666666666668,24.666666666666668,1.0,30.444849956747838,39.432079439066975,-8.987229482319137,-14,-9,-5,-0.26,0.66,-0.92
62,39,-33,82,4,-21,22.666666666666668,21.666666666666668,1.0,40.46672158151134,43.86595744107522,-3.3992358595638805,-33,-21,-12,-0.54,0.54,-1.08
39,32,-44,61,4,-41,9.0,8.0,1.0,37.58545818087983,41.737273509418415,-4.151815328538582,-44,-41,-3,-0.69,0.14,-0.83
55,42,-36,75,12,-29,20.333333333333332,19.333333333333332,1.0,40.18568014714805,42.7733042393916,-2.5876240922435514,-36,-29,-7,-0.65,0.25,-0.9
57,50,-45,78,23,-42,20.666666666666668,19.666666666666668,1.0,46.521201857026675,49.04646323187387,-2.5252613748471973,-45,-42,-3,-0.7,-0.1,-0.6
65,46,-80,92,10,-74,10.333333333333334,9.333333333333334,1.0,64.34455860616515,67.7708557485361,-3.426297142370956,-80,-74,-6,-0.66,-0.01,-0.65
62,45,-31,84,8,-19,25.333333333333332,24.333333333333332,1.0,40.43375927228247,43.60682923070142,-3.1730699584189495,-31,-19,-12,-0.61,0.51,-1.12
87,29,-34,95,15,-31,27.333333333333332,26.333333333333332,1.0,49.41209928302536,52.0597946809457,-2.6476953979203373,-34,-31,-3,-0.05,0.32,-0.37
76,45,-18,95,19,-14,34.333333333333336,33.333333333333336,1.0,39.10953279643667,45.638677554119475,-6.529144757682808,-18,-14,-4,-0.39,0.44,-0.8300000000000001
73,47,-11,98,13,-5,36.333333333333336,35.333333333333336,1.0,35.11251755270318,44.917207788948275,-9.804690236245094,-11,-5,-6,-0.43,0.62,-1.05
44,27,-28,57,7,-24,14.333333333333334,13.333333333333334,1.0,30.728199137310703,33.369979855486214,-2.641780718175511,-28,-24,-4,-0.55,0.28,-0.8300000000000001
58,47,-93,94,4,-89,4.0,3.0,1.0,68.73621073834859,74.7127833774114,-5.976572639062809,-93,-89,-4,-0.69,-0.02,-0.6699999999999999
53,46,-42,80,7,-33,19.0,18.0,1.0,43.22807729551092,46.783187863447985,-3.5551105679370636,-42,-33,-9,-0.69,0.34,-1.03
71,42,-34,88,18,-30,26.333333333333332,25.333333333333332,1.0,44.274396915398206,48.45157949495099,-4.177182579552785,-34,-30,-4,-0.49,0.22,-0.71
47,39,-31,67,13,-28,18.333333333333332,17.333333333333332,1.0,35.03648891592243,38.90444133457716,-3.867952418654724,-31,-28,-3,-0.68,0.17,-0.8500000000000001
71,47,-56,99,3,-43,20.666666666666668,19.666666666666668,1.0,55.089825638577665,59.15704147061071,-4.0672158320330425,-56,-43,-13,-0.61,0.4,-1.01
47,39,-49,72,3,-41,12.333333333333334,11.333333333333334,1.0,43.49201714746691,46.50686926561375,-3.014852118146841,-49,-41,-8,-0.69,0.26,-0.95
69,29,-59,91,1,-56,13.0,12.0,1.0,53.466500415369126,60.51446108162907,-7.0479606662599465,-59,-56,-3,-0.42,0.27,-0.69
57,36,-28,76,10,-24,21.666666666666668,20.666666666666668,1.0,36.15091823023157,41.51572660517404,-5.36480837494247,-28,-24,-4,-0.53,0.37,-0.9
62,44,-68,91,4,-60,12.666666666666666,11.666666666666666,1.0,57.51135153650587,61.88340290866006,-4.372051372154189,-68,-60,-8,-0.66,0.18,-0.8400000000000001
72,48,-31,88,26,-28,29.666666666666668,28.666666666666668,1.0,44.00252518006463,47.39432689913659,-3.3918017190719567,-31,-28,-3,-0.55,0.08,-0.63
68,45,-50,93,9,-42,21.0,20.0,1.0,51.07510809255979,55.65968020030299,-4.584572107743199,-50,-42,-8,-0.6,0.29,-0.8899999999999999
41,24,-13,57,2,-10,17.333333333333332,16.333333333333332,1.0,22.543784558547888,29.169999809545576,-6.626215250997689,-13,-10,-3,-0.42,0.62,-1.04
87,26,-60,99,8,-57,17.666666666666668,16.666666666666668,1.0,60.30109636003497,63.980899927678074,-3.6798035676431056,-60,-57,-3,-0.2,0.2,-0.4
71,51,-41,92,20,-34,27.0,26.0,1.0,48.771576421791686,51.61395160225576,-2.8423751804640744,-41,-34,-7,-0.62,0.17,-0.79
63,43,-58,93,3,-51,16.0,15.0,1.0,52.959103718498355,59.39696961966999,-6.437865901171634,-58,-51,-7,-0.63,0.29,-0.9199999999999999
65,33,-24,78,6,-13,24.666666666666668,23.666666666666668,1.0,36.80881536926839,39.19467083956978,-2.3858554703013937,-24,-13,-11,-0.33,0.58,-0.9099999999999999
52,45,-59,84,4,-53,12.666666666666666,11.666666666666666,1.0,50.756499310159505,56.19213072624631,-5.435631416086807,-59,-53,-6,-0.7,0.2,-0.8999999999999999
76,22,-25,83,8,-21,24.333333333333332,23.333333333333332,1.0,41.26607430915726,43.82034027962611,-2.5542659704688475,-25,-21,-4,0.08,0.48,-0.39999999999999997
57,34,-11,73,7,-3,26.666666666666668,25.666666666666668,1.0,28.241026106633512,33.717782977071444,-5.4767568704379315,-11,-3,-8,-0.37,0.66,-1.03
49,37,-11,67,8,-3,25.0,24.0,1.0,25.92296279363144,30.735430152621365,-4.812467358989924,-11,-3,-8,-0.6,0.64,-1.24
60,50,-37,97,7,-34,24.333333333333332,23.333333333333332,1.0,43.560940710177,54.713394663058104,-11.152453952881103,-37,-34,-3,-0.68,0.42,-1.1
80,18,-11,88,1,-5,29.0,28.0,1.0,37.95611501018863,42.49705872175156,-4.5409437115629245,-11,-5,-6,0.41,0.7,-0.29
69,35,-24,82,12,-17,26.666666666666668,25.666666666666668,1.0,38.42163742245016,41.55585264302597,-3.134215220575811,-24,-17,-7,-0.32,0.46,-0.78
64,35,-52,85,3,-44,15.666666666666666,14.666666666666666,1.0,49.29052196473026,53.30624311987814,-4.0157211551478795,-52,-44,-8,-0.53,0.32,-0.8500000000000001
83,37,-12,98,8,-1,36.0,35.0,1.0,38.79003308411411,44.69899327725402,-5.908960193139912,-12,-1,-11,-0.04,0.69,-0.73
74,36,-41,90,6,-30,23.0,22.0,1.0,47.84001114827072,50.27922035990614,-2.439209211635422,-41,-30,-11,-0.39,0.45,-0.8400000000000001
75,42,-60,93,15,-54,19.0,18.0,1.0,57.463031594234565,60.049979184009715,-2.58694758977515,-60,-54,-6,-0.54,0.07,-0.6100000000000001
44,31,-17,61,6,-12,19.333333333333332,18.333333333333332,1.0,26.23398982660133,31.05192783422991,-4.81793800762858,-17,-12,-5,-0.58,0.53,-1.1099999999999999
81,29,-64,99,5,-61,15.333333333333334,14.333333333333334,1.0,59.9796261705219,65.65228268858763,-5.672656518065736,-64,-61,-3,-0.33,0.21,-0.54
65,55,-75,90,24,-72,15.0,14.0,1.0,63.77042156569664,66.51315659326356,-2.7427350275669227,-75,-72,-3,-0.69,-0.22,-0.47
63,29,-24,76,7,-18,22.666666666666668,21.666666666666668,1.0,35.798820588890294,39.75200903378623,-3.953188444895936,-24,-18,-6,-0.26,0.5,-0.76
57,45,-18,87,2,-8,28.0,27.0,1.0,32.89376840679705,42.62237284181474,-9.728604435017687,-18,-8,-10,-0.64,0.68,-1.32
77,35,-41,89,16,-37,23.666666666666668,22.666666666666668,1.0,48.83532419149983,51.65483735549094,-2.819513163991111,-41,-37,-4,-0.34,0.19,-0.53
68,37,-99,93,5,-95,2.0,1.0,1.0,72.5304533741977,76.8027777275449,-4.2723243533472015,-99,-95,-4,-0.61,-0.08,-0.53
68,40,-35,88,5,-23,24.333333333333332,23.333333333333332,1.0,43.484352230301056,47.133380480881655,-3.6490282505805993,-35,-23,-12,-0.49,0.52,-1.01
61,19,-63,73,1,-60,5.666666666666667,4.666666666666667,1.0,51.49325737954005,54.35888969514452,-2.865632315604472,-63,-60,-3,-0.37,0.1,-0.47
71,58,-20,94,25,-13,36.333333333333336,35.333333333333336,1.0,40.18568014714805,44.28945196720722,-4.103771820059173,-20,-13,-7,-0.65,0.34,-0.99
64,60,-31,97,13,-20,31.0,30.0,1.0,43.87102308661911,49.25444142409901,-5.383418337479895,-31,-20,-11,-0.7,0.48,-1.18
75,28,-69,92,1,-62,11.333333333333334,10.333333333333334,1.0,59.95739227892494,63.215680192672316,-3.258287913747374,-69,-62,-7,-0.4,0.22,-0.62
73,34,-68,95,3,-62,13.0,12.0,1.0,59.447455790807396,64.41014412859722,-4.962688337789828,-68,-62,-6,-0.49,0.21,-0.7
61,46,-12,79,17,-4,31.666666666666668,30.666666666666668,1.0,31.47838764754143,35.23571420527127,-3.75732655772984,-12,-4,-8,-0.59,0.52,-1.1099999999999999
69,47,-12,85,23,-7,34.666666666666664,33.666666666666664,1.0,34.198765409814946,38.30868772948971,-4.109922319674766,-12,-7,-5,-0.49,0.4,-0.89
66,40,-29,84,13,-23,25.666666666666668,24.666666666666668,1.0,40.08601862107147,44.4547210341289,-4.368702413057434,-29,-23,-6,-0.49,0.38,-0.87
76,59,-18,93,36,-15,39.0,38.0,1.0,40.89824772122476,44.11349000022555,-3.2152422790007904,-18,-15,-3,-0.62,0.07,-0.69
75,33,-51,89,9,-44,19.0,18.0,1.0,52.38320341483518,54.668699149208464,-2.285495734373285,-51,-44,-7,-0.38,0.24,-0.62
53,49,-28,84,8,-21,24.666666666666668,23.666666666666668,1.0,37.276742823851386,44.274396915398206,-6.997654091546821,-28,-21,-7,-0.7,0.49,-1.19
66,29,-23,79,10,-20,24.0,23.0,1.0,36.5057073163453,41.44876355212541,-4.943056235780112,-23,-20,-3,-0.2,0.44,-0.64
67,42,-30,87,15,-26,26.333333333333332,25.333333333333332,1.0,41.12041936664665,46.70712531890135,-5.586705952254697,-30,-26,-4,-0.52,0.32,-0.8400000000000001
68,32,-58,90,4,-55,14.0,13.0,1.0,52.99056519796708,59.53710327742412,-6.546538079457044,-58,-55,-3,-0.47,0.22,-0.69
75,46,-42,97,18,-39,26.333333333333332,25.333333333333332,1.0,49.74825513411389,55.76338902501852,-6.015133890904629,-42,-39,-3,-0.53,0.19,-0.72
66,46,-65,89,16,-61,15.666666666666666,14.666666666666666,1.0,57.62136949276911,61.24450088692771,-3.623131394158598,-65,-61,-4,-0.64,-0.03,-0.61
61,52,-59,96,2,-47,18.0,17.0,1.0,54.57105459856901,59.33520596295817,-4.764151364389157,-59,-47,-12,-0.69,0.36,-1.0499999999999998
66,35,-31,87,3,-23,23.333333333333332,22.333333333333332,1.0,40.450243784459715,46.942044646090515,-6.4918008616308,-31,-23,-8,-0.41,0.55,-0.96
82,34,-26,91,17,-21,30.0,29.0,1.0,44.181444068749045,46.50448007092076,-2.323036002171719,-26,-21,-5,-0.14,0.37,-0.51
76,35,-15,89,10,-6,32.0,31.0,1.0,37.2111094522411,41.52910625894406,-4.317996806702965,-15,-6,-9,-0.12,0.63,-0.75
73,41,-8,93,13,-3,35.333333333333336,34.333333333333336,1.0,33.30999182761166,41.994708661396324,-8.684716833784663,-8,-3,-5,-0.25,0.63,-0.88
46,35,-27,67,1,-17,18.0,17.0,1.0,32.13513134665341,36.11094017053558,-3.9758088238821685,-27,-17,-10,-0.65,0.58,-1.23
66,36,-14,80,11,-6,29.333333333333332,28.333333333333332,1.0,32.99831645537222,37.18721405118819,-4.188897595815973,-14,-6,-8,-0.29,0.6,-0.8899999999999999
66,55,-42,93,18,-35,26.333333333333332,25.333333333333332,1.0,48.52719741432518,52.51243239039261,-3.9852349760674315,-42,-35,-7,-0.68,0.21,-0.89
63,31,-76,79,9,-73,6.0,5.0,1.0,59.43624034767565,62.1181669615795,-2.6819266139038476,-76,-73,-3,-0.56,-0.1,-0.4600000000000001
58,42,-61,91,2,-57,13.0,12.0,1.0,52.73202695389839,60.83310502240262,-8.10107806850423,-61,-57,-4,-0.66,0.24,-0.9
57,48,-94,89,6,-87,3.6666666666666665,2.6666666666666665,1.0,69.15843324489711,71.89034860273125,-2.73191535783414,-94,-87,-7,-0.7,-0.07,-0.6299999999999999
66,55,-16,93,22,-13,35.0,34.0,1.0,36.34097778908359,44.098374875574116,-7.757397086490528,-16,-13,-3,-0.66,0.39,-1.05
54,39,-66,79,2,-57,9.0,8.0,1.0,53.38539126015655,55.68363014986242,-2.298238889705864,-66,-57,-9,-0.67,0.16,-0.8300000000000001
69,40,-61,94,2,-51,16.0,15.0,1.0,55.719535772174794,59.90548110704618,-4.185945334871384,-61,-51,-10,-0.57,0.32,-0.8899999999999999
72,40,-28,85,19,-23,28.0,27.0,1.0,41.697322056298376,44.45222154178574,-2.754899485487364,-28,-23,-5,-0.41,0.26,-0.6699999999999999
43,30,-38,64,3,-35,11.666666666666666,10.666666666666666,1.0,35.51838334659329,40.778534658431376,-5.2601513118380865,-38,-35,-3,-0.64,0.28,-0.92
60,49,-77,93,3,-67,10.666666666666666,9.666666666666666,1.0,62.15214307559224,65.48960901462833,-3.337465939036086,-77,-67,-10,-0.69,0.15,-0.84
58,37,-18,77,7,-10,25.666666666666668,24.666666666666668,1.0,32.04510709747884,37.65043898224237,-5.60533188476353,-18,-10,-8,-0.49,0.6,-1.0899999999999999
64,49,-69,94,7,-60,14.666666666666666,13.666666666666666,1.0,59.47735329985318,63.04671989000608,-3.569366590152903,-69,-60,-9,-0.67,0.16,-0.8300000000000001
77,51,-44,96,21,-36,28.0,27.0,1.0,52.00640986134946,54.055527006958314,-2.0491171456088537,-44,-36,-8,-0.58,0.17,-0.75
62,45,-32,88,3,-19,25.0,24.0,1.0,40.89824772122476,46.13747572924495,-5.239228008020184,-32,-19,-13,-0.62,0.59,-1.21
87,59,-9,98,42,-6,45.666666666666664,44.666666666666664,1.0,40.30991055421593,42.49967320135794,-2.189762647142011,-9,-6,-3,-0.46,0.09,-0.55
53,52,-22,86,11,-17,27.666666666666668,26.666666666666668,1.0,35.122009560324926,43.484352230301056,-8.36234266997613,-22,-17,-5,-0.71,0.49,-1.2
52,47,-10,71,19,-4,29.666666666666668,28.666666666666668,1.0,28.122746823325937,31.372316175606514,-3.2495693522805773,-10,-4,-6,-0.69,0.43,-1.1199999999999999
73,50,-46,98,7,-31,25.666666666666668,24.666666666666668,1.0,51.5385508354884,54.12536887223547,-2.5868180367470686,-46,-31,-15,-0.6,0.45,-1.05
63,49,-94,98,4,-87,6.0,5.0,1.0,70.94129028053175,75.52924378455451,-4.587953504022764,-94,-87,-7,-0.69,0.02,-0.71
58,54,-47,89,7,-34,21.666666666666668,20.666666666666668,1.0,48.58211833815218,51.13598428591053,-2.5538659477583536,-47,-34,-13,-0.7,0.38,-1.08
71,56,-46,98,17,-37,27.0,26.0,1.0,51.980765673468106,55.47972602672079,-3.4989603532526843,-46,-37,-9,-0.66,0.24,-0.9
65,53,-52,99,11,-47,22.0,21.0,1.0,52.55473337388365,60.02221810851933,-7.467484734635683,-52,-47,-5,-0.68,0.25,-0.93
83,22,-20,90,5,-13,28.333333333333332,27.333333333333332,1.0,42.28737662970148,44.917207788948275,-2.6298311592467982,-20,-13,-7,0.22,0.62,-0.4
64,58,-39,98,12,-30,27.666666666666668,26.666666666666668,1.0,47.204048790566915,53.27496806401879,-6.070919273451878,-39,-30,-9,-0.7,0.39,-1.0899999999999999
59,51,-43,87,15,-38,22.333333333333332,21.333333333333332,1.0,46.31294515455575,51.227162933567016,-4.914217779011267,-43,-38,-5,-0.69,0.18,-0.8699999999999999
58,49,-41,85,1,-29,22.0,19.0,3.0,44.69899327725402,48.249352327259274,-3.5503590500052553,-41,-29,-12,-0.69,0.51,-1.2
74,21,-12,78,1,-5,27.666666666666668,24.666666666666668,3.0,35.424410918022176,37.791827452800185,-2.367416534778009,-12,-5,-7,0.28,0.69,-0.4099999999999999
64,49,-38,94,2,-30,25.0,22.0,3.0,44.96665431183423,52.56107558513873,-7.594421273304498,-38,-30,-8,-0.65,0.52,-1.17
75,40,-46,91,8,-39,23.0,20.0,3.0,50.839617097954886,53.74631770332426,-2.906700605369373,-46,-39,-7,-0.46,0.32,-0.78
52,40,-18,68,2,-5,24.666666666666668,21.666666666666668,3.0,30.5650490302604,32.8870119584549,-2.3219629281944982,-18,-5,-13,-0.63,0.68,-1.31
82,44,-27,97,7,-14,33.0,30.0,3.0,45.17373868373822,48.14561246884289,-2.9718737851046697,-27,-14,-13,-0.35,0.61,-0.96
83,38,-57,97,8,-50,21.333333333333332,18.333333333333332,3.0,58.35713800003865,60.45567706087567,-2.0985390608370196,-57,-50,-7,-0.41,0.25,-0.6599999999999999
54,45,-27,75,2,-14,24.0,21.0,3.0,36.24913792078372,38.738439135652676,-2.4893012148689593,-27,-14,-13,-0.67,0.62,-1.29
79,38,-47,98,3,-40,23.333333333333332,20.333333333333332,3.0,52.4743323497837,57.656068390258994,-5.181736040475293,-47,-40,-7,-0.4,0.42,-0.8200000000000001
58,53,-21,82,12,-13,30.0,27.0,3.0,36.12016980395672,40.2077936060494,-4.087623802092679,-21,-13,-8,-0.7,0.51,-1.21
86,44,-23,97,16,-15,35.666666666666664,32.666666666666664,3.0,44.88751373031133,47.21816976075583,-2.3306560304444943,-23,-15,-8,-0.27,0.49,-0.76
64,34,-22,77,4,-14,25.333333333333332,22.333333333333332,3.0,35.64017707899642,39.34745509206691,-3.7072780130704857,-22,-14,-8,-0.35,0.6,-0.95
83,38,-19,97,7,-11,34.0,31.0,3.0,41.737273509418415,47.24404724407086,-5.506773734652448,-19,-11,-8,-0.14,0.63,-0.77
80,45,-14,92,11,-1,37.0,34.0,3.0,38.79003308411411,41.30375285612676,-2.5137197720126565,-14,-1,-13,-0.3,0.66,-0.96
54,40,-51,75,3,-44,14.333333333333334,11.333333333333334,3.0,46.54985380094,48.93760199364992,-2.387748192709921,-51,-44,-7,-0.66,0.25,-0.91
59,47,-29,88,1,-21,25.666666666666668,22.666666666666668,3.0,38.96437118987322,47.06260605713297,-8.098234867259748,-29,-21,-8,-0.66,0.59,-1.25
64,54,-16,91,9,-7,34.0,31.0,3.0,35.59026084010437,42.926293418680665,-7.336032578576294,-16,-7,-9,-0.67,0.63,-1.3
67,54,-25,89,14,-16,32.0,29.0,3.0,40.65300316909769,44.15880433163923,-3.5058011625415446,-25,-16,-9,-0.65,0.47,-1.12
75,50,-16,92,10,-2,36.333333333333336,33.333333333333336,3.0,38.38691906829142,41.77186719418811,-3.384948125896692,-16,-2,-14,-0.49,0.66,-1.15
75,43,-83,98,4,-76,11.666666666666666,8.666666666666666,3.0,68.20231341791535,71.11180555216474,-2.9094921342493905,-83,-76,-7,-0.59,0.1,-0.69
69,48,-25,97,4,-18,30.666666666666668,27.666666666666668,3.0,40.28509512076258,49.84197249529981,-9.55687737453723,-25,-18,-7,-0.57,0.61,-1.18
64,63,-46,95,16,-39,27.0,24.0,3.0,51.62040940041707,54.996969613485675,-3.3765602130686077,-46,-39,-7,-0.71,0.22,-0.9299999999999999
72,63,-20,97,21,-12,38.333333333333336,35.333333333333336,3.0,41.411216945278106,45.638677554119475,-4.227460608841369,-20,-12,-8,-0.68,0.44,-1.12
67,60,-55,97,12,-46,24.0,21.0,3.0,55.93448548674303,58.72534943843814,-2.7908639516951084,-55,-46,-9,-0.7,0.23,-0.9299999999999999
79,56,-16,99,19,-8,39.666666666666664,36.666666666666664,3.0,40.46672158151134,45.433712397538265,-4.966990816026929,-16,-8,-8,-0.54,0.52,-1.06
57,56,-35,91,3,-25,26.0,23.0,3.0,43.135445594854666,49.42334131426837,-6.287895719413704,-35,-25,-10,-0.71,0.54,-1.25
74,58,-30,97,18,-22,34.0,31.0,3.0,45.723808531952656,49.44357052910587,-3.7197619971532134,-30,-22,-8,-0.64,0.38,-1.02
74,66,-17,96,27,-9,41.0,38.0,3.0,41.14203041497426,43.56604182158393,-2.4240114066096723,-17,-9,-8,-0.69,0.36,-1.0499999999999998
76,54,-46,97,16,-38,28.0,25.0,3.0,53.09111664550546,55.47972602672079,-2.388609381215332,-46,-38,-8,-0.62,0.24,-0.86
88,35,-28,99,3,-16,31.666666666666668,28.666666666666668,3.0,47.41542177627678,50.334437073990955,-2.919015297714175,-28,-16,-12,-0.11,0.63,-0.74
73,43,-40,94,4,-31,25.333333333333332,22.333333333333332,3.0,47.79353745248642,52.65189666310439,-4.858359210617969,-40,-31,-9,-0.5,0.48,-0.98
70,65,-15,93,22,-4,40.0,37.0,3.0,38.94440481849308,40.995934757810645,-2.051529939317568,-15,-4,-11,-0.7,0.5,-1.2
70,49,-75,99,2,-66,14.666666666666666,11.666666666666666,3.0,63.980899927678074,67.70688459988557,-3.7259846722074954,-75,-66,-9,-0.65,0.21,-0.86
74,55,-11,95,18,-4,39.333333333333336,36.333333333333336,3.0,36.42648609032841,42.444735310230826,-6.018249219902415,-11,-4,-7,-0.57,0.57,-1.14
83,45,-38,99,9,-27,30.0,27.0,3.0,50.52392172690741,52.99056519796708,-2.466643471059669,-38,-27,-11,-0.42,0.47,-0.8899999999999999
63,32,-13,77,2,-6,27.333333333333332,24.333333333333332,3.0,31.201851796897497,37.38389433373088,-6.182042536833382,-13,-6,-7,-0.22,0.68,-0.9
74,45,-30,90,12,-22,29.666666666666668,26.666666666666668,3.0,43.82034027962611,46.88520259337931,-3.0648623137532027,-30,-22,-8,-0.48,0.44,-0.9199999999999999
52,41,-26,71,1,-14,22.333333333333332,19.333333333333332,3.0,34.4705993887867,37.04351795148811,-2.5729185627014104,-26,-14,-12,-0.65,0.62,-1.27
81,43,-25,95,8,-13,33.0,30.0,3.0,43.84822307308093,46.75467891024384,-2.906455837162909,-25,-13,-12,-0.33,0.6,-0.9299999999999999
54,37,-28,72,2,-20,21.0,18.0,3.0,35.33647784749729,39.22584182228174,-3.8893639747844446,-28,-20,-8,-0.59,0.54,-1.13
65,46,-19,92,2,-11,30.666666666666668,27.666666666666668,3.0,35.966033358650435,45.799078108140506,-9.833044749490071,-19,-11,-8,-0.56,0.66,-1.2200000000000002
59,51,-53,89,5,-46,19.0,16.0,3.0,51.01633725255731,55.65968020030299,-4.64334294774568,-53,-46,-7,-0.69,0.29,-0.98
84,46,-12,97,13,-1,39.333333333333336,36.333333333333336,3.0,39.47432358156656,43.27688631231329,-3.802562730746729,-12,-1,-11,-0.25,0.65,-0.9
78,35,-19,87,10,-12,31.333333333333332,28.333333333333332,3.0,39.684869772860395,42.444735310230826,-2.7598655373704304,-19,-12,-7,-0.14,0.57,-0.71
73,57,-22,98,8,-7,36.0,33.0,3.0,41.52910625894406,46.36809247747852,-4.838986218534458,-22,-7,-15,-0.63,0.65,-1.28
66,53,-23,86,12,-11,32.0,29.0,3.0,39.25132694147634,41.38437708443449,-2.1330501429581474,-23,-11,-12,-0.65,0.55,-1.2000000000000002
67,55,-48,99,1,-35,24.666666666666668,21.666666666666668,3.0,51.61610429141493,56.62351298022953,-5.0074086888146,-48,-35,-13,-0.68,0.5,-1.1800000000000002
64,56,-58,94,9,-50,20.666666666666668,17.666666666666668,3.0,55.72152985057831,59.10630724005312,-3.384777389474813,-58,-50,-8,-0.7,0.22,-0.9199999999999999
55,43,-19,76,2,-8,26.333333333333332,23.333333333333332,3.0,32.42769735204082,37.464056848605644,-5.03635949656482,-19,-8,-11,-0.64,0.67,-1.31
84,38,-23,96,10,-16,33.0,30.0,3.0,43.825411197918804,47.86090958879351,-4.035498390874707,-23,-16,-7,-0.17,0.55,-0.7200000000000001
64,44,-24,81,4,-10,28.0,25.0,3.0,37.66519171153476,40.00833246545858,-2.3431407539238194,-24,-10,-14,-0.56,0.64,-1.2000000000000002
76,43,-55,96,6,-47,21.333333333333332,18.333333333333332,3.0,55.63172556095028,59.02730065166645,-3.3955750907161715,-55,-47,-8,-0.53,0.3,-0.8300000000000001
65,48,-38,92,1,-27,25.0,22.0,3.0,45.085104709500975,50.80026246651356,-5.715157757012584,-38,-27,-11,-0.63,0.55,-1.1800000000000002
71,47,-81,99,3,-74,12.333333333333334,9.333333333333334,3.0,66.71997868371628,70.76879412722971,-4.048815443513433,-81,-74,-7,-0.64,0.13,-0.77
73,61,-21,99,17,-12,37.666666666666664,34.666666666666664,3.0,41.77186719418811,47.00590979393502,-5.234042599746907,-21,-12,-9,-0.66,0.51,-1.17
65,52,-24,86,11,-13,31.0,28.0,3.0,39.25132694147634,42.16633728461603,-2.9150103431396843,-24,-13,-11,-0.65,0.54,-1.19
69,39,-32,84,5,-22,25.333333333333332,22.333333333333332,3.0,42.35039026450117,44.976537093120996,-2.6261468286198237,-32,-22,-10,-0.45,0.52,-0.97
63,46,-17,91,1,-9,30.666666666666668,27.666666666666668,3.0,34.41253001774532,44.96912521077347,-10.556595193028151,-17,-9,-8,-0.58,0.68,-1.26
63,58,-49,97,3,-37,24.0,21.0,3.0,51.65913923660233,56.166419386201454,-4.507280149599126,-49,-37,-12,-0.7,0.45,-1.15
70,41,-47,93,2,-40,21.333333333333332,18.333333333333332,3.0,49.74825513411389,55.51176051572816,-5.763505381614273,-47,-40,-7,-0.53,0.42,-0.95
61,52,-18,80,15,-9,31.666666666666668,28.666666666666668,3.0,35.31131389355102,37.59728122558273,-2.28596733203171,-18,-9,-9,-0.67,0.5,-1.17
92,29,-10,96,9,-3,37.0,34.0,3.0,42.02380277890139,44.11349000022555,-2.089687221324162,-10,-3,-7,0.28,0.67,-0.39
52,50,-25,76,9,-17,25.666666666666668,22.666666666666668,3.0,35.836046408919366,39.177658032211276,-3.341611623291911,-25,-17,-8,-0.71,0.48,-1.19
69,59,-23,99,9,-12,35.0,32.0,3.0,41.21488404286329,48.14561246884289,-6.930728425979602,-23,-12,-11,-0.68,0.61,-1.29
72,58,-20,92,19,-10,36.666666666666664,33.666666666666664,3.0,40.4749579644281,42.913349386357105,-2.438391421929005,-20,-10,-10,-0.64,0.47,-1.1099999999999999
68,40,-20,83,8,-12,29.333333333333332,26.333333333333332,3.0,36.709066394496546,40.89281382128433,-4.183747426787782,-20,-12,-8,-0.41,0.58,-0.99
58,40,-29,75,7,-22,23.0,20.0,3.0,37.49666651850535,40.65300316909769,-3.156336650592337,-29,-22,-7,-0.59,0.45,-1.04
69,53,-11,94,12,-4,37.0,34.0,3.0,34.56395039150859,42.926293418680665,-8.362343027172074,-11,-4,-7,-0.6,0.63,-1.23
66,58,-50,97,10,-42,24.666666666666668,21.666666666666668,3.0,52.89822513300633,57.34302243710409,-4.4447973040977615,-50,-42,-8,-0.69,0.3,-0.99
61,56,-36,95,4,-27,27.0,24.0,3.0,44.594469014292194,51.77515491687752,-7.180685902585324,-36,-27,-9,-0.7,0.52,-1.22
60,59,-27,87,11,-15,30.666666666666668,27.666666666666668,3.0,40.778534658431376,43.27688631231328,-2.4983516538819046,-27,-15,-12,-0.71,0.52,-1.23
82,38,-49,98,3,-39,23.666666666666668,20.666666666666668,3.0,54.43242497711166,57.3081339970359,-2.875709019924244,-49,-39,-10,-0.38,0.43,-0.81
56,55,-27,88,1,-14,28.0,25.0,3.0,38.89301565405628,44.96665431183423,-6.0736386577779555,-27,-14,-13,-0.71,0.65,-1.3599999999999999
68,45,-20,94,3,-13,31.0,28.0,3.0,37.26481808176,47.12395003251177,-9.859131950751774,-20,-13,-7,-0.51,0.65,-1.1600000000000001
65,50,-39,88,11,-32,25.333333333333332,22.333333333333332,3.0,45.900859348043674,49.64093293061909,-3.7400735825754126,-39,-32,-7,-0.65,0.33,-0.98
70,62,-24,96,12,-9,36.0,33.0,3.0,42.551929059287865,45.36518488885502,-2.8132558295671544,-24,-9,-15,-0.69,0.6,-1.29
65,56,-22,98,1,-9,33.0,30.0,3.0,39.06404996924922,48.25626038833372,-9.192210419084503,-22,-9,-13,-0.68,0.68,-1.36
64,60,-62,97,11,-55,20.666666666666668,17.666666666666668,3.0,58.476966025569034,62.23253882727981,-3.755572801710777,-62,-55,-7,-0.7,0.16,-0.86
55,50,-26,87,2,-19,26.333333333333332,23.333333333333332,3.0,37.06151043273271,45.82818152864264,-8.766671095909928,-26,-19,-7,-0.7,0.6,-1.2999999999999998
62,31,-11,72,2,-1,27.333333333333332,24.333333333333332,3.0,29.914693528246094,33.72766750837591,-3.812973980129815,-11,-1,-10,-0.18,0.7,-0.8799999999999999
71,43,-51,96,2,-44,21.0,18.0,3.0,52.17917847826532,58.26376804384236,-6.084589565577041,-51,-44,-7,-0.56,0.39,-0.9500000000000001
49,43,-23,70,6,-16,23.0,20.0,3.0,32.61901286060018,36.478304054145205,-3.859291193545026,-23,-16,-7,-0.69,0.52,-1.21
70,51,-45,98,3,-34,25.333333333333332,22.333333333333332,3.0,50.33443707399096,55.59576322786556,-5.261326153874599,-45,-34,-11,-0.63,0.48,-1.1099999999999999
79,40,-60,97,5,-52,19.666666666666668,16.666666666666668,3.0,58.53963519606941,61.38584708401621,-2.846211887946801,-60,-52,-8,-0.48,0.28,-0.76
58,42,-16,77,1,-3,28.0,25.0,3.0,31.790984046843636,36.8057966449127,-5.01481259806906,-16,-3,-13,-0.58,0.7,-1.2799999999999998
37,33,-12,52,1,-4,19.333333333333332,16.333333333333332,3.0,22.216110270602176,25.30261295246446,-3.086502681862285,-12,-4,-8,-0.69,0.69,-1.38
61,59,-33,91,7,-20,29.0,26.0,3.0,43.84822307308093,47.265209192385896,-3.4169861193049655,-33,-20,-13,-0.71,0.54,-1.25
65,50,-55,95,3,-47,20.0,17.0,3.0,53.38539126015655,58.81042991397586,-5.425038653819307,-55,-47,-8,-0.67,0.34,-1.01
71,40,-38,89,1,-26,24.333333333333332,21.333333333333332,3.0,45.85726647859517,49.100803342602134,-3.2435368640069626,-38,-26,-12,-0.47,0.55,-1.02
78,55,-23,99,10,-8,36.666666666666664,33.666666666666664,3.0,43.22293629801453,46.77843757782235,-3.555501279807821,-23,-8,-15,-0.56,0.63,-1.19
76,58,-14,95,23,-7,40.0,37.0,3.0,38.88444419044716,42.80186911806539,-3.917424927618228,-14,-7,-7,-0.6,0.46,-1.06
53,51,-34,79,6,-24,23.333333333333332,20.333333333333332,3.0,40.54901012629312,43.25377311736965,-2.704762991076528,-34,-24,-10,-0.71,0.46,-1.17
64,62,-13,93,12,-1,37.666666666666664,34.666666666666664,3.0,35.83604640891936,41.58792559812951,-5.75187918921015,-13,-1,-12,-0.71,0.66,-1.37
64,57,-33,97,1,-19,29.333333333333332,26.333333333333332,3.0,44.16886786967591,50.63156678946007,-6.46269891978416,-33,-19,-14,-0.69,0.63,-1.3199999999999998
58,43,-15,72,13,-8,28.666666666666668,25.666666666666668,3.0,31.47838764754143,33.86574801903671,-2.3873603714952765,-15,-8,-7,-0.59,0.51,-1.1
70,35,-18,81,1,-4,29.0,26.0,3.0,36.175498153676706,38.94440481849308,-2.7689066648163703,-18,-4,-14,-0.24,0.7,-0.94
57,54,-17,88,1,-4,31.333333333333332,28.333333333333332,3.0,34.198765409814946,42.24005471376928,-8.041289303954336,-17,-4,-13,-0.7,0.7,-1.4
63,45,-19,81,8,-9,29.666666666666668,26.666666666666668,3.0,35.188381921057726,39.04128868547018,-3.8529067644124524,-19,-9,-10,-0.57,0.61,-1.18
74,41,-25,94,4,-17,30.0,27.0,3.0,41.15823125451335,48.14561246884289,-6.987381214329538,-25,-17,-8,-0.38,0.61,-0.99
78,55,-34,97,18,-25,33.0,30.0,3.0,48.29768800539697,50.52392172690741,-2.2262337215104395,-34,-25,-9,-0.59,0.34,-0.9299999999999999
57,46,-19,74,7,-15,28.0,22.0,6.0,33.53605025441527,37.85058343892029,-4.3145331845050165,-19,-15,-4,-0.65,0.53,-1.1800000000000002
74,58,-27,98,3,-14,35.0,29.0,6.0,44.3245605355165,49.28150430604434,-4.956943770527843,-27,-14,-13,-0.64,0.64,-1.28
64,49,-24,84,1,-14,29.666666666666668,23.666666666666668,6.0,38.43898484033567,43.099368389287974,-4.660383548952304,-24,-14,-10,-0.63,0.64,-1.27
89,34,-21,95,5,-16,34.0,28.0,6.0,44.90731195102493,48.14561246884289,-3.2383005178179616,-21,-16,-5,0.0,0.61,-0.61
79,53,-16,96,9,-7,38.666666666666664,32.666666666666664,6.0,40.086018621071474,45.25728916121935,-5.171270540147873,-16,-7,-9,-0.49,0.64,-1.13
61,53,-28,85,3,-20,28.666666666666668,22.666666666666668,6.0,40.20226638166339,45.065384597148274,-4.8631182154848815,-28,-20,-8,-0.69,0.57,-1.2599999999999998
82,46,-20,92,11,-13,36.0,30.0,6.0,42.23742416388575,44.9221548904324,-2.684730726546654,-20,-13,-7,-0.34,0.56,-0.9000000000000001
78,28,-18,83,1,-14,29.333333333333332,23.333333333333332,6.0,39.20317447463775,42.63279905841928,-3.429624583781532,-18,-14,-4,0.05,0.64,-0.59
72,70,-17,94,24,-11,41.666666666666664,35.666666666666664,6.0,41.49163235588057,43.65266951236265,-2.161037156482081,-17,-11,-6,-0.71,0.38,-1.0899999999999999
62,47,-31,78,8,-26,26.0,20.0,6.0,40.76763422127902,43.29742101634538,-2.5297867950663644,-31,-26,-5,-0.64,0.39,-1.03
71,55,-6,92,11,-1,40.0,34.0,6.0,33.1762967593833,41.30375285612676,-8.127456096743465,-6,-1,-5,-0.59,0.66,-1.25
83,40,-8,91,7,-1,38.333333333333336,32.333333333333336,6.0,37.16928241916375,41.61196409153929,-4.442681672375542,-8,-1,-7,-0.07,0.69,-0.76
69,49,-24,87,6,-17,31.333333333333332,25.333333333333332,6.0,39.96943276499625,44.60443425888905,-4.635001493892801,-24,-17,-7,-0.58,0.57,-1.15
45,40,-11,59,5,-8,24.666666666666668,18.666666666666668,6.0,25.30261295246446,29.00957696271277,-3.70696401024831,-11,-8,-3,-0.69,0.6,-1.29
65,59,-35,93,8,-30,29.666666666666668,23.666666666666668,6.0,45.79179936286506,51.42200134399888,-5.6302019811338155,-35,-30,-5,-0.7,0.43,-1.13
69,47,-25,81,12,-20,30.333333333333332,24.333333333333332,6.0,40.14418457953226,42.14525147892966,-2.001066899397401,-25,-20,-5,-0.55,0.41,-0.96
76,48,-37,99,1,-31,29.0,23.0,6.0,48.0485865210067,55.3052137385497,-7.256627217543006,-37,-31,-6,-0.53,0.53,-1.06
62,59,-41,93,3,-34,26.666666666666668,20.666666666666668,6.0,47.86323107447813,53.33124995930831,-5.46801888483018,-41,-34,-7,-0.71,0.46,-1.17
91,53,-8,99,24,-5,45.333333333333336,39.333333333333336,6.0,40.778534658431376,43.82034027962611,-3.041805621194733,-8,-5,-3,-0.28,0.48,-0.76
69,55,-52,96,8,-50,24.0,18.0,6.0,54.043192602460735,60.02221810851933,-5.979025506058598,-52,-50,-2,-0.67,0.25,-0.92
71,46,-40,90,4,-35,25.666666666666668,19.666666666666668,6.0,47.541794478355804,52.21962168465881,-4.677827206303007,-40,-35,-5,-0.56,0.42,-0.98
64,47,-16,76,14,-13,31.666666666666668,25.666666666666668,6.0,34.41253001774532,37.2588542795162,-2.8463242617708815,-16,-13,-3,-0.58,0.44,-1.02
71,47,-26,84,9,-19,30.666666666666668,24.666666666666668,6.0,41.24991582482994,43.484352230301056,-2.234436405471115,-26,-19,-7,-0.53,0.49,-1.02
82,27,-7,87,1,-4,34.0,28.0,6.0,36.669696844488186,41.769207158703246,-5.09951031421506,-7,-4,-3,0.28,0.7,-0.41999999999999993
51,47,-21,66,12,-19,25.666666666666668,19.666666666666668,6.0,33.038697848970315,35.122009560324926,-2.083311711354611,-21,-19,-2,-0.7,0.32,-1.02
51,49,-11,73,4,-6,29.666666666666668,23.666666666666668,6.0,28.76726534718856,35.122009560324926,-6.354744213136367,-11,-6,-5,-0.7,0.66,-1.3599999999999999
54,53,-15,73,8,-7,30.666666666666668,24.666666666666668,6.0,32.293790252754306,34.721111093332766,-2.42732084057846,-15,-7,-8,-0.71,0.61,-1.3199999999999998
59,49,-16,80,2,-8,30.666666666666668,24.666666666666668,6.0,33.24989557210001,39.33898264515181,-6.0890870730518,-16,-8,-8,-0.66,0.67,-1.33
54,42,-30,75,1,-28,22.0,16.0,6.0,37.094473981982816,43.36665385600631,-6.272179874023493,-30,-28,-2,-0.65,0.48,-1.13
61,36,-28,73,1,-23,23.0,17.0,6.0,37.47888294315436,40.792156108742276,-3.3132731655879155,-28,-23,-5,-0.48,0.53,-1.01
69,60,-33,95,9,-26,32.0,26.0,6.0,46.10856753359401,50.839617097954886,-4.731049564360873,-33,-26,-7,-0.69,0.46,-1.15
57,39,-33,70,6,-31,21.0,15.0,6.0,38.88444419044716,41.72129751897305,-2.8368533285258906,-33,-31,-2,-0.6,0.31,-0.9099999999999999
65,59,-76,95,7,-72,16.0,10.0,6.0,65.09992319503918,68.21045863111219,-3.1105354360730075,-76,-72,-4,-0.7,0.07,-0.77
74,51,-42,94,9,-38,27.666666666666668,21.666666666666668,6.0,50.1486678675405,54.62803513052819,-4.479367262987687,-42,-38,-4,-0.6,0.34,-0.94
65,53,-37,85,11,-33,27.0,21.0,6.0,45.51922670696417,48.68949236402724,-3.1702656570630694,-37,-33,-4,-0.67,0.3,-0.97
65,41,-33,79,6,-30,24.333333333333332,18.333333333333332,6.0,41.7079795189788,45.345586579315764,-3.6376070603369612,-33,-30,-3,-0.54,0.39,-0.93
71,59,-58,98,12,-56,24.0,18.0,6.0,58.18934610390462,63.01322612489117,-4.82388002098655,-58,-56,-2,-0.68,0.14,-0.8200000000000001
71,59,-37,93,10,-28,31.0,25.0,6.0,48.33218389437829,50.52392172690741,-2.191737832529121,-37,-28,-9,-0.67,0.42,-1.09
44,42,-3,61,5,-1,27.666666666666668,21.666666666666668,6.0,21.699974398346395,27.92052212182923,-6.220547723482834,-3,-1,-2,-0.7,0.68,-1.38
75,49,-32,91,5,-22,30.666666666666668,24.666666666666668,6.0,45.56558155255151,48.18252334151415,-2.6169417889626416,-32,-22,-10,-0.54,0.54,-1.08
80,59,-21,98,19,-17,39.333333333333336,33.333333333333336,6.0,43.51500379817926,48.03008316554208,-4.515079367362823,-21,-17,-4,-0.59,0.42,-1.01
72,60,-37,95,13,-31,31.666666666666668,25.666666666666668,6.0,48.80118395649387,52.21323799787006,-3.4120540413761873,-37,-31,-6,-0.68,0.35,-1.03
89,46,-17,99,10,-9,39.333333333333336,33.333333333333336,6.0,43.53032148846237,47.076769453969774,-3.5464479655074044,-17,-9,-8,-0.23,0.62,-0.85
80,45,-79,99,3,-74,15.333333333333334,9.333333333333334,6.0,68.21697410143281,70.76879412722971,-2.5518200257969,-79,-74,-5,-0.57,0.13,-0.7
77,57,-17,94,14,-9,39.0,33.0,6.0,40.431011200150145,44.14370472294625,-3.7126935227961013,-17,-9,-8,-0.58,0.57,-1.15
56,47,-15,79,3,-12,29.333333333333332,23.333333333333332,6.0,31.562988170042175,39.83577398380618,-8.272785813764003,-15,-12,-3,-0.66,0.63,-1.29
75,72,-3,92,35,-1,48.0,42.0,6.0,36.08323710533743,38.28837943815329,-2.2051423328158606,-3,-1,-2,-0.7,0.27,-0.97
77,49,-72,97,6,-67,18.0,12.0,6.0,64.65807503063068,67.0870081809188,-2.428933150288117,-72,-67,-5,-0.61,0.13,-0.74
67,58,-57,96,6,-52,22.666666666666668,16.666666666666668,6.0,56.45253660278596,60.889699913495676,-4.437163310709714,-57,-52,-5,-0.69,0.26,-0.95
74,63,-4,93,24,-2,44.333333333333336,38.333333333333336,6.0,34.4705993887867,40.086018621071474,-5.615419232284772,-4,-2,-2,-0.65,0.49,-1.1400000000000001
77,40,-23,87,7,-18,31.333333333333332,25.333333333333332,6.0,41.282226468811274,44.78342947514801,-3.5012030063367376,-23,-18,-5,-0.31,0.55,-0.8600000000000001
74,33,-37,85,2,-35,23.333333333333332,17.333333333333332,6.0,45.82818152864264,50.1752484354144,-4.347066906771765,-37,-35,-2,-0.31,0.43,-0.74
60,55,-73,93,1,-70,14.0,8.0,6.0,61.55214591439251,66.72830483885132,-5.176158924458804,-73,-70,-3,-0.7,0.16,-0.86
78,56,-26,94,18,-22,36.0,30.0,6.0,44.75116385823576,48.11098280711657,-3.3598189488808075,-26,-22,-4,-0.58,0.36,-0.94
78,60,-15,97,12,-4,41.0,35.0,6.0,40.27406113120453,44.3245605355165,-4.050499404311964,-15,-4,-11,-0.6,0.64,-1.24
86,43,-55,99,7,-50,24.666666666666668,18.666666666666668,6.0,59.004707910094396,61.38584708401621,-2.3811391739218166,-55,-50,-5,-0.44,0.28,-0.72
74,52,-18,96,10,-16,36.0,30.0,6.0,39.22584182228174,47.86090958879351,-8.635067766511774,-18,-16,-2,-0.54,0.55,-1.09
60,47,-19,77,4,-11,29.333333333333332,23.333333333333332,6.0,34.58644564308715,38.43898484033567,-3.852539197248518,-19,-11,-8,-0.63,0.63,-1.26
78,65,-14,95,27,-11,43.0,37.0,6.0,40.65300316909769,43.84822307308093,-3.1952199039832436,-14,-11,-3,-0.65,0.33,-0.98
92,42,-32,99,15,-30,34.0,28.0,6.0,50.93787065304817,53.46026561849464,-2.522394965446466,-32,-30,-2,-0.23,0.35,-0.58
67,54,-10,90,11,-8,37.0,31.0,6.0,33.65511352924941,42.43426288586461,-8.7791493566152,-10,-8,-2,-0.63,0.6,-1.23
77,43,-24,87,11,-20,32.0,26.0,6.0,41.960298696108765,44.95182606598609,-2.991527369877325,-24,-20,-4,-0.38,0.46,-0.8400000000000001
61,51,-92,89,3,-90,6.666666666666667,0.6666666666666666,6.0,69.88721072000386,73.09506747304424,-3.2078567530403745,-92,-90,-2,-0.7,-0.05,-0.6499999999999999
79,47,-36,98,5,-31,30.0,24.0,6.0,48.46304433964778,54.35071296680477,-5.887668627156991,-36,-31,-5,-0.48,0.48,-0.96
61,49,-22,81,3,-14,29.333333333333332,23.333333333333332,6.0,36.627251542472514,41.362892656206824,-4.73564111373431,-22,-14,-8,-0.65,0.62,-1.27
60,42,-15,72,5,-8,29.0,23.0,6.0,31.96873472629156,35.05234181430203,-3.0836070880104707,-15,-8,-7,-0.54,0.63,-1.17
57,48,-15,73,10,-11,30.0,24.0,6.0,32.03123475609393,35.6931365951495,-3.6619018390555667,-15,-11,-4,-0.67,0.53,-1.2000000000000002
71,62,-41,91,22,-39,30.666666666666668,24.666666666666668,6.0,50.809010574459684,53.1057644914582,-2.2967539169985187,-41,-39,-2,-0.69,0.08,-0.7699999999999999
58,41,-22,70,9,-20,25.666666666666668,19.666666666666668,6.0,34.41253001774532,37.5085175512028,-3.095987533457482,-22,-20,-2,-0.58,0.4,-0.98
74,41,-34,92,3,-32,27.0,21.0,6.0,45.18849411078001,52.19833969262496,-7.009845581844949,-34,-32,-2,-0.43,0.48,-0.9099999999999999
82,49,-56,98,10,-51,25.0,19.0,6.0,58.8387627334226,61.16098974564315,-2.3222270122205515,-56,-51,-5,-0.54,0.22,-0.76
72,51,-44,99,4,-42,26.333333333333332,20.333333333333332,6.0,50.46671070011289,58.71021111262409,-8.243500412511196,-44,-42,-2,-0.62,0.4,-1.02
76,36,-17,83,9,-15,31.666666666666668,25.666666666666668,6.0,38.09053542402481,41.7079795189788,-3.6174440949539957,-17,-15,-2,-0.17,0.54,-0.7100000000000001
72,60,-42,92,19,-39,30.0,24.0,6.0,51.146847410177685,53.59726361174297,-2.4504162015652824,-42,-39,-3,-0.68,0.14,-0.8200000000000001
70,60,-28,92,11,-19,34.0,28.0,6.0,44.03029260255565,46.88283267892417,-2.85254007636852,-28,-19,-9,-0.68,0.5,-1.1800000000000002
81,54,-11,96,15,-5,41.333333333333336,35.333333333333336,6.0,38.61203036475664,43.66793891276401,-5.055908548007366,-11,-5,-6,-0.46,0.6,-1.06
77,44,-74,98,1,-70,15.666666666666666,9.666666666666666,6.0,64.81940724470994,68.85895406957295,-4.0395468248630095,-74,-70,-4,-0.57,0.19,-0.76
55,44,-60,75,3,-57,13.0,7.0,6.0,51.81376908377412,53.96295025292817,-2.1491811691540477,-60,-57,-3,-0.68,0.11,-0.79
53,48,-8,68,11,-4,31.0,25.0,6.0,27.65260686927485,31.016124838541646,-3.3635179692667947,-8,-4,-4,-0.69,0.59,-1.2799999999999998
76,64,-21,97,15,-11,39.666666666666664,33.666666666666664,6.0,43.176639774561224,46.02414825091522,-2.847508476353994,-21,-11,-10,-0.67,0.54,-1.21
73,69,-23,98,16,-13,39.666666666666664,33.666666666666664,6.0,44.34210439550904,47.00590979393502,-2.6638053984259784,-23,-13,-10,-0.7,0.51,-1.21
74,44,-52,92,5,-49,22.0,16.0,6.0,53.74011537017761,58.08614292583042,-4.34602755565281,-52,-49,-3,-0.55,0.28,-0.8300000000000001
61,49,-17,86,1,-12,31.0,25.0,6.0,34.292856398964496,43.45879274285777,-9.165936343893271,-17,-12,-5,-0.64,0.66,-1.3
55,48,-77,81,1,-74,8.666666666666666,2.6666666666666665,6.0,60.642852468824024,63.28945848682508,-2.6466060180010587,-77,-74,-3,-0.7,0.04,-0.74
77,52,-54,94,13,-50,25.0,19.0,6.0,56.786148545808835,58.9406481131655,-2.154499567356666,-54,-50,-4,-0.61,0.15,-0.76
79,33,-26,84,8,-24,28.666666666666668,22.666666666666668,6.0,42.975445185464785,45.29410067056808,-2.3186554851032923,-26,-24,-2,-0.15,0.45,-0.6
70,46,-27,85,10,-24,29.666666666666668,23.666666666666668,6.0,41.24991582482994,45.536310297997964,-4.2863944731680235,-27,-24,-3,-0.53,0.42,-0.95
72,46,-88,91,7,-86,10.0,4.0,6.0,70.10468362860406,72.29107828771127,-2.186394659107208,-88,-86,-2,-0.63,-0.06,-0.5700000000000001
74,41,-92,93,2,-90,7.666666666666667,1.6666666666666667,6.0,71.75111303821163,74.70980896479094,-2.95869592657931,-92,-90,-2,-0.6,-0.01,-0.59
59,54,-22,89,2,-18,30.333333333333332,24.333333333333332,6.0,37.06151043273271,46.44949467492144,-9.387984242188729,-22,-18,-4,-0.7,0.61,-1.31
40,34,-7,50,4,-5,22.333333333333332,16.333333333333332,6.0,20.885933597094056,24.087802353519557,-3.201868756425501,-7,-5,-2,-0.66,0.63,-1.29
61,60,-82,99,1,-79,13.0,7.0,6.0,67.17638473948018,72.79194094586754,-5.615556206387353,-82,-79,-3,-0.71,0.12,-0.83
67,62,-6,89,20,-4,41.0,35.0,6.0,33.29664647778612,39.42080668885405,-6.124160211067931,-6,-4,-2,-0.7,0.52,-1.22
69,39,-26,77,11,-24,27.333333333333332,21.333333333333332,6.0,39.65125751123439,41.875476780038646,-2.224219268804255,-26,-24,-2,-0.42,0.36,-0.78
61,38,-10,72,7,-8,29.666666666666668,23.666666666666668,6.0,29.578520735305357,34.721111093332766,-5.142590358027409,-10,-8,-2,-0.4,0.61,-1.01
59,54,-24,80,7,-16,29.666666666666668,23.666666666666668,6.0,38.00292386412159,40.92540639857946,-2.9224825344578704,-24,-16,-8,-0.7,0.54,-1.24
74,70,-25,99,24,-22,39.666666666666664,33.666666666666664,6.0,45.75538826800135,49.86871653540814,-4.113328267406793,-25,-22,-3,-0.7,0.28,-0.98
61,60,-10,86,13,-6,37.0,31.0,6.0,33.23652609203716,39.65686153324121,-6.4203354412040525,-10,-6,-4,-0.71,0.59,-1.2999999999999998
69,26,-25,74,1,-23,23.333333333333332,17.333333333333332,6.0,38.42163742245016,41.24991582482994,-2.8282784023797802,-25,-23,-2,-0.1,0.53,-0.63
68,61,-66,98,5,-58,21.0,15.0,6.0,61.58463011715396,64.07807737440318,-2.4934472572492226,-66,-58,-8,-0.7,0.23,-0.9299999999999999
74,67,-13,94,9,-2,42.666666666666664,33.666666666666664,9.0,39.46587837050577,42.89781139198388,-3.431933021478109,-13,-2,-11,-0.69,0.67,-1.3599999999999999
63,49,-23,77,2,-17,29.666666666666668,20.666666666666668,9.0,37.67698973585278,40.581878824037815,-2.904889088185037,-23,-17,-6,-0.63,0.59,-1.22
66,48,-35,83,2,-33,26.333333333333332,17.333333333333332,9.0,43.98737192523428,48.58211833815218,-4.5947464129179,-35,-33,-2,-0.62,0.44,-1.06
74,50,-47,92,1,-43,25.666666666666668,16.666666666666668,9.0,52.30891149911478,56.21585383343583,-3.9069423343210516,-47,-43,-4,-0.6,0.4,-1.0
66,65,-39,96,4,-35,30.666666666666668,21.666666666666668,9.0,49.2634640366356,54.92014404771916,-5.656680011083566,-39,-35,-4,-0.71,0.45,-1.16
84,66,-8,99,19,-3,47.333333333333336,38.333333333333336,9.0,39.81066300488964,43.827946437049604,-4.017283432159964,-8,-3,-5,-0.6,0.58,-1.18
76,72,-9,99,15,-2,46.333333333333336,37.333333333333336,9.0,39.16063783387032,44.15377170248942,-4.993133868619104,-9,-2,-7,-0.7,0.63,-1.33
83,49,-39,94,8,-36,31.0,22.0,9.0,51.406873729752,53.98765290940759,-2.5807791796555932,-39,-36,-3,-0.48,0.37,-0.85
65,61,-84,93,4,-82,14.0,5.0,9.0,69.31570288662351,71.44695001654492,-2.1312471299214053,-84,-82,-2,-0.71,0.02,-0.73
72,71,-35,98,16,-33,36.0,27.0,9.0,50.20624131187941,54.043192602460735,-3.8369512905813252,-35,-33,-2,-0.71,0.3,-1.01
75,53,-71,95,3,-68,19.0,10.0,9.0,64.27026269330682,66.72830483885132,-2.4580421455444963,-71,-68,-3,-0.65,0.16,-0.81
85,48,-45,99,2,-40,29.333333333333332,20.333333333333332,9.0,54.68901982015118,58.20843772360003,-3.519417903448847,-45,-40,-5,-0.47,0.44,-0.9099999999999999
77,41,-16,86,2,-13,34.0,25.0,9.0,38.28837943815329,43.56604182158393,-5.277662383430638,-16,-13,-3,-0.27,0.64,-0.91
84,56,-26,98,7,-18,38.0,29.0,9.0,46.676189504571454,49.846430831772366,-3.1702413272009125,-26,-18,-8,-0.52,0.58,-1.1
80,45,-47,92,2,-43,26.0,17.0,9.0,53.559935275041795,56.124860801609124,-2.564925526567329,-47,-43,-4,-0.49,0.38,-0.87
81,51,-42,96,4,-37,30.0,21.0,9.0,52.364109846344185,55.61174935808679,-3.247639511742605,-42,-37,-5,-0.54,0.43,-0.97
87,43,-7,91,6,-1,41.0,32.0,9.0,38.40138886377245,41.817061908587824,-3.415673044815371,-7,-1,-6,-0.08,0.69,-0.7699999999999999
80,55,-43,97,5,-37,30.666666666666668,21.666666666666668,9.0,53.08065142361721,55.96030339048883,-2.87965196687162,-43,-37,-6,-0.59,0.42,-1.01
74,61,-54,98,5,-49,27.0,18.0,9.0,57.52101065407897,60.71243694664216,-3.191426292563186,-54,-49,-5,-0.68,0.31,-0.99
69,64,-79,98,5,-76,18.0,9.0,9.0,68.61972505531239,71.09149034870488,-2.471765293392494,-79,-76,-3,-0.7,0.08,-0.7799999999999999
66,62,-68,95,3,-65,20.0,11.0,9.0,62.24682053459973,65.56421788343599,-3.317397348836259,-68,-65,-3,-0.7,0.18,-0.8799999999999999
79,60,-6,97,10,-1,44.333333333333336,35.333333333333336,9.0,36.42648609032841,43.8355512746852,-7.409065184356791,-6,-1,-5,-0.57,0.67,-1.24
68,64,-36,98,2,-31,32.0,23.0,9.0,48.11098280711657,54.71745608121781,-6.606473274101241,-36,-31,-5,-0.7,0.52,-1.22
88,41,-5,89,9,-1,41.333333333333336,32.333333333333336,9.0,37.96782263385083,40.27681991198191,-2.3089972781310806,-5,-1,-4,0.01,0.67,-0.66
56,55,-21,75,2,-14,30.0,21.0,9.0,36.0647565729573,38.738439135652676,-2.673682562695376,-21,-14,-7,-0.71,0.62,-1.33
71,48,-31,83,7,-29,29.333333333333332,20.333333333333332,9.0,43.683202975768864,46.68571040003093,-3.0025074242620633,-31,-29,-2,-0.56,0.41,-0.97
81,40,-35,88,2,-31,28.666666666666668,19.666666666666668,9.0,48.03008316554209,50.16195991209098,-2.1318767465488904,-35,-31,-4,-0.34,0.48,-0.8200000000000001
83,40,-31,90,4,-29,30.666666666666668,21.666666666666668,9.0,47.00590979393501,50.16195991209098,-3.1560501181559673,-31,-29,-2,-0.29,0.48,-0.77
72,70,-34,99,2,-20,36.0,27.0,9.0,49.50420857529859,51.697840058039816,-2.1936314827412247,-34,-20,-14,-0.71,0.61,-1.3199999999999998
77,66,-29,98,11,-22,38.0,29.0,9.0,47.588514020367,50.61620293937506,-3.0276889190080567,-29,-22,-7,-0.68,0.49,-1.17
72,70,-54,99,13,-51,29.333333333333332,20.333333333333332,9.0,58.93122168162551,61.45639827462141,-2.525176592995898,-54,-51,-3,-0.71,0.18,-0.8899999999999999
70,57,-41,88,10,-39,28.666666666666668,19.666666666666668,9.0,49.54683530649449,52.29616514515083,-2.7493298386563367,-41,-39,-2,-0.67,0.27,-0.9400000000000001
56,53,-14,73,2,-7,31.666666666666668,22.666666666666668,9.0,32.31442746239244,35.78019315518325,-3.4657656927908107,-14,-7,-7,-0.7,0.67,-1.37
80,70,-10,98,23,-8,46.666666666666664,37.666666666666664,9.0,40.27681991198191,44.4996878890428,-4.222867977060886,-10,-8,-2,-0.67,0.46,-1.1300000000000001
85,67,-8,97,26,-6,48.0,39.0,9.0,40.27406113120453,43.04261454264444,-2.7685534114399104,-8,-6,-2,-0.6,0.43,-1.03
81,55,-13,93,12,-9,41.0,32.0,9.0,39.6316371938716,43.977266854592045,-4.345629660720448,-13,-9,-4,-0.49,0.59,-1.08
86,52,-10,94,15,-8,42.666666666666664,33.666666666666664,9.0,39.74362282877035,43.683202975768864,-3.939580146998516,-10,-8,-2,-0.34,0.56,-0.9000000000000001
73,71,-11,93,14,-1,44.333333333333336,35.333333333333336,9.0,39.135093657171126,41.23375100839387,-2.098657351222741,-11,-1,-10,-0.71,0.64,-1.35
74,46,-44,87,1,-39,25.333333333333332,16.333333333333332,9.0,50.34105900974097,52.56953067657687,-2.228471666835901,-44,-39,-5,-0.55,0.41,-0.96
63,57,-26,86,4,-23,31.333333333333332,22.333333333333332,9.0,40.61472092179824,46.348918242200895,-5.734197320402657,-26,-23,-3,-0.7,0.53,-1.23
80,35,-7,82,2,-3,36.0,27.0,9.0,35.52463933666322,38.94440481849308,-3.419765481829856,-7,-3,-4,0.04,0.7,-0.6599999999999999
72,70,-8,89,23,-5,44.666666666666664,35.666666666666664,9.0,37.24990678586398,39.40671121635106,-2.1568044304870853,-8,-5,-3,-0.71,0.45,-1.16
76,58,-48,98,4,-43,28.666666666666668,19.666666666666668,9.0,54.70730197047638,58.61929905945841,-3.9119970889820337,-48,-43,-5,-0.65,0.38,-1.03
87,37,-7,93,1,-4,39.0,30.0,9.0,38.40138886377245,44.594469014292194,-6.193080150519741,-7,-4,-3,0.08,0.7,-0.62
82,52,-26,94,5,-18,36.0,27.0,9.0,45.51922670696417,48.29768800539697,-2.778461298432802,-26,-18,-8,-0.48,0.59,-1.0699999999999998
66,55,-78,90,2,-76,14.333333333333334,5.333333333333333,9.0,65.44378418833135,67.8101926130742,-2.3664084247428434,-78,-76,-2,-0.69,0.07,-0.76
76,55,-42,98,4,-40,29.666666666666668,20.666666666666668,9.0,51.39606556493946,57.55770051773167,-6.161634952792205,-42,-40,-2,-0.62,0.41,-1.03
76,54,-31,99,1,-28,33.0,24.0,9.0,46.13747572924495,54.33844556726542,-8.20096983802047,-31,-28,-3,-0.59,0.56,-1.15
72,67,-16,92,17,-13,41.0,32.0,9.0,40.3567425180312,44.15880433163923,-3.8020618136080344,-16,-13,-3,-0.7,0.47,-1.17
74,52,-37,90,3,-31,29.666666666666668,20.666666666666668,9.0,47.98842453018112,50.95313751107209,-2.9647129808909725,-37,-31,-6,-0.6,0.48,-1.08
76,52,-41,90,8,-38,29.0,20.0,9.0,50.457903246171455,52.94021785624486,-2.482314610073402,-41,-38,-3,-0.59,0.33,-0.9199999999999999
65,51,-5,80,6,-2,37.0,28.0,9.0,30.243456592570013,36.914315199752345,-6.670858607182332,-5,-2,-3,-0.6,0.68,-1.28
75,69,-36,97,18,-34,36.0,27.0,9.0,50.97057974949863,53.85783756025363,-2.8872578107549955,-36,-34,-2,-0.7,0.25,-0.95
87,49,-40,99,4,-34,32.0,23.0,9.0,53.22280213091628,55.93448548674303,-2.71168335582675,-40,-34,-6,-0.45,0.47,-0.9199999999999999
67,63,-61,98,1,-57,23.0,14.0,9.0,59.41941321375251,63.94268266710951,-4.5232694533569955,-61,-57,-4,-0.7,0.3,-1.0
79,73,-11,99,18,-3,47.0,38.0,9.0,41.08527716834828,43.977266854592045,-2.891989686243768,-11,-3,-8,-0.7,0.59,-1.29
82,65,-5,99,17,-1,47.333333333333336,38.333333333333336,9.0,37.65043898224236,43.52266331719857,-5.872224334956208,-5,-1,-4,-0.6,0.62,-1.22
72,42,-9,79,5,-6,35.0,26.0,9.0,33.436506994600975,37.74475681027322,-4.308249815672248,-9,-6,-3,-0.3,0.66,-0.96
80,60,-56,99,12,-54,28.0,19.0,9.0,59.95553908244564,62.65780079128216,-2.7022617088365237,-56,-54,-2,-0.65,0.17,-0.8200000000000001
72,66,-21,91,16,-17,39.0,30.0,9.0,42.49705872175156,45.18849411078001,-2.691435389028456,-21,-17,-4,-0.7,0.43,-1.13
89,52,-13,96,10,-5,42.666666666666664,33.666666666666664,9.0,42.16106682183879,44.4996878890428,-2.3386210672040093,-13,-5,-8,-0.32,0.65,-0.97
61,60,-16,83,9,-14,35.0,26.0,9.0,36.0647565729573,41.38437708443449,-5.31962051147719,-16,-14,-2,-0.71,0.55,-1.26
92,54,-10,99,11,-1,45.333333333333336,36.333333333333336,9.0,42.089850980438925,44.58200932613464,-2.4921583456957137,-10,-1,-9,-0.3,0.67,-0.97
65,63,-53,96,3,-51,25.0,16.0,9.0,55.16037224916694,60.71243694664216,-5.552064697475217,-53,-51,-2,-0.71,0.31,-1.02
72,58,-47,94,1,-39,27.666666666666668,18.666666666666668,9.0,53.1057644914582,55.715547401261546,-2.609782909803343,-47,-39,-8,-0.67,0.44,-1.11
61,55,-21,79,7,-18,31.666666666666668,22.666666666666668,9.0,37.32142667274241,41.12041936664665,-3.798992693904239,-21,-18,-3,-0.69,0.52,-1.21
63,54,-42,82,4,-38,25.0,16.0,9.0,47.51841748206689,49.71921157862421,-2.200794096557324,-42,-38,-4,-0.69,0.35,-1.04
61,56,-39,84,3,-36,26.0,17.0,9.0,46.007245806140865,49.9799959983992,-3.9727501922583315,-39,-36,-3,-0.7,0.4,-1.1
76,54,-37,95,6,-35,31.0,22.0,9.0,48.91489207456832,54.264782932088345,-5.349890857520023,-37,-35,-2,-0.6,0.42,-1.02
83,61,-20,99,4,-6,41.333333333333336,32.333333333333336,9.0,44.28945196720722,47.3168985552613,-3.027446588054076,-20,-6,-14,-0.58,0.68,-1.26
70,51,-37,84,7,-34,28.0,19.0,9.0,46.611872593435535,48.91489207456832,-2.303019481132786,-37,-34,-3,-0.62,0.35,-0.97
87,42,-27,98,2,-25,34.0,25.0,9.0,46.88283267892417,52.78257288158659,-5.8997402026624215,-27,-25,-2,-0.25,0.57,-0.82
71,63,-43,91,14,-41,30.333333333333332,21.333333333333332,9.0,51.957247382396574,54.137684554189136,-2.180437171792562,-43,-41,-2,-0.69,0.2,-0.8899999999999999
92,49,-7,99,9,-1,44.666666666666664,35.666666666666664,9.0,40.5325657822064,44.96912521077348,-4.4365594285670795,-7,-1,-6,-0.16,0.68,-0.8400000000000001
94,42,-10,98,5,-4,42.0,33.0,9.0,42.45782220824175,46.10856753359401,-3.6507453253522613,-10,-4,-6,0.0,0.69,-0.69
86,49,-9,98,2,-1,42.0,33.0,9.0,39.098167049961134,45.9782557302906,-6.8800886803294645,-9,-1,-8,-0.26,0.7,-0.96
64,62,-30,93,4,-28,32.0,23.0,9.0,43.84822307308093,51.1924473596122,-7.344224286531272,-30,-28,-2,-0.71,0.51,-1.22
69,63,-42,93,10,-40,30.0,21.0,9.0,50.97057974949863,54.85131417447231,-3.8807344249736744,-42,-40,-2,-0.7,0.29,-0.99
63,60,-29,84,5,-22,31.333333333333332,22.333333333333332,9.0,42.679685513784605,44.976537093120996,-2.2968515793363906,-29,-22,-7,-0.7,0.52,-1.22
73,54,-64,95,1,-60,21.0,12.0,9.0,60.602530200204235,63.75473838599502,-3.1522081857907835,-64,-60,-4,-0.66,0.25,-0.91
69,62,-77,99,1,-73,18.0,9.0,9.0,67.23590310739246,70.44619696382955,-3.21029385643709,-77,-73,-4,-0.7,0.17,-0.87
72,46,-29,86,1,-25,29.666666666666668,20.666666666666668,9.0,42.82003684673281,47.401359567937384,-4.581322721204572,-29,-25,-4,-0.52,0.55,-1.07
66,47,-27,78,1,-20,28.666666666666668,19.666666666666668,9.0,40.119266637808266,42.12943019895817,-2.010163561149902,-27,-20,-7,-0.59,0.58,-1.17
67,61,-46,92,2,-39,27.333333333333332,18.333333333333332,9.0,51.91231924012728,54.713394663058104,-2.801075422930822,-46,-39,-7,-0.7,0.42,-1.1199999999999999
70,69,-37,94,16,-35,34.0,25.0,9.0,50.20624131187941,53.04714883949938,-2.8409075276199687,-37,-35,-2,-0.71,0.25,-0.96
55,49,-15,69,5,-12,29.666666666666668,20.666666666666668,9.0,31.678944988044595,34.874377732401506,-3.1954327443569106,-15,-12,-3,-0.69,0.58,-1.27
66,61,-25,89,4,-18,34.0,25.0,9.0,41.769207158703246,46.13747572924495,-4.3682685705417015,-25,-18,-7,-0.7,0.59,-1.29
75,54,-33,98,2,-31,32.0,23.0,9.0,46.75467891024384,54.71745608121781,-7.962777170973972,-33,-31,-2,-0.6,0.52,-1.12
74,53,-47,92,1,-40,26.666666666666668,17.666666666666668,9.0,52.79099249766847,55.162386540911086,-2.371394043242617,-47,-40,-7,-0.62,0.43,-1.05
67,61,-8,81,17,-5,40.0,31.0,9.0,34.02939905434711,36.478304054145205,-2.4489049997980956,-8,-5,-3,-0.69,0.52,-1.21
79,58,-35,93,14,-32,34.0,25.0,9.0,49.53786430600334,51.62040940041707,-2.0825450944137245,-35,-32,-3,-0.61,0.31,-0.9199999999999999
74,53,-87,95,3,-85,13.333333333333334,4.333333333333333,9.0,71.46249987852993,73.49074015744357,-2.0282402789136427,-87,-85,-2,-0.66,0.03,-0.6900000000000001
83,41,-7,85,9,-4,39.0,30.0,9.0,36.76955262170047,39.25132694147634,-2.481774319775873,-7,-4,-3,-0.08,0.65,-0.73
84,51,-10,96,4,-2,41.666666666666664,32.666666666666664,9.0,38.93869826049944,44.850368510811094,-5.911670250311651,-10,-2,-8,-0.35,0.7,-1.0499999999999998
77,67,-13,98,10,-4,43.666666666666664,34.666666666666664,9.0,40.27681991198191,45.146674542232034,-4.869854630250124,-13,-4,-9,-0.67,0.66,-1.33
52,48,-16,68,3,-14,28.0,19.0,9.0,31.15552385479446,35.33647784749729,-4.1809539927028325,-16,-14,-2,-0.7,0.59,-1.29
74,67,-21,94,13,-14,40.0,31.0,9.0,43.22807729551092,45.89117562233506,-2.663098326824141,-21,-14,-7,-0.69,0.53,-1.22
70,57,-43,93,4,-40,28.0,19.0,9.0,50.48432099837203,55.323292261638464,-4.838971263266437,-43,-40,-3,-0.67,0.39,-1.06
72,55,-34,91,6,-31,31.0,22.0,9.0,46.48297179254642,51.07510809255979,-4.592136300013365,-34,-31,-3,-0.64,0.44,-1.08
72,66,-21,99,4,-13,39.0,30.0,9.0,42.49705872175156,49.28150430604434,-6.784445584292783,-21,-13,-8,-0.7,0.64,-1.3399999999999999
