outcome_a1,outcome_a2,outcome_a3,outcome_b1,outcome_b2,outcome_b3,ev_a,ev_b,ev_diff,var_a,var_b,var_diff,loss_a,loss_b,loss_diff,skew_a,skew_b,skew_diff
116,83,-175,170,49,-168,8.0,17.0,-9.0,130.09996156801893,139.83085019646654,-9.730888628447616,-175,-168,-7,-0.67,-0.33,-0.34
116,89,-75,175,7,-25,43.333333333333336,52.333333333333336,-9.0,84.3972090112516,87.7167157514588,-3.3195067402072027,-75,-25,-50,-0.65,0.64,-1.29
140,56,-63,190,3,-33,44.333333333333336,53.333333333333336,-9.0,83.28398538868215,97.74911195959218,-14.46512657091003,-63,-33,-30,-0.21,0.64,-0.85
80,58,-25,121,27,-8,37.666666666666664,46.666666666666664,-9.0,45.213075788119326,54.46915538989832,-9.256079601778993,-25,-8,-17,-0.58,0.49,-1.0699999999999998
107,91,-56,174,3,-8,47.333333333333336,56.333333333333336,-9.0,73.35908638713786,83.32399947727478,-9.964913090136918,-56,-8,-48,-0.68,0.7,-1.38
124,105,-49,135,113,-41,60.0,69.0,-9.0,77.46397011944758,78.29857384822962,-0.8346037287820423,-49,-41,-8,-0.68,-0.67,-0.010000000000000009
91,81,-111,148,45,-105,20.333333333333332,29.333333333333332,-9.0,92.9563816469256,103.87920335124298,-10.922821704317371,-111,-105,-6,-0.7,-0.22,-0.48
122,105,-44,181,35,-6,61.0,70.0,-9.0,74.569877743407,80.25376419001583,-5.683886446608824,-44,-6,-38,-0.68,0.57,-1.25
90,73,-67,148,5,-30,32.0,41.0,-9.0,70.34676017178522,76.99783546741212,-6.651075295626896,-67,-30,-37,-0.68,0.6,-1.28
131,26,-40,148,6,-10,39.0,48.0,-9.0,70.41306696913578,71.01173611922657,-0.5986691500907853,-40,-10,-30,0.27,0.68,-0.41000000000000003
120,30,-144,125,45,-137,2.0,11.0,-9.0,109.5810202544218,109.62967967966826,-0.04865942524645561,-144,-137,-7,-0.37,-0.44,0.07
101,88,-169,170,24,-147,6.666666666666667,15.666666666666666,-9.0,124.32841813340806,129.54878960796543,-5.220371474557368,-169,-147,-22,-0.7,-0.1,-0.6
155,72,-33,189,61,-29,64.66666666666667,73.66666666666667,-9.0,76.92564952963059,89.44768800192037,-12.522038472289779,-33,-29,-4,-0.14,0.21,-0.35
124,54,-85,121,81,-82,31.0,40.0,-9.0,86.86004067847693,87.79901290257577,-0.9389722240988334,-85,-82,-3,-0.38,-0.6,0.21999999999999997
64,11,-18,82,17,-15,19.0,28.0,-9.0,33.95094500402996,40.3567425180312,-6.405797514001236,-18,-15,-3,0.34,0.39,-0.04999999999999999
138,89,-19,179,60,-4,69.33333333333333,78.33333333333333,-9.0,65.5862451704285,75.825823804002,-10.239578633573501,-19,-4,-15,-0.42,0.35,-0.77
44,42,-27,71,28,-13,19.666666666666668,28.666666666666668,-9.0,33.00841643513902,34.29609631171195,-1.2876798765729305,-27,-13,-14,-0.71,0.03,-0.74
116,71,-167,172,14,-139,6.666666666666667,15.666666666666666,-9.0,124.16744966196075,126.97068778090302,-2.803238118942275,-167,-139,-28,-0.64,0.02,-0.66
86,41,-126,98,55,-125,0.3333333333333333,9.333333333333334,-9.0,91.20063352606469,96.59652627754731,-5.39589275148262,-126,-125,-1,-0.58,-0.6,0.020000000000000018
146,53,-64,198,6,-42,45.0,54.0,-9.0,85.91856609604235,103.69185117452577,-17.77328507848341,-64,-42,-22,-0.14,0.6,-0.74
116,45,-40,156,17,-25,40.333333333333336,49.333333333333336,-9.0,63.77216390313951,77.34913631637323,-13.576972413233726,-40,-25,-15,-0.11,0.55,-0.66
107,64,-113,126,65,-106,19.333333333333332,28.333333333333332,-9.0,95.2062089478529,98.1982122489452,-2.9920033010922964,-113,-106,-7,-0.6,-0.51,-0.08999999999999997
127,107,-69,186,49,-43,55.0,64.0,-9.0,88.0605852051113,94.0886107170611,-6.0280255119498065,-69,-43,-26,-0.68,0.24,-0.92
144,97,-101,185,60,-78,46.666666666666664,55.666666666666664,-9.0,106.1644426768628,107.41301390220626,-1.2485712253434542,-101,-78,-23,-0.6,-0.06,-0.54
117,38,-77,157,1,-53,26.0,35.0,-9.0,79.65341591335972,89.03931715820826,-9.38590124484854,-77,-53,-24,-0.22,0.52,-0.74
89,80,-157,105,84,-150,4.0,13.0,-9.0,113.9034679015525,115.57681428383462,-1.6733463822821193,-157,-150,-7,-0.7,-0.69,-0.010000000000000009
131,107,-39,185,66,-25,66.33333333333333,75.33333333333333,-9.0,75.12360185424788,85.98578693921196,-10.862185084964082,-39,-25,-14,-0.65,0.16,-0.81
113,103,-119,148,87,-111,32.333333333333336,41.333333333333336,-9.0,107.08667309966987,110.55717475084505,-3.4705016511751836,-119,-111,-8,-0.7,-0.55,-0.1499999999999999
108,49,-98,148,22,-84,19.666666666666668,28.666666666666668,-9.0,86.61921778040303,94.83084355255356,-8.211625772150526,-98,-84,-14,-0.47,0.11,-0.58
64,58,-111,105,43,-110,3.6666666666666665,12.666666666666666,-9.0,81.11856891133017,90.35608569555359,-9.237516784223416,-111,-110,-1,-0.7,-0.47,-0.22999999999999998
93,84,-27,165,25,-13,50.0,59.0,-9.0,54.57105459856901,76.54192750817468,-21.970872909605667,-27,-13,-14,-0.69,0.58,-1.27
119,20,-121,141,24,-120,6.0,15.0,-9.0,98.47842403288143,106.74268124794318,-8.264257215061747,-121,-120,-1,-0.21,-0.13,-0.07999999999999999
120,91,-157,182,29,-130,18.0,27.0,-9.0,124.30875539022449,127.38131731144878,-3.072561921224292,-157,-130,-27,-0.68,-0.02,-0.66
111,90,-46,171,41,-30,51.666666666666664,60.666666666666664,-9.0,69.5908678555519,83.22793334505484,-13.63706548950293,-46,-30,-16,-0.66,0.34,-1.0
78,77,-31,143,37,-29,41.333333333333336,50.333333333333336,-9.0,51.14901975817545,70.84882183604435,-19.699802077868902,-31,-29,-2,-0.71,0.28,-0.99
79,58,-44,117,12,-9,31.0,40.0,-9.0,53.72150407425317,55.11805511808268,-1.3965510438295112,-44,-9,-35,-0.63,0.63,-1.26
113,69,-117,151,57,-116,21.666666666666668,30.666666666666668,-9.0,99.68394499059961,110.58129237001266,-10.897347379413048,-117,-116,-1,-0.61,-0.34,-0.26999999999999996
137,110,-182,152,121,-181,21.666666666666668,30.666666666666668,-9.0,144.43529885576987,150.20504504029,-5.76974618452013,-182,-181,-1,-0.69,-0.68,-0.009999999999999898
157,96,-160,176,97,-153,31.0,40.0,-9.0,137.33414239243885,140.23076219812353,-2.8966198056846792,-160,-153,-7,-0.6,-0.54,-0.05999999999999994
92,77,-64,138,38,-44,35.0,44.0,-9.0,70.27090436304346,74.4222189044822,-4.151314541438737,-64,-44,-20,-0.68,0.12,-0.8
162,22,-83,175,25,-72,33.666666666666664,42.666666666666664,-9.0,100.36046144883063,101.60817989818645,-1.2477184493558156,-83,-72,-11,0.17,0.26,-0.09
90,77,-23,127,57,-13,48.0,57.0,-9.0,50.48432099837203,57.154760664940824,-6.670439666568797,-23,-13,-10,-0.67,0.0,-0.67
103,68,-44,144,18,-8,42.333333333333336,51.333333333333336,-9.0,62.69680126520721,66.37938100210201,-3.6825797368947946,-44,-8,-36,-0.55,0.63,-1.1800000000000002
135,107,-46,181,54,-12,65.33333333333333,74.33333333333333,-9.0,79.5501239610739,80.09300149756461,-0.542877536490721,-46,-12,-34,-0.64,0.36,-1.0
148,80,-100,142,110,-97,42.666666666666664,51.666666666666664,-9.0,104.63056702300507,105.93184391652755,-1.301276893522484,-100,-97,-3,-0.49,-0.66,0.17000000000000004
97,89,-138,175,16,-116,16.0,25.0,-9.0,108.94341038661616,118.97058459972364,-10.027174213107472,-138,-116,-22,-0.7,0.11,-0.8099999999999999
77,66,-122,123,41,-116,7.0,16.0,-9.0,91.32725040570676,99.15980368408697,-7.832553278380203,-122,-116,-6,-0.7,-0.36,-0.33999999999999997
131,49,-53,169,3,-18,42.333333333333336,51.333333333333336,-9.0,75.26545614615571,83.64342306614563,-8.377966919989916,-53,-18,-35,-0.13,0.67,-0.8
140,26,-97,144,48,-96,23.0,32.0,-9.0,96.77809669548166,98.63062404750362,-1.8525273520219514,-97,-96,-1,-0.05,-0.24,0.19
101,91,-95,140,72,-88,32.333333333333336,41.333333333333336,-9.0,90.13076919429655,95.57312499977293,-5.442355805476382,-95,-88,-7,-0.7,-0.45,-0.24999999999999994
125,76,-105,175,28,-80,32.0,41.0,-9.0,98.91747402085572,104.5083728703112,-5.590898849455485,-105,-80,-25,-0.58,0.18,-0.76
147,108,-49,176,90,-33,68.66666666666667,77.66666666666667,-9.0,84.71258597293688,85.76842205743453,-1.0558360844976562,-49,-33,-16,-0.6,-0.21,-0.39
88,57,-118,115,45,-106,9.0,18.0,-9.0,90.68994799131085,92.22074965357127,-1.53080166226043,-118,-106,-12,-0.65,-0.41,-0.24000000000000005
117,102,-153,180,46,-133,22.0,31.0,-9.0,123.89511693363868,128.2211630998045,-4.326046166165824,-153,-133,-20,-0.7,-0.17,-0.5299999999999999
146,66,-52,182,55,-50,53.333333333333336,62.333333333333336,-9.0,81.32786866887773,94.85544557670664,-13.527576907828916,-52,-50,-2,-0.23,0.12,-0.35
106,73,-164,165,12,-135,5.0,14.0,-9.0,120.25805586321442,122.48265183282079,-2.2245959696063693,-164,-135,-29,-0.67,0.02,-0.6900000000000001
151,77,-183,185,64,-177,15.0,24.0,-9.0,143.2294196967462,150.46815831486296,-7.23873861811677,-183,-177,-6,-0.57,-0.38,-0.18999999999999995
48,39,-34,86,7,-13,17.666666666666668,26.666666666666668,-9.0,36.718145680606234,42.74212078136611,-6.023975100759877,-34,-13,-21,-0.68,0.59,-1.27
115,99,-103,162,58,-82,37.0,46.0,-9.0,99.21021452787342,99.97332977682932,-0.7631152489558986,-103,-82,-21,-0.69,-0.18,-0.51
108,88,-175,160,52,-164,7.0,16.0,-9.0,128.95218752183567,134.6996659238619,-5.747478402026218,-175,-164,-11,-0.69,-0.38,-0.30999999999999994
131,85,-75,189,40,-61,47.0,56.0,-9.0,88.2874094458925,102.68722737841676,-14.399817932524272,-75,-61,-14,-0.57,0.23,-0.7999999999999999
156,120,-27,166,135,-25,83.0,92.0,-9.0,79.1580697086532,83.69388667439615,-4.535816965742953,-27,-25,-2,-0.6,-0.64,0.040000000000000036
146,55,-52,184,33,-41,49.666666666666664,58.666666666666664,-9.0,80.92108638804983,93.6316660584916,-12.710579670441774,-52,-41,-11,-0.1,0.39,-0.49
181,139,-119,182,161,-115,67.0,76.0,-9.0,132.63483705271403,135.32922818075923,-2.694391128045197,-119,-115,-4,-0.65,-0.69,0.039999999999999925
153,76,-172,173,70,-159,19.0,28.0,-9.0,138.66746794640287,138.75397892192737,-0.08651097552450437,-172,-159,-13,-0.55,-0.43,-0.12000000000000005
118,81,-7,184,41,-6,64.0,73.0,-9.0,52.42772803266099,80.80016501633315,-28.372436983672166,-7,-6,-1,-0.45,0.53,-0.98
120,77,-135,187,25,-123,20.666666666666668,29.666666666666668,-9.0,111.46399518329774,126.59998244690067,-15.135987263602928,-135,-123,-12,-0.63,0.06,-0.69
172,141,-139,196,143,-138,58.0,67.0,-9.0,139.87375260093177,146.5628420394019,-6.68908943847012,-139,-138,-1,-0.68,-0.64,-0.040000000000000036
140,68,-25,175,42,-7,61.0,70.0,-9.0,67.54257916307313,76.89386624865905,-9.351287085585923,-25,-7,-18,-0.15,0.5,-0.65
154,74,-83,194,43,-65,48.333333333333336,57.333333333333336,-9.0,98.44231249259074,106.22094373940051,-7.778631246809766,-83,-65,-18,-0.37,0.2,-0.5700000000000001
78,71,-99,156,10,-89,16.666666666666668,25.666666666666668,-9.0,81.83859453555856,100.6324445141272,-18.793849978568645,-99,-89,-10,-0.7,0.23,-0.9299999999999999
141,69,-55,176,48,-42,51.666666666666664,60.666666666666664,-9.0,80.9499159288562,89.44768800192035,-8.497772073064155,-55,-42,-13,-0.31,0.21,-0.52
181,29,-2,190,46,-1,69.33333333333333,78.33333333333333,-9.0,79.96804917521052,81.25816198320565,-1.2901128079951292,-2,-1,-1,0.63,0.53,0.09999999999999998
126,95,-125,178,46,-101,32.0,41.0,-9.0,111.73480508179475,113.95613191048562,-2.221326828690877,-125,-101,-24,-0.67,-0.07,-0.6000000000000001
92,8,-45,104,17,-39,18.333333333333332,27.333333333333332,-9.0,56.405279500730735,58.834985812487076,-2.429706311756341,-45,-39,-6,0.27,0.26,0.010000000000000009
75,59,-115,141,9,-104,6.333333333333333,15.333333333333334,-9.0,86.0439164354782,100.12103786029299,-14.077121424814791,-115,-104,-11,-0.69,0.09,-0.7799999999999999
138,62,-20,191,17,-1,60.0,69.0,-9.0,64.51873113032111,86.57944328765345,-22.060712157332333,-20,-1,-19,-0.05,0.68,-0.7300000000000001
157,67,-179,192,46,-166,15.0,24.0,-9.0,142.01408380861386,146.9784564712348,-4.964372662620946,-179,-166,-13,-0.5,-0.22,-0.28
104,88,-96,189,2,-68,32.0,41.0,-9.0,90.74506414492562,108.4834856863784,-17.73842154145278,-96,-68,-28,-0.69,0.49,-1.18
125,70,-43,181,4,-6,50.666666666666664,59.666666666666664,-9.0,69.9348903544496,85.89269791755034,-15.95780756310073,-43,-6,-37,-0.39,0.7,-1.0899999999999999
141,98,-65,183,53,-35,58.0,67.0,-9.0,88.72804892854721,89.54700813911465,-0.8189592105674421,-65,-35,-30,-0.58,0.23,-0.8099999999999999
119,112,-70,184,36,-32,53.666666666666664,62.666666666666664,-9.0,87.49222187651247,90.17513823419155,-2.682916357679076,-70,-32,-38,-0.7,0.42,-1.1199999999999999
177,114,-159,169,147,-157,44.0,53.0,-9.0,145.8286665919976,148.76379487854788,-2.935128286550281,-159,-157,-2,-0.61,-0.7,0.08999999999999997
141,111,-152,166,109,-148,33.333333333333336,42.333333333333336,-9.0,131.62151124425756,136.5829011585597,-4.961389914302146,-152,-148,-4,-0.68,-0.62,-0.06000000000000005
128,98,-58,199,20,-24,56.0,65.0,-9.0,81.53526844255803,96.43996405363632,-14.904695611078282,-58,-24,-34,-0.64,0.6,-1.24
157,4,-97,177,8,-94,21.333333333333332,30.333333333333332,-9.0,104.41689944108133,111.7566801383951,-7.3397806973137705,-97,-94,-3,0.24,0.29,-0.04999999999999999
144,50,-61,169,34,-43,44.333333333333336,53.333333333333336,-9.0,83.78676639077452,87.62166145169557,-3.834895060921056,-61,-43,-18,-0.1,0.32,-0.42000000000000004
139,104,-83,192,39,-44,53.333333333333336,62.333333333333336,-9.0,97.45540290592183,97.74911195959218,-0.29370905367035505,-83,-44,-39,-0.64,0.34,-0.98
107,80,-51,192,1,-30,45.333333333333336,54.333333333333336,-9.0,69.00402564746173,98.16426143063586,-29.16023578317413,-51,-30,-21,-0.63,0.65,-1.28
131,129,-149,154,127,-143,37.0,46.0,-9.0,131.52439570918648,134.09697983176207,-2.5725841225755914,-149,-143,-6,-0.71,-0.69,-0.020000000000000018
167,42,-81,178,48,-71,42.666666666666664,51.666666666666664,-9.0,101.24667347073132,101.68688323585408,-0.4402097651227592,-81,-71,-10,0.01,0.05,-0.04
155,123,-32,196,105,-28,82.0,91.0,-9.0,81.66190462306562,91.98188227399277,-10.319977650927143,-32,-28,-4,-0.63,-0.22,-0.41000000000000003
151,46,-133,188,19,-116,21.333333333333332,30.333333333333332,-9.0,117.24712742275987,124.36594746508744,-7.11882004232757,-133,-116,-17,-0.31,0.14,-0.45
180,19,-124,189,31,-118,25.0,34.0,-9.0,124.17997691522844,125.3501761732574,-1.1701992580289584,-124,-118,-6,0.07,0.04,0.030000000000000006
128,117,-106,192,49,-75,46.333333333333336,55.333333333333336,-9.0,107.80950277637352,109.09425079056895,-1.2847480141954293,-106,-75,-31,-0.7,0.09,-0.7899999999999999
82,47,-45,136,6,-31,28.0,37.0,-9.0,53.559935275041795,71.6147098483731,-18.0547745733313,-45,-31,-14,-0.49,0.57,-1.06
160,158,-175,185,156,-171,47.666666666666664,56.666666666666664,-9.0,157.45122701614264,161.4193985313482,-3.9681715152055688,-175,-171,-4,-0.71,-0.69,-0.020000000000000018
124,34,-151,157,19,-142,2.3333333333333335,11.333333333333334,-9.0,114.47949840716265,122.18656045390408,-7.707062046741427,-151,-142,-9,-0.39,-0.09,-0.30000000000000004
125,61,-75,171,17,-50,37.0,46.0,-9.0,83.39464411259675,92.52387079379389,-9.129226681197139,-75,-50,-25,-0.41,0.44,-0.85
133,50,-53,158,27,-28,43.333333333333336,52.333333333333336,-9.0,76.08036686440347,78.0185163207356,-1.9381494563321269,-53,-28,-25,-0.13,0.45,-0.5800000000000001
115,64,-54,123,68,-48,41.666666666666664,47.666666666666664,-6.0,70.77821384829907,71.27567763425488,-0.49746378595580154,-54,-48,-6,-0.44,-0.4,-0.03999999999999998
107,88,-65,140,70,-62,43.333333333333336,49.333333333333336,-6.0,76.99494932930486,83.75095356007729,-6.756004230772433,-65,-62,-3,-0.67,-0.36,-0.31000000000000005
129,38,-165,144,33,-157,0.6666666666666666,6.666666666666667,-6.0,122.89381143446113,124.28551359224811,-1.3917021577869804,-165,-157,-8,-0.43,-0.31,-0.12
143,79,-61,182,48,-51,53.666666666666664,59.666666666666664,-6.0,85.18737517313753,95.47890982946036,-10.291534656322838,-61,-51,-10,-0.42,0.18,-0.6
161,83,-71,198,29,-36,57.666666666666664,63.666666666666664,-6.0,96.39271526186798,98.62499119842236,-2.2322759365543874,-71,-36,-35,-0.38,0.48,-0.86
129,111,-77,149,105,-73,54.333333333333336,60.333333333333336,-6.0,93.15697624022701,95.97684906036224,-2.819872820135231,-77,-73,-4,-0.69,-0.6,-0.08999999999999997
56,51,-23,119,3,-20,28.0,34.0,-6.0,36.12016980395672,60.83310502240262,-24.7129352184459,-23,-20,-3,-0.7,0.63,-1.33
84,68,-103,122,41,-96,16.333333333333332,22.333333333333332,-6.0,84.63385190861212,89.97160045752709,-5.337748548914973,-103,-96,-7,-0.69,-0.3,-0.38999999999999996
117,98,-176,184,23,-150,13.0,19.0,-6.0,133.86809428189628,136.38426106654194,-2.5161667846456623,-176,-150,-26,-0.7,-0.04,-0.6599999999999999
161,111,-9,160,129,-8,87.66666666666667,93.66666666666667,-6.0,71.336448530109,72.99467256055213,-1.6582240304431366,-9,-8,-1,-0.46,-0.61,0.14999999999999997
83,61,-138,118,39,-133,2.0,8.0,-6.0,99.401542576897,104.78867623301034,-5.387133656113335,-138,-133,-5,-0.68,-0.42,-0.26000000000000006
108,89,-113,169,31,-98,28.0,34.0,-6.0,100.00333327777963,109.02293336725076,-9.019600089471126,-113,-98,-15,-0.69,0.04,-0.73
119,108,-47,186,48,-36,60.0,66.0,-6.0,75.79357932349328,91.52048950918041,-15.726910185687132,-47,-36,-11,-0.7,0.29,-0.99
87,79,-43,127,35,-21,41.0,47.0,-6.0,59.486693189877904,61.013659672786936,-1.5269664829090317,-43,-21,-22,-0.7,0.29,-0.99
169,110,-31,196,98,-28,82.66666666666667,88.66666666666667,-6.0,83.90603209675822,91.68545262047967,-7.779420523721441,-31,-28,-3,-0.45,-0.15,-0.30000000000000004
124,98,-183,144,92,-179,13.0,19.0,-6.0,138.99880095406098,141.60743859934288,-2.6086376452819025,-183,-179,-4,-0.69,-0.64,-0.04999999999999993
104,86,-33,184,19,-28,52.333333333333336,58.333333333333336,-6.0,60.78559770939897,90.90776766713734,-30.122169957738365,-33,-28,-5,-0.66,0.57,-1.23
121,22,-27,135,15,-16,38.666666666666664,44.666666666666664,-6.0,61.55936610748648,65.11698873736579,-3.5576226298793046,-27,-16,-11,0.39,0.59,-0.19999999999999996
156,104,-9,154,121,-6,83.66666666666667,89.66666666666667,-6.0,68.87831460062174,68.97503574160405,-0.09672114098231077,-9,-6,-3,-0.42,-0.59,0.16999999999999998
176,33,-143,196,26,-138,22.0,28.0,-6.0,130.46327708081944,136.362262619343,-5.8989855385235614,-143,-138,-5,-0.13,0.02,-0.15
133,106,-78,191,30,-42,53.666666666666664,59.666666666666664,-6.0,93.75262959275092,97.40750598502264,-3.654876392271717,-78,-42,-36,-0.66,0.43,-1.09
84,79,-43,131,41,-34,40.0,46.0,-6.0,58.72534943843814,67.45368781616021,-8.728338377722075,-43,-34,-9,-0.7,0.11,-0.8099999999999999
155,92,-126,188,64,-113,40.333333333333336,46.333333333333336,-6.0,120.39472118365029,123.51608082441015,-3.121359640759863,-126,-113,-13,-0.56,-0.21,-0.3500000000000001
136,84,-118,133,103,-116,34.0,40.0,-6.0,109.55668243729666,110.98648566379602,-1.4298032264993594,-118,-116,-2,-0.59,-0.67,0.08000000000000007
169,74,-33,187,52,-11,70.0,76.0,-6.0,82.51464516476253,82.59539938761722,-0.08075422285469358,-33,-11,-22,-0.07,0.41,-0.48
130,126,-134,195,67,-122,40.666666666666664,46.666666666666664,-6.0,123.51877949886361,130.21093997390884,-6.6921604750452275,-134,-122,-12,-0.71,-0.23,-0.48
94,47,-32,153,1,-27,36.333333333333336,42.333333333333336,-6.0,51.98931514156432,79.08364067379689,-27.094325532232574,-32,-27,-5,-0.3,0.64,-0.94
58,47,-103,83,30,-93,0.6666666666666666,6.666666666666667,-6.0,73.44083030273796,73.72169890126577,-0.2808685985278032,-103,-93,-10,-0.7,-0.44,-0.25999999999999995
125,99,-164,191,50,-163,20.0,26.0,-6.0,130.53990449922455,145.5128860273206,-14.972981528096057,-164,-163,-1,-0.69,-0.24,-0.44999999999999996
128,49,-107,164,22,-98,23.333333333333332,29.333333333333332,-6.0,97.63992808045056,107.08667309966985,-9.446745019219293,-107,-98,-9,-0.38,0.1,-0.48
164,97,-123,181,92,-117,46.0,52.0,-6.0,122.59146245422912,124.90262874201915,-2.31116628779003,-123,-117,-6,-0.55,-0.45,-0.10000000000000003
134,111,-180,194,64,-175,21.666666666666668,27.666666666666668,-6.0,142.90867324584917,152.81870158967962,-9.910028343830447,-180,-175,-5,-0.69,-0.34,-0.3499999999999999
92,79,-126,174,14,-125,15.0,21.0,-6.0,99.84321041846894,122.16655297857375,-22.323342560104805,-126,-125,-1,-0.7,0.09,-0.7899999999999999
149,65,-121,191,25,-105,31.0,37.0,-6.0,112.81843820936363,121.13903857413871,-8.320600364775075,-121,-105,-16,-0.42,0.15,-0.57
157,31,-72,176,4,-46,38.666666666666664,44.666666666666664,-6.0,93.64590517238624,95.08358895671161,-1.4376837843253725,-72,-46,-26,0.12,0.56,-0.44000000000000006
112,85,-44,192,6,-27,51.0,57.0,-6.0,68.07348970047003,96.40539403996023,-28.331904339490194,-44,-27,-17,-0.62,0.65,-1.27
96,68,-154,139,34,-145,3.3333333333333335,9.333333333333334,-6.0,111.83718324222744,117.24712742275987,-5.409944180532435,-154,-145,-9,-0.67,-0.31,-0.36000000000000004
136,120,-51,192,35,-4,68.33333333333333,74.33333333333333,-6.0,84.63385190861212,84.71258597293688,-0.07873406432476315,-51,-4,-47,-0.69,0.6,-1.29
151,102,-91,189,63,-72,54.0,60.0,-6.0,104.46370980712233,106.57391800998967,-2.110208202867341,-91,-72,-19,-0.59,-0.04,-0.5499999999999999
95,84,-10,159,35,-7,56.333333333333336,62.333333333333336,-6.0,47.11923410054776,70.47142841054254,-23.352194309994786,-10,-7,-3,-0.68,0.52,-1.2000000000000002
187,162,-23,197,166,-19,108.66666666666667,114.66666666666667,-6.0,93.66014212151413,95.3601360923712,-1.6999939708570793,-23,-19,-4,-0.67,-0.65,-0.020000000000000018
140,135,-22,186,100,-15,84.33333333333333,90.33333333333333,-6.0,75.21672390868639,82.3421047959197,-7.125380887233305,-22,-15,-7,-0.7,-0.17,-0.5299999999999999
153,74,-121,189,41,-106,35.333333333333336,41.333333333333336,-6.0,115.15303826743879,120.4334763353704,-5.2804380679316125,-121,-106,-15,-0.47,0.0,-0.47
89,81,-110,138,42,-102,20.0,26.0,-6.0,91.98188227399277,98.63062404750362,-6.648741773510849,-110,-102,-8,-0.7,-0.24,-0.45999999999999996
182,120,-39,192,121,-32,87.66666666666667,93.66666666666667,-6.0,93.07464149213195,93.46776033596944,-0.39311884383749884,-39,-32,-7,-0.48,-0.41,-0.07
136,50,-125,141,60,-122,20.333333333333332,26.333333333333332,-6.0,108.5981379009583,109.97676522288192,-1.3786273219236165,-125,-122,-3,-0.39,-0.43,0.03999999999999998
86,83,-73,132,41,-59,32.0,38.0,-6.0,74.2563128629479,78.00427338721045,-3.7479605242625524,-73,-59,-14,-0.71,-0.06,-0.6499999999999999
158,144,-164,178,139,-161,46.0,52.0,-6.0,148.60237772884614,151.45296299511608,-2.8505852662699454,-164,-161,-3,-0.7,-0.67,-0.029999999999999916
117,20,-44,132,8,-29,31.0,37.0,-6.0,66.18660488850193,68.85249934945475,-2.6658944609528135,-44,-29,-15,0.24,0.56,-0.32000000000000006
188,89,-134,191,102,-132,47.666666666666664,53.666666666666664,-6.0,134.66584158163081,136.22122529995912,-1.5553837183283008,-134,-132,-2,-0.43,-0.49,0.06
106,84,-163,173,15,-143,9.0,15.0,-6.0,121.95354306729537,129.0064597865807,-7.052916719285335,-163,-143,-20,-0.69,0.0,-0.69
161,30,-133,175,31,-130,19.333333333333332,25.333333333333332,-6.0,120.26175156253501,124.58018390668006,-4.318432344145052,-133,-130,-3,-0.13,-0.07,-0.06
156,29,-19,191,7,-14,55.333333333333336,61.333333333333336,-6.0,73.8301353709235,92.08812204742924,-18.257986676505737,-19,-14,-5,0.49,0.68,-0.19000000000000006
137,45,-114,177,10,-101,22.666666666666668,28.666666666666668,-6.0,103.68006344305329,114.25799266961104,-10.577929226557757,-114,-101,-13,-0.31,0.24,-0.55
144,100,-84,189,51,-62,53.333333333333336,59.333333333333336,-6.0,98.75671566475309,102.6396068235303,-3.8828911587772126,-84,-62,-22,-0.6,0.12,-0.72
165,98,-185,171,105,-180,26.0,32.0,-6.0,151.68607934371127,152.30889665413508,-0.6228173104238124,-185,-180,-5,-0.61,-0.61,0.0
84,79,-29,132,31,-11,44.666666666666664,50.666666666666664,-6.0,52.130178932702265,60.01296156294535,-7.882782630243085,-29,-11,-18,-0.7,0.46,-1.16
191,80,-82,199,87,-79,63.0,69.0,-6.0,112.09817126073021,114.20449494948377,-2.1063236887535624,-82,-79,-3,-0.22,-0.23,0.010000000000000009
146,141,-29,182,112,-18,86.0,92.0,-6.0,81.34289561274953,82.86535263104035,-1.5224570182908224,-29,-18,-11,-0.71,-0.35,-0.36
129,104,-162,179,65,-155,23.666666666666668,29.666666666666668,-6.0,131.68227755557018,138.62499373810226,-6.942716182532081,-162,-155,-7,-0.69,-0.37,-0.31999999999999995
79,69,-34,150,3,-21,38.0,44.0,-6.0,51.07510809255979,75.59100475585703,-24.51589666329724,-34,-21,-13,-0.69,0.65,-1.3399999999999999
140,121,-32,162,112,-27,76.33333333333333,82.33333333333333,-6.0,76.99494932930486,79.95971207774298,-2.964762748438119,-32,-27,-5,-0.67,-0.51,-0.16000000000000003
150,85,-79,193,16,-35,52.0,58.0,-6.0,96.35697518429409,97.70363350459388,-1.3466583202997953,-79,-35,-44,-0.47,0.57,-1.04
153,54,-177,189,33,-174,10.0,16.0,-6.0,138.2678559897419,148.68086628749512,-10.413010297753232,-177,-174,-3,-0.45,-0.17,-0.28
136,55,-21,176,23,-11,56.666666666666664,62.666666666666664,-6.0,64.10581530216706,81.3319672016415,-17.226151899474445,-21,-11,-10,0.04,0.62,-0.58
56,26,-14,58,41,-13,22.666666666666668,28.666666666666668,-6.0,28.674417556808756,30.26916289265731,-1.594745335848554,-14,-13,-1,-0.17,-0.54,0.37
69,11,-23,93,4,-22,19.0,25.0,-6.0,37.98245208865097,49.24090440545001,-11.258452316799037,-23,-22,-1,0.31,0.56,-0.25000000000000006
160,44,-37,184,3,-2,55.666666666666664,61.666666666666664,-6.0,80.84690607699359,86.526810231794,-5.679904154800411,-37,-2,-35,0.21,0.71,-0.5
144,68,-111,195,23,-99,33.666666666666664,39.666666666666664,-6.0,106.89662711652267,120.60219272006994,-13.70556560354727,-111,-99,-12,-0.45,0.2,-0.65
98,34,-103,123,19,-95,9.666666666666666,15.666666666666666,-6.0,83.84244483288614,89.02933349308093,-5.186888660194782,-103,-95,-8,-0.41,-0.06,-0.35
130,117,-186,170,87,-178,20.333333333333332,26.333333333333332,-6.0,145.99619477537382,148.4056003735109,-2.4094055981370843,-186,-178,-8,-0.7,-0.54,-0.15999999999999992
147,74,-122,151,86,-120,33.0,39.0,-6.0,113.58110171444308,115.51911818684674,-1.9380164724036604,-122,-120,-2,-0.49,-0.54,0.050000000000000044
185,141,-75,184,158,-73,83.66666666666667,89.66666666666667,-6.0,113.62315882874505,115.51142319653451,-1.8882643677894606,-75,-73,-2,-0.63,-0.68,0.050000000000000044
114,69,-126,148,37,-110,19.0,25.0,-6.0,104.1633332799983,105.66929544574431,-1.5059621657460127,-126,-110,-16,-0.61,-0.17,-0.43999999999999995
140,74,-81,182,15,-46,44.333333333333336,50.333333333333336,-6.0,92.62948894505584,96.37542333096246,-3.7459343859066223,-81,-46,-35,-0.45,0.5,-0.95
136,66,-30,169,41,-20,57.333333333333336,63.333333333333336,-6.0,68.04573625306895,78.75842106650494,-10.712684813435985,-30,-20,-10,-0.19,0.4,-0.5900000000000001
149,78,-151,124,120,-150,25.333333333333332,31.333333333333332,-6.0,128.01128422482483,128.2324278626727,-0.2211436378478595,-151,-150,-1,-0.55,-0.71,0.15999999999999992
128,74,-141,143,69,-133,20.333333333333332,26.333333333333332,-6.0,116.19045667447143,116.64571240393803,-0.4552557294666002,-141,-133,-8,-0.59,-0.5,-0.08999999999999997
94,91,-119,166,27,-109,22.0,28.0,-6.0,99.70957827611147,112.27050666433578,-12.560928388224312,-119,-109,-10,-0.71,0.01,-0.72
134,69,-93,180,32,-84,36.666666666666664,42.666666666666664,-6.0,95.45097636425145,108.04114442604211,-12.590168061790664,-93,-84,-9,-0.47,0.15,-0.62
132,61,-41,159,31,-20,50.666666666666664,56.666666666666664,-6.0,71.00391225528038,75.2964511484808,-4.292538893200415,-41,-20,-21,-0.22,0.47,-0.69
109,47,-81,155,17,-79,25.0,31.0,-6.0,79.1117353283738,96.04165762834376,-16.92992229996996,-81,-79,-2,-0.4,0.22,-0.62
119,91,-148,163,58,-141,20.666666666666668,26.666666666666668,-6.0,119.81188959735545,126.06964565491393,-6.257756057558481,-148,-141,-7,-0.68,-0.36,-0.32000000000000006
159,99,-41,195,80,-40,72.33333333333333,78.33333333333333,-6.0,83.79870059984356,95.94558643082836,-12.1468858309848,-41,-40,-1,-0.45,-0.03,-0.42000000000000004
148,23,-61,173,12,-57,36.666666666666664,42.666666666666664,-6.0,85.86940989406854,96.36850568982011,-10.499095795751572,-61,-57,-4,0.23,0.45,-0.22
124,88,-67,156,72,-65,48.333333333333336,54.333333333333336,-6.0,82.86669348350331,91.08360018259172,-8.216906699088412,-67,-65,-2,-0.61,-0.28,-0.32999999999999996
168,72,-156,179,77,-154,28.0,34.0,-6.0,135.88230201170424,139.30541985149034,-3.4231178397861015,-156,-154,-2,-0.45,-0.43,-0.020000000000000018
137,128,-122,175,97,-111,47.666666666666664,53.666666666666664,-6.0,120.02870027159707,120.71269840226238,-0.6839981306653016,-122,-111,-11,-0.7,-0.49,-0.20999999999999996
132,67,-80,176,23,-62,39.666666666666664,45.666666666666664,-6.0,88.68045005649341,98.47616744956902,-9.795717393075606,-80,-62,-18,-0.43,0.33,-0.76
95,45,-59,107,49,-57,27.0,33.0,-6.0,64.14566755959959,67.90189000805992,-3.756222448460335,-59,-57,-2,-0.4,-0.34,-0.06
160,55,-92,183,27,-69,41.0,47.0,-6.0,103.3537614216338,103.84603988597736,-0.49227846434355627,-92,-69,-23,-0.2,0.28,-0.48000000000000004
168,28,-86,177,36,-85,36.666666666666664,42.666666666666664,-6.0,103.87599444636966,107.06488167876938,-3.188887232399722,-86,-85,-1,0.12,0.09,0.03
193,150,-121,181,179,-120,74.0,80.0,-6.0,138.99880095406098,141.42371324027192,-2.4249122862109402,-121,-120,-1,-0.66,-0.71,0.04999999999999993
111,66,-3,168,25,-1,58.0,64.0,-6.0,46.88283267892417,74.30118886442307,-27.4183561854989,-3,-1,-2,-0.25,0.64,-0.89
147,91,-75,189,37,-45,54.333333333333336,60.333333333333336,-6.0,94.26676096176331,96.94442852594585,-2.677667564182542,-75,-45,-30,-0.52,0.35,-0.87
171,29,-67,184,27,-60,44.333333333333336,50.333333333333336,-6.0,97.76616092607003,100.96974244242128,-3.2035815163512495,-67,-60,-7,0.23,0.33,-0.1
140,61,-80,181,35,-77,40.333333333333336,46.333333333333336,-6.0,90.99572639537652,105.63248658543556,-14.636760190059036,-80,-77,-3,-0.33,0.16,-0.49
89,73,-32,115,55,-22,43.333333333333336,49.333333333333336,-6.0,53.66770185337008,56.0733646415321,-2.4056627881620187,-32,-22,-10,-0.66,-0.15,-0.51
132,45,-116,167,2,-90,20.333333333333332,26.333333333333332,-6.0,102.73698890316423,106.32131593533923,-3.584327032174997,-116,-90,-26,-0.35,0.33,-0.6799999999999999
160,38,-183,164,50,-181,5.0,11.0,-6.0,141.96008828775314,143.52003344481216,-1.559945157059019,-183,-181,-2,-0.34,-0.39,0.04999999999999999
170,14,-68,183,9,-67,38.666666666666664,41.666666666666664,-3.0,98.71620378078205,104.64330949574473,-5.9271057149626785,-68,-67,-1,0.36,0.44,-0.08000000000000002
100,54,-133,128,33,-131,7.0,10.0,-3.0,100.7604419733591,106.97974886242099,-6.219306889061897,-133,-131,-2,-0.6,-0.31,-0.29
122,110,-101,170,64,-94,43.666666666666664,46.666666666666664,-3.0,102.41202186375494,108.47221866552847,-6.060196801773529,-101,-94,-7,-0.7,-0.24,-0.45999999999999996
100,66,-29,147,14,-15,45.666666666666664,48.666666666666664,-3.0,54.59141161595129,70.53289224814823,-15.941480632196942,-29,-15,-14,-0.51,0.62,-1.13
95,63,-105,124,32,-94,17.666666666666668,20.666666666666668,-3.0,87.7167157514588,89.35820549277436,-1.641489741315553,-105,-94,-11,-0.64,-0.19,-0.45
172,37,-83,195,22,-82,42.0,45.0,-3.0,104.1633332799983,114.24826767468585,-10.08493439468755,-83,-82,-1,0.07,0.29,-0.21999999999999997
92,24,-18,109,3,-5,32.666666666666664,35.666666666666664,-3.0,45.32352835142275,51.95724738239658,-6.633719030973829,-18,-5,-13,0.28,0.69,-0.4099999999999999
136,70,-134,192,16,-127,24.0,27.0,-3.0,114.92606318846913,130.46327708081944,-15.537213892350309,-134,-127,-7,-0.54,0.13,-0.67
131,64,-145,180,3,-124,16.666666666666668,19.666666666666668,-3.0,117.5424273282725,124.66577539788359,-7.123348069611097,-145,-124,-21,-0.54,0.2,-0.74
131,100,-67,177,35,-39,54.666666666666664,57.666666666666664,-3.0,86.95720531132285,89.62638500402038,-2.6691796926975258,-67,-39,-28,-0.64,0.36,-1.0
106,92,-88,163,1,-45,36.666666666666664,39.666666666666664,-3.0,88.33773573935181,89.2088685177781,-0.8711327784262863,-88,-45,-43,-0.69,0.57,-1.2599999999999998
73,67,-89,116,23,-79,17.0,20.0,-3.0,74.9933330370107,79.63667496825819,-4.643341931247491,-89,-79,-10,-0.7,-0.06,-0.6399999999999999
112,89,-187,185,19,-181,4.666666666666667,7.666666666666667,-3.0,135.85367945779836,149.6336266426174,-13.779947184819036,-187,-181,-6,-0.69,-0.11,-0.58
148,45,-136,186,6,-126,19.0,22.0,-3.0,117.39108427247218,127.87493890516625,-10.483854632694062,-136,-126,-10,-0.32,0.19,-0.51
91,50,-51,130,10,-41,30.0,33.0,-3.0,59.67132197854063,71.6798437498297,-12.008521771289068,-51,-41,-10,-0.47,0.45,-0.9199999999999999
93,37,-126,114,21,-122,1.3333333333333333,4.333333333333333,-3.0,92.89540115396217,97.06469778222953,-4.169296628267361,-126,-122,-4,-0.52,-0.25,-0.27
154,55,-52,186,15,-35,52.333333333333336,55.333333333333336,-3.0,84.12028424953296,94.62322947117983,-10.502945221646868,-52,-35,-17,-0.05,0.56,-0.6100000000000001
114,96,-79,179,13,-52,43.666666666666664,46.666666666666664,-3.0,87.04915597267761,97.26367370309546,-10.214517730417853,-79,-52,-27,-0.68,0.48,-1.1600000000000001
53,36,-84,83,5,-74,1.6666666666666667,4.666666666666667,-3.0,60.97176031209494,64.09541498595841,-3.12365467386347,-84,-74,-10,-0.67,-0.01,-0.66
84,62,-67,130,9,-51,26.333333333333332,29.333333333333332,-3.0,66.60497145275434,75.2787412812468,-8.673769828492453,-67,-51,-16,-0.65,0.39,-1.04
107,62,-83,143,6,-54,28.666666666666668,31.666666666666668,-3.0,81.06924338010207,82.44728955857526,-1.3780461784731983,-83,-54,-29,-0.55,0.44,-0.99
102,70,-127,151,3,-100,15.0,18.0,-3.0,101.25545252808199,103.01779781507013,-1.7623452869881362,-127,-100,-27,-0.65,0.22,-0.87
64,44,-43,90,12,-28,21.666666666666668,24.666666666666668,-3.0,46.44949467492144,48.998866200034556,-2.5493715251131164,-43,-28,-15,-0.61,0.37,-0.98
167,79,-35,197,57,-34,70.33333333333333,73.33333333333333,-3.0,82.6935440177903,95.00994100034421,-12.316396982553911,-35,-34,-1,-0.16,0.25,-0.41000000000000003
144,104,-53,189,63,-48,65.0,68.0,-3.0,85.02156589164109,96.81941953967706,-11.797853648035968,-53,-48,-5,-0.59,0.08,-0.6699999999999999
138,99,-124,198,36,-112,37.666666666666664,40.666666666666664,-3.0,115.41904329683017,126.59998244690067,-11.1809391500705,-124,-112,-12,-0.65,0.06,-0.71
156,41,-65,197,4,-60,44.0,47.0,-3.0,90.2478069908996,109.23674595421939,-18.988938963319782,-65,-60,-5,0.05,0.53,-0.48000000000000004
128,110,-42,192,51,-38,65.33333333333333,68.33333333333333,-3.0,76.25104735164116,94.69365812391497,-18.44261077227381,-42,-38,-4,-0.68,0.27,-0.9500000000000001
141,61,-69,192,6,-56,44.333333333333336,47.333333333333336,-3.0,86.5383665716478,105.37973661425089,-18.84137004260309,-69,-56,-13,-0.28,0.53,-0.81
135,57,-72,160,35,-66,40.0,43.0,-3.0,85.3580693314932,92.43736618200816,-7.0792968505149645,-72,-66,-6,-0.29,0.13,-0.42
149,24,-60,161,11,-50,37.666666666666664,40.666666666666664,-3.0,85.86940989406854,88.65789430288892,-2.7884844088203806,-60,-50,-10,0.23,0.46,-0.23
127,38,-117,160,9,-112,16.0,19.0,-3.0,100.81997156648411,111.26844416395272,-10.448472597468609,-117,-112,-5,-0.32,0.13,-0.45
125,94,-84,186,4,-46,45.0,48.0,-3.0,92.09053516331994,99.69286166354473,-7.602326500224791,-84,-46,-38,-0.65,0.58,-1.23
109,61,-71,144,1,-37,33.0,36.0,-3.0,76.10519036176179,77.92731656272187,-1.822126200960085,-71,-37,-34,-0.5,0.58,-1.08
150,49,-55,198,3,-48,48.0,51.0,-3.0,83.69388667439615,106.00943354249186,-22.31554686809571,-55,-48,-7,-0.02,0.59,-0.61
118,19,-31,132,3,-20,35.333333333333336,38.333333333333336,-3.0,61.9157133170212,66.89461031270672,-4.978896995685517,-31,-20,-11,0.38,0.64,-0.26
137,19,-98,162,2,-97,19.333333333333332,22.333333333333332,-3.0,95.93863779636555,106.7093664534135,-10.77072865704794,-98,-97,-1,0.01,0.28,-0.27
128,53,-45,158,4,-17,45.333333333333336,48.333333333333336,-3.0,70.83470586905514,78.0185163207356,-7.183810451680458,-45,-17,-28,-0.16,0.67,-0.8300000000000001
132,65,-104,186,19,-103,31.0,34.0,-3.0,99.30088955627068,118.45955709298708,-19.158667536716408,-104,-103,-1,-0.47,0.19,-0.6599999999999999
152,65,-94,178,40,-86,41.0,44.0,-3.0,101.85283501208987,107.81465577554843,-5.961820763458562,-94,-86,-8,-0.34,0.06,-0.4
84,73,-142,145,18,-139,5.0,8.0,-3.0,104.04165832332099,116.1579384573722,-12.116280134051209,-142,-139,-3,-0.7,-0.13,-0.57
138,88,-125,198,34,-122,33.666666666666664,36.666666666666664,-3.0,114.03605667604533,130.6530605160944,-16.617003840049065,-125,-122,-3,-0.61,0.03,-0.64
84,22,-72,104,10,-71,11.333333333333334,14.333333333333334,-3.0,64.1318087136866,71.50912917631955,-7.377320462632952,-72,-71,-1,-0.24,0.09,-0.32999999999999996
182,21,-116,195,8,-107,29.0,32.0,-3.0,121.78943577612414,124.45347189478751,-2.6640361186633754,-116,-107,-9,0.1,0.28,-0.18000000000000002
139,42,-73,165,13,-61,36.0,39.0,-3.0,86.65256295497939,94.07798183776407,-7.425418882784683,-73,-61,-12,-0.1,0.39,-0.49
163,57,-97,197,28,-93,41.0,44.0,-3.0,106.74580397686209,118.93135274883014,-12.185548771968044,-97,-93,-4,-0.22,0.2,-0.42000000000000004
149,48,-196,181,15,-186,0.3333333333333333,3.3333333333333335,-3.0,144.8224967177253,150.05406433090116,-5.231567613175855,-196,-186,-10,-0.46,-0.12,-0.34
124,51,-125,177,1,-119,16.666666666666668,19.666666666666668,-3.0,104.51262549993129,121.5602274137758,-17.047601913844517,-125,-119,-6,-0.46,0.23,-0.6900000000000001
153,19,-9,170,10,-8,54.333333333333336,57.333333333333336,-3.0,70.69810621383165,80.0055553626677,-9.307449148836056,-9,-8,-1,0.62,0.68,-0.06000000000000005
119,104,-86,197,21,-72,45.666666666666664,48.666666666666664,-3.0,93.30356668185603,111.5476978197618,-18.244131137905768,-86,-72,-14,-0.69,0.36,-1.0499999999999998
92,78,-117,140,19,-97,17.666666666666668,20.666666666666668,-3.0,95.39508489551346,96.76202193468721,-1.3669370391737488,-117,-97,-20,-0.7,0.03,-0.73
118,89,-186,175,29,-174,7.0,10.0,-3.0,136.98418400190099,143.11067977850803,-6.126495776607044,-186,-174,-12,-0.68,-0.2,-0.48000000000000004
122,70,-121,167,1,-88,23.666666666666668,26.666666666666668,-3.0,104.4743456016303,105.67350135624773,-1.199155754617422,-121,-88,-33,-0.58,0.35,-0.9299999999999999
108,83,-41,170,15,-26,50.0,53.0,-3.0,65.15110641168472,84.4077405613174,-19.256634149632674,-41,-26,-15,-0.63,0.58,-1.21
153,111,-181,195,73,-176,27.666666666666668,30.666666666666668,-3.0,148.54254908573802,154.3898384681525,-5.847289382414488,-181,-176,-5,-0.66,-0.39,-0.27
164,56,-66,194,19,-50,51.333333333333336,54.333333333333336,-3.0,93.95507200548332,102.69804715226522,-8.742975146781902,-66,-50,-16,-0.07,0.48,-0.55
143,92,-124,199,44,-123,37.0,40.0,-3.0,115.73245007343446,131.4863744525138,-15.753924379079322,-124,-123,-1,-0.61,-0.05,-0.5599999999999999
119,118,-56,189,3,-2,60.333333333333336,63.333333333333336,-3.0,82.26110191876164,88.88319426203259,-6.62209234327095,-56,-2,-54,-0.71,0.71,-1.42
136,93,-68,179,27,-36,53.666666666666664,56.666666666666664,-3.0,87.80407482318549,90.2453446013822,-2.4412697781967125,-68,-36,-32,-0.58,0.46,-1.04
119,89,-26,190,16,-15,60.666666666666664,63.666666666666664,-3.0,62.494444197508905,90.22318007154382,-27.728735874034918,-26,-15,-11,-0.59,0.65,-1.24
96,63,-146,158,8,-144,4.333333333333333,7.333333333333333,-3.0,107.15202077215136,123.29188492714714,-16.139864154995777,-146,-144,-2,-0.66,-0.01,-0.65
66,58,-75,111,10,-63,16.333333333333332,19.333333333333332,-3.0,64.66494843078092,71.34112107021838,-6.676172639437453,-75,-63,-12,-0.7,0.19,-0.8899999999999999
127,54,-115,159,15,-99,22.0,25.0,-3.0,101.3541645255224,105.56514576317318,-4.2109812376507705,-115,-99,-16,-0.44,0.14,-0.5800000000000001
143,64,-176,174,39,-173,10.333333333333334,13.333333333333334,-3.0,135.64741878201082,142.82001104731634,-7.172592265305525,-176,-173,-3,-0.53,-0.26,-0.27
129,93,-58,185,27,-39,54.666666666666664,57.666666666666664,-3.0,81.01165896887242,93.98345007972888,-12.971791110856458,-58,-39,-19,-0.6,0.45,-1.05
142,32,-73,167,1,-58,33.666666666666664,36.666666666666664,-3.0,87.78129388175795,95.25521274741638,-7.473918865658433,-73,-58,-15,0.03,0.51,-0.48
132,120,-102,193,55,-89,50.0,53.0,-3.0,107.59182125050212,115.13470371699404,-7.542882466491918,-102,-89,-13,-0.7,-0.03,-0.6699999999999999
147,64,-190,191,25,-186,7.0,10.0,-3.0,143.3620126346818,154.27464686936304,-10.912634234681235,-190,-186,-4,-0.53,-0.14,-0.39
125,88,-149,191,29,-147,21.333333333333332,24.333333333333332,-3.0,121.38735061318741,138.02737248660338,-16.640021873415975,-149,-147,-2,-0.66,-0.05,-0.61
141,94,-78,189,49,-72,52.333333333333336,55.333333333333336,-3.0,94.13583566079156,106.64687316351828,-12.511037502726722,-78,-72,-6,-0.58,0.09,-0.6699999999999999
86,53,-52,132,1,-37,29.0,32.0,-3.0,58.8387627334226,72.39244896166082,-13.55368622823822,-52,-37,-15,-0.54,0.56,-1.1
88,66,-40,143,6,-26,38.0,41.0,-3.0,55.88082557252234,73.29847656443255,-17.417650991910207,-40,-26,-14,-0.63,0.61,-1.24
82,60,-73,120,24,-66,23.0,26.0,-3.0,68.47383928674269,75.9473501841901,-7.473510897447412,-73,-66,-7,-0.65,0.04,-0.6900000000000001
132,53,-102,162,11,-81,27.666666666666668,30.666666666666668,-3.0,97.19510732999315,100.17429255497085,-2.979185224977698,-102,-81,-21,-0.37,0.29,-0.6599999999999999
147,58,-148,191,8,-133,19.0,22.0,-3.0,123.5502596786695,132.64237633576985,-9.092116657100348,-148,-133,-15,-0.44,0.16,-0.6
113,85,-116,172,6,-87,27.333333333333332,30.333333333333332,-3.0,101.99455323147845,107.12713112102936,-5.132577889550916,-116,-87,-29,-0.67,0.33,-1.0
121,88,-145,174,25,-126,21.333333333333332,24.333333333333332,-3.0,118.38449598190167,122.47539435422212,-4.090898372320453,-145,-126,-19,-0.67,-0.01,-0.66
166,22,-174,180,13,-170,4.666666666666667,7.666666666666667,-3.0,139.34449716041496,142.93666040903884,-3.5921632486238764,-174,-170,-4,-0.18,-0.06,-0.12
120,99,-132,184,24,-112,29.0,32.0,-3.0,114.16654501210063,120.97382637028005,-6.807281358179424,-132,-112,-20,-0.69,0.1,-0.7899999999999999
79,57,-135,118,17,-125,0.3333333333333333,3.3333333333333335,-3.0,96.11567105431988,99.67391278006943,-3.5582417257495536,-135,-125,-10,-0.68,-0.2,-0.48000000000000004
118,104,-74,188,25,-56,49.333333333333336,52.333333333333336,-3.0,87.39692341394074,101.4703021687736,-14.07337875483286,-74,-56,-18,-0.69,0.38,-1.0699999999999998
136,105,-21,194,52,-17,73.33333333333333,76.33333333333333,-3.0,67.8937077758724,87.84202992999548,-19.948322154123076,-21,-17,-4,-0.6,0.39,-0.99
166,44,-127,193,4,-105,27.666666666666668,30.666666666666668,-3.0,120.17302341022945,123.11060970615904,-2.9375862959295915,-127,-105,-22,-0.2,0.31,-0.51
150,55,-90,182,28,-86,38.333333333333336,41.333333333333336,-3.0,98.6858089539164,109.81600773819615,-11.130198784279742,-90,-86,-4,-0.25,0.18,-0.43
94,92,-86,158,30,-79,33.333333333333336,36.333333333333336,-3.0,84.38535944634525,96.85843048261496,-12.473071036269715,-86,-79,-7,-0.71,0.1,-0.8099999999999999
134,79,-138,178,31,-125,25.0,28.0,-3.0,117.42515346665154,123.71741995369932,-6.292266487047783,-138,-125,-13,-0.59,-0.04,-0.5499999999999999
177,39,-135,194,18,-122,27.0,30.0,-3.0,127.65578717786359,129.28521441629226,-1.6294272384286757,-135,-122,-13,-0.14,0.14,-0.28
156,47,-17,194,9,-8,62.0,65.0,-3.0,71.41895173318261,91.48041684790613,-20.061465114723518,-17,-8,-9,0.31,0.69,-0.37999999999999995
118,90,-63,181,11,-38,48.333333333333336,51.333333333333336,-3.0,79.5501239610739,93.84502591447715,-14.294901953403254,-63,-38,-25,-0.64,0.57,-1.21
157,51,-155,197,14,-149,17.666666666666668,20.666666666666668,-3.0,129.5359238032275,141.3325471676248,-11.796623364397306,-155,-149,-6,-0.37,0.07,-0.44
101,97,-149,167,13,-122,16.333333333333332,19.333333333333332,-3.0,116.91972554801103,118.06871822045932,-1.148992672448287,-149,-122,-27,-0.71,0.08,-0.7899999999999999
143,48,-121,173,16,-110,23.333333333333332,26.333333333333332,-3.0,109.17977020594165,115.7650878095618,-6.585317603620155,-121,-110,-11,-0.33,0.13,-0.46
147,29,-37,168,7,-27,46.333333333333336,49.333333333333336,-3.0,76.11103000806709,85.05031190745602,-8.93928189938893,-37,-27,-10,0.33,0.62,-0.29
134,57,-25,176,4,-5,55.333333333333336,58.333333333333336,-3.0,64.92217563274423,83.28398538868215,-18.361809755937927,-25,-5,-20,-0.04,0.7,-0.74
141,96,-90,182,50,-76,49.0,52.0,-3.0,99.98999949994999,105.33755265810954,-5.347553158159556,-90,-76,-14,-0.6,0.03,-0.63
151,93,-38,196,56,-37,68.66666666666667,71.66666666666667,-3.0,79.05413054076021,95.76475807356738,-16.710627532807166,-38,-37,-1,-0.43,0.24,-0.6699999999999999
122,62,-151,186,2,-146,11.0,14.0,-3.0,117.14094075087498,135.80378001611984,-18.66283926524487,-151,-146,-5,-0.57,0.13,-0.7
132,81,-117,196,8,-99,32.0,35.0,-3.0,107.39646176667088,121.93714227693982,-14.540680510268942,-117,-99,-18,-0.59,0.32,-0.9099999999999999
141,70,-91,171,27,-69,40.0,43.0,-3.0,97.06011882676977,98.63062404750362,-1.5705052207338497,-91,-69,-22,-0.43,0.24,-0.6699999999999999
133,55,-44,164,21,-32,48.0,51.0,-3.0,72.42927584892728,82.7808351411525,-10.351559292225218,-44,-32,-12,-0.14,0.5,-0.64
179,83,-95,186,74,-93,55.666666666666664,55.666666666666664,0.0,113.517497427587,114.6366239713799,-1.1191265437929019,-95,-93,-2,-0.35,-0.24,-0.10999999999999999
143,89,-48,174,19,-9,61.333333333333336,61.333333333333336,0.0,80.3920946915111,80.48326258021325,-0.0911678887021452,-48,-9,-39,-0.48,0.64,-1.12
160,46,-102,167,34,-97,34.666666666666664,34.666666666666664,0.0,107.26084508751966,107.77857960755571,-0.5177345200360577,-102,-97,-5,-0.16,0.01,-0.17
154,88,-55,184,44,-41,62.333333333333336,62.333333333333336,0.0,87.23276652471567,92.76613366717163,-5.533367142455958,-55,-41,-14,-0.42,0.29,-0.71
178,10,-107,182,5,-106,27.0,27.0,0.0,116.9700816448377,118.6001686339442,-1.6300869891064877,-107,-106,-1,0.21,0.27,-0.060000000000000026
148,83,-113,195,15,-92,39.333333333333336,39.333333333333336,0.0,110.93641822633761,118.42390899739047,-7.487490771052862,-113,-92,-21,-0.53,0.3,-0.8300000000000001
128,59,-173,155,19,-160,4.666666666666667,4.666666666666667,0.0,128.7486785261201,128.9969853222246,-0.2483067961044867,-173,-160,-13,-0.56,-0.17,-0.39
88,68,-112,118,36,-110,14.666666666666666,14.666666666666666,0.0,89.93825042154695,94.29504523332896,-4.3567948117820094,-112,-110,-2,-0.68,-0.33,-0.35000000000000003
106,42,-67,126,19,-64,27.0,27.0,0.0,71.41895173318261,77.77317446695015,-6.354222733767543,-67,-64,-3,-0.31,0.15,-0.45999999999999996
108,87,-141,142,51,-139,18.0,18.0,0.0,112.75637454263949,117.06693242186995,-4.310557879230458,-141,-139,-2,-0.69,-0.4,-0.2899999999999999
161,77,-36,195,26,-19,67.33333333333333,67.33333333333333,0.0,80.71486163581581,92.12431214879646,-11.409450512980655,-36,-19,-17,-0.18,0.58,-0.76
152,67,-36,192,26,-35,61.0,61.0,0.0,76.86785197120228,95.9201056435337,-19.052253672331418,-36,-35,-1,-0.12,0.5,-0.62
153,87,-77,197,30,-64,54.333333333333336,54.333333333333336,0.0,96.6965471059966,107.93310685584639,-11.23655974984979,-77,-64,-13,-0.47,0.33,-0.8
143,80,-77,185,2,-41,48.666666666666664,48.666666666666664,0.0,92.50705678787729,97.98752755098761,-5.480470763110318,-77,-41,-36,-0.47,0.61,-1.08
143,79,-132,187,11,-108,30.0,30.0,0.0,117.4932622181658,121.18030643081683,-3.687044212651031,-132,-108,-24,-0.55,0.23,-0.78
173,105,-152,193,83,-150,42.0,42.0,0.0,139.95951795668157,142.99883449408483,-3.0393165374032662,-152,-150,-2,-0.58,-0.41,-0.16999999999999998
103,58,-36,151,8,-34,41.666666666666664,41.666666666666664,0.0,57.90989169006928,79.18894423395786,-21.279052543888575,-36,-34,-2,-0.4,0.56,-0.9600000000000001
160,56,-43,197,4,-28,57.666666666666664,57.666666666666664,0.0,82.88278202109021,99.38589213543116,-16.503110114340956,-43,-28,-15,0.03,0.65,-0.62
147,71,-104,196,20,-102,38.0,38.0,0.0,105.09360906671093,122.3219794912863,-17.228370424575374,-104,-102,-2,-0.44,0.22,-0.66
159,88,-151,198,35,-137,32.0,32.0,0.0,132.60718934758654,136.77962811276637,-4.172438765179834,-151,-137,-14,-0.56,-0.03,-0.53
141,59,-195,183,9,-187,1.6666666666666667,1.6666666666666667,0.0,143.03690277531723,151.14084674751416,-8.10394397219693,-195,-187,-8,-0.54,-0.07,-0.47000000000000003
129,78,-190,158,41,-182,5.666666666666667,5.666666666666667,0.0,139.9150535940369,141.0350626223454,-1.120009028308516,-190,-182,-8,-0.64,-0.36,-0.28
114,94,-16,165,36,-9,64.0,64.0,0.0,57.154760664940824,73.74279625834649,-16.588035593405664,-16,-9,-7,-0.64,0.51,-1.15
88,80,-106,124,35,-97,20.666666666666668,20.666666666666668,0.0,89.62638500402038,90.79035680560402,-1.1639718015836422,-106,-97,-9,-0.7,-0.23,-0.47
108,91,-104,155,33,-93,31.666666666666668,31.666666666666668,0.0,96.18154131063241,101.24996570644137,-5.068424395808961,-104,-93,-11,-0.69,-0.02,-0.6699999999999999
88,68,-151,107,48,-150,1.6666666666666667,1.6666666666666667,0.0,108.25997516267137,109.91612964235756,-1.6561544796861938,-151,-150,-1,-0.69,-0.56,-0.1299999999999999
97,91,-96,168,5,-81,30.666666666666668,30.666666666666668,0.0,89.60034722154944,103.26126519120753,-13.660917969658087,-96,-81,-15,-0.7,0.36,-1.06
126,82,-133,175,19,-119,25.0,25.0,0.0,113.1577070581879,120.09995836801943,-6.9422513098315335,-133,-119,-14,-0.63,0.07,-0.7
133,100,-126,181,34,-108,35.666666666666664,35.666666666666664,0.0,115.1067137727229,117.98964172992287,-2.8829279571999678,-126,-108,-18,-0.66,0.02,-0.68
133,94,-145,180,43,-141,27.333333333333332,27.333333333333332,0.0,122.89381143446114,131.5151026392871,-8.621291204825965,-145,-141,-4,-0.65,-0.18,-0.47000000000000003
138,95,-133,194,25,-119,33.333333333333336,33.333333333333336,0.0,118.91827258901618,127.91750814055474,-8.999235551538561,-133,-119,-14,-0.64,0.1,-0.74
173,54,-90,193,23,-79,45.666666666666664,45.666666666666664,0.0,107.53087411943088,112.19427594826554,-4.663401828834665,-90,-79,-11,-0.12,0.29,-0.41
70,62,-39,111,17,-35,31.0,31.0,0.0,49.60510726393671,60.42074698865172,-10.815639724715012,-39,-35,-4,-0.69,0.34,-1.03
126,95,-54,138,80,-51,55.666666666666664,55.666666666666664,0.0,78.57197691006351,79.0541305407602,-0.48215363069668626,-54,-51,-3,-0.63,-0.43,-0.2
136,65,-124,171,28,-122,25.666666666666668,25.666666666666668,0.0,109.72794640483444,119.6281274988825,-9.900181094048065,-124,-122,-2,-0.49,-0.03,-0.45999999999999996
76,65,-37,103,33,-32,34.666666666666664,34.666666666666664,0.0,50.87457343528515,55.12611802847076,-4.2515445931856135,-37,-32,-5,-0.68,0.05,-0.7300000000000001
117,110,-93,192,29,-87,44.666666666666664,44.666666666666664,0.0,97.38697152197629,114.4387269337711,-17.0517554117948,-93,-87,-6,-0.7,0.2,-0.8999999999999999
141,47,-126,166,13,-117,20.666666666666668,20.666666666666668,0.0,110.58129237001266,115.66138316463086,-5.080090794618201,-126,-117,-9,-0.34,0.1,-0.44000000000000006
103,78,-120,179,1,-119,20.333333333333332,20.333333333333332,0.0,99.75414221419024,122.42367236590951,-22.66953015171927,-120,-119,-1,-0.67,0.23,-0.9
172,36,-57,198,3,-50,50.333333333333336,50.333333333333336,0.0,94.03663588670582,106.63437011062094,-12.597734223915111,-57,-50,-7,0.23,0.58,-0.35
137,83,-46,170,30,-26,58.0,58.0,0.0,76.77239087067694,82.42976808572658,-5.657377215049635,-46,-26,-20,-0.45,0.47,-0.9199999999999999
147,94,-92,180,58,-89,49.666666666666664,49.666666666666664,0.0,102.48360302452724,109.97676522288192,-7.493162198354682,-92,-89,-3,-0.57,-0.11,-0.45999999999999996
151,81,-58,187,20,-33,58.0,58.0,0.0,86.86004067847693,93.74788886511881,-6.887848186641875,-58,-33,-25,-0.38,0.54,-0.92
121,98,-184,187,6,-158,11.666666666666666,11.666666666666666,0.0,138.67548048912212,140.90264566556425,-2.227165176442128,-184,-158,-26,-0.69,0.06,-0.75
171,157,-199,184,143,-198,43.0,43.0,0.0,171.2152641170368,171.2327850228065,-0.017520905769686124,-199,-198,-1,-0.7,-0.68,-0.019999999999999907
182,102,-179,196,87,-178,35.0,35.0,0.0,154.80525400213867,157.04988591739462,-2.244631915255951,-179,-178,-1,-0.57,-0.46,-0.10999999999999993
123,60,-156,174,5,-152,9.0,9.0,0.0,119.47384651043926,133.11899438722736,-13.645147876788101,-156,-152,-4,-0.56,0.05,-0.6100000000000001
120,55,-30,123,51,-29,48.333333333333336,48.333333333333336,0.0,61.41841924229426,62.08238254305502,-0.6639633007607557,-30,-29,-1,-0.16,-0.06,-0.1
138,90,-122,176,50,-120,35.333333333333336,35.333333333333336,0.0,112.96410442653405,121.28570493764805,-8.321600511114,-122,-120,-2,-0.61,-0.18,-0.43
133,102,-45,198,26,-34,63.333333333333336,63.333333333333336,0.0,77.64162686486047,98.32372834446197,-20.6821014796015,-45,-34,-11,-0.62,0.51,-1.13
133,28,-159,148,11,-157,0.6666666666666666,0.6666666666666666,0.0,120.765153178482,124.72993047202245,-3.9647772935404504,-159,-157,-2,-0.33,-0.12,-0.21000000000000002
126,104,-91,182,13,-56,46.333333333333336,46.333333333333336,0.0,97.52378627231866,99.98110932682344,-2.4573230545047835,-91,-56,-35,-0.68,0.46,-1.1400000000000001
129,103,-155,196,11,-130,25.666666666666668,25.666666666666668,0.0,128.19082997191683,133.49240511063624,-5.301575138719414,-155,-130,-25,-0.69,0.16,-0.85
104,89,-68,119,72,-66,41.666666666666664,41.666666666666664,0.0,77.78745971484663,78.5125609200351,-0.7251012051884658,-68,-66,-2,-0.69,-0.52,-0.16999999999999993
103,88,-84,145,44,-82,35.666666666666664,35.666666666666664,0.0,84.83840849258993,92.85951156929961,-8.021103076709679,-84,-82,-2,-0.69,-0.13,-0.5599999999999999
155,102,-108,194,58,-103,49.666666666666664,49.666666666666664,0.0,113.56740533954077,121.39284254939508,-7.825437209854314,-108,-103,-5,-0.59,-0.1,-0.49
160,48,-115,190,3,-100,31.0,31.0,0.0,112.9099936527616,120.03610567936077,-7.1261120265991735,-115,-100,-15,-0.22,0.34,-0.56
91,81,-40,140,30,-38,44.0,44.0,0.0,59.53710327742412,73.33939368897637,-13.80229041155225,-40,-38,-2,-0.69,0.28,-0.97
104,66,-58,138,11,-37,37.333333333333336,37.333333333333336,0.0,69.1728912861743,73.8301353709235,-4.657244084749195,-58,-37,-21,-0.55,0.49,-1.04
130,117,-17,198,46,-14,76.66666666666667,76.66666666666667,0.0,66.44463024871828,89.22381346304859,-22.779183214330303,-17,-14,-3,-0.69,0.47,-1.16
122,84,-60,198,2,-54,48.666666666666664,48.666666666666664,0.0,78.38934167913956,108.04114442604211,-29.651802746902547,-60,-54,-6,-0.58,0.57,-1.15
148,78,-142,164,59,-139,28.0,28.0,0.0,123.55835328567092,125.62643034011593,-2.0680770544450127,-142,-139,-3,-0.54,-0.36,-0.18000000000000005
157,57,-46,174,35,-41,56.0,56.0,0.0,82.87741952224783,89.02059686761636,-6.143177345368528,-46,-41,-5,-0.02,0.34,-0.36000000000000004
117,113,-89,191,22,-72,47.0,47.0,0.0,96.18038608087755,108.81482742102138,-12.634441340143823,-89,-72,-17,-0.71,0.33,-1.04
113,79,-83,170,8,-69,36.333333333333336,36.333333333333336,0.0,85.5154307063286,99.60700555460723,-14.091574848278626,-83,-69,-14,-0.62,0.4,-1.02
90,44,-43,99,29,-37,30.333333333333332,30.333333333333332,0.0,55.15029968690611,55.529771794556794,-0.3794721076506846,-43,-37,-6,-0.36,0.04,-0.39999999999999997
78,67,-14,126,11,-6,43.666666666666664,43.666666666666664,0.0,41.023028762987366,58.63067077524831,-17.607642012260946,-14,-6,-8,-0.67,0.66,-1.33
125,77,-37,146,48,-29,55.0,55.0,0.0,67.94115100585212,71.6147098483731,-3.6735588425209755,-37,-29,-8,-0.45,0.15,-0.6
101,96,-88,176,5,-72,36.333333333333336,36.333333333333336,0.0,87.94063654281538,103.64147603906244,-15.700839496247056,-88,-72,-16,-0.71,0.43,-1.14
129,37,-33,148,14,-29,44.333333333333336,44.333333333333336,0.0,66.33919572084733,75.37609405876346,-9.036898337916128,-33,-29,-4,0.16,0.54,-0.38
129,76,-149,154,41,-139,18.666666666666668,18.666666666666668,0.0,120.51648112280004,120.65469553877941,-0.13821441597936257,-149,-139,-10,-0.61,-0.27,-0.33999999999999997
144,89,-120,194,1,-82,37.666666666666664,37.666666666666664,0.0,113.72579107465269,115.62102846032042,-1.895237385667727,-120,-82,-38,-0.59,0.44,-1.03
126,81,-111,140,64,-108,32.0,32.0,0.0,102.77159140540736,103.74327287427684,-0.9716814688694768,-111,-108,-3,-0.61,-0.43,-0.18
41,38,-26,60,8,-15,17.666666666666668,17.666666666666668,0.0,30.90127649287144,31.372316175606514,-0.4710396827350749,-26,-15,-11,-0.7,0.43,-1.13
138,102,-42,179,45,-26,66.0,66.0,0.0,77.76888838089432,84.99803919307001,-7.229150812175689,-42,-26,-16,-0.6,0.36,-0.96
162,86,-72,198,8,-30,58.666666666666664,58.666666666666664,0.0,97.46566346952939,99.73743307081628,-2.2717696012868913,-72,-30,-42,-0.4,0.63,-1.03
123,54,-44,146,10,-23,44.333333333333336,44.333333333333336,0.0,68.51925925525529,73.14065596886287,-4.621396713607581,-44,-23,-21,-0.21,0.6,-0.8099999999999999
116,87,-168,172,8,-145,11.666666666666666,11.666666666666666,0.0,127.59397408272156,129.44067710302232,-1.8467030203007653,-168,-145,-23,-0.68,0.04,-0.7200000000000001
122,71,-130,145,38,-120,21.0,21.0,0.0,108.78419002777932,108.85158091027739,-0.06739088249807423,-130,-120,-10,-0.59,-0.23,-0.36
129,98,-24,166,55,-18,67.66666666666667,67.66666666666667,0.0,66.04207413123513,75.64977785088922,-9.607703719654097,-24,-18,-6,-0.59,0.25,-0.84
150,89,-68,177,52,-58,57.0,57.0,0.0,91.82955225125878,96.00347215943113,-4.173919908172351,-68,-58,-10,-0.48,0.08,-0.5599999999999999
168,119,-42,197,79,-31,81.66666666666667,81.66666666666667,0.0,89.70445300479173,93.09970760188003,-3.3952545970882966,-42,-31,-11,-0.55,0.04,-0.5900000000000001
163,72,-20,188,42,-15,71.66666666666667,71.66666666666667,0.0,74.70980896479094,85.48814082796645,-10.77833186317551,-20,-15,-5,-0.01,0.48,-0.49
155,79,-8,185,46,-5,75.33333333333333,75.33333333333333,0.0,66.59496143770104,80.29252075311179,-13.697559315410743,-8,-5,-3,-0.08,0.5,-0.58
107,33,-81,122,10,-73,19.666666666666668,19.666666666666668,0.0,77.32758599332813,79.90132803791325,-2.573742044585117,-81,-73,-8,-0.25,0.18,-0.43
110,95,-171,188,3,-157,11.333333333333334,11.333333333333334,0.0,129.07448323437993,140.96886969193667,-11.894386457556749,-171,-157,-14,-0.7,0.09,-0.7899999999999999
144,87,-79,197,26,-71,50.666666666666664,50.666666666666664,0.0,94.59504332797898,110.79209759224207,-16.197054264263087,-79,-71,-8,-0.52,0.32,-0.8400000000000001
135,86,-49,170,29,-27,57.333333333333336,57.333333333333336,0.0,77.80459855018567,82.88278202109021,-5.078183470904534,-49,-27,-22,-0.5,0.47,-0.97
97,38,-24,110,17,-16,37.0,37.0,0.0,49.4031038161234,53.34791467339656,-3.9448108572731613,-24,-16,-8,-0.03,0.51,-0.54
127,108,-152,194,35,-146,27.666666666666668,27.666666666666668,0.0,127.28009358191964,138.90124389491822,-11.62115031299858,-152,-146,-6,-0.7,-0.08,-0.62
109,53,-30,131,27,-26,44.0,44.0,0.0,57.10224747474189,65.21247324451564,-8.110225769773749,-30,-26,-4,-0.23,0.37,-0.6
126,66,-94,178,12,-92,32.666666666666664,32.666666666666664,0.0,92.85592184789412,111.19152645573112,-18.335604607837,-94,-92,-2,-0.49,0.27,-0.76
126,50,-37,148,8,-17,46.333333333333336,46.333333333333336,0.0,66.59496143770104,72.61006970263988,-6.015108264938831,-37,-17,-20,-0.08,0.64,-0.72
182,36,-130,194,15,-121,29.333333333333332,29.333333333333332,0.0,127.46066931497819,128.9969853222246,-1.5363160072463984,-130,-121,-9,-0.08,0.17,-0.25
124,69,-83,167,23,-80,36.666666666666664,36.666666666666664,0.0,87.54554370281917,101.29933640234549,-13.753792699526315,-83,-80,-3,-0.5,0.2,-0.7
158,110,-54,196,39,-21,71.33333333333333,71.33333333333333,0.0,90.76465293396005,91.4925619320439,-0.7279089980838478,-54,-21,-33,-0.56,0.49,-1.05
160,75,-57,190,13,-25,59.333333333333336,59.333333333333336,0.0,89.27983472704734,93.68860952941694,-4.408774802369592,-57,-25,-32,-0.26,0.62,-0.88
136,64,-40,161,13,-14,53.333333333333336,53.333333333333336,0.0,72.24649164876836,76.92564952963059,-4.679157880862235,-40,-14,-26,-0.22,0.64,-0.86
166,74,-90,194,18,-62,50.0,50.0,0.0,105.88043571248971,106.93300083073825,-1.0525651182485376,-90,-62,-28,-0.33,0.42,-0.75
173,66,-16,198,31,-6,74.33333333333333,74.33333333333333,0.0,77.38360435016078,88.74057070409728,-11.3569663539365,-16,-6,-10,0.16,0.62,-0.45999999999999996
129,85,-103,184,9,-91,37.0,34.0,3.0,100.6114638928719,113.6515141415488,-13.040050248676906,-103,-91,-12,-0.61,0.32,-0.9299999999999999
150,69,-105,167,33,-95,38.0,35.0,3.0,106.38608931622592,106.97040089046439,-0.5843115742384697,-105,-95,-10,-0.41,0.03,-0.43999999999999995
134,113,-78,192,28,-60,56.333333333333336,53.333333333333336,3.0,95.37411715042096,104.42647599574012,-9.052358845319162,-78,-60,-18,-0.68,0.35,-1.03
170,57,-42,185,10,-19,61.666666666666664,58.666666666666664,3.0,86.61152091699785,90.11227564667436,-3.5007547296765154,-42,-19,-23,0.08,0.65,-0.5700000000000001
133,65,-81,156,20,-68,39.0,36.0,3.0,89.2785901919753,92.14481356357864,-2.86622337160334,-81,-68,-13,-0.41,0.26,-0.6699999999999999
114,110,-32,158,44,-19,64.0,61.0,3.0,67.90189000805992,73.25298628724975,-5.351096279189832,-32,-19,-13,-0.71,0.34,-1.05
101,89,-38,139,28,-24,50.666666666666664,47.666666666666664,3.0,62.88790733431101,67.98202376772521,-5.0941164334142,-38,-24,-14,-0.69,0.41,-1.0999999999999999
144,80,-34,196,5,-20,63.333333333333336,60.333333333333336,3.0,73.61763073853677,96.47221822311793,-22.85458748458116,-34,-20,-14,-0.33,0.67,-1.0
146,122,-16,184,65,-6,84.0,81.0,3.0,71.386273190299,78.38792424006817,-7.00165104976918,-16,-6,-10,-0.65,0.3,-0.95
154,124,-73,187,69,-60,68.33333333333333,65.33333333333333,3.0,100.68542871515994,100.87065425032638,-0.18522553516643825,-73,-60,-13,-0.66,-0.05,-0.61
131,29,-46,138,2,-35,38.0,35.0,3.0,72.53964433328854,74.38189743927394,-1.8422531059854066,-46,-35,-11,0.18,0.58,-0.39999999999999997
150,75,-191,184,18,-177,11.333333333333334,8.333333333333334,3.0,146.3109322261631,147.53605962234752,-1.2251273961844333,-191,-177,-14,-0.57,-0.1,-0.47
149,71,-58,164,34,-45,54.0,51.0,3.0,85.3580693314932,86.16650548018451,-0.8084361486913139,-58,-45,-13,-0.29,0.29,-0.58
134,102,-117,161,59,-110,39.666666666666664,36.666666666666664,3.0,111.5476978197618,111.75668013839511,-0.20898231863331773,-117,-110,-7,-0.66,-0.29,-0.37000000000000005
168,71,-146,198,17,-131,31.0,28.0,3.0,131.27325190863016,134.53871809507726,-3.2654661864470995,-146,-131,-15,-0.43,0.12,-0.55
136,60,-142,171,8,-134,18.0,15.0,3.0,117.31439241059329,124.61407090159067,-7.29967849099738,-142,-134,-8,-0.49,0.08,-0.57
168,56,-76,190,10,-61,49.333333333333336,46.333333333333336,3.0,99.72406374034749,105.64195294589277,-5.917889205545279,-76,-61,-15,-0.1,0.48,-0.58
151,90,-71,187,35,-61,56.666666666666664,53.666666666666664,3.0,93.64590517238624,102.10234516840879,-8.456439996022553,-71,-61,-10,-0.49,0.27,-0.76
82,81,-51,112,34,-43,37.333333333333336,34.333333333333336,3.0,62.46243315430128,63.27892399703256,-0.8164908427312767,-51,-43,-8,-0.71,0.01,-0.72
139,119,-135,190,40,-116,41.0,38.0,3.0,124.71834935833085,124.93198149393133,-0.2136321356004771,-135,-116,-19,-0.69,-0.02,-0.6699999999999999
132,78,-71,164,11,-45,46.333333333333336,43.333333333333336,3.0,85.84611555309625,88.33396226191196,-2.4878467088157095,-71,-45,-26,-0.5,0.5,-1.0
101,65,-22,123,25,-13,48.0,45.0,3.0,51.633322573702344,57.29456053297439,-5.661237959272043,-22,-13,-9,-0.46,0.48,-0.94
103,87,-110,152,15,-96,26.666666666666668,23.666666666666668,3.0,96.85843048261495,101.43087410755278,-4.572443624937833,-110,-96,-14,-0.69,0.13,-0.82
101,92,-102,157,12,-87,30.333333333333332,27.333333333333332,3.0,93.64590517238625,100.20090928840028,-6.555004116014032,-102,-87,-15,-0.7,0.23,-0.9299999999999999
128,108,-32,188,26,-19,68.0,65.0,3.0,71.18052168020874,88.89319434017432,-17.712672659965577,-32,-19,-13,-0.67,0.57,-1.24
143,100,-72,180,40,-58,57.0,54.0,3.0,92.89061667717932,97.6660978367963,-4.775481159616973,-72,-58,-14,-0.6,0.21,-0.8099999999999999
76,45,-42,100,4,-34,26.333333333333332,23.333333333333332,3.0,49.94886273869395,56.38754787677467,-6.4386851380807215,-42,-34,-8,-0.51,0.47,-0.98
118,87,-79,178,10,-71,42.0,39.0,3.0,86.49084729996964,103.70149468546728,-17.210647385497637,-79,-71,-8,-0.64,0.4,-1.04
114,102,-139,169,24,-125,25.666666666666668,22.666666666666668,3.0,116.53993116333798,120.02870027159709,-3.488769108259106,-139,-125,-14,-0.7,-0.02,-0.6799999999999999
135,106,-29,184,32,-13,70.66666666666667,67.66666666666667,3.0,71.46249987852993,84.28654828750685,-12.824048408976921,-29,-13,-16,-0.62,0.56,-1.1800000000000002
130,54,-17,151,11,-4,55.666666666666664,52.666666666666664,3.0,60.024069246335586,69.80130530457309,-9.777236058237506,-17,-4,-13,0.04,0.68,-0.64
143,93,-169,196,11,-149,22.333333333333332,19.333333333333332,3.0,136.82429933637113,140.96886969193667,-4.144570355565548,-169,-149,-20,-0.64,0.09,-0.73
115,102,-39,154,36,-21,59.333333333333336,56.333333333333336,3.0,69.73441681758649,72.8758457164573,-3.1414288988708137,-39,-21,-18,-0.69,0.4,-1.0899999999999999
154,98,-130,188,42,-117,40.666666666666664,37.666666666666664,3.0,122.82598349788299,124.55342450352602,-1.7274410056430298,-130,-117,-13,-0.6,-0.05,-0.5499999999999999
146,93,-144,182,39,-135,31.666666666666668,28.666666666666668,3.0,126.08550890390042,129.62081451509073,-3.53530561119031,-144,-135,-9,-0.61,-0.12,-0.49
133,100,-26,196,11,-9,69.0,66.0,3.0,68.51277253184256,92.28578799938084,-23.773015467538286,-26,-9,-17,-0.59,0.68,-1.27
110,57,-36,134,3,-15,43.666666666666664,40.666666666666664,3.0,60.34530268012214,66.40448445365385,-6.059181773531712,-36,-15,-21,-0.32,0.67,-0.99
133,90,-106,176,26,-94,39.0,36.0,3.0,104.02243347791219,110.45361017187261,-6.431176693960424,-106,-94,-12,-0.62,0.14,-0.76
118,91,-30,190,1,-21,59.666666666666664,56.666666666666664,3.0,64.35491865860413,94.70773756961759,-30.352818911013458,-30,-21,-9,-0.61,0.68,-1.29
106,86,-126,160,2,-105,22.0,19.0,3.0,104.96983693741106,108.85158091027739,-3.8817439728663317,-126,-105,-21,-0.69,0.23,-0.9199999999999999
156,117,-52,199,18,-5,73.66666666666667,70.66666666666667,3.0,90.27488884266519,91.22986840332987,-0.9549795606646825,-52,-5,-47,-0.61,0.67,-1.28
122,68,-79,150,9,-57,37.0,34.0,3.0,84.9352694703443,86.3365507765975,-1.4012813062532103,-79,-57,-22,-0.5,0.41,-0.9099999999999999
167,56,-81,190,13,-70,47.333333333333336,44.333333333333336,3.0,101.43087410755278,108.43226252161095,-7.0013884140581695,-81,-70,-11,-0.13,0.41,-0.54
113,97,-117,160,27,-103,31.0,28.0,3.0,104.85545606532197,107.37162877905256,-2.516172713730583,-117,-103,-14,-0.69,0.01,-0.7
120,114,-166,198,18,-157,22.666666666666668,19.666666666666668,3.0,133.42996498371554,144.93293468206446,-11.50296969834892,-166,-157,-9,-0.71,0.02,-0.73
158,92,-191,194,35,-179,19.666666666666668,16.666666666666668,3.0,151.38104974607032,152.82742627624867,-1.4463765301783553,-191,-179,-12,-0.61,-0.18,-0.43
120,92,-41,183,4,-25,57.0,54.0,3.0,70.2329457353646,91.98188227399277,-21.748936538628172,-41,-25,-16,-0.62,0.65,-1.27
124,49,-150,154,2,-142,7.666666666666667,4.666666666666667,3.0,115.61526235272265,120.85620473199639,-5.240942379273733,-150,-142,-8,-0.49,0.03,-0.52
104,97,-162,165,14,-149,13.0,10.0,3.0,123.77668062549854,128.2211630998045,-4.444482474305957,-162,-149,-13,-0.71,-0.05,-0.6599999999999999
132,96,-122,181,31,-115,35.333333333333336,32.333333333333336,3.0,112.21804172631462,120.84517183386167,-8.627130107547046,-122,-115,-7,-0.65,0.02,-0.67
122,65,-48,151,12,-33,46.333333333333336,43.333333333333336,3.0,70.6462234580794,78.31701957783861,-7.670796119759203,-48,-33,-15,-0.38,0.54,-0.92
129,43,-44,146,4,-31,42.666666666666664,39.666666666666664,3.0,70.62734755193786,76.53466897789234,-5.907321425954478,-44,-31,-13,-0.01,0.6,-0.61
115,54,-122,140,8,-110,15.666666666666666,12.666666666666666,3.0,100.47995930643195,102.11540312585343,-1.6354438194214822,-122,-110,-12,-0.52,0.07,-0.5900000000000001
124,95,-47,193,7,-37,57.333333333333336,54.333333333333336,3.0,74.71873184743495,99.68394499059961,-24.96521314316466,-47,-37,-10,-0.63,0.61,-1.24
102,90,-17,131,43,-8,58.333333333333336,55.333333333333336,3.0,53.49350947129526,57.41273571449302,-3.9192262431977554,-17,-8,-9,-0.68,0.31,-0.99
143,115,-37,187,41,-16,73.66666666666667,70.66666666666667,3.0,79.08364067379689,85.48814082796645,-6.404500154169554,-37,-16,-21,-0.64,0.48,-1.12
144,101,-14,188,38,-4,77.0,74.0,3.0,66.69832581607028,82.41359111214607,-15.715265296075785,-14,-4,-10,-0.49,0.57,-1.06
143,103,-82,197,25,-67,54.666666666666664,51.666666666666664,3.0,98.00793618659438,109.41460394095276,-11.40666775435838,-82,-67,-15,-0.62,0.35,-0.97
149,43,-148,167,4,-136,14.666666666666666,11.666666666666666,3.0,122.89381143446113,123.81796674509273,-0.9241553106316047,-148,-136,-12,-0.33,0.09,-0.42000000000000004
113,105,-96,178,1,-66,40.666666666666664,37.666666666666664,3.0,96.69309983424647,102.93147666719297,-6.2383768329465,-96,-66,-30,-0.7,0.49,-1.19
153,35,-152,168,1,-142,12.0,9.0,3.0,125.57335173780568,126.68333223698636,-1.1099804991806792,-152,-142,-10,-0.27,0.09,-0.36
141,97,-80,170,46,-67,52.666666666666664,49.666666666666664,3.0,95.51381517293134,96.7895770329751,-1.2757618600437581,-80,-67,-13,-0.6,0.06,-0.6599999999999999
157,113,-130,199,55,-123,46.666666666666664,43.666666666666664,3.0,126.20706090477753,131.6999957816586,-5.4929348768810655,-130,-123,-7,-0.64,-0.13,-0.51
132,122,-34,194,36,-19,73.33333333333333,70.33333333333333,3.0,76.00584772824317,90.28227339233814,-14.276425664094972,-34,-19,-15,-0.7,0.52,-1.22
181,46,-83,196,11,-72,48.0,45.0,3.0,107.78682665335315,112.02083139606967,-4.234004742716522,-83,-72,-11,0.03,0.43,-0.4
132,92,-65,173,33,-56,53.0,50.0,3.0,85.02156589164109,94.25850978382093,-9.236943892179838,-65,-56,-9,-0.59,0.26,-0.85
161,106,-32,193,46,-13,78.33333333333333,75.33333333333333,3.0,81.18428966794554,86.61921778040302,-5.434928112457484,-32,-13,-19,-0.47,0.47,-0.94
131,103,-104,188,28,-95,43.333333333333336,40.333333333333336,3.0,104.80564022142234,115.86294585510167,-11.057305633679334,-104,-95,-9,-0.67,0.16,-0.8300000000000001
171,84,-93,197,41,-85,54.0,51.0,3.0,109.8453458276681,115.34296684236972,-5.497621014701622,-93,-85,-8,-0.39,0.13,-0.52
132,79,-29,178,12,-17,60.666666666666664,57.666666666666664,3.0,66.99419543678559,85.90821975935843,-18.914024322572843,-29,-17,-12,-0.39,0.65,-1.04
99,92,-62,156,11,-47,43.0,40.0,3.0,74.30118886442307,85.37368837450252,-11.072499510079453,-62,-47,-15,-0.7,0.47,-1.17
111,106,-127,164,31,-114,30.0,27.0,3.0,111.03452916397974,113.5282637349249,-2.493734570945165,-127,-114,-13,-0.71,-0.05,-0.6599999999999999
155,118,-97,187,66,-86,58.666666666666664,55.666666666666664,3.0,111.10455536215527,111.69104211569022,-0.586486753534956,-97,-86,-11,-0.65,-0.14,-0.51
121,86,-59,164,21,-46,49.333333333333336,46.333333333333336,3.0,77.9244648504064,87.58361084637289,-9.659145995966497,-59,-46,-13,-0.6,0.41,-1.01
141,69,-52,189,2,-42,52.666666666666664,49.666666666666664,3.0,79.63388446858256,100.14766874748285,-20.51378427890029,-52,-42,-10,-0.3,0.61,-0.9099999999999999
137,70,-72,177,9,-60,45.0,42.0,3.0,87.13590916876157,99.52889027814989,-12.392981109388316,-72,-60,-12,-0.41,0.46,-0.87
145,46,-66,161,5,-50,41.666666666666664,38.666666666666664,3.0,86.19486965913664,89.36939570618618,-3.1745260470495396,-66,-50,-16,-0.08,0.51,-0.59
147,119,-127,190,54,-114,46.333333333333336,43.333333333333336,3.0,123.09707100044619,124.33646108666419,-1.2393900862179947,-127,-114,-13,-0.68,-0.13,-0.55
152,78,-46,192,20,-37,61.333333333333336,58.333333333333336,3.0,81.68775237995528,97.33904092854463,-15.65128854858935,-46,-37,-9,-0.3,0.53,-0.8300000000000001
136,124,-76,183,51,-59,61.333333333333336,58.333333333333336,3.0,97.23282481869084,98.93207546370164,-1.6992506450107925,-76,-59,-17,-0.7,0.11,-0.8099999999999999
150,126,-29,176,84,-22,82.33333333333333,79.33333333333333,3.0,79.33193276074618,80.90048756891943,-1.5685548081732463,-29,-22,-7,-0.66,-0.09,-0.5700000000000001
109,32,-84,120,3,-75,19.0,16.0,3.0,79.32633022311487,80.1373820385967,-0.8110518154818323,-84,-75,-9,-0.24,0.24,-0.48
149,87,-101,194,24,-92,45.0,42.0,3.0,106.29518646988049,117.45069887687627,-11.155512406995783,-101,-92,-9,-0.53,0.23,-0.76
141,58,-51,160,12,-33,49.333333333333336,46.333333333333336,3.0,78.62286916384797,82.44728955857526,-3.824420394727298,-51,-33,-18,-0.16,0.55,-0.7100000000000001
120,102,-133,189,17,-126,29.666666666666668,26.666666666666668,3.0,115.25720030532679,128.77974305853473,-13.522542753207944,-133,-126,-7,-0.69,0.11,-0.7999999999999999
136,90,-92,191,6,-72,44.666666666666664,41.666666666666664,3.0,98.44569851220294,110.29153286731591,-11.84583435511297,-92,-72,-20,-0.59,0.45,-1.04
114,104,-44,173,13,-21,58.0,55.0,3.0,72.24033960791344,84.58526270377521,-12.344923095861773,-44,-21,-23,-0.7,0.62,-1.3199999999999998
113,86,-78,142,37,-67,40.333333333333336,37.333333333333336,3.0,84.3972090112516,85.32421826317673,-0.9270092519251278,-78,-67,-11,-0.65,0.01,-0.66
119,71,-73,157,9,-58,39.0,36.0,3.0,81.58431221748455,89.82575725629407,-8.241445038809516,-73,-58,-15,-0.53,0.42,-0.95
157,49,-39,166,15,-23,55.666666666666664,52.666666666666664,3.0,80.15540461434206,81.6265207447242,-1.4711161303821427,-39,-23,-16,0.12,0.59,-0.47
132,94,-137,181,27,-128,29.666666666666668,26.666666666666668,3.0,118.86780706127102,126.1489419517879,-7.281134890516881,-137,-128,-9,-0.65,-0.0,-0.65
151,107,-93,196,21,-61,55.0,52.0,3.0,106.18223329101092,107.18519798305485,-1.002964692043932,-93,-61,-32,-0.62,0.41,-1.03
178,53,-17,182,30,-7,71.33333333333333,68.33333333333333,3.0,80.65702421708573,81.78155184528,-1.1245276281942722,-17,-7,-10,0.33,0.6,-0.26999999999999996
117,106,-127,173,21,-107,32.0,29.0,3.0,112.51962791738455,114.44940658066632,-1.9297786632817662,-127,-107,-20,-0.7,0.1,-0.7999999999999999
156,51,-96,170,19,-87,37.0,34.0,3.0,103.3537614216338,105.4545715778442,-2.1008101562104002,-96,-87,-9,-0.2,0.21,-0.41000000000000003
126,82,-69,180,6,-56,46.333333333333336,43.333333333333336,3.0,83.50781733200525,99.8977254773879,-16.38990814538265,-69,-56,-13,-0.56,0.51,-1.07
122,110,-62,175,5,-19,56.666666666666664,53.666666666666664,3.0,84.05289339986392,86.35327954912243,-2.3003861492585145,-62,-19,-43,-0.7,0.67,-1.37
148,66,-38,174,13,-20,58.666666666666664,55.666666666666664,3.0,76.11103000806709,84.75192557628934,-8.640895568222248,-38,-20,-18,-0.14,0.63,-0.77
165,85,-72,198,1,-30,59.333333333333336,56.333333333333336,3.0,98.44231249259074,100.96974244242128,-2.527429949830534,-72,-30,-42,-0.37,0.66,-1.03
136,67,-167,178,7,-158,12.0,9.0,3.0,129.6688088940436,137.17871555019022,-7.509906656146626,-167,-158,-9,-0.56,0.02,-0.5800000000000001
175,38,-55,188,5,-53,52.666666666666664,46.666666666666664,6.0,94.46810161224911,102.7045384694475,-8.236436857198385,-55,-53,-2,0.23,0.54,-0.31000000000000005
121,116,-85,174,17,-57,50.666666666666664,44.666666666666664,6.0,95.95253456208903,96.3131466738691,-0.36061211178007113,-85,-57,-28,-0.71,0.41,-1.1199999999999999
94,89,-111,146,11,-103,24.0,18.0,6.0,95.48123724935002,101.7742600071354,-6.29302275778538,-111,-103,-8,-0.71,0.1,-0.8099999999999999
116,109,-141,189,16,-139,28.0,22.0,6.0,119.5352109910158,133.97263402152944,-14.437423030513642,-141,-139,-2,-0.71,0.07,-0.78
141,114,-40,174,56,-33,71.66666666666667,65.66666666666667,6.0,79.72591938775132,84.78338411635985,-5.057464728608537,-40,-33,-7,-0.65,0.17,-0.8200000000000001
117,74,-63,143,9,-42,42.666666666666664,36.666666666666664,6.0,76.75212628252645,78.0185163207356,-1.2663900382091526,-63,-42,-21,-0.54,0.49,-1.03
182,70,-66,193,28,-53,62.0,56.0,6.0,101.40348448976823,102.36210236215355,-0.958617872385318,-66,-53,-13,-0.12,0.39,-0.51
172,78,-65,199,24,-56,61.666666666666664,55.666666666666664,6.0,97.44172047377288,106.48421896642192,-9.042498492649045,-65,-56,-9,-0.25,0.42,-0.6699999999999999
118,99,-16,170,19,-6,67.0,61.0,6.0,59.200225224796796,77.74745440634483,-18.547229181548033,-16,-6,-10,-0.65,0.65,-1.3
144,58,-111,168,8,-103,30.333333333333332,24.333333333333332,6.0,105.92555037488465,111.23648482200232,-5.310934447117674,-111,-103,-8,-0.37,0.22,-0.59
128,116,-32,170,50,-26,70.66666666666667,64.66666666666667,6.0,72.76140613142535,80.68594810883876,-7.924541977413412,-32,-26,-6,-0.69,0.27,-0.96
156,104,-86,181,54,-79,58.0,52.0,6.0,104.01281972269892,106.15397621694001,-2.1411564942410877,-86,-79,-7,-0.58,-0.03,-0.5499999999999999
113,97,-52,159,28,-47,52.666666666666664,46.666666666666664,6.0,74.29819797425925,85.12866079581475,-10.8304628215555,-52,-47,-5,-0.68,0.32,-1.0
138,62,-108,159,16,-101,30.666666666666668,24.666666666666668,6.0,102.84400268799776,106.32131593533926,-3.477313247341499,-108,-101,-7,-0.43,0.12,-0.55
175,67,-105,188,27,-96,45.666666666666664,39.666666666666664,6.0,115.30057338201844,116.28795676633453,-0.9873833843160895,-105,-96,-9,-0.27,0.16,-0.43000000000000005
158,113,-175,198,44,-164,32.0,26.0,6.0,147.51949023773096,148.33295880102528,-0.8134685632943217,-175,-164,-11,-0.66,-0.18,-0.48000000000000004
125,85,-89,156,35,-88,40.333333333333336,34.333333333333336,6.0,92.89898934984288,99.61369829942511,-6.714708949582231,-89,-88,-1,-0.61,-0.01,-0.6
101,97,-110,169,3,-102,29.333333333333332,23.333333333333332,6.0,98.5370770601379,111.56562592881774,-13.028548868679835,-110,-102,-8,-0.71,0.27,-0.98
133,102,-37,192,17,-29,66.0,60.0,6.0,73.92338376093635,95.2085430340506,-21.28515927311426,-37,-29,-8,-0.61,0.59,-1.2
144,97,-109,191,3,-80,44.0,38.0,6.0,109.87568733194193,113.36960203981782,-3.493914707875888,-109,-80,-29,-0.61,0.43,-1.04
121,91,-186,175,15,-182,8.666666666666666,2.6666666666666665,6.0,138.19390563825726,146.0053271478666,-7.811421509609346,-186,-182,-4,-0.68,-0.13,-0.55
162,89,-91,191,38,-87,53.333333333333336,47.333333333333336,6.0,106.32131593533923,113.68474929480304,-7.363433359463812,-91,-87,-4,-0.47,0.12,-0.59
120,77,-81,160,18,-80,38.666666666666664,32.666666666666664,6.0,86.41887653876451,98.5269280732712,-12.108051534506686,-81,-80,-1,-0.58,0.22,-0.7999999999999999
121,103,-45,173,31,-43,59.666666666666664,53.666666666666664,6.0,74.37442810237638,89.62638500402038,-15.251956901643993,-45,-43,-2,-0.68,0.36,-1.04
114,108,-41,159,34,-30,60.333333333333336,54.333333333333336,6.0,71.69534309996865,78.48708315526972,-6.791740055301062,-41,-30,-11,-0.7,0.37,-1.0699999999999998
144,130,-123,192,54,-113,50.333333333333336,44.333333333333336,6.0,122.69836546950775,124.70320320219882,-2.0048377326910725,-123,-113,-10,-0.7,-0.12,-0.58
113,110,-53,169,6,-23,56.666666666666664,50.666666666666664,6.0,77.55571474036512,84.50772482770765,-6.952010087342529,-53,-23,-30,-0.71,0.65,-1.3599999999999999
142,65,-71,148,38,-68,45.333333333333336,39.333333333333336,6.0,88.06184695365462,88.1866706985182,-0.12482374486357628,-71,-68,-3,-0.32,0.02,-0.34
153,95,-92,197,26,-85,52.0,46.0,6.0,104.54026337572843,115.99137898999219,-11.451115614263756,-92,-85,-7,-0.55,0.25,-0.8
144,79,-42,172,7,-16,60.333333333333336,54.333333333333336,6.0,77.07283712321886,83.73105092430697,-6.65821380108811,-42,-16,-26,-0.35,0.67,-1.02
139,105,-55,175,39,-43,63.0,57.0,6.0,84.58526270377521,89.90365213197218,-5.318389428196966,-55,-43,-12,-0.62,0.29,-0.9099999999999999
130,63,-61,138,36,-60,44.0,38.0,6.0,79.1243746684084,80.84553172563095,-1.7211570572225554,-61,-60,-1,-0.35,0.04,-0.38999999999999996
107,100,-119,171,5,-106,29.333333333333332,23.333333333333332,6.0,104.92642925190754,113.82540235914925,-8.898973107241716,-119,-106,-13,-0.7,0.24,-0.94
152,125,-61,173,84,-59,72.0,66.0,6.0,94.68896451012652,95.56498661469412,-0.8760221045675962,-61,-59,-2,-0.66,-0.28,-0.38
138,91,-98,179,31,-97,43.666666666666664,37.666666666666664,6.0,101.99455323147843,112.77509575354935,-10.780542522070917,-98,-97,-1,-0.6,0.09,-0.69
96,50,-31,110,15,-28,38.333333333333336,32.333333333333336,6.0,52.49973544906891,57.65606839025899,-5.15633294119008,-31,-28,-3,-0.32,0.42,-0.74
146,137,-63,197,41,-36,73.33333333333333,67.33333333333333,6.0,96.47221822311793,96.92723502137514,-0.45501679825720487,-63,-36,-27,-0.7,0.39,-1.0899999999999999
124,102,-52,162,18,-24,58.0,52.0,6.0,78.29857384822962,79.64923100695951,-1.350657158729888,-52,-24,-28,-0.67,0.56,-1.23
137,135,-22,189,50,-7,83.33333333333333,77.33333333333333,6.0,74.48638950991128,82.3178123022121,-7.8314227923008275,-22,-7,-15,-0.71,0.46,-1.17
139,73,-63,175,4,-48,49.666666666666664,43.666666666666664,6.0,84.10046901705654,95.26221123241308,-11.16174221535654,-63,-48,-15,-0.39,0.55,-0.9400000000000001
135,80,-145,157,35,-140,23.333333333333332,17.333333333333332,6.0,121.1289487373775,121.89157294725322,-0.7626242098757245,-145,-140,-5,-0.6,-0.21,-0.39
147,126,-149,187,67,-148,41.333333333333336,35.333333333333336,6.0,134.85877386691934,138.58411003991606,-3.7253361729967196,-149,-148,-1,-0.69,-0.33,-0.35999999999999993
149,126,-93,197,52,-85,60.666666666666664,54.666666666666664,6.0,109.06369189097208,115.1414588910335,-6.077767000061414,-93,-85,-8,-0.68,0.03,-0.7100000000000001
168,107,-51,188,62,-44,74.66666666666667,68.66666666666667,6.0,92.28337998915201,94.83084355255356,-2.54746356340155,-51,-44,-7,-0.48,0.11,-0.59
162,81,-54,198,15,-42,63.0,57.0,6.0,89.09545442950498,102.38163897887159,-13.28618454936661,-54,-42,-12,-0.29,0.55,-0.8400000000000001
144,141,-68,179,83,-63,72.33333333333333,66.33333333333333,6.0,99.23820948718402,99.49651026822778,-0.25830078104375787,-68,-63,-5,-0.71,-0.25,-0.45999999999999996
143,71,-168,183,5,-160,15.333333333333334,9.333333333333334,6.0,132.92688048530877,140.06268437937194,-7.135803894063173,-168,-160,-8,-0.55,0.05,-0.6000000000000001
116,103,-7,143,57,-6,70.66666666666667,64.66666666666667,6.0,55.174470747096635,61.07008724044494,-5.895616493348307,-7,-6,-1,-0.68,0.19,-0.8700000000000001
99,73,-139,129,19,-133,11.0,5.0,6.0,106.59580979882215,107.41818592150338,-0.8223761226812343,-139,-133,-6,-0.68,-0.19,-0.49000000000000005
136,89,-69,174,1,-37,52.0,46.0,6.0,87.68504243408147,91.82955225125878,-4.144509817177308,-69,-37,-32,-0.56,0.62,-1.1800000000000002
143,114,-87,186,35,-69,56.666666666666664,50.666666666666664,6.0,102.27522780332598,104.69107995537263,-2.4158521520466536,-87,-69,-18,-0.66,0.22,-0.88
130,82,-98,172,14,-90,38.0,32.0,6.0,98.14275317108238,107.71567512050726,-9.572921949424881,-98,-90,-8,-0.58,0.25,-0.83
109,67,-93,149,1,-85,27.666666666666668,21.666666666666668,6.0,87.03000759635852,96.6413760019773,-9.61136840561879,-93,-85,-8,-0.59,0.31,-0.8999999999999999
147,84,-49,174,9,-19,60.666666666666664,54.666666666666664,6.0,81.69999320005411,85.1521514049345,-3.4521582048803907,-49,-19,-30,-0.41,0.65,-1.06
113,88,-125,158,19,-119,25.333333333333332,19.333333333333332,6.0,106.79055305701074,113.08502209498047,-6.2944690379697334,-125,-119,-6,-0.68,0.0,-0.68
123,111,-195,185,24,-188,13.0,7.0,6.0,147.15977711317723,152.75034097070508,-5.5905638575278545,-195,-188,-7,-0.7,-0.17,-0.5299999999999999
121,105,-159,178,16,-145,22.333333333333332,16.333333333333332,6.0,128.38829991691438,131.86440847409213,-3.476108557177753,-159,-145,-14,-0.7,0.0,-0.7
139,63,-24,155,15,-10,59.333333333333336,53.333333333333336,6.0,66.59496143770104,72.61006970263988,-6.015108264938831,-24,-10,-14,-0.08,0.64,-0.72
120,70,-27,143,16,-14,54.333333333333336,48.333333333333336,6.0,61.02640594220032,68.05063474273321,-7.024228800532889,-27,-14,-13,-0.37,0.61,-0.98
146,123,-153,193,50,-145,38.666666666666664,32.666666666666664,6.0,135.85367945779836,138.5311838139301,-2.677504356131749,-153,-145,-8,-0.69,-0.19,-0.49999999999999994
142,98,-148,193,4,-123,30.666666666666668,24.666666666666668,6.0,127.60703568203265,129.83151474977953,-2.224479067746884,-148,-123,-25,-0.64,0.23,-0.87
153,47,-22,172,5,-17,59.333333333333336,53.333333333333336,6.0,71.97376065082484,84.38930948618761,-12.41554883536277,-22,-17,-5,0.25,0.67,-0.42000000000000004
173,29,-154,177,5,-152,16.0,10.0,6.0,133.81330277666717,134.3602123646233,-0.5469095879561223,-154,-152,-2,-0.14,0.06,-0.2
128,95,-40,171,14,-20,61.0,55.0,6.0,72.6773692424265,83.19054433447751,-10.513175092051014,-40,-20,-20,-0.6,0.62,-1.22
146,43,-147,155,13,-144,14.0,8.0,6.0,121.3617182915052,122.11742982337397,-0.7557115318687693,-147,-144,-3,-0.34,-0.06,-0.28
181,133,-69,199,93,-65,81.66666666666667,75.66666666666667,6.0,108.3246150338058,108.47221866552847,-0.14760363172267432,-69,-65,-4,-0.6,-0.24,-0.36
130,105,-97,182,19,-81,46.0,40.0,6.0,101.63004805010507,108.39126656085658,-6.761218510751505,-97,-81,-16,-0.68,0.28,-0.9600000000000001
117,92,-25,164,20,-18,61.333333333333336,55.333333333333336,6.0,61.8941749188798,78.38934167913956,-16.495166760259764,-25,-18,-7,-0.62,0.58,-1.2
110,62,-104,137,2,-89,22.666666666666668,16.666666666666668,6.0,91.68545262047967,92.84515185092984,-1.1596992304501725,-104,-89,-15,-0.56,0.23,-0.79
170,72,-137,195,27,-135,35.0,29.0,6.0,128.03384969087926,134.72935834479432,-6.695508653915056,-137,-135,-2,-0.41,0.02,-0.43
153,50,-73,172,5,-65,43.333333333333336,37.333333333333336,6.0,92.38446237809087,99.41942577898055,-7.03496340088968,-73,-65,-8,-0.11,0.45,-0.56
185,66,-97,195,36,-95,51.333333333333336,45.333333333333336,6.0,115.59219504601319,118.57580791300654,-2.9836128669933544,-97,-95,-2,-0.19,0.12,-0.31
167,87,-37,193,31,-25,72.33333333333333,66.33333333333333,6.0,83.92589323656648,92.43856818930553,-8.512674952739047,-37,-25,-12,-0.26,0.52,-0.78
150,85,-15,199,8,-5,73.33333333333333,67.33333333333333,6.0,67.86424357167444,93.2535373174778,-25.389293745803357,-15,-5,-10,-0.25,0.7,-0.95
157,122,-30,198,54,-21,83.0,77.0,6.0,81.1706022317604,90.87353850269065,-9.702936270930252,-30,-21,-9,-0.61,0.36,-0.97
127,120,-78,191,32,-72,56.333333333333336,50.333333333333336,6.0,95.03098909770901,108.14907407011037,-13.118084972401363,-78,-72,-6,-0.7,0.25,-0.95
189,124,-67,198,96,-66,82.0,76.0,6.0,108.64928286310345,108.70142593360954,-0.052143070506090794,-67,-66,-1,-0.52,-0.27,-0.25
147,66,-84,170,5,-64,43.0,37.0,6.0,95.69743988216194,98.17331613019904,-2.475876248037096,-84,-64,-20,-0.35,0.45,-0.8
130,120,-65,184,47,-64,61.666666666666664,55.666666666666664,6.0,89.6598510420851,101.43087410755278,-11.771023065467688,-65,-64,-1,-0.7,0.13,-0.83
146,130,-147,188,66,-143,43.0,37.0,6.0,134.5089835909359,136.67723536370886,-2.1682517727729476,-147,-143,-4,-0.7,-0.31,-0.38999999999999996
148,66,-136,180,8,-128,26.0,20.0,6.0,119.34264395708126,126.02645224978234,-6.683808292701073,-136,-128,-8,-0.47,0.14,-0.61
178,134,-17,191,101,-15,98.33333333333333,92.33333333333333,6.0,83.50781733200525,84.32213364367757,-0.8143163116723287,-17,-15,-2,-0.56,-0.15,-0.41000000000000003
144,72,-59,158,31,-50,52.333333333333336,46.333333333333336,6.0,84.0330622764371,85.605036196606,-1.571973920168901,-59,-50,-9,-0.34,0.26,-0.6000000000000001
109,90,-31,172,4,-26,56.0,50.0,6.0,62.005376111000785,87.13208364316786,-25.126707532167075,-31,-26,-5,-0.66,0.64,-1.3
100,74,-44,113,42,-43,43.333333333333336,37.333333333333336,6.0,62.659574066715635,63.77216390313951,-1.1125898364238722,-44,-43,-1,-0.62,-0.11,-0.51
106,46,-107,121,10,-104,15.0,9.0,6.0,89.67719888578144,91.85858696931932,-2.1813880835378825,-107,-104,-3,-0.48,-0.02,-0.45999999999999996
128,74,-48,138,45,-47,51.333333333333336,45.333333333333336,6.0,73.61763073853677,75.5263015261718,-1.9086707876350317,-48,-47,-1,-0.43,0.01,-0.44
111,107,-93,162,32,-87,41.666666666666664,35.666666666666664,6.0,95.23771428495238,101.68688323585408,-6.449168950901708,-93,-87,-6,-0.71,0.05,-0.76
140,112,-30,182,43,-21,74.0,68.0,6.0,74.4222189044822,84.73881440441957,-10.316595499937378,-30,-21,-9,-0.63,0.42,-1.05
172,81,-136,193,32,-126,39.0,33.0,6.0,129.2001031991332,130.23312430663202,-1.0330211074988256,-136,-126,-10,-0.45,0.01,-0.46
136,116,-65,187,17,-35,62.333333333333336,56.333333333333336,6.0,90.4077184512227,94.80271913587477,-4.395000684652061,-65,-35,-30,-0.68,0.55,-1.23
109,105,-136,167,19,-126,26.0,20.0,6.0,114.56293757872423,119.61883909596627,-5.0559015172420345,-136,-126,-10,-0.71,0.01,-0.72
111,108,-138,170,11,-118,27.0,21.0,6.0,116.67904696216884,117.7879450538127,-1.1088980916438658,-138,-118,-20,-0.71,0.13,-0.84
124,82,-29,177,2,-20,59.0,53.0,6.0,64.5445582524197,88.14004008773009,-23.59548183531038,-29,-20,-9,-0.49,0.67,-1.1600000000000001
150,59,-63,166,8,-46,48.666666666666664,42.666666666666664,6.0,87.26333072309862,89.95307418624199,-2.6897434631433725,-63,-46,-17,-0.18,0.52,-0.7
123,120,-21,181,31,-8,74.0,68.0,6.0,67.1863081289633,81.47392220827471,-14.28761407931141,-21,-8,-13,-0.71,0.59,-1.2999999999999998
103,97,-120,157,23,-118,26.666666666666668,20.666666666666668,6.0,103.73791763649179,112.28040296012875,-8.542485323636967,-120,-118,-2,-0.71,-0.03,-0.6799999999999999
113,76,-48,127,40,-44,47.0,41.0,6.0,68.85249934945475,69.81403870282824,-0.9615393533734959,-48,-44,-4,-0.56,0.02,-0.5800000000000001
147,108,-80,196,1,-40,58.333333333333336,52.333333333333336,6.0,99.1037615610808,102.95738061072757,-3.853619049646767,-80,-40,-40,-0.63,0.62,-1.25
103,78,-11,130,32,-10,56.666666666666664,50.666666666666664,6.0,48.923977307201376,58.6590904198905,-9.73511311268912,-11,-10,-1,-0.57,0.45,-1.02
151,140,-57,196,49,-38,78.0,69.0,9.0,95.56498661469412,96.57121724406295,-1.0062306293688295,-57,-38,-19,-0.7,0.3,-1.0
124,104,-51,168,24,-42,59.0,50.0,9.0,78.20912137766712,87.68124086713189,-9.472119489464774,-51,-42,-9,-0.67,0.42,-1.09
162,76,-111,195,15,-110,42.333333333333336,33.333333333333336,9.0,113.96588183409202,125.18874638809282,-11.222864554000807,-111,-110,-1,-0.42,0.22,-0.64
100,98,-54,146,20,-49,48.0,39.0,9.0,72.1295131459146,80.73413156775763,-8.604618421843028,-54,-49,-5,-0.71,0.34,-1.05
175,92,-110,190,48,-108,52.333333333333336,43.333333333333336,9.0,119.68384277847292,121.70273437994545,-2.018891601472532,-110,-108,-2,-0.46,-0.06,-0.4
146,95,-83,188,23,-80,52.666666666666664,43.666666666666664,9.0,98.16426143063585,110.38216442080768,-12.217902990171837,-83,-80,-3,-0.57,0.27,-0.84
145,95,-73,183,5,-48,55.666666666666664,46.666666666666664,9.0,93.24281324703917,98.80058479359094,-5.557771546551777,-73,-48,-25,-0.56,0.56,-1.12
144,74,-75,162,20,-66,47.666666666666664,38.666666666666664,9.0,91.32481712120875,94.01181958787002,-2.6870024666612693,-75,-66,-9,-0.41,0.29,-0.7
153,72,-68,164,26,-60,52.333333333333336,43.333333333333336,9.0,91.28831007065229,92.26531790921705,-0.9770078385647594,-68,-60,-8,-0.31,0.28,-0.5900000000000001
136,93,-51,163,34,-46,59.333333333333336,50.333333333333336,9.0,79.96804917521052,86.10200668715889,-6.133957511948367,-51,-46,-5,-0.56,0.28,-0.8400000000000001
105,51,-28,113,7,-19,42.666666666666664,33.666666666666664,9.0,54.61583002105606,57.09251750935105,-2.476687488294985,-28,-19,-9,-0.23,0.6,-0.83
108,107,-127,173,4,-116,29.333333333333332,20.333333333333332,9.0,110.54511396810908,118.54769316842719,-8.00257920031811,-127,-116,-11,-0.71,0.2,-0.9099999999999999
186,62,-18,197,12,-6,76.66666666666667,67.66666666666667,9.0,83.92589323656648,91.74723731838225,-7.8213440818157665,-18,-6,-12,0.26,0.69,-0.42999999999999994
123,89,-174,167,16,-172,12.666666666666666,3.6666666666666665,9.0,132.7210943629116,138.67067301904737,-5.94957865613577,-174,-172,-2,-0.67,-0.13,-0.54
148,123,-30,184,59,-29,80.33333333333333,71.33333333333333,9.0,78.68220185587646,87.3931093139245,-8.710907458048041,-30,-29,-1,-0.65,0.21,-0.86
170,102,-87,196,35,-73,61.666666666666664,52.666666666666664,9.0,108.72697712874921,110.52702032635379,-1.8000431976045803,-87,-73,-14,-0.51,0.24,-0.75
145,70,-66,162,25,-65,49.666666666666664,40.666666666666664,9.0,87.33206105943503,93.33214284955044,-6.000081790115402,-66,-65,-1,-0.34,0.25,-0.5900000000000001
122,116,-121,178,32,-120,39.0,30.0,9.0,113.16359838746733,121.66621004480524,-8.502611657337908,-121,-120,-1,-0.71,-0.02,-0.69
167,111,-46,198,43,-36,77.33333333333333,68.33333333333333,9.0,90.15665378784986,97.19510732999316,-7.038453542143301,-46,-36,-10,-0.51,0.37,-0.88
150,84,-83,173,25,-74,50.333333333333336,41.333333333333336,9.0,98.05553981743657,101.49657903375638,-3.4410392163198082,-83,-74,-9,-0.47,0.24,-0.71
151,107,-23,193,27,-12,78.33333333333333,69.33333333333333,9.0,73.87075800943761,88.88319426203259,-15.01243625259498,-23,-12,-11,-0.52,0.61,-1.13
149,63,-31,166,11,-23,60.333333333333336,51.333333333333336,9.0,73.5088807937895,82.26110191876163,-8.752221124972124,-31,-23,-8,-0.05,0.62,-0.67
122,119,-13,190,20,-9,76.0,67.0,9.0,62.94441992742486,87.7762306474063,-24.831810719981434,-13,-9,-4,-0.71,0.65,-1.3599999999999999
139,84,-44,175,16,-39,59.666666666666664,50.666666666666664,9.0,76.66521737760583,90.73894178110938,-14.073724403503547,-44,-39,-5,-0.44,0.52,-0.96
130,117,-28,176,38,-22,73.0,64.0,9.0,71.6147098483731,82.89752710425083,-11.282817255877731,-28,-22,-6,-0.69,0.44,-1.13
167,62,-8,174,26,-6,73.66666666666667,64.66666666666667,9.0,71.91816336797139,78.4063489492755,-6.4881855813041085,-8,-6,-2,0.24,0.62,-0.38
156,100,-88,182,37,-78,56.0,47.0,9.0,104.35835695653064,106.37982264821964,-2.021465691689002,-88,-78,-10,-0.56,0.14,-0.7000000000000001
110,105,-67,157,26,-62,49.333333333333336,40.333333333333336,9.0,82.28541115464448,89.979009897988,-7.693598743343529,-67,-62,-5,-0.71,0.23,-0.94
141,53,-66,147,18,-64,42.666666666666664,33.666666666666664,9.0,84.82269088450853,86.84980649885692,-2.0271156143483893,-66,-64,-2,-0.18,0.26,-0.44
160,71,-53,176,11,-36,59.333333333333336,50.333333333333336,9.0,87.3473271231327,90.90776766713734,-3.560440544004635,-53,-36,-17,-0.2,0.57,-0.77
120,107,-35,159,11,-5,64.0,55.0,9.0,70.20446329590924,73.82863039950469,-3.624167103595454,-35,-5,-30,-0.69,0.68,-1.37
163,95,-36,190,34,-29,74.0,65.0,9.0,82.5873275186131,92.05433178292046,-9.467004264307363,-36,-29,-7,-0.36,0.47,-0.83
166,85,-38,195,12,-21,71.0,62.0,9.0,83.86894538504703,95.00526301210897,-11.136317627061942,-38,-21,-17,-0.25,0.64,-0.89
132,114,-121,182,19,-103,41.666666666666664,32.666666666666664,9.0,115.2572003053268,116.75139780271965,-1.4941974973928467,-121,-103,-18,-0.69,0.17,-0.86
159,117,-126,182,65,-124,50.0,41.0,9.0,125.62643034011593,126.07140833670417,-0.44497799658823567,-126,-124,-2,-0.65,-0.28,-0.37
116,101,-49,156,15,-30,56.0,47.0,9.0,74.4983221287567,79.23383115816122,-4.7355090294045254,-49,-30,-19,-0.69,0.54,-1.23
144,120,-57,182,49,-51,69.0,60.0,9.0,89.63258336118624,95.43933500746255,-5.806751646276311,-57,-51,-6,-0.67,0.17,-0.8400000000000001
150,89,-51,173,19,-31,62.666666666666664,53.666666666666664,9.0,84.14405636895705,86.81525723563163,-2.6712008666745817,-51,-31,-20,-0.44,0.54,-0.98
143,107,-61,186,36,-60,63.0,54.0,9.0,88.90444308357148,101.23240587875011,-12.327962795178635,-61,-60,-1,-0.62,0.26,-0.88
147,78,-39,179,5,-25,62.0,53.0,9.0,76.77239087067694,89.93330862366847,-13.160917752991523,-39,-25,-14,-0.3,0.65,-0.95
139,73,-46,172,11,-44,55.333333333333336,46.333333333333336,9.0,76.5520882943256,91.65272621271133,-15.100637918385729,-46,-44,-2,-0.33,0.52,-0.8500000000000001
139,104,-65,190,4,-43,59.333333333333336,50.333333333333336,9.0,89.07050889916121,100.60594194954668,-11.535433050385464,-65,-43,-22,-0.63,0.59,-1.22
132,100,-142,174,22,-133,30.0,21.0,9.0,122.3219794912863,125.3342198550207,-3.0122403637344064,-142,-133,-9,-0.67,-0.01,-0.66
145,86,-185,186,9,-176,15.333333333333334,6.333333333333333,9.0,143.69025328423945,147.79791007393246,-4.10765678969301,-185,-176,-9,-0.62,-0.03,-0.59
143,69,-53,174,1,-43,53.0,44.0,9.0,80.81254028099022,93.66251473597464,-12.84997445498442,-53,-43,-10,-0.29,0.59,-0.8799999999999999
143,104,-68,191,5,-44,59.666666666666664,50.666666666666664,9.0,91.66727272526923,101.22691780790765,-9.559645082638426,-68,-44,-24,-0.61,0.58,-1.19
102,95,-43,152,16,-41,51.333333333333336,42.333333333333336,9.0,66.76492758593808,80.962268303753,-14.197340717814924,-43,-41,-2,-0.7,0.45,-1.15
153,126,-54,186,55,-43,75.0,66.0,9.0,91.88035698668132,93.81186847444552,-1.9315114877641975,-54,-43,-11,-0.66,0.17,-0.8300000000000001
151,80,-88,185,12,-81,47.666666666666664,38.666666666666664,9.0,100.21421500410453,110.21897396647378,-10.004758962369252,-88,-81,-7,-0.45,0.35,-0.8
128,93,-176,172,13,-167,15.0,6.0,9.0,135.81114338178097,138.4846561897743,-2.6735128079933475,-176,-167,-9,-0.67,-0.08,-0.5900000000000001
139,102,-51,185,4,-26,63.333333333333336,54.333333333333336,9.0,82.24489176977633,93.20348109855601,-10.95858932877968,-51,-26,-25,-0.6,0.65,-1.25
129,108,-27,170,14,-1,70.0,61.0,9.0,69.12307863514182,77.31752712031083,-8.194448485169005,-27,-1,-26,-0.66,0.69,-1.35
164,99,-28,187,24,-3,78.33333333333333,69.33333333333333,9.0,79.73428093082394,83.92986490053599,-4.195583969712047,-28,-3,-25,-0.37,0.65,-1.02
174,56,-73,182,10,-62,52.333333333333336,43.333333333333336,9.0,100.87065425032638,102.36318782756925,-1.4925335772428667,-73,-62,-11,-0.05,0.45,-0.5
161,55,-62,170,18,-61,51.333333333333336,42.333333333333336,9.0,91.07628060526456,95.86216957463228,-4.7858889693677185,-62,-61,-1,-0.06,0.36,-0.42
174,90,-86,199,28,-76,59.333333333333336,50.333333333333336,9.0,108.33692301745002,113.37352228609446,-5.036599268644437,-86,-76,-10,-0.4,0.29,-0.69
150,109,-8,165,62,-3,83.66666666666667,74.66666666666667,9.0,66.94442139234273,69.1680722748742,-2.223650882531473,-8,-3,-5,-0.51,0.27,-0.78
161,101,-61,199,13,-38,67.0,58.0,9.0,93.76566535784833,101.85283501208987,-8.087169654241535,-61,-38,-23,-0.5,0.58,-1.08
143,108,-179,183,40,-178,24.0,15.0,9.0,144.2520941500215,148.43404820547968,-4.181954055458192,-179,-178,-1,-0.68,-0.25,-0.43000000000000005
168,98,-97,194,31,-83,56.333333333333336,47.333333333333336,9.0,112.12592127702773,113.67302035028169,-1.5470990732539605,-97,-83,-14,-0.51,0.21,-0.72
192,51,-67,195,14,-60,58.666666666666664,49.666666666666664,9.0,105.87518857388429,107.11468412666657,-1.2394955527822873,-67,-60,-7,0.11,0.46,-0.35000000000000003
175,132,-39,193,85,-37,89.33333333333333,80.33333333333333,9.0,92.42774956088073,93.95507200548332,-1.5273224446025893,-39,-37,-2,-0.59,-0.07,-0.52
168,82,-30,181,37,-25,73.33333333333333,64.33333333333333,9.0,81.0651315644128,86.29149565410384,-5.226364089691046,-30,-25,-5,-0.16,0.44,-0.6
179,106,-15,192,64,-13,90.0,81.0,9.0,80.00416655816538,84.54978809356453,-4.54562153539915,-15,-13,-2,-0.29,0.29,-0.58
142,88,-53,186,15,-51,59.0,50.0,9.0,82.20705565825844,99.86991538997117,-17.66285973171273,-53,-51,-2,-0.49,0.48,-0.97
139,131,-85,199,18,-59,61.666666666666664,52.666666666666664,9.0,103.76040777783317,108.14290956363662,-4.382501785803456,-85,-59,-26,-0.7,0.45,-1.15
147,105,-8,159,60,-2,81.33333333333333,72.33333333333333,9.0,65.45397025560956,66.30401362076222,-0.8500433651526578,-8,-2,-6,-0.5,0.27,-0.77
121,118,-156,191,18,-153,27.666666666666668,18.666666666666668,9.0,129.877720268806,140.43820309619775,-10.560482827391752,-156,-153,-3,-0.71,0.01,-0.72
149,96,-8,174,42,-6,79.0,70.0,9.0,65.21247324451564,76.10519036176179,-10.89271711724615,-8,-6,-2,-0.37,0.5,-0.87
116,80,-103,148,11,-93,31.0,22.0,9.0,95.88534820294495,98.69481580441126,-2.8094676014663094,-103,-93,-10,-0.63,0.17,-0.8
179,108,-60,197,58,-55,75.66666666666667,66.66666666666667,9.0,100.21421500410453,103.06093127638404,-2.846716272279508,-60,-55,-5,-0.45,0.13,-0.5800000000000001
130,111,-118,199,6,-109,41.0,32.0,9.0,112.69723451206185,127.07740423327299,-14.380169721211132,-118,-109,-9,-0.69,0.3,-0.99
194,69,-65,199,33,-61,66.0,57.0,9.0,105.75758444039211,107.49263540664852,-1.7350509662564093,-65,-61,-4,-0.04,0.32,-0.36
136,112,-118,196,4,-97,43.333333333333336,34.333333333333336,9.0,114.49987869959611,121.52457456095956,-7.024695861363455,-118,-97,-21,-0.68,0.36,-1.04
151,53,-121,168,4,-116,27.666666666666668,18.666666666666668,9.0,112.47913386737805,116.40542179049146,-3.9262879231134065,-121,-116,-5,-0.33,0.19,-0.52
125,92,-86,161,9,-66,43.666666666666664,34.666666666666664,9.0,92.67266167658195,94.43280974087108,-1.760148064289126,-86,-66,-20,-0.64,0.39,-1.03
147,101,-88,181,15,-63,53.333333333333336,44.333333333333336,9.0,101.68688323585408,101.74914687057031,-0.06226363471623131,-88,-63,-25,-0.6,0.41,-1.01
131,86,-65,165,15,-55,50.666666666666664,41.666666666666664,9.0,83.82654048026131,91.77266598624136,-7.946125505980049,-65,-55,-10,-0.56,0.41,-0.97
125,114,-190,180,27,-185,16.333333333333332,7.333333333333333,9.0,145.96879422975616,149.65812893242907,-3.689334702672909,-190,-185,-5,-0.7,-0.19,-0.51
141,112,-26,192,16,-8,75.66666666666667,66.66666666666667,9.0,72.85754746230634,89.16401865226928,-16.306471189962934,-26,-8,-18,-0.62,0.67,-1.29
151,108,-35,172,51,-26,74.66666666666667,65.66666666666667,9.0,79.508210617241,81.49573949327386,-1.9875288760328544,-35,-26,-9,-0.56,0.26,-0.8200000000000001
133,101,-89,182,12,-76,48.333333333333336,39.333333333333336,9.0,97.98412569844612,107.08667309966985,-9.102547401223731,-89,-76,-13,-0.65,0.37,-1.02
132,119,-102,191,23,-92,49.666666666666664,40.666666666666664,9.0,107.37576800915352,116.20766851728082,-8.831900508127305,-102,-92,-10,-0.7,0.22,-0.9199999999999999
112,94,-98,148,26,-93,36.0,27.0,9.0,95.03683496413377,98.39037893344383,-3.353543969310053,-98,-93,-5,-0.69,0.02,-0.71
132,110,-101,182,13,-81,47.0,38.0,9.0,105.03650159190693,108.81482742102138,-3.7783258291144506,-101,-81,-20,-0.68,0.33,-1.01
127,86,-38,168,6,-26,58.333333333333336,49.333333333333336,9.0,70.14429572119334,84.92087820763251,-14.776582486439167,-38,-26,-12,-0.53,0.63,-1.1600000000000001
159,92,-25,192,10,-3,75.33333333333333,66.33333333333333,9.0,76.03654092313482,89.01810053142127,-12.981559608286446,-25,-3,-22,-0.32,0.7,-1.02
150,89,-125,186,16,-115,38.0,29.0,9.0,117.9180506396992,123.22607949077447,-5.308028851075264,-125,-115,-10,-0.57,0.16,-0.73
112,67,-33,127,2,-10,48.666666666666664,39.666666666666664,9.0,60.5988632089928,61.94800687314771,-1.3491436641549086,-33,-10,-23,-0.43,0.69,-1.1199999999999999
145,97,-61,192,21,-59,60.333333333333336,51.333333333333336,9.0,88.00505036012926,104.69107995537262,-16.686029595243355,-61,-59,-2,-0.55,0.41,-0.96
161,61,-35,182,8,-30,62.333333333333336,53.333333333333336,9.0,80.0222191366595,92.29421554042388,-12.271996403764376,-35,-30,-5,0.02,0.62,-0.6
152,140,-19,193,69,-16,91.0,82.0,9.0,77.93587107359485,85.81763610509594,-7.881765031501089,-19,-16,-3,-0.69,0.22,-0.9099999999999999
141,111,-91,191,18,-75,53.666666666666664,44.666666666666664,9.0,103.02534747440662,110.21897396647378,-7.1936264920671675,-91,-75,-16,-0.66,0.35,-1.01
116,100,-126,181,2,-120,30.0,21.0,9.0,110.50188535344846,123.61499369682736,-13.113108343378897,-126,-120,-6,-0.7,0.23,-0.9299999999999999
189,42,-21,187,6,-10,70.0,61.0,9.0,87.98863562983574,89.33457710576945,-1.3459414759337136,-21,-10,-11,0.45,0.69,-0.23999999999999994
139,105,-55,190,22,-50,63.0,54.0,9.0,84.58526270377521,100.55844071981228,-15.973178016037068,-55,-50,-5,-0.62,0.45,-1.07
165,92,-109,194,15,-88,49.333333333333336,40.333333333333336,9.0,115.85719178751438,116.51132515291759,-0.6541333654032115,-109,-88,-21,-0.5,0.32,-0.8200000000000001
123,75,-17,156,5,-7,60.333333333333336,51.333333333333336,9.0,58.08805576211191,74.17247168293338,-16.08441592082147,-17,-7,-10,-0.36,0.69,-1.0499999999999998
124,92,-52,157,28,-48,54.666666666666664,45.666666666666664,9.0,76.54773383683906,84.61809630464528,-8.07036246780622,-52,-48,-4,-0.62,0.3,-0.9199999999999999
121,116,-142,180,17,-129,31.666666666666668,22.666666666666668,9.0,122.81784162825132,126.21234311887072,-3.3945014906194046,-142,-129,-13,-0.71,0.07,-0.78
