id,age,sex,trial,condition,choice,resp,rt,outcome_a1,outcome_a2,outcome_a3,outcome_b1,outcome_b2,outcome_b3,ev_a,ev_b,ev_diff,var_a,var_b,var_diff,loss_a,loss_b,loss_diff,skew_a,skew_b,skew_diff,sanity_check
1,43,male,0,old,b,1,4.6755,53,8,-34,41,23,-28,9,12,-3,35.52463934,29.22327839,6.301360944,-34,-28,-6,0.04,-0.51,0.55,FALSE
1,43,male,1,old,a,0,3.637400000095369,68,25,-12,60,2,-8,27,18,9,32.69046752,29.97776954,2.712697979,-12,-8,-4,0.09,0.65,-0.56,FALSE
1,43,male,2,old,b,1,5.578200000047673,80,72,-12,88,45,-2,46.66666667,43.66666667,3,41.61196409,36.7544404,4.857523695,-12,-2,-10,-0.69,-0.05,-0.64,FALSE
1,43,male,3,old,a,0,4.29020000004769,84,27,-36,73,4,-29,25,16,9,49.01020302,42.49705872,6.513144298,-36,-29,-7,-0.06,0.4,-0.46,FALSE
1,43,male,4,old,b,1,3.687100000023833,70,12,-66,45,34,-63,5.333333333,5.333333333,0,55.72152985,48.52719741,7.194332436,-66,-63,-3,-0.18,-0.68,0.5,FALSE
1,43,male,5,old,a,0,3.486499999999978,66,31,-13,68,19,-3,28,28,0,32.3213036,29.67602849,2.645275119,-13,-3,-10,-0.14,0.43,-0.57,FALSE
1,43,male,6,old,b,1,5.286000000000001,75,4,-67,57,43,-61,4,13,-9,57.97125725,52.63712252,5.334134731,-67,-61,-6,0,-0.67,0.67,FALSE
1,43,male,7,old,b,1,15.66689999997618,56,42,-72,65,9,-66,8.666666667,2.666666667,6,57.32558087,53.66770185,3.657879018,-72,-66,-6,-0.68,-0.18,-0.5,FALSE
1,43,male,8,old,a,0,2.2891000000238364,74,43,-22,76,14,-13,31.66666667,25.66666667,6,40.00277768,37.25885428,2.743923402,-22,-13,-9,-0.4,0.44,-0.84,FALSE
1,43,male,9,old,b,1,2.420299999952306,88,17,-44,82,43,-37,20.33333333,29.33333333,-9,53.94029621,49.5333782,4.406918017,-44,-37,-7,0.09,-0.39,0.48,FALSE
1,43,male,10,old,b,1,3.251299999952323,55,15,-13,42,31,-7,19,22,-3,27.90459938,20.99206199,6.91253739,-13,-7,-6,0.21,-0.56,0.77,FALSE
1,43,male,11,old,b,1,2.773600000023833,98,41,-24,75,68,-19,38.33333333,41.33333333,-3,49.8419725,42.75771535,7.084257142,-24,-19,-5,-0.08,-0.69,0.61,FALSE
1,43,male,13,old,b,1,2.7185999999046544,63,2,-47,49,23,-45,6,9,-3,44.99629614,39.63163719,5.36465895,-47,-45,-2,0.13,-0.49,0.62,FALSE
1,43,male,14,old,a,0,2.4533999999761704,91,54,-88,96,14,-80,19,10,9,77.1535266,71.90734779,5.246178806,-88,-80,-8,-0.59,-0.08,-0.51,FALSE
1,43,male,15,old,b,1,3.63739999997614,77,25,-58,53,45,-54,14.66666667,14.66666667,0,55.59576323,48.66438351,6.93137972,-58,-54,-4,-0.27,-0.69,0.42,FALSE
1,43,male,16,old,b,1,4.365799999952344,91,75,-12,94,55,-4,51.33333333,48.33333333,3,45.25728916,40.28509512,4.97219404,-12,-4,-8,-0.64,-0.24,-0.4,FALSE
1,43,male,17,old,b,1,2.4954999999999927,99,35,-16,88,50,-11,39.33333333,42.33333333,-3,47.0484384,40.77853466,6.269903738,-16,-11,-5,0.14,-0.28,0.42,FALSE
1,43,male,18,old,a,0,2.5870999999046376,91,81,-24,99,44,-22,49.33333333,40.33333333,9,52.01495511,49.46603773,2.548917383,-24,-22,-2,-0.69,-0.11,-0.58,FALSE
1,43,male,19,old,b,1,2.64939999997614,67,19,-22,60,38,-16,21.33333333,27.33333333,-6,36.37153955,31.93048004,4.441059506,-22,-16,-6,0.1,-0.46,0.56,FALSE
1,43,male,20,old,b,1,3.423100000023851,93,31,-8,70,68,-4,38.66666667,44.66666667,-6,41.5879256,34.42221505,7.165710549,-8,-4,-4,0.27,-0.71,0.98,FALSE
1,43,male,21,old,b,1,2.79270000004766,97,58,-61,98,20,-51,31.33333333,22.33333333,9,67.20284386,60.85136719,6.351476665,-61,-51,-10,-0.53,0.06,-0.59,FALSE
1,43,male,22,old,b,1,2.7250999999046712,69,24,-23,60,43,-15,23.33333333,29.33333333,-6,37.56180093,32.10745846,5.454342465,-23,-15,-8,-0.03,-0.56,0.53,FALSE
1,43,male,23,old,b,1,5.986899999976174,90,44,-48,88,16,-45,28.66666667,19.66666667,9,57.37207993,54.3588897,3.013190235,-48,-45,-3,-0.38,0.1,-0.48,FALSE
1,43,male,24,old,b,1,3.799100000023884,94,70,-40,98,38,-30,41.33333333,35.33333333,6,58.33999962,52.2897908,6.050208816,-40,-30,-10,-0.62,-0.08,-0.54,FALSE
1,43,male,25,old,b,1,3.8056999999284926,95,48,-30,71,67,-25,37.66666667,37.66666667,0,51.55148451,44.3421044,7.209380118,-30,-25,-5,-0.29,-0.7,0.41,FALSE
1,43,male,26,old,b,1,2.4113999999761404,85,2,-81,57,52,-76,2,11,-9,67.76921622,61.55214591,6.217070303,-81,-76,-5,0,-0.7,0.7,FALSE
1,43,male,27,old,b,1,6.139100000023859,83,50,-11,85,29,-1,40.66666667,37.66666667,3,38.93869826,35.64017708,3.298521182,-11,-1,-10,-0.35,0.35,-0.7,FALSE
1,43,male,28,old,b,1,3.188899999976172,53,9,-17,37,30,-13,15,18,-3,28.89059824,22.10580618,6.784792065,-17,-13,-4,0.3,-0.65,0.95,FALSE
1,43,male,29,old,a,0,4.81680000007151,61,54,-82,79,11,-75,11,5,6,65.82299497,63.01322612,2.809768844,-82,-75,-7,-0.7,-0.14,-0.56,FALSE
1,43,male,30,old,b,1,3.424700000047721,99,51,-13,95,36,-3,45.66666667,42.66666667,3,45.87906809,40.28509512,5.59397297,-13,-3,-10,-0.17,0.24,-0.41,FALSE
1,43,male,31,old,b,1,5.016999999999996,76,3,-64,59,38,-55,5,14,-9,57.17225434,49.53786431,7.634390037,-64,-55,-9,0.05,-0.61,0.66,FALSE
1,43,male,32,old,a,0,2.5657999999523327,93,64,-10,95,40,-6,49,43,6,43.36665386,41.28760912,2.079044738,-10,-6,-4,-0.48,0.11,-0.59,FALSE
1,43,male,33,old,b,1,4.345600000023808,80,10,-63,59,46,-60,9,15,-6,58.3837877,53.2979049,5.085882805,-63,-60,-3,-0.03,-0.68,0.65,FALSE
1,43,male,34,old,b,1,4.089500000000044,92,60,-21,99,43,-11,43.66666667,43.66666667,0,47.55581516,44.90978611,2.646029045,-21,-11,-10,-0.47,0.02,-0.49,FALSE
1,43,male,35,old,a,0,3.930100000023799,81,24,-16,74,4,-7,29.66666667,23.66666667,6,39.80228916,35.8732336,3.929055559,-16,-7,-9,0.21,0.66,-0.45,FALSE
1,43,male,36,old,b,1,9.821900000095354,67,11,-13,61,36,-5,21.66666667,30.66666667,-9,33.51948024,27.20702524,6.312455003,-13,-5,-8,0.45,-0.29,0.74,FALSE
1,43,male,37,old,b,1,3.805399999976146,93,58,-8,94,41,-1,47.66666667,44.66666667,3,41.87547678,38.87015422,3.005322563,-8,-1,-7,-0.36,0.14,-0.5,FALSE
1,43,male,38,old,b,1,2.9052999999523195,64,24,-23,50,35,-20,21.66666667,21.66666667,0,35.55590278,30.09245014,5.463452634,-23,-20,-3,-0.1,-0.58,0.48,FALSE
1,43,male,39,old,b,1,4.441899999976158,80,2,-60,69,30,-50,7.333333333,16.33333333,-9,57.27904406,49.5333782,7.745665868,-60,-50,-10,0.14,-0.39,0.53,FALSE
1,43,male,40,old,b,1,4.67130000007154,83,23,-56,70,49,-51,16.66666667,22.66666667,-6,56.92294987,52.7909925,4.131957375,-56,-51,-5,-0.17,-0.62,0.45,FALSE
1,43,male,41,old,b,1,2.177899999976148,91,67,-10,95,46,-2,49.33333333,46.33333333,3,43.08389748,39.60078563,3.483111855,-10,-2,-8,-0.55,0.01,-0.56,FALSE
1,43,male,42,old,b,1,3.534899999976176,88,33,-10,73,59,-3,37,43,-6,40.10818703,33.02524287,7.082944157,-10,-3,-7,0.15,-0.61,0.76,FALSE
1,43,male,0,new,a,0,1.958799999952305,94,45,-8,97,10,-3,43.66666667,34.66666667,9,41.65199742,44.39469438,-2.74269696,-8,-3,-5,-0.05,0.66,-0.71,FALSE
1,43,male,1,new,a,0,3.708600000023864,85,45,-46,95,4,-42,28,19,9,54.81483984,56.92685365,-2.112013812,-46,-42,-4,-0.44,0.38,-0.82,FALSE
1,43,male,2,new,b,1,3.2870000000000346,60,59,-71,98,2,-61,16,13,3,61.51964456,65.37583651,-3.856191956,-71,-61,-10,-0.71,0.25,-0.96,FALSE
1,43,male,3,new,b,1,1.6313999999761677,76,31,-39,96,19,-29,22.66666667,28.66666667,-6,47.31689856,51.48678363,-4.169885078,-39,-29,-10,-0.26,0.28,-0.54,FALSE
1,43,male,4,new,b,1,1.8528999999761595,66,55,-73,97,23,-63,16,19,-3,63.09252465,65.38093504,-2.28841039,-73,-63,-10,-0.69,-0.09,-0.6,FALSE
1,43,male,5,new,a,0,2.393299999952262,58,27,-28,78,17,-20,19,25,-6,35.56215217,40.40627014,-4.844117975,-28,-20,-8,-0.33,0.29,-0.62,FALSE
1,43,male,6,new,a,0,2.6696999999284685,83,52,-36,96,9,-33,33,24,9,50.4050262,53.72150407,-3.31647787,-36,-33,-3,-0.51,0.4,-0.91,FALSE
1,43,male,7,new,b,1,3.120700000047634,72,24,-26,91,16,-19,23.33333333,29.33333333,-6,40.01110957,45.88633299,-5.875223425,-26,-19,-7,-0.02,0.41,-0.43,FALSE
1,43,male,8,new,b,1,1.694100000023866,82,41,-36,94,3,-28,29,23,6,48.91489207,51.77515492,-2.860262842,-36,-28,-8,-0.35,0.52,-0.87,FALSE
1,43,male,9,new,b,1,2.5046000000238564,71,36,-38,93,11,-35,23,23,0,45.43860326,52.94021786,-7.501614591,-38,-35,-3,-0.41,0.33,-0.74,FALSE
1,43,male,10,new,a,0,5.073000000000036,75,51,-33,96,10,-31,31,25,6,46.30334761,52.92132525,-6.617977643,-33,-31,-2,-0.57,0.4,-0.97,FALSE
1,43,male,11,new,b,1,2.9058999999761568,65,61,-27,97,23,-21,33,33,0,42.45782221,48.68949236,-6.231670156,-27,-21,-6,-0.7,0.3,-1,FALSE
1,43,male,12,new,a,0,1.9082000000476569,67,34,-14,82,3,-7,29,26,3,33.2565783,39.80787192,-6.551293622,-14,-7,-7,-0.22,0.67,-0.89,FALSE
1,43,male,13,new,b,1,2.0406000000238578,83,36,-11,86,2,-7,36,27,9,38.3753393,41.88078318,-3.505443879,-11,-7,-4,0,0.68,-0.68,FALSE
1,43,male,14,new,a,0,1.569399999976156,65,35,-38,81,15,-34,20.66666667,20.66666667,0,43.25377312,47.1192341,-3.865460983,-38,-34,-4,-0.46,0.18,-0.64,FALSE
1,43,male,15,new,b,1,2.0053999999761345,40,34,-14,62,29,-4,20,29,-9,24.16609195,26.94438717,-2.778295223,-14,-4,-10,-0.67,0,-0.67,FALSE
1,43,male,16,new,a,0,3.992600000023856,61,33,-4,66,7,-1,30,24,6,26.62079388,29.87752779,-3.25673391,-4,-1,-3,-0.17,0.67,-0.84,FALSE
1,43,male,17,new,a,0,1.6244000000953631,73,35,-13,82,8,-4,31.66666667,28.66666667,3,35.18838192,38.02922853,-2.840846604,-13,-4,-9,-0.14,0.65,-0.79,FALSE
1,43,male,18,new,b,1,5.045400000095356,56,49,-15,84,31,-7,30,36,-6,31.94787421,37.31844941,-5.370575202,-15,-7,-8,-0.68,0.2,-0.88,FALSE
1,43,male,19,new,a,0,2.87110000002383,57,33,-39,75,10,-34,17,17,0,40.79215611,44.77350407,-3.981347961,-39,-34,-5,-0.53,0.23,-0.76,FALSE
1,43,male,20,new,a,0,2.061200000047677,63,62,-52,88,34,-49,24.33333333,24.33333333,0,53.97736151,56.34615239,-2.368790878,-52,-49,-3,-0.71,-0.25,-0.46,FALSE
1,43,male,21,new,b,1,3.376399999976172,82,33,-22,91,7,-14,31,28,3,42.48136847,45.36518489,-2.883816424,-22,-14,-8,-0.07,0.6,-0.67,FALSE
1,43,male,22,new,a,0,1.770599999904675,62,55,-78,93,7,-70,13,10,3,64.41014413,66.57827473,-2.168130606,-78,-70,-8,-0.7,0.07,-0.77,FALSE
1,43,male,23,new,a,0,2.4348000000715047,59,17,-45,75,4,-39,10.33333333,13.33333333,-3,42.71871825,47.00590979,-4.287191544,-45,-39,-6,-0.23,0.29,-0.52,FALSE
1,43,male,25,new,b,1,2.441899999976158,62,41,-30,88,24,-21,24.33333333,30.33333333,-6,39.36439452,44.723844,-5.359449486,-30,-21,-9,-0.56,0.21,-0.77,FALSE
1,43,male,26,new,a,0,1.7561999999285265,59,53,-70,91,2,-60,14,11,3,59.44745579,61.97311245,-2.525656659,-70,-60,-10,-0.7,0.21,-0.91,FALSE
1,43,male,27,new,a,0,3.4873000000715138,45,40,-49,77,30,-44,12,21,-9,43.18178628,49.80629144,-6.624505153,-49,-44,-5,-0.7,-0.27,-0.43,FALSE
1,43,male,28,new,b,1,2.642399999976192,73,32,-44,95,17,-42,20.33333333,23.33333333,-3,48.47221426,56.10902086,-7.6368066,-44,-42,-2,-0.35,0.17,-0.52,FALSE
1,43,male,29,new,b,1,3.6259000000953847,62,43,-86,99,27,-80,6.333333333,15.33333333,-9,65.74867975,73.54061614,-7.79193639,-86,-80,-6,-0.66,-0.23,-0.43,FALSE
1,43,male,30,new,b,1,3.030199999928527,35,19,-36,66,5,-26,6,15,-9,30.40833219,38.21866909,-7.810336894,-36,-26,-10,-0.56,0.37,-0.93,FALSE
1,43,male,31,new,b,1,3.348300000071504,59,34,-23,76,30,-18,23.33333333,29.33333333,-6,34.31552936,38.37823457,-4.062705208,-23,-18,-5,-0.44,-0.03,-0.41,FALSE
1,43,male,32,new,b,1,1.9778999999761029,51,25,-16,72,5,-8,20,23,-3,27.58018612,35.05234181,-7.47215569,-16,-8,-8,-0.27,0.63,-0.9,FALSE
1,43,male,33,new,a,0,3.397300000071596,84,38,-47,98,2,-43,25,19,6,54.26478293,58.80476171,-4.53997878,-47,-43,-4,-0.35,0.41,-0.76,FALSE
1,43,male,34,new,a,0,2.829200000047763,41,39,-29,73,26,-21,17,26,-9,32.53715825,38.3753393,-5.838181059,-29,-21,-8,-0.71,0,-0.71,FALSE
1,43,male,35,new,b,1,1.9571000000238428,70,31,-60,87,5,-51,13.66666667,13.66666667,0,54.46915539,56.6705881,-2.20143271,-60,-51,-9,-0.45,0.23,-0.68,FALSE
1,43,male,36,new,b,1,2.0331000000238646,67,58,-29,93,49,-19,32,41,-9,43.28972164,46.07240678,-2.782685138,-29,-19,-10,-0.68,-0.26,-0.42,FALSE
1,43,male,37,new,b,1,1.9572999999522835,56,39,-80,86,11,-73,5,8,-3,60.50344343,64.94613152,-4.442688096,-80,-73,-7,-0.67,-0.07,-0.6,FALSE
1,43,male,38,new,a,0,2.123199999928488,74,29,-58,96,13,-55,15,18,-3,54.79051013,61.74679479,-6.956284661,-58,-55,-3,-0.37,0.12,-0.49,FALSE
1,43,male,39,new,a,0,1.950200000047744,75,60,-69,99,6,-66,22,13,9,64.63745044,67.54257916,-2.905128718,-69,-66,-3,-0.68,0.15,-0.83,FALSE
1,43,male,40,new,b,1,2.1230000000000477,76,38,-12,82,9,-7,34,28,6,36.037018,38.73843914,-2.701421131,-12,-7,-5,-0.17,0.62,-0.79,FALSE
1,43,male,41,new,a,0,5.017600000023776,74,56,-98,99,2,-96,10.66666667,1.666666667,9,77.18952145,79.60876557,-2.4192441160000002,-98,-96,-2,-0.68,-0.01,-0.67,FALSE
1,43,male,42,new,a,0,1.7214999999999918,86,35,-10,92,6,-5,37,31,6,39.2173431,43.36665386,-4.149310754,-10,-5,-5,0.08,0.67,-0.59,FALSE
1,43,male,0,old,b,1,2.665600000023801,58,38,-11,53,25,-2,28.33333333,25.33333333,3,28.98658694,22.45489306,6.531693879,-11,-2,-9,-0.46,0.02,-0.48,FALSE
1,43,male,1,old,b,1,1.5410000000000537,79,13,-40,74,33,-37,17.33333333,23.33333333,-6,48.67808085,45.82818153,2.849899325,-40,-37,-3,0.13,-0.31,0.44,FALSE
1,43,male,2,old,a,0,2.4904999999999973,79,64,-29,81,28,-22,38,29,9,47.77028365,42.05551886,5.714764789,-29,-22,-7,-0.66,0.04,-0.7,FALSE
1,43,male,3,old,b,1,2.26110000002393,79,16,-61,58,42,-57,11.33333333,14.33333333,-3,57.24993935,50.86146762,6.388471726,-61,-57,-4,-0.12,-0.65,0.53,FALSE
1,43,male,4,old,b,1,2.615000000000009,57,44,-13,53,29,-3,29.33333333,26.33333333,3,30.40102337,22.93953405,7.461489329,-13,-3,-10,-0.61,-0.17,-0.44,FALSE
1,43,male,5,old,b,1,2.555600000023901,74,21,-46,56,42,-40,16.33333333,19.33333333,-3,49.10080334,42.34251869,6.758284654,-46,-40,-6,-0.14,-0.65,0.51,FALSE
1,43,male,6,old,b,1,1.7356999999284426,57,19,-12,42,29,-7,21.33333333,21.33333333,0,28.21740991,20.72572208,7.491687838,-12,-7,-5,0.12,-0.5,0.62,FALSE
1,43,male,8,old,a,0,3.3212000000477246,80,43,-35,75,18,-32,29.33333333,20.33333333,9,47.93282336,43.71371511,4.219108251,-35,-32,-3,-0.4,0.08,-0.48,FALSE
1,43,male,9,old,b,1,3.349399999976185,65,13,-18,61,36,-10,20,29,-9,34.24422092,29.40521496,4.839005967,-18,-10,-8,0.3,-0.34,0.64,FALSE
1,43,male,10,old,b,1,2.442200000047705,96,19,-78,77,43,-74,12.33333333,15.33333333,-3,71.19144768,64.67525716,6.516190515,-78,-74,-4,-0.14,-0.56,0.42,FALSE
1,43,male,11,old,a,0,2.4903000000715565,46,32,-39,42,9,-30,13,7,6,37.21110945,29.42787794,7.783231513,-39,-30,-9,-0.63,-0.1,-0.53,FALSE
1,43,male,12,old,b,1,2.8848999999761418,92,2,-70,66,50,-65,8,17,-9,66.2721661,58.34952156,7.92264454,-70,-65,-5,0.14,-0.67,0.81,FALSE
1,43,male,13,old,a,0,2.497500000000059,53,8,-35,40,19,-33,8.666666667,8.666666667,0,35.92894222,30.68477726,5.244164957,-35,-33,-2,0.03,-0.47,0.5,FALSE
1,43,male,14,old,a,0,3.030199999928413,77,69,-21,82,39,-14,41.66666667,35.66666667,6,44.43222054,39.26264835,5.16957219,-21,-14,-7,-0.69,-0.13,-0.56,FALSE
1,43,male,15,old,a,0,3.47329999995236,65,57,-40,69,18,-32,27.33333333,18.33333333,9,47.72374205,41.23375101,6.489991045,-40,-32,-8,-0.69,0.01,-0.7,FALSE
1,43,male,16,old,a,0,3.556399999976179,79,40,-26,73,13,-20,31,22,9,43.33589736,38.49675311,4.83914425,-26,-20,-6,-0.3,0.34,-0.64,FALSE
1,43,male,17,old,a,0,2.0263999999760927,53,40,-11,50,25,-2,27.33333333,24.33333333,3,27.62044331,21.23414441,6.386298903,-11,-2,-9,-0.59,-0.05,-0.54,FALSE
1,43,male,18,old,b,1,3.681299999952216,48,3,-24,46,23,-15,9,18,-9,29.69848481,25.15286597,4.545618837,-24,-15,-9,0.29,-0.29,0.58,FALSE
1,43,male,19,old,b,1,2.268400000095312,78,43,-10,60,54,-3,37,37,0,36.17549815,28.39013913,7.785359021,-10,-3,-7,-0.24,-0.68,0.44,FALSE
1,43,male,20,old,b,1,2.137099999904649,82,31,-53,64,62,-48,20,26,-6,55.6596802,52.33227175,3.327408449,-53,-48,-5,-0.29,-0.71,0.42,FALSE
1,43,male,21,old,b,1,2.7191000000239,82,11,-76,60,51,-67,5.666666667,14.66666667,-9,64.61338011,57.86382482,6.749555292,-76,-67,-9,-0.12,-0.69,0.57,FALSE
1,43,male,22,old,b,1,2.053900000095382,85,68,-15,91,43,-5,46,43,3,43.68828981,39.19183588,4.496453927,-15,-5,-10,-0.63,0,-0.63,FALSE
1,43,male,23,old,b,1,2.2756000000238146,74,5,-55,57,19,-52,8,8,0,52.70673581,45.17373868,7.532997129,-55,-52,-3,0.09,-0.35,0.44,FALSE
1,43,male,24,old,b,1,1.991700000047672,70,51,-43,75,10,-34,26,17,9,49.40310382,44.77350407,4.629599747,-43,-34,-9,-0.63,0.23,-0.86,FALSE
1,43,male,25,old,b,1,2.442199999928448,98,42,-26,70,68,-24,38,38,0,50.70174224,43.84822307,6.853519172,-26,-24,-2,-0.12,-0.71,0.59,FALSE
1,43,male,26,old,b,1,2.455899999976168,98,58,-16,96,41,-6,46.66666667,43.66666667,3,47.22522866,41.6839964,5.541232266,-16,-6,-10,-0.35,0.1,-0.45,FALSE
1,43,male,27,old,b,1,2.0748999999761963,79,63,-12,80,36,-4,43.33333333,37.33333333,6,39.6680672,34.30581421,5.362252988,-12,-4,-8,-0.62,0.06,-0.68,FALSE
1,43,male,28,old,b,1,1.8051000000237991,70,57,-28,78,40,-19,33,33,0,43.45879274,39.90822806,3.550564686,-28,-19,-9,-0.66,-0.26,-0.4,FALSE
1,43,male,29,old,b,1,1.8392000000477535,87,78,-16,94,52,-6,49.66666667,46.66666667,3,46.57848812,40.99864496,5.579843156,-16,-6,-10,-0.69,-0.19,-0.5,FALSE
1,43,male,30,old,b,1,1.6008000000715583,99,52,-13,90,75,-9,46,52,-6,45.92022067,43.56604182,2.354178852,-13,-9,-4,-0.19,-0.64,0.45,FALSE
1,43,male,31,old,b,1,2.504100000023868,63,16,-47,44,40,-43,10.66666667,13.66666667,-3,45.0653846,40.10264608,4.962738522,-47,-43,-4,-0.18,-0.7,0.52,FALSE
1,43,male,32,old,b,1,1.9497000000476417,91,22,-54,72,61,-47,19.66666667,28.66666667,-9,59.21899095,53.69254035,5.526450601,-54,-47,-7,-0.06,-0.68,0.62,FALSE
1,43,male,33,old,a,0,2.102299999952379,73,52,-43,84,13,-33,27.33333333,21.33333333,6,50.4667107,48.12714642,2.339564283,-43,-33,-10,-0.62,0.25,-0.87,FALSE
1,43,male,34,old,a,0,2.9123999999761736,91,79,-11,99,39,-6,53,44,9,45.51922671,43.01162634,2.507600372,-11,-6,-5,-0.67,0.17,-0.84,FALSE
1,43,male,35,old,b,1,2.2963999999760745,60,5,-41,53,30,-32,8,17,-9,41.28760912,35.89800366,5.389605459,-41,-32,-9,0.11,-0.5,0.61,FALSE
1,43,male,36,old,b,1,2.4761999999285536,61,12,-35,44,34,-31,12.66666667,15.66666667,-3,39.19467084,33.24989557,5.944775267,-35,-31,-4,0.03,-0.66,0.69,FALSE
1,43,male,37,old,b,1,1.85320000004765,46,30,-55,47,6,-50,7,1,6,44.32456054,39.75759885,4.566961681,-55,-50,-5,-0.64,-0.19,-0.45,FALSE
1,43,male,38,old,b,1,3.2035000000000764,59,9,-67,40,31,-61,0.333333333,3.333333333,-3,51.80304581,45.63867755,6.164368259,-67,-61,-6,-0.25,-0.69,0.44,FALSE
1,43,male,39,old,b,1,2.164200000047685,85,24,-45,67,54,-39,21.33333333,27.33333333,-6,53.10576449,47.20404879,5.901715701,-45,-39,-6,-0.08,-0.67,0.59,FALSE
1,43,male,40,old,b,1,2.2891000000238364,56,8,-52,40,33,-43,4,10,-6,44.18144407,37.58545818,6.595985888,-52,-43,-9,-0.14,-0.69,0.55,FALSE
1,43,male,41,old,b,1,1.9083999999761545,48,21,-20,41,36,-10,16.33333333,22.33333333,-6,27.95631513,22.9540604,5.002254727,-20,-10,-10,-0.25,-0.68,0.43,FALSE
1,43,male,42,old,a,0,2.58689999997614,64,62,-48,70,29,-39,26,20,6,52.33227175,44.95182607,7.380445685,-48,-39,-9,-0.71,-0.29,-0.42,FALSE
1,43,male,0,new,a,0,2.1826000000238537,53,40,-78,88,6,-70,5,8,-3,58.92933621,64.51873113,-5.589394916,-78,-70,-8,-0.68,0.05,-0.73,FALSE
1,43,male,1,new,a,0,2.042799999952422,54,51,-50,87,14,-46,18.33333333,18.33333333,0,48.33448274,54.3834125,-6.048929759,-50,-46,-4,-0.71,0.12,-0.83,FALSE
1,43,male,2,new,a,0,1.5620000000000118,69,45,-22,90,19,-17,30.66666667,30.66666667,0,38.50829636,44.45472103,-5.94642467,-22,-17,-5,-0.51,0.38,-0.89,FALSE
1,43,male,3,new,b,1,3.043600000023844,68,60,-38,99,37,-28,30,36,-6,48.19405219,51.85235449,-3.658302303,-38,-28,-10,-0.69,-0.03,-0.66,FALSE
1,43,male,4,new,a,0,2.247900000095342,43,31,-49,75,8,-40,8.333333333,14.33333333,-6,40.83571422,47.16166051,-6.325946295,-49,-40,-9,-0.66,0.2,-0.86,FALSE
1,43,male,5,new,a,0,3.5223999999761872,54,34,-67,84,8,-62,7,10,-3,52.95910372,59.62102537,-6.661921656,-67,-62,-5,-0.63,0.05,-0.68,FALSE
1,43,male,6,new,a,0,1.38250000000005,85,51,-7,92,14,-4,43,34,9,37.98245209,41.66533331,-3.682881223,-7,-4,-3,-0.31,0.61,-0.92,FALSE
1,43,male,7,new,b,1,1.91570000004765,88,50,-27,96,11,-23,37,28,9,47.84001115,50.04664491,-2.206633761,-27,-23,-4,-0.39,0.47,-0.86,FALSE
1,43,male,8,new,a,0,1.8111000000238848,82,49,-19,98,16,-11,37.33333333,34.33333333,3,42.05023451,46.34891824,-4.298683734,-19,-11,-8,-0.39,0.53,-0.92,FALSE
1,43,male,9,new,a,0,2.981299999952398,45,26,-62,73,18,-55,3,12,-9,46.61187259,52.42772803,-5.815855439,-62,-55,-7,-0.62,-0.17,-0.45,FALSE
1,43,male,10,new,a,0,2.8088999999762336,72,24,-83,93,6,-77,4.333333333,7.333333333,-3,64.78854494,69.40861298,-4.620068037,-83,-77,-6,-0.43,0.03,-0.46,FALSE
1,43,male,11,new,a,0,2.8918000000714983,69,50,-40,89,13,-32,26.33333333,23.33333333,3,47.54179448,49.93551397,-2.393719493,-40,-32,-8,-0.62,0.3,-0.92,FALSE
1,43,male,12,new,a,0,2.434999999999945,58,27,-46,74,5,-40,13,13,0,43.59663596,46.88283268,-3.286196723,-46,-40,-6,-0.45,0.25,-0.7,FALSE
1,43,male,13,new,a,0,2.16439999997624,73,23,-91,92,2,-89,1.666666667,1.666666667,0,68.63105873,73.89331649,-5.262257764,-91,-89,-2,-0.44,-0.01,-0.43,FALSE
1,43,male,14,new,a,0,1.811700000047608,56,21,-48,76,2,-40,9.666666667,12.66666667,-3,43.20750964,47.95368136,-4.74617172,-48,-40,-8,-0.38,0.32,-0.7,FALSE
1,43,male,15,new,b,1,2.070799999952328,89,36,-51,98,7,-49,24.66666667,18.66666667,6,57.71385353,60.5768566,-2.863003074,-51,-49,-2,-0.29,0.28,-0.57,FALSE
1,43,male,16,new,a,0,4.131599999904552,79,50,-10,95,17,-2,39.66666667,36.66666667,3,37.06151043,41.97088938,-4.90937895,-10,-2,-8,-0.4,0.6,-1,FALSE
1,43,male,17,new,b,1,3.846499999999992,31,25,-52,57,4,-48,1.333333333,4.333333333,-3,37.79182745,42.86671851,-5.074891054,-52,-48,-4,-0.69,0.01,-0.7,FALSE
1,43,male,18,new,a,0,2.081400000095414,80,48,-26,89,7,-21,34,25,9,44.39219151,46.6761895,-2.283997999,-26,-21,-5,-0.44,0.52,-0.96,FALSE
1,43,male,19,new,a,0,2.178400000095394,78,57,-50,98,6,-46,28.33333333,19.33333333,9,56.04958123,59.5389695,-3.489388273,-50,-46,-4,-0.63,0.32,-0.95,FALSE
1,43,male,20,new,a,0,2.219899999976178,73,53,-41,99,7,-39,28.33333333,22.33333333,6,49.70133019,57.37207993,-7.670749745,-41,-39,-2,-0.62,0.38,-1,FALSE
1,43,male,21,new,a,0,5.004100000023868,62,44,-43,91,27,-37,21,27,-6,45.84757355,52.25578118,-6.408207634,-43,-37,-6,-0.63,0,-0.63,FALSE
1,43,male,22,new,a,0,2.227000000000089,80,38,-19,90,6,-15,33,27,6,40.57092555,45.36518489,-4.794259339,-19,-15,-4,-0.18,0.6,-0.78,FALSE
1,43,male,23,new,a,0,2.870899999976132,59,30,-17,77,20,-7,24,30,-6,31.31559782,35.0142828,-3.698684983,-17,-7,-10,-0.28,0.41,-0.69,FALSE
1,43,male,24,new,a,0,9.46219999992843,32,24,-44,60,15,-36,4,13,-9,34.09789827,39.2173431,-5.119444829,-44,-36,-8,-0.68,-0.08,-0.6,FALSE
1,43,male,25,new,b,1,4.9617999999524045,38,36,-51,71,20,-41,7.666666667,16.66666667,-9,41.49163236,45.78451946,-4.292887105,-51,-41,-10,-0.71,-0.11,-0.6,FALSE
1,43,male,26,new,a,0,2.989100000023768,71,38,-70,91,1,-62,13,10,3,60.21627687,62.78534861,-2.56907174,-70,-62,-8,-0.55,0.21,-0.76,FALSE
1,43,male,27,new,a,0,2.4886000000238937,86,41,-34,96,4,-25,31,25,6,49.49747468,51.58165048,-2.084175801,-34,-25,-9,-0.29,0.54,-0.83,FALSE
1,43,male,28,new,a,0,2.5891999999283826,75,48,-36,95,7,-33,29,23,6,47.26520919,53.46650042,-6.201291223,-36,-33,-3,-0.54,0.42,-0.96,FALSE
1,43,male,29,new,a,0,2.4221000000238746,47,44,-54,78,9,-50,12.33333333,12.33333333,0,46.92073695,52.3089115,-5.388174553,-54,-50,-4,-0.7,0.1,-0.8,FALSE
1,43,male,30,new,a,0,2.6213000000715283,86,32,-13,90,5,-8,35,29,6,40.47221269,43.45879274,-2.986580053,-13,-8,-5,0.11,0.66,-0.55,FALSE
1,43,male,31,new,a,0,1.887700000047744,72,42,-20,78,6,-17,31.33333333,22.33333333,9,38.30868773,40.46672158,-2.158033852,-20,-17,-3,-0.4,0.54,-0.94,FALSE
1,43,male,32,new,a,0,3.2171999999284253,87,54,-16,96,14,-12,41.66666667,32.66666667,9,42.94440851,46.02414825,-3.079739742,-16,-12,-4,-0.41,0.54,-0.95,FALSE
1,43,male,33,new,a,0,2.310599999904639,66,47,-58,95,21,-52,18.33333333,21.33333333,-3,54.53031777,60.01296156,-5.482643798,-58,-52,-6,-0.64,0.01,-0.65,FALSE
1,43,male,34,new,a,0,4.076100000023871,49,45,-36,87,24,-26,19.33333333,28.33333333,-9,39.16063783,46.23370584,-7.073068005,-36,-26,-10,-0.7,0.14,-0.84,FALSE
1,43,male,35,new,a,0,1.9602999999523265,68,52,-62,94,9,-54,19.33333333,16.33333333,3,57.88110419,60.64285247,-2.761748279,-62,-54,-8,-0.67,0.18,-0.85,FALSE
1,43,male,36,new,a,0,2.8614000000953865,44,36,-47,66,12,-45,11,11,0,41.14203041,45.32107677,-4.17904636,-47,-45,-2,-0.69,-0.03,-0.66,FALSE
1,43,male,37,new,b,1,4.663999999999987,38,17,-31,62,16,-27,8,17,-9,28.87905816,36.34097779,-7.461919633,-31,-27,-4,-0.44,0.04,-0.48,FALSE
1,43,male,38,new,b,1,2.649499999999989,42,23,-11,63,18,-9,18,24,-6,21.92411154,29.69848481,-7.774373273,-11,-9,-2,-0.33,0.29,-0.62,FALSE
1,43,male,39,new,b,1,3.7437000000477374,37,15,-44,59,10,-34,2.666666667,11.66666667,-9,34.19876541,37.9853773,-3.786611894,-44,-34,-10,-0.49,0.07,-0.56,FALSE
1,43,male,40,new,a,0,2.5040999999046107,44,31,-57,70,16,-50,6,12,-6,44.86275367,49.07137659,-4.208622918,-57,-50,-7,-0.66,-0.12,-0.54,FALSE
1,43,male,41,new,a,0,1.7487999999523254,73,45,-52,99,1,-43,22,19,3,53.55993528,59.35205697,-5.792121696,-52,-43,-9,-0.56,0.43,-0.99,FALSE
2,30,male,0,old,b,1,5.180999999999983,63,2,-47,49,23,-45,6,9,-3,44.99629614,39.63163719,5.36465895,-47,-45,-2,0.13,-0.49,0.62,FALSE
2,30,male,1,old,b,1,3.525499999999994,76,3,-64,59,38,-55,5,14,-9,57.17225434,49.53786431,7.634390037,-64,-55,-9,0.05,-0.61,0.66,FALSE
2,30,male,2,old,a,0,3.0282000000178755,91,67,-10,95,46,-2,49.33333333,46.33333333,3,43.08389748,39.60078563,3.483111855,-10,-2,-8,-0.55,0.01,-0.56,FALSE
2,30,male,3,old,a,0,6.218099999994024,97,58,-61,98,20,-51,31.33333333,22.33333333,9,67.20284386,60.85136719,6.351476665,-61,-51,-10,-0.53,0.06,-0.59,FALSE
2,30,male,4,old,a,0,2.5430000000000064,92,60,-21,99,43,-11,43.66666667,43.66666667,0,47.55581516,44.90978611,2.646029045,-21,-11,-10,-0.47,0.02,-0.49,FALSE
2,30,male,5,old,b,1,3.2432999999820997,67,11,-13,61,36,-5,21.66666667,30.66666667,-9,33.51948024,27.20702524,6.312455003,-13,-5,-8,0.45,-0.29,0.74,FALSE
2,30,male,6,old,a,0,1.811900000005977,91,81,-24,99,44,-22,49.33333333,40.33333333,9,52.01495511,49.46603773,2.548917383,-24,-22,-2,-0.69,-0.11,-0.58,FALSE
2,30,male,7,old,a,0,2.57850000000002,81,24,-16,74,4,-7,29.66666667,23.66666667,6,39.80228916,35.8732336,3.929055559,-16,-7,-9,0.21,0.66,-0.45,FALSE
2,30,male,8,old,b,1,4.5404000000059455,95,48,-30,71,67,-25,37.66666667,37.66666667,0,51.55148451,44.3421044,7.209380118,-30,-25,-5,-0.29,-0.7,0.41,FALSE
2,30,male,9,old,a,0,4.345800000011934,56,42,-72,65,9,-66,8.666666667,2.666666667,6,57.32558087,53.66770185,3.657879018,-72,-66,-6,-0.68,-0.18,-0.5,FALSE
2,30,male,10,old,a,0,3.328199999988044,93,64,-10,95,40,-6,49,43,6,43.36665386,41.28760912,2.079044738,-10,-6,-4,-0.48,0.11,-0.59,FALSE
2,30,male,11,old,a,0,4.028400000006002,80,72,-12,88,45,-2,46.66666667,43.66666667,3,41.61196409,36.7544404,4.857523695,-12,-2,-10,-0.69,-0.05,-0.64,FALSE
2,30,male,12,old,b,1,3.244900000005998,75,4,-67,57,43,-61,4,13,-9,57.97125725,52.63712252,5.334134731,-67,-61,-6,0,-0.67,0.67,FALSE
2,30,male,13,old,a,0,2.8760999999940395,83,50,-11,85,29,-1,40.66666667,37.66666667,3,38.93869826,35.64017708,3.298521182,-11,-1,-10,-0.35,0.35,-0.7,FALSE
2,30,male,15,old,b,1,4.027900000005957,77,25,-58,53,45,-54,14.66666667,14.66666667,0,55.59576323,48.66438351,6.93137972,-58,-54,-4,-0.27,-0.69,0.42,FALSE
2,30,male,16,old,b,1,4.394900000005976,88,33,-10,73,59,-3,37,43,-6,40.10818703,33.02524287,7.082944157,-10,-3,-7,0.15,-0.61,0.76,FALSE
2,30,male,17,old,b,1,7.593599999994069,55,15,-13,42,31,-7,19,22,-3,27.90459938,20.99206199,6.91253739,-13,-7,-6,0.21,-0.56,0.77,FALSE
2,30,male,18,old,b,1,3.2620000000000005,69,24,-23,60,43,-15,23.33333333,29.33333333,-6,37.56180093,32.10745846,5.454342465,-23,-15,-8,-0.03,-0.56,0.53,FALSE
2,30,male,19,old,a,0,3.4458000000119,99,51,-13,95,36,-3,45.66666667,42.66666667,3,45.87906809,40.28509512,5.59397297,-13,-3,-10,-0.17,0.24,-0.41,FALSE
2,30,male,20,old,a,0,5.22760000002387,91,75,-12,94,55,-4,51.33333333,48.33333333,3,45.25728916,40.28509512,4.97219404,-12,-4,-8,-0.64,-0.24,-0.4,FALSE
2,30,male,21,old,b,1,2.9287000000178978,80,10,-63,59,46,-60,9,15,-6,58.3837877,53.2979049,5.085882805,-63,-60,-3,-0.03,-0.68,0.65,FALSE
2,30,male,22,old,a,0,2.1623000000118964,74,43,-22,76,14,-13,31.66666667,25.66666667,6,40.00277768,37.25885428,2.743923402,-22,-13,-9,-0.4,0.44,-0.84,FALSE
2,30,male,23,old,a,0,4.611799999982111,91,54,-88,96,14,-80,19,10,9,77.1535266,71.90734779,5.246178806,-88,-80,-8,-0.59,-0.08,-0.51,FALSE
2,30,male,24,old,a,0,4.295400000005941,90,44,-48,88,16,-45,28.66666667,19.66666667,9,57.37207993,54.3588897,3.013190235,-48,-45,-3,-0.38,0.1,-0.48,FALSE
2,30,male,25,old,a,0,5.277200000017899,61,54,-82,79,11,-75,11,5,6,65.82299497,63.01322612,2.809768844,-82,-75,-7,-0.7,-0.14,-0.56,FALSE
2,30,male,26,old,a,0,6.294400000005965,66,31,-13,68,19,-3,28,28,0,32.3213036,29.67602849,2.645275119,-13,-3,-10,-0.14,0.43,-0.57,FALSE
2,30,male,27,old,b,1,5.893700000017873,98,41,-24,75,68,-19,38.33333333,41.33333333,-3,49.8419725,42.75771535,7.084257142,-24,-19,-5,-0.08,-0.69,0.61,FALSE
2,30,male,28,old,b,1,6.294699999988097,88,17,-44,82,43,-37,20.33333333,29.33333333,-9,53.94029621,49.5333782,4.406918017,-44,-37,-7,0.09,-0.39,0.48,FALSE
2,30,male,29,old,a,0,1.512300000011919,93,58,-8,94,41,-1,47.66666667,44.66666667,3,41.87547678,38.87015422,3.005322563,-8,-1,-7,-0.36,0.14,-0.5,FALSE
2,30,male,30,old,b,1,1.8618000000118968,83,23,-56,70,49,-51,16.66666667,22.66666667,-6,56.92294987,52.7909925,4.131957375,-56,-51,-5,-0.17,-0.62,0.45,FALSE
2,30,male,31,old,a,0,1.8444999999999825,68,25,-12,60,2,-8,27,18,9,32.69046752,29.97776954,2.712697979,-12,-8,-4,0.09,0.65,-0.56,FALSE
2,30,male,32,old,b,1,1.7960000000000491,53,9,-17,37,30,-13,15,18,-3,28.89059824,22.10580618,6.784792065,-17,-13,-4,0.3,-0.65,0.95,FALSE
2,30,male,33,old,b,1,2.844699999988052,67,19,-22,60,38,-16,21.33333333,27.33333333,-6,36.37153955,31.93048004,4.441059506,-22,-16,-6,0.1,-0.46,0.56,FALSE
2,30,male,34,old,b,1,2.678799999982118,70,12,-66,45,34,-63,5.333333333,5.333333333,0,55.72152985,48.52719741,7.194332436,-66,-63,-3,-0.18,-0.68,0.5,FALSE
2,30,male,35,old,b,1,1.9957999999821252,99,35,-16,88,50,-11,39.33333333,42.33333333,-3,47.0484384,40.77853466,6.269903738,-16,-11,-5,0.14,-0.28,0.42,FALSE
2,30,male,36,old,b,1,1.7597000000178582,93,31,-8,70,68,-4,38.66666667,44.66666667,-6,41.5879256,34.42221505,7.165710549,-8,-4,-4,0.27,-0.71,0.98,FALSE
2,30,male,37,old,a,0,2.1285999999940373,84,27,-36,73,4,-29,25,16,9,49.01020302,42.49705872,6.513144298,-36,-29,-7,-0.06,0.4,-0.46,FALSE
2,30,male,38,old,a,0,1.6622000000178332,94,70,-40,98,38,-30,41.33333333,35.33333333,6,58.33999962,52.2897908,6.050208816,-40,-30,-10,-0.62,-0.08,-0.54,FALSE
2,30,male,39,old,b,1,2.578700000017875,53,8,-34,41,23,-28,9,12,-3,35.52463934,29.22327839,6.301360944,-34,-28,-6,0.04,-0.51,0.55,FALSE
2,30,male,40,old,b,1,2.1610000000000014,85,2,-81,57,52,-76,2,11,-9,67.76921622,61.55214591,6.217070303,-81,-76,-5,0,-0.7,0.7,FALSE
2,30,male,41,old,b,1,6.09439999997619,64,24,-23,50,35,-20,21.66666667,21.66666667,0,35.55590278,30.09245014,5.463452634,-23,-20,-3,-0.1,-0.58,0.48,FALSE
2,30,male,42,old,b,1,3.578599999994026,80,2,-60,69,30,-50,7.333333333,16.33333333,-9,57.27904406,49.5333782,7.745665868,-60,-50,-10,0.14,-0.39,0.53,FALSE
2,30,male,0,new,a,0,1.676199999988114,40,34,-14,62,29,-4,20,29,-9,24.16609195,26.94438717,-2.778295223,-14,-4,-10,-0.67,0,-0.67,FALSE
2,30,male,1,new,a,0,1.1448999999761895,74,56,-98,99,2,-96,10.66666667,1.666666667,9,77.18952145,79.60876557,-2.4192441160000002,-98,-96,-2,-0.68,-0.01,-0.67,FALSE
2,30,male,2,new,a,0,1.896399999976211,75,60,-69,99,6,-66,22,13,9,64.63745044,67.54257916,-2.905128718,-69,-66,-3,-0.68,0.15,-0.83,FALSE
2,30,male,3,new,a,0,2.2125999999940404,59,34,-23,76,30,-18,23.33333333,29.33333333,-6,34.31552936,38.37823457,-4.062705208,-23,-18,-5,-0.44,-0.03,-0.41,FALSE
2,30,male,4,new,a,0,2.879400000006001,56,39,-80,86,11,-73,5,8,-3,60.50344343,64.94613152,-4.442688096,-80,-73,-7,-0.67,-0.07,-0.6,FALSE
2,30,male,5,new,a,0,2.3629999999999995,71,36,-38,93,11,-35,23,23,0,45.43860326,52.94021786,-7.501614591,-38,-35,-3,-0.41,0.33,-0.74,FALSE
2,30,male,6,new,a,0,2.9956999999880622,82,33,-22,91,7,-14,31,28,3,42.48136847,45.36518489,-2.883816424,-22,-14,-8,-0.07,0.6,-0.67,FALSE
2,30,male,7,new,a,0,2.0110999999940304,58,27,-28,78,17,-20,19,25,-6,35.56215217,40.40627014,-4.844117975,-28,-20,-8,-0.33,0.29,-0.62,FALSE
2,30,male,8,new,a,0,1.0465999999940436,65,61,-27,97,23,-21,33,33,0,42.45782221,48.68949236,-6.231670156,-27,-21,-6,-0.7,0.3,-1,FALSE
2,30,male,9,new,b,1,1.529699999988054,67,58,-29,93,49,-19,32,41,-9,43.28972164,46.07240678,-2.782685138,-29,-19,-10,-0.68,-0.26,-0.42,FALSE
2,30,male,10,new,a,0,1.679700000017874,35,19,-36,66,5,-26,6,15,-9,30.40833219,38.21866909,-7.810336894,-36,-26,-10,-0.56,0.37,-0.93,FALSE
2,30,male,11,new,a,0,1.7294000000059668,85,45,-46,95,4,-42,28,19,9,54.81483984,56.92685365,-2.112013812,-46,-42,-4,-0.44,0.38,-0.82,FALSE
2,30,male,12,new,a,0,1.1457999999821027,60,59,-71,98,2,-61,16,13,3,61.51964456,65.37583651,-3.856191956,-71,-61,-10,-0.71,0.25,-0.96,FALSE
2,30,male,13,new,a,0,1.2625999999940518,65,35,-38,81,15,-34,20.66666667,20.66666667,0,43.25377312,47.1192341,-3.865460983,-38,-34,-4,-0.46,0.18,-0.64,FALSE
2,30,male,14,new,a,0,1.2464000000059627,83,52,-36,96,9,-33,33,24,9,50.4050262,53.72150407,-3.31647787,-36,-33,-3,-0.51,0.4,-0.91,FALSE
2,30,male,15,new,a,0,2.227700000017876,73,32,-44,95,17,-42,20.33333333,23.33333333,-3,48.47221426,56.10902086,-7.6368066,-44,-42,-2,-0.35,0.17,-0.52,FALSE
2,30,male,16,new,a,0,2.7956999999880736,59,17,-45,75,4,-39,10.33333333,13.33333333,-3,42.71871825,47.00590979,-4.287191544,-45,-39,-6,-0.23,0.29,-0.52,FALSE
2,30,male,17,new,a,0,1.247000000000014,59,53,-70,91,2,-60,14,11,3,59.44745579,61.97311245,-2.525656659,-70,-60,-10,-0.7,0.21,-0.91,FALSE
2,30,male,18,new,a,0,1.8448999999761213,41,39,-29,73,26,-21,17,26,-9,32.53715825,38.3753393,-5.838181059,-29,-21,-8,-0.71,0,-0.71,FALSE
2,30,male,19,new,a,0,1.129000000000019,75,51,-33,96,10,-31,31,25,6,46.30334761,52.92132525,-6.617977643,-33,-31,-2,-0.57,0.4,-0.97,FALSE
2,30,male,21,new,a,0,0.9608999999761636,62,41,-30,88,24,-21,24.33333333,30.33333333,-6,39.36439452,44.723844,-5.359449486,-30,-21,-9,-0.56,0.21,-0.77,FALSE
2,30,male,22,new,a,0,0.880300000011971,94,45,-8,97,10,-3,43.66666667,34.66666667,9,41.65199742,44.39469438,-2.74269696,-8,-3,-5,-0.05,0.66,-0.71,FALSE
2,30,male,23,new,a,0,0.7956999999880736,62,55,-78,93,7,-70,13,10,3,64.41014413,66.57827473,-2.168130606,-78,-70,-8,-0.7,0.07,-0.77,FALSE
2,30,male,24,new,a,0,1.0522000000178764,76,38,-12,82,9,-7,34,28,6,36.037018,38.73843914,-2.701421131,-12,-7,-5,-0.17,0.62,-0.79,FALSE
2,30,male,25,new,a,0,1.4626999999880468,45,40,-49,77,30,-44,12,21,-9,43.18178628,49.80629144,-6.624505153,-49,-44,-5,-0.7,-0.27,-0.43,FALSE
2,30,male,26,new,a,0,1.7129999999999654,63,62,-52,88,34,-49,24.33333333,24.33333333,0,53.97736151,56.34615239,-2.368790878,-52,-49,-3,-0.71,-0.25,-0.46,FALSE
2,30,male,27,new,a,0,1.0795000000000528,66,55,-73,97,23,-63,16,19,-3,63.09252465,65.38093504,-2.28841039,-73,-63,-10,-0.69,-0.09,-0.6,FALSE
2,30,male,28,new,a,0,1.1627999999820986,70,31,-60,87,5,-51,13.66666667,13.66666667,0,54.46915539,56.6705881,-2.20143271,-60,-51,-9,-0.45,0.23,-0.68,FALSE
2,30,male,29,new,a,0,1.5624000000059368,74,29,-58,96,13,-55,15,18,-3,54.79051013,61.74679479,-6.956284661,-58,-55,-3,-0.37,0.12,-0.49,FALSE
2,30,male,30,new,b,1,1.3629999999999995,72,24,-26,91,16,-19,23.33333333,29.33333333,-6,40.01110957,45.88633299,-5.875223425,-26,-19,-7,-0.02,0.41,-0.43,FALSE
2,30,male,31,new,a,0,2.229800000011892,57,33,-39,75,10,-34,17,17,0,40.79215611,44.77350407,-3.981347961,-39,-34,-5,-0.53,0.23,-0.76,FALSE
2,30,male,32,new,a,0,0.9297999999820944,82,41,-36,94,3,-28,29,23,6,48.91489207,51.77515492,-2.860262842,-36,-28,-8,-0.35,0.52,-0.87,FALSE
2,30,male,33,new,a,0,1.679599999994025,51,25,-16,72,5,-8,20,23,-3,27.58018612,35.05234181,-7.47215569,-16,-8,-8,-0.27,0.63,-0.9,FALSE
2,30,male,34,new,a,0,0.9599999999999796,86,35,-10,92,6,-5,37,31,6,39.2173431,43.36665386,-4.149310754,-10,-5,-5,0.08,0.67,-0.59,FALSE
2,30,male,35,new,a,0,1.5626999999880695,62,43,-86,99,27,-80,6.333333333,15.33333333,-9,65.74867975,73.54061614,-7.79193639,-86,-80,-6,-0.66,-0.23,-0.43,FALSE
2,30,male,36,new,a,0,1.1295999999940136,61,33,-4,66,7,-1,30,24,6,26.62079388,29.87752779,-3.25673391,-4,-1,-3,-0.17,0.67,-0.84,FALSE
2,30,male,37,new,a,0,1.01309999999404,56,49,-15,84,31,-7,30,36,-6,31.94787421,37.31844941,-5.370575202,-15,-7,-8,-0.68,0.2,-0.88,FALSE
2,30,male,38,new,a,0,1.2300000000000182,67,34,-14,82,3,-7,29,26,3,33.2565783,39.80787192,-6.551293622,-14,-7,-7,-0.22,0.67,-0.89,FALSE
2,30,male,39,new,a,0,1.2662999999821525,76,31,-39,96,19,-29,22.66666667,28.66666667,-6,47.31689856,51.48678363,-4.169885078,-39,-29,-10,-0.26,0.28,-0.54,FALSE
2,30,male,40,new,a,0,0.9964000000059628,73,35,-13,82,8,-4,31.66666667,28.66666667,3,35.18838192,38.02922853,-2.840846604,-13,-4,-9,-0.14,0.65,-0.79,FALSE
2,30,male,41,new,a,0,0.9963000000119564,84,38,-47,98,2,-43,25,19,6,54.26478293,58.80476171,-4.53997878,-47,-43,-4,-0.35,0.41,-0.76,FALSE
2,30,male,42,new,a,0,0.9466999999880272,83,36,-11,86,2,-7,36,27,9,38.3753393,41.88078318,-3.505443879,-11,-7,-4,0,0.68,-0.68,FALSE
2,30,male,0,old,b,1,2.0548000000119373,79,16,-61,58,42,-57,11.33333333,14.33333333,-3,57.24993935,50.86146762,6.388471726,-61,-57,-4,-0.12,-0.65,0.53,FALSE
2,30,male,1,old,a,0,1.7290000000000418,98,58,-16,96,41,-6,46.66666667,43.66666667,3,47.22522866,41.6839964,5.541232266,-16,-6,-10,-0.35,0.1,-0.45,FALSE
2,30,male,2,old,a,0,1.262599999993995,46,30,-55,47,6,-50,7,1,6,44.32456054,39.75759885,4.566961681,-55,-50,-5,-0.64,-0.19,-0.45,FALSE
2,30,male,3,old,b,1,1.063000000000102,63,16,-47,44,40,-43,10.66666667,13.66666667,-3,45.0653846,40.10264608,4.962738522,-47,-43,-4,-0.18,-0.7,0.52,FALSE
2,30,male,4,old,b,1,0.8951000000238309,53,8,-35,40,19,-33,8.666666667,8.666666667,0,35.92894222,30.68477726,5.244164957,-35,-33,-2,0.03,-0.47,0.5,FALSE
2,30,male,5,old,b,1,0.8296999999881791,82,11,-76,60,51,-67,5.666666667,14.66666667,-9,64.61338011,57.86382482,6.749555292,-76,-67,-9,-0.12,-0.69,0.57,FALSE
2,30,male,6,old,a,0,0.8292000000179769,70,51,-43,75,10,-34,26,17,9,49.40310382,44.77350407,4.629599747,-43,-34,-9,-0.63,0.23,-0.86,FALSE
2,30,male,7,old,b,1,0.6468000000119218,56,8,-52,40,33,-43,4,10,-6,44.18144407,37.58545818,6.595985888,-52,-43,-9,-0.14,-0.69,0.55,FALSE
2,30,male,8,old,a,0,0.5638000000118382,79,13,-40,74,33,-37,17.33333333,23.33333333,-6,48.67808085,45.82818153,2.849899325,-40,-37,-3,0.13,-0.31,0.44,FALSE
2,30,male,9,old,b,1,0.8274999999999864,92,2,-70,66,50,-65,8,17,-9,66.2721661,58.34952156,7.92264454,-70,-65,-5,0.14,-0.67,0.81,FALSE
2,30,male,10,old,a,0,1.0126999999880582,77,69,-21,82,39,-14,41.66666667,35.66666667,6,44.43222054,39.26264835,5.16957219,-21,-14,-7,-0.69,-0.13,-0.56,FALSE
2,30,male,11,old,b,1,0.5968000000119673,99,52,-13,90,75,-9,46,52,-6,45.92022067,43.56604182,2.354178852,-13,-9,-4,-0.19,-0.64,0.45,FALSE
2,30,male,12,old,a,0,0.7465999999940323,80,43,-35,75,18,-32,29.33333333,20.33333333,9,47.93282336,43.71371511,4.219108251,-35,-32,-3,-0.4,0.08,-0.48,FALSE
2,30,male,13,old,b,1,0.5301000000239355,61,12,-35,44,34,-31,12.66666667,15.66666667,-3,39.19467084,33.24989557,5.944775267,-35,-31,-4,0.03,-0.66,0.69,FALSE
2,30,male,14,old,a,0,0.4964000000060196,65,13,-18,61,36,-10,20,29,-9,34.24422092,29.40521496,4.839005967,-18,-10,-8,0.3,-0.34,0.64,FALSE
2,30,male,15,old,b,1,0.6801999999880763,57,44,-13,53,29,-3,29.33333333,26.33333333,3,30.40102337,22.93953405,7.461489329,-13,-3,-10,-0.61,-0.17,-0.44,FALSE
2,30,male,16,old,b,1,0.8462999999820795,74,21,-46,56,42,-40,16.33333333,19.33333333,-3,49.10080334,42.34251869,6.758284654,-46,-40,-6,-0.14,-0.65,0.51,FALSE
2,30,male,17,old,b,1,1.417999999999893,85,24,-45,67,54,-39,21.33333333,27.33333333,-6,53.10576449,47.20404879,5.901715701,-45,-39,-6,-0.08,-0.67,0.59,FALSE
2,30,male,18,old,a,0,0.6284999999999172,79,63,-12,80,36,-4,43.33333333,37.33333333,6,39.6680672,34.30581421,5.362252988,-12,-4,-8,-0.62,0.06,-0.68,FALSE
2,30,male,19,old,b,1,0.6284000000059677,70,57,-28,78,40,-19,33,33,0,43.45879274,39.90822806,3.550564686,-28,-19,-9,-0.66,-0.26,-0.4,FALSE
2,30,male,20,old,a,0,0.5456999999880736,78,43,-10,60,54,-3,37,37,0,36.17549815,28.39013913,7.785359021,-10,-3,-7,-0.24,-0.68,0.44,FALSE
2,30,male,21,old,b,1,0.31150000000002365,91,22,-54,72,61,-47,19.66666667,28.66666667,-9,59.21899095,53.69254035,5.526450601,-54,-47,-7,-0.06,-0.68,0.62,FALSE
2,30,male,22,old,a,0,1.6119000000059032,87,78,-16,94,52,-6,49.66666667,46.66666667,3,46.57848812,40.99864496,5.579843156,-16,-6,-10,-0.69,-0.19,-0.5,FALSE
2,30,male,23,old,a,0,0.961200000017925,46,32,-39,42,9,-30,13,7,6,37.21110945,29.42787794,7.783231513,-39,-30,-9,-0.63,-0.1,-0.53,FALSE
2,30,male,24,old,b,1,1.4605000000000246,60,5,-41,53,30,-32,8,17,-9,41.28760912,35.89800366,5.389605459,-41,-32,-9,0.11,-0.5,0.61,FALSE
2,30,male,25,old,b,1,1.4294000000058986,96,19,-78,77,43,-74,12.33333333,15.33333333,-3,71.19144768,64.67525716,6.516190515,-78,-74,-4,-0.14,-0.56,0.42,FALSE
2,30,male,26,old,a,0,1.129300000011881,53,40,-11,50,25,-2,27.33333333,24.33333333,3,27.62044331,21.23414441,6.386298903,-11,-2,-9,-0.59,-0.05,-0.54,FALSE
2,30,male,27,old,a,0,0.9450999999939996,73,52,-43,84,13,-33,27.33333333,21.33333333,6,50.4667107,48.12714642,2.339564283,-43,-33,-10,-0.62,0.25,-0.87,FALSE
2,30,male,28,old,a,0,0.9625999999940404,79,64,-29,81,28,-22,38,29,9,47.77028365,42.05551886,5.714764789,-29,-22,-7,-0.66,0.04,-0.7,FALSE
2,30,male,29,old,b,1,2.179699999988088,57,19,-12,42,29,-7,21.33333333,21.33333333,0,28.21740991,20.72572208,7.491687838,-12,-7,-5,0.12,-0.5,0.62,FALSE
2,30,male,30,old,b,1,1.163400000005936,74,5,-55,57,19,-52,8,8,0,52.70673581,45.17373868,7.532997129,-55,-52,-3,0.09,-0.35,0.44,FALSE
2,30,male,31,old,b,1,1.7960999999939986,98,42,-26,70,68,-24,38,38,0,50.70174224,43.84822307,6.853519172,-26,-24,-2,-0.12,-0.71,0.59,FALSE
2,30,male,32,old,b,1,1.2625000000000457,64,62,-48,70,29,-39,26,20,6,52.33227175,44.95182607,7.380445685,-48,-39,-9,-0.71,-0.29,-0.42,FALSE
2,30,male,33,old,b,1,1.6783000000119728,48,21,-20,41,36,-10,16.33333333,22.33333333,-6,27.95631513,22.9540604,5.002254727,-20,-10,-10,-0.25,-0.68,0.43,FALSE
2,30,male,34,old,a,0,1.1462999999821477,91,79,-11,99,39,-6,53,44,9,45.51922671,43.01162634,2.507600372,-11,-6,-5,-0.67,0.17,-0.84,FALSE
2,30,male,35,old,b,1,1.4129000000059475,82,31,-53,64,62,-48,20,26,-6,55.6596802,52.33227175,3.327408449,-53,-48,-5,-0.29,-0.71,0.42,FALSE
2,30,male,36,old,b,1,1.0798000000119146,48,3,-24,46,23,-15,9,18,-9,29.69848481,25.15286597,4.545618837,-24,-15,-9,0.29,-0.29,0.58,FALSE
2,30,male,37,old,a,0,1.079400000005876,65,57,-40,69,18,-32,27.33333333,18.33333333,9,47.72374205,41.23375101,6.489991045,-40,-32,-8,-0.69,0.01,-0.7,FALSE
2,30,male,38,old,a,0,1.3624000000058911,85,68,-15,91,43,-5,46,43,3,43.68828981,39.19183588,4.496453927,-15,-5,-10,-0.63,0,-0.63,FALSE
2,30,male,40,old,a,0,1.3959999999999582,79,40,-26,73,13,-20,31,22,9,43.33589736,38.49675311,4.83914425,-26,-20,-6,-0.3,0.34,-0.64,FALSE
2,30,male,41,old,a,0,1.07939999997609,58,38,-11,53,25,-2,28.33333333,25.33333333,3,28.98658694,22.45489306,6.531693879,-11,-2,-9,-0.46,0.02,-0.48,FALSE
2,30,male,42,old,b,1,1.1629000000059475,59,9,-67,40,31,-61,0.333333333,3.333333333,-3,51.80304581,45.63867755,6.164368259,-67,-61,-6,-0.25,-0.69,0.44,FALSE
2,30,male,0,new,a,0,1.3433999999761,87,54,-16,96,14,-12,41.66666667,32.66666667,9,42.94440851,46.02414825,-3.079739742,-16,-12,-4,-0.41,0.54,-0.95,FALSE
2,30,male,1,new,a,0,0.8299000000059777,78,57,-50,98,6,-46,28.33333333,19.33333333,9,56.04958123,59.5389695,-3.489388273,-50,-46,-4,-0.63,0.32,-0.95,FALSE
2,30,male,2,new,a,0,1.0129000000059705,56,21,-48,76,2,-40,9.666666667,12.66666667,-3,43.20750964,47.95368136,-4.74617172,-48,-40,-8,-0.38,0.32,-0.7,FALSE
2,30,male,3,new,a,0,1.1129000000059932,44,36,-47,66,12,-45,11,11,0,41.14203041,45.32107677,-4.17904636,-47,-45,-2,-0.69,-0.03,-0.66,FALSE
2,30,male,4,new,b,1,1.2793999999761354,69,50,-40,89,13,-32,26.33333333,23.33333333,3,47.54179448,49.93551397,-2.393719493,-40,-32,-8,-0.62,0.3,-0.92,FALSE
2,30,male,5,new,a,0,1.3795000000000073,73,45,-52,99,1,-43,22,19,3,53.55993528,59.35205697,-5.792121696,-52,-43,-9,-0.56,0.43,-0.99,FALSE
2,30,male,6,new,a,0,1.0128999999761843,80,38,-19,90,6,-15,33,27,6,40.57092555,45.36518489,-4.794259339,-19,-15,-4,-0.18,0.6,-0.78,FALSE
2,30,male,7,new,a,0,1.0626999999881264,54,51,-50,87,14,-46,18.33333333,18.33333333,0,48.33448274,54.3834125,-6.048929759,-50,-46,-4,-0.71,0.12,-0.83,FALSE
2,30,male,8,new,a,0,1.3795999999940705,47,44,-54,78,9,-50,12.33333333,12.33333333,0,46.92073695,52.3089115,-5.388174553,-54,-50,-4,-0.7,0.1,-0.8,FALSE
2,30,male,9,new,b,1,1.3960999999940211,66,47,-58,95,21,-52,18.33333333,21.33333333,-3,54.53031777,60.01296156,-5.482643798,-58,-52,-6,-0.64,0.01,-0.65,FALSE
2,30,male,10,new,a,0,2.1287000000179432,45,26,-62,73,18,-55,3,12,-9,46.61187259,52.42772803,-5.815855439,-62,-55,-7,-0.62,-0.17,-0.45,FALSE
2,30,male,11,new,a,0,1.6115999999940414,37,15,-44,59,10,-34,2.666666667,11.66666667,-9,34.19876541,37.9853773,-3.786611894,-44,-34,-10,-0.49,0.07,-0.56,FALSE
2,30,male,12,new,a,0,0.7792999999820722,82,49,-19,98,16,-11,37.33333333,34.33333333,3,42.05023451,46.34891824,-4.298683734,-19,-11,-8,-0.39,0.53,-0.92,FALSE
2,30,male,13,new,a,0,1.0299000000060232,53,40,-78,88,6,-70,5,8,-3,58.92933621,64.51873113,-5.589394916,-78,-70,-8,-0.68,0.05,-0.73,FALSE
2,30,male,14,new,a,0,1.3129999999999882,72,42,-20,78,6,-17,31.33333333,22.33333333,9,38.30868773,40.46672158,-2.158033852,-20,-17,-3,-0.4,0.54,-0.94,FALSE
2,30,male,15,new,a,0,1.8124000000060505,88,50,-27,96,11,-23,37,28,9,47.84001115,50.04664491,-2.206633761,-27,-23,-4,-0.39,0.47,-0.86,FALSE
2,30,male,16,new,a,0,2.878900000005956,38,17,-31,62,16,-27,8,17,-9,28.87905816,36.34097779,-7.461919633,-31,-27,-4,-0.44,0.04,-0.48,FALSE
2,30,male,17,new,a,0,2.129400000005944,32,24,-44,60,15,-36,4,13,-9,34.09789827,39.2173431,-5.119444829,-44,-36,-8,-0.68,-0.08,-0.6,FALSE
2,30,male,18,new,b,1,1.828000000000088,86,32,-13,90,5,-8,35,29,6,40.47221269,43.45879274,-2.986580053,-13,-8,-5,0.11,0.66,-0.55,FALSE
2,30,male,19,new,a,0,1.2294000000059668,31,25,-52,57,4,-48,1.333333333,4.333333333,-3,37.79182745,42.86671851,-5.074891054,-52,-48,-4,-0.69,0.01,-0.7,FALSE
2,30,male,20,new,a,0,0.8464000000059286,75,48,-36,95,7,-33,29,23,6,47.26520919,53.46650042,-6.201291223,-36,-33,-3,-0.54,0.42,-0.96,FALSE
2,30,male,21,new,a,0,1.679599999994025,62,44,-43,91,27,-37,21,27,-6,45.84757355,52.25578118,-6.408207634,-43,-37,-6,-0.63,0,-0.63,FALSE
2,30,male,22,new,b,1,1.3964000000058832,59,30,-17,77,20,-7,24,30,-6,31.31559782,35.0142828,-3.698684983,-17,-7,-10,-0.28,0.41,-0.69,FALSE
2,30,male,23,new,a,0,1.3525000000000773,43,31,-49,75,8,-40,8.333333333,14.33333333,-6,40.83571422,47.16166051,-6.325946295,-49,-40,-9,-0.66,0.2,-0.86,FALSE
2,30,male,24,new,a,0,0.9132999999820868,80,48,-26,89,7,-21,34,25,9,44.39219151,46.6761895,-2.283997999,-26,-21,-5,-0.44,0.52,-0.96,FALSE
2,30,male,25,new,a,0,1.0298000000118464,73,23,-91,92,2,-89,1.666666667,1.666666667,0,68.63105873,73.89331649,-5.262257764,-91,-89,-2,-0.44,-0.01,-0.43,FALSE
2,30,male,26,new,a,0,1.0796999999880654,68,60,-38,99,37,-28,30,36,-6,48.19405219,51.85235449,-3.658302303,-38,-28,-10,-0.69,-0.03,-0.66,FALSE
2,30,male,27,new,a,0,1.3629000000059932,44,31,-57,70,16,-50,6,12,-6,44.86275367,49.07137659,-4.208622918,-57,-50,-7,-0.66,-0.12,-0.54,FALSE
2,30,male,28,new,a,0,0.9959000000060314,42,23,-11,63,18,-9,18,24,-6,21.92411154,29.69848481,-7.774373273,-11,-9,-2,-0.33,0.29,-0.62,FALSE
2,30,male,29,new,a,0,0.9627000000178896,54,34,-67,84,8,-62,7,10,-3,52.95910372,59.62102537,-6.661921656,-67,-62,-5,-0.63,0.05,-0.68,FALSE
2,30,male,30,new,a,0,0.979799999982106,58,27,-46,74,5,-40,13,13,0,43.59663596,46.88283268,-3.286196723,-46,-40,-6,-0.45,0.25,-0.7,FALSE
2,30,male,31,new,a,0,0.9958999999761318,72,24,-83,93,6,-77,4.333333333,7.333333333,-3,64.78854494,69.40861298,-4.620068037,-83,-77,-6,-0.43,0.03,-0.46,FALSE
2,30,male,32,new,a,0,0.6967000000178132,89,36,-51,98,7,-49,24.66666667,18.66666667,6,57.71385353,60.5768566,-2.863003074,-51,-49,-2,-0.29,0.28,-0.57,FALSE
2,30,male,33,new,a,0,0.6630000000000109,86,41,-34,96,4,-25,31,25,6,49.49747468,51.58165048,-2.084175801,-34,-25,-9,-0.29,0.54,-0.83,FALSE
2,30,male,34,new,a,0,1.1705999999940104,49,45,-36,87,24,-26,19.33333333,28.33333333,-9,39.16063783,46.23370584,-7.073068005,-36,-26,-10,-0.7,0.14,-0.84,FALSE
2,30,male,35,new,a,0,1.3462999999820795,85,51,-7,92,14,-4,43,34,9,37.98245209,41.66533331,-3.682881223,-7,-4,-3,-0.31,0.61,-0.92,FALSE
2,30,male,36,new,a,0,1.1467000000178589,69,45,-22,90,19,-17,30.66666667,30.66666667,0,38.50829636,44.45472103,-5.94642467,-22,-17,-5,-0.51,0.38,-0.89,FALSE
2,30,male,37,new,a,0,1.2275999999941405,38,36,-51,71,20,-41,7.666666667,16.66666667,-9,41.49163236,45.78451946,-4.292887105,-51,-41,-10,-0.71,-0.11,-0.6,FALSE
2,30,male,38,new,a,0,0.929599999994025,71,38,-70,91,1,-62,13,10,3,60.21627687,62.78534861,-2.56907174,-70,-62,-8,-0.55,0.21,-0.76,FALSE
2,30,male,39,new,a,0,0.8464999999999918,79,50,-10,95,17,-2,39.66666667,36.66666667,3,37.06151043,41.97088938,-4.90937895,-10,-2,-8,-0.4,0.6,-1,FALSE
2,30,male,40,new,a,0,0.8962999999821477,68,52,-62,94,9,-54,19.33333333,16.33333333,3,57.88110419,60.64285247,-2.761748279,-62,-54,-8,-0.67,0.18,-0.85,FALSE
2,30,male,41,new,a,0,0.9133000000119864,73,53,-41,99,7,-39,28.33333333,22.33333333,6,49.70133019,57.37207993,-7.670749745,-41,-39,-2,-0.62,0.38,-1,FALSE
3,49,male,0,new,b,1,5.505199999988122,57,33,-39,75,10,-34,17,17,0,40.79215611,44.77350407,-3.981347961,-39,-34,-5,-0.53,0.23,-0.76,FALSE
3,49,male,1,new,a,0,5.238599999993994,75,60,-69,99,6,-66,22,13,9,64.63745044,67.54257916,-2.905128718,-69,-66,-3,-0.68,0.15,-0.83,FALSE
3,49,male,2,new,b,1,4.81790000000592,41,39,-29,73,26,-21,17,26,-9,32.53715825,38.3753393,-5.838181059,-29,-21,-8,-0.71,0,-0.71,FALSE
3,49,male,3,new,b,1,2.818200000017896,67,58,-29,93,49,-19,32,41,-9,43.28972164,46.07240678,-2.782685138,-29,-19,-10,-0.68,-0.26,-0.42,FALSE
3,49,male,4,new,a,0,3.764399999976149,67,34,-14,82,3,-7,29,26,3,33.2565783,39.80787192,-6.551293622,-14,-7,-7,-0.22,0.67,-0.89,FALSE
3,49,male,5,new,a,0,2.856700000017895,74,29,-58,96,13,-55,15,18,-3,54.79051013,61.74679479,-6.956284661,-58,-55,-3,-0.37,0.12,-0.49,FALSE
3,49,male,6,new,b,1,2.972900000005893,56,49,-15,84,31,-7,30,36,-6,31.94787421,37.31844941,-5.370575202,-15,-7,-8,-0.68,0.2,-0.88,FALSE
3,49,male,7,new,b,1,3.0996999999880472,51,25,-16,72,5,-8,20,23,-3,27.58018612,35.05234181,-7.47215569,-16,-8,-8,-0.27,0.63,-0.9,FALSE
3,49,male,8,new,b,1,4.535299999982044,56,39,-80,86,11,-73,5,8,-3,60.50344343,64.94613152,-4.442688096,-80,-73,-7,-0.67,-0.07,-0.6,FALSE
3,49,male,9,new,a,0,5.9249999999999545,71,36,-38,93,11,-35,23,23,0,45.43860326,52.94021786,-7.501614591,-38,-35,-3,-0.41,0.33,-0.74,FALSE
3,49,male,10,new,b,1,3.4479000000060296,45,40,-49,77,30,-44,12,21,-9,43.18178628,49.80629144,-6.624505153,-49,-44,-5,-0.7,-0.27,-0.43,FALSE
3,49,male,11,new,a,0,2.566199999988044,85,45,-46,95,4,-42,28,19,9,54.81483984,56.92685365,-2.112013812,-46,-42,-4,-0.44,0.38,-0.82,FALSE
3,49,male,12,new,a,0,7.783000000000015,60,59,-71,98,2,-61,16,13,3,61.51964456,65.37583651,-3.856191956,-71,-61,-10,-0.71,0.25,-0.96,FALSE
3,49,male,13,new,b,1,7.253100000023892,59,34,-23,76,30,-18,23.33333333,29.33333333,-6,34.31552936,38.37823457,-4.062705208,-23,-18,-5,-0.44,-0.03,-0.41,FALSE
3,49,male,14,new,a,0,4.326999999999998,82,33,-22,91,7,-14,31,28,3,42.48136847,45.36518489,-2.883816424,-22,-14,-8,-0.07,0.6,-0.67,FALSE
3,49,male,15,new,b,1,6.521399999976097,73,32,-44,95,17,-42,20.33333333,23.33333333,-3,48.47221426,56.10902086,-7.6368066,-44,-42,-2,-0.35,0.17,-0.52,FALSE
3,49,male,16,new,a,0,2.729099999994105,75,51,-33,96,10,-31,31,25,6,46.30334761,52.92132525,-6.617977643,-33,-31,-2,-0.57,0.4,-0.97,FALSE
3,49,male,17,new,a,0,2.704499999999939,74,56,-98,99,2,-96,10.66666667,1.666666667,9,77.18952145,79.60876557,-2.4192441160000002,-98,-96,-2,-0.68,-0.01,-0.67,FALSE
3,49,male,18,new,b,1,4.3590999999941005,35,19,-36,66,5,-26,6,15,-9,30.40833219,38.21866909,-7.810336894,-36,-26,-10,-0.56,0.37,-0.93,FALSE
3,49,male,19,new,a,0,3.1097999999821013,66,55,-73,97,23,-63,16,19,-3,63.09252465,65.38093504,-2.28841039,-73,-63,-10,-0.69,-0.09,-0.6,FALSE
3,49,male,20,new,b,1,4.025999999999954,62,41,-30,88,24,-21,24.33333333,30.33333333,-6,39.36439452,44.723844,-5.359449486,-30,-21,-9,-0.56,0.21,-0.77,FALSE
3,49,male,21,new,a,0,5.759599999994066,63,62,-52,88,34,-49,24.33333333,24.33333333,0,53.97736151,56.34615239,-2.368790878,-52,-49,-3,-0.71,-0.25,-0.46,FALSE
3,49,male,22,new,b,1,5.315500000000043,59,17,-45,75,4,-39,10.33333333,13.33333333,-3,42.71871825,47.00590979,-4.287191544,-45,-39,-6,-0.23,0.29,-0.52,FALSE
3,49,male,23,new,a,0,3.739599999994084,83,36,-11,86,2,-7,36,27,9,38.3753393,41.88078318,-3.505443879,-11,-7,-4,0,0.68,-0.68,FALSE
3,49,male,24,new,a,0,2.697999999999979,86,35,-10,92,6,-5,37,31,6,39.2173431,43.36665386,-4.149310754,-10,-5,-5,0.08,0.67,-0.59,FALSE
3,49,male,25,new,b,1,3.9726999999880954,62,43,-86,99,27,-80,6.333333333,15.33333333,-9,65.74867975,73.54061614,-7.79193639,-86,-80,-6,-0.66,-0.23,-0.43,FALSE
3,49,male,26,new,b,1,4.614400000005958,72,24,-26,91,16,-19,23.33333333,29.33333333,-6,40.01110957,45.88633299,-5.875223425,-26,-19,-7,-0.02,0.41,-0.43,FALSE
3,49,male,27,new,a,0,5.907099999993989,84,38,-47,98,2,-43,25,19,6,54.26478293,58.80476171,-4.53997878,-47,-43,-4,-0.35,0.41,-0.76,FALSE
3,49,male,28,new,a,0,3.840200000017944,62,55,-78,93,7,-70,13,10,3,64.41014413,66.57827473,-2.168130606,-78,-70,-8,-0.7,0.07,-0.77,FALSE
3,49,male,29,new,b,1,3.993700000017952,40,34,-14,62,29,-4,20,29,-9,24.16609195,26.94438717,-2.778295223,-14,-4,-10,-0.67,0,-0.67,FALSE
3,49,male,30,new,b,1,3.7935999999940577,58,27,-28,78,17,-20,19,25,-6,35.56215217,40.40627014,-4.844117975,-28,-20,-8,-0.33,0.29,-0.62,FALSE
3,49,male,31,new,a,0,4.514900000005923,76,38,-12,82,9,-7,34,28,6,36.037018,38.73843914,-2.701421131,-12,-7,-5,-0.17,0.62,-0.79,FALSE
3,49,male,32,new,a,0,3.032700000017826,94,45,-8,97,10,-3,43.66666667,34.66666667,9,41.65199742,44.39469438,-2.74269696,-8,-3,-5,-0.05,0.66,-0.71,FALSE
3,49,male,33,new,a,0,5.690400000005866,82,41,-36,94,3,-28,29,23,6,48.91489207,51.77515492,-2.860262842,-36,-28,-8,-0.35,0.52,-0.87,FALSE
3,49,male,34,new,a,0,5.258600000023762,83,52,-36,96,9,-33,33,24,9,50.4050262,53.72150407,-3.31647787,-36,-33,-3,-0.51,0.4,-0.91,FALSE
3,49,male,35,new,a,0,5.575300000011907,59,53,-70,91,2,-60,14,11,3,59.44745579,61.97311245,-2.525656659,-70,-60,-10,-0.7,0.21,-0.91,FALSE
3,49,male,36,new,b,1,3.8432999999821504,76,31,-39,96,19,-29,22.66666667,28.66666667,-6,47.31689856,51.48678363,-4.169885078,-39,-29,-10,-0.26,0.28,-0.54,FALSE
3,49,male,37,new,a,0,3.822999999999979,73,35,-13,82,8,-4,31.66666667,28.66666667,3,35.18838192,38.02922853,-2.840846604,-13,-4,-9,-0.14,0.65,-0.79,FALSE
3,49,male,38,new,a,0,2.836999999999989,61,33,-4,66,7,-1,30,24,6,26.62079388,29.87752779,-3.25673391,-4,-1,-3,-0.17,0.67,-0.84,FALSE
3,49,male,40,new,b,1,5.964900000005969,70,31,-60,87,5,-51,13.66666667,13.66666667,0,54.46915539,56.6705881,-2.20143271,-60,-51,-9,-0.45,0.23,-0.68,FALSE
3,49,male,41,new,b,1,5.528400000005945,65,35,-38,81,15,-34,20.66666667,20.66666667,0,43.25377312,47.1192341,-3.865460983,-38,-34,-4,-0.46,0.18,-0.64,FALSE
3,49,male,42,new,b,1,7.574499999999944,65,61,-27,97,23,-21,33,33,0,42.45782221,48.68949236,-6.231670156,-27,-21,-6,-0.7,0.3,-1,FALSE
3,49,male,0,old,b,1,4.476299999982075,83,23,-56,70,49,-51,16.66666667,22.66666667,-6,56.92294987,52.7909925,4.131957375,-56,-51,-5,-0.17,-0.62,0.45,FALSE
3,49,male,1,old,b,1,3.374500000000012,99,51,-13,95,36,-3,45.66666667,42.66666667,3,45.87906809,40.28509512,5.59397297,-13,-3,-10,-0.17,0.24,-0.41,FALSE
3,49,male,2,old,a,0,2.741999999999962,93,64,-10,95,40,-6,49,43,6,43.36665386,41.28760912,2.079044738,-10,-6,-4,-0.48,0.11,-0.59,FALSE
3,49,male,3,old,b,1,3.0404000000060023,75,4,-67,57,43,-61,4,13,-9,57.97125725,52.63712252,5.334134731,-67,-61,-6,0,-0.67,0.67,FALSE
3,49,male,4,old,b,1,4.87609999999404,91,67,-10,95,46,-2,49.33333333,46.33333333,3,43.08389748,39.60078563,3.483111855,-10,-2,-8,-0.55,0.01,-0.56,FALSE
3,49,male,6,old,b,1,6.506800000011708,80,10,-63,59,46,-60,9,15,-6,58.3837877,53.2979049,5.085882805,-63,-60,-3,-0.03,-0.68,0.65,FALSE
3,49,male,7,old,a,0,3.26299999999992,74,43,-22,76,14,-13,31.66666667,25.66666667,6,40.00277768,37.25885428,2.743923402,-22,-13,-9,-0.4,0.44,-0.84,FALSE
3,49,male,8,old,b,1,2.810599999993883,92,60,-21,99,43,-11,43.66666667,43.66666667,0,47.55581516,44.90978611,2.646029045,-21,-11,-10,-0.47,0.02,-0.49,FALSE
3,49,male,9,old,b,1,4.091700000017909,99,35,-16,88,50,-11,39.33333333,42.33333333,-3,47.0484384,40.77853466,6.269903738,-16,-11,-5,0.14,-0.28,0.42,FALSE
3,49,male,10,old,a,0,6.209500000000162,66,31,-13,68,19,-3,28,28,0,32.3213036,29.67602849,2.645275119,-13,-3,-10,-0.14,0.43,-0.57,FALSE
3,49,male,11,old,b,1,2.556500000000142,91,75,-12,94,55,-4,51.33333333,48.33333333,3,45.25728916,40.28509512,4.97219404,-12,-4,-8,-0.64,-0.24,-0.4,FALSE
3,49,male,12,old,b,1,3.5309000000061133,67,11,-13,61,36,-5,21.66666667,30.66666667,-9,33.51948024,27.20702524,6.312455003,-13,-5,-8,0.45,-0.29,0.74,FALSE
3,49,male,13,old,a,0,2.2485999999942123,91,81,-24,99,44,-22,49.33333333,40.33333333,9,52.01495511,49.46603773,2.548917383,-24,-22,-2,-0.69,-0.11,-0.58,FALSE
3,49,male,14,old,b,1,4.159500000000207,63,2,-47,49,23,-45,6,9,-3,44.99629614,39.63163719,5.36465895,-47,-45,-2,0.13,-0.49,0.62,FALSE
3,49,male,15,old,b,1,4.143000000000029,98,41,-24,75,68,-19,38.33333333,41.33333333,-3,49.8419725,42.75771535,7.084257142,-24,-19,-5,-0.08,-0.69,0.61,FALSE
3,49,male,16,old,b,1,2.8280999999940377,53,8,-34,41,23,-28,9,12,-3,35.52463934,29.22327839,6.301360944,-34,-28,-6,0.04,-0.51,0.55,FALSE
3,49,male,17,old,b,1,3.5105000000000928,76,3,-64,59,38,-55,5,14,-9,57.17225434,49.53786431,7.634390037,-64,-55,-9,0.05,-0.61,0.66,FALSE
3,49,male,18,old,b,1,3.039400000006026,64,24,-23,50,35,-20,21.66666667,21.66666667,0,35.55590278,30.09245014,5.463452634,-23,-20,-3,-0.1,-0.58,0.48,FALSE
3,49,male,19,old,b,1,3.3585999999941123,85,2,-81,57,52,-76,2,11,-9,67.76921622,61.55214591,6.217070303,-81,-76,-5,0,-0.7,0.7,FALSE
3,49,male,20,old,a,0,3.153699999988021,84,27,-36,73,4,-29,25,16,9,49.01020302,42.49705872,6.513144298,-36,-29,-7,-0.06,0.4,-0.46,FALSE
3,49,male,21,old,b,1,2.945400000005975,80,2,-60,69,30,-50,7.333333333,16.33333333,-9,57.27904406,49.5333782,7.745665868,-60,-50,-10,0.14,-0.39,0.53,FALSE
3,49,male,22,old,a,0,3.6778000000119846,83,50,-11,85,29,-1,40.66666667,37.66666667,3,38.93869826,35.64017708,3.298521182,-11,-1,-10,-0.35,0.35,-0.7,FALSE
3,49,male,23,old,a,0,4.508000000000038,97,58,-61,98,20,-51,31.33333333,22.33333333,9,67.20284386,60.85136719,6.351476665,-61,-51,-10,-0.53,0.06,-0.59,FALSE
3,49,male,24,old,a,0,3.2921999999880427,91,54,-88,96,14,-80,19,10,9,77.1535266,71.90734779,5.246178806,-88,-80,-8,-0.59,-0.08,-0.51,FALSE
3,49,male,25,old,a,0,3.898299999982101,90,44,-48,88,16,-45,28.66666667,19.66666667,9,57.37207993,54.3588897,3.013190235,-48,-45,-3,-0.38,0.1,-0.48,FALSE
3,49,male,26,old,a,0,2.5778999999761254,94,70,-40,98,38,-30,41.33333333,35.33333333,6,58.33999962,52.2897908,6.050208816,-40,-30,-10,-0.62,-0.08,-0.54,FALSE
3,49,male,27,old,b,1,2.942299999982197,88,33,-10,73,59,-3,37,43,-6,40.10818703,33.02524287,7.082944157,-10,-3,-7,0.15,-0.61,0.76,FALSE
3,49,male,28,old,a,0,2.6579999999999018,70,12,-66,45,34,-63,5.333333333,5.333333333,0,55.72152985,48.52719741,7.194332436,-66,-63,-3,-0.18,-0.68,0.5,FALSE
3,49,male,29,old,b,1,2.9379000000058118,69,24,-23,60,43,-15,23.33333333,29.33333333,-6,37.56180093,32.10745846,5.454342465,-23,-15,-8,-0.03,-0.56,0.53,FALSE
3,49,male,30,old,a,0,3.1461999999880845,93,58,-8,94,41,-1,47.66666667,44.66666667,3,41.87547678,38.87015422,3.005322563,-8,-1,-7,-0.36,0.14,-0.5,FALSE
3,49,male,31,old,a,0,4.491600000023936,61,54,-82,79,11,-75,11,5,6,65.82299497,63.01322612,2.809768844,-82,-75,-7,-0.7,-0.14,-0.56,FALSE
3,49,male,32,old,b,1,2.910199999987981,53,9,-17,37,30,-13,15,18,-3,28.89059824,22.10580618,6.784792065,-17,-13,-4,0.3,-0.65,0.95,FALSE
3,49,male,33,old,b,1,3.023099999994201,93,31,-8,70,68,-4,38.66666667,44.66666667,-6,41.5879256,34.42221505,7.165710549,-8,-4,-4,0.27,-0.71,0.98,FALSE
3,49,male,34,old,b,1,2.964599999994107,88,17,-44,82,43,-37,20.33333333,29.33333333,-9,53.94029621,49.5333782,4.406918017,-44,-37,-7,0.09,-0.39,0.48,FALSE
3,49,male,35,old,b,1,4.219400000005862,67,19,-22,60,38,-16,21.33333333,27.33333333,-6,36.37153955,31.93048004,4.441059506,-22,-16,-6,0.1,-0.46,0.56,FALSE
3,49,male,36,old,b,1,2.0880999999940286,95,48,-30,71,67,-25,37.66666667,37.66666667,0,51.55148451,44.3421044,7.209380118,-30,-25,-5,-0.29,-0.7,0.41,FALSE
3,49,male,37,old,a,0,4.282199999988052,56,42,-72,65,9,-66,8.666666667,2.666666667,6,57.32558087,53.66770185,3.657879018,-72,-66,-6,-0.68,-0.18,-0.5,FALSE
3,49,male,38,old,a,0,3.966400000005933,80,72,-12,88,45,-2,46.66666667,43.66666667,3,41.61196409,36.7544404,4.857523695,-12,-2,-10,-0.69,-0.05,-0.64,FALSE
3,49,male,39,old,a,0,3.047900000005938,68,25,-12,60,2,-8,27,18,9,32.69046752,29.97776954,2.712697979,-12,-8,-4,0.09,0.65,-0.56,FALSE
3,49,male,40,old,b,1,4.807299999982206,55,15,-13,42,31,-7,19,22,-3,27.90459938,20.99206199,6.91253739,-13,-7,-6,0.21,-0.56,0.77,FALSE
3,49,male,41,old,b,1,3.078900000005888,77,25,-58,53,45,-54,14.66666667,14.66666667,0,55.59576323,48.66438351,6.93137972,-58,-54,-4,-0.27,-0.69,0.42,FALSE
3,49,male,42,old,a,0,3.4467000000176995,81,24,-16,74,4,-7,29.66666667,23.66666667,6,39.80228916,35.8732336,3.929055559,-16,-7,-9,0.21,0.66,-0.45,FALSE
3,49,male,0,new,b,1,7.081300000011879,45,26,-62,73,18,-55,3,12,-9,46.61187259,52.42772803,-5.815855439,-62,-55,-7,-0.62,-0.17,-0.45,FALSE
3,49,male,1,new,b,1,5.147399999976187,73,23,-91,92,2,-89,1.666666667,1.666666667,0,68.63105873,73.89331649,-5.262257764,-91,-89,-2,-0.44,-0.01,-0.43,FALSE
3,49,male,2,new,a,0,5.037099999994098,71,38,-70,91,1,-62,13,10,3,60.21627687,62.78534861,-2.56907174,-70,-62,-8,-0.55,0.21,-0.76,FALSE
3,49,male,3,new,a,0,31.23170000001801,78,57,-50,98,6,-46,28.33333333,19.33333333,9,56.04958123,59.5389695,-3.489388273,-50,-46,-4,-0.63,0.32,-0.95,FALSE
3,49,male,4,new,a,0,5.287299999981997,87,54,-16,96,14,-12,41.66666667,32.66666667,9,42.94440851,46.02414825,-3.079739742,-16,-12,-4,-0.41,0.54,-0.95,FALSE
3,49,male,5,new,a,0,4.706199999988257,47,44,-54,78,9,-50,12.33333333,12.33333333,0,46.92073695,52.3089115,-5.388174553,-54,-50,-4,-0.7,0.1,-0.8,FALSE
3,49,male,6,new,b,1,2.424800000011828,49,45,-36,87,24,-26,19.33333333,28.33333333,-9,39.16063783,46.23370584,-7.073068005,-36,-26,-10,-0.7,0.14,-0.84,FALSE
3,49,male,7,new,a,0,4.508800000011888,54,51,-50,87,14,-46,18.33333333,18.33333333,0,48.33448274,54.3834125,-6.048929759,-50,-46,-4,-0.71,0.12,-0.83,FALSE
3,49,male,8,new,b,1,4.907099999993989,42,23,-11,63,18,-9,18,24,-6,21.92411154,29.69848481,-7.774373273,-11,-9,-2,-0.33,0.29,-0.62,FALSE
3,49,male,9,new,a,0,4.829999999999927,56,21,-48,76,2,-40,9.666666667,12.66666667,-3,43.20750964,47.95368136,-4.74617172,-48,-40,-8,-0.38,0.32,-0.7,FALSE
3,49,male,10,new,a,0,4.493099999994001,31,25,-52,57,4,-48,1.333333333,4.333333333,-3,37.79182745,42.86671851,-5.074891054,-52,-48,-4,-0.69,0.01,-0.7,FALSE
3,49,male,11,new,a,0,2.341400000005933,72,42,-20,78,6,-17,31.33333333,22.33333333,9,38.30868773,40.46672158,-2.158033852,-20,-17,-3,-0.4,0.54,-0.94,FALSE
3,49,male,12,new,b,1,3.032000000000153,37,15,-44,59,10,-34,2.666666667,11.66666667,-9,34.19876541,37.9853773,-3.786611894,-44,-34,-10,-0.49,0.07,-0.56,FALSE
3,49,male,13,new,b,1,3.137900000005857,68,52,-62,94,9,-54,19.33333333,16.33333333,3,57.88110419,60.64285247,-2.761748279,-62,-54,-8,-0.67,0.18,-0.85,FALSE
3,49,male,14,new,a,0,2.6828000000118664,44,36,-47,66,12,-45,11,11,0,41.14203041,45.32107677,-4.17904636,-47,-45,-2,-0.69,-0.03,-0.66,FALSE
3,49,male,15,new,b,1,5.065700000017841,68,60,-38,99,37,-28,30,36,-6,48.19405219,51.85235449,-3.658302303,-38,-28,-10,-0.69,-0.03,-0.66,FALSE
3,49,male,16,new,a,0,4.514399999976149,69,50,-40,89,13,-32,26.33333333,23.33333333,3,47.54179448,49.93551397,-2.393719493,-40,-32,-8,-0.62,0.3,-0.92,FALSE
3,49,male,17,new,a,0,4.053800000011734,54,34,-67,84,8,-62,7,10,-3,52.95910372,59.62102537,-6.661921656,-67,-62,-5,-0.63,0.05,-0.68,FALSE
3,49,male,18,new,a,0,2.902900000005957,80,38,-19,90,6,-15,33,27,6,40.57092555,45.36518489,-4.794259339,-19,-15,-4,-0.18,0.6,-0.78,FALSE
3,49,male,19,new,a,0,2.7423000000119373,86,32,-13,90,5,-8,35,29,6,40.47221269,43.45879274,-2.986580053,-13,-8,-5,0.11,0.66,-0.55,FALSE
3,49,male,20,new,a,0,3.863599999993994,75,48,-36,95,7,-33,29,23,6,47.26520919,53.46650042,-6.201291223,-36,-33,-3,-0.54,0.42,-0.96,FALSE
3,49,male,21,new,b,1,3.410400000005893,43,31,-49,75,8,-40,8.333333333,14.33333333,-6,40.83571422,47.16166051,-6.325946295,-49,-40,-9,-0.66,0.2,-0.86,FALSE
3,49,male,22,new,a,0,2.7323000000119464,73,45,-52,99,1,-43,22,19,3,53.55993528,59.35205697,-5.792121696,-52,-43,-9,-0.56,0.43,-0.99,FALSE
3,49,male,23,new,a,0,2.960699999988037,89,36,-51,98,7,-49,24.66666667,18.66666667,6,57.71385353,60.5768566,-2.863003074,-51,-49,-2,-0.29,0.28,-0.57,FALSE
3,49,male,24,new,a,0,3.312300000012101,82,49,-19,98,16,-11,37.33333333,34.33333333,3,42.05023451,46.34891824,-4.298683734,-19,-11,-8,-0.39,0.53,-0.92,FALSE
3,49,male,25,new,a,0,2.50369999998793,79,50,-10,95,17,-2,39.66666667,36.66666667,3,37.06151043,41.97088938,-4.90937895,-10,-2,-8,-0.4,0.6,-1,FALSE
3,49,male,26,new,b,1,3.3441000000239,58,27,-46,74,5,-40,13,13,0,43.59663596,46.88283268,-3.286196723,-46,-40,-6,-0.45,0.25,-0.7,FALSE
3,49,male,27,new,a,0,2.644999999999982,69,45,-22,90,19,-17,30.66666667,30.66666667,0,38.50829636,44.45472103,-5.94642467,-22,-17,-5,-0.51,0.38,-0.89,FALSE
3,49,male,28,new,b,1,3.909099999993941,72,24,-83,93,6,-77,4.333333333,7.333333333,-3,64.78854494,69.40861298,-4.620068037,-83,-77,-6,-0.43,0.03,-0.46,FALSE
3,49,male,29,new,b,1,3.00930000001199,44,31,-57,70,16,-50,6,12,-6,44.86275367,49.07137659,-4.208622918,-57,-50,-7,-0.66,-0.12,-0.54,FALSE
3,49,male,30,new,b,1,3.4334000000060314,32,24,-44,60,15,-36,4,13,-9,34.09789827,39.2173431,-5.119444829,-44,-36,-8,-0.68,-0.08,-0.6,FALSE
3,49,male,31,new,a,0,3.2876999999880354,85,51,-7,92,14,-4,43,34,9,37.98245209,41.66533331,-3.682881223,-7,-4,-3,-0.31,0.61,-0.92,FALSE
3,49,male,32,new,a,0,3.495400000005929,38,17,-31,62,16,-27,8,17,-9,28.87905816,36.34097779,-7.461919633,-31,-27,-4,-0.44,0.04,-0.48,FALSE
3,49,male,33,new,a,0,3.3079999999999927,80,48,-26,89,7,-21,34,25,9,44.39219151,46.6761895,-2.283997999,-26,-21,-5,-0.44,0.52,-0.96,FALSE
3,49,male,34,new,b,1,3.227800000011939,38,36,-51,71,20,-41,7.666666667,16.66666667,-9,41.49163236,45.78451946,-4.292887105,-51,-41,-10,-0.71,-0.11,-0.6,FALSE
3,49,male,35,new,a,0,2.910000000000082,66,47,-58,95,21,-52,18.33333333,21.33333333,-3,54.53031777,60.01296156,-5.482643798,-58,-52,-6,-0.64,0.01,-0.65,FALSE
3,49,male,36,new,a,0,2.7748000000119646,73,53,-41,99,7,-39,28.33333333,22.33333333,6,49.70133019,57.37207993,-7.670749745,-41,-39,-2,-0.62,0.38,-1,FALSE
3,49,male,37,new,b,1,2.9965999999940323,59,30,-17,77,20,-7,24,30,-6,31.31559782,35.0142828,-3.698684983,-17,-7,-10,-0.28,0.41,-0.69,FALSE
3,49,male,38,new,a,0,3.995199999988017,88,50,-27,96,11,-23,37,28,9,47.84001115,50.04664491,-2.206633761,-27,-23,-4,-0.39,0.47,-0.86,FALSE
3,49,male,39,new,b,1,3.9062999999821386,62,44,-43,91,27,-37,21,27,-6,45.84757355,52.25578118,-6.408207634,-43,-37,-6,-0.63,0,-0.63,FALSE
3,49,male,40,new,a,0,2.411299999982248,86,41,-34,96,4,-25,31,25,6,49.49747468,51.58165048,-2.084175801,-34,-25,-9,-0.29,0.54,-0.83,FALSE
3,49,male,41,new,a,0,4.730800000011868,53,40,-78,88,6,-70,5,8,-3,58.92933621,64.51873113,-5.589394916,-78,-70,-8,-0.68,0.05,-0.73,FALSE
3,49,male,0,old,a,0,5.39109999999414,98,42,-26,70,68,-24,38,38,0,50.70174224,43.84822307,6.853519172,-26,-24,-2,-0.12,-0.71,0.59,FALSE
3,49,male,1,old,b,1,2.419099999993932,79,13,-40,74,33,-37,17.33333333,23.33333333,-6,48.67808085,45.82818153,2.849899325,-40,-37,-3,0.13,-0.31,0.44,FALSE
3,49,male,2,old,a,0,2.7359999999998763,77,69,-21,82,39,-14,41.66666667,35.66666667,6,44.43222054,39.26264835,5.16957219,-21,-14,-7,-0.69,-0.13,-0.56,FALSE
3,49,male,3,old,a,0,4.541900000005853,87,78,-16,94,52,-6,49.66666667,46.66666667,3,46.57848812,40.99864496,5.579843156,-16,-6,-10,-0.69,-0.19,-0.5,FALSE
3,49,male,4,old,a,0,2.659199999988232,57,19,-12,42,29,-7,21.33333333,21.33333333,0,28.21740991,20.72572208,7.491687838,-12,-7,-5,0.12,-0.5,0.62,FALSE
3,49,male,5,old,a,0,2.97199999999998,79,40,-26,73,13,-20,31,22,9,43.33589736,38.49675311,4.83914425,-26,-20,-6,-0.3,0.34,-0.64,FALSE
3,49,male,6,old,a,0,2.660999999999831,91,79,-11,99,39,-6,53,44,9,45.51922671,43.01162634,2.507600372,-11,-6,-5,-0.67,0.17,-0.84,FALSE
3,49,male,7,old,b,1,2.477700000017876,70,57,-28,78,40,-19,33,33,0,43.45879274,39.90822806,3.550564686,-28,-19,-9,-0.66,-0.26,-0.4,FALSE
3,49,male,8,old,b,1,3.5082000000179505,61,12,-35,44,34,-31,12.66666667,15.66666667,-3,39.19467084,33.24989557,5.944775267,-35,-31,-4,0.03,-0.66,0.69,FALSE
3,49,male,9,old,b,1,2.52599999999984,63,16,-47,44,40,-43,10.66666667,13.66666667,-3,45.0653846,40.10264608,4.962738522,-47,-43,-4,-0.18,-0.7,0.52,FALSE
3,49,male,10,old,a,0,3.440400000005866,46,32,-39,42,9,-30,13,7,6,37.21110945,29.42787794,7.783231513,-39,-30,-9,-0.63,-0.1,-0.53,FALSE
3,49,male,11,old,b,1,3.41599999999994,74,21,-46,56,42,-40,16.33333333,19.33333333,-3,49.10080334,42.34251869,6.758284654,-46,-40,-6,-0.14,-0.65,0.51,FALSE
3,49,male,12,old,b,1,3.775499999999965,56,8,-52,40,33,-43,4,10,-6,44.18144407,37.58545818,6.595985888,-52,-43,-9,-0.14,-0.69,0.55,FALSE
3,49,male,14,old,a,0,3.7474999999999454,79,63,-12,80,36,-4,43.33333333,37.33333333,6,39.6680672,34.30581421,5.362252988,-12,-4,-8,-0.62,0.06,-0.68,FALSE
3,49,male,15,old,b,1,3.258000000000038,78,43,-10,60,54,-3,37,37,0,36.17549815,28.39013913,7.785359021,-10,-3,-7,-0.24,-0.68,0.44,FALSE
3,49,male,16,old,b,1,6.808300000011741,53,8,-35,40,19,-33,8.666666667,8.666666667,0,35.92894222,30.68477726,5.244164957,-35,-33,-2,0.03,-0.47,0.5,FALSE
3,49,male,17,old,a,0,3.291000000000168,98,58,-16,96,41,-6,46.66666667,43.66666667,3,47.22522866,41.6839964,5.541232266,-16,-6,-10,-0.35,0.1,-0.45,FALSE
3,49,male,18,old,a,0,4.469300000012026,46,30,-55,47,6,-50,7,1,6,44.32456054,39.75759885,4.566961681,-55,-50,-5,-0.64,-0.19,-0.45,FALSE
3,49,male,19,old,b,1,2.673099999994065,82,31,-53,64,62,-48,20,26,-6,55.6596802,52.33227175,3.327408449,-53,-48,-5,-0.29,-0.71,0.42,FALSE
3,49,male,20,old,b,1,3.2460999999941578,92,2,-70,66,50,-65,8,17,-9,66.2721661,58.34952156,7.92264454,-70,-65,-5,0.14,-0.67,0.81,FALSE
3,49,male,21,old,a,0,2.8912000000177613,85,68,-15,91,43,-5,46,43,3,43.68828981,39.19183588,4.496453927,-15,-5,-10,-0.63,0,-0.63,FALSE
3,49,male,22,old,a,0,4.296899999976176,58,38,-11,53,25,-2,28.33333333,25.33333333,3,28.98658694,22.45489306,6.531693879,-11,-2,-9,-0.46,0.02,-0.48,FALSE
3,49,male,23,old,a,0,2.310400000005984,79,64,-29,81,28,-22,38,29,9,47.77028365,42.05551886,5.714764789,-29,-22,-7,-0.66,0.04,-0.7,FALSE
3,49,male,24,old,b,1,3.2604000000060296,65,13,-18,61,36,-10,20,29,-9,34.24422092,29.40521496,4.839005967,-18,-10,-8,0.3,-0.34,0.64,FALSE
3,49,male,25,old,b,1,4.365099999994072,96,19,-78,77,43,-74,12.33333333,15.33333333,-3,71.19144768,64.67525716,6.516190515,-78,-74,-4,-0.14,-0.56,0.42,FALSE
3,49,male,26,old,a,0,3.139000000000124,57,44,-13,53,29,-3,29.33333333,26.33333333,3,30.40102337,22.93953405,7.461489329,-13,-3,-10,-0.61,-0.17,-0.44,FALSE
3,49,male,27,old,a,0,3.900600000023815,74,5,-55,57,19,-52,8,8,0,52.70673581,45.17373868,7.532997129,-55,-52,-3,0.09,-0.35,0.44,FALSE
3,49,male,28,old,a,0,4.394699999988006,70,51,-43,75,10,-34,26,17,9,49.40310382,44.77350407,4.629599747,-43,-34,-9,-0.63,0.23,-0.86,FALSE
3,49,male,29,old,b,1,2.763599999994085,48,3,-24,46,23,-15,9,18,-9,29.69848481,25.15286597,4.545618837,-24,-15,-9,0.29,-0.29,0.58,FALSE
3,49,male,30,old,b,1,3.277899999976171,60,5,-41,53,30,-32,8,17,-9,41.28760912,35.89800366,5.389605459,-41,-32,-9,0.11,-0.5,0.61,FALSE
3,49,male,31,old,b,1,3.0981999999880827,48,21,-20,41,36,-10,16.33333333,22.33333333,-6,27.95631513,22.9540604,5.002254727,-20,-10,-10,-0.25,-0.68,0.43,FALSE
3,49,male,32,old,b,1,5.192000000000007,85,24,-45,67,54,-39,21.33333333,27.33333333,-6,53.10576449,47.20404879,5.901715701,-45,-39,-6,-0.08,-0.67,0.59,FALSE
3,49,male,33,old,b,1,4.925199999988081,79,16,-61,58,42,-57,11.33333333,14.33333333,-3,57.24993935,50.86146762,6.388471726,-61,-57,-4,-0.12,-0.65,0.53,FALSE
3,49,male,34,old,a,0,3.5305999999939104,73,52,-43,84,13,-33,27.33333333,21.33333333,6,50.4667107,48.12714642,2.339564283,-43,-33,-10,-0.62,0.25,-0.87,FALSE
3,49,male,35,old,a,0,2.5556999999880645,99,52,-13,90,75,-9,46,52,-6,45.92022067,43.56604182,2.354178852,-13,-9,-4,-0.19,-0.64,0.45,FALSE
3,49,male,36,old,b,1,4.324900000005982,91,22,-54,72,61,-47,19.66666667,28.66666667,-9,59.21899095,53.69254035,5.526450601,-54,-47,-7,-0.06,-0.68,0.62,FALSE
3,49,male,37,old,a,0,3.8880000000001473,80,43,-35,75,18,-32,29.33333333,20.33333333,9,47.93282336,43.71371511,4.219108251,-35,-32,-3,-0.4,0.08,-0.48,FALSE
3,49,male,38,old,b,1,3.824899999976196,82,11,-76,60,51,-67,5.666666667,14.66666667,-9,64.61338011,57.86382482,6.749555292,-76,-67,-9,-0.12,-0.69,0.57,FALSE
3,49,male,39,old,a,0,4.293099999993956,53,40,-11,50,25,-2,27.33333333,24.33333333,3,27.62044331,21.23414441,6.386298903,-11,-2,-9,-0.59,-0.05,-0.54,FALSE
3,49,male,40,old,a,0,5.9084000000059405,64,62,-48,70,29,-39,26,20,6,52.33227175,44.95182607,7.380445685,-48,-39,-9,-0.71,-0.29,-0.42,FALSE
3,49,male,41,old,b,1,2.790500000000065,59,9,-67,40,31,-61,0.333333333,3.333333333,-3,51.80304581,45.63867755,6.164368259,-67,-61,-6,-0.25,-0.69,0.44,FALSE
3,49,male,42,old,a,0,2.3079999999999927,65,57,-40,69,18,-32,27.33333333,18.33333333,9,47.72374205,41.23375101,6.489991045,-40,-32,-8,-0.69,0.01,-0.7,FALSE
4,23,female,0,old,b,1,7.952499999999986,95,48,-30,71,67,-25,37.66666667,37.66666667,0,51.55148451,44.3421044,7.209380118,-30,-25,-5,-0.29,-0.7,0.41,FALSE
4,23,female,1,old,b,1,9.194499999999977,76,3,-64,59,38,-55,5,14,-9,57.17225434,49.53786431,7.634390037,-64,-55,-9,0.05,-0.61,0.66,FALSE
4,23,female,2,old,b,1,5.611299999999801,63,2,-47,49,23,-45,6,9,-3,44.99629614,39.63163719,5.36465895,-47,-45,-2,0.13,-0.49,0.62,FALSE
4,23,female,3,old,b,1,5.179200000000179,85,2,-81,57,52,-76,2,11,-9,67.76921622,61.55214591,6.217070303,-81,-76,-5,0,-0.7,0.7,FALSE
4,23,female,4,old,b,1,5.795000000000016,98,41,-24,75,68,-19,38.33333333,41.33333333,-3,49.8419725,42.75771535,7.084257142,-24,-19,-5,-0.08,-0.69,0.61,FALSE
4,23,female,5,old,b,1,11.161900000000372,88,17,-44,82,43,-37,20.33333333,29.33333333,-9,53.94029621,49.5333782,4.406918017,-44,-37,-7,0.09,-0.39,0.48,FALSE
4,23,female,6,old,a,0,5.161899999999434,93,58,-8,94,41,-1,47.66666667,44.66666667,3,41.87547678,38.87015422,3.005322563,-8,-1,-7,-0.36,0.14,-0.5,FALSE
4,23,female,7,old,b,1,6.045999999999992,67,19,-22,60,38,-16,21.33333333,27.33333333,-6,36.37153955,31.93048004,4.441059506,-22,-16,-6,0.1,-0.46,0.56,FALSE
4,23,female,8,old,b,1,3.329799999999836,67,11,-13,61,36,-5,21.66666667,30.66666667,-9,33.51948024,27.20702524,6.312455003,-13,-5,-8,0.45,-0.29,0.74,FALSE
4,23,female,9,old,a,0,4.762099999999634,61,54,-82,79,11,-75,11,5,6,65.82299497,63.01322612,2.809768844,-82,-75,-7,-0.7,-0.14,-0.56,FALSE
4,23,female,10,old,a,0,5.595899999999432,66,31,-13,68,19,-3,28,28,0,32.3213036,29.67602849,2.645275119,-13,-3,-10,-0.14,0.43,-0.57,FALSE
4,23,female,11,old,b,1,5.862499999999983,80,2,-60,69,30,-50,7.333333333,16.33333333,-9,57.27904406,49.5333782,7.745665868,-60,-50,-10,0.14,-0.39,0.53,FALSE
4,23,female,12,old,b,1,12.179600000000562,69,24,-23,60,43,-15,23.33333333,29.33333333,-6,37.56180093,32.10745846,5.454342465,-23,-15,-8,-0.03,-0.56,0.53,FALSE
4,23,female,13,old,a,0,2.2627000000001942,81,24,-16,74,4,-7,29.66666667,23.66666667,6,39.80228916,35.8732336,3.929055559,-16,-7,-9,0.21,0.66,-0.45,FALSE
4,23,female,14,old,b,1,3.179000000000002,53,8,-34,41,23,-28,9,12,-3,35.52463934,29.22327839,6.301360944,-34,-28,-6,0.04,-0.51,0.55,FALSE
4,23,female,15,old,a,0,35.728999999999985,91,67,-10,95,46,-2,49.33333333,46.33333333,3,43.08389748,39.60078563,3.483111855,-10,-2,-8,-0.55,0.01,-0.56,FALSE
4,23,female,16,old,b,1,7.546900000000392,99,51,-13,95,36,-3,45.66666667,42.66666667,3,45.87906809,40.28509512,5.59397297,-13,-3,-10,-0.17,0.24,-0.41,FALSE
4,23,female,17,old,a,0,4.378899999999476,94,70,-40,98,38,-30,41.33333333,35.33333333,6,58.33999962,52.2897908,6.050208816,-40,-30,-10,-0.62,-0.08,-0.54,FALSE
4,23,female,18,old,a,0,4.580000000000041,97,58,-61,98,20,-51,31.33333333,22.33333333,9,67.20284386,60.85136719,6.351476665,-61,-51,-10,-0.53,0.06,-0.59,FALSE
4,23,female,19,old,a,0,5.947100000000603,90,44,-48,88,16,-45,28.66666667,19.66666667,9,57.37207993,54.3588897,3.013190235,-48,-45,-3,-0.38,0.1,-0.48,FALSE
4,23,female,20,old,b,1,3.128100000000529,91,75,-12,94,55,-4,51.33333333,48.33333333,3,45.25728916,40.28509512,4.97219404,-12,-4,-8,-0.64,-0.24,-0.4,FALSE
4,23,female,21,old,a,0,5.8125,91,54,-88,96,14,-80,19,10,9,77.1535266,71.90734779,5.246178806,-88,-80,-8,-0.59,-0.08,-0.51,FALSE
4,23,female,22,old,b,1,6.078199999999242,53,9,-17,37,30,-13,15,18,-3,28.89059824,22.10580618,6.784792065,-17,-13,-4,0.3,-0.65,0.95,FALSE
4,23,female,23,old,b,1,5.429099999999608,70,12,-66,45,34,-63,5.333333333,5.333333333,0,55.72152985,48.52719741,7.194332436,-66,-63,-3,-0.18,-0.68,0.5,FALSE
4,23,female,24,old,b,1,7.596200000000181,92,60,-21,99,43,-11,43.66666667,43.66666667,0,47.55581516,44.90978611,2.646029045,-21,-11,-10,-0.47,0.02,-0.49,FALSE
4,23,female,25,old,a,0,4.912799999999834,99,35,-16,88,50,-11,39.33333333,42.33333333,-3,47.0484384,40.77853466,6.269903738,-16,-11,-5,0.14,-0.28,0.42,FALSE
4,23,female,26,old,a,0,2.9621999999992568,68,25,-12,60,2,-8,27,18,9,32.69046752,29.97776954,2.712697979,-12,-8,-4,0.09,0.65,-0.56,FALSE
4,23,female,27,old,a,0,6.696700000000192,83,23,-56,70,49,-51,16.66666667,22.66666667,-6,56.92294987,52.7909925,4.131957375,-56,-51,-5,-0.17,-0.62,0.45,FALSE
4,23,female,28,old,b,1,2.395500000000027,83,50,-11,85,29,-1,40.66666667,37.66666667,3,38.93869826,35.64017708,3.298521182,-11,-1,-10,-0.35,0.35,-0.7,FALSE
4,23,female,29,old,a,0,4.629700000000184,91,81,-24,99,44,-22,49.33333333,40.33333333,9,52.01495511,49.46603773,2.548917383,-24,-22,-2,-0.69,-0.11,-0.58,FALSE
4,23,female,30,old,b,1,6.778700000000185,84,27,-36,73,4,-29,25,16,9,49.01020302,42.49705872,6.513144298,-36,-29,-7,-0.06,0.4,-0.46,FALSE
4,23,female,31,old,a,0,10.278100000000563,77,25,-58,53,45,-54,14.66666667,14.66666667,0,55.59576323,48.66438351,6.93137972,-58,-54,-4,-0.27,-0.69,0.42,FALSE
4,23,female,32,old,a,0,4.445299999999804,93,31,-8,70,68,-4,38.66666667,44.66666667,-6,41.5879256,34.42221505,7.165710549,-8,-4,-4,0.27,-0.71,0.98,FALSE
4,23,female,33,old,b,1,2.361700000000156,75,4,-67,57,43,-61,4,13,-9,57.97125725,52.63712252,5.334134731,-67,-61,-6,0,-0.67,0.67,FALSE
4,23,female,34,old,a,0,12.245799999999804,93,64,-10,95,40,-6,49,43,6,43.36665386,41.28760912,2.079044738,-10,-6,-4,-0.48,0.11,-0.59,FALSE
4,23,female,35,old,a,0,4.47950000000003,56,42,-72,65,9,-66,8.666666667,2.666666667,6,57.32558087,53.66770185,3.657879018,-72,-66,-6,-0.68,-0.18,-0.5,FALSE
4,23,female,36,old,b,1,8.262700000000223,88,33,-10,73,59,-3,37,43,-6,40.10818703,33.02524287,7.082944157,-10,-3,-7,0.15,-0.61,0.76,FALSE
4,23,female,37,old,b,1,2.196099999999604,55,15,-13,42,31,-7,19,22,-3,27.90459938,20.99206199,6.91253739,-13,-7,-6,0.21,-0.56,0.77,FALSE
4,23,female,38,old,b,1,4.896400000000369,74,43,-22,76,14,-13,31.66666667,25.66666667,6,40.00277768,37.25885428,2.743923402,-22,-13,-9,-0.4,0.44,-0.84,FALSE
4,23,female,40,old,b,1,3.34590000000037,80,72,-12,88,45,-2,46.66666667,43.66666667,3,41.61196409,36.7544404,4.857523695,-12,-2,-10,-0.69,-0.05,-0.64,FALSE
4,23,female,41,old,a,0,5.745799999999861,64,24,-23,50,35,-20,21.66666667,21.66666667,0,35.55590278,30.09245014,5.463452634,-23,-20,-3,-0.1,-0.58,0.48,FALSE
4,23,female,42,old,b,1,4.712399999999434,80,10,-63,59,46,-60,9,15,-6,58.3837877,53.2979049,5.085882805,-63,-60,-3,-0.03,-0.68,0.65,FALSE
4,23,female,0,new,b,1,8.343400000000372,59,17,-45,75,4,-39,10.33333333,13.33333333,-3,42.71871825,47.00590979,-4.287191544,-45,-39,-6,-0.23,0.29,-0.52,FALSE
4,23,female,1,new,b,1,22.34620000000024,71,36,-38,93,11,-35,23,23,0,45.43860326,52.94021786,-7.501614591,-38,-35,-3,-0.41,0.33,-0.74,FALSE
4,23,female,2,new,a,0,3.378799999999842,85,45,-46,95,4,-42,28,19,9,54.81483984,56.92685365,-2.112013812,-46,-42,-4,-0.44,0.38,-0.82,FALSE
4,23,female,3,new,b,1,2.7123000000007664,67,58,-29,93,49,-19,32,41,-9,43.28972164,46.07240678,-2.782685138,-29,-19,-10,-0.68,-0.26,-0.42,FALSE
4,23,female,4,new,b,1,9.196199999999294,63,62,-52,88,34,-49,24.33333333,24.33333333,0,53.97736151,56.34615239,-2.368790878,-52,-49,-3,-0.71,-0.25,-0.46,FALSE
4,23,female,5,new,a,0,4.212600000000521,70,31,-60,87,5,-51,13.66666667,13.66666667,0,54.46915539,56.6705881,-2.20143271,-60,-51,-9,-0.45,0.23,-0.68,FALSE
4,23,female,6,new,a,0,8.013500000000022,76,38,-12,82,9,-7,34,28,6,36.037018,38.73843914,-2.701421131,-12,-7,-5,-0.17,0.62,-0.79,FALSE
4,23,female,7,new,a,0,2.697099999999637,83,52,-36,96,9,-33,33,24,9,50.4050262,53.72150407,-3.31647787,-36,-33,-3,-0.51,0.4,-0.91,FALSE
4,23,female,8,new,b,1,18.59529999999984,62,41,-30,88,24,-21,24.33333333,30.33333333,-6,39.36439452,44.723844,-5.359449486,-30,-21,-9,-0.56,0.21,-0.77,FALSE
4,23,female,9,new,b,1,3.845099999999547,57,33,-39,75,10,-34,17,17,0,40.79215611,44.77350407,-3.981347961,-39,-34,-5,-0.53,0.23,-0.76,FALSE
4,23,female,10,new,b,1,4.362699999999222,62,43,-86,99,27,-80,6.333333333,15.33333333,-9,65.74867975,73.54061614,-7.79193639,-86,-80,-6,-0.66,-0.23,-0.43,FALSE
4,23,female,11,new,a,0,11.030299999999896,82,33,-22,91,7,-14,31,28,3,42.48136847,45.36518489,-2.883816424,-22,-14,-8,-0.07,0.6,-0.67,FALSE
4,23,female,12,new,b,1,2.9632999999997764,41,39,-29,73,26,-21,17,26,-9,32.53715825,38.3753393,-5.838181059,-29,-21,-8,-0.71,0,-0.71,FALSE
4,23,female,13,new,a,0,5.646099999999706,94,45,-8,97,10,-3,43.66666667,34.66666667,9,41.65199742,44.39469438,-2.74269696,-8,-3,-5,-0.05,0.66,-0.71,FALSE
4,23,female,14,new,b,1,4.295899999999392,72,24,-26,91,16,-19,23.33333333,29.33333333,-6,40.01110957,45.88633299,-5.875223425,-26,-19,-7,-0.02,0.41,-0.43,FALSE
4,23,female,15,new,a,0,6.39549999999997,76,31,-39,96,19,-29,22.66666667,28.66666667,-6,47.31689856,51.48678363,-4.169885078,-39,-29,-10,-0.26,0.28,-0.54,FALSE
4,23,female,16,new,a,0,4.713200000000143,59,53,-70,91,2,-60,14,11,3,59.44745579,61.97311245,-2.525656659,-70,-60,-10,-0.7,0.21,-0.91,FALSE
4,23,female,17,new,a,0,3.329100000000494,61,33,-4,66,7,-1,30,24,6,26.62079388,29.87752779,-3.25673391,-4,-1,-3,-0.17,0.67,-0.84,FALSE
4,23,female,18,new,b,1,8.979200000000219,56,49,-15,84,31,-7,30,36,-6,31.94787421,37.31844941,-5.370575202,-15,-7,-8,-0.68,0.2,-0.88,FALSE
4,23,female,19,new,a,0,6.879500000000007,73,35,-13,82,8,-4,31.66666667,28.66666667,3,35.18838192,38.02922853,-2.840846604,-13,-4,-9,-0.14,0.65,-0.79,FALSE
4,23,female,20,new,b,1,3.69609999999966,40,34,-14,62,29,-4,20,29,-9,24.16609195,26.94438717,-2.778295223,-14,-4,-10,-0.67,0,-0.67,FALSE
4,23,female,21,new,b,1,3.279299999999921,45,40,-49,77,30,-44,12,21,-9,43.18178628,49.80629144,-6.624505153,-49,-44,-5,-0.7,-0.27,-0.43,FALSE
4,23,female,22,new,a,0,3.2628999999993766,82,41,-36,94,3,-28,29,23,6,48.91489207,51.77515492,-2.860262842,-36,-28,-8,-0.35,0.52,-0.87,FALSE
4,23,female,23,new,a,0,3.096200000000181,73,32,-44,95,17,-42,20.33333333,23.33333333,-3,48.47221426,56.10902086,-7.6368066,-44,-42,-2,-0.35,0.17,-0.52,FALSE
4,23,female,24,new,a,0,2.429600000000505,67,34,-14,82,3,-7,29,26,3,33.2565783,39.80787192,-6.551293622,-14,-7,-7,-0.22,0.67,-0.89,FALSE
4,23,female,25,new,b,1,4.663100000000554,59,34,-23,76,30,-18,23.33333333,29.33333333,-6,34.31552936,38.37823457,-4.062705208,-23,-18,-5,-0.44,-0.03,-0.41,FALSE
4,23,female,26,new,a,0,5.228700000000117,60,59,-71,98,2,-61,16,13,3,61.51964456,65.37583651,-3.856191956,-71,-61,-10,-0.71,0.25,-0.96,FALSE
4,23,female,27,new,a,0,4.145100000000639,83,36,-11,86,2,-7,36,27,9,38.3753393,41.88078318,-3.505443879,-11,-7,-4,0,0.68,-0.68,FALSE
4,23,female,28,new,a,0,3.3458999999994603,56,39,-80,86,11,-73,5,8,-3,60.50344343,64.94613152,-4.442688096,-80,-73,-7,-0.67,-0.07,-0.6,FALSE
4,23,female,29,new,a,0,4.079500000000053,65,35,-38,81,15,-34,20.66666667,20.66666667,0,43.25377312,47.1192341,-3.865460983,-38,-34,-4,-0.46,0.18,-0.64,FALSE
4,23,female,30,new,a,0,4.645799999999781,74,29,-58,96,13,-55,15,18,-3,54.79051013,61.74679479,-6.956284661,-58,-55,-3,-0.37,0.12,-0.49,FALSE
4,23,female,31,new,a,0,1.5632999999999129,75,51,-33,96,10,-31,31,25,6,46.30334761,52.92132525,-6.617977643,-33,-31,-2,-0.57,0.4,-0.97,FALSE
4,23,female,32,new,b,1,2.412900000000377,58,27,-28,78,17,-20,19,25,-6,35.56215217,40.40627014,-4.844117975,-28,-20,-8,-0.33,0.29,-0.62,FALSE
4,23,female,33,new,b,1,2.47950000000003,51,25,-16,72,5,-8,20,23,-3,27.58018612,35.05234181,-7.47215569,-16,-8,-8,-0.27,0.63,-0.9,FALSE
4,23,female,34,new,a,0,1.7290000000000418,74,56,-98,99,2,-96,10.66666667,1.666666667,9,77.18952145,79.60876557,-2.4192441160000002,-98,-96,-2,-0.68,-0.01,-0.67,FALSE
4,23,female,35,new,a,0,2.079700000000116,35,19,-36,66,5,-26,6,15,-9,30.40833219,38.21866909,-7.810336894,-36,-26,-10,-0.56,0.37,-0.93,FALSE
4,23,female,36,new,a,0,1.9792999999997392,65,61,-27,97,23,-21,33,33,0,42.45782221,48.68949236,-6.231670156,-27,-21,-6,-0.7,0.3,-1,FALSE
4,23,female,37,new,a,0,2.729299999999853,84,38,-47,98,2,-43,25,19,6,54.26478293,58.80476171,-4.53997878,-47,-43,-4,-0.35,0.41,-0.76,FALSE
4,23,female,39,new,a,0,5.811700000000201,66,55,-73,97,23,-63,16,19,-3,63.09252465,65.38093504,-2.28841039,-73,-63,-10,-0.69,-0.09,-0.6,FALSE
4,23,female,40,new,a,0,2.0121000000006006,62,55,-78,93,7,-70,13,10,3,64.41014413,66.57827473,-2.168130606,-78,-70,-8,-0.7,0.07,-0.77,FALSE
4,23,female,41,new,a,0,2.87820000000022,86,35,-10,92,6,-5,37,31,6,39.2173431,43.36665386,-4.149310754,-10,-5,-5,0.08,0.67,-0.59,FALSE
4,23,female,42,new,a,0,2.178800000000706,75,60,-69,99,6,-66,22,13,9,64.63745044,67.54257916,-2.905128718,-69,-66,-3,-0.68,0.15,-0.83,FALSE
4,23,female,0,old,b,1,6.557599999999638,48,21,-20,41,36,-10,16.33333333,22.33333333,-6,27.95631513,22.9540604,5.002254727,-20,-10,-10,-0.25,-0.68,0.43,FALSE
4,23,female,1,old,b,1,3.579100000000494,96,19,-78,77,43,-74,12.33333333,15.33333333,-3,71.19144768,64.67525716,6.516190515,-78,-74,-4,-0.14,-0.56,0.42,FALSE
4,23,female,2,old,b,1,3.2137999999998783,99,52,-13,90,75,-9,46,52,-6,45.92022067,43.56604182,2.354178852,-13,-9,-4,-0.19,-0.64,0.45,FALSE
4,23,female,3,old,b,1,1.1950999999995702,60,5,-41,53,30,-32,8,17,-9,41.28760912,35.89800366,5.389605459,-41,-32,-9,0.11,-0.5,0.61,FALSE
4,23,female,4,old,a,0,1.930099999999584,70,51,-43,75,10,-34,26,17,9,49.40310382,44.77350407,4.629599747,-43,-34,-9,-0.63,0.23,-0.86,FALSE
4,23,female,5,old,b,1,2.730399999999463,82,11,-76,60,51,-67,5.666666667,14.66666667,-9,64.61338011,57.86382482,6.749555292,-76,-67,-9,-0.12,-0.69,0.57,FALSE
4,23,female,6,old,a,0,1.6796999999993432,46,32,-39,42,9,-30,13,7,6,37.21110945,29.42787794,7.783231513,-39,-30,-9,-0.63,-0.1,-0.53,FALSE
4,23,female,7,old,b,1,0.8470999999996138,48,3,-24,46,23,-15,9,18,-9,29.69848481,25.15286597,4.545618837,-24,-15,-9,0.29,-0.29,0.58,FALSE
4,23,female,8,old,a,0,2.895999999999958,53,40,-11,50,25,-2,27.33333333,24.33333333,3,27.62044331,21.23414441,6.386298903,-11,-2,-9,-0.59,-0.05,-0.54,FALSE
4,23,female,9,old,a,0,2.7124999999999773,73,52,-43,84,13,-33,27.33333333,21.33333333,6,50.4667107,48.12714642,2.339564283,-43,-33,-10,-0.62,0.25,-0.87,FALSE
4,23,female,10,old,b,1,1.846700000000169,78,43,-10,60,54,-3,37,37,0,36.17549815,28.39013913,7.785359021,-10,-3,-7,-0.24,-0.68,0.44,FALSE
4,23,female,11,old,b,1,2.645900000000438,53,8,-35,40,19,-33,8.666666667,8.666666667,0,35.92894222,30.68477726,5.244164957,-35,-33,-2,0.03,-0.47,0.5,FALSE
4,23,female,12,old,b,1,1.914099999999621,65,13,-18,61,36,-10,20,29,-9,34.24422092,29.40521496,4.839005967,-18,-10,-8,0.3,-0.34,0.64,FALSE
4,23,female,13,old,b,1,1.5136000000005652,58,38,-11,53,25,-2,28.33333333,25.33333333,3,28.98658694,22.45489306,6.531693879,-11,-2,-9,-0.46,0.02,-0.48,FALSE
4,23,female,14,old,a,0,2.162899999999468,46,30,-55,47,6,-50,7,1,6,44.32456054,39.75759885,4.566961681,-55,-50,-5,-0.64,-0.19,-0.45,FALSE
4,23,female,15,old,b,1,1.2463999999994255,92,2,-70,66,50,-65,8,17,-9,66.2721661,58.34952156,7.92264454,-70,-65,-5,0.14,-0.67,0.81,FALSE
4,23,female,16,old,a,0,3.113600000000588,57,44,-13,53,29,-3,29.33333333,26.33333333,3,30.40102337,22.93953405,7.461489329,-13,-3,-10,-0.61,-0.17,-0.44,FALSE
4,23,female,17,old,b,1,3.11320000000012,59,9,-67,40,31,-61,0.333333333,3.333333333,-3,51.80304581,45.63867755,6.164368259,-67,-61,-6,-0.25,-0.69,0.44,FALSE
4,23,female,18,old,a,0,5.829500000000053,98,58,-16,96,41,-6,46.66666667,43.66666667,3,47.22522866,41.6839964,5.541232266,-16,-6,-10,-0.35,0.1,-0.45,FALSE
4,23,female,19,old,a,0,2.796000000000049,74,21,-46,56,42,-40,16.33333333,19.33333333,-3,49.10080334,42.34251869,6.758284654,-46,-40,-6,-0.14,-0.65,0.51,FALSE
4,23,female,20,old,b,1,2.729400000000396,98,42,-26,70,68,-24,38,38,0,50.70174224,43.84822307,6.853519172,-26,-24,-2,-0.12,-0.71,0.59,FALSE
4,23,female,21,old,a,0,4.529400000000351,65,57,-40,69,18,-32,27.33333333,18.33333333,9,47.72374205,41.23375101,6.489991045,-40,-32,-8,-0.69,0.01,-0.7,FALSE
4,23,female,22,old,a,0,2.9123999999994794,91,79,-11,99,39,-6,53,44,9,45.51922671,43.01162634,2.507600372,-11,-6,-5,-0.67,0.17,-0.84,FALSE
4,23,female,23,old,a,0,3.16380000000072,91,22,-54,72,61,-47,19.66666667,28.66666667,-9,59.21899095,53.69254035,5.526450601,-54,-47,-7,-0.06,-0.68,0.62,FALSE
4,23,female,24,old,a,0,1.6953999999993812,82,31,-53,64,62,-48,20,26,-6,55.6596802,52.33227175,3.327408449,-53,-48,-5,-0.29,-0.71,0.42,FALSE
4,23,female,25,old,a,0,1.3951999999992497,79,40,-26,73,13,-20,31,22,9,43.33589736,38.49675311,4.83914425,-26,-20,-6,-0.3,0.34,-0.64,FALSE
4,23,female,26,old,b,1,1.379899999999452,63,16,-47,44,40,-43,10.66666667,13.66666667,-3,45.0653846,40.10264608,4.962738522,-47,-43,-4,-0.18,-0.7,0.52,FALSE
4,23,female,27,old,b,1,1.7953999999995176,57,19,-12,42,29,-7,21.33333333,21.33333333,0,28.21740991,20.72572208,7.491687838,-12,-7,-5,0.12,-0.5,0.62,FALSE
4,23,female,28,old,b,1,1.7789999999999964,77,69,-21,82,39,-14,41.66666667,35.66666667,6,44.43222054,39.26264835,5.16957219,-21,-14,-7,-0.69,-0.13,-0.56,FALSE
4,23,female,30,old,a,0,5.312999999999988,64,62,-48,70,29,-39,26,20,6,52.33227175,44.95182607,7.380445685,-48,-39,-9,-0.71,-0.29,-0.42,FALSE
4,23,female,31,old,a,0,1.711999999999989,70,57,-28,78,40,-19,33,33,0,43.45879274,39.90822806,3.550564686,-28,-19,-9,-0.66,-0.26,-0.4,FALSE
4,23,female,32,old,b,1,1.3112999999998465,74,5,-55,57,19,-52,8,8,0,52.70673581,45.17373868,7.532997129,-55,-52,-3,0.09,-0.35,0.44,FALSE
4,23,female,33,old,a,0,1.5960000000000036,87,78,-16,94,52,-6,49.66666667,46.66666667,3,46.57848812,40.99864496,5.579843156,-16,-6,-10,-0.69,-0.19,-0.5,FALSE
4,23,female,34,old,a,0,4.263500000000022,85,68,-15,91,43,-5,46,43,3,43.68828981,39.19183588,4.496453927,-15,-5,-10,-0.63,0,-0.63,FALSE
4,23,female,35,old,b,1,4.562299999999823,79,13,-40,74,33,-37,17.33333333,23.33333333,-6,48.67808085,45.82818153,2.849899325,-40,-37,-3,0.13,-0.31,0.44,FALSE
4,23,female,36,old,a,0,1.2132000000002563,79,64,-29,81,28,-22,38,29,9,47.77028365,42.05551886,5.714764789,-29,-22,-7,-0.66,0.04,-0.7,FALSE
4,23,female,37,old,b,1,1.6299000000003616,79,16,-61,58,42,-57,11.33333333,14.33333333,-3,57.24993935,50.86146762,6.388471726,-61,-57,-4,-0.12,-0.65,0.53,FALSE
4,23,female,38,old,b,1,0.9462000000002035,56,8,-52,40,33,-43,4,10,-6,44.18144407,37.58545818,6.595985888,-52,-43,-9,-0.14,-0.69,0.55,FALSE
4,23,female,39,old,a,0,1.6796000000005051,79,63,-12,80,36,-4,43.33333333,37.33333333,6,39.6680672,34.30581421,5.362252988,-12,-4,-8,-0.62,0.06,-0.68,FALSE
4,23,female,40,old,b,1,1.8629000000003089,61,12,-35,44,34,-31,12.66666667,15.66666667,-3,39.19467084,33.24989557,5.944775267,-35,-31,-4,0.03,-0.66,0.69,FALSE
4,23,female,41,old,a,0,1.6620000000000346,85,24,-45,67,54,-39,21.33333333,27.33333333,-6,53.10576449,47.20404879,5.901715701,-45,-39,-6,-0.08,-0.67,0.59,FALSE
4,23,female,42,old,a,0,1.645900000000438,80,43,-35,75,18,-32,29.33333333,20.33333333,9,47.93282336,43.71371511,4.219108251,-35,-32,-3,-0.4,0.08,-0.48,FALSE
4,23,female,0,new,a,0,1.5904999999999063,73,53,-41,99,7,-39,28.33333333,22.33333333,6,49.70133019,57.37207993,-7.670749745,-41,-39,-2,-0.62,0.38,-1,FALSE
4,23,female,1,new,a,0,1.313000000000102,73,23,-91,92,2,-89,1.666666667,1.666666667,0,68.63105873,73.89331649,-5.262257764,-91,-89,-2,-0.44,-0.01,-0.43,FALSE
4,23,female,2,new,a,0,0.861899999999423,87,54,-16,96,14,-12,41.66666667,32.66666667,9,42.94440851,46.02414825,-3.079739742,-16,-12,-4,-0.41,0.54,-0.95,FALSE
4,23,female,3,new,a,0,2.0459000000004157,79,50,-10,95,17,-2,39.66666667,36.66666667,3,37.06151043,41.97088938,-4.90937895,-10,-2,-8,-0.4,0.6,-1,FALSE
4,23,female,4,new,a,0,1.2129000000004453,69,45,-22,90,19,-17,30.66666667,30.66666667,0,38.50829636,44.45472103,-5.94642467,-22,-17,-5,-0.51,0.38,-0.89,FALSE
4,23,female,5,new,a,0,1.6970999999996366,42,23,-11,63,18,-9,18,24,-6,21.92411154,29.69848481,-7.774373273,-11,-9,-2,-0.33,0.29,-0.62,FALSE
4,23,female,6,new,b,1,2.495999999999981,38,17,-31,62,16,-27,8,17,-9,28.87905816,36.34097779,-7.461919633,-31,-27,-4,-0.44,0.04,-0.48,FALSE
4,23,female,7,new,a,0,1.5461000000005924,78,57,-50,98,6,-46,28.33333333,19.33333333,9,56.04958123,59.5389695,-3.489388273,-50,-46,-4,-0.63,0.32,-0.95,FALSE
4,23,female,8,new,a,0,1.1462000000001351,43,31,-49,75,8,-40,8.333333333,14.33333333,-6,40.83571422,47.16166051,-6.325946295,-49,-40,-9,-0.66,0.2,-0.86,FALSE
4,23,female,9,new,a,0,1.1795000000000757,68,60,-38,99,37,-28,30,36,-6,48.19405219,51.85235449,-3.658302303,-38,-28,-10,-0.69,-0.03,-0.66,FALSE
4,23,female,10,new,a,0,2.746100000000524,38,36,-51,71,20,-41,7.666666667,16.66666667,-9,41.49163236,45.78451946,-4.292887105,-51,-41,-10,-0.71,-0.11,-0.6,FALSE
4,23,female,11,new,a,0,1.3632999999998674,44,36,-47,66,12,-45,11,11,0,41.14203041,45.32107677,-4.17904636,-47,-45,-2,-0.69,-0.03,-0.66,FALSE
4,23,female,12,new,a,0,1.312600000000543,31,25,-52,57,4,-48,1.333333333,4.333333333,-3,37.79182745,42.86671851,-5.074891054,-52,-48,-4,-0.69,0.01,-0.7,FALSE
4,23,female,13,new,b,1,2.412599999999657,62,44,-43,91,27,-37,21,27,-6,45.84757355,52.25578118,-6.408207634,-43,-37,-6,-0.63,0,-0.63,FALSE
4,23,female,14,new,a,0,1.8125,86,32,-13,90,5,-8,35,29,6,40.47221269,43.45879274,-2.986580053,-13,-8,-5,0.11,0.66,-0.55,FALSE
4,23,female,15,new,a,0,1.3128000000007205,89,36,-51,98,7,-49,24.66666667,18.66666667,6,57.71385353,60.5768566,-2.863003074,-51,-49,-2,-0.29,0.28,-0.57,FALSE
4,23,female,16,new,a,0,2.179899999999406,80,48,-26,89,7,-21,34,25,9,44.39219151,46.6761895,-2.283997999,-26,-21,-5,-0.44,0.52,-0.96,FALSE
4,23,female,17,new,a,0,1.9460000000000264,82,49,-19,98,16,-11,37.33333333,34.33333333,3,42.05023451,46.34891824,-4.298683734,-19,-11,-8,-0.39,0.53,-0.92,FALSE
4,23,female,18,new,a,0,1.2462999999999056,58,27,-46,74,5,-40,13,13,0,43.59663596,46.88283268,-3.286196723,-46,-40,-6,-0.45,0.25,-0.7,FALSE
4,23,female,19,new,a,0,1.4294999999999618,73,45,-52,99,1,-43,22,19,3,53.55993528,59.35205697,-5.792121696,-52,-43,-9,-0.56,0.43,-0.99,FALSE
4,23,female,20,new,a,0,2.262700000000222,68,52,-62,94,9,-54,19.33333333,16.33333333,3,57.88110419,60.64285247,-2.761748279,-62,-54,-8,-0.67,0.18,-0.85,FALSE
4,23,female,21,new,a,0,1.7960000000000491,69,50,-40,89,13,-32,26.33333333,23.33333333,3,47.54179448,49.93551397,-2.393719493,-40,-32,-8,-0.62,0.3,-0.92,FALSE
4,23,female,22,new,a,0,4.813199999999256,49,45,-36,87,24,-26,19.33333333,28.33333333,-9,39.16063783,46.23370584,-7.073068005,-36,-26,-10,-0.7,0.14,-0.84,FALSE
4,23,female,23,new,a,0,1.54629999999986,56,21,-48,76,2,-40,9.666666667,12.66666667,-3,43.20750964,47.95368136,-4.74617172,-48,-40,-8,-0.38,0.32,-0.7,FALSE
4,23,female,24,new,a,0,1.0289000000003623,72,24,-83,93,6,-77,4.333333333,7.333333333,-3,64.78854494,69.40861298,-4.620068037,-83,-77,-6,-0.43,0.03,-0.46,FALSE
4,23,female,25,new,a,0,1.4460999999996602,80,38,-19,90,6,-15,33,27,6,40.57092555,45.36518489,-4.794259339,-19,-15,-4,-0.18,0.6,-0.78,FALSE
4,23,female,26,new,a,0,0.979099999999562,75,48,-36,95,7,-33,29,23,6,47.26520919,53.46650042,-6.201291223,-36,-33,-3,-0.54,0.42,-0.96,FALSE
4,23,female,27,new,a,0,2.4616999999992686,71,38,-70,91,1,-62,13,10,3,60.21627687,62.78534861,-2.56907174,-70,-62,-8,-0.55,0.21,-0.76,FALSE
4,23,female,28,new,a,0,1.929400000000328,44,31,-57,70,16,-50,6,12,-6,44.86275367,49.07137659,-4.208622918,-57,-50,-7,-0.66,-0.12,-0.54,FALSE
4,23,female,29,new,a,0,3.1628000000007432,72,42,-20,78,6,-17,31.33333333,22.33333333,9,38.30868773,40.46672158,-2.158033852,-20,-17,-3,-0.4,0.54,-0.94,FALSE
4,23,female,30,new,b,1,3.695799999999849,32,24,-44,60,15,-36,4,13,-9,34.09789827,39.2173431,-5.119444829,-44,-36,-8,-0.68,-0.08,-0.6,FALSE
4,23,female,31,new,b,1,3.5297000000002754,54,51,-50,87,14,-46,18.33333333,18.33333333,0,48.33448274,54.3834125,-6.048929759,-50,-46,-4,-0.71,0.12,-0.83,FALSE
4,23,female,32,new,a,0,1.7970999999996593,47,44,-54,78,9,-50,12.33333333,12.33333333,0,46.92073695,52.3089115,-5.388174553,-54,-50,-4,-0.7,0.1,-0.8,FALSE
4,23,female,33,new,a,0,1.99670000000026,45,26,-62,73,18,-55,3,12,-9,46.61187259,52.42772803,-5.815855439,-62,-55,-7,-0.62,-0.17,-0.45,FALSE
4,23,female,34,new,b,1,2.379399999999464,37,15,-44,59,10,-34,2.666666667,11.66666667,-9,34.19876541,37.9853773,-3.786611894,-44,-34,-10,-0.49,0.07,-0.56,FALSE
4,23,female,35,new,a,0,1.2301000000005615,86,41,-34,96,4,-25,31,25,6,49.49747468,51.58165048,-2.084175801,-34,-25,-9,-0.29,0.54,-0.83,FALSE
4,23,female,36,new,a,0,1.0970999999996138,53,40,-78,88,6,-70,5,8,-3,58.92933621,64.51873113,-5.589394916,-78,-70,-8,-0.68,0.05,-0.73,FALSE
4,23,female,37,new,a,0,1.7968000000007578,88,50,-27,96,11,-23,37,28,9,47.84001115,50.04664491,-2.206633761,-27,-23,-4,-0.39,0.47,-0.86,FALSE
4,23,female,38,new,b,1,1.9619000000003552,59,30,-17,77,20,-7,24,30,-6,31.31559782,35.0142828,-3.698684983,-17,-7,-10,-0.28,0.41,-0.69,FALSE
4,23,female,39,new,a,0,1.996400000000449,54,34,-67,84,8,-62,7,10,-3,52.95910372,59.62102537,-6.661921656,-67,-62,-5,-0.63,0.05,-0.68,FALSE
4,23,female,40,new,a,0,3.295500000000061,66,47,-58,95,21,-52,18.33333333,21.33333333,-3,54.53031777,60.01296156,-5.482643798,-58,-52,-6,-0.64,0.01,-0.65,FALSE
4,23,female,41,new,b,1,4.09690000000046,85,51,-7,92,14,-4,43,34,9,37.98245209,41.66533331,-3.682881223,-7,-4,-3,-0.31,0.61,-0.92,FALSE
6,31,female,0,old,a,0,22.170300000000736,56,42,-72,65,9,-66,8.666666667,2.666666667,6,57.32558087,53.66770185,3.657879018,-72,-66,-6,-0.68,-0.18,-0.5,FALSE
6,31,female,1,old,b,1,9.302699999999248,64,24,-23,50,35,-20,21.66666667,21.66666667,0,35.55590278,30.09245014,5.463452634,-23,-20,-3,-0.1,-0.58,0.48,FALSE
6,31,female,2,old,a,0,10.761699999999252,91,81,-24,99,44,-22,49.33333333,40.33333333,9,52.01495511,49.46603773,2.548917383,-24,-22,-2,-0.69,-0.11,-0.58,FALSE
6,31,female,3,old,a,0,4.614600000001502,99,51,-13,95,36,-3,45.66666667,42.66666667,3,45.87906809,40.28509512,5.59397297,-13,-3,-10,-0.17,0.24,-0.41,FALSE
6,31,female,4,old,a,0,19.554100000001483,74,43,-22,76,14,-13,31.66666667,25.66666667,6,40.00277768,37.25885428,2.743923402,-22,-13,-9,-0.4,0.44,-0.84,FALSE
6,31,female,5,old,b,1,3.5458999999984826,80,2,-60,69,30,-50,7.333333333,16.33333333,-9,57.27904406,49.5333782,7.745665868,-60,-50,-10,0.14,-0.39,0.53,FALSE
6,31,female,6,old,b,1,11.096400000002234,69,24,-23,60,43,-15,23.33333333,29.33333333,-6,37.56180093,32.10745846,5.454342465,-23,-15,-8,-0.03,-0.56,0.53,FALSE
6,31,female,7,old,b,1,16.863599999997746,92,60,-21,99,43,-11,43.66666667,43.66666667,0,47.55581516,44.90978611,2.646029045,-21,-11,-10,-0.47,0.02,-0.49,FALSE
6,31,female,8,old,b,1,13.394499999999994,67,19,-22,60,38,-16,21.33333333,27.33333333,-6,36.37153955,31.93048004,4.441059506,-22,-16,-6,0.1,-0.46,0.56,FALSE
6,31,female,9,old,a,0,6.995800000000713,84,27,-36,73,4,-29,25,16,9,49.01020302,42.49705872,6.513144298,-36,-29,-7,-0.06,0.4,-0.46,FALSE
6,31,female,10,old,a,0,16.00400000000002,93,58,-8,94,41,-1,47.66666667,44.66666667,3,41.87547678,38.87015422,3.005322563,-8,-1,-7,-0.36,0.14,-0.5,FALSE
6,31,female,11,old,b,1,4.229299999997011,53,8,-34,41,23,-28,9,12,-3,35.52463934,29.22327839,6.301360944,-34,-28,-6,0.04,-0.51,0.55,FALSE
6,31,female,12,old,b,1,7.214100000001508,83,23,-56,70,49,-51,16.66666667,22.66666667,-6,56.92294987,52.7909925,4.131957375,-56,-51,-5,-0.17,-0.62,0.45,FALSE
6,31,female,13,old,a,0,9.712899999998513,83,50,-11,85,29,-1,40.66666667,37.66666667,3,38.93869826,35.64017708,3.298521182,-11,-1,-10,-0.35,0.35,-0.7,FALSE
6,31,female,14,old,a,0,5.57920000000297,91,54,-88,96,14,-80,19,10,9,77.1535266,71.90734779,5.246178806,-88,-80,-8,-0.59,-0.08,-0.51,FALSE
6,31,female,15,old,b,1,12.55389999999852,99,35,-16,88,50,-11,39.33333333,42.33333333,-3,47.0484384,40.77853466,6.269903738,-16,-11,-5,0.14,-0.28,0.42,FALSE
6,31,female,16,old,b,1,4.97950000000003,85,2,-81,57,52,-76,2,11,-9,67.76921622,61.55214591,6.217070303,-81,-76,-5,0,-0.7,0.7,FALSE
6,31,female,17,old,a,0,14.403999999999996,98,41,-24,75,68,-19,38.33333333,41.33333333,-3,49.8419725,42.75771535,7.084257142,-24,-19,-5,-0.08,-0.69,0.61,FALSE
6,31,female,18,old,b,1,14.2866000000015,95,48,-30,71,67,-25,37.66666667,37.66666667,0,51.55148451,44.3421044,7.209380118,-30,-25,-5,-0.29,-0.7,0.41,FALSE
6,31,female,19,old,b,1,13.679299999997,80,10,-63,59,46,-60,9,15,-6,58.3837877,53.2979049,5.085882805,-63,-60,-3,-0.03,-0.68,0.65,FALSE
6,31,female,21,old,a,0,17.38739999999848,81,24,-16,74,4,-7,29.66666667,23.66666667,6,39.80228916,35.8732336,3.929055559,-16,-7,-9,0.21,0.66,-0.45,FALSE
6,31,female,22,old,a,0,22.87139999999846,61,54,-82,79,11,-75,11,5,6,65.82299497,63.01322612,2.809768844,-82,-75,-7,-0.7,-0.14,-0.56,FALSE
6,31,female,23,old,a,0,7.2964999999999804,91,67,-10,95,46,-2,49.33333333,46.33333333,3,43.08389748,39.60078563,3.483111855,-10,-2,-8,-0.55,0.01,-0.56,FALSE
6,31,female,24,old,a,0,17.413300000000675,97,58,-61,98,20,-51,31.33333333,22.33333333,9,67.20284386,60.85136719,6.351476665,-61,-51,-10,-0.53,0.06,-0.59,FALSE
6,31,female,25,old,a,0,12.345000000000027,70,12,-66,45,34,-63,5.333333333,5.333333333,0,55.72152985,48.52719741,7.194332436,-66,-63,-3,-0.18,-0.68,0.5,FALSE
6,31,female,26,old,a,0,12.00460000000146,94,70,-40,98,38,-30,41.33333333,35.33333333,6,58.33999962,52.2897908,6.050208816,-40,-30,-10,-0.62,-0.08,-0.54,FALSE
6,31,female,27,old,b,1,19.905000000000086,80,72,-12,88,45,-2,46.66666667,43.66666667,3,41.61196409,36.7544404,4.857523695,-12,-2,-10,-0.69,-0.05,-0.64,FALSE
6,31,female,28,old,b,1,13.555400000002235,53,9,-17,37,30,-13,15,18,-3,28.89059824,22.10580618,6.784792065,-17,-13,-4,0.3,-0.65,0.95,FALSE
6,31,female,29,old,b,1,30.90460000000155,63,2,-47,49,23,-45,6,9,-3,44.99629614,39.63163719,5.36465895,-47,-45,-2,0.13,-0.49,0.62,FALSE
6,31,female,30,old,a,0,8.062699999999268,93,64,-10,95,40,-6,49,43,6,43.36665386,41.28760912,2.079044738,-10,-6,-4,-0.48,0.11,-0.59,FALSE
6,31,female,31,old,b,1,16.512800000000766,93,31,-8,70,68,-4,38.66666667,44.66666667,-6,41.5879256,34.42221505,7.165710549,-8,-4,-4,0.27,-0.71,0.98,FALSE
6,31,female,32,old,a,0,12.954999999999927,91,75,-12,94,55,-4,51.33333333,48.33333333,3,45.25728916,40.28509512,4.97219404,-12,-4,-8,-0.64,-0.24,-0.4,FALSE
6,31,female,33,old,a,0,6.779600000001551,90,44,-48,88,16,-45,28.66666667,19.66666667,9,57.37207993,54.3588897,3.013190235,-48,-45,-3,-0.38,0.1,-0.48,FALSE
6,31,female,34,old,b,1,14.729700000002936,66,31,-13,68,19,-3,28,28,0,32.3213036,29.67602849,2.645275119,-13,-3,-10,-0.14,0.43,-0.57,FALSE
6,31,female,35,old,a,0,3.238300000000663,68,25,-12,60,2,-8,27,18,9,32.69046752,29.97776954,2.712697979,-12,-8,-4,0.09,0.65,-0.56,FALSE
6,31,female,36,old,b,1,2.3543999999984635,75,4,-67,57,43,-61,4,13,-9,57.97125725,52.63712252,5.334134731,-67,-61,-6,0,-0.67,0.67,FALSE
6,31,female,37,old,b,1,2.7713000000006787,67,11,-13,61,36,-5,21.66666667,30.66666667,-9,33.51948024,27.20702524,6.312455003,-13,-5,-8,0.45,-0.29,0.74,FALSE
6,31,female,38,old,b,1,2.5871999999992568,88,17,-44,82,43,-37,20.33333333,29.33333333,-9,53.94029621,49.5333782,4.406918017,-44,-37,-7,0.09,-0.39,0.48,FALSE
6,31,female,39,old,b,1,2.9383000000007087,88,33,-10,73,59,-3,37,43,-6,40.10818703,33.02524287,7.082944157,-10,-3,-7,0.15,-0.61,0.76,FALSE
6,31,female,40,old,b,1,5.829699999999207,76,3,-64,59,38,-55,5,14,-9,57.17225434,49.53786431,7.634390037,-64,-55,-9,0.05,-0.61,0.66,FALSE
6,31,female,41,old,b,1,4.153600000001461,55,15,-13,42,31,-7,19,22,-3,27.90459938,20.99206199,6.91253739,-13,-7,-6,0.21,-0.56,0.77,FALSE
6,31,female,42,old,a,0,4.805500000000052,77,25,-58,53,45,-54,14.66666667,14.66666667,0,55.59576323,48.66438351,6.93137972,-58,-54,-4,-0.27,-0.69,0.42,FALSE
6,31,female,0,new,b,1,2.3650999999977103,65,61,-27,97,23,-21,33,33,0,42.45782221,48.68949236,-6.231670156,-27,-21,-6,-0.7,0.3,-1,FALSE
6,31,female,1,new,a,0,1.996300000000815,85,45,-46,95,4,-42,28,19,9,54.81483984,56.92685365,-2.112013812,-46,-42,-4,-0.44,0.38,-0.82,FALSE
6,31,female,2,new,a,0,1.4051999999992404,75,51,-33,96,10,-31,31,25,6,46.30334761,52.92132525,-6.617977643,-33,-31,-2,-0.57,0.4,-0.97,FALSE
6,31,female,3,new,a,0,1.647200000002954,57,33,-39,75,10,-34,17,17,0,40.79215611,44.77350407,-3.981347961,-39,-34,-5,-0.53,0.23,-0.76,FALSE
6,31,female,4,new,b,1,1.596199999999271,73,35,-13,82,8,-4,31.66666667,28.66666667,3,35.18838192,38.02922853,-2.840846604,-13,-4,-9,-0.14,0.65,-0.79,FALSE
6,31,female,5,new,a,0,2.546800000000758,94,45,-8,97,10,-3,43.66666667,34.66666667,9,41.65199742,44.39469438,-2.74269696,-8,-3,-5,-0.05,0.66,-0.71,FALSE
6,31,female,6,new,a,0,1.5212000000029775,86,35,-10,92,6,-5,37,31,6,39.2173431,43.36665386,-4.149310754,-10,-5,-5,0.08,0.67,-0.59,FALSE
6,31,female,7,new,a,0,1.7300000000000182,56,49,-15,84,31,-7,30,36,-6,31.94787421,37.31844941,-5.370575202,-15,-7,-8,-0.68,0.2,-0.88,FALSE
6,31,female,8,new,a,0,2.6977000000030102,75,60,-69,99,6,-66,22,13,9,64.63745044,67.54257916,-2.905128718,-69,-66,-3,-0.68,0.15,-0.83,FALSE
6,31,female,9,new,b,1,2.505100000001562,51,25,-16,72,5,-8,20,23,-3,27.58018612,35.05234181,-7.47215569,-16,-8,-8,-0.27,0.63,-0.9,FALSE
6,31,female,10,new,b,1,2.846300000000724,62,55,-78,93,7,-70,13,10,3,64.41014413,66.57827473,-2.168130606,-78,-70,-8,-0.7,0.07,-0.77,FALSE
6,31,female,11,new,b,1,3.854600000001483,62,41,-30,88,24,-21,24.33333333,30.33333333,-6,39.36439452,44.723844,-5.359449486,-30,-21,-9,-0.56,0.21,-0.77,FALSE
6,31,female,12,new,b,1,2.295699999999215,74,29,-58,96,13,-55,15,18,-3,54.79051013,61.74679479,-6.956284661,-58,-55,-3,-0.37,0.12,-0.49,FALSE
6,31,female,13,new,a,0,5.229800000000751,70,31,-60,87,5,-51,13.66666667,13.66666667,0,54.46915539,56.6705881,-2.20143271,-60,-51,-9,-0.45,0.23,-0.68,FALSE
6,31,female,14,new,b,1,1.5130000000000337,67,34,-14,82,3,-7,29,26,3,33.2565783,39.80787192,-6.551293622,-14,-7,-7,-0.22,0.67,-0.89,FALSE
6,31,female,15,new,b,1,3.029399999998532,58,27,-28,78,17,-20,19,25,-6,35.56215217,40.40627014,-4.844117975,-28,-20,-8,-0.33,0.29,-0.62,FALSE
6,31,female,16,new,b,1,1.2871000000014874,40,34,-14,62,29,-4,20,29,-9,24.16609195,26.94438717,-2.778295223,-14,-4,-10,-0.67,0,-0.67,FALSE
6,31,female,17,new,b,1,2.320699999999306,45,40,-49,77,30,-44,12,21,-9,43.18178628,49.80629144,-6.624505153,-49,-44,-5,-0.7,-0.27,-0.43,FALSE
6,31,female,18,new,a,0,3.430099999997765,59,17,-45,75,4,-39,10.33333333,13.33333333,-3,42.71871825,47.00590979,-4.287191544,-45,-39,-6,-0.23,0.29,-0.52,FALSE
6,31,female,19,new,a,0,0.756900000002247,74,56,-98,99,2,-96,10.66666667,1.666666667,9,77.18952145,79.60876557,-2.4192441160000002,-98,-96,-2,-0.68,-0.01,-0.67,FALSE
6,31,female,21,new,b,1,15.387500000000044,83,36,-11,86,2,-7,36,27,9,38.3753393,41.88078318,-3.505443879,-11,-7,-4,0,0.68,-0.68,FALSE
6,31,female,22,new,a,0,8.27209999999775,60,59,-71,98,2,-61,16,13,3,61.51964456,65.37583651,-3.856191956,-71,-61,-10,-0.71,0.25,-0.96,FALSE
6,31,female,23,new,b,1,7.8126000000015665,59,34,-23,76,30,-18,23.33333333,29.33333333,-6,34.31552936,38.37823457,-4.062705208,-23,-18,-5,-0.44,-0.03,-0.41,FALSE
6,31,female,24,new,b,1,4.9375,71,36,-38,93,11,-35,23,23,0,45.43860326,52.94021786,-7.501614591,-38,-35,-3,-0.41,0.33,-0.74,FALSE
6,31,female,25,new,a,0,2.855699999999274,56,39,-80,86,11,-73,5,8,-3,60.50344343,64.94613152,-4.442688096,-80,-73,-7,-0.67,-0.07,-0.6,FALSE
6,31,female,26,new,a,0,3.9546000000015056,61,33,-4,66,7,-1,30,24,6,26.62079388,29.87752779,-3.25673391,-4,-1,-3,-0.17,0.67,-0.84,FALSE
6,31,female,27,new,a,0,3.187900000002287,35,19,-36,66,5,-26,6,15,-9,30.40833219,38.21866909,-7.810336894,-36,-26,-10,-0.56,0.37,-0.93,FALSE
6,31,female,28,new,b,1,3.206699999999273,73,32,-44,95,17,-42,20.33333333,23.33333333,-3,48.47221426,56.10902086,-7.6368066,-44,-42,-2,-0.35,0.17,-0.52,FALSE
6,31,female,29,new,b,1,2.0556999999993195,63,62,-52,88,34,-49,24.33333333,24.33333333,0,53.97736151,56.34615239,-2.368790878,-52,-49,-3,-0.71,-0.25,-0.46,FALSE
6,31,female,30,new,b,1,3.471499999999992,72,24,-26,91,16,-19,23.33333333,29.33333333,-6,40.01110957,45.88633299,-5.875223425,-26,-19,-7,-0.02,0.41,-0.43,FALSE
6,31,female,31,new,a,0,3.91410000000144,59,53,-70,91,2,-60,14,11,3,59.44745579,61.97311245,-2.525656659,-70,-60,-10,-0.7,0.21,-0.91,FALSE
6,31,female,32,new,b,1,3.5628000000007205,41,39,-29,73,26,-21,17,26,-9,32.53715825,38.3753393,-5.838181059,-29,-21,-8,-0.71,0,-0.71,FALSE
6,31,female,33,new,b,1,2.755300000000716,76,31,-39,96,19,-29,22.66666667,28.66666667,-6,47.31689856,51.48678363,-4.169885078,-39,-29,-10,-0.26,0.28,-0.54,FALSE
6,31,female,34,new,b,1,3.1976000000015574,67,58,-29,93,49,-19,32,41,-9,43.28972164,46.07240678,-2.782685138,-29,-19,-10,-0.68,-0.26,-0.42,FALSE
6,31,female,35,new,a,0,6.5961000000014565,84,38,-47,98,2,-43,25,19,6,54.26478293,58.80476171,-4.53997878,-47,-43,-4,-0.35,0.41,-0.76,FALSE
6,31,female,36,new,b,1,6.23819999999921,65,35,-38,81,15,-34,20.66666667,20.66666667,0,43.25377312,47.1192341,-3.865460983,-38,-34,-4,-0.46,0.18,-0.64,FALSE
6,31,female,37,new,b,1,4.272699999999304,66,55,-73,97,23,-63,16,19,-3,63.09252465,65.38093504,-2.28841039,-73,-63,-10,-0.69,-0.09,-0.6,FALSE
6,31,female,38,new,a,0,4.47010000000148,82,33,-22,91,7,-14,31,28,3,42.48136847,45.36518489,-2.883816424,-22,-14,-8,-0.07,0.6,-0.67,FALSE
6,31,female,39,new,b,1,6.503500000000031,82,41,-36,94,3,-28,29,23,6,48.91489207,51.77515492,-2.860262842,-36,-28,-8,-0.35,0.52,-0.87,FALSE
6,31,female,40,new,b,1,3.020800000000804,62,43,-86,99,27,-80,6.333333333,15.33333333,-9,65.74867975,73.54061614,-7.79193639,-86,-80,-6,-0.66,-0.23,-0.43,FALSE
6,31,female,41,new,a,0,6.322399999998538,83,52,-36,96,9,-33,33,24,9,50.4050262,53.72150407,-3.31647787,-36,-33,-3,-0.51,0.4,-0.91,FALSE
6,31,female,42,new,b,1,4.921299999997018,76,38,-12,82,9,-7,34,28,6,36.037018,38.73843914,-2.701421131,-12,-7,-5,-0.17,0.62,-0.79,FALSE
6,31,female,0,old,b,1,3.3234999999999677,79,64,-29,81,28,-22,38,29,9,47.77028365,42.05551886,5.714764789,-29,-22,-7,-0.66,0.04,-0.7,FALSE
6,31,female,1,old,a,0,4.679500000000189,70,51,-43,75,10,-34,26,17,9,49.40310382,44.77350407,4.629599747,-43,-34,-9,-0.63,0.23,-0.86,FALSE
6,31,female,2,old,a,0,4.838099999997894,96,19,-78,77,43,-74,12.33333333,15.33333333,-3,71.19144768,64.67525716,6.516190515,-78,-74,-4,-0.14,-0.56,0.42,FALSE
6,31,female,3,old,b,1,5.354800000000751,77,69,-21,82,39,-14,41.66666667,35.66666667,6,44.43222054,39.26264835,5.16957219,-21,-14,-7,-0.69,-0.13,-0.56,FALSE
6,31,female,4,old,b,1,23.23780000000079,98,42,-26,70,68,-24,38,38,0,50.70174224,43.84822307,6.853519172,-26,-24,-2,-0.12,-0.71,0.59,FALSE
6,31,female,5,old,b,1,5.121600000001308,79,63,-12,80,36,-4,43.33333333,37.33333333,6,39.6680672,34.30581421,5.362252988,-12,-4,-8,-0.62,0.06,-0.68,FALSE
6,31,female,6,old,b,1,6.08020000000306,87,78,-16,94,52,-6,49.66666667,46.66666667,3,46.57848812,40.99864496,5.579843156,-16,-6,-10,-0.69,-0.19,-0.5,FALSE
6,31,female,7,old,b,1,5.154900000002044,82,31,-53,64,62,-48,20,26,-6,55.6596802,52.33227175,3.327408449,-53,-48,-5,-0.29,-0.71,0.42,FALSE
6,31,female,8,old,b,1,12.005900000002155,92,2,-70,66,50,-65,8,17,-9,66.2721661,58.34952156,7.92264454,-70,-65,-5,0.14,-0.67,0.81,FALSE
6,31,female,9,old,a,0,7.379199999999173,79,40,-26,73,13,-20,31,22,9,43.33589736,38.49675311,4.83914425,-26,-20,-6,-0.3,0.34,-0.64,FALSE
6,31,female,10,old,b,1,5.420600000001514,48,21,-20,41,36,-10,16.33333333,22.33333333,-6,27.95631513,22.9540604,5.002254727,-20,-10,-10,-0.25,-0.68,0.43,FALSE
6,31,female,11,old,a,0,4.371600000001536,46,30,-55,47,6,-50,7,1,6,44.32456054,39.75759885,4.566961681,-55,-50,-5,-0.64,-0.19,-0.45,FALSE
6,31,female,12,old,a,0,7.329599999997754,73,52,-43,84,13,-33,27.33333333,21.33333333,6,50.4667107,48.12714642,2.339564283,-43,-33,-10,-0.62,0.25,-0.87,FALSE
6,31,female,13,old,b,1,3.91380000000072,91,79,-11,99,39,-6,53,44,9,45.51922671,43.01162634,2.507600372,-11,-6,-5,-0.67,0.17,-0.84,FALSE
6,31,female,14,old,a,0,9.27159999999776,74,5,-55,57,19,-52,8,8,0,52.70673581,45.17373868,7.532997129,-55,-52,-3,0.09,-0.35,0.44,FALSE
6,31,female,15,old,a,0,5.362199999999348,82,11,-76,60,51,-67,5.666666667,14.66666667,-9,64.61338011,57.86382482,6.749555292,-76,-67,-9,-0.12,-0.69,0.57,FALSE
6,31,female,17,old,a,0,4.595700000002807,98,58,-16,96,41,-6,46.66666667,43.66666667,3,47.22522866,41.6839964,5.541232266,-16,-6,-10,-0.35,0.1,-0.45,FALSE
6,31,female,18,old,a,0,18.74659999999767,91,22,-54,72,61,-47,19.66666667,28.66666667,-9,59.21899095,53.69254035,5.526450601,-54,-47,-7,-0.06,-0.68,0.62,FALSE
6,31,female,19,old,b,1,2.9458000000008724,79,13,-40,74,33,-37,17.33333333,23.33333333,-6,48.67808085,45.82818153,2.849899325,-40,-37,-3,0.13,-0.31,0.44,FALSE
6,31,female,20,old,b,1,8.438000000000102,74,21,-46,56,42,-40,16.33333333,19.33333333,-3,49.10080334,42.34251869,6.758284654,-46,-40,-6,-0.14,-0.65,0.51,FALSE
6,31,female,21,old,a,0,6.538000000000011,58,38,-11,53,25,-2,28.33333333,25.33333333,3,28.98658694,22.45489306,6.531693879,-11,-2,-9,-0.46,0.02,-0.48,FALSE
6,31,female,22,old,b,1,19.062899999998532,64,62,-48,70,29,-39,26,20,6,52.33227175,44.95182607,7.380445685,-48,-39,-9,-0.71,-0.29,-0.42,FALSE
6,31,female,23,old,b,1,2.1631999999992786,80,43,-35,75,18,-32,29.33333333,20.33333333,9,47.93282336,43.71371511,4.219108251,-35,-32,-3,-0.4,0.08,-0.48,FALSE
6,31,female,24,old,a,0,4.347800000000916,65,57,-40,69,18,-32,27.33333333,18.33333333,9,47.72374205,41.23375101,6.489991045,-40,-32,-8,-0.69,0.01,-0.7,FALSE
6,31,female,25,old,b,1,11.513500000000022,65,13,-18,61,36,-10,20,29,-9,34.24422092,29.40521496,4.839005967,-18,-10,-8,0.3,-0.34,0.64,FALSE
6,31,female,26,old,b,1,2.7045000000000528,48,3,-24,46,23,-15,9,18,-9,29.69848481,25.15286597,4.545618837,-24,-15,-9,0.29,-0.29,0.58,FALSE
6,31,female,27,old,a,0,17.263100000001486,85,68,-15,91,43,-5,46,43,3,43.68828981,39.19183588,4.496453927,-15,-5,-10,-0.63,0,-0.63,FALSE
6,31,female,28,old,b,1,14.638999999999896,59,9,-67,40,31,-61,0.333333333,3.333333333,-3,51.80304581,45.63867755,6.164368259,-67,-61,-6,-0.25,-0.69,0.44,FALSE
6,31,female,29,old,a,0,6.488199999999097,57,44,-13,53,29,-3,29.33333333,26.33333333,3,30.40102337,22.93953405,7.461489329,-13,-3,-10,-0.61,-0.17,-0.44,FALSE
6,31,female,30,old,a,0,53.58969999999931,70,57,-28,78,40,-19,33,33,0,43.45879274,39.90822806,3.550564686,-28,-19,-9,-0.66,-0.26,-0.4,FALSE
6,31,female,31,old,a,0,2.529399999998532,53,40,-11,50,25,-2,27.33333333,24.33333333,3,27.62044331,21.23414441,6.386298903,-11,-2,-9,-0.59,-0.05,-0.54,FALSE
6,31,female,32,old,b,1,5.196699999999282,56,8,-52,40,33,-43,4,10,-6,44.18144407,37.58545818,6.595985888,-52,-43,-9,-0.14,-0.69,0.55,FALSE
6,31,female,33,old,a,0,23.047600000001463,63,16,-47,44,40,-43,10.66666667,13.66666667,-3,45.0653846,40.10264608,4.962738522,-47,-43,-4,-0.18,-0.7,0.52,FALSE
6,31,female,34,old,a,0,4.279800000000705,60,5,-41,53,30,-32,8,17,-9,41.28760912,35.89800366,5.389605459,-41,-32,-9,0.11,-0.5,0.61,FALSE
6,31,female,35,old,a,0,4.095899999998437,57,19,-12,42,29,-7,21.33333333,21.33333333,0,28.21740991,20.72572208,7.491687838,-12,-7,-5,0.12,-0.5,0.62,FALSE
6,31,female,36,old,b,1,11.613199999999324,61,12,-35,44,34,-31,12.66666667,15.66666667,-3,39.19467084,33.24989557,5.944775267,-35,-31,-4,0.03,-0.66,0.69,FALSE
6,31,female,37,old,b,1,5.479899999998452,78,43,-10,60,54,-3,37,37,0,36.17549815,28.39013913,7.785359021,-10,-3,-7,-0.24,-0.68,0.44,FALSE
6,31,female,38,old,b,1,2.230000000000018,46,32,-39,42,9,-30,13,7,6,37.21110945,29.42787794,7.783231513,-39,-30,-9,-0.63,-0.1,-0.53,FALSE
6,31,female,39,old,a,0,2.005499999999984,99,52,-13,90,75,-9,46,52,-6,45.92022067,43.56604182,2.354178852,-13,-9,-4,-0.19,-0.64,0.45,FALSE
6,31,female,40,old,b,1,2.305700000002844,79,16,-61,58,42,-57,11.33333333,14.33333333,-3,57.24993935,50.86146762,6.388471726,-61,-57,-4,-0.12,-0.65,0.53,FALSE
6,31,female,41,old,a,0,96.20450000000004,53,8,-35,40,19,-33,8.666666667,8.666666667,0,35.92894222,30.68477726,5.244164957,-35,-33,-2,0.03,-0.47,0.5,FALSE
6,31,female,42,old,b,1,1.8380000000001928,85,24,-45,67,54,-39,21.33333333,27.33333333,-6,53.10576449,47.20404879,5.901715701,-45,-39,-6,-0.08,-0.67,0.59,FALSE
6,31,female,0,new,a,0,2.890999999999849,80,38,-19,90,6,-15,33,27,6,40.57092555,45.36518489,-4.794259339,-19,-15,-4,-0.18,0.6,-0.78,FALSE
6,31,female,1,new,b,1,4.296799999996892,31,25,-52,57,4,-48,1.333333333,4.333333333,-3,37.79182745,42.86671851,-5.074891054,-52,-48,-4,-0.69,0.01,-0.7,FALSE
6,31,female,2,new,b,1,6.88009999999781,72,24,-83,93,6,-77,4.333333333,7.333333333,-3,64.78854494,69.40861298,-4.620068037,-83,-77,-6,-0.43,0.03,-0.46,FALSE
6,31,female,3,new,a,0,5.565300000000661,54,51,-50,87,14,-46,18.33333333,18.33333333,0,48.33448274,54.3834125,-6.048929759,-50,-46,-4,-0.71,0.12,-0.83,FALSE
6,31,female,4,new,b,1,7.598600000001625,32,24,-44,60,15,-36,4,13,-9,34.09789827,39.2173431,-5.119444829,-44,-36,-8,-0.68,-0.08,-0.6,FALSE
6,31,female,5,new,b,1,7.146300000000792,86,41,-34,96,4,-25,31,25,6,49.49747468,51.58165048,-2.084175801,-34,-25,-9,-0.29,0.54,-0.83,FALSE
6,31,female,6,new,a,0,20.94669999999928,85,51,-7,92,14,-4,43,34,9,37.98245209,41.66533331,-3.682881223,-7,-4,-3,-0.31,0.61,-0.92,FALSE
6,31,female,7,new,b,1,9.38070000000289,71,38,-70,91,1,-62,13,10,3,60.21627687,62.78534861,-2.56907174,-70,-62,-8,-0.55,0.21,-0.76,FALSE
6,31,female,8,new,a,0,21.88010000000145,73,45,-52,99,1,-43,22,19,3,53.55993528,59.35205697,-5.792121696,-52,-43,-9,-0.56,0.43,-0.99,FALSE
6,31,female,9,new,a,0,18.99649999999997,53,40,-78,88,6,-70,5,8,-3,58.92933621,64.51873113,-5.589394916,-78,-70,-8,-0.68,0.05,-0.73,FALSE
6,31,female,10,new,b,1,20.180100000001403,44,36,-47,66,12,-45,11,11,0,41.14203041,45.32107677,-4.17904636,-47,-45,-2,-0.69,-0.03,-0.66,FALSE
6,31,female,11,new,b,1,2.6464999999998327,38,17,-31,62,16,-27,8,17,-9,28.87905816,36.34097779,-7.461919633,-31,-27,-4,-0.44,0.04,-0.48,FALSE
6,31,female,12,new,a,0,3.464399999998477,72,42,-20,78,6,-17,31.33333333,22.33333333,9,38.30868773,40.46672158,-2.158033852,-20,-17,-3,-0.4,0.54,-0.94,FALSE
6,31,female,13,new,a,0,3.372499999999945,80,48,-26,89,7,-21,34,25,9,44.39219151,46.6761895,-2.283997999,-26,-21,-5,-0.44,0.52,-0.96,FALSE
6,31,female,14,new,a,0,3.339400000002115,75,48,-36,95,7,-33,29,23,6,47.26520919,53.46650042,-6.201291223,-36,-33,-3,-0.54,0.42,-0.96,FALSE
6,31,female,15,new,b,1,14.363399999998364,49,45,-36,87,24,-26,19.33333333,28.33333333,-9,39.16063783,46.23370584,-7.073068005,-36,-26,-10,-0.7,0.14,-0.84,FALSE
6,31,female,16,new,b,1,17.696399999998448,68,60,-38,99,37,-28,30,36,-6,48.19405219,51.85235449,-3.658302303,-38,-28,-10,-0.69,-0.03,-0.66,FALSE
6,31,female,17,new,b,1,3.896199999999226,45,26,-62,73,18,-55,3,12,-9,46.61187259,52.42772803,-5.815855439,-62,-55,-7,-0.62,-0.17,-0.45,FALSE
6,31,female,18,new,b,1,4.554800000000796,66,47,-58,95,21,-52,18.33333333,21.33333333,-3,54.53031777,60.01296156,-5.482643798,-58,-52,-6,-0.64,0.01,-0.65,FALSE
6,31,female,19,new,b,1,4.272099999997863,42,23,-11,63,18,-9,18,24,-6,21.92411154,29.69848481,-7.774373273,-11,-9,-2,-0.33,0.29,-0.62,FALSE
6,31,female,20,new,b,1,5.271900000002461,59,30,-17,77,20,-7,24,30,-6,31.31559782,35.0142828,-3.698684983,-17,-7,-10,-0.28,0.41,-0.69,FALSE
6,31,female,21,new,a,0,7.638300000000981,69,50,-40,89,13,-32,26.33333333,23.33333333,3,47.54179448,49.93551397,-2.393719493,-40,-32,-8,-0.62,0.3,-0.92,FALSE
6,31,female,22,new,b,1,1.9630000000001928,87,54,-16,96,14,-12,41.66666667,32.66666667,9,42.94440851,46.02414825,-3.079739742,-16,-12,-4,-0.41,0.54,-0.95,FALSE
6,31,female,23,new,a,0,6.996300000000701,79,50,-10,95,17,-2,39.66666667,36.66666667,3,37.06151043,41.97088938,-4.90937895,-10,-2,-8,-0.4,0.6,-1,FALSE
6,31,female,24,new,a,0,2.879800000001069,56,21,-48,76,2,-40,9.666666667,12.66666667,-3,43.20750964,47.95368136,-4.74617172,-48,-40,-8,-0.38,0.32,-0.7,FALSE
6,31,female,25,new,b,1,4.379899999998543,38,36,-51,71,20,-41,7.666666667,16.66666667,-9,41.49163236,45.78451946,-4.292887105,-51,-41,-10,-0.71,-0.11,-0.6,FALSE
6,31,female,26,new,a,0,6.779599999997572,54,34,-67,84,8,-62,7,10,-3,52.95910372,59.62102537,-6.661921656,-67,-62,-5,-0.63,0.05,-0.68,FALSE
6,31,female,27,new,a,0,5.4047000000027765,73,53,-41,99,7,-39,28.33333333,22.33333333,6,49.70133019,57.37207993,-7.670749745,-41,-39,-2,-0.62,0.38,-1,FALSE
6,31,female,28,new,a,0,6.07189999999855,68,52,-62,94,9,-54,19.33333333,16.33333333,3,57.88110419,60.64285247,-2.761748279,-62,-54,-8,-0.67,0.18,-0.85,FALSE
6,31,female,29,new,a,0,6.838099999998121,78,57,-50,98,6,-46,28.33333333,19.33333333,9,56.04958123,59.5389695,-3.489388273,-50,-46,-4,-0.63,0.32,-0.95,FALSE
6,31,female,30,new,a,0,6.271999999999935,43,31,-49,75,8,-40,8.333333333,14.33333333,-6,40.83571422,47.16166051,-6.325946295,-49,-40,-9,-0.66,0.2,-0.86,FALSE
6,31,female,31,new,a,0,6.14680000000044,88,50,-27,96,11,-23,37,28,9,47.84001115,50.04664491,-2.206633761,-27,-23,-4,-0.39,0.47,-0.86,FALSE
6,31,female,32,new,b,1,2.5299999999997453,44,31,-57,70,16,-50,6,12,-6,44.86275367,49.07137659,-4.208622918,-57,-50,-7,-0.66,-0.12,-0.54,FALSE
6,31,female,33,new,a,0,1.66439999999875,58,27,-46,74,5,-40,13,13,0,43.59663596,46.88283268,-3.286196723,-46,-40,-6,-0.45,0.25,-0.7,FALSE
6,31,female,34,new,b,1,1.679300000000694,47,44,-54,78,9,-50,12.33333333,12.33333333,0,46.92073695,52.3089115,-5.388174553,-54,-50,-4,-0.7,0.1,-0.8,FALSE
6,31,female,35,new,a,0,14.671499999999924,86,32,-13,90,5,-8,35,29,6,40.47221269,43.45879274,-2.986580053,-13,-8,-5,0.11,0.66,-0.55,FALSE
6,31,female,36,new,b,1,9.288200000003144,37,15,-44,59,10,-34,2.666666667,11.66666667,-9,34.19876541,37.9853773,-3.786611894,-44,-34,-10,-0.49,0.07,-0.56,FALSE
6,31,female,37,new,b,1,5.604800000000978,62,44,-43,91,27,-37,21,27,-6,45.84757355,52.25578118,-6.408207634,-43,-37,-6,-0.63,0,-0.63,FALSE
6,31,female,38,new,b,1,3.421899999998459,82,49,-19,98,16,-11,37.33333333,34.33333333,3,42.05023451,46.34891824,-4.298683734,-19,-11,-8,-0.39,0.53,-0.92,FALSE
6,31,female,39,new,b,1,2.7039999999997235,69,45,-22,90,19,-17,30.66666667,30.66666667,0,38.50829636,44.45472103,-5.94642467,-22,-17,-5,-0.51,0.38,-0.89,FALSE
6,31,female,40,new,b,1,5.65519999999924,73,23,-91,92,2,-89,1.666666667,1.666666667,0,68.63105873,73.89331649,-5.262257764,-91,-89,-2,-0.44,-0.01,-0.43,FALSE
6,31,female,41,new,b,1,2.296499999999924,89,36,-51,98,7,-49,24.66666667,18.66666667,6,57.71385353,60.5768566,-2.863003074,-51,-49,-2,-0.29,0.28,-0.57,FALSE
7,59,male,0,new,a,0,8.1283999999999,94,45,-8,97,10,-3,43.66666667,34.66666667,9,41.65199742,44.39469438,-2.74269696,-8,-3,-5,-0.05,0.66,-0.71,FALSE
7,59,male,1,new,b,1,2.9435,35,19,-36,66,5,-26,6,15,-9,30.40833219,38.21866909,-7.810336894,-36,-26,-10,-0.56,0.37,-0.93,FALSE
7,59,male,2,new,b,1,2.55980000000028,67,58,-29,93,49,-19,32,41,-9,43.28972164,46.07240678,-2.782685138,-29,-19,-10,-0.68,-0.26,-0.42,FALSE
7,59,male,3,new,a,0,2.5107999999998185,83,52,-36,96,9,-33,33,24,9,50.4050262,53.72150407,-3.31647787,-36,-33,-3,-0.51,0.4,-0.91,FALSE
7,59,male,4,new,a,0,2.75970000000018,82,33,-22,91,7,-14,31,28,3,42.48136847,45.36518489,-2.883816424,-22,-14,-8,-0.07,0.6,-0.67,FALSE
7,59,male,5,new,b,1,2.026900000000367,62,41,-30,88,24,-21,24.33333333,30.33333333,-6,39.36439452,44.723844,-5.359449486,-30,-21,-9,-0.56,0.21,-0.77,FALSE
7,59,male,6,new,b,1,6.237100000000112,40,34,-14,62,29,-4,20,29,-9,24.16609195,26.94438717,-2.778295223,-14,-4,-10,-0.67,0,-0.67,FALSE
7,59,male,7,new,a,0,4.320600000000098,84,38,-47,98,2,-43,25,19,6,54.26478293,58.80476171,-4.53997878,-47,-43,-4,-0.35,0.41,-0.76,FALSE
7,59,male,8,new,a,0,1.1935000000000002,61,33,-4,66,7,-1,30,24,6,26.62079388,29.87752779,-3.25673391,-4,-1,-3,-0.17,0.67,-0.84,FALSE
7,59,male,9,new,a,0,1.5954000000003532,86,35,-10,92,6,-5,37,31,6,39.2173431,43.36665386,-4.149310754,-10,-5,-5,0.08,0.67,-0.59,FALSE
7,59,male,10,new,a,0,2.954600000000113,75,60,-69,99,6,-66,22,13,9,64.63745044,67.54257916,-2.905128718,-69,-66,-3,-0.68,0.15,-0.83,FALSE
7,59,male,11,new,a,0,2.2712999999997976,51,25,-16,72,5,-8,20,23,-3,27.58018612,35.05234181,-7.47215569,-16,-8,-8,-0.27,0.63,-0.9,FALSE
7,59,male,12,new,a,0,6.737800000000277,56,39,-80,86,11,-73,5,8,-3,60.50344343,64.94613152,-4.442688096,-80,-73,-7,-0.67,-0.07,-0.6,FALSE
7,59,male,14,new,b,1,1.609499999999997,56,49,-15,84,31,-7,30,36,-6,31.94787421,37.31844941,-5.370575202,-15,-7,-8,-0.68,0.2,-0.88,FALSE
7,59,male,15,new,b,1,2.53879999999981,74,29,-58,96,13,-55,15,18,-3,54.79051013,61.74679479,-6.956284661,-58,-55,-3,-0.37,0.12,-0.49,FALSE
7,59,male,16,new,a,0,2.0447999999998103,74,56,-98,99,2,-96,10.66666667,1.666666667,9,77.18952145,79.60876557,-2.4192441160000002,-98,-96,-2,-0.68,-0.01,-0.67,FALSE
7,59,male,17,new,a,0,4.42880000000028,65,61,-27,97,23,-21,33,33,0,42.45782221,48.68949236,-6.231670156,-27,-21,-6,-0.7,0.3,-1,FALSE
7,59,male,18,new,b,1,2.6600999999996304,59,34,-23,76,30,-18,23.33333333,29.33333333,-6,34.31552936,38.37823457,-4.062705208,-23,-18,-5,-0.44,-0.03,-0.41,FALSE
7,59,male,19,new,a,0,1.9106000000001016,70,31,-60,87,5,-51,13.66666667,13.66666667,0,54.46915539,56.6705881,-2.20143271,-60,-51,-9,-0.45,0.23,-0.68,FALSE
7,59,male,20,new,b,1,1.628100000000103,41,39,-29,73,26,-21,17,26,-9,32.53715825,38.3753393,-5.838181059,-29,-21,-8,-0.71,0,-0.71,FALSE
7,59,male,21,new,a,0,1.76140000000035,82,41,-36,94,3,-28,29,23,6,48.91489207,51.77515492,-2.860262842,-36,-28,-8,-0.35,0.52,-0.87,FALSE
7,59,male,22,new,a,0,2.839200000000204,59,53,-70,91,2,-60,14,11,3,59.44745579,61.97311245,-2.525656659,-70,-60,-10,-0.7,0.21,-0.91,FALSE
7,59,male,23,new,a,0,1.7953999999999155,58,27,-28,78,17,-20,19,25,-6,35.56215217,40.40627014,-4.844117975,-28,-20,-8,-0.33,0.29,-0.62,FALSE
7,59,male,24,new,b,1,2.05919999999972,66,55,-73,97,23,-63,16,19,-3,63.09252465,65.38093504,-2.28841039,-73,-63,-10,-0.69,-0.09,-0.6,FALSE
7,59,male,25,new,a,0,1.0453999999999155,72,24,-26,91,16,-19,23.33333333,29.33333333,-6,40.01110957,45.88633299,-5.875223425,-26,-19,-7,-0.02,0.41,-0.43,FALSE
7,59,male,26,new,a,0,1.6285000000000025,57,33,-39,75,10,-34,17,17,0,40.79215611,44.77350407,-3.981347961,-39,-34,-5,-0.53,0.23,-0.76,FALSE
7,59,male,27,new,a,0,2.26069999999973,71,36,-38,93,11,-35,23,23,0,45.43860326,52.94021786,-7.501614591,-38,-35,-3,-0.41,0.33,-0.74,FALSE
7,59,male,28,new,a,0,1.907999999999987,65,35,-38,81,15,-34,20.66666667,20.66666667,0,43.25377312,47.1192341,-3.865460983,-38,-34,-4,-0.46,0.18,-0.64,FALSE
7,59,male,29,new,a,0,3.561000000000007,62,55,-78,93,7,-70,13,10,3,64.41014413,66.57827473,-2.168130606,-78,-70,-8,-0.7,0.07,-0.77,FALSE
7,59,male,30,new,a,0,2.245299999999816,59,17,-45,75,4,-39,10.33333333,13.33333333,-3,42.71871825,47.00590979,-4.287191544,-45,-39,-6,-0.23,0.29,-0.52,FALSE
7,59,male,31,new,b,1,1.0228999999999075,63,62,-52,88,34,-49,24.33333333,24.33333333,0,53.97736151,56.34615239,-2.368790878,-52,-49,-3,-0.71,-0.25,-0.46,FALSE
7,59,male,32,new,b,1,3.027399999999915,62,43,-86,99,27,-80,6.333333333,15.33333333,-9,65.74867975,73.54061614,-7.79193639,-86,-80,-6,-0.66,-0.23,-0.43,FALSE
7,59,male,33,new,a,0,1.1434000000003834,83,36,-11,86,2,-7,36,27,9,38.3753393,41.88078318,-3.505443879,-11,-7,-4,0,0.68,-0.68,FALSE
7,59,male,34,new,b,1,1.2940000000000111,76,31,-39,96,19,-29,22.66666667,28.66666667,-6,47.31689856,51.48678363,-4.169885078,-39,-29,-10,-0.26,0.28,-0.54,FALSE
7,59,male,35,new,a,0,1.8106999999997129,67,34,-14,82,3,-7,29,26,3,33.2565783,39.80787192,-6.551293622,-14,-7,-7,-0.22,0.67,-0.89,FALSE
7,59,male,36,new,a,0,2.2062999999998283,60,59,-71,98,2,-61,16,13,3,61.51964456,65.37583651,-3.856191956,-71,-61,-10,-0.71,0.25,-0.96,FALSE
7,59,male,37,new,a,0,1.5740000000000125,76,38,-12,82,9,-7,34,28,6,36.037018,38.73843914,-2.701421131,-12,-7,-5,-0.17,0.62,-0.79,FALSE
7,59,male,38,new,a,0,1.7791999999997188,73,35,-13,82,8,-4,31.66666667,28.66666667,3,35.18838192,38.02922853,-2.840846604,-13,-4,-9,-0.14,0.65,-0.79,FALSE
7,59,male,39,new,b,1,4.027000000000015,45,40,-49,77,30,-44,12,21,-9,43.18178628,49.80629144,-6.624505153,-49,-44,-5,-0.7,-0.27,-0.43,FALSE
7,59,male,40,new,a,0,1.743399999999923,75,51,-33,96,10,-31,31,25,6,46.30334761,52.92132525,-6.617977643,-33,-31,-2,-0.57,0.4,-0.97,FALSE
7,59,male,41,new,a,0,1.878600000000091,85,45,-46,95,4,-42,28,19,9,54.81483984,56.92685365,-2.112013812,-46,-42,-4,-0.44,0.38,-0.82,FALSE
7,59,male,42,new,b,1,5.207900000000393,73,32,-44,95,17,-42,20.33333333,23.33333333,-3,48.47221426,56.10902086,-7.6368066,-44,-42,-2,-0.35,0.17,-0.52,FALSE
7,59,male,0,old,a,0,3.926400000000342,74,43,-22,76,14,-13,31.66666667,25.66666667,6,40.00277768,37.25885428,2.743923402,-22,-13,-9,-0.4,0.44,-0.84,FALSE
7,59,male,1,old,a,0,3.511000000000024,77,25,-58,53,45,-54,14.66666667,14.66666667,0,55.59576323,48.66438351,6.93137972,-58,-54,-4,-0.27,-0.69,0.42,FALSE
7,59,male,2,old,a,0,1.8301999999997065,91,54,-88,96,14,-80,19,10,9,77.1535266,71.90734779,5.246178806,-88,-80,-8,-0.59,-0.08,-0.51,FALSE
7,59,male,3,old,a,0,5.127600000000086,93,58,-8,94,41,-1,47.66666667,44.66666667,3,41.87547678,38.87015422,3.005322563,-8,-1,-7,-0.36,0.14,-0.5,FALSE
7,59,male,4,old,a,0,2.1736000000000786,94,70,-40,98,38,-30,41.33333333,35.33333333,6,58.33999962,52.2897908,6.050208816,-40,-30,-10,-0.62,-0.08,-0.54,FALSE
7,59,male,5,old,a,0,5.561199999999758,61,54,-82,79,11,-75,11,5,6,65.82299497,63.01322612,2.809768844,-82,-75,-7,-0.7,-0.14,-0.56,FALSE
7,59,male,6,old,b,1,1.0968999999998914,75,4,-67,57,43,-61,4,13,-9,57.97125725,52.63712252,5.334134731,-67,-61,-6,0,-0.67,0.67,FALSE
7,59,male,7,old,b,1,6.594100000000083,83,23,-56,70,49,-51,16.66666667,22.66666667,-6,56.92294987,52.7909925,4.131957375,-56,-51,-5,-0.17,-0.62,0.45,FALSE
7,59,male,8,old,a,0,3.550399999999911,66,31,-13,68,19,-3,28,28,0,32.3213036,29.67602849,2.645275119,-13,-3,-10,-0.14,0.43,-0.57,FALSE
7,59,male,9,old,b,1,1.8622999999998344,76,3,-64,59,38,-55,5,14,-9,57.17225434,49.53786431,7.634390037,-64,-55,-9,0.05,-0.61,0.66,FALSE
7,59,male,10,old,b,1,3.7948000000002935,63,2,-47,49,23,-45,6,9,-3,44.99629614,39.63163719,5.36465895,-47,-45,-2,0.13,-0.49,0.62,FALSE
7,59,male,11,old,b,1,2.594899999999882,95,48,-30,71,67,-25,37.66666667,37.66666667,0,51.55148451,44.3421044,7.209380118,-30,-25,-5,-0.29,-0.7,0.41,FALSE
7,59,male,12,old,a,0,3.144700000000171,64,24,-23,50,35,-20,21.66666667,21.66666667,0,35.55590278,30.09245014,5.463452634,-23,-20,-3,-0.1,-0.58,0.48,FALSE
7,59,male,13,old,b,1,1.678899999999942,70,12,-66,45,34,-63,5.333333333,5.333333333,0,55.72152985,48.52719741,7.194332436,-66,-63,-3,-0.18,-0.68,0.5,FALSE
7,59,male,14,old,a,0,4.278100000000052,91,75,-12,94,55,-4,51.33333333,48.33333333,3,45.25728916,40.28509512,4.97219404,-12,-4,-8,-0.64,-0.24,-0.4,FALSE
7,59,male,16,old,b,1,5.244300000000294,80,72,-12,88,45,-2,46.66666667,43.66666667,3,41.61196409,36.7544404,4.857523695,-12,-2,-10,-0.69,-0.05,-0.64,FALSE
7,59,male,17,old,a,0,3.3786000000000627,80,10,-63,59,46,-60,9,15,-6,58.3837877,53.2979049,5.085882805,-63,-60,-3,-0.03,-0.68,0.65,FALSE
7,59,male,18,old,a,0,2.744899999999916,56,42,-72,65,9,-66,8.666666667,2.666666667,6,57.32558087,53.66770185,3.657879018,-72,-66,-6,-0.68,-0.18,-0.5,FALSE
7,59,male,19,old,a,0,2.628500000000031,93,64,-10,95,40,-6,49,43,6,43.36665386,41.28760912,2.079044738,-10,-6,-4,-0.48,0.11,-0.59,FALSE
7,59,male,20,old,b,1,2.461600000000089,55,15,-13,42,31,-7,19,22,-3,27.90459938,20.99206199,6.91253739,-13,-7,-6,0.21,-0.56,0.77,FALSE
7,59,male,21,old,a,0,4.277699999999754,83,50,-11,85,29,-1,40.66666667,37.66666667,3,38.93869826,35.64017708,3.298521182,-11,-1,-10,-0.35,0.35,-0.7,FALSE
7,59,male,22,old,b,1,7.410300000000234,99,35,-16,88,50,-11,39.33333333,42.33333333,-3,47.0484384,40.77853466,6.269903738,-16,-11,-5,0.14,-0.28,0.42,FALSE
7,59,male,23,old,b,1,3.575999999999965,80,2,-60,69,30,-50,7.333333333,16.33333333,-9,57.27904406,49.5333782,7.745665868,-60,-50,-10,0.14,-0.39,0.53,FALSE
7,59,male,24,old,b,1,5.360800000000268,93,31,-8,70,68,-4,38.66666667,44.66666667,-6,41.5879256,34.42221505,7.165710549,-8,-4,-4,0.27,-0.71,0.98,FALSE
7,59,male,25,old,b,1,2.8110000000000355,88,33,-10,73,59,-3,37,43,-6,40.10818703,33.02524287,7.082944157,-10,-3,-7,0.15,-0.61,0.76,FALSE
7,59,male,26,old,b,1,3.842700000000207,53,9,-17,37,30,-13,15,18,-3,28.89059824,22.10580618,6.784792065,-17,-13,-4,0.3,-0.65,0.95,FALSE
7,59,male,27,old,a,0,1.4780000000000086,84,27,-36,73,4,-29,25,16,9,49.01020302,42.49705872,6.513144298,-36,-29,-7,-0.06,0.4,-0.46,FALSE
7,59,male,28,old,b,1,4.16070000000019,67,19,-22,60,38,-16,21.33333333,27.33333333,-6,36.37153955,31.93048004,4.441059506,-22,-16,-6,0.1,-0.46,0.56,FALSE
7,59,male,29,old,a,0,2.7781000000001086,91,67,-10,95,46,-2,49.33333333,46.33333333,3,43.08389748,39.60078563,3.483111855,-10,-2,-8,-0.55,0.01,-0.56,FALSE
7,59,male,30,old,b,1,2.2900000000000205,67,11,-13,61,36,-5,21.66666667,30.66666667,-9,33.51948024,27.20702524,6.312455003,-13,-5,-8,0.45,-0.29,0.74,FALSE
7,59,male,31,old,b,1,2.928099999999631,88,17,-44,82,43,-37,20.33333333,29.33333333,-9,53.94029621,49.5333782,4.406918017,-44,-37,-7,0.09,-0.39,0.48,FALSE
7,59,male,32,old,a,0,2.2783999999998628,91,81,-24,99,44,-22,49.33333333,40.33333333,9,52.01495511,49.46603773,2.548917383,-24,-22,-2,-0.69,-0.11,-0.58,FALSE
7,59,male,33,old,a,0,3.2228000000002908,68,25,-12,60,2,-8,27,18,9,32.69046752,29.97776954,2.712697979,-12,-8,-4,0.09,0.65,-0.56,FALSE
7,59,male,34,old,a,0,9.693800000000238,98,41,-24,75,68,-19,38.33333333,41.33333333,-3,49.8419725,42.75771535,7.084257142,-24,-19,-5,-0.08,-0.69,0.61,FALSE
7,59,male,35,old,a,0,3.97789999999992,81,24,-16,74,4,-7,29.66666667,23.66666667,6,39.80228916,35.8732336,3.929055559,-16,-7,-9,0.21,0.66,-0.45,FALSE
7,59,male,36,old,b,1,1.1786000000001309,85,2,-81,57,52,-76,2,11,-9,67.76921622,61.55214591,6.217070303,-81,-76,-5,0,-0.7,0.7,FALSE
7,59,male,37,old,a,0,2.6507000000001995,97,58,-61,98,20,-51,31.33333333,22.33333333,9,67.20284386,60.85136719,6.351476665,-61,-51,-10,-0.53,0.06,-0.59,FALSE
7,59,male,38,old,a,0,1.994999999999948,99,51,-13,95,36,-3,45.66666667,42.66666667,3,45.87906809,40.28509512,5.59397297,-13,-3,-10,-0.17,0.24,-0.41,FALSE
7,59,male,39,old,b,1,3.794799999999839,69,24,-23,60,43,-15,23.33333333,29.33333333,-6,37.56180093,32.10745846,5.454342465,-23,-15,-8,-0.03,-0.56,0.53,FALSE
7,59,male,40,old,b,1,2.144700000000228,90,44,-48,88,16,-45,28.66666667,19.66666667,9,57.37207993,54.3588897,3.013190235,-48,-45,-3,-0.38,0.1,-0.48,FALSE
7,59,male,41,old,b,1,7.926700000000153,92,60,-21,99,43,-11,43.66666667,43.66666667,0,47.55581516,44.90978611,2.646029045,-21,-11,-10,-0.47,0.02,-0.49,FALSE
7,59,male,42,old,b,1,2.611299999999801,53,8,-34,41,23,-28,9,12,-3,35.52463934,29.22327839,6.301360944,-34,-28,-6,0.04,-0.51,0.55,FALSE
7,59,male,0,new,a,0,7.407799999999838,47,44,-54,78,9,-50,12.33333333,12.33333333,0,46.92073695,52.3089115,-5.388174553,-54,-50,-4,-0.7,0.1,-0.8,FALSE
7,59,male,1,new,b,1,3.9623999999998887,49,45,-36,87,24,-26,19.33333333,28.33333333,-9,39.16063783,46.23370584,-7.073068005,-36,-26,-10,-0.7,0.14,-0.84,FALSE
7,59,male,2,new,a,0,3.644600000000082,80,48,-26,89,7,-21,34,25,9,44.39219151,46.6761895,-2.283997999,-26,-21,-5,-0.44,0.52,-0.96,FALSE
7,59,male,3,new,a,0,5.328799999999831,69,50,-40,89,13,-32,26.33333333,23.33333333,3,47.54179448,49.93551397,-2.393719493,-40,-32,-8,-0.62,0.3,-0.92,FALSE
7,59,male,4,new,b,1,4.442600000000084,45,26,-62,73,18,-55,3,12,-9,46.61187259,52.42772803,-5.815855439,-62,-55,-7,-0.62,-0.17,-0.45,FALSE
7,59,male,5,new,a,0,3.494899999999916,87,54,-16,96,14,-12,41.66666667,32.66666667,9,42.94440851,46.02414825,-3.079739742,-16,-12,-4,-0.41,0.54,-0.95,FALSE
7,59,male,6,new,a,0,1.9735000000000011,72,42,-20,78,6,-17,31.33333333,22.33333333,9,38.30868773,40.46672158,-2.158033852,-20,-17,-3,-0.4,0.54,-0.94,FALSE
7,59,male,7,new,b,1,8.855500000000006,44,36,-47,66,12,-45,11,11,0,41.14203041,45.32107677,-4.17904636,-47,-45,-2,-0.69,-0.03,-0.66,FALSE
7,59,male,8,new,b,1,3.860700000000179,54,34,-67,84,8,-62,7,10,-3,52.95910372,59.62102537,-6.661921656,-67,-62,-5,-0.63,0.05,-0.68,FALSE
7,59,male,9,new,a,0,2.939099999999655,73,53,-41,99,7,-39,28.33333333,22.33333333,6,49.70133019,57.37207993,-7.670749745,-41,-39,-2,-0.62,0.38,-1,FALSE
7,59,male,10,new,a,0,4.011100000000056,68,52,-62,94,9,-54,19.33333333,16.33333333,3,57.88110419,60.64285247,-2.761748279,-62,-54,-8,-0.67,0.18,-0.85,FALSE
7,59,male,11,new,b,1,3.095100000000116,72,24,-83,93,6,-77,4.333333333,7.333333333,-3,64.78854494,69.40861298,-4.620068037,-83,-77,-6,-0.43,0.03,-0.46,FALSE
7,59,male,12,new,a,0,3.711900000000469,75,48,-36,95,7,-33,29,23,6,47.26520919,53.46650042,-6.201291223,-36,-33,-3,-0.54,0.42,-0.96,FALSE
7,59,male,13,new,a,0,3.461700000000178,80,38,-19,90,6,-15,33,27,6,40.57092555,45.36518489,-4.794259339,-19,-15,-4,-0.18,0.6,-0.78,FALSE
7,59,male,14,new,a,0,2.745199999999727,85,51,-7,92,14,-4,43,34,9,37.98245209,41.66533331,-3.682881223,-7,-4,-3,-0.31,0.61,-0.92,FALSE
7,59,male,15,new,a,0,6.177999999999997,82,49,-19,98,16,-11,37.33333333,34.33333333,3,42.05023451,46.34891824,-4.298683734,-19,-11,-8,-0.39,0.53,-0.92,FALSE
7,59,male,16,new,b,1,4.477800000000343,68,60,-38,99,37,-28,30,36,-6,48.19405219,51.85235449,-3.658302303,-38,-28,-10,-0.69,-0.03,-0.66,FALSE
7,59,male,17,new,a,0,2.6787000000001626,71,38,-70,91,1,-62,13,10,3,60.21627687,62.78534861,-2.56907174,-70,-62,-8,-0.55,0.21,-0.76,FALSE
7,59,male,18,new,b,1,6.855200000000082,69,45,-22,90,19,-17,30.66666667,30.66666667,0,38.50829636,44.45472103,-5.94642467,-22,-17,-5,-0.51,0.38,-0.89,FALSE
7,59,male,19,new,b,1,3.9284999999999854,53,40,-78,88,6,-70,5,8,-3,58.92933621,64.51873113,-5.589394916,-78,-70,-8,-0.68,0.05,-0.73,FALSE
7,59,male,20,new,b,1,5.189500000000066,58,27,-46,74,5,-40,13,13,0,43.59663596,46.88283268,-3.286196723,-46,-40,-6,-0.45,0.25,-0.7,FALSE
7,59,male,21,new,b,1,2.978100000000154,66,47,-58,95,21,-52,18.33333333,21.33333333,-3,54.53031777,60.01296156,-5.482643798,-58,-52,-6,-0.64,0.01,-0.65,FALSE
7,59,male,22,new,b,1,3.394300000000271,78,57,-50,98,6,-46,28.33333333,19.33333333,9,56.04958123,59.5389695,-3.489388273,-50,-46,-4,-0.63,0.32,-0.95,FALSE
7,59,male,23,new,b,1,4.244099999999662,37,15,-44,59,10,-34,2.666666667,11.66666667,-9,34.19876541,37.9853773,-3.786611894,-44,-34,-10,-0.49,0.07,-0.56,FALSE
7,59,male,24,new,a,0,5.711999999999989,86,41,-34,96,4,-25,31,25,6,49.49747468,51.58165048,-2.084175801,-34,-25,-9,-0.29,0.54,-0.83,FALSE
7,59,male,25,new,b,1,3.779799999999796,59,30,-17,77,20,-7,24,30,-6,31.31559782,35.0142828,-3.698684983,-17,-7,-10,-0.28,0.41,-0.69,FALSE
7,59,male,26,new,b,1,3.3944999999999936,38,17,-31,62,16,-27,8,17,-9,28.87905816,36.34097779,-7.461919633,-31,-27,-4,-0.44,0.04,-0.48,FALSE
7,59,male,27,new,a,0,6.427399999999807,86,32,-13,90,5,-8,35,29,6,40.47221269,43.45879274,-2.986580053,-13,-8,-5,0.11,0.66,-0.55,FALSE
7,59,male,28,new,a,0,6.201000000000022,54,51,-50,87,14,-46,18.33333333,18.33333333,0,48.33448274,54.3834125,-6.048929759,-50,-46,-4,-0.71,0.12,-0.83,FALSE
7,59,male,29,new,b,1,3.027699999999641,42,23,-11,63,18,-9,18,24,-6,21.92411154,29.69848481,-7.774373273,-11,-9,-2,-0.33,0.29,-0.62,FALSE
7,59,male,30,new,b,1,3.4273999999999205,56,21,-48,76,2,-40,9.666666667,12.66666667,-3,43.20750964,47.95368136,-4.74617172,-48,-40,-8,-0.38,0.32,-0.7,FALSE
7,59,male,31,new,a,0,5.831999999999994,89,36,-51,98,7,-49,24.66666667,18.66666667,6,57.71385353,60.5768566,-2.863003074,-51,-49,-2,-0.29,0.28,-0.57,FALSE
7,59,male,32,new,a,0,9.407900000000382,79,50,-10,95,17,-2,39.66666667,36.66666667,3,37.06151043,41.97088938,-4.90937895,-10,-2,-8,-0.4,0.6,-1,FALSE
7,59,male,33,new,b,1,3.5112999999997783,38,36,-51,71,20,-41,7.666666667,16.66666667,-9,41.49163236,45.78451946,-4.292887105,-51,-41,-10,-0.71,-0.11,-0.6,FALSE
7,59,male,34,new,b,1,3.1782000000001744,31,25,-52,57,4,-48,1.333333333,4.333333333,-3,37.79182745,42.86671851,-5.074891054,-52,-48,-4,-0.69,0.01,-0.7,FALSE
7,59,male,35,new,b,1,3.927599999999643,44,31,-57,70,16,-50,6,12,-6,44.86275367,49.07137659,-4.208622918,-57,-50,-7,-0.66,-0.12,-0.54,FALSE
7,59,male,36,new,a,0,2.8280000000000882,88,50,-27,96,11,-23,37,28,9,47.84001115,50.04664491,-2.206633761,-27,-23,-4,-0.39,0.47,-0.86,FALSE
7,59,male,37,new,b,1,5.77839999999992,62,44,-43,91,27,-37,21,27,-6,45.84757355,52.25578118,-6.408207634,-43,-37,-6,-0.63,0,-0.63,FALSE
7,59,male,38,new,b,1,2.945200000000227,32,24,-44,60,15,-36,4,13,-9,34.09789827,39.2173431,-5.119444829,-44,-36,-8,-0.68,-0.08,-0.6,FALSE
7,59,male,39,new,a,0,7.210899999999924,73,23,-91,92,2,-89,1.666666667,1.666666667,0,68.63105873,73.89331649,-5.262257764,-91,-89,-2,-0.44,-0.01,-0.43,FALSE
7,59,male,40,new,a,0,2.574399999999855,43,31,-49,75,8,-40,8.333333333,14.33333333,-6,40.83571422,47.16166051,-6.325946295,-49,-40,-9,-0.66,0.2,-0.86,FALSE
7,59,male,41,new,a,0,2.211500000000001,73,45,-52,99,1,-43,22,19,3,53.55993528,59.35205697,-5.792121696,-52,-43,-9,-0.56,0.43,-0.99,FALSE
7,59,male,0,old,a,0,4.376100000000065,79,40,-26,73,13,-20,31,22,9,43.33589736,38.49675311,4.83914425,-26,-20,-6,-0.3,0.34,-0.64,FALSE
7,59,male,1,old,a,0,10.62690000000032,85,68,-15,91,43,-5,46,43,3,43.68828981,39.19183588,4.496453927,-15,-5,-10,-0.63,0,-0.63,FALSE
7,59,male,2,old,a,0,2.877999999999929,73,52,-43,84,13,-33,27.33333333,21.33333333,6,50.4667107,48.12714642,2.339564283,-43,-33,-10,-0.62,0.25,-0.87,FALSE
7,59,male,3,old,b,1,2.311500000000024,65,13,-18,61,36,-10,20,29,-9,34.24422092,29.40521496,4.839005967,-18,-10,-8,0.3,-0.34,0.64,FALSE
7,59,male,4,old,b,1,1.5777000000001635,87,78,-16,94,52,-6,49.66666667,46.66666667,3,46.57848812,40.99864496,5.579843156,-16,-6,-10,-0.69,-0.19,-0.5,FALSE
7,59,male,5,old,b,1,2.794399999999996,48,3,-24,46,23,-15,9,18,-9,29.69848481,25.15286597,4.545618837,-24,-15,-9,0.29,-0.29,0.58,FALSE
7,59,male,6,old,a,0,1.8777999999998656,46,30,-55,47,6,-50,7,1,6,44.32456054,39.75759885,4.566961681,-55,-50,-5,-0.64,-0.19,-0.45,FALSE
7,59,male,7,old,b,1,2.612399999999866,58,38,-11,53,25,-2,28.33333333,25.33333333,3,28.98658694,22.45489306,6.531693879,-11,-2,-9,-0.46,0.02,-0.48,FALSE
7,59,male,9,old,a,0,4.111999999999966,80,43,-35,75,18,-32,29.33333333,20.33333333,9,47.93282336,43.71371511,4.219108251,-35,-32,-3,-0.4,0.08,-0.48,FALSE
7,59,male,10,old,b,1,2.2283000000003312,63,16,-47,44,40,-43,10.66666667,13.66666667,-3,45.0653846,40.10264608,4.962738522,-47,-43,-4,-0.18,-0.7,0.52,FALSE
7,59,male,11,old,b,1,3.994200000000205,74,5,-55,57,19,-52,8,8,0,52.70673581,45.17373868,7.532997129,-55,-52,-3,0.09,-0.35,0.44,FALSE
7,59,male,12,old,a,0,4.810800000000313,53,40,-11,50,25,-2,27.33333333,24.33333333,3,27.62044331,21.23414441,6.386298903,-11,-2,-9,-0.59,-0.05,-0.54,FALSE
7,59,male,13,old,b,1,3.8697000000001935,96,19,-78,77,43,-74,12.33333333,15.33333333,-3,71.19144768,64.67525716,6.516190515,-78,-74,-4,-0.14,-0.56,0.42,FALSE
7,59,male,14,old,a,0,5.422699999999736,98,42,-26,70,68,-24,38,38,0,50.70174224,43.84822307,6.853519172,-26,-24,-2,-0.12,-0.71,0.59,FALSE
7,59,male,15,old,b,1,5.544100000000071,82,31,-53,64,62,-48,20,26,-6,55.6596802,52.33227175,3.327408449,-53,-48,-5,-0.29,-0.71,0.42,FALSE
7,59,male,16,old,a,0,7.176999999999907,46,32,-39,42,9,-30,13,7,6,37.21110945,29.42787794,7.783231513,-39,-30,-9,-0.63,-0.1,-0.53,FALSE
7,59,male,17,old,a,0,2.161199999999667,70,51,-43,75,10,-34,26,17,9,49.40310382,44.77350407,4.629599747,-43,-34,-9,-0.63,0.23,-0.86,FALSE
7,59,male,18,old,b,1,2.3942999999998165,99,52,-13,90,75,-9,46,52,-6,45.92022067,43.56604182,2.354178852,-13,-9,-4,-0.19,-0.64,0.45,FALSE
7,59,male,19,old,b,1,2.994399999999928,98,58,-16,96,41,-6,46.66666667,43.66666667,3,47.22522866,41.6839964,5.541232266,-16,-6,-10,-0.35,0.1,-0.45,FALSE
7,59,male,20,old,b,1,3.250200000000177,82,11,-76,60,51,-67,5.666666667,14.66666667,-9,64.61338011,57.86382482,6.749555292,-76,-67,-9,-0.12,-0.69,0.57,FALSE
7,59,male,21,old,a,0,2.2450000000000045,91,79,-11,99,39,-6,53,44,9,45.51922671,43.01162634,2.507600372,-11,-6,-5,-0.67,0.17,-0.84,FALSE
7,59,male,22,old,b,1,2.2948000000002367,48,21,-20,41,36,-10,16.33333333,22.33333333,-6,27.95631513,22.9540604,5.002254727,-20,-10,-10,-0.25,-0.68,0.43,FALSE
7,59,male,23,old,a,0,6.510600000000181,77,69,-21,82,39,-14,41.66666667,35.66666667,6,44.43222054,39.26264835,5.16957219,-21,-14,-7,-0.69,-0.13,-0.56,FALSE
7,59,male,24,old,b,1,3.2897000000001526,57,19,-12,42,29,-7,21.33333333,21.33333333,0,28.21740991,20.72572208,7.491687838,-12,-7,-5,0.12,-0.5,0.62,FALSE
7,59,male,25,old,a,0,3.777199999999653,57,44,-13,53,29,-3,29.33333333,26.33333333,3,30.40102337,22.93953405,7.461489329,-13,-3,-10,-0.61,-0.17,-0.44,FALSE
7,59,male,26,old,b,1,2.694499999999948,70,57,-28,78,40,-19,33,33,0,43.45879274,39.90822806,3.550564686,-28,-19,-9,-0.66,-0.26,-0.4,FALSE
7,59,male,27,old,a,0,2.0281999999997424,65,57,-40,69,18,-32,27.33333333,18.33333333,9,47.72374205,41.23375101,6.489991045,-40,-32,-8,-0.69,0.01,-0.7,FALSE
7,59,male,28,old,b,1,2.529299999999808,61,12,-35,44,34,-31,12.66666667,15.66666667,-3,39.19467084,33.24989557,5.944775267,-35,-31,-4,0.03,-0.66,0.69,FALSE
7,59,male,29,old,b,1,3.644299999999817,78,43,-10,60,54,-3,37,37,0,36.17549815,28.39013913,7.785359021,-10,-3,-7,-0.24,-0.68,0.44,FALSE
7,59,male,30,old,a,0,4.015900000000443,64,62,-48,70,29,-39,26,20,6,52.33227175,44.95182607,7.380445685,-48,-39,-9,-0.71,-0.29,-0.42,FALSE
7,59,male,31,old,b,1,4.673399999999901,79,16,-61,58,42,-57,11.33333333,14.33333333,-3,57.24993935,50.86146762,6.388471726,-61,-57,-4,-0.12,-0.65,0.53,FALSE
7,59,male,32,old,b,1,1.528299999999831,91,22,-54,72,61,-47,19.66666667,28.66666667,-9,59.21899095,53.69254035,5.526450601,-54,-47,-7,-0.06,-0.68,0.62,FALSE
7,59,male,33,old,b,1,4.794200000000274,53,8,-35,40,19,-33,8.666666667,8.666666667,0,35.92894222,30.68477726,5.244164957,-35,-33,-2,0.03,-0.47,0.5,FALSE
7,59,male,34,old,b,1,4.395600000000059,59,9,-67,40,31,-61,0.333333333,3.333333333,-3,51.80304581,45.63867755,6.164368259,-67,-61,-6,-0.25,-0.69,0.44,FALSE
7,59,male,35,old,b,1,2.6118000000003576,60,5,-41,53,30,-32,8,17,-9,41.28760912,35.89800366,5.389605459,-41,-32,-9,0.11,-0.5,0.61,FALSE
7,59,male,36,old,b,1,2.9292999999997846,56,8,-52,40,33,-43,4,10,-6,44.18144407,37.58545818,6.595985888,-52,-43,-9,-0.14,-0.69,0.55,FALSE
7,59,male,37,old,a,0,5.461699999999723,79,64,-29,81,28,-22,38,29,9,47.77028365,42.05551886,5.714764789,-29,-22,-7,-0.66,0.04,-0.7,FALSE
7,59,male,38,old,b,1,3.227600000000052,79,13,-40,74,33,-37,17.33333333,23.33333333,-6,48.67808085,45.82818153,2.849899325,-40,-37,-3,0.13,-0.31,0.44,FALSE
7,59,male,39,old,b,1,2.7234999999999445,92,2,-70,66,50,-65,8,17,-9,66.2721661,58.34952156,7.92264454,-70,-65,-5,0.14,-0.67,0.81,FALSE
7,59,male,40,old,a,0,10.610400000000368,79,63,-12,80,36,-4,43.33333333,37.33333333,6,39.6680672,34.30581421,5.362252988,-12,-4,-8,-0.62,0.06,-0.68,FALSE
7,59,male,41,old,b,1,4.261299999999778,74,21,-46,56,42,-40,16.33333333,19.33333333,-3,49.10080334,42.34251869,6.758284654,-46,-40,-6,-0.14,-0.65,0.51,FALSE
7,59,male,42,old,b,1,1.4510000000000218,85,24,-45,67,54,-39,21.33333333,27.33333333,-6,53.10576449,47.20404879,5.901715701,-45,-39,-6,-0.08,-0.67,0.59,FALSE
8,49,male,0,old,a,0,13.711600000023822,74,43,-22,76,14,-13,31.66666667,25.66666667,6,40.00277768,37.25885428,2.743923402,-22,-13,-9,-0.4,0.44,-0.84,FALSE
8,49,male,1,old,a,0,3.48590000009537,93,64,-10,95,40,-6,49,43,6,43.36665386,41.28760912,2.079044738,-10,-6,-4,-0.48,0.11,-0.59,FALSE
8,49,male,2,old,a,0,6.419899999976167,93,58,-8,94,41,-1,47.66666667,44.66666667,3,41.87547678,38.87015422,3.005322563,-8,-1,-7,-0.36,0.14,-0.5,FALSE
8,49,male,3,old,b,1,8.749600000023833,99,35,-16,88,50,-11,39.33333333,42.33333333,-3,47.0484384,40.77853466,6.269903738,-16,-11,-5,0.14,-0.28,0.42,FALSE
8,49,male,4,old,a,0,4.956399999976156,91,75,-12,94,55,-4,51.33333333,48.33333333,3,45.25728916,40.28509512,4.97219404,-12,-4,-8,-0.64,-0.24,-0.4,FALSE
8,49,male,5,old,b,1,5.988700000047686,69,24,-23,60,43,-15,23.33333333,29.33333333,-6,37.56180093,32.10745846,5.454342465,-23,-15,-8,-0.03,-0.56,0.53,FALSE
8,49,male,6,old,b,1,14.648399999976164,53,8,-34,41,23,-28,9,12,-3,35.52463934,29.22327839,6.301360944,-34,-28,-6,0.04,-0.51,0.55,FALSE
8,49,male,7,old,a,0,10.23779999995233,95,48,-30,71,67,-25,37.66666667,37.66666667,0,51.55148451,44.3421044,7.209380118,-30,-25,-5,-0.29,-0.7,0.41,FALSE
8,49,male,8,old,a,0,19.938899999976144,66,31,-13,68,19,-3,28,28,0,32.3213036,29.67602849,2.645275119,-13,-3,-10,-0.14,0.43,-0.57,FALSE
8,49,male,9,old,b,1,8.154800000071532,88,17,-44,82,43,-37,20.33333333,29.33333333,-9,53.94029621,49.5333782,4.406918017,-44,-37,-7,0.09,-0.39,0.48,FALSE
8,49,male,10,old,a,0,4.87509999990462,97,58,-61,98,20,-51,31.33333333,22.33333333,9,67.20284386,60.85136719,6.351476665,-61,-51,-10,-0.53,0.06,-0.59,FALSE
8,49,male,11,old,a,0,5.006699999928458,83,50,-11,85,29,-1,40.66666667,37.66666667,3,38.93869826,35.64017708,3.298521182,-11,-1,-10,-0.35,0.35,-0.7,FALSE
8,49,male,12,old,b,1,7.0562000000476814,63,2,-47,49,23,-45,6,9,-3,44.99629614,39.63163719,5.36465895,-47,-45,-2,0.13,-0.49,0.62,FALSE
8,49,male,13,old,a,0,10.2717000000477,91,54,-88,96,14,-80,19,10,9,77.1535266,71.90734779,5.246178806,-88,-80,-8,-0.59,-0.08,-0.51,FALSE
8,49,male,14,old,a,0,4.085200000047735,90,44,-48,88,16,-45,28.66666667,19.66666667,9,57.37207993,54.3588897,3.013190235,-48,-45,-3,-0.38,0.1,-0.48,FALSE
8,49,male,15,old,b,1,16.051899999976115,76,3,-64,59,38,-55,5,14,-9,57.17225434,49.53786431,7.634390037,-64,-55,-9,0.05,-0.61,0.66,FALSE
8,49,male,16,old,a,0,4.256799999952307,56,42,-72,65,9,-66,8.666666667,2.666666667,6,57.32558087,53.66770185,3.657879018,-72,-66,-6,-0.68,-0.18,-0.5,FALSE
8,49,male,17,old,a,0,3.7411000000238346,99,51,-13,95,36,-3,45.66666667,42.66666667,3,45.87906809,40.28509512,5.59397297,-13,-3,-10,-0.17,0.24,-0.41,FALSE
8,49,male,18,old,b,1,8.389199999928508,80,10,-63,59,46,-60,9,15,-6,58.3837877,53.2979049,5.085882805,-63,-60,-3,-0.03,-0.68,0.65,FALSE
8,49,male,19,old,b,1,8.988199999928497,77,25,-58,53,45,-54,14.66666667,14.66666667,0,55.59576323,48.66438351,6.93137972,-58,-54,-4,-0.27,-0.69,0.42,FALSE
8,49,male,20,old,a,0,6.51830000007152,81,24,-16,74,4,-7,29.66666667,23.66666667,6,39.80228916,35.8732336,3.929055559,-16,-7,-9,0.21,0.66,-0.45,FALSE
8,49,male,21,old,a,0,4.6751000000238605,91,81,-24,99,44,-22,49.33333333,40.33333333,9,52.01495511,49.46603773,2.548917383,-24,-22,-2,-0.69,-0.11,-0.58,FALSE
8,49,male,22,old,b,1,9.289000000000044,67,19,-22,60,38,-16,21.33333333,27.33333333,-6,36.37153955,31.93048004,4.441059506,-22,-16,-6,0.1,-0.46,0.56,FALSE
8,49,male,23,old,b,1,6.742600000023856,53,9,-17,37,30,-13,15,18,-3,28.89059824,22.10580618,6.784792065,-17,-13,-4,0.3,-0.65,0.95,FALSE
8,49,male,24,old,a,0,9.70539999997618,61,54,-82,79,11,-75,11,5,6,65.82299497,63.01322612,2.809768844,-82,-75,-7,-0.7,-0.14,-0.56,FALSE
8,49,male,25,old,b,1,6.849700000047676,67,11,-13,61,36,-5,21.66666667,30.66666667,-9,33.51948024,27.20702524,6.312455003,-13,-5,-8,0.45,-0.29,0.74,FALSE
8,49,male,26,old,b,1,10.423100000023853,70,12,-66,45,34,-63,5.333333333,5.333333333,0,55.72152985,48.52719741,7.194332436,-66,-63,-3,-0.18,-0.68,0.5,FALSE
8,49,male,27,old,a,0,7.281100000023855,80,72,-12,88,45,-2,46.66666667,43.66666667,3,41.61196409,36.7544404,4.857523695,-12,-2,-10,-0.69,-0.05,-0.64,FALSE
8,49,male,28,old,a,0,4.859200000047679,91,67,-10,95,46,-2,49.33333333,46.33333333,3,43.08389748,39.60078563,3.483111855,-10,-2,-8,-0.55,0.01,-0.56,FALSE
8,49,male,29,old,a,0,2.9603999999761186,68,25,-12,60,2,-8,27,18,9,32.69046752,29.97776954,2.712697979,-12,-8,-4,0.09,0.65,-0.56,FALSE
8,49,male,30,old,a,0,2.461100000023805,84,27,-36,73,4,-29,25,16,9,49.01020302,42.49705872,6.513144298,-36,-29,-7,-0.06,0.4,-0.46,FALSE
8,49,male,31,old,b,1,3.8586000000238414,93,31,-8,70,68,-4,38.66666667,44.66666667,-6,41.5879256,34.42221505,7.165710549,-8,-4,-4,0.27,-0.71,0.98,FALSE
8,49,male,32,old,b,1,3.45770000004768,80,2,-60,69,30,-50,7.333333333,16.33333333,-9,57.27904406,49.5333782,7.745665868,-60,-50,-10,0.14,-0.39,0.53,FALSE
8,49,male,33,old,b,1,5.924199999928476,88,33,-10,73,59,-3,37,43,-6,40.10818703,33.02524287,7.082944157,-10,-3,-7,0.15,-0.61,0.76,FALSE
8,49,male,34,old,a,0,3.842700000047671,55,15,-13,42,31,-7,19,22,-3,27.90459938,20.99206199,6.91253739,-13,-7,-6,0.21,-0.56,0.77,FALSE
8,49,male,35,old,b,1,3.260000000000048,75,4,-67,57,43,-61,4,13,-9,57.97125725,52.63712252,5.334134731,-67,-61,-6,0,-0.67,0.67,FALSE
8,49,male,37,old,a,0,6.523399999976164,94,70,-40,98,38,-30,41.33333333,35.33333333,6,58.33999962,52.2897908,6.050208816,-40,-30,-10,-0.62,-0.08,-0.54,FALSE
8,49,male,38,old,b,1,9.123300000071538,92,60,-21,99,43,-11,43.66666667,43.66666667,0,47.55581516,44.90978611,2.646029045,-21,-11,-10,-0.47,0.02,-0.49,FALSE
8,49,male,39,old,b,1,12.406100000023798,64,24,-23,50,35,-20,21.66666667,21.66666667,0,35.55590278,30.09245014,5.463452634,-23,-20,-3,-0.1,-0.58,0.48,FALSE
8,49,male,40,old,b,1,28.084799999952335,98,41,-24,75,68,-19,38.33333333,41.33333333,-3,49.8419725,42.75771535,7.084257142,-24,-19,-5,-0.08,-0.69,0.61,FALSE
8,49,male,41,old,b,1,5.608899999976131,85,2,-81,57,52,-76,2,11,-9,67.76921622,61.55214591,6.217070303,-81,-76,-5,0,-0.7,0.7,FALSE
8,49,male,42,old,b,1,9.50389999997617,83,23,-56,70,49,-51,16.66666667,22.66666667,-6,56.92294987,52.7909925,4.131957375,-56,-51,-5,-0.17,-0.62,0.45,FALSE
8,49,male,1,new,b,1,8.275500000000022,58,27,-28,78,17,-20,19,25,-6,35.56215217,40.40627014,-4.844117975,-28,-20,-8,-0.33,0.29,-0.62,FALSE
8,49,male,2,new,a,0,3.926199999928485,83,36,-11,86,2,-7,36,27,9,38.3753393,41.88078318,-3.505443879,-11,-7,-4,0,0.68,-0.68,FALSE
8,49,male,3,new,a,0,3.777600000023881,75,51,-33,96,10,-31,31,25,6,46.30334761,52.92132525,-6.617977643,-33,-31,-2,-0.57,0.4,-0.97,FALSE
8,49,male,4,new,a,0,3.4603999999761754,51,25,-16,72,5,-8,20,23,-3,27.58018612,35.05234181,-7.47215569,-16,-8,-8,-0.27,0.63,-0.9,FALSE
8,49,male,5,new,b,1,6.643100000023878,56,49,-15,84,31,-7,30,36,-6,31.94787421,37.31844941,-5.370575202,-15,-7,-8,-0.68,0.2,-0.88,FALSE
8,49,male,6,new,b,1,5.0753999999761845,56,39,-80,86,11,-73,5,8,-3,60.50344343,64.94613152,-4.442688096,-80,-73,-7,-0.67,-0.07,-0.6,FALSE
8,49,male,7,new,a,0,4.026700000047754,75,60,-69,99,6,-66,22,13,9,64.63745044,67.54257916,-2.905128718,-69,-66,-3,-0.68,0.15,-0.83,FALSE
8,49,male,8,new,a,0,9.757000000000062,65,61,-27,97,23,-21,33,33,0,42.45782221,48.68949236,-6.231670156,-27,-21,-6,-0.7,0.3,-1,FALSE
8,49,male,9,new,a,0,6.190399999976194,85,45,-46,95,4,-42,28,19,9,54.81483984,56.92685365,-2.112013812,-46,-42,-4,-0.44,0.38,-0.82,FALSE
8,49,male,10,new,a,0,3.290800000071499,84,38,-47,98,2,-43,25,19,6,54.26478293,58.80476171,-4.53997878,-47,-43,-4,-0.35,0.41,-0.76,FALSE
8,49,male,11,new,a,0,7.223200000047655,59,17,-45,75,4,-39,10.33333333,13.33333333,-3,42.71871825,47.00590979,-4.287191544,-45,-39,-6,-0.23,0.29,-0.52,FALSE
8,49,male,12,new,a,0,4.224699999928475,94,45,-8,97,10,-3,43.66666667,34.66666667,9,41.65199742,44.39469438,-2.74269696,-8,-3,-5,-0.05,0.66,-0.71,FALSE
8,49,male,13,new,b,1,4.075599999904739,35,19,-36,66,5,-26,6,15,-9,30.40833219,38.21866909,-7.810336894,-36,-26,-10,-0.56,0.37,-0.93,FALSE
8,49,male,14,new,a,0,3.6586000000238528,74,56,-98,99,2,-96,10.66666667,1.666666667,9,77.18952145,79.60876557,-2.4192441160000002,-98,-96,-2,-0.68,-0.01,-0.67,FALSE
8,49,male,15,new,b,1,9.557200000047716,76,31,-39,96,19,-29,22.66666667,28.66666667,-6,47.31689856,51.48678363,-4.169885078,-39,-29,-10,-0.26,0.28,-0.54,FALSE
8,49,male,16,new,a,0,8.739800000071568,73,35,-13,82,8,-4,31.66666667,28.66666667,3,35.18838192,38.02922853,-2.840846604,-13,-4,-9,-0.14,0.65,-0.79,FALSE
8,49,male,17,new,b,1,10.189700000047653,73,32,-44,95,17,-42,20.33333333,23.33333333,-3,48.47221426,56.10902086,-7.6368066,-44,-42,-2,-0.35,0.17,-0.52,FALSE
8,49,male,18,new,b,1,4.507299999952352,40,34,-14,62,29,-4,20,29,-9,24.16609195,26.94438717,-2.778295223,-14,-4,-10,-0.67,0,-0.67,FALSE
8,49,male,19,new,b,1,4.2409999999999854,41,39,-29,73,26,-21,17,26,-9,32.53715825,38.3753393,-5.838181059,-29,-21,-8,-0.71,0,-0.71,FALSE
8,49,male,20,new,a,0,6.456799999952409,57,33,-39,75,10,-34,17,17,0,40.79215611,44.77350407,-3.981347961,-39,-34,-5,-0.53,0.23,-0.76,FALSE
8,49,male,21,new,a,0,4.075899999976173,82,41,-36,94,3,-28,29,23,6,48.91489207,51.77515492,-2.860262842,-36,-28,-8,-0.35,0.52,-0.87,FALSE
8,49,male,22,new,a,0,2.909000000000105,83,52,-36,96,9,-33,33,24,9,50.4050262,53.72150407,-3.31647787,-36,-33,-3,-0.51,0.4,-0.91,FALSE
8,49,male,23,new,a,0,4.274299999952291,60,59,-71,98,2,-61,16,13,3,61.51964456,65.37583651,-3.856191956,-71,-61,-10,-0.71,0.25,-0.96,FALSE
8,49,male,24,new,a,0,6.549199999928533,63,62,-52,88,34,-49,24.33333333,24.33333333,0,53.97736151,56.34615239,-2.368790878,-52,-49,-3,-0.71,-0.25,-0.46,FALSE
8,49,male,25,new,a,0,5.323499999999967,67,34,-14,82,3,-7,29,26,3,33.2565783,39.80787192,-6.551293622,-14,-7,-7,-0.22,0.67,-0.89,FALSE
8,49,male,26,new,b,1,5.257899999976075,66,55,-73,97,23,-63,16,19,-3,63.09252465,65.38093504,-2.28841039,-73,-63,-10,-0.69,-0.09,-0.6,FALSE
8,49,male,27,new,b,1,8.040099999904669,67,58,-29,93,49,-19,32,41,-9,43.28972164,46.07240678,-2.782685138,-29,-19,-10,-0.68,-0.26,-0.42,FALSE
8,49,male,28,new,a,0,4.691500000000019,59,53,-70,91,2,-60,14,11,3,59.44745579,61.97311245,-2.525656659,-70,-60,-10,-0.7,0.21,-0.91,FALSE
8,49,male,29,new,a,0,5.399999999999977,76,38,-12,82,9,-7,34,28,6,36.037018,38.73843914,-2.701421131,-12,-7,-5,-0.17,0.62,-0.79,FALSE
8,49,male,30,new,a,0,6.82360000002393,71,36,-38,93,11,-35,23,23,0,45.43860326,52.94021786,-7.501614591,-38,-35,-3,-0.41,0.33,-0.74,FALSE
8,49,male,31,new,a,0,10.189699999928507,74,29,-58,96,13,-55,15,18,-3,54.79051013,61.74679479,-6.956284661,-58,-55,-3,-0.37,0.12,-0.49,FALSE
8,49,male,32,new,b,1,7.1082000000476455,62,41,-30,88,24,-21,24.33333333,30.33333333,-6,39.36439452,44.723844,-5.359449486,-30,-21,-9,-0.56,0.21,-0.77,FALSE
8,49,male,33,new,b,1,5.14130000007151,62,43,-86,99,27,-80,6.333333333,15.33333333,-9,65.74867975,73.54061614,-7.79193639,-86,-80,-6,-0.66,-0.23,-0.43,FALSE
8,49,male,34,new,b,1,2.775299999952267,45,40,-49,77,30,-44,12,21,-9,43.18178628,49.80629144,-6.624505153,-49,-44,-5,-0.7,-0.27,-0.43,FALSE
8,49,male,35,new,a,0,9.215199999928473,82,33,-22,91,7,-14,31,28,3,42.48136847,45.36518489,-2.883816424,-22,-14,-8,-0.07,0.6,-0.67,FALSE
8,49,male,36,new,b,1,6.543999999999983,72,24,-26,91,16,-19,23.33333333,29.33333333,-6,40.01110957,45.88633299,-5.875223425,-26,-19,-7,-0.02,0.41,-0.43,FALSE
8,49,male,37,new,a,0,4.925800000071604,62,55,-78,93,7,-70,13,10,3,64.41014413,66.57827473,-2.168130606,-78,-70,-8,-0.7,0.07,-0.77,FALSE
8,49,male,38,new,a,0,2.999600000023861,61,33,-4,66,7,-1,30,24,6,26.62079388,29.87752779,-3.25673391,-4,-1,-3,-0.17,0.67,-0.84,FALSE
8,49,male,39,new,a,0,5.219899999976178,65,35,-38,81,15,-34,20.66666667,20.66666667,0,43.25377312,47.1192341,-3.865460983,-38,-34,-4,-0.46,0.18,-0.64,FALSE
8,49,male,40,new,b,1,9.472800000071516,59,34,-23,76,30,-18,23.33333333,29.33333333,-6,34.31552936,38.37823457,-4.062705208,-23,-18,-5,-0.44,-0.03,-0.41,FALSE
8,49,male,41,new,a,0,5.725100000023872,86,35,-10,92,6,-5,37,31,6,39.2173431,43.36665386,-4.149310754,-10,-5,-5,0.08,0.67,-0.59,FALSE
8,49,male,42,new,a,0,3.676199999928485,70,31,-60,87,5,-51,13.66666667,13.66666667,0,54.46915539,56.6705881,-2.20143271,-60,-51,-9,-0.45,0.23,-0.68,FALSE
8,49,male,0,old,b,1,4.913800000071433,61,12,-35,44,34,-31,12.66666667,15.66666667,-3,39.19467084,33.24989557,5.944775267,-35,-31,-4,0.03,-0.66,0.69,FALSE
8,49,male,1,old,a,0,2.609500000000025,53,8,-35,40,19,-33,8.666666667,8.666666667,0,35.92894222,30.68477726,5.244164957,-35,-33,-2,0.03,-0.47,0.5,FALSE
8,49,male,2,old,a,0,5.95770000004768,57,19,-12,42,29,-7,21.33333333,21.33333333,0,28.21740991,20.72572208,7.491687838,-12,-7,-5,0.12,-0.5,0.62,FALSE
8,49,male,3,old,a,0,7.256400000095368,85,68,-15,91,43,-5,46,43,3,43.68828981,39.19183588,4.496453927,-15,-5,-10,-0.63,0,-0.63,FALSE
8,49,male,4,old,b,1,6.658500000000004,98,42,-26,70,68,-24,38,38,0,50.70174224,43.84822307,6.853519172,-26,-24,-2,-0.12,-0.71,0.59,FALSE
8,49,male,5,old,a,0,7.281600000023786,79,13,-40,74,33,-37,17.33333333,23.33333333,-6,48.67808085,45.82818153,2.849899325,-40,-37,-3,0.13,-0.31,0.44,FALSE
8,49,male,6,old,b,1,6.57590000009543,91,22,-54,72,61,-47,19.66666667,28.66666667,-9,59.21899095,53.69254035,5.526450601,-54,-47,-7,-0.06,-0.68,0.62,FALSE
8,49,male,7,old,a,0,4.0685000000000855,79,63,-12,80,36,-4,43.33333333,37.33333333,6,39.6680672,34.30581421,5.362252988,-12,-4,-8,-0.62,0.06,-0.68,FALSE
8,49,male,8,old,a,0,4.608400000095344,73,52,-43,84,13,-33,27.33333333,21.33333333,6,50.4667107,48.12714642,2.339564283,-43,-33,-10,-0.62,0.25,-0.87,FALSE
8,49,male,9,old,a,0,3.2425999999046557,64,62,-48,70,29,-39,26,20,6,52.33227175,44.95182607,7.380445685,-48,-39,-9,-0.71,-0.29,-0.42,FALSE
8,49,male,10,old,a,0,4.156799999952341,65,57,-40,69,18,-32,27.33333333,18.33333333,9,47.72374205,41.23375101,6.489991045,-40,-32,-8,-0.69,0.01,-0.7,FALSE
8,49,male,12,old,b,1,3.731400000095391,82,31,-53,64,62,-48,20,26,-6,55.6596802,52.33227175,3.327408449,-53,-48,-5,-0.29,-0.71,0.42,FALSE
8,49,male,13,old,b,1,4.489200000047617,78,43,-10,60,54,-3,37,37,0,36.17549815,28.39013913,7.785359021,-10,-3,-7,-0.24,-0.68,0.44,FALSE
8,49,male,14,old,b,1,7.442999999999984,85,24,-45,67,54,-39,21.33333333,27.33333333,-6,53.10576449,47.20404879,5.901715701,-45,-39,-6,-0.08,-0.67,0.59,FALSE
8,49,male,15,old,b,1,4.42610000002378,56,8,-52,40,33,-43,4,10,-6,44.18144407,37.58545818,6.595985888,-52,-43,-9,-0.14,-0.69,0.55,FALSE
8,49,male,16,old,b,1,2.4745000000000346,60,5,-41,53,30,-32,8,17,-9,41.28760912,35.89800366,5.389605459,-41,-32,-9,0.11,-0.5,0.61,FALSE
8,49,male,17,old,b,1,5.640099999904578,99,52,-13,90,75,-9,46,52,-6,45.92022067,43.56604182,2.354178852,-13,-9,-4,-0.19,-0.64,0.45,FALSE
8,49,male,18,old,a,0,3.7832000000477137,53,40,-11,50,25,-2,27.33333333,24.33333333,3,27.62044331,21.23414441,6.386298903,-11,-2,-9,-0.59,-0.05,-0.54,FALSE
8,49,male,19,old,a,0,4.260200000047689,58,38,-11,53,25,-2,28.33333333,25.33333333,3,28.98658694,22.45489306,6.531693879,-11,-2,-9,-0.46,0.02,-0.48,FALSE
8,49,male,20,old,a,0,7.5577999999522945,80,43,-35,75,18,-32,29.33333333,20.33333333,9,47.93282336,43.71371511,4.219108251,-35,-32,-3,-0.4,0.08,-0.48,FALSE
8,49,male,21,old,a,0,4.557100000023752,77,69,-21,82,39,-14,41.66666667,35.66666667,6,44.43222054,39.26264835,5.16957219,-21,-14,-7,-0.69,-0.13,-0.56,FALSE
8,49,male,22,old,a,0,4.222399999976119,87,78,-16,94,52,-6,49.66666667,46.66666667,3,46.57848812,40.99864496,5.579843156,-16,-6,-10,-0.69,-0.19,-0.5,FALSE
8,49,male,23,old,a,0,3.2797999999522744,91,79,-11,99,39,-6,53,44,9,45.51922671,43.01162634,2.507600372,-11,-6,-5,-0.67,0.17,-0.84,FALSE
8,49,male,24,old,a,0,9.474199999928487,70,57,-28,78,40,-19,33,33,0,43.45879274,39.90822806,3.550564686,-28,-19,-9,-0.66,-0.26,-0.4,FALSE
8,49,male,25,old,a,0,2.4745000000000346,98,58,-16,96,41,-6,46.66666667,43.66666667,3,47.22522866,41.6839964,5.541232266,-16,-6,-10,-0.35,0.1,-0.45,FALSE
8,49,male,26,old,b,1,3.5772000000476964,96,19,-78,77,43,-74,12.33333333,15.33333333,-3,71.19144768,64.67525716,6.516190515,-78,-74,-4,-0.14,-0.56,0.42,FALSE
8,49,male,27,old,a,0,3.1418000000714983,79,64,-29,81,28,-22,38,29,9,47.77028365,42.05551886,5.714764789,-29,-22,-7,-0.66,0.04,-0.7,FALSE
8,49,male,28,old,a,0,2.325000000000045,46,30,-55,47,6,-50,7,1,6,44.32456054,39.75759885,4.566961681,-55,-50,-5,-0.64,-0.19,-0.45,FALSE
8,49,male,29,old,b,1,3.8916000000239137,48,21,-20,41,36,-10,16.33333333,22.33333333,-6,27.95631513,22.9540604,5.002254727,-20,-10,-10,-0.25,-0.68,0.43,FALSE
8,49,male,30,old,b,1,7.041000000000054,63,16,-47,44,40,-43,10.66666667,13.66666667,-3,45.0653846,40.10264608,4.962738522,-47,-43,-4,-0.18,-0.7,0.52,FALSE
8,49,male,31,old,b,1,5.641999999999939,48,3,-24,46,23,-15,9,18,-9,29.69848481,25.15286597,4.545618837,-24,-15,-9,0.29,-0.29,0.58,FALSE
8,49,male,32,old,b,1,4.907899999976166,74,21,-46,56,42,-40,16.33333333,19.33333333,-3,49.10080334,42.34251869,6.758284654,-46,-40,-6,-0.14,-0.65,0.51,FALSE
8,49,male,33,old,a,0,3.147299999952338,79,40,-26,73,13,-20,31,22,9,43.33589736,38.49675311,4.83914425,-26,-20,-6,-0.3,0.34,-0.64,FALSE
8,49,male,34,old,b,1,4.459499999999935,59,9,-67,40,31,-61,0.333333333,3.333333333,-3,51.80304581,45.63867755,6.164368259,-67,-61,-6,-0.25,-0.69,0.44,FALSE
8,49,male,35,old,b,1,3.8352999999522126,65,13,-18,61,36,-10,20,29,-9,34.24422092,29.40521496,4.839005967,-18,-10,-8,0.3,-0.34,0.64,FALSE
8,49,male,36,old,a,0,2.3101999999285,70,51,-43,75,10,-34,26,17,9,49.40310382,44.77350407,4.629599747,-43,-34,-9,-0.63,0.23,-0.86,FALSE
8,49,male,37,old,a,0,2.076000000000022,46,32,-39,42,9,-30,13,7,6,37.21110945,29.42787794,7.783231513,-39,-30,-9,-0.63,-0.1,-0.53,FALSE
8,49,male,38,old,b,1,8.091099999904714,74,5,-55,57,19,-52,8,8,0,52.70673581,45.17373868,7.532997129,-55,-52,-3,0.09,-0.35,0.44,FALSE
8,49,male,39,old,b,1,6.208000000000084,79,16,-61,58,42,-57,11.33333333,14.33333333,-3,57.24993935,50.86146762,6.388471726,-61,-57,-4,-0.12,-0.65,0.53,FALSE
8,49,male,40,old,b,1,5.242600000023913,82,11,-76,60,51,-67,5.666666667,14.66666667,-9,64.61338011,57.86382482,6.749555292,-76,-67,-9,-0.12,-0.69,0.57,FALSE
8,49,male,41,old,b,1,2.4394999999999527,92,2,-70,66,50,-65,8,17,-9,66.2721661,58.34952156,7.92264454,-70,-65,-5,0.14,-0.67,0.81,FALSE
8,49,male,42,old,a,0,12.132599999904867,57,44,-13,53,29,-3,29.33333333,26.33333333,3,30.40102337,22.93953405,7.461489329,-13,-3,-10,-0.61,-0.17,-0.44,FALSE
8,49,male,0,new,a,0,6.925000000000182,47,44,-54,78,9,-50,12.33333333,12.33333333,0,46.92073695,52.3089115,-5.388174553,-54,-50,-4,-0.7,0.1,-0.8,FALSE
8,49,male,1,new,a,0,6.991699999928642,58,27,-46,74,5,-40,13,13,0,43.59663596,46.88283268,-3.286196723,-46,-40,-6,-0.45,0.25,-0.7,FALSE
8,49,male,2,new,a,0,5.824700000047869,54,51,-50,87,14,-46,18.33333333,18.33333333,0,48.33448274,54.3834125,-6.048929759,-50,-46,-4,-0.71,0.12,-0.83,FALSE
8,49,male,3,new,a,0,4.6083999999762,88,50,-27,96,11,-23,37,28,9,47.84001115,50.04664491,-2.206633761,-27,-23,-4,-0.39,0.47,-0.86,FALSE
8,49,male,4,new,a,0,3.292000000000144,72,42,-20,78,6,-17,31.33333333,22.33333333,9,38.30868773,40.46672158,-2.158033852,-20,-17,-3,-0.4,0.54,-0.94,FALSE
8,49,male,5,new,a,0,2.7590000000000146,87,54,-16,96,14,-12,41.66666667,32.66666667,9,42.94440851,46.02414825,-3.079739742,-16,-12,-4,-0.41,0.54,-0.95,FALSE
8,49,male,6,new,a,0,4.624800000071673,69,50,-40,89,13,-32,26.33333333,23.33333333,3,47.54179448,49.93551397,-2.393719493,-40,-32,-8,-0.62,0.3,-0.92,FALSE
8,49,male,7,new,b,1,9.57420000004754,43,31,-49,75,8,-40,8.333333333,14.33333333,-6,40.83571422,47.16166051,-6.325946295,-49,-40,-9,-0.66,0.2,-0.86,FALSE
8,49,male,8,new,b,1,7.456500000000005,45,26,-62,73,18,-55,3,12,-9,46.61187259,52.42772803,-5.815855439,-62,-55,-7,-0.62,-0.17,-0.45,FALSE
8,49,male,9,new,a,0,15.654799999952274,44,36,-47,66,12,-45,11,11,0,41.14203041,45.32107677,-4.17904636,-47,-45,-2,-0.69,-0.03,-0.66,FALSE
8,49,male,10,new,a,0,2.575399999976071,80,38,-19,90,6,-15,33,27,6,40.57092555,45.36518489,-4.794259339,-19,-15,-4,-0.18,0.6,-0.78,FALSE
8,49,male,11,new,b,1,5.46550000000002,62,44,-43,91,27,-37,21,27,-6,45.84757355,52.25578118,-6.408207634,-43,-37,-6,-0.63,0,-0.63,FALSE
8,49,male,12,new,b,1,4.940700000047855,32,24,-44,60,15,-36,4,13,-9,34.09789827,39.2173431,-5.119444829,-44,-36,-8,-0.68,-0.08,-0.6,FALSE
8,49,male,13,new,a,0,4.624900000095295,73,45,-52,99,1,-43,22,19,3,53.55993528,59.35205697,-5.792121696,-52,-43,-9,-0.56,0.43,-0.99,FALSE
8,49,male,14,new,a,0,3.0761999999285763,71,38,-70,91,1,-62,13,10,3,60.21627687,62.78534861,-2.56907174,-70,-62,-8,-0.55,0.21,-0.76,FALSE
8,49,male,15,new,a,0,2.1753999999762077,86,41,-34,96,4,-25,31,25,6,49.49747468,51.58165048,-2.084175801,-34,-25,-9,-0.29,0.54,-0.83,FALSE
8,49,male,16,new,a,0,4.0750000000000455,75,48,-36,95,7,-33,29,23,6,47.26520919,53.46650042,-6.201291223,-36,-33,-3,-0.54,0.42,-0.96,FALSE
8,49,male,17,new,b,1,9.038300000071558,31,25,-52,57,4,-48,1.333333333,4.333333333,-3,37.79182745,42.86671851,-5.074891054,-52,-48,-4,-0.69,0.01,-0.7,FALSE
8,49,male,18,new,a,0,6.257800000071484,79,50,-10,95,17,-2,39.66666667,36.66666667,3,37.06151043,41.97088938,-4.90937895,-10,-2,-8,-0.4,0.6,-1,FALSE
8,49,male,19,new,a,0,12.87210000002392,54,34,-67,84,8,-62,7,10,-3,52.95910372,59.62102537,-6.661921656,-67,-62,-5,-0.63,0.05,-0.68,FALSE
8,49,male,20,new,b,1,9.457000000000107,38,17,-31,62,16,-27,8,17,-9,28.87905816,36.34097779,-7.461919633,-31,-27,-4,-0.44,0.04,-0.48,FALSE
8,49,male,21,new,b,1,5.27380000007156,72,24,-83,93,6,-77,4.333333333,7.333333333,-3,64.78854494,69.40861298,-4.620068037,-83,-77,-6,-0.43,0.03,-0.46,FALSE
8,49,male,22,new,b,1,3.474999999999909,42,23,-11,63,18,-9,18,24,-6,21.92411154,29.69848481,-7.774373273,-11,-9,-2,-0.33,0.29,-0.62,FALSE
8,49,male,23,new,a,0,5.508300000071586,68,52,-62,94,9,-54,19.33333333,16.33333333,3,57.88110419,60.64285247,-2.761748279,-62,-54,-8,-0.67,0.18,-0.85,FALSE
8,49,male,24,new,a,0,3.142100000023902,86,32,-13,90,5,-8,35,29,6,40.47221269,43.45879274,-2.986580053,-13,-8,-5,0.11,0.66,-0.55,FALSE
8,49,male,25,new,b,1,4.108899999976302,53,40,-78,88,6,-70,5,8,-3,58.92933621,64.51873113,-5.589394916,-78,-70,-8,-0.68,0.05,-0.73,FALSE
8,49,male,26,new,b,1,2.808100000023842,37,15,-44,59,10,-34,2.666666667,11.66666667,-9,34.19876541,37.9853773,-3.786611894,-44,-34,-10,-0.49,0.07,-0.56,FALSE
8,49,male,27,new,a,0,2.942400000095404,78,57,-50,98,6,-46,28.33333333,19.33333333,9,56.04958123,59.5389695,-3.489388273,-50,-46,-4,-0.63,0.32,-0.95,FALSE
8,49,male,28,new,a,0,5.241500000000087,82,49,-19,98,16,-11,37.33333333,34.33333333,3,42.05023451,46.34891824,-4.298683734,-19,-11,-8,-0.39,0.53,-0.92,FALSE
8,49,male,29,new,b,1,3.341000000000122,59,30,-17,77,20,-7,24,30,-6,31.31559782,35.0142828,-3.698684983,-17,-7,-10,-0.28,0.41,-0.69,FALSE
8,49,male,30,new,a,0,3.67509999990466,85,51,-7,92,14,-4,43,34,9,37.98245209,41.66533331,-3.682881223,-7,-4,-3,-0.31,0.61,-0.92,FALSE
8,49,male,31,new,a,0,3.875800000071422,73,53,-41,99,7,-39,28.33333333,22.33333333,6,49.70133019,57.37207993,-7.670749745,-41,-39,-2,-0.62,0.38,-1,FALSE
8,49,male,32,new,b,1,4.242000000000189,68,60,-38,99,37,-28,30,36,-6,48.19405219,51.85235449,-3.658302303,-38,-28,-10,-0.69,-0.03,-0.66,FALSE
8,49,male,33,new,a,0,5.690499999999929,73,23,-91,92,2,-89,1.666666667,1.666666667,0,68.63105873,73.89331649,-5.262257764,-91,-89,-2,-0.44,-0.01,-0.43,FALSE
8,49,male,34,new,a,0,5.907299999952329,69,45,-22,90,19,-17,30.66666667,30.66666667,0,38.50829636,44.45472103,-5.94642467,-22,-17,-5,-0.51,0.38,-0.89,FALSE
8,49,male,35,new,a,0,3.109799999952429,80,48,-26,89,7,-21,34,25,9,44.39219151,46.6761895,-2.283997999,-26,-21,-5,-0.44,0.52,-0.96,FALSE
8,49,male,36,new,b,1,7.272700000047735,66,47,-58,95,21,-52,18.33333333,21.33333333,-3,54.53031777,60.01296156,-5.482643798,-58,-52,-6,-0.64,0.01,-0.65,FALSE
8,49,male,37,new,b,1,3.375899999976127,44,31,-57,70,16,-50,6,12,-6,44.86275367,49.07137659,-4.208622918,-57,-50,-7,-0.66,-0.12,-0.54,FALSE
8,49,male,38,new,b,1,3.525000000000091,49,45,-36,87,24,-26,19.33333333,28.33333333,-9,39.16063783,46.23370584,-7.073068005,-36,-26,-10,-0.7,0.14,-0.84,FALSE
8,49,male,39,new,b,1,3.758399999976291,38,36,-51,71,20,-41,7.666666667,16.66666667,-9,41.49163236,45.78451946,-4.292887105,-51,-41,-10,-0.71,-0.11,-0.6,FALSE
8,49,male,40,new,a,0,4.626300000071524,89,36,-51,98,7,-49,24.66666667,18.66666667,6,57.71385353,60.5768566,-2.863003074,-51,-49,-2,-0.29,0.28,-0.57,FALSE
8,49,male,41,new,b,1,6.840100000023767,56,21,-48,76,2,-40,9.666666667,12.66666667,-3,43.20750964,47.95368136,-4.74617172,-48,-40,-8,-0.38,0.32,-0.7,FALSE
9,55,male,0,old,b,1,4.459100000023796,75,4,-67,57,43,-61,4,13,-9,57.97125725,52.63712252,5.334134731,-67,-61,-6,0,-0.67,0.67,FALSE
9,55,male,1,old,b,1,6.117000000000019,67,19,-22,60,38,-16,21.33333333,27.33333333,-6,36.37153955,31.93048004,4.441059506,-22,-16,-6,0.1,-0.46,0.56,FALSE
9,55,male,2,old,a,0,8.487200000047721,92,60,-21,99,43,-11,43.66666667,43.66666667,0,47.55581516,44.90978611,2.646029045,-21,-11,-10,-0.47,0.02,-0.49,FALSE
9,55,male,3,old,b,1,3.8659999999999854,85,2,-81,57,52,-76,2,11,-9,67.76921622,61.55214591,6.217070303,-81,-76,-5,0,-0.7,0.7,FALSE
9,55,male,4,old,b,1,7.737699999988081,66,31,-13,68,19,-3,28,28,0,32.3213036,29.67602849,2.645275119,-13,-3,-10,-0.14,0.43,-0.57,FALSE
9,55,male,5,old,b,1,10.608899999976188,77,25,-58,53,45,-54,14.66666667,14.66666667,0,55.59576323,48.66438351,6.93137972,-58,-54,-4,-0.27,-0.69,0.42,FALSE
9,55,male,6,old,a,0,9.730899999976144,94,70,-40,98,38,-30,41.33333333,35.33333333,6,58.33999962,52.2897908,6.050208816,-40,-30,-10,-0.62,-0.08,-0.54,FALSE
9,55,male,7,old,b,1,7.351599999964264,69,24,-23,60,43,-15,23.33333333,29.33333333,-6,37.56180093,32.10745846,5.454342465,-23,-15,-8,-0.03,-0.56,0.53,FALSE
9,55,male,8,old,b,1,6.900000000000034,80,2,-60,69,30,-50,7.333333333,16.33333333,-9,57.27904406,49.5333782,7.745665868,-60,-50,-10,0.14,-0.39,0.53,FALSE
9,55,male,9,old,b,1,6.771000000000015,80,10,-63,59,46,-60,9,15,-6,58.3837877,53.2979049,5.085882805,-63,-60,-3,-0.03,-0.68,0.65,FALSE
9,55,male,10,old,a,0,8.80430000001195,74,43,-22,76,14,-13,31.66666667,25.66666667,6,40.00277768,37.25885428,2.743923402,-22,-13,-9,-0.4,0.44,-0.84,FALSE
9,55,male,11,old,a,0,8.450900000035858,97,58,-61,98,20,-51,31.33333333,22.33333333,9,67.20284386,60.85136719,6.351476665,-61,-51,-10,-0.53,0.06,-0.59,FALSE
9,55,male,12,old,a,0,5.552699999988136,83,50,-11,85,29,-1,40.66666667,37.66666667,3,38.93869826,35.64017708,3.298521182,-11,-1,-10,-0.35,0.35,-0.7,FALSE
9,55,male,13,old,a,0,17.650400000035802,91,75,-12,94,55,-4,51.33333333,48.33333333,3,45.25728916,40.28509512,4.97219404,-12,-4,-8,-0.64,-0.24,-0.4,FALSE
9,55,male,14,old,a,0,4.5999000000357455,68,25,-12,60,2,-8,27,18,9,32.69046752,29.97776954,2.712697979,-12,-8,-4,0.09,0.65,-0.56,FALSE
9,55,male,15,old,a,0,18.100800000011876,61,54,-82,79,11,-75,11,5,6,65.82299497,63.01322612,2.809768844,-82,-75,-7,-0.7,-0.14,-0.56,FALSE
9,55,male,16,old,b,1,5.719100000023786,99,35,-16,88,50,-11,39.33333333,42.33333333,-3,47.0484384,40.77853466,6.269903738,-16,-11,-5,0.14,-0.28,0.42,FALSE
9,55,male,17,old,a,0,11.860200000047712,91,67,-10,95,46,-2,49.33333333,46.33333333,3,43.08389748,39.60078563,3.483111855,-10,-2,-8,-0.55,0.01,-0.56,FALSE
9,55,male,18,old,b,1,7.987999999999943,88,33,-10,73,59,-3,37,43,-6,40.10818703,33.02524287,7.082944157,-10,-3,-7,0.15,-0.61,0.76,FALSE
9,55,male,19,old,b,1,7.871299999952271,98,41,-24,75,68,-19,38.33333333,41.33333333,-3,49.8419725,42.75771535,7.084257142,-24,-19,-5,-0.08,-0.69,0.61,FALSE
9,55,male,20,old,a,0,6.503199999988169,91,81,-24,99,44,-22,49.33333333,40.33333333,9,52.01495511,49.46603773,2.548917383,-24,-22,-2,-0.69,-0.11,-0.58,FALSE
9,55,male,22,old,b,1,11.958300000011944,55,15,-13,42,31,-7,19,22,-3,27.90459938,20.99206199,6.91253739,-13,-7,-6,0.21,-0.56,0.77,FALSE
9,55,male,23,old,a,0,5.500800000011964,81,24,-16,74,4,-7,29.66666667,23.66666667,6,39.80228916,35.8732336,3.929055559,-16,-7,-9,0.21,0.66,-0.45,FALSE
9,55,male,24,old,b,1,3.7322999999523754,53,8,-34,41,23,-28,9,12,-3,35.52463934,29.22327839,6.301360944,-34,-28,-6,0.04,-0.51,0.55,FALSE
9,55,male,25,old,a,0,4.230400000035843,91,54,-88,96,14,-80,19,10,9,77.1535266,71.90734779,5.246178806,-88,-80,-8,-0.59,-0.08,-0.51,FALSE
9,55,male,26,old,b,1,5.502000000000066,83,23,-56,70,49,-51,16.66666667,22.66666667,-6,56.92294987,52.7909925,4.131957375,-56,-51,-5,-0.17,-0.62,0.45,FALSE
9,55,male,27,old,a,0,3.198100000023828,93,58,-8,94,41,-1,47.66666667,44.66666667,3,41.87547678,38.87015422,3.005322563,-8,-1,-7,-0.36,0.14,-0.5,FALSE
9,55,male,28,old,a,0,6.986399999976129,93,64,-10,95,40,-6,49,43,6,43.36665386,41.28760912,2.079044738,-10,-6,-4,-0.48,0.11,-0.59,FALSE
9,55,male,29,old,b,1,22.10450000000003,64,24,-23,50,35,-20,21.66666667,21.66666667,0,35.55590278,30.09245014,5.463452634,-23,-20,-3,-0.1,-0.58,0.48,FALSE
9,55,male,30,old,b,1,9.457600000023833,70,12,-66,45,34,-63,5.333333333,5.333333333,0,55.72152985,48.52719741,7.194332436,-66,-63,-3,-0.18,-0.68,0.5,FALSE
9,55,male,31,old,b,1,10.124599999964175,53,9,-17,37,30,-13,15,18,-3,28.89059824,22.10580618,6.784792065,-17,-13,-4,0.3,-0.65,0.95,FALSE
9,55,male,32,old,a,0,12.125199999988126,99,51,-13,95,36,-3,45.66666667,42.66666667,3,45.87906809,40.28509512,5.59397297,-13,-3,-10,-0.17,0.24,-0.41,FALSE
9,55,male,33,old,a,0,5.033200000047714,56,42,-72,65,9,-66,8.666666667,2.666666667,6,57.32558087,53.66770185,3.657879018,-72,-66,-6,-0.68,-0.18,-0.5,FALSE
9,55,male,34,old,b,1,14.763900000035733,95,48,-30,71,67,-25,37.66666667,37.66666667,0,51.55148451,44.3421044,7.209380118,-30,-25,-5,-0.29,-0.7,0.41,FALSE
9,55,male,35,old,b,1,8.50489999997626,67,11,-13,61,36,-5,21.66666667,30.66666667,-9,33.51948024,27.20702524,6.312455003,-13,-5,-8,0.45,-0.29,0.74,FALSE
9,55,male,36,old,b,1,7.486399999976129,88,17,-44,82,43,-37,20.33333333,29.33333333,-9,53.94029621,49.5333782,4.406918017,-44,-37,-7,0.09,-0.39,0.48,FALSE
9,55,male,37,old,a,0,22.43909999996424,80,72,-12,88,45,-2,46.66666667,43.66666667,3,41.61196409,36.7544404,4.857523695,-12,-2,-10,-0.69,-0.05,-0.64,FALSE
9,55,male,38,old,a,0,6.418600000023844,84,27,-36,73,4,-29,25,16,9,49.01020302,42.49705872,6.513144298,-36,-29,-7,-0.06,0.4,-0.46,FALSE
9,55,male,39,old,b,1,10.006400000035685,63,2,-47,49,23,-45,6,9,-3,44.99629614,39.63163719,5.36465895,-47,-45,-2,0.13,-0.49,0.62,FALSE
9,55,male,40,old,b,1,6.868700000047738,76,3,-64,59,38,-55,5,14,-9,57.17225434,49.53786431,7.634390037,-64,-55,-9,0.05,-0.61,0.66,FALSE
9,55,male,41,old,b,1,19.03540000003568,93,31,-8,70,68,-4,38.66666667,44.66666667,-6,41.5879256,34.42221505,7.165710549,-8,-4,-4,0.27,-0.71,0.98,FALSE
9,55,male,42,old,a,0,4.967600000023822,90,44,-48,88,16,-45,28.66666667,19.66666667,9,57.37207993,54.3588897,3.013190235,-48,-45,-3,-0.38,0.1,-0.48,FALSE
9,55,male,0,new,b,1,19.845300000012003,71,36,-38,93,11,-35,23,23,0,45.43860326,52.94021786,-7.501614591,-38,-35,-3,-0.41,0.33,-0.74,FALSE
9,55,male,1,new,b,1,24.96120000004771,57,33,-39,75,10,-34,17,17,0,40.79215611,44.77350407,-3.981347961,-39,-34,-5,-0.53,0.23,-0.76,FALSE
9,55,male,2,new,a,0,7.583599999964235,94,45,-8,97,10,-3,43.66666667,34.66666667,9,41.65199742,44.39469438,-2.74269696,-8,-3,-5,-0.05,0.66,-0.71,FALSE
9,55,male,3,new,a,0,8.271800000011922,67,34,-14,82,3,-7,29,26,3,33.2565783,39.80787192,-6.551293622,-14,-7,-7,-0.22,0.67,-0.89,FALSE
9,55,male,4,new,a,0,12.143000000000027,62,43,-86,99,27,-80,6.333333333,15.33333333,-9,65.74867975,73.54061614,-7.79193639,-86,-80,-6,-0.66,-0.23,-0.43,FALSE
9,55,male,5,new,a,0,7.587499999999977,62,55,-78,93,7,-70,13,10,3,64.41014413,66.57827473,-2.168130606,-78,-70,-8,-0.7,0.07,-0.77,FALSE
9,55,male,6,new,a,0,29.180699999988175,59,17,-45,75,4,-39,10.33333333,13.33333333,-3,42.71871825,47.00590979,-4.287191544,-45,-39,-6,-0.23,0.29,-0.52,FALSE
9,55,male,7,new,a,0,3.899299999952291,82,41,-36,94,3,-28,29,23,6,48.91489207,51.77515492,-2.860262842,-36,-28,-8,-0.35,0.52,-0.87,FALSE
9,55,male,8,new,a,0,18.8343999999762,74,29,-58,96,13,-55,15,18,-3,54.79051013,61.74679479,-6.956284661,-58,-55,-3,-0.37,0.12,-0.49,FALSE
9,55,male,9,new,a,0,5.102000000000089,61,33,-4,66,7,-1,30,24,6,26.62079388,29.87752779,-3.25673391,-4,-1,-3,-0.17,0.67,-0.84,FALSE
9,55,male,10,new,b,1,12.8284000000358,56,49,-15,84,31,-7,30,36,-6,31.94787421,37.31844941,-5.370575202,-15,-7,-8,-0.68,0.2,-0.88,FALSE
9,55,male,11,new,b,1,6.469499999999925,76,31,-39,96,19,-29,22.66666667,28.66666667,-6,47.31689856,51.48678363,-4.169885078,-39,-29,-10,-0.26,0.28,-0.54,FALSE
9,55,male,13,new,a,0,8.873600000023998,73,35,-13,82,8,-4,31.66666667,28.66666667,3,35.18838192,38.02922853,-2.840846604,-13,-4,-9,-0.14,0.65,-0.79,FALSE
9,55,male,14,new,a,0,8.99069999998801,65,61,-27,97,23,-21,33,33,0,42.45782221,48.68949236,-6.231670156,-27,-21,-6,-0.7,0.3,-1,FALSE
9,55,male,15,new,a,0,7.487999999999829,85,45,-46,95,4,-42,28,19,9,54.81483984,56.92685365,-2.112013812,-46,-42,-4,-0.44,0.38,-0.82,FALSE
9,55,male,16,new,a,0,8.256300000012061,65,35,-38,81,15,-34,20.66666667,20.66666667,0,43.25377312,47.1192341,-3.865460983,-38,-34,-4,-0.46,0.18,-0.64,FALSE
9,55,male,17,new,b,1,15.295800000011925,62,41,-30,88,24,-21,24.33333333,30.33333333,-6,39.36439452,44.723844,-5.359449486,-30,-21,-9,-0.56,0.21,-0.77,FALSE
9,55,male,18,new,a,0,4.849500000000035,84,38,-47,98,2,-43,25,19,6,54.26478293,58.80476171,-4.53997878,-47,-43,-4,-0.35,0.41,-0.76,FALSE
9,55,male,19,new,a,0,4.634500000000116,83,36,-11,86,2,-7,36,27,9,38.3753393,41.88078318,-3.505443879,-11,-7,-4,0,0.68,-0.68,FALSE
9,55,male,20,new,a,0,6.704300000011926,76,38,-12,82,9,-7,34,28,6,36.037018,38.73843914,-2.701421131,-12,-7,-5,-0.17,0.62,-0.79,FALSE
9,55,male,21,new,b,1,17.233300000011923,35,19,-36,66,5,-26,6,15,-9,30.40833219,38.21866909,-7.810336894,-36,-26,-10,-0.56,0.37,-0.93,FALSE
9,55,male,22,new,a,0,10.07459999996422,70,31,-60,87,5,-51,13.66666667,13.66666667,0,54.46915539,56.6705881,-2.20143271,-60,-51,-9,-0.45,0.23,-0.68,FALSE
9,55,male,23,new,b,1,9.756600000024036,73,32,-44,95,17,-42,20.33333333,23.33333333,-3,48.47221426,56.10902086,-7.6368066,-44,-42,-2,-0.35,0.17,-0.52,FALSE
9,55,male,24,new,b,1,6.73619999998823,67,58,-29,93,49,-19,32,41,-9,43.28972164,46.07240678,-2.782685138,-29,-19,-10,-0.68,-0.26,-0.42,FALSE
9,55,male,25,new,b,1,18.98560000002385,72,24,-26,91,16,-19,23.33333333,29.33333333,-6,40.01110957,45.88633299,-5.875223425,-26,-19,-7,-0.02,0.41,-0.43,FALSE
9,55,male,26,new,b,1,12.443599999964364,58,27,-28,78,17,-20,19,25,-6,35.56215217,40.40627014,-4.844117975,-28,-20,-8,-0.33,0.29,-0.62,FALSE
9,55,male,27,new,a,0,21.53880000001186,51,25,-16,72,5,-8,20,23,-3,27.58018612,35.05234181,-7.47215569,-16,-8,-8,-0.27,0.63,-0.9,FALSE
9,55,male,28,new,a,0,20.80330000001186,56,39,-80,86,11,-73,5,8,-3,60.50344343,64.94613152,-4.442688096,-80,-73,-7,-0.67,-0.07,-0.6,FALSE
9,55,male,29,new,a,0,4.5641000000237,83,52,-36,96,9,-33,33,24,9,50.4050262,53.72150407,-3.31647787,-36,-33,-3,-0.51,0.4,-0.91,FALSE
9,55,male,30,new,a,0,8.35479999995232,75,51,-33,96,10,-31,31,25,6,46.30334761,52.92132525,-6.617977643,-33,-31,-2,-0.57,0.4,-0.97,FALSE
9,55,male,31,new,a,0,11.007200000047533,45,40,-49,77,30,-44,12,21,-9,43.18178628,49.80629144,-6.624505153,-49,-44,-5,-0.7,-0.27,-0.43,FALSE
9,55,male,32,new,a,0,4.518300000012005,75,60,-69,99,6,-66,22,13,9,64.63745044,67.54257916,-2.905128718,-69,-66,-3,-0.68,0.15,-0.83,FALSE
9,55,male,33,new,a,0,26.17679999995221,66,55,-73,97,23,-63,16,19,-3,63.09252465,65.38093504,-2.28841039,-73,-63,-10,-0.69,-0.09,-0.6,FALSE
9,55,male,34,new,b,1,9.906800000012026,40,34,-14,62,29,-4,20,29,-9,24.16609195,26.94438717,-2.778295223,-14,-4,-10,-0.67,0,-0.67,FALSE
9,55,male,35,new,b,1,10.4074999999998,59,34,-23,76,30,-18,23.33333333,29.33333333,-6,34.31552936,38.37823457,-4.062705208,-23,-18,-5,-0.44,-0.03,-0.41,FALSE
9,55,male,36,new,a,0,5.985800000011977,74,56,-98,99,2,-96,10.66666667,1.666666667,9,77.18952145,79.60876557,-2.4192441160000002,-98,-96,-2,-0.68,-0.01,-0.67,FALSE
9,55,male,37,new,a,0,10.1090999999642,63,62,-52,88,34,-49,24.33333333,24.33333333,0,53.97736151,56.34615239,-2.368790878,-52,-49,-3,-0.71,-0.25,-0.46,FALSE
9,55,male,38,new,a,0,10.375699999988,86,35,-10,92,6,-5,37,31,6,39.2173431,43.36665386,-4.149310754,-10,-5,-5,0.08,0.67,-0.59,FALSE
9,55,male,39,new,a,0,69.59680000001185,82,33,-22,91,7,-14,31,28,3,42.48136847,45.36518489,-2.883816424,-22,-14,-8,-0.07,0.6,-0.67,FALSE
9,55,male,40,new,b,1,12.260899999976118,41,39,-29,73,26,-21,17,26,-9,32.53715825,38.3753393,-5.838181059,-29,-21,-8,-0.71,0,-0.71,FALSE
9,55,male,41,new,a,0,8.35339999997609,60,59,-71,98,2,-61,16,13,3,61.51964456,65.37583651,-3.856191956,-71,-61,-10,-0.71,0.25,-0.96,FALSE
9,55,male,42,new,a,0,3.149699999987888,59,53,-70,91,2,-60,14,11,3,59.44745579,61.97311245,-2.525656659,-70,-60,-10,-0.7,0.21,-0.91,FALSE
9,55,male,0,old,b,1,6.115000000000009,59,9,-67,40,31,-61,0.333333333,3.333333333,-3,51.80304581,45.63867755,6.164368259,-67,-61,-6,-0.25,-0.69,0.44,FALSE
9,55,male,1,old,b,1,3.649200000047813,63,16,-47,44,40,-43,10.66666667,13.66666667,-3,45.0653846,40.10264608,4.962738522,-47,-43,-4,-0.18,-0.7,0.52,FALSE
9,55,male,2,old,b,1,6.036000000000058,56,8,-52,40,33,-43,4,10,-6,44.18144407,37.58545818,6.595985888,-52,-43,-9,-0.14,-0.69,0.55,FALSE
9,55,male,3,old,a,0,9.522299999952338,79,63,-12,80,36,-4,43.33333333,37.33333333,6,39.6680672,34.30581421,5.362252988,-12,-4,-8,-0.62,0.06,-0.68,FALSE
9,55,male,4,old,b,1,5.635999999999967,82,11,-76,60,51,-67,5.666666667,14.66666667,-9,64.61338011,57.86382482,6.749555292,-76,-67,-9,-0.12,-0.69,0.57,FALSE
9,55,male,5,old,a,0,9.282599999964305,79,64,-29,81,28,-22,38,29,9,47.77028365,42.05551886,5.714764789,-29,-22,-7,-0.66,0.04,-0.7,FALSE
9,55,male,6,old,b,1,4.936199999988048,60,5,-41,53,30,-32,8,17,-9,41.28760912,35.89800366,5.389605459,-41,-32,-9,0.11,-0.5,0.61,FALSE
9,55,male,7,old,a,0,13.263000000000147,53,8,-35,40,19,-33,8.666666667,8.666666667,0,35.92894222,30.68477726,5.244164957,-35,-33,-2,0.03,-0.47,0.5,FALSE
9,55,male,8,old,b,1,6.439499999999953,85,24,-45,67,54,-39,21.33333333,27.33333333,-6,53.10576449,47.20404879,5.901715701,-45,-39,-6,-0.08,-0.67,0.59,FALSE
9,55,male,9,old,b,1,8.391800000011926,74,5,-55,57,19,-52,8,8,0,52.70673581,45.17373868,7.532997129,-55,-52,-3,0.09,-0.35,0.44,FALSE
9,55,male,10,old,b,1,5.929000000000087,92,2,-70,66,50,-65,8,17,-9,66.2721661,58.34952156,7.92264454,-70,-65,-5,0.14,-0.67,0.81,FALSE
9,55,male,11,old,a,0,7.454500000000053,64,62,-48,70,29,-39,26,20,6,52.33227175,44.95182607,7.380445685,-48,-39,-9,-0.71,-0.29,-0.42,FALSE
9,55,male,13,old,b,1,12.277800000011894,78,43,-10,60,54,-3,37,37,0,36.17549815,28.39013913,7.785359021,-10,-3,-7,-0.24,-0.68,0.44,FALSE
9,55,male,14,old,a,0,12.677800000011985,46,32,-39,42,9,-30,13,7,6,37.21110945,29.42787794,7.783231513,-39,-30,-9,-0.63,-0.1,-0.53,FALSE
9,55,male,15,old,a,0,14.5798000000118,57,44,-13,53,29,-3,29.33333333,26.33333333,3,30.40102337,22.93953405,7.461489329,-13,-3,-10,-0.61,-0.17,-0.44,FALSE
9,55,male,16,old,a,0,12.45969999998806,98,58,-16,96,41,-6,46.66666667,43.66666667,3,47.22522866,41.6839964,5.541232266,-16,-6,-10,-0.35,0.1,-0.45,FALSE
9,55,male,17,old,b,1,6.753300000011905,48,3,-24,46,23,-15,9,18,-9,29.69848481,25.15286597,4.545618837,-24,-15,-9,0.29,-0.29,0.58,FALSE
9,55,male,18,old,b,1,9.138699999988148,91,22,-54,72,61,-47,19.66666667,28.66666667,-9,59.21899095,53.69254035,5.526450601,-54,-47,-7,-0.06,-0.68,0.62,FALSE
9,55,male,19,old,a,0,14.9707000000476,91,79,-11,99,39,-6,53,44,9,45.51922671,43.01162634,2.507600372,-11,-6,-5,-0.67,0.17,-0.84,FALSE
9,55,male,20,old,b,1,5.084499999999935,79,13,-40,74,33,-37,17.33333333,23.33333333,-6,48.67808085,45.82818153,2.849899325,-40,-37,-3,0.13,-0.31,0.44,FALSE
9,55,male,21,old,a,0,9.440499999999927,77,69,-21,82,39,-14,41.66666667,35.66666667,6,44.43222054,39.26264835,5.16957219,-21,-14,-7,-0.69,-0.13,-0.56,FALSE
9,55,male,22,old,b,1,18.50059999996438,96,19,-78,77,43,-74,12.33333333,15.33333333,-3,71.19144768,64.67525716,6.516190515,-78,-74,-4,-0.14,-0.56,0.42,FALSE
9,55,male,23,old,a,0,6.369899999976042,79,40,-26,73,13,-20,31,22,9,43.33589736,38.49675311,4.83914425,-26,-20,-6,-0.3,0.34,-0.64,FALSE
9,55,male,24,old,a,0,12.674100000023827,85,68,-15,91,43,-5,46,43,3,43.68828981,39.19183588,4.496453927,-15,-5,-10,-0.63,0,-0.63,FALSE
9,55,male,25,old,a,0,10.674600000023702,80,43,-35,75,18,-32,29.33333333,20.33333333,9,47.93282336,43.71371511,4.219108251,-35,-32,-3,-0.4,0.08,-0.48,FALSE
9,55,male,26,old,a,0,26.40289999997617,70,57,-28,78,40,-19,33,33,0,43.45879274,39.90822806,3.550564686,-28,-19,-9,-0.66,-0.26,-0.4,FALSE
9,55,male,27,old,b,1,10.125,82,31,-53,64,62,-48,20,26,-6,55.6596802,52.33227175,3.327408449,-53,-48,-5,-0.29,-0.71,0.42,FALSE
9,55,male,28,old,b,1,10.04019999998809,87,78,-16,94,52,-6,49.66666667,46.66666667,3,46.57848812,40.99864496,5.579843156,-16,-6,-10,-0.69,-0.19,-0.5,FALSE
9,55,male,29,old,b,1,6.437399999976151,99,52,-13,90,75,-9,46,52,-6,45.92022067,43.56604182,2.354178852,-13,-9,-4,-0.19,-0.64,0.45,FALSE
9,55,male,30,old,b,1,18.86890000003564,48,21,-20,41,36,-10,16.33333333,22.33333333,-6,27.95631513,22.9540604,5.002254727,-20,-10,-10,-0.25,-0.68,0.43,FALSE
9,55,male,31,old,b,1,9.072499999999993,58,38,-11,53,25,-2,28.33333333,25.33333333,3,28.98658694,22.45489306,6.531693879,-11,-2,-9,-0.46,0.02,-0.48,FALSE
9,55,male,32,old,b,1,17.466800000011972,98,42,-26,70,68,-24,38,38,0,50.70174224,43.84822307,6.853519172,-26,-24,-2,-0.12,-0.71,0.59,FALSE
9,55,male,33,old,b,1,16.731800000011845,74,21,-46,56,42,-40,16.33333333,19.33333333,-3,49.10080334,42.34251869,6.758284654,-46,-40,-6,-0.14,-0.65,0.51,FALSE
9,55,male,34,old,a,0,7.532900000035852,70,51,-43,75,10,-34,26,17,9,49.40310382,44.77350407,4.629599747,-43,-34,-9,-0.63,0.23,-0.86,FALSE
9,55,male,35,old,b,1,6.570800000012014,65,13,-18,61,36,-10,20,29,-9,34.24422092,29.40521496,4.839005967,-18,-10,-8,0.3,-0.34,0.64,FALSE
9,55,male,36,old,a,0,3.749000000000024,46,30,-55,47,6,-50,7,1,6,44.32456054,39.75759885,4.566961681,-55,-50,-5,-0.64,-0.19,-0.45,FALSE
9,55,male,37,old,b,1,25.842400000035692,61,12,-35,44,34,-31,12.66666667,15.66666667,-3,39.19467084,33.24989557,5.944775267,-35,-31,-4,0.03,-0.66,0.69,FALSE
9,55,male,38,old,a,0,22.222800000012057,53,40,-11,50,25,-2,27.33333333,24.33333333,3,27.62044331,21.23414441,6.386298903,-11,-2,-9,-0.59,-0.05,-0.54,FALSE
9,55,male,39,old,a,0,7.104300000012017,73,52,-43,84,13,-33,27.33333333,21.33333333,6,50.4667107,48.12714642,2.339564283,-43,-33,-10,-0.62,0.25,-0.87,FALSE
9,55,male,40,old,a,0,6.219400000035876,65,57,-40,69,18,-32,27.33333333,18.33333333,9,47.72374205,41.23375101,6.489991045,-40,-32,-8,-0.69,0.01,-0.7,FALSE
9,55,male,41,old,b,1,19.702300000011974,57,19,-12,42,29,-7,21.33333333,21.33333333,0,28.21740991,20.72572208,7.491687838,-12,-7,-5,0.12,-0.5,0.62,FALSE
9,55,male,42,old,b,1,15.716200000047593,79,16,-61,58,42,-57,11.33333333,14.33333333,-3,57.24993935,50.86146762,6.388471726,-61,-57,-4,-0.12,-0.65,0.53,FALSE
9,55,male,0,new,a,0,5.463300000011941,80,48,-26,89,7,-21,34,25,9,44.39219151,46.6761895,-2.283997999,-26,-21,-5,-0.44,0.52,-0.96,FALSE
9,55,male,1,new,a,0,8.171800000011899,82,49,-19,98,16,-11,37.33333333,34.33333333,3,42.05023451,46.34891824,-4.298683734,-19,-11,-8,-0.39,0.53,-0.92,FALSE
9,55,male,2,new,b,1,14.524000000000116,59,30,-17,77,20,-7,24,30,-6,31.31559782,35.0142828,-3.698684983,-17,-7,-10,-0.28,0.41,-0.69,FALSE
9,55,male,3,new,a,0,14.046300000012025,54,34,-67,84,8,-62,7,10,-3,52.95910372,59.62102537,-6.661921656,-67,-62,-5,-0.63,0.05,-0.68,FALSE
9,55,male,4,new,a,0,17.43389999997612,79,50,-10,95,17,-2,39.66666667,36.66666667,3,37.06151043,41.97088938,-4.90937895,-10,-2,-8,-0.4,0.6,-1,FALSE
9,55,male,5,new,a,0,40.94549999999958,44,36,-47,66,12,-45,11,11,0,41.14203041,45.32107677,-4.17904636,-47,-45,-2,-0.69,-0.03,-0.66,FALSE
9,55,male,6,new,b,1,7.087500000000091,37,15,-44,59,10,-34,2.666666667,11.66666667,-9,34.19876541,37.9853773,-3.786611894,-44,-34,-10,-0.49,0.07,-0.56,FALSE
9,55,male,7,new,a,0,3.3150000000000546,86,41,-34,96,4,-25,31,25,6,49.49747468,51.58165048,-2.084175801,-34,-25,-9,-0.29,0.54,-0.83,FALSE
9,55,male,8,new,a,0,11.857199999988095,31,25,-52,57,4,-48,1.333333333,4.333333333,-3,37.79182745,42.86671851,-5.074891054,-52,-48,-4,-0.69,0.01,-0.7,FALSE
9,55,male,9,new,a,0,10.207800000011956,56,21,-48,76,2,-40,9.666666667,12.66666667,-3,43.20750964,47.95368136,-4.74617172,-48,-40,-8,-0.38,0.32,-0.7,FALSE
9,55,male,10,new,b,1,6.520699999987755,42,23,-11,63,18,-9,18,24,-6,21.92411154,29.69848481,-7.774373273,-11,-9,-2,-0.33,0.29,-0.62,FALSE
9,55,male,11,new,a,0,6.286299999952462,54,51,-50,87,14,-46,18.33333333,18.33333333,0,48.33448274,54.3834125,-6.048929759,-50,-46,-4,-0.71,0.12,-0.83,FALSE
9,55,male,12,new,a,0,12.242999999999938,68,60,-38,99,37,-28,30,36,-6,48.19405219,51.85235449,-3.658302303,-38,-28,-10,-0.69,-0.03,-0.66,FALSE
9,55,male,13,new,b,1,20.053600000023835,53,40,-78,88,6,-70,5,8,-3,58.92933621,64.51873113,-5.589394916,-78,-70,-8,-0.68,0.05,-0.73,FALSE
9,55,male,14,new,b,1,15.962800000011612,49,45,-36,87,24,-26,19.33333333,28.33333333,-9,39.16063783,46.23370584,-7.073068005,-36,-26,-10,-0.7,0.14,-0.84,FALSE
9,55,male,15,new,a,0,3.833800000012161,78,57,-50,98,6,-46,28.33333333,19.33333333,9,56.04958123,59.5389695,-3.489388273,-50,-46,-4,-0.63,0.32,-0.95,FALSE
9,55,male,16,new,a,0,7.069500000000062,47,44,-54,78,9,-50,12.33333333,12.33333333,0,46.92073695,52.3089115,-5.388174553,-54,-50,-4,-0.7,0.1,-0.8,FALSE
9,55,male,17,new,a,0,13.493899999976293,73,23,-91,92,2,-89,1.666666667,1.666666667,0,68.63105873,73.89331649,-5.262257764,-91,-89,-2,-0.44,-0.01,-0.43,FALSE
9,55,male,18,new,a,0,11.57549999999992,62,44,-43,91,27,-37,21,27,-6,45.84757355,52.25578118,-6.408207634,-43,-37,-6,-0.63,0,-0.63,FALSE
9,55,male,19,new,b,1,11.124700000047596,38,17,-31,62,16,-27,8,17,-9,28.87905816,36.34097779,-7.461919633,-31,-27,-4,-0.44,0.04,-0.48,FALSE
9,55,male,20,new,a,0,22.405199999988326,69,50,-40,89,13,-32,26.33333333,23.33333333,3,47.54179448,49.93551397,-2.393719493,-40,-32,-8,-0.62,0.3,-0.92,FALSE
9,55,male,21,new,a,0,8.947100000023966,69,45,-22,90,19,-17,30.66666667,30.66666667,0,38.50829636,44.45472103,-5.94642467,-22,-17,-5,-0.51,0.38,-0.89,FALSE
9,55,male,22,new,a,0,10.267199999987952,85,51,-7,92,14,-4,43,34,9,37.98245209,41.66533331,-3.682881223,-7,-4,-3,-0.31,0.61,-0.92,FALSE
9,55,male,23,new,a,0,4.450800000011896,72,42,-20,78,6,-17,31.33333333,22.33333333,9,38.30868773,40.46672158,-2.158033852,-20,-17,-3,-0.4,0.54,-0.94,FALSE
9,55,male,24,new,a,0,3.181999999999789,80,38,-19,90,6,-15,33,27,6,40.57092555,45.36518489,-4.794259339,-19,-15,-4,-0.18,0.6,-0.78,FALSE
9,55,male,25,new,a,0,34.85350000000017,66,47,-58,95,21,-52,18.33333333,21.33333333,-3,54.53031777,60.01296156,-5.482643798,-58,-52,-6,-0.64,0.01,-0.65,FALSE
9,55,male,26,new,a,0,7.220099999964532,73,53,-41,99,7,-39,28.33333333,22.33333333,6,49.70133019,57.37207993,-7.670749745,-41,-39,-2,-0.62,0.38,-1,FALSE
9,55,male,27,new,b,1,9.02200000000039,32,24,-44,60,15,-36,4,13,-9,34.09789827,39.2173431,-5.119444829,-44,-36,-8,-0.68,-0.08,-0.6,FALSE
9,55,male,28,new,a,0,4.211499999999887,73,45,-52,99,1,-43,22,19,3,53.55993528,59.35205697,-5.792121696,-52,-43,-9,-0.56,0.43,-0.99,FALSE
9,55,male,29,new,a,0,7.724499999999807,43,31,-49,75,8,-40,8.333333333,14.33333333,-6,40.83571422,47.16166051,-6.325946295,-49,-40,-9,-0.66,0.2,-0.86,FALSE
9,55,male,30,new,a,0,4.31739999997626,87,54,-16,96,14,-12,41.66666667,32.66666667,9,42.94440851,46.02414825,-3.079739742,-16,-12,-4,-0.41,0.54,-0.95,FALSE
9,55,male,31,new,a,0,4.701100000023871,68,52,-62,94,9,-54,19.33333333,16.33333333,3,57.88110419,60.64285247,-2.761748279,-62,-54,-8,-0.67,0.18,-0.85,FALSE
9,55,male,32,new,a,0,6.403599999964172,88,50,-27,96,11,-23,37,28,9,47.84001115,50.04664491,-2.206633761,-27,-23,-4,-0.39,0.47,-0.86,FALSE
9,55,male,33,new,a,0,5.102199999987988,89,36,-51,98,7,-49,24.66666667,18.66666667,6,57.71385353,60.5768566,-2.863003074,-51,-49,-2,-0.29,0.28,-0.57,FALSE
9,55,male,34,new,a,0,6.003500000000258,58,27,-46,74,5,-40,13,13,0,43.59663596,46.88283268,-3.286196723,-46,-40,-6,-0.45,0.25,-0.7,FALSE
9,55,male,35,new,b,1,22.38939999997592,44,31,-57,70,16,-50,6,12,-6,44.86275367,49.07137659,-4.208622918,-57,-50,-7,-0.66,-0.12,-0.54,FALSE
9,55,male,36,new,b,1,11.876199999987875,72,24,-83,93,6,-77,4.333333333,7.333333333,-3,64.78854494,69.40861298,-4.620068037,-83,-77,-6,-0.43,0.03,-0.46,FALSE
9,55,male,37,new,a,0,9.00729999995201,75,48,-36,95,7,-33,29,23,6,47.26520919,53.46650042,-6.201291223,-36,-33,-3,-0.54,0.42,-0.96,FALSE
9,55,male,38,new,b,1,12.228199999988192,38,36,-51,71,20,-41,7.666666667,16.66666667,-9,41.49163236,45.78451946,-4.292887105,-51,-41,-10,-0.71,-0.11,-0.6,FALSE
9,55,male,39,new,b,1,7.054499999999734,45,26,-62,73,18,-55,3,12,-9,46.61187259,52.42772803,-5.815855439,-62,-55,-7,-0.62,-0.17,-0.45,FALSE
9,55,male,40,new,a,0,9.873999999999796,71,38,-70,91,1,-62,13,10,3,60.21627687,62.78534861,-2.56907174,-70,-62,-8,-0.55,0.21,-0.76,FALSE
9,55,male,41,new,a,0,4.651800000011917,86,32,-13,90,5,-8,35,29,6,40.47221269,43.45879274,-2.986580053,-13,-8,-5,0.11,0.66,-0.55,FALSE
10,48,female,0,old,a,0,11.337199999988115,93,64,-10,95,40,-6,49,43,6,43.36665386,41.28760912,2.079044738,-10,-6,-4,-0.48,0.11,-0.59,FALSE
10,48,female,1,old,b,1,4.395199999988108,80,10,-63,59,46,-60,9,15,-6,58.3837877,53.2979049,5.085882805,-63,-60,-3,-0.03,-0.68,0.65,FALSE
10,48,female,2,old,b,1,3.625200000017912,75,4,-67,57,43,-61,4,13,-9,57.97125725,52.63712252,5.334134731,-67,-61,-6,0,-0.67,0.67,FALSE
10,48,female,3,old,b,1,5.380100000023845,77,25,-58,53,45,-54,14.66666667,14.66666667,0,55.59576323,48.66438351,6.93137972,-58,-54,-4,-0.27,-0.69,0.42,FALSE
10,48,female,4,old,b,1,4.36489999997616,83,23,-56,70,49,-51,16.66666667,22.66666667,-6,56.92294987,52.7909925,4.131957375,-56,-51,-5,-0.17,-0.62,0.45,FALSE
10,48,female,5,old,b,1,4.331999999999994,88,33,-10,73,59,-3,37,43,-6,40.10818703,33.02524287,7.082944157,-10,-3,-7,0.15,-0.61,0.76,FALSE
10,48,female,6,old,a,0,3.089099999994062,99,51,-13,95,36,-3,45.66666667,42.66666667,3,45.87906809,40.28509512,5.59397297,-13,-3,-10,-0.17,0.24,-0.41,FALSE
10,48,female,7,old,a,0,6.034200000017904,70,12,-66,45,34,-63,5.333333333,5.333333333,0,55.72152985,48.52719741,7.194332436,-66,-63,-3,-0.18,-0.68,0.5,FALSE
10,48,female,8,old,a,0,2.947599999994054,83,50,-11,85,29,-1,40.66666667,37.66666667,3,38.93869826,35.64017708,3.298521182,-11,-1,-10,-0.35,0.35,-0.7,FALSE
10,48,female,9,old,b,1,4.462900000005959,53,8,-34,41,23,-28,9,12,-3,35.52463934,29.22327839,6.301360944,-34,-28,-6,0.04,-0.51,0.55,FALSE
10,48,female,10,old,a,0,4.166900000005967,91,75,-12,94,55,-4,51.33333333,48.33333333,3,45.25728916,40.28509512,4.97219404,-12,-4,-8,-0.64,-0.24,-0.4,FALSE
10,48,female,11,old,a,0,2.7684999999999604,91,81,-24,99,44,-22,49.33333333,40.33333333,9,52.01495511,49.46603773,2.548917383,-24,-22,-2,-0.69,-0.11,-0.58,FALSE
10,48,female,12,old,b,1,4.900799999982155,61,54,-82,79,11,-75,11,5,6,65.82299497,63.01322612,2.809768844,-82,-75,-7,-0.7,-0.14,-0.56,FALSE
10,48,female,13,old,a,0,4.436700000017879,66,31,-13,68,19,-3,28,28,0,32.3213036,29.67602849,2.645275119,-13,-3,-10,-0.14,0.43,-0.57,FALSE
10,48,female,14,old,a,0,5.295599999994067,81,24,-16,74,4,-7,29.66666667,23.66666667,6,39.80228916,35.8732336,3.929055559,-16,-7,-9,0.21,0.66,-0.45,FALSE
10,48,female,15,old,a,0,3.323100000023828,80,72,-12,88,45,-2,46.66666667,43.66666667,3,41.61196409,36.7544404,4.857523695,-12,-2,-10,-0.69,-0.05,-0.64,FALSE
10,48,female,16,old,a,0,5.305400000005932,92,60,-21,99,43,-11,43.66666667,43.66666667,0,47.55581516,44.90978611,2.646029045,-21,-11,-10,-0.47,0.02,-0.49,FALSE
10,48,female,17,old,a,0,2.127000000000009,84,27,-36,73,4,-29,25,16,9,49.01020302,42.49705872,6.513144298,-36,-29,-7,-0.06,0.4,-0.46,FALSE
10,48,female,18,old,b,1,2.6014999999999877,63,2,-47,49,23,-45,6,9,-3,44.99629614,39.63163719,5.36465895,-47,-45,-2,0.13,-0.49,0.62,FALSE
10,48,female,19,old,b,1,4.693199999988053,93,31,-8,70,68,-4,38.66666667,44.66666667,-6,41.5879256,34.42221505,7.165710549,-8,-4,-4,0.27,-0.71,0.98,FALSE
10,48,female,20,old,a,0,6.594800000011901,56,42,-72,65,9,-66,8.666666667,2.666666667,6,57.32558087,53.66770185,3.657879018,-72,-66,-6,-0.68,-0.18,-0.5,FALSE
10,48,female,21,old,a,0,2.670000000000016,94,70,-40,98,38,-30,41.33333333,35.33333333,6,58.33999962,52.2897908,6.050208816,-40,-30,-10,-0.62,-0.08,-0.54,FALSE
10,48,female,22,old,a,0,4.208700000017871,74,43,-22,76,14,-13,31.66666667,25.66666667,6,40.00277768,37.25885428,2.743923402,-22,-13,-9,-0.4,0.44,-0.84,FALSE
10,48,female,23,old,a,0,2.4919000000059555,68,25,-12,60,2,-8,27,18,9,32.69046752,29.97776954,2.712697979,-12,-8,-4,0.09,0.65,-0.56,FALSE
10,48,female,24,old,b,1,3.9609000000059496,76,3,-64,59,38,-55,5,14,-9,57.17225434,49.53786431,7.634390037,-64,-55,-9,0.05,-0.61,0.66,FALSE
10,48,female,25,old,b,1,2.409599999994043,88,17,-44,82,43,-37,20.33333333,29.33333333,-9,53.94029621,49.5333782,4.406918017,-44,-37,-7,0.09,-0.39,0.48,FALSE
10,48,female,26,old,b,1,3.049800000011942,98,41,-24,75,68,-19,38.33333333,41.33333333,-3,49.8419725,42.75771535,7.084257142,-24,-19,-5,-0.08,-0.69,0.61,FALSE
10,48,female,27,old,a,0,4.724099999994053,90,44,-48,88,16,-45,28.66666667,19.66666667,9,57.37207993,54.3588897,3.013190235,-48,-45,-3,-0.38,0.1,-0.48,FALSE
10,48,female,28,old,a,0,2.7949000000059527,91,54,-88,96,14,-80,19,10,9,77.1535266,71.90734779,5.246178806,-88,-80,-8,-0.59,-0.08,-0.51,FALSE
10,48,female,29,old,b,1,3.600999999999999,80,2,-60,69,30,-50,7.333333333,16.33333333,-9,57.27904406,49.5333782,7.745665868,-60,-50,-10,0.14,-0.39,0.53,FALSE
10,48,female,30,old,b,1,3.94290000000592,64,24,-23,50,35,-20,21.66666667,21.66666667,0,35.55590278,30.09245014,5.463452634,-23,-20,-3,-0.1,-0.58,0.48,FALSE
10,48,female,31,old,b,1,3.956000000000017,53,9,-17,37,30,-13,15,18,-3,28.89059824,22.10580618,6.784792065,-17,-13,-4,0.3,-0.65,0.95,FALSE
10,48,female,32,old,b,1,3.0064000000059536,91,67,-10,95,46,-2,49.33333333,46.33333333,3,43.08389748,39.60078563,3.483111855,-10,-2,-8,-0.55,0.01,-0.56,FALSE
10,48,female,33,old,a,0,7.327099999994061,99,35,-16,88,50,-11,39.33333333,42.33333333,-3,47.0484384,40.77853466,6.269903738,-16,-11,-5,0.14,-0.28,0.42,FALSE
10,48,female,34,old,a,0,2.322199999988072,97,58,-61,98,20,-51,31.33333333,22.33333333,9,67.20284386,60.85136719,6.351476665,-61,-51,-10,-0.53,0.06,-0.59,FALSE
10,48,female,35,old,b,1,2.4562000000178728,69,24,-23,60,43,-15,23.33333333,29.33333333,-6,37.56180093,32.10745846,5.454342465,-23,-15,-8,-0.03,-0.56,0.53,FALSE
10,48,female,37,old,b,1,4.565100000023847,85,2,-81,57,52,-76,2,11,-9,67.76921622,61.55214591,6.217070303,-81,-76,-5,0,-0.7,0.7,FALSE
10,48,female,38,old,b,1,2.0341999999880613,67,19,-22,60,38,-16,21.33333333,27.33333333,-6,36.37153955,31.93048004,4.441059506,-22,-16,-6,0.1,-0.46,0.56,FALSE
10,48,female,39,old,b,1,5.000099999994063,95,48,-30,71,67,-25,37.66666667,37.66666667,0,51.55148451,44.3421044,7.209380118,-30,-25,-5,-0.29,-0.7,0.41,FALSE
10,48,female,40,old,b,1,3.156400000005988,67,11,-13,61,36,-5,21.66666667,30.66666667,-9,33.51948024,27.20702524,6.312455003,-13,-5,-8,0.45,-0.29,0.74,FALSE
10,48,female,41,old,b,1,3.0184999999999604,55,15,-13,42,31,-7,19,22,-3,27.90459938,20.99206199,6.91253739,-13,-7,-6,0.21,-0.56,0.77,FALSE
10,48,female,42,old,b,1,3.859699999988038,93,58,-8,94,41,-1,47.66666667,44.66666667,3,41.87547678,38.87015422,3.005322563,-8,-1,-7,-0.36,0.14,-0.5,FALSE
10,48,female,0,new,a,0,7.406299999982139,41,39,-29,73,26,-21,17,26,-9,32.53715825,38.3753393,-5.838181059,-29,-21,-8,-0.71,0,-0.71,FALSE
10,48,female,1,new,a,0,2.491599999994037,63,62,-52,88,34,-49,24.33333333,24.33333333,0,53.97736151,56.34615239,-2.368790878,-52,-49,-3,-0.71,-0.25,-0.46,FALSE
10,48,female,2,new,a,0,2.2393000000119514,83,52,-36,96,9,-33,33,24,9,50.4050262,53.72150407,-3.31647787,-36,-33,-3,-0.51,0.4,-0.91,FALSE
10,48,female,3,new,b,1,4.839200000017854,62,41,-30,88,24,-21,24.33333333,30.33333333,-6,39.36439452,44.723844,-5.359449486,-30,-21,-9,-0.56,0.21,-0.77,FALSE
10,48,female,4,new,b,1,3.3061999999880527,85,45,-46,95,4,-42,28,19,9,54.81483984,56.92685365,-2.112013812,-46,-42,-4,-0.44,0.38,-0.82,FALSE
10,48,female,5,new,a,0,3.3564999999999827,71,36,-38,93,11,-35,23,23,0,45.43860326,52.94021786,-7.501614591,-38,-35,-3,-0.41,0.33,-0.74,FALSE
10,48,female,6,new,a,0,2.715099999994038,65,61,-27,97,23,-21,33,33,0,42.45782221,48.68949236,-6.231670156,-27,-21,-6,-0.7,0.3,-1,FALSE
10,48,female,8,new,a,0,2.8895999999940614,86,35,-10,92,6,-5,37,31,6,39.2173431,43.36665386,-4.149310754,-10,-5,-5,0.08,0.67,-0.59,FALSE
10,48,female,9,new,a,0,3.851999999999976,76,38,-12,82,9,-7,34,28,6,36.037018,38.73843914,-2.701421131,-12,-7,-5,-0.17,0.62,-0.79,FALSE
10,48,female,10,new,a,0,5.550799999982132,75,51,-33,96,10,-31,31,25,6,46.30334761,52.92132525,-6.617977643,-33,-31,-2,-0.57,0.4,-0.97,FALSE
10,48,female,11,new,a,0,4.254400000005944,57,33,-39,75,10,-34,17,17,0,40.79215611,44.77350407,-3.981347961,-39,-34,-5,-0.53,0.23,-0.76,FALSE
10,48,female,12,new,b,1,2.1651000000238696,59,17,-45,75,4,-39,10.33333333,13.33333333,-3,42.71871825,47.00590979,-4.287191544,-45,-39,-6,-0.23,0.29,-0.52,FALSE
10,48,female,13,new,a,0,2.814300000011883,82,33,-22,91,7,-14,31,28,3,42.48136847,45.36518489,-2.883816424,-22,-14,-8,-0.07,0.6,-0.67,FALSE
10,48,female,14,new,b,1,5.159099999994055,70,31,-60,87,5,-51,13.66666667,13.66666667,0,54.46915539,56.6705881,-2.20143271,-60,-51,-9,-0.45,0.23,-0.68,FALSE
10,48,female,15,new,b,1,1.5694000000059989,56,39,-80,86,11,-73,5,8,-3,60.50344343,64.94613152,-4.442688096,-80,-73,-7,-0.67,-0.07,-0.6,FALSE
10,48,female,16,new,b,1,3.023799999982145,67,58,-29,93,49,-19,32,41,-9,43.28972164,46.07240678,-2.782685138,-29,-19,-10,-0.68,-0.26,-0.42,FALSE
10,48,female,17,new,b,1,4.251700000017877,75,60,-69,99,6,-66,22,13,9,64.63745044,67.54257916,-2.905128718,-69,-66,-3,-0.68,0.15,-0.83,FALSE
10,48,female,18,new,b,1,6.0190000000000055,58,27,-28,78,17,-20,19,25,-6,35.56215217,40.40627014,-4.844117975,-28,-20,-8,-0.33,0.29,-0.62,FALSE
10,48,female,19,new,a,0,3.518300000011948,84,38,-47,98,2,-43,25,19,6,54.26478293,58.80476171,-4.53997878,-47,-43,-4,-0.35,0.41,-0.76,FALSE
10,48,female,20,new,b,1,3.019199999988075,40,34,-14,62,29,-4,20,29,-9,24.16609195,26.94438717,-2.778295223,-14,-4,-10,-0.67,0,-0.67,FALSE
10,48,female,21,new,b,1,4.652500000000032,66,55,-73,97,23,-63,16,19,-3,63.09252465,65.38093504,-2.28841039,-73,-63,-10,-0.69,-0.09,-0.6,FALSE
10,48,female,22,new,b,1,1.936999999999955,45,40,-49,77,30,-44,12,21,-9,43.18178628,49.80629144,-6.624505153,-49,-44,-5,-0.7,-0.27,-0.43,FALSE
10,48,female,23,new,b,1,3.1568000000119127,65,35,-38,81,15,-34,20.66666667,20.66666667,0,43.25377312,47.1192341,-3.865460983,-38,-34,-4,-0.46,0.18,-0.64,FALSE
10,48,female,24,new,b,1,2.7073999999761327,62,43,-86,99,27,-80,6.333333333,15.33333333,-9,65.74867975,73.54061614,-7.79193639,-86,-80,-6,-0.66,-0.23,-0.43,FALSE
10,48,female,25,new,b,1,2.718999999999994,74,29,-58,96,13,-55,15,18,-3,54.79051013,61.74679479,-6.956284661,-58,-55,-3,-0.37,0.12,-0.49,FALSE
10,48,female,26,new,a,0,3.4132000000178664,94,45,-8,97,10,-3,43.66666667,34.66666667,9,41.65199742,44.39469438,-2.74269696,-8,-3,-5,-0.05,0.66,-0.71,FALSE
10,48,female,27,new,b,1,8.115500000000054,73,35,-13,82,8,-4,31.66666667,28.66666667,3,35.18838192,38.02922853,-2.840846604,-13,-4,-9,-0.14,0.65,-0.79,FALSE
10,48,female,28,new,b,1,2.434300000011888,35,19,-36,66,5,-26,6,15,-9,30.40833219,38.21866909,-7.810336894,-36,-26,-10,-0.56,0.37,-0.93,FALSE
10,48,female,29,new,a,0,2.9599000000059164,61,33,-4,66,7,-1,30,24,6,26.62079388,29.87752779,-3.25673391,-4,-1,-3,-0.17,0.67,-0.84,FALSE
10,48,female,30,new,b,1,1.8254999999999768,73,32,-44,95,17,-42,20.33333333,23.33333333,-3,48.47221426,56.10902086,-7.6368066,-44,-42,-2,-0.35,0.17,-0.52,FALSE
10,48,female,31,new,b,1,4.455499999999972,62,55,-78,93,7,-70,13,10,3,64.41014413,66.57827473,-2.168130606,-78,-70,-8,-0.7,0.07,-0.77,FALSE
10,48,female,32,new,b,1,2.639800000011917,76,31,-39,96,19,-29,22.66666667,28.66666667,-6,47.31689856,51.48678363,-4.169885078,-39,-29,-10,-0.26,0.28,-0.54,FALSE
10,48,female,33,new,b,1,1.7240999999940527,82,41,-36,94,3,-28,29,23,6,48.91489207,51.77515492,-2.860262842,-36,-28,-8,-0.35,0.52,-0.87,FALSE
10,48,female,34,new,a,0,18.17819999998801,67,34,-14,82,3,-7,29,26,3,33.2565783,39.80787192,-6.551293622,-14,-7,-7,-0.22,0.67,-0.89,FALSE
10,48,female,35,new,b,1,4.139400000006049,60,59,-71,98,2,-61,16,13,3,61.51964456,65.37583651,-3.856191956,-71,-61,-10,-0.71,0.25,-0.96,FALSE
10,48,female,36,new,b,1,6.966699999988123,51,25,-16,72,5,-8,20,23,-3,27.58018612,35.05234181,-7.47215569,-16,-8,-8,-0.27,0.63,-0.9,FALSE
10,48,female,37,new,b,1,2.247500000000059,72,24,-26,91,16,-19,23.33333333,29.33333333,-6,40.01110957,45.88633299,-5.875223425,-26,-19,-7,-0.02,0.41,-0.43,FALSE
10,48,female,38,new,b,1,2.5015999999941414,74,56,-98,99,2,-96,10.66666667,1.666666667,9,77.18952145,79.60876557,-2.4192441160000002,-98,-96,-2,-0.68,-0.01,-0.67,FALSE
10,48,female,39,new,a,0,2.381000000000085,59,53,-70,91,2,-60,14,11,3,59.44745579,61.97311245,-2.525656659,-70,-60,-10,-0.7,0.21,-0.91,FALSE
10,48,female,40,new,b,1,2.7725999999941,56,49,-15,84,31,-7,30,36,-6,31.94787421,37.31844941,-5.370575202,-15,-7,-8,-0.68,0.2,-0.88,FALSE
10,48,female,41,new,b,1,1.5223999999761872,59,34,-23,76,30,-18,23.33333333,29.33333333,-6,34.31552936,38.37823457,-4.062705208,-23,-18,-5,-0.44,-0.03,-0.41,FALSE
10,48,female,42,new,a,0,2.9880000000000564,83,36,-11,86,2,-7,36,27,9,38.3753393,41.88078318,-3.505443879,-11,-7,-4,0,0.68,-0.68,FALSE
10,48,female,0,old,b,1,2.655099999994036,92,2,-70,66,50,-65,8,17,-9,66.2721661,58.34952156,7.92264454,-70,-65,-5,0.14,-0.67,0.81,FALSE
10,48,female,1,old,b,1,2.2829999999999018,79,13,-40,74,33,-37,17.33333333,23.33333333,-6,48.67808085,45.82818153,2.849899325,-40,-37,-3,0.13,-0.31,0.44,FALSE
10,48,female,2,old,a,0,4.029600000023834,46,30,-55,47,6,-50,7,1,6,44.32456054,39.75759885,4.566961681,-55,-50,-5,-0.64,-0.19,-0.45,FALSE
10,48,female,3,old,b,1,1.4953000000118664,82,11,-76,60,51,-67,5.666666667,14.66666667,-9,64.61338011,57.86382482,6.749555292,-76,-67,-9,-0.12,-0.69,0.57,FALSE
10,48,female,4,old,b,1,1.6409000000058995,53,40,-11,50,25,-2,27.33333333,24.33333333,3,27.62044331,21.23414441,6.386298903,-11,-2,-9,-0.59,-0.05,-0.54,FALSE
10,48,female,5,old,b,1,2.375099999993949,46,32,-39,42,9,-30,13,7,6,37.21110945,29.42787794,7.783231513,-39,-30,-9,-0.63,-0.1,-0.53,FALSE
10,48,female,6,old,b,1,2.742400000005887,58,38,-11,53,25,-2,28.33333333,25.33333333,3,28.98658694,22.45489306,6.531693879,-11,-2,-9,-0.46,0.02,-0.48,FALSE
10,48,female,7,old,b,1,1.7893999999761263,79,64,-29,81,28,-22,38,29,9,47.77028365,42.05551886,5.714764789,-29,-22,-7,-0.66,0.04,-0.7,FALSE
10,48,female,8,old,a,0,2.1531999999880327,91,79,-11,99,39,-6,53,44,9,45.51922671,43.01162634,2.507600372,-11,-6,-5,-0.67,0.17,-0.84,FALSE
10,48,female,9,old,b,1,3.910000000000082,79,40,-26,73,13,-20,31,22,9,43.33589736,38.49675311,4.83914425,-26,-20,-6,-0.3,0.34,-0.64,FALSE
10,48,female,10,old,a,0,4.206599999994069,57,19,-12,42,29,-7,21.33333333,21.33333333,0,28.21740991,20.72572208,7.491687838,-12,-7,-5,0.12,-0.5,0.62,FALSE
10,48,female,11,old,a,0,2.4105999999940195,74,21,-46,56,42,-40,16.33333333,19.33333333,-3,49.10080334,42.34251869,6.758284654,-46,-40,-6,-0.14,-0.65,0.51,FALSE
10,48,female,12,old,b,1,1.774099999994064,79,63,-12,80,36,-4,43.33333333,37.33333333,6,39.6680672,34.30581421,5.362252988,-12,-4,-8,-0.62,0.06,-0.68,FALSE
10,48,female,13,old,b,1,1.825200000017844,85,24,-45,67,54,-39,21.33333333,27.33333333,-6,53.10576449,47.20404879,5.901715701,-45,-39,-6,-0.08,-0.67,0.59,FALSE
10,48,female,14,old,b,1,1.2568000000119357,91,22,-54,72,61,-47,19.66666667,28.66666667,-9,59.21899095,53.69254035,5.526450601,-54,-47,-7,-0.06,-0.68,0.62,FALSE
10,48,female,15,old,b,1,1.7362000000179023,77,69,-21,82,39,-14,41.66666667,35.66666667,6,44.43222054,39.26264835,5.16957219,-21,-14,-7,-0.69,-0.13,-0.56,FALSE
10,48,female,16,old,b,1,4.719199999988064,99,52,-13,90,75,-9,46,52,-6,45.92022067,43.56604182,2.354178852,-13,-9,-4,-0.19,-0.64,0.45,FALSE
10,48,female,17,old,b,1,3.472500000000082,73,52,-43,84,13,-33,27.33333333,21.33333333,6,50.4667107,48.12714642,2.339564283,-43,-33,-10,-0.62,0.25,-0.87,FALSE
10,48,female,18,old,b,1,2.040099999994027,65,13,-18,61,36,-10,20,29,-9,34.24422092,29.40521496,4.839005967,-18,-10,-8,0.3,-0.34,0.64,FALSE
10,48,female,19,old,b,1,3.525400000006016,63,16,-47,44,40,-43,10.66666667,13.66666667,-3,45.0653846,40.10264608,4.962738522,-47,-43,-4,-0.18,-0.7,0.52,FALSE
10,48,female,20,old,b,1,7.126400000006015,98,58,-16,96,41,-6,46.66666667,43.66666667,3,47.22522866,41.6839964,5.541232266,-16,-6,-10,-0.35,0.1,-0.45,FALSE
10,48,female,21,old,a,0,2.320399999976189,79,16,-61,58,42,-57,11.33333333,14.33333333,-3,57.24993935,50.86146762,6.388471726,-61,-57,-4,-0.12,-0.65,0.53,FALSE
10,48,female,22,old,b,1,2.4565999999940686,64,62,-48,70,29,-39,26,20,6,52.33227175,44.95182607,7.380445685,-48,-39,-9,-0.71,-0.29,-0.42,FALSE
10,48,female,23,old,b,1,2.456199999988144,85,68,-15,91,43,-5,46,43,3,43.68828981,39.19183588,4.496453927,-15,-5,-10,-0.63,0,-0.63,FALSE
10,48,female,24,old,b,1,2.3249000000059823,96,19,-78,77,43,-74,12.33333333,15.33333333,-3,71.19144768,64.67525716,6.516190515,-78,-74,-4,-0.14,-0.56,0.42,FALSE
10,48,female,25,old,b,1,1.5394999999999754,48,21,-20,41,36,-10,16.33333333,22.33333333,-6,27.95631513,22.9540604,5.002254727,-20,-10,-10,-0.25,-0.68,0.43,FALSE
10,48,female,26,old,b,1,2.2414000000059104,48,3,-24,46,23,-15,9,18,-9,29.69848481,25.15286597,4.545618837,-24,-15,-9,0.29,-0.29,0.58,FALSE
10,48,female,27,old,b,1,1.8995999999940525,60,5,-41,53,30,-32,8,17,-9,41.28760912,35.89800366,5.389605459,-41,-32,-9,0.11,-0.5,0.61,FALSE
10,48,female,28,old,b,1,1.3830000000000382,98,42,-26,70,68,-24,38,38,0,50.70174224,43.84822307,6.853519172,-26,-24,-2,-0.12,-0.71,0.59,FALSE
10,48,female,29,old,b,1,3.455699999988042,59,9,-67,40,31,-61,0.333333333,3.333333333,-3,51.80304581,45.63867755,6.164368259,-67,-61,-6,-0.25,-0.69,0.44,FALSE
10,48,female,30,old,b,1,2.8054000000059887,70,57,-28,78,40,-19,33,33,0,43.45879274,39.90822806,3.550564686,-28,-19,-9,-0.66,-0.26,-0.4,FALSE
10,48,female,31,old,b,1,2.2580999999941014,65,57,-40,69,18,-32,27.33333333,18.33333333,9,47.72374205,41.23375101,6.489991045,-40,-32,-8,-0.69,0.01,-0.7,FALSE
10,48,female,32,old,a,0,2.8249000000059823,80,43,-35,75,18,-32,29.33333333,20.33333333,9,47.93282336,43.71371511,4.219108251,-35,-32,-3,-0.4,0.08,-0.48,FALSE
10,48,female,33,old,b,1,3.638099999994097,87,78,-16,94,52,-6,49.66666667,46.66666667,3,46.57848812,40.99864496,5.579843156,-16,-6,-10,-0.69,-0.19,-0.5,FALSE
10,48,female,34,old,a,0,2.3734000000059723,82,31,-53,64,62,-48,20,26,-6,55.6596802,52.33227175,3.327408449,-53,-48,-5,-0.29,-0.71,0.42,FALSE
10,48,female,35,old,b,1,1.5564999999999145,56,8,-52,40,33,-43,4,10,-6,44.18144407,37.58545818,6.595985888,-52,-43,-9,-0.14,-0.69,0.55,FALSE
10,48,female,36,old,b,1,1.8424999999999727,57,44,-13,53,29,-3,29.33333333,26.33333333,3,30.40102337,22.93953405,7.461489329,-13,-3,-10,-0.61,-0.17,-0.44,FALSE
10,48,female,38,old,a,0,1.391199999988089,61,12,-35,44,34,-31,12.66666667,15.66666667,-3,39.19467084,33.24989557,5.944775267,-35,-31,-4,0.03,-0.66,0.69,FALSE
10,48,female,39,old,a,0,2.839599999993993,70,51,-43,75,10,-34,26,17,9,49.40310382,44.77350407,4.629599747,-43,-34,-9,-0.63,0.23,-0.86,FALSE
10,48,female,40,old,b,1,2.5740999999940186,78,43,-10,60,54,-3,37,37,0,36.17549815,28.39013913,7.785359021,-10,-3,-7,-0.24,-0.68,0.44,FALSE
10,48,female,41,old,b,1,3.272299999982124,53,8,-35,40,19,-33,8.666666667,8.666666667,0,35.92894222,30.68477726,5.244164957,-35,-33,-2,0.03,-0.47,0.5,FALSE
10,48,female,42,old,b,1,3.4189999999999827,74,5,-55,57,19,-52,8,8,0,52.70673581,45.17373868,7.532997129,-55,-52,-3,0.09,-0.35,0.44,FALSE
10,48,female,0,new,a,0,3.5761999999880345,75,48,-36,95,7,-33,29,23,6,47.26520919,53.46650042,-6.201291223,-36,-33,-3,-0.54,0.42,-0.96,FALSE
10,48,female,1,new,a,0,2.274200000017913,44,31,-57,70,16,-50,6,12,-6,44.86275367,49.07137659,-4.208622918,-57,-50,-7,-0.66,-0.12,-0.54,FALSE
10,48,female,2,new,b,1,2.457400000005918,86,41,-34,96,4,-25,31,25,6,49.49747468,51.58165048,-2.084175801,-34,-25,-9,-0.29,0.54,-0.83,FALSE
10,48,female,3,new,b,1,1.4904999999999973,73,23,-91,92,2,-89,1.666666667,1.666666667,0,68.63105873,73.89331649,-5.262257764,-91,-89,-2,-0.44,-0.01,-0.43,FALSE
10,48,female,4,new,b,1,1.4739000000059832,72,42,-20,78,6,-17,31.33333333,22.33333333,9,38.30868773,40.46672158,-2.158033852,-20,-17,-3,-0.4,0.54,-0.94,FALSE
10,48,female,5,new,a,0,2.73809999999412,68,52,-62,94,9,-54,19.33333333,16.33333333,3,57.88110419,60.64285247,-2.761748279,-62,-54,-8,-0.67,0.18,-0.85,FALSE
10,48,female,6,new,b,1,1.3744000000059486,89,36,-51,98,7,-49,24.66666667,18.66666667,6,57.71385353,60.5768566,-2.863003074,-51,-49,-2,-0.29,0.28,-0.57,FALSE
10,48,female,7,new,b,1,2.9061999999880754,54,34,-67,84,8,-62,7,10,-3,52.95910372,59.62102537,-6.661921656,-67,-62,-5,-0.63,0.05,-0.68,FALSE
10,48,female,8,new,a,0,2.972299999982056,71,38,-70,91,1,-62,13,10,3,60.21627687,62.78534861,-2.56907174,-70,-62,-8,-0.55,0.21,-0.76,FALSE
10,48,female,9,new,a,0,4.002199999988079,58,27,-46,74,5,-40,13,13,0,43.59663596,46.88283268,-3.286196723,-46,-40,-6,-0.45,0.25,-0.7,FALSE
10,48,female,10,new,b,1,2.0594999999999573,68,60,-38,99,37,-28,30,36,-6,48.19405219,51.85235449,-3.658302303,-38,-28,-10,-0.69,-0.03,-0.66,FALSE
10,48,female,11,new,b,1,1.363199999988069,42,23,-11,63,18,-9,18,24,-6,21.92411154,29.69848481,-7.774373273,-11,-9,-2,-0.33,0.29,-0.62,FALSE
10,48,female,12,new,a,0,4.987100000023816,43,31,-49,75,8,-40,8.333333333,14.33333333,-6,40.83571422,47.16166051,-6.325946295,-49,-40,-9,-0.66,0.2,-0.86,FALSE
10,48,female,13,new,b,1,3.3394000000059805,73,53,-41,99,7,-39,28.33333333,22.33333333,6,49.70133019,57.37207993,-7.670749745,-41,-39,-2,-0.62,0.38,-1,FALSE
10,48,female,14,new,b,1,2.2605000000000928,88,50,-27,96,11,-23,37,28,9,47.84001115,50.04664491,-2.206633761,-27,-23,-4,-0.39,0.47,-0.86,FALSE
10,48,female,15,new,b,1,1.572499999999991,80,38,-19,90,6,-15,33,27,6,40.57092555,45.36518489,-4.794259339,-19,-15,-4,-0.18,0.6,-0.78,FALSE
10,48,female,16,new,a,0,2.780300000011948,56,21,-48,76,2,-40,9.666666667,12.66666667,-3,43.20750964,47.95368136,-4.74617172,-48,-40,-8,-0.38,0.32,-0.7,FALSE
10,48,female,17,new,a,0,4.08869999998808,79,50,-10,95,17,-2,39.66666667,36.66666667,3,37.06151043,41.97088938,-4.90937895,-10,-2,-8,-0.4,0.6,-1,FALSE
10,48,female,18,new,b,1,2.5558000000119137,38,17,-31,62,16,-27,8,17,-9,28.87905816,36.34097779,-7.461919633,-31,-27,-4,-0.44,0.04,-0.48,FALSE
10,48,female,19,new,b,1,1.2530000000000427,69,50,-40,89,13,-32,26.33333333,23.33333333,3,47.54179448,49.93551397,-2.393719493,-40,-32,-8,-0.62,0.3,-0.92,FALSE
10,48,female,20,new,b,1,3.0203999999762345,73,45,-52,99,1,-43,22,19,3,53.55993528,59.35205697,-5.792121696,-52,-43,-9,-0.56,0.43,-0.99,FALSE
10,48,female,21,new,b,1,1.322999999999979,69,45,-22,90,19,-17,30.66666667,30.66666667,0,38.50829636,44.45472103,-5.94642467,-22,-17,-5,-0.51,0.38,-0.89,FALSE
10,48,female,22,new,b,1,1.871099999994044,80,48,-26,89,7,-21,34,25,9,44.39219151,46.6761895,-2.283997999,-26,-21,-5,-0.44,0.52,-0.96,FALSE
10,48,female,23,new,b,1,1.4580999999940332,31,25,-52,57,4,-48,1.333333333,4.333333333,-3,37.79182745,42.86671851,-5.074891054,-52,-48,-4,-0.69,0.01,-0.7,FALSE
10,48,female,24,new,b,1,1.7583999999761772,32,24,-44,60,15,-36,4,13,-9,34.09789827,39.2173431,-5.119444829,-44,-36,-8,-0.68,-0.08,-0.6,FALSE
10,48,female,25,new,b,1,1.4738999999760836,59,30,-17,77,20,-7,24,30,-6,31.31559782,35.0142828,-3.698684983,-17,-7,-10,-0.28,0.41,-0.69,FALSE
10,48,female,26,new,b,1,1.7350000000000136,66,47,-58,95,21,-52,18.33333333,21.33333333,-3,54.53031777,60.01296156,-5.482643798,-58,-52,-6,-0.64,0.01,-0.65,FALSE
10,48,female,27,new,a,0,2.359300000011899,72,24,-83,93,6,-77,4.333333333,7.333333333,-3,64.78854494,69.40861298,-4.620068037,-83,-77,-6,-0.43,0.03,-0.46,FALSE
10,48,female,28,new,b,1,5.008500000000026,86,32,-13,90,5,-8,35,29,6,40.47221269,43.45879274,-2.986580053,-13,-8,-5,0.11,0.66,-0.55,FALSE
10,48,female,29,new,b,1,1.6619000000059714,87,54,-16,96,14,-12,41.66666667,32.66666667,9,42.94440851,46.02414825,-3.079739742,-16,-12,-4,-0.41,0.54,-0.95,FALSE
10,48,female,30,new,b,1,2.568099999994047,82,49,-19,98,16,-11,37.33333333,34.33333333,3,42.05023451,46.34891824,-4.298683734,-19,-11,-8,-0.39,0.53,-0.92,FALSE
10,48,female,31,new,b,1,1.1905000000000427,54,51,-50,87,14,-46,18.33333333,18.33333333,0,48.33448274,54.3834125,-6.048929759,-50,-46,-4,-0.71,0.12,-0.83,FALSE
10,48,female,32,new,a,0,3.8482000000178687,53,40,-78,88,6,-70,5,8,-3,58.92933621,64.51873113,-5.589394916,-78,-70,-8,-0.68,0.05,-0.73,FALSE
10,48,female,33,new,b,1,2.8267000000179223,37,15,-44,59,10,-34,2.666666667,11.66666667,-9,34.19876541,37.9853773,-3.786611894,-44,-34,-10,-0.49,0.07,-0.56,FALSE
10,48,female,34,new,a,0,1.479799999982106,47,44,-54,78,9,-50,12.33333333,12.33333333,0,46.92073695,52.3089115,-5.388174553,-54,-50,-4,-0.7,0.1,-0.8,FALSE
10,48,female,35,new,a,0,4.982900000005998,49,45,-36,87,24,-26,19.33333333,28.33333333,-9,39.16063783,46.23370584,-7.073068005,-36,-26,-10,-0.7,0.14,-0.84,FALSE
10,48,female,36,new,b,1,3.2029999999999745,45,26,-62,73,18,-55,3,12,-9,46.61187259,52.42772803,-5.815855439,-62,-55,-7,-0.62,-0.17,-0.45,FALSE
10,48,female,37,new,b,1,4.474299999982122,62,44,-43,91,27,-37,21,27,-6,45.84757355,52.25578118,-6.408207634,-43,-37,-6,-0.63,0,-0.63,FALSE
10,48,female,38,new,a,0,2.2204000000059523,85,51,-7,92,14,-4,43,34,9,37.98245209,41.66533331,-3.682881223,-7,-4,-3,-0.31,0.61,-0.92,FALSE
10,48,female,39,new,a,0,3.852099999994039,78,57,-50,98,6,-46,28.33333333,19.33333333,9,56.04958123,59.5389695,-3.489388273,-50,-46,-4,-0.63,0.32,-0.95,FALSE
10,48,female,40,new,a,0,2.8540999999939918,44,36,-47,66,12,-45,11,11,0,41.14203041,45.32107677,-4.17904636,-47,-45,-2,-0.69,-0.03,-0.66,FALSE
10,48,female,41,new,b,1,1.0890000000000557,38,36,-51,71,20,-41,7.666666667,16.66666667,-9,41.49163236,45.78451946,-4.292887105,-51,-41,-10,-0.71,-0.11,-0.6,FALSE
11,56,female,0,new,a,0,8.37990000000599,75,51,-33,96,10,-31,31,25,6,46.30334761,52.92132525,-6.617977643,-33,-31,-2,-0.57,0.4,-0.97,FALSE
11,56,female,1,new,a,0,5.093000000000018,61,33,-4,66,7,-1,30,24,6,26.62079388,29.87752779,-3.25673391,-4,-1,-3,-0.17,0.67,-0.84,FALSE
11,56,female,2,new,a,0,5.658999999999992,62,55,-78,93,7,-70,13,10,3,64.41014413,66.57827473,-2.168130606,-78,-70,-8,-0.7,0.07,-0.77,FALSE
11,56,female,3,new,a,0,6.466100000001518,63,62,-52,88,34,-49,24.33333333,24.33333333,0,53.97736151,56.34615239,-2.368790878,-52,-49,-3,-0.71,-0.25,-0.46,FALSE
11,56,female,4,new,a,0,7.400399999998513,82,33,-22,91,7,-14,31,28,3,42.48136847,45.36518489,-2.883816424,-22,-14,-8,-0.07,0.6,-0.67,FALSE
11,56,female,5,new,b,1,3.349200000003009,72,24,-26,91,16,-19,23.33333333,29.33333333,-6,40.01110957,45.88633299,-5.875223425,-26,-19,-7,-0.02,0.41,-0.43,FALSE
11,56,female,7,new,b,1,8.373999999999967,57,33,-39,75,10,-34,17,17,0,40.79215611,44.77350407,-3.981347961,-39,-34,-5,-0.53,0.23,-0.76,FALSE
11,56,female,8,new,a,0,2.4227999999970398,71,36,-38,93,11,-35,23,23,0,45.43860326,52.94021786,-7.501614591,-38,-35,-3,-0.41,0.33,-0.74,FALSE
11,56,female,9,new,b,1,2.57189999999855,65,61,-27,97,23,-21,33,33,0,42.45782221,48.68949236,-6.231670156,-27,-21,-6,-0.7,0.3,-1,FALSE
11,56,female,10,new,a,0,2.595299999996996,83,36,-11,86,2,-7,36,27,9,38.3753393,41.88078318,-3.505443879,-11,-7,-4,0,0.68,-0.68,FALSE
11,56,female,11,new,b,1,5.772700000002942,66,55,-73,97,23,-63,16,19,-3,63.09252465,65.38093504,-2.28841039,-73,-63,-10,-0.69,-0.09,-0.6,FALSE
11,56,female,12,new,b,1,1.733000000000004,67,58,-29,93,49,-19,32,41,-9,43.28972164,46.07240678,-2.782685138,-29,-19,-10,-0.68,-0.26,-0.42,FALSE
11,56,female,13,new,b,1,3.942899999998531,35,19,-36,66,5,-26,6,15,-9,30.40833219,38.21866909,-7.810336894,-36,-26,-10,-0.56,0.37,-0.93,FALSE
11,56,female,14,new,b,1,3.0082000000030007,62,43,-86,99,27,-80,6.333333333,15.33333333,-9,65.74867975,73.54061614,-7.79193639,-86,-80,-6,-0.66,-0.23,-0.43,FALSE
11,56,female,15,new,b,1,2.699700000002963,40,34,-14,62,29,-4,20,29,-9,24.16609195,26.94438717,-2.778295223,-14,-4,-10,-0.67,0,-0.67,FALSE
11,56,female,16,new,b,1,1.6309000000059657,84,38,-47,98,2,-43,25,19,6,54.26478293,58.80476171,-4.53997878,-47,-43,-4,-0.35,0.41,-0.76,FALSE
11,56,female,17,new,a,0,2.319000000000017,94,45,-8,97,10,-3,43.66666667,34.66666667,9,41.65199742,44.39469438,-2.74269696,-8,-3,-5,-0.05,0.66,-0.71,FALSE
11,56,female,18,new,b,1,6.299700000002986,62,41,-30,88,24,-21,24.33333333,30.33333333,-6,39.36439452,44.723844,-5.359449486,-30,-21,-9,-0.56,0.21,-0.77,FALSE
11,56,female,19,new,a,0,2.398899999998548,76,38,-12,82,9,-7,34,28,6,36.037018,38.73843914,-2.701421131,-12,-7,-5,-0.17,0.62,-0.79,FALSE
11,56,female,20,new,a,0,4.164700000002995,85,45,-46,95,4,-42,28,19,9,54.81483984,56.92685365,-2.112013812,-46,-42,-4,-0.44,0.38,-0.82,FALSE
11,56,female,21,new,b,1,2.381399999998507,76,31,-39,96,19,-29,22.66666667,28.66666667,-6,47.31689856,51.48678363,-4.169885078,-39,-29,-10,-0.26,0.28,-0.54,FALSE
11,56,female,22,new,b,1,4.007600000001503,56,39,-80,86,11,-73,5,8,-3,60.50344343,64.94613152,-4.442688096,-80,-73,-7,-0.67,-0.07,-0.6,FALSE
11,56,female,23,new,a,0,4.153999999999996,60,59,-71,98,2,-61,16,13,3,61.51964456,65.37583651,-3.856191956,-71,-61,-10,-0.71,0.25,-0.96,FALSE
11,56,female,24,new,b,1,1.8444999999999825,67,34,-14,82,3,-7,29,26,3,33.2565783,39.80787192,-6.551293622,-14,-7,-7,-0.22,0.67,-0.89,FALSE
11,56,female,25,new,b,1,2.7162000000029707,75,60,-69,99,6,-66,22,13,9,64.63745044,67.54257916,-2.905128718,-69,-66,-3,-0.68,0.15,-0.83,FALSE
11,56,female,26,new,b,1,2.147899999998515,45,40,-49,77,30,-44,12,21,-9,43.18178628,49.80629144,-6.624505153,-49,-44,-5,-0.7,-0.27,-0.43,FALSE
11,56,female,27,new,b,1,2.419200000002945,73,32,-44,95,17,-42,20.33333333,23.33333333,-3,48.47221426,56.10902086,-7.6368066,-44,-42,-2,-0.35,0.17,-0.52,FALSE
11,56,female,28,new,b,1,2.307699999995521,59,53,-70,91,2,-60,14,11,3,59.44745579,61.97311245,-2.525656659,-70,-60,-10,-0.7,0.21,-0.91,FALSE
11,56,female,29,new,b,1,1.2216999999955078,41,39,-29,73,26,-21,17,26,-9,32.53715825,38.3753393,-5.838181059,-29,-21,-8,-0.71,0,-0.71,FALSE
11,56,female,30,new,b,1,2.204399999998543,70,31,-60,87,5,-51,13.66666667,13.66666667,0,54.46915539,56.6705881,-2.20143271,-60,-51,-9,-0.45,0.23,-0.68,FALSE
11,56,female,31,new,a,0,1.484899999998504,82,41,-36,94,3,-28,29,23,6,48.91489207,51.77515492,-2.860262842,-36,-28,-8,-0.35,0.52,-0.87,FALSE
11,56,female,32,new,b,1,1.3614999999999782,58,27,-28,78,17,-20,19,25,-6,35.56215217,40.40627014,-4.844117975,-28,-20,-8,-0.33,0.29,-0.62,FALSE
11,56,female,33,new,a,0,1.633299999997007,74,56,-98,99,2,-96,10.66666667,1.666666667,9,77.18952145,79.60876557,-2.4192441160000002,-98,-96,-2,-0.68,-0.01,-0.67,FALSE
11,56,female,34,new,b,1,2.0322000000030016,59,34,-23,76,30,-18,23.33333333,29.33333333,-6,34.31552936,38.37823457,-4.062705208,-23,-18,-5,-0.44,-0.03,-0.41,FALSE
11,56,female,35,new,b,1,1.577100000001508,56,49,-15,84,31,-7,30,36,-6,31.94787421,37.31844941,-5.370575202,-15,-7,-8,-0.68,0.2,-0.88,FALSE
11,56,female,36,new,b,1,2.4914999999999736,51,25,-16,72,5,-8,20,23,-3,27.58018612,35.05234181,-7.47215569,-16,-8,-8,-0.27,0.63,-0.9,FALSE
11,56,female,37,new,b,1,1.937999999999988,65,35,-38,81,15,-34,20.66666667,20.66666667,0,43.25377312,47.1192341,-3.865460983,-38,-34,-4,-0.46,0.18,-0.64,FALSE
11,56,female,38,new,b,1,3.065699999995502,74,29,-58,96,13,-55,15,18,-3,54.79051013,61.74679479,-6.956284661,-58,-55,-3,-0.37,0.12,-0.49,FALSE
11,56,female,39,new,b,1,2.2831999999955315,59,17,-45,75,4,-39,10.33333333,13.33333333,-3,42.71871825,47.00590979,-4.287191544,-45,-39,-6,-0.23,0.29,-0.52,FALSE
11,56,female,40,new,a,0,2.192600000001505,86,35,-10,92,6,-5,37,31,6,39.2173431,43.36665386,-4.149310754,-10,-5,-5,0.08,0.67,-0.59,FALSE
11,56,female,41,new,a,0,2.038000000000011,83,52,-36,96,9,-33,33,24,9,50.4050262,53.72150407,-3.31647787,-36,-33,-3,-0.51,0.4,-0.91,FALSE
11,56,female,42,new,b,1,1.5004999999999882,73,35,-13,82,8,-4,31.66666667,28.66666667,3,35.18838192,38.02922853,-2.840846604,-13,-4,-9,-0.14,0.65,-0.79,FALSE
11,56,female,0,old,b,1,2.999700000003031,67,19,-22,60,38,-16,21.33333333,27.33333333,-6,36.37153955,31.93048004,4.441059506,-22,-16,-6,0.1,-0.46,0.56,FALSE
11,56,female,1,old,a,0,2.316200000002937,97,58,-61,98,20,-51,31.33333333,22.33333333,9,67.20284386,60.85136719,6.351476665,-61,-51,-10,-0.53,0.06,-0.59,FALSE
11,56,female,2,old,b,1,2.283800000004476,88,17,-44,82,43,-37,20.33333333,29.33333333,-9,53.94029621,49.5333782,4.406918017,-44,-37,-7,0.09,-0.39,0.48,FALSE
11,56,female,3,old,b,1,1.2992999999970607,61,54,-82,79,11,-75,11,5,6,65.82299497,63.01322612,2.809768844,-82,-75,-7,-0.7,-0.14,-0.56,FALSE
11,56,female,4,old,a,0,1.0879999999999654,92,60,-21,99,43,-11,43.66666667,43.66666667,0,47.55581516,44.90978611,2.646029045,-21,-11,-10,-0.47,0.02,-0.49,FALSE
11,56,female,5,old,b,1,3.7930000000000064,67,11,-13,61,36,-5,21.66666667,30.66666667,-9,33.51948024,27.20702524,6.312455003,-13,-5,-8,0.45,-0.29,0.74,FALSE
11,56,female,6,old,a,0,1.8606000000014544,95,48,-30,71,67,-25,37.66666667,37.66666667,0,51.55148451,44.3421044,7.209380118,-30,-25,-5,-0.29,-0.7,0.41,FALSE
11,56,female,7,old,b,1,1.3113999999984571,56,42,-72,65,9,-66,8.666666667,2.666666667,6,57.32558087,53.66770185,3.657879018,-72,-66,-6,-0.68,-0.18,-0.5,FALSE
11,56,female,8,old,a,0,0.8352999999970052,77,25,-58,53,45,-54,14.66666667,14.66666667,0,55.59576323,48.66438351,6.93137972,-58,-54,-4,-0.27,-0.69,0.42,FALSE
11,56,female,9,old,b,1,0.5410999999941168,69,24,-23,60,43,-15,23.33333333,29.33333333,-6,37.56180093,32.10745846,5.454342465,-23,-15,-8,-0.03,-0.56,0.53,FALSE
11,56,female,10,old,a,0,0.903600000001461,93,58,-8,94,41,-1,47.66666667,44.66666667,3,41.87547678,38.87015422,3.005322563,-8,-1,-7,-0.36,0.14,-0.5,FALSE
11,56,female,11,old,a,0,2.422900000005938,98,41,-24,75,68,-19,38.33333333,41.33333333,-3,49.8419725,42.75771535,7.084257142,-24,-19,-5,-0.08,-0.69,0.61,FALSE
11,56,female,12,old,b,1,3.012899999998467,75,4,-67,57,43,-61,4,13,-9,57.97125725,52.63712252,5.334134731,-67,-61,-6,0,-0.67,0.67,FALSE
11,56,female,13,old,b,1,3.549400000005903,85,2,-81,57,52,-76,2,11,-9,67.76921622,61.55214591,6.217070303,-81,-76,-5,0,-0.7,0.7,FALSE
11,56,female,14,old,a,0,2.5990000000000464,99,51,-13,95,36,-3,45.66666667,42.66666667,3,45.87906809,40.28509512,5.59397297,-13,-3,-10,-0.17,0.24,-0.41,FALSE
11,56,female,15,old,b,1,3.315900000005968,94,70,-40,98,38,-30,41.33333333,35.33333333,6,58.33999962,52.2897908,6.050208816,-40,-30,-10,-0.62,-0.08,-0.54,FALSE
11,56,female,16,old,a,0,1.13250000000005,76,3,-64,59,38,-55,5,14,-9,57.17225434,49.53786431,7.634390037,-64,-55,-9,0.05,-0.61,0.66,FALSE
11,56,female,17,old,a,0,1.6749999999999543,80,72,-12,88,45,-2,46.66666667,43.66666667,3,41.61196409,36.7544404,4.857523695,-12,-2,-10,-0.69,-0.05,-0.64,FALSE
11,56,female,18,old,a,0,1.207399999998529,68,25,-12,60,2,-8,27,18,9,32.69046752,29.97776954,2.712697979,-12,-8,-4,0.09,0.65,-0.56,FALSE
11,56,female,19,old,b,1,2.3617999999970607,53,8,-34,41,23,-28,9,12,-3,35.52463934,29.22327839,6.301360944,-34,-28,-6,0.04,-0.51,0.55,FALSE
11,56,female,20,old,a,0,4.7650999999940495,93,64,-10,95,40,-6,49,43,6,43.36665386,41.28760912,2.079044738,-10,-6,-4,-0.48,0.11,-0.59,FALSE
11,56,female,21,old,a,0,3.22760000000153,74,43,-22,76,14,-13,31.66666667,25.66666667,6,40.00277768,37.25885428,2.743923402,-22,-13,-9,-0.4,0.44,-0.84,FALSE
11,56,female,22,old,a,0,2.21639999999843,80,10,-63,59,46,-60,9,15,-6,58.3837877,53.2979049,5.085882805,-63,-60,-3,-0.03,-0.68,0.65,FALSE
11,56,female,23,old,a,0,1.9243999999985133,90,44,-48,88,16,-45,28.66666667,19.66666667,9,57.37207993,54.3588897,3.013190235,-48,-45,-3,-0.38,0.1,-0.48,FALSE
11,56,female,24,old,a,0,2.4914999999999736,83,23,-56,70,49,-51,16.66666667,22.66666667,-6,56.92294987,52.7909925,4.131957375,-56,-51,-5,-0.17,-0.62,0.45,FALSE
11,56,female,25,old,b,1,3.319299999996929,55,15,-13,42,31,-7,19,22,-3,27.90459938,20.99206199,6.91253739,-13,-7,-6,0.21,-0.56,0.77,FALSE
11,56,female,26,old,a,0,1.4987000000030548,99,35,-16,88,50,-11,39.33333333,42.33333333,-3,47.0484384,40.77853466,6.269903738,-16,-11,-5,0.14,-0.28,0.42,FALSE
11,56,female,27,old,a,0,1.424100000001545,91,54,-88,96,14,-80,19,10,9,77.1535266,71.90734779,5.246178806,-88,-80,-8,-0.59,-0.08,-0.51,FALSE
11,56,female,28,old,a,0,1.5667000000030384,91,81,-24,99,44,-22,49.33333333,40.33333333,9,52.01495511,49.46603773,2.548917383,-24,-22,-2,-0.69,-0.11,-0.58,FALSE
11,56,female,29,old,a,0,1.022700000002942,63,2,-47,49,23,-45,6,9,-3,44.99629614,39.63163719,5.36465895,-47,-45,-2,0.13,-0.49,0.62,FALSE
11,56,female,30,old,b,1,0.9921999999955916,84,27,-36,73,4,-29,25,16,9,49.01020302,42.49705872,6.513144298,-36,-29,-7,-0.06,0.4,-0.46,FALSE
11,56,female,31,old,a,0,1.4054000000058977,83,50,-11,85,29,-1,40.66666667,37.66666667,3,38.93869826,35.64017708,3.298521182,-11,-1,-10,-0.35,0.35,-0.7,FALSE
11,56,female,33,old,a,0,0.980599999993956,88,33,-10,73,59,-3,37,43,-6,40.10818703,33.02524287,7.082944157,-10,-3,-7,0.15,-0.61,0.76,FALSE
11,56,female,34,old,a,0,1.1947000000029675,66,31,-13,68,19,-3,28,28,0,32.3213036,29.67602849,2.645275119,-13,-3,-10,-0.14,0.43,-0.57,FALSE
11,56,female,35,old,a,0,1.19860000000142,80,2,-60,69,30,-50,7.333333333,16.33333333,-9,57.27904406,49.5333782,7.745665868,-60,-50,-10,0.14,-0.39,0.53,FALSE
11,56,female,36,old,a,0,1.0596000000015238,93,31,-8,70,68,-4,38.66666667,44.66666667,-6,41.5879256,34.42221505,7.165710549,-8,-4,-4,0.27,-0.71,0.98,FALSE
11,56,female,37,old,b,1,1.052500000000009,64,24,-23,50,35,-20,21.66666667,21.66666667,0,35.55590278,30.09245014,5.463452634,-23,-20,-3,-0.1,-0.58,0.48,FALSE
11,56,female,38,old,a,0,1.6400999999940495,81,24,-16,74,4,-7,29.66666667,23.66666667,6,39.80228916,35.8732336,3.929055559,-16,-7,-9,0.21,0.66,-0.45,FALSE
11,56,female,39,old,a,0,1.3282999999969434,53,9,-17,37,30,-13,15,18,-3,28.89059824,22.10580618,6.784792065,-17,-13,-4,0.3,-0.65,0.95,FALSE
11,56,female,40,old,a,0,2.039899999998511,91,67,-10,95,46,-2,49.33333333,46.33333333,3,43.08389748,39.60078563,3.483111855,-10,-2,-8,-0.55,0.01,-0.56,FALSE
11,56,female,41,old,a,0,2.363800000004403,70,12,-66,45,34,-63,5.333333333,5.333333333,0,55.72152985,48.52719741,7.194332436,-66,-63,-3,-0.18,-0.68,0.5,FALSE
11,56,female,42,old,b,1,0.8555000000000064,91,75,-12,94,55,-4,51.33333333,48.33333333,3,45.25728916,40.28509512,4.97219404,-12,-4,-8,-0.64,-0.24,-0.4,FALSE
11,56,female,0,new,a,0,5.886000000000081,89,36,-51,98,7,-49,24.66666667,18.66666667,6,57.71385353,60.5768566,-2.863003074,-51,-49,-2,-0.29,0.28,-0.57,FALSE
11,56,female,1,new,b,1,6.112600000001407,54,34,-67,84,8,-62,7,10,-3,52.95910372,59.62102537,-6.661921656,-67,-62,-5,-0.63,0.05,-0.68,FALSE
11,56,female,2,new,a,0,2.24729999999704,85,51,-7,92,14,-4,43,34,9,37.98245209,41.66533331,-3.682881223,-7,-4,-3,-0.31,0.61,-0.92,FALSE
11,56,female,3,new,b,1,1.4862999999970723,32,24,-44,60,15,-36,4,13,-9,34.09789827,39.2173431,-5.119444829,-44,-36,-8,-0.68,-0.08,-0.6,FALSE
11,56,female,4,new,b,1,1.1763999999984662,66,47,-58,95,21,-52,18.33333333,21.33333333,-3,54.53031777,60.01296156,-5.482643798,-58,-52,-6,-0.64,0.01,-0.65,FALSE
11,56,female,5,new,a,0,2.104600000001483,72,42,-20,78,6,-17,31.33333333,22.33333333,9,38.30868773,40.46672158,-2.158033852,-20,-17,-3,-0.4,0.54,-0.94,FALSE
11,56,female,6,new,b,1,1.4607999999969934,44,31,-57,70,16,-50,6,12,-6,44.86275367,49.07137659,-4.208622918,-57,-50,-7,-0.66,-0.12,-0.54,FALSE
11,56,female,7,new,b,1,1.5037999999969998,44,36,-47,66,12,-45,11,11,0,41.14203041,45.32107677,-4.17904636,-47,-45,-2,-0.69,-0.03,-0.66,FALSE
11,56,female,8,new,b,1,1.1987000000029866,86,41,-34,96,4,-25,31,25,6,49.49747468,51.58165048,-2.084175801,-34,-25,-9,-0.29,0.54,-0.83,FALSE
11,56,female,9,new,b,1,3.4541000000015174,79,50,-10,95,17,-2,39.66666667,36.66666667,3,37.06151043,41.97088938,-4.90937895,-10,-2,-8,-0.4,0.6,-1,FALSE
11,56,female,10,new,b,1,3.091700000003016,37,15,-44,59,10,-34,2.666666667,11.66666667,-9,34.19876541,37.9853773,-3.786611894,-44,-34,-10,-0.49,0.07,-0.56,FALSE
11,56,female,11,new,b,1,1.743100000001391,62,44,-43,91,27,-37,21,27,-6,45.84757355,52.25578118,-6.408207634,-43,-37,-6,-0.63,0,-0.63,FALSE
11,56,female,12,new,b,1,1.205900000005954,31,25,-52,57,4,-48,1.333333333,4.333333333,-3,37.79182745,42.86671851,-5.074891054,-52,-48,-4,-0.69,0.01,-0.7,FALSE
11,56,female,13,new,b,1,1.5173000000044112,49,45,-36,87,24,-26,19.33333333,28.33333333,-9,39.16063783,46.23370584,-7.073068005,-36,-26,-10,-0.7,0.14,-0.84,FALSE
11,56,female,14,new,b,1,15.583200000002876,73,53,-41,99,7,-39,28.33333333,22.33333333,6,49.70133019,57.37207993,-7.670749745,-41,-39,-2,-0.62,0.38,-1,FALSE
11,56,female,15,new,b,1,1.6224999999999454,59,30,-17,77,20,-7,24,30,-6,31.31559782,35.0142828,-3.698684983,-17,-7,-10,-0.28,0.41,-0.69,FALSE
11,56,female,16,new,b,1,1.841000000000008,56,21,-48,76,2,-40,9.666666667,12.66666667,-3,43.20750964,47.95368136,-4.74617172,-48,-40,-8,-0.38,0.32,-0.7,FALSE
11,56,female,17,new,a,0,2.610700000003021,75,48,-36,95,7,-33,29,23,6,47.26520919,53.46650042,-6.201291223,-36,-33,-3,-0.54,0.42,-0.96,FALSE
11,56,female,18,new,b,1,4.623299999997016,72,24,-83,93,6,-77,4.333333333,7.333333333,-3,64.78854494,69.40861298,-4.620068037,-83,-77,-6,-0.43,0.03,-0.46,FALSE
11,56,female,19,new,b,1,0.9928000000045358,42,23,-11,63,18,-9,18,24,-6,21.92411154,29.69848481,-7.774373273,-11,-9,-2,-0.33,0.29,-0.62,FALSE
11,56,female,20,new,a,0,0.797899999998549,73,45,-52,99,1,-43,22,19,3,53.55993528,59.35205697,-5.792121696,-52,-43,-9,-0.56,0.43,-0.99,FALSE
11,56,female,21,new,a,0,2.2271999999954915,80,38,-19,90,6,-15,33,27,6,40.57092555,45.36518489,-4.794259339,-19,-15,-4,-0.18,0.6,-0.78,FALSE
11,56,female,22,new,a,0,1.4721999999956097,78,57,-50,98,6,-46,28.33333333,19.33333333,9,56.04958123,59.5389695,-3.489388273,-50,-46,-4,-0.63,0.32,-0.95,FALSE
11,56,female,23,new,b,1,1.3262000000029277,58,27,-46,74,5,-40,13,13,0,43.59663596,46.88283268,-3.286196723,-46,-40,-6,-0.45,0.25,-0.7,FALSE
11,56,female,24,new,a,0,2.765700000002994,69,45,-22,90,19,-17,30.66666667,30.66666667,0,38.50829636,44.45472103,-5.94642467,-22,-17,-5,-0.51,0.38,-0.89,FALSE
11,56,female,25,new,b,1,1.9814999999999827,73,23,-91,92,2,-89,1.666666667,1.666666667,0,68.63105873,73.89331649,-5.262257764,-91,-89,-2,-0.44,-0.01,-0.43,FALSE
11,56,female,26,new,b,1,0.914799999997058,53,40,-78,88,6,-70,5,8,-3,58.92933621,64.51873113,-5.589394916,-78,-70,-8,-0.68,0.05,-0.73,FALSE
11,56,female,27,new,b,1,1.080799999996998,38,36,-51,71,20,-41,7.666666667,16.66666667,-9,41.49163236,45.78451946,-4.292887105,-51,-41,-10,-0.71,-0.11,-0.6,FALSE
11,56,female,28,new,b,1,1.0188000000043758,47,44,-54,78,9,-50,12.33333333,12.33333333,0,46.92073695,52.3089115,-5.388174553,-54,-50,-4,-0.7,0.1,-0.8,FALSE
11,56,female,29,new,b,1,1.489699999995537,68,52,-62,94,9,-54,19.33333333,16.33333333,3,57.88110419,60.64285247,-2.761748279,-62,-54,-8,-0.67,0.18,-0.85,FALSE
11,56,female,30,new,b,1,1.688100000001441,38,17,-31,62,16,-27,8,17,-9,28.87905816,36.34097779,-7.461919633,-31,-27,-4,-0.44,0.04,-0.48,FALSE
11,56,female,31,new,b,1,1.0708000000045104,88,50,-27,96,11,-23,37,28,9,47.84001115,50.04664491,-2.206633761,-27,-23,-4,-0.39,0.47,-0.86,FALSE
11,56,female,32,new,b,1,1.0154999999999743,45,26,-62,73,18,-55,3,12,-9,46.61187259,52.42772803,-5.815855439,-62,-55,-7,-0.62,-0.17,-0.45,FALSE
11,56,female,33,new,b,1,0.840300000004504,69,50,-40,89,13,-32,26.33333333,23.33333333,3,47.54179448,49.93551397,-2.393719493,-40,-32,-8,-0.62,0.3,-0.92,FALSE
11,56,female,34,new,a,0,0.7497999999969807,80,48,-26,89,7,-21,34,25,9,44.39219151,46.6761895,-2.283997999,-26,-21,-5,-0.44,0.52,-0.96,FALSE
11,56,female,35,new,a,0,3.639499999999998,71,38,-70,91,1,-62,13,10,3,60.21627687,62.78534861,-2.56907174,-70,-62,-8,-0.55,0.21,-0.76,FALSE
11,56,female,36,new,b,1,3.0136000000014747,54,51,-50,87,14,-46,18.33333333,18.33333333,0,48.33448274,54.3834125,-6.048929759,-50,-46,-4,-0.71,0.12,-0.83,FALSE
11,56,female,37,new,b,1,2.116700000002993,68,60,-38,99,37,-28,30,36,-6,48.19405219,51.85235449,-3.658302303,-38,-28,-10,-0.69,-0.03,-0.66,FALSE
11,56,female,38,new,a,0,1.833799999997041,82,49,-19,98,16,-11,37.33333333,34.33333333,3,42.05023451,46.34891824,-4.298683734,-19,-11,-8,-0.39,0.53,-0.92,FALSE
11,56,female,39,new,a,0,0.801300000004403,43,31,-49,75,8,-40,8.333333333,14.33333333,-6,40.83571422,47.16166051,-6.325946295,-49,-40,-9,-0.66,0.2,-0.86,FALSE
11,56,female,40,new,a,0,0.925200000002974,87,54,-16,96,14,-12,41.66666667,32.66666667,9,42.94440851,46.02414825,-3.079739742,-16,-12,-4,-0.41,0.54,-0.95,FALSE
11,56,female,41,new,a,0,1.7098000000045204,86,32,-13,90,5,-8,35,29,6,40.47221269,43.45879274,-2.986580053,-13,-8,-5,0.11,0.66,-0.55,FALSE
11,56,female,0,old,a,0,1.3310999999940805,74,5,-55,57,19,-52,8,8,0,52.70673581,45.17373868,7.532997129,-55,-52,-3,0.09,-0.35,0.44,FALSE
11,56,female,1,old,b,1,0.9680000000000746,48,3,-24,46,23,-15,9,18,-9,29.69848481,25.15286597,4.545618837,-24,-15,-9,0.29,-0.29,0.58,FALSE
11,56,female,2,old,a,0,1.008599999993976,78,43,-10,60,54,-3,37,37,0,36.17549815,28.39013913,7.785359021,-10,-3,-7,-0.24,-0.68,0.44,FALSE
11,56,female,3,old,a,0,1.0246000000015556,77,69,-21,82,39,-14,41.66666667,35.66666667,6,44.43222054,39.26264835,5.16957219,-21,-14,-7,-0.69,-0.13,-0.56,FALSE
11,56,female,4,old,b,1,0.90949999999998,48,21,-20,41,36,-10,16.33333333,22.33333333,-6,27.95631513,22.9540604,5.002254727,-20,-10,-10,-0.25,-0.68,0.43,FALSE
11,56,female,5,old,a,0,1.461900000005926,46,30,-55,47,6,-50,7,1,6,44.32456054,39.75759885,4.566961681,-55,-50,-5,-0.64,-0.19,-0.45,FALSE
11,56,female,6,old,a,0,1.805399999998485,79,16,-61,58,42,-57,11.33333333,14.33333333,-3,57.24993935,50.86146762,6.388471726,-61,-57,-4,-0.12,-0.65,0.53,FALSE
11,56,female,7,old,a,0,1.9921000000014144,85,24,-45,67,54,-39,21.33333333,27.33333333,-6,53.10576449,47.20404879,5.901715701,-45,-39,-6,-0.08,-0.67,0.59,FALSE
11,56,female,8,old,a,0,1.6589999999999918,57,19,-12,42,29,-7,21.33333333,21.33333333,0,28.21740991,20.72572208,7.491687838,-12,-7,-5,0.12,-0.5,0.62,FALSE
11,56,female,9,old,a,0,1.9483999999985144,91,79,-11,99,39,-6,53,44,9,45.51922671,43.01162634,2.507600372,-11,-6,-5,-0.67,0.17,-0.84,FALSE
11,56,female,10,old,a,0,2.061899999998559,98,42,-26,70,68,-24,38,38,0,50.70174224,43.84822307,6.853519172,-26,-24,-2,-0.12,-0.71,0.59,FALSE
11,56,female,11,old,a,0,3.009899999998538,98,58,-16,96,41,-6,46.66666667,43.66666667,3,47.22522866,41.6839964,5.541232266,-16,-6,-10,-0.35,0.1,-0.45,FALSE
11,56,female,12,old,a,0,2.010099999994054,64,62,-48,70,29,-39,26,20,6,52.33227175,44.95182607,7.380445685,-48,-39,-9,-0.71,-0.29,-0.42,FALSE
11,56,female,13,old,a,0,0.9108999999984916,74,21,-46,56,42,-40,16.33333333,19.33333333,-3,49.10080334,42.34251869,6.758284654,-46,-40,-6,-0.14,-0.65,0.51,FALSE
11,56,female,14,old,a,0,1.7370999999940295,65,57,-40,69,18,-32,27.33333333,18.33333333,9,47.72374205,41.23375101,6.489991045,-40,-32,-8,-0.69,0.01,-0.7,FALSE
11,56,female,15,old,a,0,2.1124999999999545,53,40,-11,50,25,-2,27.33333333,24.33333333,3,27.62044331,21.23414441,6.386298903,-11,-2,-9,-0.59,-0.05,-0.54,FALSE
11,56,female,16,old,b,1,1.0136000000014749,63,16,-47,44,40,-43,10.66666667,13.66666667,-3,45.0653846,40.10264608,4.962738522,-47,-43,-4,-0.18,-0.7,0.52,FALSE
11,56,female,17,old,a,0,1.28910000000144,80,43,-35,75,18,-32,29.33333333,20.33333333,9,47.93282336,43.71371511,4.219108251,-35,-32,-3,-0.4,0.08,-0.48,FALSE
11,56,female,18,old,a,0,1.2742000000029066,91,22,-54,72,61,-47,19.66666667,28.66666667,-9,59.21899095,53.69254035,5.526450601,-54,-47,-7,-0.06,-0.68,0.62,FALSE
11,56,female,19,old,a,0,0.8812000000029911,87,78,-16,94,52,-6,49.66666667,46.66666667,3,46.57848812,40.99864496,5.579843156,-16,-6,-10,-0.69,-0.19,-0.5,FALSE
11,56,female,20,old,b,1,0.7990000000000919,56,8,-52,40,33,-43,4,10,-6,44.18144407,37.58545818,6.595985888,-52,-43,-9,-0.14,-0.69,0.55,FALSE
11,56,female,21,old,a,0,1.1341000000014674,61,12,-35,44,34,-31,12.66666667,15.66666667,-3,39.19467084,33.24989557,5.944775267,-35,-31,-4,0.03,-0.66,0.69,FALSE
11,56,female,22,old,b,1,1.208199999995486,79,63,-12,80,36,-4,43.33333333,37.33333333,6,39.6680672,34.30581421,5.362252988,-12,-4,-8,-0.62,0.06,-0.68,FALSE
11,56,female,24,old,b,1,2.373499999999922,79,13,-40,74,33,-37,17.33333333,23.33333333,-6,48.67808085,45.82818153,2.849899325,-40,-37,-3,0.13,-0.31,0.44,FALSE
11,56,female,25,old,a,0,0.7842000000030112,46,32,-39,42,9,-30,13,7,6,37.21110945,29.42787794,7.783231513,-39,-30,-9,-0.63,-0.1,-0.53,FALSE
11,56,female,26,old,a,0,1.242700000002969,82,31,-53,64,62,-48,20,26,-6,55.6596802,52.33227175,3.327408449,-53,-48,-5,-0.29,-0.71,0.42,FALSE
11,56,female,27,old,a,0,1.539600000001542,96,19,-78,77,43,-74,12.33333333,15.33333333,-3,71.19144768,64.67525716,6.516190515,-78,-74,-4,-0.14,-0.56,0.42,FALSE
11,56,female,28,old,a,0,1.5132999999971162,59,9,-67,40,31,-61,0.333333333,3.333333333,-3,51.80304581,45.63867755,6.164368259,-67,-61,-6,-0.25,-0.69,0.44,FALSE
11,56,female,29,old,b,1,1.1313999999985072,73,52,-43,84,13,-33,27.33333333,21.33333333,6,50.4667107,48.12714642,2.339564283,-43,-33,-10,-0.62,0.25,-0.87,FALSE
11,56,female,30,old,b,1,0.8776000000015074,65,13,-18,61,36,-10,20,29,-9,34.24422092,29.40521496,4.839005967,-18,-10,-8,0.3,-0.34,0.64,FALSE
11,56,female,31,old,a,0,1.432700000003024,79,40,-26,73,13,-20,31,22,9,43.33589736,38.49675311,4.83914425,-26,-20,-6,-0.3,0.34,-0.64,FALSE
11,56,female,32,old,b,1,1.5077000000029557,79,64,-29,81,28,-22,38,29,9,47.77028365,42.05551886,5.714764789,-29,-22,-7,-0.66,0.04,-0.7,FALSE
11,56,female,33,old,a,0,1.4913000000044576,85,68,-15,91,43,-5,46,43,3,43.68828981,39.19183588,4.496453927,-15,-5,-10,-0.63,0,-0.63,FALSE
11,56,female,34,old,b,1,1.209600000001501,60,5,-41,53,30,-32,8,17,-9,41.28760912,35.89800366,5.389605459,-41,-32,-9,0.11,-0.5,0.61,FALSE
11,56,female,35,old,a,0,3.1580000000000155,57,44,-13,53,29,-3,29.33333333,26.33333333,3,30.40102337,22.93953405,7.461489329,-13,-3,-10,-0.61,-0.17,-0.44,FALSE
11,56,female,36,old,a,0,2.1575000000000277,70,51,-43,75,10,-34,26,17,9,49.40310382,44.77350407,4.629599747,-43,-34,-9,-0.63,0.23,-0.86,FALSE
11,56,female,37,old,b,1,1.8229000000060296,82,11,-76,60,51,-67,5.666666667,14.66666667,-9,64.61338011,57.86382482,6.749555292,-76,-67,-9,-0.12,-0.69,0.57,FALSE
11,56,female,38,old,a,0,1.6580000000000157,70,57,-28,78,40,-19,33,33,0,43.45879274,39.90822806,3.550564686,-28,-19,-9,-0.66,-0.26,-0.4,FALSE
11,56,female,39,old,a,0,1.6458999999985051,92,2,-70,66,50,-65,8,17,-9,66.2721661,58.34952156,7.92264454,-70,-65,-5,0.14,-0.67,0.81,FALSE
11,56,female,40,old,b,1,1.5712000000030455,58,38,-11,53,25,-2,28.33333333,25.33333333,3,28.98658694,22.45489306,6.531693879,-11,-2,-9,-0.46,0.02,-0.48,FALSE
11,56,female,41,old,b,1,1.8595000000000252,99,52,-13,90,75,-9,46,52,-6,45.92022067,43.56604182,2.354178852,-13,-9,-4,-0.19,-0.64,0.45,FALSE
11,56,female,42,old,a,0,1.7042999999970334,53,8,-35,40,19,-33,8.666666667,8.666666667,0,35.92894222,30.68477726,5.244164957,-35,-33,-2,0.03,-0.47,0.5,FALSE
12,24,female,0,new,a,0,7.467999999999996,75,60,-69,99,6,-66,22,13,9,64.63745044,67.54257916,-2.905128718,-69,-66,-3,-0.68,0.15,-0.83,FALSE
12,24,female,1,new,b,1,7.599000000000004,59,34,-23,76,30,-18,23.33333333,29.33333333,-6,34.31552936,38.37823457,-4.062705208,-23,-18,-5,-0.44,-0.03,-0.41,FALSE
12,24,female,2,new,b,1,11.802000000000008,67,58,-29,93,49,-19,32,41,-9,43.28972164,46.07240678,-2.782685138,-29,-19,-10,-0.68,-0.26,-0.42,FALSE
12,24,female,4,new,a,0,7.244,83,36,-11,86,2,-7,36,27,9,38.3753393,41.88078318,-3.505443879,-11,-7,-4,0,0.68,-0.68,FALSE
12,24,female,5,new,b,1,8.800999999999988,72,24,-26,91,16,-19,23.33333333,29.33333333,-6,40.01110957,45.88633299,-5.875223425,-26,-19,-7,-0.02,0.41,-0.43,FALSE
12,24,female,6,new,a,0,8.71499999999999,82,41,-36,94,3,-28,29,23,6,48.91489207,51.77515492,-2.860262842,-36,-28,-8,-0.35,0.52,-0.87,FALSE
12,24,female,7,new,b,1,8.77000000000001,41,39,-29,73,26,-21,17,26,-9,32.53715825,38.3753393,-5.838181059,-29,-21,-8,-0.71,0,-0.71,FALSE
12,24,female,8,new,a,0,7.306000000000012,74,56,-98,99,2,-96,10.66666667,1.666666667,9,77.18952145,79.60876557,-2.4192441160000002,-98,-96,-2,-0.68,-0.01,-0.67,FALSE
12,24,female,9,new,b,1,7.324000000000012,73,32,-44,95,17,-42,20.33333333,23.33333333,-3,48.47221426,56.10902086,-7.6368066,-44,-42,-2,-0.35,0.17,-0.52,FALSE
12,24,female,10,new,a,0,8.251000000000005,94,45,-8,97,10,-3,43.66666667,34.66666667,9,41.65199742,44.39469438,-2.74269696,-8,-3,-5,-0.05,0.66,-0.71,FALSE
12,24,female,11,new,a,0,6.52200000000002,56,39,-80,86,11,-73,5,8,-3,60.50344343,64.94613152,-4.442688096,-80,-73,-7,-0.67,-0.07,-0.6,FALSE
12,24,female,12,new,a,0,4.669999999999988,66,55,-73,97,23,-63,16,19,-3,63.09252465,65.38093504,-2.28841039,-73,-63,-10,-0.69,-0.09,-0.6,FALSE
12,24,female,13,new,a,0,7.661000000000001,60,59,-71,98,2,-61,16,13,3,61.51964456,65.37583651,-3.856191956,-71,-61,-10,-0.71,0.25,-0.96,FALSE
12,24,female,14,new,b,1,23.861999999999995,63,62,-52,88,34,-49,24.33333333,24.33333333,0,53.97736151,56.34615239,-2.368790878,-52,-49,-3,-0.71,-0.25,-0.46,FALSE
12,24,female,15,new,a,0,8.177999999999997,84,38,-47,98,2,-43,25,19,6,54.26478293,58.80476171,-4.53997878,-47,-43,-4,-0.35,0.41,-0.76,FALSE
12,24,female,16,new,b,1,12.598000000000011,35,19,-36,66,5,-26,6,15,-9,30.40833219,38.21866909,-7.810336894,-36,-26,-10,-0.56,0.37,-0.93,FALSE
12,24,female,17,new,b,1,7.137999999999977,62,41,-30,88,24,-21,24.33333333,30.33333333,-6,39.36439452,44.723844,-5.359449486,-30,-21,-9,-0.56,0.21,-0.77,FALSE
12,24,female,18,new,a,0,7.3799999999999955,59,17,-45,75,4,-39,10.33333333,13.33333333,-3,42.71871825,47.00590979,-4.287191544,-45,-39,-6,-0.23,0.29,-0.52,FALSE
12,24,female,19,new,b,1,5.8370000000000175,57,33,-39,75,10,-34,17,17,0,40.79215611,44.77350407,-3.981347961,-39,-34,-5,-0.53,0.23,-0.76,FALSE
12,24,female,20,new,b,1,5.64500000000001,65,35,-38,81,15,-34,20.66666667,20.66666667,0,43.25377312,47.1192341,-3.865460983,-38,-34,-4,-0.46,0.18,-0.64,FALSE
12,24,female,21,new,a,0,3.179000000000002,75,51,-33,96,10,-31,31,25,6,46.30334761,52.92132525,-6.617977643,-33,-31,-2,-0.57,0.4,-0.97,FALSE
12,24,female,22,new,a,0,6.412000000000006,73,35,-13,82,8,-4,31.66666667,28.66666667,3,35.18838192,38.02922853,-2.840846604,-13,-4,-9,-0.14,0.65,-0.79,FALSE
12,24,female,23,new,a,0,3.192000000000036,59,53,-70,91,2,-60,14,11,3,59.44745579,61.97311245,-2.525656659,-70,-60,-10,-0.7,0.21,-0.91,FALSE
12,24,female,24,new,b,1,7.652000000000044,45,40,-49,77,30,-44,12,21,-9,43.18178628,49.80629144,-6.624505153,-49,-44,-5,-0.7,-0.27,-0.43,FALSE
12,24,female,25,new,a,0,2.552000000000021,65,61,-27,97,23,-21,33,33,0,42.45782221,48.68949236,-6.231670156,-27,-21,-6,-0.7,0.3,-1,FALSE
12,24,female,26,new,a,0,5.624000000000024,85,45,-46,95,4,-42,28,19,9,54.81483984,56.92685365,-2.112013812,-46,-42,-4,-0.44,0.38,-0.82,FALSE
12,24,female,27,new,a,0,3.0370000000000346,86,35,-10,92,6,-5,37,31,6,39.2173431,43.36665386,-4.149310754,-10,-5,-5,0.08,0.67,-0.59,FALSE
12,24,female,28,new,a,0,3.673000000000002,76,38,-12,82,9,-7,34,28,6,36.037018,38.73843914,-2.701421131,-12,-7,-5,-0.17,0.62,-0.79,FALSE
12,24,female,29,new,a,0,2.3520000000000323,61,33,-4,66,7,-1,30,24,6,26.62079388,29.87752779,-3.25673391,-4,-1,-3,-0.17,0.67,-0.84,FALSE
12,24,female,30,new,a,0,3.152999999999963,67,34,-14,82,3,-7,29,26,3,33.2565783,39.80787192,-6.551293622,-14,-7,-7,-0.22,0.67,-0.89,FALSE
12,24,female,31,new,a,0,7.394000000000005,70,31,-60,87,5,-51,13.66666667,13.66666667,0,54.46915539,56.6705881,-2.20143271,-60,-51,-9,-0.45,0.23,-0.68,FALSE
12,24,female,32,new,a,0,6.83299999999997,62,55,-78,93,7,-70,13,10,3,64.41014413,66.57827473,-2.168130606,-78,-70,-8,-0.7,0.07,-0.77,FALSE
12,24,female,33,new,a,0,4.534999999999968,51,25,-16,72,5,-8,20,23,-3,27.58018612,35.05234181,-7.47215569,-16,-8,-8,-0.27,0.63,-0.9,FALSE
12,24,female,34,new,a,0,7.40100000000001,62,43,-86,99,27,-80,6.333333333,15.33333333,-9,65.74867975,73.54061614,-7.79193639,-86,-80,-6,-0.66,-0.23,-0.43,FALSE
12,24,female,35,new,b,1,5.998000000000047,40,34,-14,62,29,-4,20,29,-9,24.16609195,26.94438717,-2.778295223,-14,-4,-10,-0.67,0,-0.67,FALSE
12,24,female,36,new,a,0,7.039000000000044,82,33,-22,91,7,-14,31,28,3,42.48136847,45.36518489,-2.883816424,-22,-14,-8,-0.07,0.6,-0.67,FALSE
12,24,female,37,new,b,1,9.927999999999995,56,49,-15,84,31,-7,30,36,-6,31.94787421,37.31844941,-5.370575202,-15,-7,-8,-0.68,0.2,-0.88,FALSE
12,24,female,38,new,b,1,5.807000000000016,74,29,-58,96,13,-55,15,18,-3,54.79051013,61.74679479,-6.956284661,-58,-55,-3,-0.37,0.12,-0.49,FALSE
12,24,female,39,new,b,1,14.92700000000002,58,27,-28,78,17,-20,19,25,-6,35.56215217,40.40627014,-4.844117975,-28,-20,-8,-0.33,0.29,-0.62,FALSE
12,24,female,40,new,b,1,8.076999999999998,71,36,-38,93,11,-35,23,23,0,45.43860326,52.94021786,-7.501614591,-38,-35,-3,-0.41,0.33,-0.74,FALSE
12,24,female,41,new,b,1,6.807999999999993,76,31,-39,96,19,-29,22.66666667,28.66666667,-6,47.31689856,51.48678363,-4.169885078,-39,-29,-10,-0.26,0.28,-0.54,FALSE
12,24,female,42,new,a,0,2.4400000000000546,83,52,-36,96,9,-33,33,24,9,50.4050262,53.72150407,-3.31647787,-36,-33,-3,-0.51,0.4,-0.91,FALSE
12,24,female,0,old,b,1,4.744000000000028,53,8,-34,41,23,-28,9,12,-3,35.52463934,29.22327839,6.301360944,-34,-28,-6,0.04,-0.51,0.55,FALSE
12,24,female,1,old,b,1,2.004000000000019,85,2,-81,57,52,-76,2,11,-9,67.76921622,61.55214591,6.217070303,-81,-76,-5,0,-0.7,0.7,FALSE
12,24,female,2,old,b,1,17.748999999999967,66,31,-13,68,19,-3,28,28,0,32.3213036,29.67602849,2.645275119,-13,-3,-10,-0.14,0.43,-0.57,FALSE
12,24,female,3,old,b,1,8.650000000000034,95,48,-30,71,67,-25,37.66666667,37.66666667,0,51.55148451,44.3421044,7.209380118,-30,-25,-5,-0.29,-0.7,0.41,FALSE
12,24,female,4,old,b,1,3.228999999999985,80,2,-60,69,30,-50,7.333333333,16.33333333,-9,57.27904406,49.5333782,7.745665868,-60,-50,-10,0.14,-0.39,0.53,FALSE
12,24,female,5,old,b,1,32.86099999999999,55,15,-13,42,31,-7,19,22,-3,27.90459938,20.99206199,6.91253739,-13,-7,-6,0.21,-0.56,0.77,FALSE
12,24,female,6,old,a,0,1.9500000000000453,69,24,-23,60,43,-15,23.33333333,29.33333333,-6,37.56180093,32.10745846,5.454342465,-23,-15,-8,-0.03,-0.56,0.53,FALSE
12,24,female,7,old,b,1,3.705000000000041,75,4,-67,57,43,-61,4,13,-9,57.97125725,52.63712252,5.334134731,-67,-61,-6,0,-0.67,0.67,FALSE
12,24,female,8,old,b,1,4.716000000000008,99,51,-13,95,36,-3,45.66666667,42.66666667,3,45.87906809,40.28509512,5.59397297,-13,-3,-10,-0.17,0.24,-0.41,FALSE
12,24,female,9,old,b,1,2.0579999999999927,91,75,-12,94,55,-4,51.33333333,48.33333333,3,45.25728916,40.28509512,4.97219404,-12,-4,-8,-0.64,-0.24,-0.4,FALSE
12,24,female,10,old,b,1,1.440999999999974,99,35,-16,88,50,-11,39.33333333,42.33333333,-3,47.0484384,40.77853466,6.269903738,-16,-11,-5,0.14,-0.28,0.42,FALSE
12,24,female,11,old,a,0,1.891999999999996,74,43,-22,76,14,-13,31.66666667,25.66666667,6,40.00277768,37.25885428,2.743923402,-22,-13,-9,-0.4,0.44,-0.84,FALSE
12,24,female,12,old,b,1,4.488999999999976,88,33,-10,73,59,-3,37,43,-6,40.10818703,33.02524287,7.082944157,-10,-3,-7,0.15,-0.61,0.76,FALSE
12,24,female,13,old,a,0,6.107000000000028,97,58,-61,98,20,-51,31.33333333,22.33333333,9,67.20284386,60.85136719,6.351476665,-61,-51,-10,-0.53,0.06,-0.59,FALSE
12,24,female,14,old,a,0,5.553999999999974,93,64,-10,95,40,-6,49,43,6,43.36665386,41.28760912,2.079044738,-10,-6,-4,-0.48,0.11,-0.59,FALSE
12,24,female,15,old,b,1,24.92899999999992,80,10,-63,59,46,-60,9,15,-6,58.3837877,53.2979049,5.085882805,-63,-60,-3,-0.03,-0.68,0.65,FALSE
12,24,female,16,old,b,1,4.543999999999983,80,72,-12,88,45,-2,46.66666667,43.66666667,3,41.61196409,36.7544404,4.857523695,-12,-2,-10,-0.69,-0.05,-0.64,FALSE
12,24,female,17,old,b,1,2.268000000000029,90,44,-48,88,16,-45,28.66666667,19.66666667,9,57.37207993,54.3588897,3.013190235,-48,-45,-3,-0.38,0.1,-0.48,FALSE
12,24,female,19,old,b,1,4.921000000000049,92,60,-21,99,43,-11,43.66666667,43.66666667,0,47.55581516,44.90978611,2.646029045,-21,-11,-10,-0.47,0.02,-0.49,FALSE
12,24,female,20,old,b,1,2.84699999999998,63,2,-47,49,23,-45,6,9,-3,44.99629614,39.63163719,5.36465895,-47,-45,-2,0.13,-0.49,0.62,FALSE
12,24,female,21,old,a,0,7.206000000000017,91,67,-10,95,46,-2,49.33333333,46.33333333,3,43.08389748,39.60078563,3.483111855,-10,-2,-8,-0.55,0.01,-0.56,FALSE
12,24,female,22,old,b,1,6.4950000000000045,70,12,-66,45,34,-63,5.333333333,5.333333333,0,55.72152985,48.52719741,7.194332436,-66,-63,-3,-0.18,-0.68,0.5,FALSE
12,24,female,23,old,b,1,3.900000000000091,94,70,-40,98,38,-30,41.33333333,35.33333333,6,58.33999962,52.2897908,6.050208816,-40,-30,-10,-0.62,-0.08,-0.54,FALSE
12,24,female,24,old,b,1,4.653999999999996,81,24,-16,74,4,-7,29.66666667,23.66666667,6,39.80228916,35.8732336,3.929055559,-16,-7,-9,0.21,0.66,-0.45,FALSE
12,24,female,25,old,b,1,1.22300000000007,67,19,-22,60,38,-16,21.33333333,27.33333333,-6,36.37153955,31.93048004,4.441059506,-22,-16,-6,0.1,-0.46,0.56,FALSE
12,24,female,26,old,b,1,2.0570000000000164,98,41,-24,75,68,-19,38.33333333,41.33333333,-3,49.8419725,42.75771535,7.084257142,-24,-19,-5,-0.08,-0.69,0.61,FALSE
12,24,female,27,old,a,0,1.01400000000001,67,11,-13,61,36,-5,21.66666667,30.66666667,-9,33.51948024,27.20702524,6.312455003,-13,-5,-8,0.45,-0.29,0.74,FALSE
12,24,female,28,old,a,0,0.6699999999999591,53,9,-17,37,30,-13,15,18,-3,28.89059824,22.10580618,6.784792065,-17,-13,-4,0.3,-0.65,0.95,FALSE
12,24,female,29,old,b,1,0.6430000000000291,61,54,-82,79,11,-75,11,5,6,65.82299497,63.01322612,2.809768844,-82,-75,-7,-0.7,-0.14,-0.56,FALSE
12,24,female,30,old,a,0,0.5780000000000882,93,58,-8,94,41,-1,47.66666667,44.66666667,3,41.87547678,38.87015422,3.005322563,-8,-1,-7,-0.36,0.14,-0.5,FALSE
12,24,female,31,old,b,1,0.6569999999999254,84,27,-36,73,4,-29,25,16,9,49.01020302,42.49705872,6.513144298,-36,-29,-7,-0.06,0.4,-0.46,FALSE
12,24,female,32,old,b,1,0.3830000000000382,76,3,-64,59,38,-55,5,14,-9,57.17225434,49.53786431,7.634390037,-64,-55,-9,0.05,-0.61,0.66,FALSE
12,24,female,33,old,b,1,0.6490000000000009,91,81,-24,99,44,-22,49.33333333,40.33333333,9,52.01495511,49.46603773,2.548917383,-24,-22,-2,-0.69,-0.11,-0.58,FALSE
12,24,female,34,old,b,1,1.163000000000011,93,31,-8,70,68,-4,38.66666667,44.66666667,-6,41.5879256,34.42221505,7.165710549,-8,-4,-4,0.27,-0.71,0.98,FALSE
12,24,female,35,old,b,1,0.9909999999999854,83,50,-11,85,29,-1,40.66666667,37.66666667,3,38.93869826,35.64017708,3.298521182,-11,-1,-10,-0.35,0.35,-0.7,FALSE
12,24,female,36,old,a,0,1.0049999999999957,91,54,-88,96,14,-80,19,10,9,77.1535266,71.90734779,5.246178806,-88,-80,-8,-0.59,-0.08,-0.51,FALSE
12,24,female,37,old,b,1,1.1929999999999836,77,25,-58,53,45,-54,14.66666667,14.66666667,0,55.59576323,48.66438351,6.93137972,-58,-54,-4,-0.27,-0.69,0.42,FALSE
12,24,female,38,old,a,0,1.2339999999999236,88,17,-44,82,43,-37,20.33333333,29.33333333,-9,53.94029621,49.5333782,4.406918017,-44,-37,-7,0.09,-0.39,0.48,FALSE
12,24,female,39,old,b,1,1.410000000000082,56,42,-72,65,9,-66,8.666666667,2.666666667,6,57.32558087,53.66770185,3.657879018,-72,-66,-6,-0.68,-0.18,-0.5,FALSE
12,24,female,40,old,a,0,0.97199999999998,64,24,-23,50,35,-20,21.66666667,21.66666667,0,35.55590278,30.09245014,5.463452634,-23,-20,-3,-0.1,-0.58,0.48,FALSE
12,24,female,41,old,b,1,0.77800000000002,83,23,-56,70,49,-51,16.66666667,22.66666667,-6,56.92294987,52.7909925,4.131957375,-56,-51,-5,-0.17,-0.62,0.45,FALSE
12,24,female,42,old,a,0,0.9479999999999792,68,25,-12,60,2,-8,27,18,9,32.69046752,29.97776954,2.712697979,-12,-8,-4,0.09,0.65,-0.56,FALSE
12,24,female,0,new,b,1,0.6349999999999909,54,51,-50,87,14,-46,18.33333333,18.33333333,0,48.33448274,54.3834125,-6.048929759,-50,-46,-4,-0.71,0.12,-0.83,FALSE
12,24,female,1,new,a,0,1.0229999999999109,68,60,-38,99,37,-28,30,36,-6,48.19405219,51.85235449,-3.658302303,-38,-28,-10,-0.69,-0.03,-0.66,FALSE
12,24,female,2,new,a,0,0.7700000000000955,32,24,-44,60,15,-36,4,13,-9,34.09789827,39.2173431,-5.119444829,-44,-36,-8,-0.68,-0.08,-0.6,FALSE
12,24,female,3,new,b,1,0.4900000000000091,37,15,-44,59,10,-34,2.666666667,11.66666667,-9,34.19876541,37.9853773,-3.786611894,-44,-34,-10,-0.49,0.07,-0.56,FALSE
12,24,female,4,new,b,1,0.5370000000000346,85,51,-7,92,14,-4,43,34,9,37.98245209,41.66533331,-3.682881223,-7,-4,-3,-0.31,0.61,-0.92,FALSE
12,24,female,5,new,b,1,0.5219999999999345,58,27,-46,74,5,-40,13,13,0,43.59663596,46.88283268,-3.286196723,-46,-40,-6,-0.45,0.25,-0.7,FALSE
12,24,female,6,new,a,0,0.45799999999997,73,45,-52,99,1,-43,22,19,3,53.55993528,59.35205697,-5.792121696,-52,-43,-9,-0.56,0.43,-0.99,FALSE
12,24,female,7,new,b,1,0.5839999999999463,49,45,-36,87,24,-26,19.33333333,28.33333333,-9,39.16063783,46.23370584,-7.073068005,-36,-26,-10,-0.7,0.14,-0.84,FALSE
12,24,female,8,new,a,0,0.4889999999999191,38,17,-31,62,16,-27,8,17,-9,28.87905816,36.34097779,-7.461919633,-31,-27,-4,-0.44,0.04,-0.48,FALSE
12,24,female,9,new,b,1,0.6779999999999973,72,24,-83,93,6,-77,4.333333333,7.333333333,-3,64.78854494,69.40861298,-4.620068037,-83,-77,-6,-0.43,0.03,-0.46,FALSE
12,24,female,10,new,a,0,0.5800000000000409,80,38,-19,90,6,-15,33,27,6,40.57092555,45.36518489,-4.794259339,-19,-15,-4,-0.18,0.6,-0.78,FALSE
12,24,female,11,new,a,0,0.7430000000000518,71,38,-70,91,1,-62,13,10,3,60.21627687,62.78534861,-2.56907174,-70,-62,-8,-0.55,0.21,-0.76,FALSE
12,24,female,12,new,a,0,0.7670000000000528,69,50,-40,89,13,-32,26.33333333,23.33333333,3,47.54179448,49.93551397,-2.393719493,-40,-32,-8,-0.62,0.3,-0.92,FALSE
12,24,female,13,new,b,1,1.3410000000000082,66,47,-58,95,21,-52,18.33333333,21.33333333,-3,54.53031777,60.01296156,-5.482643798,-58,-52,-6,-0.64,0.01,-0.65,FALSE
12,24,female,14,new,b,1,0.3550000000000182,47,44,-54,78,9,-50,12.33333333,12.33333333,0,46.92073695,52.3089115,-5.388174553,-54,-50,-4,-0.7,0.1,-0.8,FALSE
12,24,female,15,new,a,0,0.6299999999999955,62,44,-43,91,27,-37,21,27,-6,45.84757355,52.25578118,-6.408207634,-43,-37,-6,-0.63,0,-0.63,FALSE
12,24,female,16,new,b,1,1.002999999999929,80,48,-26,89,7,-21,34,25,9,44.39219151,46.6761895,-2.283997999,-26,-21,-5,-0.44,0.52,-0.96,FALSE
12,24,female,17,new,b,1,1.0399999999999636,53,40,-78,88,6,-70,5,8,-3,58.92933621,64.51873113,-5.589394916,-78,-70,-8,-0.68,0.05,-0.73,FALSE
12,24,female,18,new,b,1,1.752999999999929,82,49,-19,98,16,-11,37.33333333,34.33333333,3,42.05023451,46.34891824,-4.298683734,-19,-11,-8,-0.39,0.53,-0.92,FALSE
12,24,female,19,new,a,0,0.9130000000000108,86,32,-13,90,5,-8,35,29,6,40.47221269,43.45879274,-2.986580053,-13,-8,-5,0.11,0.66,-0.55,FALSE
12,24,female,20,new,a,0,1.5349999999999682,79,50,-10,95,17,-2,39.66666667,36.66666667,3,37.06151043,41.97088938,-4.90937895,-10,-2,-8,-0.4,0.6,-1,FALSE
12,24,female,21,new,b,1,0.8640000000000327,87,54,-16,96,14,-12,41.66666667,32.66666667,9,42.94440851,46.02414825,-3.079739742,-16,-12,-4,-0.41,0.54,-0.95,FALSE
12,24,female,22,new,b,1,0.9370000000000118,75,48,-36,95,7,-33,29,23,6,47.26520919,53.46650042,-6.201291223,-36,-33,-3,-0.54,0.42,-0.96,FALSE
12,24,female,23,new,b,1,0.8310000000000173,43,31,-49,75,8,-40,8.333333333,14.33333333,-6,40.83571422,47.16166051,-6.325946295,-49,-40,-9,-0.66,0.2,-0.86,FALSE
12,24,female,24,new,b,1,0.80499999999995,72,42,-20,78,6,-17,31.33333333,22.33333333,9,38.30868773,40.46672158,-2.158033852,-20,-17,-3,-0.4,0.54,-0.94,FALSE
12,24,female,25,new,a,0,0.8729999999999336,73,53,-41,99,7,-39,28.33333333,22.33333333,6,49.70133019,57.37207993,-7.670749745,-41,-39,-2,-0.62,0.38,-1,FALSE
12,24,female,26,new,b,1,2.0819999999999936,44,36,-47,66,12,-45,11,11,0,41.14203041,45.32107677,-4.17904636,-47,-45,-2,-0.69,-0.03,-0.66,FALSE
12,24,female,27,new,a,0,1.2290000000000418,42,23,-11,63,18,-9,18,24,-6,21.92411154,29.69848481,-7.774373273,-11,-9,-2,-0.33,0.29,-0.62,FALSE
12,24,female,28,new,b,1,0.7430000000000518,31,25,-52,57,4,-48,1.333333333,4.333333333,-3,37.79182745,42.86671851,-5.074891054,-52,-48,-4,-0.69,0.01,-0.7,FALSE
12,24,female,29,new,b,1,1.474999999999909,86,41,-34,96,4,-25,31,25,6,49.49747468,51.58165048,-2.084175801,-34,-25,-9,-0.29,0.54,-0.83,FALSE
12,24,female,30,new,a,0,0.7690000000000055,44,31,-57,70,16,-50,6,12,-6,44.86275367,49.07137659,-4.208622918,-57,-50,-7,-0.66,-0.12,-0.54,FALSE
12,24,female,31,new,a,0,1.0799999999999272,54,34,-67,84,8,-62,7,10,-3,52.95910372,59.62102537,-6.661921656,-67,-62,-5,-0.63,0.05,-0.68,FALSE
12,24,female,32,new,a,0,1.0199999999999818,69,45,-22,90,19,-17,30.66666667,30.66666667,0,38.50829636,44.45472103,-5.94642467,-22,-17,-5,-0.51,0.38,-0.89,FALSE
12,24,female,33,new,a,0,0.8399999999999181,78,57,-50,98,6,-46,28.33333333,19.33333333,9,56.04958123,59.5389695,-3.489388273,-50,-46,-4,-0.63,0.32,-0.95,FALSE
12,24,female,34,new,a,0,0.6960000000000264,73,23,-91,92,2,-89,1.666666667,1.666666667,0,68.63105873,73.89331649,-5.262257764,-91,-89,-2,-0.44,-0.01,-0.43,FALSE
12,24,female,35,new,b,1,0.72199999999998,89,36,-51,98,7,-49,24.66666667,18.66666667,6,57.71385353,60.5768566,-2.863003074,-51,-49,-2,-0.29,0.28,-0.57,FALSE
12,24,female,36,new,a,0,0.6129999999999427,56,21,-48,76,2,-40,9.666666667,12.66666667,-3,43.20750964,47.95368136,-4.74617172,-48,-40,-8,-0.38,0.32,-0.7,FALSE
12,24,female,37,new,b,1,0.5879999999999654,88,50,-27,96,11,-23,37,28,9,47.84001115,50.04664491,-2.206633761,-27,-23,-4,-0.39,0.47,-0.86,FALSE
12,24,female,38,new,b,1,0.7410000000000991,45,26,-62,73,18,-55,3,12,-9,46.61187259,52.42772803,-5.815855439,-62,-55,-7,-0.62,-0.17,-0.45,FALSE
12,24,female,39,new,b,1,0.8319999999999936,68,52,-62,94,9,-54,19.33333333,16.33333333,3,57.88110419,60.64285247,-2.761748279,-62,-54,-8,-0.67,0.18,-0.85,FALSE
12,24,female,40,new,b,1,1.092999999999961,59,30,-17,77,20,-7,24,30,-6,31.31559782,35.0142828,-3.698684983,-17,-7,-10,-0.28,0.41,-0.69,FALSE
12,24,female,41,new,b,1,0.8009999999999309,38,36,-51,71,20,-41,7.666666667,16.66666667,-9,41.49163236,45.78451946,-4.292887105,-51,-41,-10,-0.71,-0.11,-0.6,FALSE
12,24,female,0,old,b,1,0.6319999999999482,46,30,-55,47,6,-50,7,1,6,44.32456054,39.75759885,4.566961681,-55,-50,-5,-0.64,-0.19,-0.45,FALSE
12,24,female,1,old,b,1,0.6699999999999591,78,43,-10,60,54,-3,37,37,0,36.17549815,28.39013913,7.785359021,-10,-3,-7,-0.24,-0.68,0.44,FALSE
12,24,female,2,old,b,1,0.6589999999999918,60,5,-41,53,30,-32,8,17,-9,41.28760912,35.89800366,5.389605459,-41,-32,-9,0.11,-0.5,0.61,FALSE
12,24,female,4,old,b,1,0.7520000000000664,58,38,-11,53,25,-2,28.33333333,25.33333333,3,28.98658694,22.45489306,6.531693879,-11,-2,-9,-0.46,0.02,-0.48,FALSE
12,24,female,5,old,a,0,5.945999999999913,98,42,-26,70,68,-24,38,38,0,50.70174224,43.84822307,6.853519172,-26,-24,-2,-0.12,-0.71,0.59,FALSE
12,24,female,6,old,a,0,1.370999999999981,53,8,-35,40,19,-33,8.666666667,8.666666667,0,35.92894222,30.68477726,5.244164957,-35,-33,-2,0.03,-0.47,0.5,FALSE
12,24,female,7,old,a,0,0.636000000000081,79,64,-29,81,28,-22,38,29,9,47.77028365,42.05551886,5.714764789,-29,-22,-7,-0.66,0.04,-0.7,FALSE
12,24,female,8,old,b,1,0.72300000000007,61,12,-35,44,34,-31,12.66666667,15.66666667,-3,39.19467084,33.24989557,5.944775267,-35,-31,-4,0.03,-0.66,0.69,FALSE
12,24,female,9,old,b,1,0.4919999999999618,87,78,-16,94,52,-6,49.66666667,46.66666667,3,46.57848812,40.99864496,5.579843156,-16,-6,-10,-0.69,-0.19,-0.5,FALSE
12,24,female,10,old,a,0,0.988999999999919,46,32,-39,42,9,-30,13,7,6,37.21110945,29.42787794,7.783231513,-39,-30,-9,-0.63,-0.1,-0.53,FALSE
12,24,female,11,old,a,0,0.7690000000000055,82,31,-53,64,62,-48,20,26,-6,55.6596802,52.33227175,3.327408449,-53,-48,-5,-0.29,-0.71,0.42,FALSE
12,24,female,12,old,b,1,0.55499999999995,79,63,-12,80,36,-4,43.33333333,37.33333333,6,39.6680672,34.30581421,5.362252988,-12,-4,-8,-0.62,0.06,-0.68,FALSE
12,24,female,13,old,a,0,0.8300000000000409,73,52,-43,84,13,-33,27.33333333,21.33333333,6,50.4667107,48.12714642,2.339564283,-43,-33,-10,-0.62,0.25,-0.87,FALSE
12,24,female,14,old,b,1,3.757999999999925,79,13,-40,74,33,-37,17.33333333,23.33333333,-6,48.67808085,45.82818153,2.849899325,-40,-37,-3,0.13,-0.31,0.44,FALSE
12,24,female,15,old,b,1,0.5209999999999582,79,16,-61,58,42,-57,11.33333333,14.33333333,-3,57.24993935,50.86146762,6.388471726,-61,-57,-4,-0.12,-0.65,0.53,FALSE
12,24,female,16,old,b,1,0.5579999999999927,74,5,-55,57,19,-52,8,8,0,52.70673581,45.17373868,7.532997129,-55,-52,-3,0.09,-0.35,0.44,FALSE
12,24,female,17,old,b,1,0.68100000000004,77,69,-21,82,39,-14,41.66666667,35.66666667,6,44.43222054,39.26264835,5.16957219,-21,-14,-7,-0.69,-0.13,-0.56,FALSE
12,24,female,18,old,b,1,0.6499999999999773,48,3,-24,46,23,-15,9,18,-9,29.69848481,25.15286597,4.545618837,-24,-15,-9,0.29,-0.29,0.58,FALSE
12,24,female,19,old,b,1,0.37799999999992906,70,57,-28,78,40,-19,33,33,0,43.45879274,39.90822806,3.550564686,-28,-19,-9,-0.66,-0.26,-0.4,FALSE
12,24,female,20,old,b,1,0.6770000000000209,99,52,-13,90,75,-9,46,52,-6,45.92022067,43.56604182,2.354178852,-13,-9,-4,-0.19,-0.64,0.45,FALSE
12,24,female,21,old,b,1,0.4869999999999664,82,11,-76,60,51,-67,5.666666667,14.66666667,-9,64.61338011,57.86382482,6.749555292,-76,-67,-9,-0.12,-0.69,0.57,FALSE
12,24,female,22,old,a,0,0.7970000000000255,80,43,-35,75,18,-32,29.33333333,20.33333333,9,47.93282336,43.71371511,4.219108251,-35,-32,-3,-0.4,0.08,-0.48,FALSE
12,24,female,23,old,a,0,1.4460000000000264,85,68,-15,91,43,-5,46,43,3,43.68828981,39.19183588,4.496453927,-15,-5,-10,-0.63,0,-0.63,FALSE
12,24,female,24,old,a,0,1.7590000000000146,64,62,-48,70,29,-39,26,20,6,52.33227175,44.95182607,7.380445685,-48,-39,-9,-0.71,-0.29,-0.42,FALSE
12,24,female,25,old,b,1,1.490000000000009,53,40,-11,50,25,-2,27.33333333,24.33333333,3,27.62044331,21.23414441,6.386298903,-11,-2,-9,-0.59,-0.05,-0.54,FALSE
12,24,female,26,old,b,1,1.1720000000000257,57,44,-13,53,29,-3,29.33333333,26.33333333,3,30.40102337,22.93953405,7.461489329,-13,-3,-10,-0.61,-0.17,-0.44,FALSE
12,24,female,27,old,a,0,0.9300000000000636,59,9,-67,40,31,-61,0.333333333,3.333333333,-3,51.80304581,45.63867755,6.164368259,-67,-61,-6,-0.25,-0.69,0.44,FALSE
12,24,female,28,old,b,1,0.6779999999999973,96,19,-78,77,43,-74,12.33333333,15.33333333,-3,71.19144768,64.67525716,6.516190515,-78,-74,-4,-0.14,-0.56,0.42,FALSE
12,24,female,29,old,b,1,1.455000000000041,92,2,-70,66,50,-65,8,17,-9,66.2721661,58.34952156,7.92264454,-70,-65,-5,0.14,-0.67,0.81,FALSE
12,24,female,30,old,b,1,0.8400000000000318,85,24,-45,67,54,-39,21.33333333,27.33333333,-6,53.10576449,47.20404879,5.901715701,-45,-39,-6,-0.08,-0.67,0.59,FALSE
12,24,female,31,old,b,1,1.5720000000000027,63,16,-47,44,40,-43,10.66666667,13.66666667,-3,45.0653846,40.10264608,4.962738522,-47,-43,-4,-0.18,-0.7,0.52,FALSE
12,24,female,32,old,a,0,0.7949999999999591,57,19,-12,42,29,-7,21.33333333,21.33333333,0,28.21740991,20.72572208,7.491687838,-12,-7,-5,0.12,-0.5,0.62,FALSE
12,24,female,33,old,b,1,1.0579999999999927,91,22,-54,72,61,-47,19.66666667,28.66666667,-9,59.21899095,53.69254035,5.526450601,-54,-47,-7,-0.06,-0.68,0.62,FALSE
12,24,female,34,old,b,1,2.124000000000024,48,21,-20,41,36,-10,16.33333333,22.33333333,-6,27.95631513,22.9540604,5.002254727,-20,-10,-10,-0.25,-0.68,0.43,FALSE
12,24,female,35,old,b,1,0.9740000000000464,98,58,-16,96,41,-6,46.66666667,43.66666667,3,47.22522866,41.6839964,5.541232266,-16,-6,-10,-0.35,0.1,-0.45,FALSE
12,24,female,36,old,a,0,2.4489999999999554,91,79,-11,99,39,-6,53,44,9,45.51922671,43.01162634,2.507600372,-11,-6,-5,-0.67,0.17,-0.84,FALSE
12,24,female,37,old,b,1,1.3629999999999427,70,51,-43,75,10,-34,26,17,9,49.40310382,44.77350407,4.629599747,-43,-34,-9,-0.63,0.23,-0.86,FALSE
12,24,female,38,old,b,1,2.173999999999978,79,40,-26,73,13,-20,31,22,9,43.33589736,38.49675311,4.83914425,-26,-20,-6,-0.3,0.34,-0.64,FALSE
12,24,female,39,old,b,1,4.018000000000029,74,21,-46,56,42,-40,16.33333333,19.33333333,-3,49.10080334,42.34251869,6.758284654,-46,-40,-6,-0.14,-0.65,0.51,FALSE
12,24,female,40,old,a,0,1.6509999999999536,65,57,-40,69,18,-32,27.33333333,18.33333333,9,47.72374205,41.23375101,6.489991045,-40,-32,-8,-0.69,0.01,-0.7,FALSE
12,24,female,41,old,b,1,3.3769999999999527,65,13,-18,61,36,-10,20,29,-9,34.24422092,29.40521496,4.839005967,-18,-10,-8,0.3,-0.34,0.64,FALSE
12,24,female,42,old,b,1,3.6700000000000728,56,8,-52,40,33,-43,4,10,-6,44.18144407,37.58545818,6.595985888,-52,-43,-9,-0.14,-0.69,0.55,FALSE
