id,age,sex,trial,condition,choice,resp,rt,outcome_a1,outcome_a2,outcome_a3,outcome_b1,outcome_b2,outcome_b3,ev_a,ev_b,ev_diff,var_a,var_b,var_diff,loss_a,loss_b,loss_diff,skew_a,skew_b,skew_diff,sanity_check
1,43,male,0,old,b,1,4.6755,53,8,-34,41,23,-28,9,12,-3,35.52463934,29.22327839,6.301360944,-34,-28,-6,0.04,-0.51,0.55,FALSE
1,43,male,1,old,a,0,3.637400000095369,68,25,-12,60,2,-8,27,18,9,32.69046752,29.97776954,2.712697979,-12,-8,-4,0.09,0.65,-0.56,FALSE
1,43,male,2,old,b,1,5.578200000047673,80,72,-12,88,45,-2,46.66666667,43.66666667,3,41.61196409,36.7544404,4.857523695,-12,-2,-10,-0.69,-0.05,-0.64,FALSE
1,43,male,3,old,a,0,4.29020000004769,84,27,-36,73,4,-29,25,16,9,49.01020302,42.49705872,6.513144298,-36,-29,-7,-0.06,0.4,-0.46,FALSE
1,43,male,4,old,b,1,3.687100000023833,70,12,-66,45,34,-63,5.333333333,5.333333333,0,55.72152985,48.52719741,7.194332436,-66,-63,-3,-0.18,-0.68,0.5,FALSE
1,43,male,5,old,a,0,3.486499999999978,66,31,-13,68,19,-3,28,28,0,32.3213036,29.67602849,2.645275119,-13,-3,-10,-0.14,0.43,-0.57,FALSE
1,43,male,6,old,b,1,5.286000000000001,75,4,-67,57,43,-61,4,13,-9,57.97125725,52.63712252,5.334134731,-67,-61,-6,0,-0.67,0.67,FALSE
1,43,male,7,old,b,1,15.66689999997618,56,42,-72,65,9,-66,8.666666667,2.666666667,6,57.32558087,53.66770185,3.657879018,-72,-66,-6,-0.68,-0.18,-0.5,FALSE
1,43,male,8,old,a,0,2.2891000000238364,74,43,-22,76,14,-13,31.66666667,25.66666667,6,40.00277768,37.25885428,2.743923402,-22,-13,-9,-0.4,0.44,-0.84,FALSE
1,43,male,9,old,b,1,2.420299999952306,88,17,-44,82,43,-37,20.33333333,29.33333333,-9,53.94029621,49.5333782,4.406918017,-44,-37,-7,0.09,-0.39,0.48,FALSE
1,43,male,10,old,b,1,3.251299999952323,55,15,-13,42,31,-7,19,22,-3,27.90459938,20.99206199,6.91253739,-13,-7,-6,0.21,-0.56,0.77,FALSE
1,43,male,11,old,b,1,2.773600000023833,98,41,-24,75,68,-19,38.33333333,41.33333333,-3,49.8419725,42.75771535,7.084257142,-24,-19,-5,-0.08,-0.69,0.61,FALSE
1,43,male,13,old,b,1,2.7185999999046544,63,2,-47,49,23,-45,6,9,-3,44.99629614,39.63163719,5.36465895,-47,-45,-2,0.13,-0.49,0.62,FALSE
1,43,male,14,old,a,0,2.4533999999761704,91,54,-88,96,14,-80,19,10,9,77.1535266,71.90734779,5.246178806,-88,-80,-8,-0.59,-0.08,-0.51,FALSE
1,43,male,15,old,b,1,3.63739999997614,77,25,-58,53,45,-54,14.66666667,14.66666667,0,55.59576323,48.66438351,6.93137972,-58,-54,-4,-0.27,-0.69,0.42,FALSE
1,43,male,16,old,b,1,4.365799999952344,91,75,-12,94,55,-4,51.33333333,48.33333333,3,45.25728916,40.28509512,4.97219404,-12,-4,-8,-0.64,-0.24,-0.4,FALSE
1,43,male,17,old,b,1,2.4954999999999927,99,35,-16,88,50,-11,39.33333333,42.33333333,-3,47.0484384,40.77853466,6.269903738,-16,-11,-5,0.14,-0.28,0.42,FALSE
1,43,male,18,old,a,0,2.5870999999046376,91,81,-24,99,44,-22,49.33333333,40.33333333,9,52.01495511,49.46603773,2.548917383,-24,-22,-2,-0.69,-0.11,-0.58,FALSE
1,43,male,19,old,b,1,2.64939999997614,67,19,-22,60,38,-16,21.33333333,27.33333333,-6,36.37153955,31.93048004,4.441059506,-22,-16,-6,0.1,-0.46,0.56,FALSE
1,43,male,20,old,b,1,3.423100000023851,93,31,-8,70,68,-4,38.66666667,44.66666667,-6,41.5879256,34.42221505,7.165710549,-8,-4,-4,0.27,-0.71,0.98,FALSE
1,43,male,21,old,b,1,2.79270000004766,97,58,-61,98,20,-51,31.33333333,22.33333333,9,67.20284386,60.85136719,6.351476665,-61,-51,-10,-0.53,0.06,-0.59,FALSE
1,43,male,22,old,b,1,2.7250999999046712,69,24,-23,60,43,-15,23.33333333,29.33333333,-6,37.56180093,32.10745846,5.454342465,-23,-15,-8,-0.03,-0.56,0.53,FALSE
1,43,male,23,old,b,1,5.986899999976174,90,44,-48,88,16,-45,28.66666667,19.66666667,9,57.37207993,54.3588897,3.013190235,-48,-45,-3,-0.38,0.1,-0.48,FALSE
1,43,male,24,old,b,1,3.799100000023884,94,70,-40,98,38,-30,41.33333333,35.33333333,6,58.33999962,52.2897908,6.050208816,-40,-30,-10,-0.62,-0.08,-0.54,FALSE
1,43,male,25,old,b,1,3.8056999999284926,95,48,-30,71,67,-25,37.66666667,37.66666667,0,51.55148451,44.3421044,7.209380118,-30,-25,-5,-0.29,-0.7,0.41,FALSE
1,43,male,26,old,b,1,2.4113999999761404,85,2,-81,57,52,-76,2,11,-9,67.76921622,61.55214591,6.217070303,-81,-76,-5,0,-0.7,0.7,FALSE
1,43,male,27,old,b,1,6.139100000023859,83,50,-11,85,29,-1,40.66666667,37.66666667,3,38.93869826,35.64017708,3.298521182,-11,-1,-10,-0.35,0.35,-0.7,FALSE
1,43,male,28,old,b,1,3.188899999976172,53,9,-17,37,30,-13,15,18,-3,28.89059824,22.10580618,6.784792065,-17,-13,-4,0.3,-0.65,0.95,FALSE
1,43,male,29,old,a,0,4.81680000007151,61,54,-82,79,11,-75,11,5,6,65.82299497,63.01322612,2.809768844,-82,-75,-7,-0.7,-0.14,-0.56,FALSE
1,43,male,30,old,b,1,3.424700000047721,99,51,-13,95,36,-3,45.66666667,42.66666667,3,45.87906809,40.28509512,5.59397297,-13,-3,-10,-0.17,0.24,-0.41,FALSE
1,43,male,31,old,b,1,5.016999999999996,76,3,-64,59,38,-55,5,14,-9,57.17225434,49.53786431,7.634390037,-64,-55,-9,0.05,-0.61,0.66,FALSE
1,43,male,32,old,a,0,2.5657999999523327,93,64,-10,95,40,-6,49,43,6,43.36665386,41.28760912,2.079044738,-10,-6,-4,-0.48,0.11,-0.59,FALSE
1,43,male,33,old,b,1,4.345600000023808,80,10,-63,59,46,-60,9,15,-6,58.3837877,53.2979049,5.085882805,-63,-60,-3,-0.03,-0.68,0.65,FALSE
1,43,male,34,old,b,1,4.089500000000044,92,60,-21,99,43,-11,43.66666667,43.66666667,0,47.55581516,44.90978611,2.646029045,-21,-11,-10,-0.47,0.02,-0.49,FALSE
1,43,male,35,old,a,0,3.930100000023799,81,24,-16,74,4,-7,29.66666667,23.66666667,6,39.80228916,35.8732336,3.929055559,-16,-7,-9,0.21,0.66,-0.45,FALSE
1,43,male,36,old,b,1,9.821900000095354,67,11,-13,61,36,-5,21.66666667,30.66666667,-9,33.51948024,27.20702524,6.312455003,-13,-5,-8,0.45,-0.29,0.74,FALSE
1,43,male,37,old,b,1,3.805399999976146,93,58,-8,94,41,-1,47.66666667,44.66666667,3,41.87547678,38.87015422,3.005322563,-8,-1,-7,-0.36,0.14,-0.5,FALSE
1,43,male,38,old,b,1,2.9052999999523195,64,24,-23,50,35,-20,21.66666667,21.66666667,0,35.55590278,30.09245014,5.463452634,-23,-20,-3,-0.1,-0.58,0.48,FALSE
1,43,male,39,old,b,1,4.441899999976158,80,2,-60,69,30,-50,7.333333333,16.33333333,-9,57.27904406,49.5333782,7.745665868,-60,-50,-10,0.14,-0.39,0.53,FALSE
1,43,male,40,old,b,1,4.67130000007154,83,23,-56,70,49,-51,16.66666667,22.66666667,-6,56.92294987,52.7909925,4.131957375,-56,-51,-5,-0.17,-0.62,0.45,FALSE
1,43,male,41,old,b,1,2.177899999976148,91,67,-10,95,46,-2,49.33333333,46.33333333,3,43.08389748,39.60078563,3.483111855,-10,-2,-8,-0.55,0.01,-0.56,FALSE
1,43,male,42,old,b,1,3.534899999976176,88,33,-10,73,59,-3,37,43,-6,40.10818703,33.02524287,7.082944157,-10,-3,-7,0.15,-0.61,0.76,FALSE
1,43,male,0,new,a,0,1.958799999952305,94,45,-8,97,10,-3,43.66666667,34.66666667,9,41.65199742,44.39469438,-2.74269696,-8,-3,-5,-0.05,0.66,-0.71,FALSE
1,43,male,1,new,a,0,3.708600000023864,85,45,-46,95,4,-42,28,19,9,54.81483984,56.92685365,-2.112013812,-46,-42,-4,-0.44,0.38,-0.82,FALSE
1,43,male,2,new,b,1,3.2870000000000346,60,59,-71,98,2,-61,16,13,3,61.51964456,65.37583651,-3.856191956,-71,-61,-10,-0.71,0.25,-0.96,FALSE
1,43,male,3,new,b,1,1.6313999999761677,76,31,-39,96,19,-29,22.66666667,28.66666667,-6,47.31689856,51.48678363,-4.169885078,-39,-29,-10,-0.26,0.28,-0.54,FALSE
1,43,male,4,new,b,1,1.8528999999761595,66,55,-73,97,23,-63,16,19,-3,63.09252465,65.38093504,-2.28841039,-73,-63,-10,-0.69,-0.09,-0.6,FALSE
1,43,male,5,new,a,0,2.393299999952262,58,27,-28,78,17,-20,19,25,-6,35.56215217,40.40627014,-4.844117975,-28,-20,-8,-0.33,0.29,-0.62,FALSE
1,43,male,6,new,a,0,2.6696999999284685,83,52,-36,96,9,-33,33,24,9,50.4050262,53.72150407,-3.31647787,-36,-33,-3,-0.51,0.4,-0.91,FALSE
1,43,male,7,new,b,1,3.120700000047634,72,24,-26,91,16,-19,23.33333333,29.33333333,-6,40.01110957,45.88633299,-5.875223425,-26,-19,-7,-0.02,0.41,-0.43,FALSE
1,43,male,8,new,b,1,1.694100000023866,82,41,-36,94,3,-28,29,23,6,48.91489207,51.77515492,-2.860262842,-36,-28,-8,-0.35,0.52,-0.87,FALSE
1,43,male,9,new,b,1,2.5046000000238564,71,36,-38,93,11,-35,23,23,0,45.43860326,52.94021786,-7.501614591,-38,-35,-3,-0.41,0.33,-0.74,FALSE
1,43,male,10,new,a,0,5.073000000000036,75,51,-33,96,10,-31,31,25,6,46.30334761,52.92132525,-6.617977643,-33,-31,-2,-0.57,0.4,-0.97,FALSE
1,43,male,11,new,b,1,2.9058999999761568,65,61,-27,97,23,-21,33,33,0,42.45782221,48.68949236,-6.231670156,-27,-21,-6,-0.7,0.3,-1,FALSE
1,43,male,12,new,a,0,1.9082000000476569,67,34,-14,82,3,-7,29,26,3,33.2565783,39.80787192,-6.551293622,-14,-7,-7,-0.22,0.67,-0.89,FALSE
1,43,male,13,new,b,1,2.0406000000238578,83,36,-11,86,2,-7,36,27,9,38.3753393,41.88078318,-3.505443879,-11,-7,-4,0,0.68,-0.68,FALSE
1,43,male,14,new,a,0,1.569399999976156,65,35,-38,81,15,-34,20.66666667,20.66666667,0,43.25377312,47.1192341,-3.865460983,-38,-34,-4,-0.46,0.18,-0.64,FALSE
1,43,male,15,new,b,1,2.0053999999761345,40,34,-14,62,29,-4,20,29,-9,24.16609195,26.94438717,-2.778295223,-14,-4,-10,-0.67,0,-0.67,FALSE
1,43,male,16,new,a,0,3.992600000023856,61,33,-4,66,7,-1,30,24,6,26.62079388,29.87752779,-3.25673391,-4,-1,-3,-0.17,0.67,-0.84,FALSE
1,43,male,17,new,a,0,1.6244000000953631,73,35,-13,82,8,-4,31.66666667,28.66666667,3,35.18838192,38.02922853,-2.840846604,-13,-4,-9,-0.14,0.65,-0.79,FALSE
1,43,male,18,new,b,1,5.045400000095356,56,49,-15,84,31,-7,30,36,-6,31.94787421,37.31844941,-5.370575202,-15,-7,-8,-0.68,0.2,-0.88,FALSE
1,43,male,19,new,a,0,2.87110000002383,57,33,-39,75,10,-34,17,17,0,40.79215611,44.77350407,-3.981347961,-39,-34,-5,-0.53,0.23,-0.76,FALSE
1,43,male,20,new,a,0,2.061200000047677,63,62,-52,88,34,-49,24.33333333,24.33333333,0,53.97736151,56.34615239,-2.368790878,-52,-49,-3,-0.71,-0.25,-0.46,FALSE
1,43,male,21,new,b,1,3.376399999976172,82,33,-22,91,7,-14,31,28,3,42.48136847,45.36518489,-2.883816424,-22,-14,-8,-0.07,0.6,-0.67,FALSE
1,43,male,22,new,a,0,1.770599999904675,62,55,-78,93,7,-70,13,10,3,64.41014413,66.57827473,-2.168130606,-78,-70,-8,-0.7,0.07,-0.77,FALSE
1,43,male,23,new,a,0,2.4348000000715047,59,17,-45,75,4,-39,10.33333333,13.33333333,-3,42.71871825,47.00590979,-4.287191544,-45,-39,-6,-0.23,0.29,-0.52,FALSE
1,43,male,25,new,b,1,2.441899999976158,62,41,-30,88,24,-21,24.33333333,30.33333333,-6,39.36439452,44.723844,-5.359449486,-30,-21,-9,-0.56,0.21,-0.77,FALSE
1,43,male,26,new,a,0,1.7561999999285265,59,53,-70,91,2,-60,14,11,3,59.44745579,61.97311245,-2.525656659,-70,-60,-10,-0.7,0.21,-0.91,FALSE
1,43,male,27,new,a,0,3.4873000000715138,45,40,-49,77,30,-44,12,21,-9,43.18178628,49.80629144,-6.624505153,-49,-44,-5,-0.7,-0.27,-0.43,FALSE
1,43,male,28,new,b,1,2.642399999976192,73,32,-44,95,17,-42,20.33333333,23.33333333,-3,48.47221426,56.10902086,-7.6368066,-44,-42,-2,-0.35,0.17,-0.52,FALSE
1,43,male,29,new,b,1,3.6259000000953847,62,43,-86,99,27,-80,6.333333333,15.33333333,-9,65.74867975,73.54061614,-7.79193639,-86,-80,-6,-0.66,-0.23,-0.43,FALSE
1,43,male,30,new,b,1,3.030199999928527,35,19,-36,66,5,-26,6,15,-9,30.40833219,38.21866909,-7.810336894,-36,-26,-10,-0.56,0.37,-0.93,FALSE
1,43,male,31,new,b,1,3.348300000071504,59,34,-23,76,30,-18,23.33333333,29.33333333,-6,34.31552936,38.37823457,-4.062705208,-23,-18,-5,-0.44,-0.03,-0.41,FALSE
1,43,male,32,new,b,1,1.9778999999761029,51,25,-16,72,5,-8,20,23,-3,27.58018612,35.05234181,-7.47215569,-16,-8,-8,-0.27,0.63,-0.9,FALSE
1,43,male,33,new,a,0,3.397300000071596,84,38,-47,98,2,-43,25,19,6,54.26478293,58.80476171,-4.53997878,-47,-43,-4,-0.35,0.41,-0.76,FALSE
1,43,male,34,new,a,0,2.829200000047763,41,39,-29,73,26,-21,17,26,-9,32.53715825,38.3753393,-5.838181059,-29,-21,-8,-0.71,0,-0.71,FALSE
1,43,male,35,new,b,1,1.9571000000238428,70,31,-60,87,5,-51,13.66666667,13.66666667,0,54.46915539,56.6705881,-2.20143271,-60,-51,-9,-0.45,0.23,-0.68,FALSE
1,43,male,36,new,b,1,2.0331000000238646,67,58,-29,93,49,-19,32,41,-9,43.28972164,46.07240678,-2.782685138,-29,-19,-10,-0.68,-0.26,-0.42,FALSE
1,43,male,37,new,b,1,1.9572999999522835,56,39,-80,86,11,-73,5,8,-3,60.50344343,64.94613152,-4.442688096,-80,-73,-7,-0.67,-0.07,-0.6,FALSE
1,43,male,38,new,a,0,2.123199999928488,74,29,-58,96,13,-55,15,18,-3,54.79051013,61.74679479,-6.956284661,-58,-55,-3,-0.37,0.12,-0.49,FALSE
1,43,male,39,new,a,0,1.950200000047744,75,60,-69,99,6,-66,22,13,9,64.63745044,67.54257916,-2.905128718,-69,-66,-3,-0.68,0.15,-0.83,FALSE
1,43,male,40,new,b,1,2.1230000000000477,76,38,-12,82,9,-7,34,28,6,36.037018,38.73843914,-2.701421131,-12,-7,-5,-0.17,0.62,-0.79,FALSE
1,43,male,41,new,a,0,5.017600000023776,74,56,-98,99,2,-96,10.66666667,1.666666667,9,77.18952145,79.60876557,-2.4192441160000002,-98,-96,-2,-0.68,-0.01,-0.67,FALSE
1,43,male,42,new,a,0,1.7214999999999918,86,35,-10,92,6,-5,37,31,6,39.2173431,43.36665386,-4.149310754,-10,-5,-5,0.08,0.67,-0.59,FALSE
1,43,male,0,old,b,1,2.665600000023801,58,38,-11,53,25,-2,28.33333333,25.33333333,3,28.98658694,22.45489306,6.531693879,-11,-2,-9,-0.46,0.02,-0.48,FALSE
1,43,male,1,old,b,1,1.5410000000000537,79,13,-40,74,33,-37,17.33333333,23.33333333,-6,48.67808085,45.82818153,2.849899325,-40,-37,-3,0.13,-0.31,0.44,FALSE
1,43,male,2,old,a,0,2.4904999999999973,79,64,-29,81,28,-22,38,29,9,47.77028365,42.05551886,5.714764789,-29,-22,-7,-0.66,0.04,-0.7,FALSE
1,43,male,3,old,b,1,2.26110000002393,79,16,-61,58,42,-57,11.33333333,14.33333333,-3,57.24993935,50.86146762,6.388471726,-61,-57,-4,-0.12,-0.65,0.53,FALSE
1,43,male,4,old,b,1,2.615000000000009,57,44,-13,53,29,-3,29.33333333,26.33333333,3,30.40102337,22.93953405,7.461489329,-13,-3,-10,-0.61,-0.17,-0.44,FALSE
1,43,male,5,old,b,1,2.555600000023901,74,21,-46,56,42,-40,16.33333333,19.33333333,-3,49.10080334,42.34251869,6.758284654,-46,-40,-6,-0.14,-0.65,0.51,FALSE
1,43,male,6,old,b,1,1.7356999999284426,57,19,-12,42,29,-7,21.33333333,21.33333333,0,28.21740991,20.72572208,7.491687838,-12,-7,-5,0.12,-0.5,0.62,FALSE
1,43,male,8,old,a,0,3.3212000000477246,80,43,-35,75,18,-32,29.33333333,20.33333333,9,47.93282336,43.71371511,4.219108251,-35,-32,-3,-0.4,0.08,-0.48,FALSE
1,43,male,9,old,b,1,3.349399999976185,65,13,-18,61,36,-10,20,29,-9,34.24422092,29.40521496,4.839005967,-18,-10,-8,0.3,-0.34,0.64,FALSE
1,43,male,10,old,b,1,2.442200000047705,96,19,-78,77,43,-74,12.33333333,15.33333333,-3,71.19144768,64.67525716,6.516190515,-78,-74,-4,-0.14,-0.56,0.42,FALSE
1,43,male,11,old,a,0,2.4903000000715565,46,32,-39,42,9,-30,13,7,6,37.21110945,29.42787794,7.783231513,-39,-30,-9,-0.63,-0.1,-0.53,FALSE
1,43,male,12,old,b,1,2.8848999999761418,92,2,-70,66,50,-65,8,17,-9,66.2721661,58.34952156,7.92264454,-70,-65,-5,0.14,-0.67,0.81,FALSE
1,43,male,13,old,a,0,2.497500000000059,53,8,-35,40,19,-33,8.666666667,8.666666667,0,35.92894222,30.68477726,5.244164957,-35,-33,-2,0.03,-0.47,0.5,FALSE
1,43,male,14,old,a,0,3.030199999928413,77,69,-21,82,39,-14,41.66666667,35.66666667,6,44.43222054,39.26264835,5.16957219,-21,-14,-7,-0.69,-0.13,-0.56,FALSE
1,43,male,15,old,a,0,3.47329999995236,65,57,-40,69,18,-32,27.33333333,18.33333333,9,47.72374205,41.23375101,6.489991045,-40,-32,-8,-0.69,0.01,-0.7,FALSE
1,43,male,16,old,a,0,3.556399999976179,79,40,-26,73,13,-20,31,22,9,43.33589736,38.49675311,4.83914425,-26,-20,-6,-0.3,0.34,-0.64,FALSE
1,43,male,17,old,a,0,2.0263999999760927,53,40,-11,50,25,-2,27.33333333,24.33333333,3,27.62044331,21.23414441,6.386298903,-11,-2,-9,-0.59,-0.05,-0.54,FALSE
1,43,male,18,old,b,1,3.681299999952216,48,3,-24,46,23,-15,9,18,-9,29.69848481,25.15286597,4.545618837,-24,-15,-9,0.29,-0.29,0.58,FALSE
1,43,male,19,old,b,1,2.268400000095312,78,43,-10,60,54,-3,37,37,0,36.17549815,28.39013913,7.785359021,-10,-3,-7,-0.24,-0.68,0.44,FALSE
1,43,male,20,old,b,1,2.137099999904649,82,31,-53,64,62,-48,20,26,-6,55.6596802,52.33227175,3.327408449,-53,-48,-5,-0.29,-0.71,0.42,FALSE
1,43,male,21,old,b,1,2.7191000000239,82,11,-76,60,51,-67,5.666666667,14.66666667,-9,64.61338011,57.86382482,6.749555292,-76,-67,-9,-0.12,-0.69,0.57,FALSE
1,43,male,22,old,b,1,2.053900000095382,85,68,-15,91,43,-5,46,43,3,43.68828981,39.19183588,4.496453927,-15,-5,-10,-0.63,0,-0.63,FALSE
1,43,male,23,old,b,1,2.2756000000238146,74,5,-55,57,19,-52,8,8,0,52.70673581,45.17373868,7.532997129,-55,-52,-3,0.09,-0.35,0.44,FALSE
1,43,male,24,old,b,1,1.991700000047672,70,51,-43,75,10,-34,26,17,9,49.40310382,44.77350407,4.629599747,-43,-34,-9,-0.63,0.23,-0.86,FALSE
1,43,male,25,old,b,1,2.442199999928448,98,42,-26,70,68,-24,38,38,0,50.70174224,43.84822307,6.853519172,-26,-24,-2,-0.12,-0.71,0.59,FALSE
1,43,male,26,old,b,1,2.455899999976168,98,58,-16,96,41,-6,46.66666667,43.66666667,3,47.22522866,41.6839964,5.541232266,-16,-6,-10,-0.35,0.1,-0.45,FALSE
1,43,male,27,old,b,1,2.0748999999761963,79,63,-12,80,36,-4,43.33333333,37.33333333,6,39.6680672,34.30581421,5.362252988,-12,-4,-8,-0.62,0.06,-0.68,FALSE
1,43,male,28,old,b,1,1.8051000000237991,70,57,-28,78,40,-19,33,33,0,43.45879274,39.90822806,3.550564686,-28,-19,-9,-0.66,-0.26,-0.4,FALSE
1,43,male,29,old,b,1,1.8392000000477535,87,78,-16,94,52,-6,49.66666667,46.66666667,3,46.57848812,40.99864496,5.579843156,-16,-6,-10,-0.69,-0.19,-0.5,FALSE
1,43,male,30,old,b,1,1.6008000000715583,99,52,-13,90,75,-9,46,52,-6,45.92022067,43.56604182,2.354178852,-13,-9,-4,-0.19,-0.64,0.45,FALSE
1,43,male,31,old,b,1,2.504100000023868,63,16,-47,44,40,-43,10.66666667,13.66666667,-3,45.0653846,40.10264608,4.962738522,-47,-43,-4,-0.18,-0.7,0.52,FALSE
1,43,male,32,old,b,1,1.9497000000476417,91,22,-54,72,61,-47,19.66666667,28.66666667,-9,59.21899095,53.69254035,5.526450601,-54,-47,-7,-0.06,-0.68,0.62,FALSE
1,43,male,33,old,a,0,2.102299999952379,73,52,-43,84,13,-33,27.33333333,21.33333333,6,50.4667107,48.12714642,2.339564283,-43,-33,-10,-0.62,0.25,-0.87,FALSE
1,43,male,34,old,a,0,2.9123999999761736,91,79,-11,99,39,-6,53,44,9,45.51922671,43.01162634,2.507600372,-11,-6,-5,-0.67,0.17,-0.84,FALSE
1,43,male,35,old,b,1,2.2963999999760745,60,5,-41,53,30,-32,8,17,-9,41.28760912,35.89800366,5.389605459,-41,-32,-9,0.11,-0.5,0.61,FALSE
1,43,male,36,old,b,1,2.4761999999285536,61,12,-35,44,34,-31,12.66666667,15.66666667,-3,39.19467084,33.24989557,5.944775267,-35,-31,-4,0.03,-0.66,0.69,FALSE
1,43,male,37,old,b,1,1.85320000004765,46,30,-55,47,6,-50,7,1,6,44.32456054,39.75759885,4.566961681,-55,-50,-5,-0.64,-0.19,-0.45,FALSE
1,43,male,38,old,b,1,3.2035000000000764,59,9,-67,40,31,-61,0.333333333,3.333333333,-3,51.80304581,45.63867755,6.164368259,-67,-61,-6,-0.25,-0.69,0.44,FALSE
1,43,male,39,old,b,1,2.164200000047685,85,24,-45,67,54,-39,21.33333333,27.33333333,-6,53.10576449,47.20404879,5.901715701,-45,-39,-6,-0.08,-0.67,0.59,FALSE
1,43,male,40,old,b,1,2.2891000000238364,56,8,-52,40,33,-43,4,10,-6,44.18144407,37.58545818,6.595985888,-52,-43,-9,-0.14,-0.69,0.55,FALSE
1,43,male,41,old,b,1,1.9083999999761545,48,21,-20,41,36,-10,16.33333333,22.33333333,-6,27.95631513,22.9540604,5.002254727,-20,-10,-10,-0.25,-0.68,0.43,FALSE
1,43,male,42,old,a,0,2.58689999997614,64,62,-48,70,29,-39,26,20,6,52.33227175,44.95182607,7.380445685,-48,-39,-9,-0.71,-0.29,-0.42,FALSE
1,43,male,0,new,a,0,2.1826000000238537,53,40,-78,88,6,-70,5,8,-3,58.92933621,64.51873113,-5.589394916,-78,-70,-8,-0.68,0.05,-0.73,FALSE
1,43,male,1,new,a,0,2.042799999952422,54,51,-50,87,14,-46,18.33333333,18.33333333,0,48.33448274,54.3834125,-6.048929759,-50,-46,-4,-0.71,0.12,-0.83,FALSE
1,43,male,2,new,a,0,1.5620000000000118,69,45,-22,90,19,-17,30.66666667,30.66666667,0,38.50829636,44.45472103,-5.94642467,-22,-17,-5,-0.51,0.38,-0.89,FALSE
1,43,male,3,new,b,1,3.043600000023844,68,60,-38,99,37,-28,30,36,-6,48.19405219,51.85235449,-3.658302303,-38,-28,-10,-0.69,-0.03,-0.66,FALSE
1,43,male,4,new,a,0,2.247900000095342,43,31,-49,75,8,-40,8.333333333,14.33333333,-6,40.83571422,47.16166051,-6.325946295,-49,-40,-9,-0.66,0.2,-0.86,FALSE
1,43,male,5,new,a,0,3.5223999999761872,54,34,-67,84,8,-62,7,10,-3,52.95910372,59.62102537,-6.661921656,-67,-62,-5,-0.63,0.05,-0.68,FALSE
1,43,male,6,new,a,0,1.38250000000005,85,51,-7,92,14,-4,43,34,9,37.98245209,41.66533331,-3.682881223,-7,-4,-3,-0.31,0.61,-0.92,FALSE
1,43,male,7,new,b,1,1.91570000004765,88,50,-27,96,11,-23,37,28,9,47.84001115,50.04664491,-2.206633761,-27,-23,-4,-0.39,0.47,-0.86,FALSE
1,43,male,8,new,a,0,1.8111000000238848,82,49,-19,98,16,-11,37.33333333,34.33333333,3,42.05023451,46.34891824,-4.298683734,-19,-11,-8,-0.39,0.53,-0.92,FALSE
1,43,male,9,new,a,0,2.981299999952398,45,26,-62,73,18,-55,3,12,-9,46.61187259,52.42772803,-5.815855439,-62,-55,-7,-0.62,-0.17,-0.45,FALSE
1,43,male,10,new,a,0,2.8088999999762336,72,24,-83,93,6,-77,4.333333333,7.333333333,-3,64.78854494,69.40861298,-4.620068037,-83,-77,-6,-0.43,0.03,-0.46,FALSE
1,43,male,11,new,a,0,2.8918000000714983,69,50,-40,89,13,-32,26.33333333,23.33333333,3,47.54179448,49.93551397,-2.393719493,-40,-32,-8,-0.62,0.3,-0.92,FALSE
1,43,male,12,new,a,0,2.434999999999945,58,27,-46,74,5,-40,13,13,0,43.59663596,46.88283268,-3.286196723,-46,-40,-6,-0.45,0.25,-0.7,FALSE
1,43,male,13,new,a,0,2.16439999997624,73,23,-91,92,2,-89,1.666666667,1.666666667,0,68.63105873,73.89331649,-5.262257764,-91,-89,-2,-0.44,-0.01,-0.43,FALSE
1,43,male,14,new,a,0,1.811700000047608,56,21,-48,76,2,-40,9.666666667,12.66666667,-3,43.20750964,47.95368136,-4.74617172,-48,-40,-8,-0.38,0.32,-0.7,FALSE
1,43,male,15,new,b,1,2.070799999952328,89,36,-51,98,7,-49,24.66666667,18.66666667,6,57.71385353,60.5768566,-2.863003074,-51,-49,-2,-0.29,0.28,-0.57,FALSE
1,43,male,16,new,a,0,4.131599999904552,79,50,-10,95,17,-2,39.66666667,36.66666667,3,37.06151043,41.97088938,-4.90937895,-10,-2,-8,-0.4,0.6,-1,FALSE
1,43,male,17,new,b,1,3.846499999999992,31,25,-52,57,4,-48,1.333333333,4.333333333,-3,37.79182745,42.86671851,-5.074891054,-52,-48,-4,-0.69,0.01,-0.7,FALSE
1,43,male,18,new,a,0,2.081400000095414,80,48,-26,89,7,-21,34,25,9,44.39219151,46.6761895,-2.283997999,-26,-21,-5,-0.44,0.52,-0.96,FALSE
1,43,male,19,new,a,0,2.178400000095394,78,57,-50,98,6,-46,28.33333333,19.33333333,9,56.04958123,59.5389695,-3.489388273,-50,-46,-4,-0.63,0.32,-0.95,FALSE
1,43,male,20,new,a,0,2.219899999976178,73,53,-41,99,7,-39,28.33333333,22.33333333,6,49.70133019,57.37207993,-7.670749745,-41,-39,-2,-0.62,0.38,-1,FALSE
1,43,male,21,new,a,0,5.004100000023868,62,44,-43,91,27,-37,21,27,-6,45.84757355,52.25578118,-6.408207634,-43,-37,-6,-0.63,0,-0.63,FALSE
1,43,male,22,new,a,0,2.227000000000089,80,38,-19,90,6,-15,33,27,6,40.57092555,45.36518489,-4.794259339,-19,-15,-4,-0.18,0.6,-0.78,FALSE
1,43,male,23,new,a,0,2.870899999976132,59,30,-17,77,20,-7,24,30,-6,31.31559782,35.0142828,-3.698684983,-17,-7,-10,-0.28,0.41,-0.69,FALSE
1,43,male,24,new,a,0,9.46219999992843,32,24,-44,60,15,-36,4,13,-9,34.09789827,39.2173431,-5.119444829,-44,-36,-8,-0.68,-0.08,-0.6,FALSE
1,43,male,25,new,b,1,4.9617999999524045,38,36,-51,71,20,-41,7.666666667,16.66666667,-9,41.49163236,45.78451946,-4.292887105,-51,-41,-10,-0.71,-0.11,-0.6,FALSE
1,43,male,26,new,a,0,2.989100000023768,71,38,-70,91,1,-62,13,10,3,60.21627687,62.78534861,-2.56907174,-70,-62,-8,-0.55,0.21,-0.76,FALSE
1,43,male,27,new,a,0,2.4886000000238937,86,41,-34,96,4,-25,31,25,6,49.49747468,51.58165048,-2.084175801,-34,-25,-9,-0.29,0.54,-0.83,FALSE
1,43,male,28,new,a,0,2.5891999999283826,75,48,-36,95,7,-33,29,23,6,47.26520919,53.46650042,-6.201291223,-36,-33,-3,-0.54,0.42,-0.96,FALSE
1,43,male,29,new,a,0,2.4221000000238746,47,44,-54,78,9,-50,12.33333333,12.33333333,0,46.92073695,52.3089115,-5.388174553,-54,-50,-4,-0.7,0.1,-0.8,FALSE
1,43,male,30,new,a,0,2.6213000000715283,86,32,-13,90,5,-8,35,29,6,40.47221269,43.45879274,-2.986580053,-13,-8,-5,0.11,0.66,-0.55,FALSE
1,43,male,31,new,a,0,1.887700000047744,72,42,-20,78,6,-17,31.33333333,22.33333333,9,38.30868773,40.46672158,-2.158033852,-20,-17,-3,-0.4,0.54,-0.94,FALSE
1,43,male,32,new,a,0,3.2171999999284253,87,54,-16,96,14,-12,41.66666667,32.66666667,9,42.94440851,46.02414825,-3.079739742,-16,-12,-4,-0.41,0.54,-0.95,FALSE
1,43,male,33,new,a,0,2.310599999904639,66,47,-58,95,21,-52,18.33333333,21.33333333,-3,54.53031777,60.01296156,-5.482643798,-58,-52,-6,-0.64,0.01,-0.65,FALSE
1,43,male,34,new,a,0,4.076100000023871,49,45,-36,87,24,-26,19.33333333,28.33333333,-9,39.16063783,46.23370584,-7.073068005,-36,-26,-10,-0.7,0.14,-0.84,FALSE
1,43,male,35,new,a,0,1.9602999999523265,68,52,-62,94,9,-54,19.33333333,16.33333333,3,57.88110419,60.64285247,-2.761748279,-62,-54,-8,-0.67,0.18,-0.85,FALSE
1,43,male,36,new,a,0,2.8614000000953865,44,36,-47,66,12,-45,11,11,0,41.14203041,45.32107677,-4.17904636,-47,-45,-2,-0.69,-0.03,-0.66,FALSE
1,43,male,37,new,b,1,4.663999999999987,38,17,-31,62,16,-27,8,17,-9,28.87905816,36.34097779,-7.461919633,-31,-27,-4,-0.44,0.04,-0.48,FALSE
1,43,male,38,new,b,1,2.649499999999989,42,23,-11,63,18,-9,18,24,-6,21.92411154,29.69848481,-7.774373273,-11,-9,-2,-0.33,0.29,-0.62,FALSE
1,43,male,39,new,b,1,3.7437000000477374,37,15,-44,59,10,-34,2.666666667,11.66666667,-9,34.19876541,37.9853773,-3.786611894,-44,-34,-10,-0.49,0.07,-0.56,FALSE
1,43,male,40,new,a,0,2.5040999999046107,44,31,-57,70,16,-50,6,12,-6,44.86275367,49.07137659,-4.208622918,-57,-50,-7,-0.66,-0.12,-0.54,FALSE
1,43,male,41,new,a,0,1.7487999999523254,73,45,-52,99,1,-43,22,19,3,53.55993528,59.35205697,-5.792121696,-52,-43,-9,-0.56,0.43,-0.99,FALSE
2,30,male,0,old,b,1,5.180999999999983,63,2,-47,49,23,-45,6,9,-3,44.99629614,39.63163719,5.36465895,-47,-45,-2,0.13,-0.49,0.62,FALSE
2,30,male,1,old,b,1,3.525499999999994,76,3,-64,59,38,-55,5,14,-9,57.17225434,49.53786431,7.634390037,-64,-55,-9,0.05,-0.61,0.66,FALSE
2,30,male,2,old,a,0,3.0282000000178755,91,67,-10,95,46,-2,49.33333333,46.33333333,3,43.08389748,39.60078563,3.483111855,-10,-2,-8,-0.55,0.01,-0.56,FALSE
2,30,male,3,old,a,0,6.218099999994024,97,58,-61,98,20,-51,31.33333333,22.33333333,9,67.20284386,60.85136719,6.351476665,-61,-51,-10,-0.53,0.06,-0.59,FALSE
2,30,male,4,old,a,0,2.5430000000000064,92,60,-21,99,43,-11,43.66666667,43.66666667,0,47.55581516,44.90978611,2.646029045,-21,-11,-10,-0.47,0.02,-0.49,FALSE
2,30,male,5,old,b,1,3.2432999999820997,67,11,-13,61,36,-5,21.66666667,30.66666667,-9,33.51948024,27.20702524,6.312455003,-13,-5,-8,0.45,-0.29,0.74,FALSE
2,30,male,6,old,a,0,1.811900000005977,91,81,-24,99,44,-22,49.33333333,40.33333333,9,52.01495511,49.46603773,2.548917383,-24,-22,-2,-0.69,-0.11,-0.58,FALSE
2,30,male,7,old,a,0,2.57850000000002,81,24,-16,74,4,-7,29.66666667,23.66666667,6,39.80228916,35.8732336,3.929055559,-16,-7,-9,0.21,0.66,-0.45,FALSE
2,30,male,8,old,b,1,4.5404000000059455,95,48,-30,71,67,-25,37.66666667,37.66666667,0,51.55148451,44.3421044,7.209380118,-30,-25,-5,-0.29,-0.7,0.41,FALSE
2,30,male,9,old,a,0,4.345800000011934,56,42,-72,65,9,-66,8.666666667,2.666666667,6,57.32558087,53.66770185,3.657879018,-72,-66,-6,-0.68,-0.18,-0.5,FALSE
2,30,male,10,old,a,0,3.328199999988044,93,64,-10,95,40,-6,49,43,6,43.36665386,41.28760912,2.079044738,-10,-6,-4,-0.48,0.11,-0.59,FALSE
2,30,male,11,old,a,0,4.028400000006002,80,72,-12,88,45,-2,46.66666667,43.66666667,3,41.61196409,36.7544404,4.857523695,-12,-2,-10,-0.69,-0.05,-0.64,FALSE
2,30,male,12,old,b,1,3.244900000005998,75,4,-67,57,43,-61,4,13,-9,57.97125725,52.63712252,5.334134731,-67,-61,-6,0,-0.67,0.67,FALSE
2,30,male,13,old,a,0,2.8760999999940395,83,50,-11,85,29,-1,40.66666667,37.66666667,3,38.93869826,35.64017708,3.298521182,-11,-1,-10,-0.35,0.35,-0.7,FALSE
2,30,male,15,old,b,1,4.027900000005957,77,25,-58,53,45,-54,14.66666667,14.66666667,0,55.59576323,48.66438351,6.93137972,-58,-54,-4,-0.27,-0.69,0.42,FALSE
2,30,male,16,old,b,1,4.394900000005976,88,33,-10,73,59,-3,37,43,-6,40.10818703,33.02524287,7.082944157,-10,-3,-7,0.15,-0.61,0.76,FALSE
2,30,male,17,old,b,1,7.593599999994069,55,15,-13,42,31,-7,19,22,-3,27.90459938,20.99206199,6.91253739,-13,-7,-6,0.21,-0.56,0.77,FALSE
2,30,male,18,old,b,1,3.2620000000000005,69,24,-23,60,43,-15,23.33333333,29.33333333,-6,37.56180093,32.10745846,5.454342465,-23,-15,-8,-0.03,-0.56,0.53,FALSE
2,30,male,19,old,a,0,3.4458000000119,99,51,-13,95,36,-3,45.66666667,42.66666667,3,45.87906809,40.28509512,5.59397297,-13,-3,-10,-0.17,0.24,-0.41,FALSE
2,30,male,20,old,a,0,5.22760000002387,91,75,-12,94,55,-4,51.33333333,48.33333333,3,45.25728916,40.28509512,4.97219404,-12,-4,-8,-0.64,-0.24,-0.4,FALSE
2,30,male,21,old,b,1,2.9287000000178978,80,10,-63,59,46,-60,9,15,-6,58.3837877,53.2979049,5.085882805,-63,-60,-3,-0.03,-0.68,0.65,FALSE
2,30,male,22,old,a,0,2.1623000000118964,74,43,-22,76,14,-13,31.66666667,25.66666667,6,40.00277768,37.25885428,2.743923402,-22,-13,-9,-0.4,0.44,-0.84,FALSE
2,30,male,23,old,a,0,4.611799999982111,91,54,-88,96,14,-80,19,10,9,77.1535266,71.90734779,5.246178806,-88,-80,-8,-0.59,-0.08,-0.51,FALSE
2,30,male,24,old,a,0,4.295400000005941,90,44,-48,88,16,-45,28.66666667,19.66666667,9,57.37207993,54.3588897,3.013190235,-48,-45,-3,-0.38,0.1,-0.48,FALSE
2,30,male,25,old,a,0,5.277200000017899,61,54,-82,79,11,-75,11,5,6,65.82299497,63.01322612,2.809768844,-82,-75,-7,-0.7,-0.14,-0.56,FALSE
2,30,male,26,old,a,0,6.294400000005965,66,31,-13,68,19,-3,28,28,0,32.3213036,29.67602849,2.645275119,-13,-3,-10,-0.14,0.43,-0.57,FALSE
2,30,male,27,old,b,1,5.893700000017873,98,41,-24,75,68,-19,38.33333333,41.33333333,-3,49.8419725,42.75771535,7.084257142,-24,-19,-5,-0.08,-0.69,0.61,FALSE
2,30,male,28,old,b,1,6.294699999988097,88,17,-44,82,43,-37,20.33333333,29.33333333,-9,53.94029621,49.5333782,4.406918017,-44,-37,-7,0.09,-0.39,0.48,FALSE
2,30,male,29,old,a,0,1.512300000011919,93,58,-8,94,41,-1,47.66666667,44.66666667,3,41.87547678,38.87015422,3.005322563,-8,-1,-7,-0.36,0.14,-0.5,FALSE
2,30,male,30,old,b,1,1.8618000000118968,83,23,-56,70,49,-51,16.66666667,22.66666667,-6,56.92294987,52.7909925,4.131957375,-56,-51,-5,-0.17,-0.62,0.45,FALSE
2,30,male,31,old,a,0,1.8444999999999825,68,25,-12,60,2,-8,27,18,9,32.69046752,29.97776954,2.712697979,-12,-8,-4,0.09,0.65,-0.56,FALSE
2,30,male,32,old,b,1,1.7960000000000491,53,9,-17,37,30,-13,15,18,-3,28.89059824,22.10580618,6.784792065,-17,-13,-4,0.3,-0.65,0.95,FALSE
2,30,male,33,old,b,1,2.844699999988052,67,19,-22,60,38,-16,21.33333333,27.33333333,-6,36.37153955,31.93048004,4.441059506,-22,-16,-6,0.1,-0.46,0.56,FALSE
2,30,male,34,old,b,1,2.678799999982118,70,12,-66,45,34,-63,5.333333333,5.333333333,0,55.72152985,48.52719741,7.194332436,-66,-63,-3,-0.18,-0.68,0.5,FALSE
2,30,male,35,old,b,1,1.9957999999821252,99,35,-16,88,50,-11,39.33333333,42.33333333,-3,47.0484384,40.77853466,6.269903738,-16,-11,-5,0.14,-0.28,0.42,FALSE
2,30,male,36,old,b,1,1.7597000000178582,93,31,-8,70,68,-4,38.66666667,44.66666667,-6,41.5879256,34.42221505,7.165710549,-8,-4,-4,0.27,-0.71,0.98,FALSE
2,30,male,37,old,a,0,2.1285999999940373,84,27,-36,73,4,-29,25,16,9,49.01020302,42.49705872,6.513144298,-36,-29,-7,-0.06,0.4,-0.46,FALSE
2,30,male,38,old,a,0,1.6622000000178332,94,70,-40,98,38,-30,41.33333333,35.33333333,6,58.33999962,52.2897908,6.050208816,-40,-30,-10,-0.62,-0.08,-0.54,FALSE
2,30,male,39,old,b,1,2.578700000017875,53,8,-34,41,23,-28,9,12,-3,35.52463934,29.22327839,6.301360944,-34,-28,-6,0.04,-0.51,0.55,FALSE
2,30,male,40,old,b,1,2.1610000000000014,85,2,-81,57,52,-76,2,11,-9,67.76921622,61.55214591,6.217070303,-81,-76,-5,0,-0.7,0.7,FALSE
2,30,male,41,old,b,1,6.09439999997619,64,24,-23,50,35,-20,21.66666667,21.66666667,0,35.55590278,30.09245014,5.463452634,-23,-20,-3,-0.1,-0.58,0.48,FALSE
2,30,male,42,old,b,1,3.578599999994026,80,2,-60,69,30,-50,7.333333333,16.33333333,-9,57.27904406,49.5333782,7.745665868,-60,-50,-10,0.14,-0.39,0.53,FALSE
2,30,male,0,new,a,0,1.676199999988114,40,34,-14,62,29,-4,20,29,-9,24.16609195,26.94438717,-2.778295223,-14,-4,-10,-0.67,0,-0.67,FALSE
2,30,male,1,new,a,0,1.1448999999761895,74,56,-98,99,2,-96,10.66666667,1.666666667,9,77.18952145,79.60876557,-2.4192441160000002,-98,-96,-2,-0.68,-0.01,-0.67,FALSE
2,30,male,2,new,a,0,1.896399999976211,75,60,-69,99,6,-66,22,13,9,64.63745044,67.54257916,-2.905128718,-69,-66,-3,-0.68,0.15,-0.83,FALSE
2,30,male,3,new,a,0,2.2125999999940404,59,34,-23,76,30,-18,23.33333333,29.33333333,-6,34.31552936,38.37823457,-4.062705208,-23,-18,-5,-0.44,-0.03,-0.41,FALSE
2,30,male,4,new,a,0,2.879400000006001,56,39,-80,86,11,-73,5,8,-3,60.50344343,64.94613152,-4.442688096,-80,-73,-7,-0.67,-0.07,-0.6,FALSE
2,30,male,5,new,a,0,2.3629999999999995,71,36,-38,93,11,-35,23,23,0,45.43860326,52.94021786,-7.501614591,-38,-35,-3,-0.41,0.33,-0.74,FALSE
2,30,male,6,new,a,0,2.9956999999880622,82,33,-22,91,7,-14,31,28,3,42.48136847,45.36518489,-2.883816424,-22,-14,-8,-0.07,0.6,-0.67,FALSE
2,30,male,7,new,a,0,2.0110999999940304,58,27,-28,78,17,-20,19,25,-6,35.56215217,40.40627014,-4.844117975,-28,-20,-8,-0.33,0.29,-0.62,FALSE
2,30,male,8,new,a,0,1.0465999999940436,65,61,-27,97,23,-21,33,33,0,42.45782221,48.68949236,-6.231670156,-27,-21,-6,-0.7,0.3,-1,FALSE
2,30,male,9,new,b,1,1.529699999988054,67,58,-29,93,49,-19,32,41,-9,43.28972164,46.07240678,-2.782685138,-29,-19,-10,-0.68,-0.26,-0.42,FALSE
2,30,male,10,new,a,0,1.679700000017874,35,19,-36,66,5,-26,6,15,-9,30.40833219,38.21866909,-7.810336894,-36,-26,-10,-0.56,0.37,-0.93,FALSE
2,30,male,11,new,a,0,1.7294000000059668,85,45,-46,95,4,-42,28,19,9,54.81483984,56.92685365,-2.112013812,-46,-42,-4,-0.44,0.38,-0.82,FALSE
2,30,male,12,new,a,0,1.1457999999821027,60,59,-71,98,2,-61,16,13,3,61.51964456,65.37583651,-3.856191956,-71,-61,-10,-0.71,0.25,-0.96,FALSE
2,30,male,13,new,a,0,1.2625999999940518,65,35,-38,81,15,-34,20.66666667,20.66666667,0,43.25377312,47.1192341,-3.865460983,-38,-34,-4,-0.46,0.18,-0.64,FALSE
2,30,male,14,new,a,0,1.2464000000059627,83,52,-36,96,9,-33,33,24,9,50.4050262,53.72150407,-3.31647787,-36,-33,-3,-0.51,0.4,-0.91,FALSE
2,30,male,15,new,a,0,2.227700000017876,73,32,-44,95,17,-42,20.33333333,23.33333333,-3,48.47221426,56.10902086,-7.6368066,-44,-42,-2,-0.35,0.17,-0.52,FALSE
2,30,male,16,new,a,0,2.7956999999880736,59,17,-45,75,4,-39,10.33333333,13.33333333,-3,42.71871825,47.00590979,-4.287191544,-45,-39,-6,-0.23,0.29,-0.52,FALSE
2,30,male,17,new,a,0,1.247000000000014,59,53,-70,91,2,-60,14,11,3,59.44745579,61.97311245,-2.525656659,-70,-60,-10,-0.7,0.21,-0.91,FALSE
2,30,male,18,new,a,0,1.8448999999761213,41,39,-29,73,26,-21,17,26,-9,32.53715825,38.3753393,-5.838181059,-29,-21,-8,-0.71,0,-0.71,FALSE
2,30,male,19,new,a,0,1.129000000000019,75,51,-33,96,10,-31,31,25,6,46.30334761,52.92132525,-6.617977643,-33,-31,-2,-0.57,0.4,-0.97,FALSE
2,30,male,21,new,a,0,0.9608999999761636,62,41,-30,88,24,-21,24.33333333,30.33333333,-6,39.36439452,44.723844,-5.359449486,-30,-21,-9,-0.56,0.21,-0.77,FALSE
2,30,male,22,new,a,0,0.880300000011971,94,45,-8,97,10,-3,43.66666667,34.66666667,9,41.65199742,44.39469438,-2.74269696,-8,-3,-5,-0.05,0.66,-0.71,FALSE
2,30,male,23,new,a,0,0.7956999999880736,62,55,-78,93,7,-70,13,10,3,64.41014413,66.57827473,-2.168130606,-78,-70,-8,-0.7,0.07,-0.77,FALSE
2,30,male,24,new,a,0,1.0522000000178764,76,38,-12,82,9,-7,34,28,6,36.037018,38.73843914,-2.701421131,-12,-7,-5,-0.17,0.62,-0.79,FALSE
2,30,male,25,new,a,0,1.4626999999880468,45,40,-49,77,30,-44,12,21,-9,43.18178628,49.80629144,-6.624505153,-49,-44,-5,-0.7,-0.27,-0.43,FALSE
2,30,male,26,new,a,0,1.7129999999999654,63,62,-52,88,34,-49,24.33333333,24.33333333,0,53.97736151,56.34615239,-2.368790878,-52,-49,-3,-0.71,-0.25,-0.46,FALSE
2,30,male,27,new,a,0,1.0795000000000528,66,55,-73,97,23,-63,16,19,-3,63.09252465,65.38093504,-2.28841039,-73,-63,-10,-0.69,-0.09,-0.6,FALSE
2,30,male,28,new,a,0,1.1627999999820986,70,31,-60,87,5,-51,13.66666667,13.66666667,0,54.46915539,56.6705881,-2.20143271,-60,-51,-9,-0.45,0.23,-0.68,FALSE
2,30,male,29,new,a,0,1.5624000000059368,74,29,-58,96,13,-55,15,18,-3,54.79051013,61.74679479,-6.956284661,-58,-55,-3,-0.37,0.12,-0.49,FALSE
2,30,male,30,new,b,1,1.3629999999999995,72,24,-26,91,16,-19,23.33333333,29.33333333,-6,40.01110957,45.88633299,-5.875223425,-26,-19,-7,-0.02,0.41,-0.43,FALSE
2,30,male,31,new,a,0,2.229800000011892,57,33,-39,75,10,-34,17,17,0,40.79215611,44.77350407,-3.981347961,-39,-34,-5,-0.53,0.23,-0.76,FALSE
2,30,male,32,new,a,0,0.9297999999820944,82,41,-36,94,3,-28,29,23,6,48.91489207,51.77515492,-2.860262842,-36,-28,-8,-0.35,0.52,-0.87,FALSE
2,30,male,33,new,a,0,1.679599999994025,51,25,-16,72,5,-8,20,23,-3,27.58018612,35.05234181,-7.47215569,-16,-8,-8,-0.27,0.63,-0.9,FALSE
2,30,male,34,new,a,0,0.9599999999999796,86,35,-10,92,6,-5,37,31,6,39.2173431,43.36665386,-4.149310754,-10,-5,-5,0.08,0.67,-0.59,FALSE
2,30,male,35,new,a,0,1.5626999999880695,62,43,-86,99,27,-80,6.333333333,15.33333333,-9,65.74867975,73.54061614,-7.79193639,-86,-80,-6,-0.66,-0.23,-0.43,FALSE
2,30,male,36,new,a,0,1.1295999999940136,61,33,-4,66,7,-1,30,24,6,26.62079388,29.87752779,-3.25673391,-4,-1,-3,-0.17,0.67,-0.84,FALSE
2,30,male,37,new,a,0,1.01309999999404,56,49,-15,84,31,-7,30,36,-6,31.94787421,37.31844941,-5.370575202,-15,-7,-8,-0.68,0.2,-0.88,FALSE
2,30,male,38,new,a,0,1.2300000000000182,67,34,-14,82,3,-7,29,26,3,33.2565783,39.80787192,-6.551293622,-14,-7,-7,-0.22,0.67,-0.89,FALSE
2,30,male,39,new,a,0,1.2662999999821525,76,31,-39,96,19,-29,22.66666667,28.66666667,-6,47.31689856,51.48678363,-4.169885078,-39,-29,-10,-0.26,0.28,-0.54,FALSE
2,30,male,40,new,a,0,0.9964000000059628,73,35,-13,82,8,-4,31.66666667,28.66666667,3,35.18838192,38.02922853,-2.840846604,-13,-4,-9,-0.14,0.65,-0.79,FALSE
2,30,male,41,new,a,0,0.9963000000119564,84,38,-47,98,2,-43,25,19,6,54.26478293,58.80476171,-4.53997878,-47,-43,-4,-0.35,0.41,-0.76,FALSE
2,30,male,42,new,a,0,0.9466999999880272,83,36,-11,86,2,-7,36,27,9,38.3753393,41.88078318,-3.505443879,-11,-7,-4,0,0.68,-0.68,FALSE
2,30,male,0,old,b,1,2.0548000000119373,79,16,-61,58,42,-57,11.33333333,14.33333333,-3,57.24993935,50.86146762,6.388471726,-61,-57,-4,-0.12,-0.65,0.53,FALSE
2,30,male,1,old,a,0,1.7290000000000418,98,58,-16,96,41,-6,46.66666667,43.66666667,3,47.22522866,41.6839964,5.541232266,-16,-6,-10,-0.35,0.1,-0.45,FALSE
2,30,male,2,old,a,0,1.262599999993995,46,30,-55,47,6,-50,7,1,6,44.32456054,39.75759885,4.566961681,-55,-50,-5,-0.64,-0.19,-0.45,FALSE
2,30,male,3,old,b,1,1.063000000000102,63,16,-47,44,40,-43,10.66666667,13.66666667,-3,45.0653846,40.10264608,4.962738522,-47,-43,-4,-0.18,-0.7,0.52,FALSE
2,30,male,4,old,b,1,0.8951000000238309,53,8,-35,40,19,-33,8.666666667,8.666666667,0,35.92894222,30.68477726,5.244164957,-35,-33,-2,0.03,-0.47,0.5,FALSE
2,30,male,5,old,b,1,0.8296999999881791,82,11,-76,60,51,-67,5.666666667,14.66666667,-9,64.61338011,57.86382482,6.749555292,-76,-67,-9,-0.12,-0.69,0.57,FALSE
2,30,male,6,old,a,0,0.8292000000179769,70,51,-43,75,10,-34,26,17,9,49.40310382,44.77350407,4.629599747,-43,-34,-9,-0.63,0.23,-0.86,FALSE
2,30,male,7,old,b,1,0.6468000000119218,56,8,-52,40,33,-43,4,10,-6,44.18144407,37.58545818,6.595985888,-52,-43,-9,-0.14,-0.69,0.55,FALSE
2,30,male,8,old,a,0,0.5638000000118382,79,13,-40,74,33,-37,17.33333333,23.33333333,-6,48.67808085,45.82818153,2.849899325,-40,-37,-3,0.13,-0.31,0.44,FALSE
2,30,male,9,old,b,1,0.8274999999999864,92,2,-70,66,50,-65,8,17,-9,66.2721661,58.34952156,7.92264454,-70,-65,-5,0.14,-0.67,0.81,FALSE
2,30,male,10,old,a,0,1.0126999999880582,77,69,-21,82,39,-14,41.66666667,35.66666667,6,44.43222054,39.26264835,5.16957219,-21,-14,-7,-0.69,-0.13,-0.56,FALSE
2,30,male,11,old,b,1,0.5968000000119673,99,52,-13,90,75,-9,46,52,-6,45.92022067,43.56604182,2.354178852,-13,-9,-4,-0.19,-0.64,0.45,FALSE
2,30,male,12,old,a,0,0.7465999999940323,80,43,-35,75,18,-32,29.33333333,20.33333333,9,47.93282336,43.71371511,4.219108251,-35,-32,-3,-0.4,0.08,-0.48,FALSE
2,30,male,13,old,b,1,0.5301000000239355,61,12,-35,44,34,-31,12.66666667,15.66666667,-3,39.19467084,33.24989557,5.944775267,-35,-31,-4,0.03,-0.66,0.69,FALSE
2,30,male,14,old,a,0,0.4964000000060196,65,13,-18,61,36,-10,20,29,-9,34.24422092,29.40521496,4.839005967,-18,-10,-8,0.3,-0.34,0.64,FALSE
2,30,male,15,old,b,1,0.6801999999880763,57,44,-13,53,29,-3,29.33333333,26.33333333,3,30.40102337,22.93953405,7.461489329,-13,-3,-10,-0.61,-0.17,-0.44,FALSE
2,30,male,16,old,b,1,0.8462999999820795,74,21,-46,56,42,-40,16.33333333,19.33333333,-3,49.10080334,42.34251869,6.758284654,-46,-40,-6,-0.14,-0.65,0.51,FALSE
2,30,male,17,old,b,1,1.417999999999893,85,24,-45,67,54,-39,21.33333333,27.33333333,-6,53.10576449,47.20404879,5.901715701,-45,-39,-6,-0.08,-0.67,0.59,FALSE
2,30,male,18,old,a,0,0.6284999999999172,79,63,-12,80,36,-4,43.33333333,37.33333333,6,39.6680672,34.30581421,5.362252988,-12,-4,-8,-0.62,0.06,-0.68,FALSE
2,30,male,19,old,b,1,0.6284000000059677,70,57,-28,78,40,-19,33,33,0,43.45879274,39.90822806,3.550564686,-28,-19,-9,-0.66,-0.26,-0.4,FALSE
2,30,male,20,old,a,0,0.5456999999880736,78,43,-10,60,54,-3,37,37,0,36.17549815,28.39013913,7.785359021,-10,-3,-7,-0.24,-0.68,0.44,FALSE
2,30,male,21,old,b,1,0.31150000000002365,91,22,-54,72,61,-47,19.66666667,28.66666667,-9,59.21899095,53.69254035,5.526450601,-54,-47,-7,-0.06,-0.68,0.62,FALSE
2,30,male,22,old,a,0,1.6119000000059032,87,78,-16,94,52,-6,49.66666667,46.66666667,3,46.57848812,40.99864496,5.579843156,-16,-6,-10,-0.69,-0.19,-0.5,FALSE
2,30,male,23,old,a,0,0.961200000017925,46,32,-39,42,9,-30,13,7,6,37.21110945,29.42787794,7.783231513,-39,-30,-9,-0.63,-0.1,-0.53,FALSE
2,30,male,24,old,b,1,1.4605000000000246,60,5,-41,53,30,-32,8,17,-9,41.28760912,35.89800366,5.389605459,-41,-32,-9,0.11,-0.5,0.61,FALSE
2,30,male,25,old,b,1,1.4294000000058986,96,19,-78,77,43,-74,12.33333333,15.33333333,-3,71.19144768,64.67525716,6.516190515,-78,-74,-4,-0.14,-0.56,0.42,FALSE
2,30,male,26,old,a,0,1.129300000011881,53,40,-11,50,25,-2,27.33333333,24.33333333,3,27.62044331,21.23414441,6.386298903,-11,-2,-9,-0.59,-0.05,-0.54,FALSE
2,30,male,27,old,a,0,0.9450999999939996,73,52,-43,84,13,-33,27.33333333,21.33333333,6,50.4667107,48.12714642,2.339564283,-43,-33,-10,-0.62,0.25,-0.87,FALSE
2,30,male,28,old,a,0,0.9625999999940404,79,64,-29,81,28,-22,38,29,9,47.77028365,42.05551886,5.714764789,-29,-22,-7,-0.66,0.04,-0.7,FALSE
2,30,male,29,old,b,1,2.179699999988088,57,19,-12,42,29,-7,21.33333333,21.33333333,0,28.21740991,20.72572208,7.491687838,-12,-7,-5,0.12,-0.5,0.62,FALSE
2,30,male,30,old,b,1,1.163400000005936,74,5,-55,57,19,-52,8,8,0,52.70673581,45.17373868,7.532997129,-55,-52,-3,0.09,-0.35,0.44,FALSE
2,30,male,31,old,b,1,1.7960999999939986,98,42,-26,70,68,-24,38,38,0,50.70174224,43.84822307,6.853519172,-26,-24,-2,-0.12,-0.71,0.59,FALSE
2,30,male,32,old,b,1,1.2625000000000457,64,62,-48,70,29,-39,26,20,6,52.33227175,44.95182607,7.380445685,-48,-39,-9,-0.71,-0.29,-0.42,FALSE
2,30,male,33,old,b,1,1.6783000000119728,48,21,-20,41,36,-10,16.33333333,22.33333333,-6,27.95631513,22.9540604,5.002254727,-20,-10,-10,-0.25,-0.68,0.43,FALSE
2,30,male,34,old,a,0,1.1462999999821477,91,79,-11,99,39,-6,53,44,9,45.51922671,43.01162634,2.507600372,-11,-6,-5,-0.67,0.17,-0.84,FALSE
2,30,male,35,old,b,1,1.4129000000059475,82,31,-53,64,62,-48,20,26,-6,55.6596802,52.33227175,3.327408449,-53,-48,-5,-0.29,-0.71,0.42,FALSE
2,30,male,36,old,b,1,1.0798000000119146,48,3,-24,46,23,-15,9,18,-9,29.69848481,25.15286597,4.545618837,-24,-15,-9,0.29,-0.29,0.58,FALSE
2,30,male,37,old,a,0,1.079400000005876,65,57,-40,69,18,-32,27.33333333,18.33333333,9,47.72374205,41.23375101,6.489991045,-40,-32,-8,-0.69,0.01,-0.7,FALSE
2,30,male,38,old,a,0,1.3624000000058911,85,68,-15,91,43,-5,46,43,3,43.68828981,39.19183588,4.496453927,-15,-5,-10,-0.63,0,-0.63,FALSE
2,30,male,40,old,a,0,1.3959999999999582,79,40,-26,73,13,-20,31,22,9,43.33589736,38.49675311,4.83914425,-26,-20,-6,-0.3,0.34,-0.64,FALSE
2,30,male,41,old,a,0,1.07939999997609,58,38,-11,53,25,-2,28.33333333,25.33333333,3,28.98658694,22.45489306,6.531693879,-11,-2,-9,-0.46,0.02,-0.48,FALSE
2,30,male,42,old,b,1,1.1629000000059475,59,9,-67,40,31,-61,0.333333333,3.333333333,-3,51.80304581,45.63867755,6.164368259,-67,-61,-6,-0.25,-0.69,0.44,FALSE
2,30,male,0,new,a,0,1.3433999999761,87,54,-16,96,14,-12,41.66666667,32.66666667,9,42.94440851,46.02414825,-3.079739742,-16,-12,-4,-0.41,0.54,-0.95,FALSE
2,30,male,1,new,a,0,0.8299000000059777,78,57,-50,98,6,-46,28.33333333,19.33333333,9,56.04958123,59.5389695,-3.489388273,-50,-46,-4,-0.63,0.32,-0.95,FALSE
2,30,male,2,new,a,0,1.0129000000059705,56,21,-48,76,2,-40,9.666666667,12.66666667,-3,43.20750964,47.95368136,-4.74617172,-48,-40,-8,-0.38,0.32,-0.7,FALSE
2,30,male,3,new,a,0,1.1129000000059932,44,36,-47,66,12,-45,11,11,0,41.14203041,45.32107677,-4.17904636,-47,-45,-2,-0.69,-0.03,-0.66,FALSE
2,30,male,4,new,b,1,1.2793999999761354,69,50,-40,89,13,-32,26.33333333,23.33333333,3,47.54179448,49.93551397,-2.393719493,-40,-32,-8,-0.62,0.3,-0.92,FALSE
2,30,male,5,new,a,0,1.3795000000000073,73,45,-52,99,1,-43,22,19,3,53.55993528,59.35205697,-5.792121696,-52,-43,-9,-0.56,0.43,-0.99,FALSE
2,30,male,6,new,a,0,1.0128999999761843,80,38,-19,90,6,-15,33,27,6,40.57092555,45.36518489,-4.794259339,-19,-15,-4,-0.18,0.6,-0.78,FALSE
2,30,male,7,new,a,0,1.0626999999881264,54,51,-50,87,14,-46,18.33333333,18.33333333,0,48.33448274,54.3834125,-6.048929759,-50,-46,-4,-0.71,0.12,-0.83,FALSE
2,30,male,8,new,a,0,1.3795999999940705,47,44,-54,78,9,-50,12.33333333,12.33333333,0,46.92073695,52.3089115,-5.388174553,-54,-50,-4,-0.7,0.1,-0.8,FALSE
2,30,male,9,new,b,1,1.3960999999940211,66,47,-58,95,21,-52,18.33333333,21.33333333,-3,54.53031777,60.01296156,-5.482643798,-58,-52,-6,-0.64,0.01,-0.65,FALSE
2,30,male,10,new,a,0,2.1287000000179432,45,26,-62,73,18,-55,3,12,-9,46.61187259,52.42772803,-5.815855439,-62,-55,-7,-0.62,-0.17,-0.45,FALSE
2,30,male,11,new,a,0,1.6115999999940414,37,15,-44,59,10,-34,2.666666667,11.66666667,-9,34.19876541,37.9853773,-3.786611894,-44,-34,-10,-0.49,0.07,-0.56,FALSE
2,30,male,12,new,a,0,0.7792999999820722,82,49,-19,98,16,-11,37.33333333,34.33333333,3,42.05023451,46.34891824,-4.298683734,-19,-11,-8,-0.39,0.53,-0.92,FALSE
2,30,male,13,new,a,0,1.0299000000060232,53,40,-78,88,6,-70,5,8,-3,58.92933621,64.51873113,-5.589394916,-78,-70,-8,-0.68,0.05,-0.73,FALSE
2,30,male,14,new,a,0,1.3129999999999882,72,42,-20,78,6,-17,31.33333333,22.33333333,9,38.30868773,40.46672158,-2.158033852,-20,-17,-3,-0.4,0.54,-0.94,FALSE
2,30,male,15,new,a,0,1.8124000000060505,88,50,-27,96,11,-23,37,28,9,47.84001115,50.04664491,-2.206633761,-27,-23,-4,-0.39,0.47,-0.86,FALSE
2,30,male,16,new,a,0,2.878900000005956,38,17,-31,62,16,-27,8,17,-9,28.87905816,36.34097779,-7.461919633,-31,-27,-4,-0.44,0.04,-0.48,FALSE
2,30,male,17,new,a,0,2.129400000005944,32,24,-44,60,15,-36,4,13,-9,34.09789827,39.2173431,-5.119444829,-44,-36,-8,-0.68,-0.08,-0.6,FALSE
2,30,male,18,new,b,1,1.828000000000088,86,32,-13,90,5,-8,35,29,6,40.47221269,43.45879274,-2.986580053,-13,-8,-5,0.11,0.66,-0.55,FALSE
2,30,male,19,new,a,0,1.2294000000059668,31,25,-52,57,4,-48,1.333333333,4.333333333,-3,37.79182745,42.86671851,-5.074891054,-52,-48,-4,-0.69,0.01,-0.7,FALSE
2,30,male,20,new,a,0,0.8464000000059286,75,48,-36,95,7,-33,29,23,6,47.26520919,53.46650042,-6.201291223,-36,-33,-3,-0.54,0.42,-0.96,FALSE
2,30,male,21,new,a,0,1.679599999994025,62,44,-43,91,27,-37,21,27,-6,45.84757355,52.25578118,-6.408207634,-43,-37,-6,-0.63,0,-0.63,FALSE
2,30,male,22,new,b,1,1.3964000000058832,59,30,-17,77,20,-7,24,30,-6,31.31559782,35.0142828,-3.698684983,-17,-7,-10,-0.28,0.41,-0.69,FALSE
2,30,male,23,new,a,0,1.3525000000000773,43,31,-49,75,8,-40,8.333333333,14.33333333,-6,40.83571422,47.16166051,-6.325946295,-49,-40,-9,-0.66,0.2,-0.86,FALSE
2,30,male,24,new,a,0,0.9132999999820868,80,48,-26,89,7,-21,34,25,9,44.39219151,46.6761895,-2.283997999,-26,-21,-5,-0.44,0.52,-0.96,FALSE
2,30,male,25,new,a,0,1.0298000000118464,73,23,-91,92,2,-89,1.666666667,1.666666667,0,68.63105873,73.89331649,-5.262257764,-91,-89,-2,-0.44,-0.01,-0.43,FALSE
2,30,male,26,new,a,0,1.0796999999880654,68,60,-38,99,37,-28,30,36,-6,48.19405219,51.85235449,-3.658302303,-38,-28,-10,-0.69,-0.03,-0.66,FALSE
2,30,male,27,new,a,0,1.3629000000059932,44,31,-57,70,16,-50,6,12,-6,44.86275367,49.07137659,-4.208622918,-57,-50,-7,-0.66,-0.12,-0.54,FALSE
2,30,male,28,new,a,0,0.9959000000060314,42,23,-11,63,18,-9,18,24,-6,21.92411154,29.69848481,-7.774373273,-11,-9,-2,-0.33,0.29,-0.62,FALSE
2,30,male,29,new,a,0,0.9627000000178896,54,34,-67,84,8,-62,7,10,-3,52.95910372,59.62102537,-6.661921656,-67,-62,-5,-0.63,0.05,-0.68,FALSE
2,30,male,30,new,a,0,0.979799999982106,58,27,-46,74,5,-40,13,13,0,43.59663596,46.88283268,-3.286196723,-46,-40,-6,-0.45,0.25,-0.7,FALSE
2,30,male,31,new,a,0,0.9958999999761318,72,24,-83,93,6,-77,4.333333333,7.333333333,-3,64.78854494,69.40861298,-4.620068037,-83,-77,-6,-0.43,0.03,-0.46,FALSE
2,30,male,32,new,a,0,0.6967000000178132,89,36,-51,98,7,-49,24.66666667,18.66666667,6,57.71385353,60.5768566,-2.863003074,-51,-49,-2,-0.29,0.28,-0.57,FALSE
2,30,male,33,new,a,0,0.6630000000000109,86,41,-34,96,4,-25,31,25,6,49.49747468,51.58165048,-2.084175801,-34,-25,-9,-0.29,0.54,-0.83,FALSE
2,30,male,34,new,a,0,1.1705999999940104,49,45,-36,87,24,-26,19.33333333,28.33333333,-9,39.16063783,46.23370584,-7.073068005,-36,-26,-10,-0.7,0.14,-0.84,FALSE
2,30,male,35,new,a,0,1.3462999999820795,85,51,-7,92,14,-4,43,34,9,37.98245209,41.66533331,-3.682881223,-7,-4,-3,-0.31,0.61,-0.92,FALSE
2,30,male,36,new,a,0,1.1467000000178589,69,45,-22,90,19,-17,30.66666667,30.66666667,0,38.50829636,44.45472103,-5.94642467,-22,-17,-5,-0.51,0.38,-0.89,FALSE
2,30,male,37,new,a,0,1.2275999999941405,38,36,-51,71,20,-41,7.666666667,16.66666667,-9,41.49163236,45.78451946,-4.292887105,-51,-41,-10,-0.71,-0.11,-0.6,FALSE
2,30,male,38,new,a,0,0.929599999994025,71,38,-70,91,1,-62,13,10,3,60.21627687,62.78534861,-2.56907174,-70,-62,-8,-0.55,0.21,-0.76,FALSE
2,30,male,39,new,a,0,0.8464999999999918,79,50,-10,95,17,-2,39.66666667,36.66666667,3,37.06151043,41.97088938,-4.90937895,-10,-2,-8,-0.4,0.6,-1,FALSE
2,30,male,40,new,a,0,0.8962999999821477,68,52,-62,94,9,-54,19.33333333,16.33333333,3,57.88110419,60.64285247,-2.761748279,-62,-54,-8,-0.67,0.18,-0.85,FALSE
2,30,male,41,new,a,0,0.9133000000119864,73,53,-41,99,7,-39,28.33333333,22.33333333,6,49.70133019,57.37207993,-7.670749745,-41,-39,-2,-0.62,0.38,-1,FALSE
3,49,male,0,new,b,1,5.505199999988122,57,33,-39,75,10,-34,17,17,0,40.79215611,44.77350407,-3.981347961,-39,-34,-5,-0.53,0.23,-0.76,FALSE
3,49,male,1,new,a,0,5.238599999993994,75,60,-69,99,6,-66,22,13,9,64.63745044,67.54257916,-2.905128718,-69,-66,-3,-0.68,0.15,-0.83,FALSE
3,49,male,2,new,b,1,4.81790000000592,41,39,-29,73,26,-21,17,26,-9,32.53715825,38.3753393,-5.838181059,-29,-21,-8,-0.71,0,-0.71,FALSE
3,49,male,3,new,b,1,2.818200000017896,67,58,-29,93,49,-19,32,41,-9,43.28972164,46.07240678,-2.782685138,-29,-19,-10,-0.68,-0.26,-0.42,FALSE
3,49,male,4,new,a,0,3.764399999976149,67,34,-14,82,3,-7,29,26,3,33.2565783,39.80787192,-6.551293622,-14,-7,-7,-0.22,0.67,-0.89,FALSE
3,49,male,5,new,a,0,2.856700000017895,74,29,-58,96,13,-55,15,18,-3,54.79051013,61.74679479,-6.956284661,-58,-55,-3,-0.37,0.12,-0.49,FALSE
3,49,male,6,new,b,1,2.972900000005893,56,49,-15,84,31,-7,30,36,-6,31.94787421,37.31844941,-5.370575202,-15,-7,-8,-0.68,0.2,-0.88,FALSE
3,49,male,7,new,b,1,3.0996999999880472,51,25,-16,72,5,-8,20,23,-3,27.58018612,35.05234181,-7.47215569,-16,-8,-8,-0.27,0.63,-0.9,FALSE
3,49,male,8,new,b,1,4.535299999982044,56,39,-80,86,11,-73,5,8,-3,60.50344343,64.94613152,-4.442688096,-80,-73,-7,-0.67,-0.07,-0.6,FALSE
3,49,male,9,new,a,0,5.9249999999999545,71,36,-38,93,11,-35,23,23,0,45.43860326,52.94021786,-7.501614591,-38,-35,-3,-0.41,0.33,-0.74,FALSE
3,49,male,10,new,b,1,3.4479000000060296,45,40,-49,77,30,-44,12,21,-9,43.18178628,49.80629144,-6.624505153,-49,-44,-5,-0.7,-0.27,-0.43,FALSE
3,49,male,11,new,a,0,2.566199999988044,85,45,-46,95,4,-42,28,19,9,54.81483984,56.92685365,-2.112013812,-46,-42,-4,-0.44,0.38,-0.82,FALSE
3,49,male,12,new,a,0,7.783000000000015,60,59,-71,98,2,-61,16,13,3,61.51964456,65.37583651,-3.856191956,-71,-61,-10,-0.71,0.25,-0.96,FALSE
3,49,male,13,new,b,1,7.253100000023892,59,34,-23,76,30,-18,23.33333333,29.33333333,-6,34.31552936,38.37823457,-4.062705208,-23,-18,-5,-0.44,-0.03,-0.41,FALSE
3,49,male,14,new,a,0,4.326999999999998,82,33,-22,91,7,-14,31,28,3,42.48136847,45.36518489,-2.883816424,-22,-14,-8,-0.07,0.6,-0.67,FALSE
3,49,male,15,new,b,1,6.521399999976097,73,32,-44,95,17,-42,20.33333333,23.33333333,-3,48.47221426,56.10902086,-7.6368066,-44,-42,-2,-0.35,0.17,-0.52,FALSE
3,49,male,16,new,a,0,2.729099999994105,75,51,-33,96,10,-31,31,25,6,46.30334761,52.92132525,-6.617977643,-33,-31,-2,-0.57,0.4,-0.97,FALSE
3,49,male,17,new,a,0,2.704499999999939,74,56,-98,99,2,-96,10.66666667,1.666666667,9,77.18952145,79.60876557,-2.4192441160000002,-98,-96,-2,-0.68,-0.01,-0.67,FALSE
3,49,male,18,new,b,1,4.3590999999941005,35,19,-36,66,5,-26,6,15,-9,30.40833219,38.21866909,-7.810336894,-36,-26,-10,-0.56,0.37,-0.93,FALSE
3,49,male,19,new,a,0,3.1097999999821013,66,55,-73,97,23,-63,16,19,-3,63.09252465,65.38093504,-2.28841039,-73,-63,-10,-0.69,-0.09,-0.6,FALSE
3,49,male,20,new,b,1,4.025999999999954,62,41,-30,88,24,-21,24.33333333,30.33333333,-6,39.36439452,44.723844,-5.359449486,-30,-21,-9,-0.56,0.21,-0.77,FALSE
3,49,male,21,new,a,0,5.759599999994066,63,62,-52,88,34,-49,24.33333333,24.33333333,0,53.97736151,56.34615239,-2.368790878,-52,-49,-3,-0.71,-0.25,-0.46,FALSE
3,49,male,22,new,b,1,5.315500000000043,59,17,-45,75,4,-39,10.33333333,13.33333333,-3,42.71871825,47.00590979,-4.287191544,-45,-39,-6,-0.23,0.29,-0.52,FALSE
3,49,male,23,new,a,0,3.739599999994084,83,36,-11,86,2,-7,36,27,9,38.3753393,41.88078318,-3.505443879,-11,-7,-4,0,0.68,-0.68,FALSE
3,49,male,24,new,a,0,2.697999999999979,86,35,-10,92,6,-5,37,31,6,39.2173431,43.36665386,-4.149310754,-10,-5,-5,0.08,0.67,-0.59,FALSE
3,49,male,25,new,b,1,3.9726999999880954,62,43,-86,99,27,-80,6.333333333,15.33333333,-9,65.74867975,73.54061614,-7.79193639,-86,-80,-6,-0.66,-0.23,-0.43,FALSE
3,49,male,26,new,b,1,4.614400000005958,72,24,-26,91,16,-19,23.33333333,29.33333333,-6,40.01110957,45.88633299,-5.875223425,-26,-19,-7,-0.02,0.41,-0.43,FALSE
3,49,male,27,new,a,0,5.907099999993989,84,38,-47,98,2,-43,25,19,6,54.26478293,58.80476171,-4.53997878,-47,-43,-4,-0.35,0.41,-0.76,FALSE
3,49,male,28,new,a,0,3.840200000017944,62,55,-78,93,7,-70,13,10,3,64.41014413,66.57827473,-2.168130606,-78,-70,-8,-0.7,0.07,-0.77,FALSE
3,49,male,29,new,b,1,3.993700000017952,40,34,-14,62,29,-4,20,29,-9,24.16609195,26.94438717,-2.778295223,-14,-4,-10,-0.67,0,-0.67,FALSE
3,49,male,30,new,b,1,3.7935999999940577,58,27,-28,78,17,-20,19,25,-6,35.56215217,40.40627014,-4.844117975,-28,-20,-8,-0.33,0.29,-0.62,FALSE
3,49,male,31,new,a,0,4.514900000005923,76,38,-12,82,9,-7,34,28,6,36.037018,38.73843914,-2.701421131,-12,-7,-5,-0.17,0.62,-0.79,FALSE
3,49,male,32,new,a,0,3.032700000017826,94,45,-8,97,10,-3,43.66666667,34.66666667,9,41.65199742,44.39469438,-2.74269696,-8,-3,-5,-0.05,0.66,-0.71,FALSE
3,49,male,33,new,a,0,5.690400000005866,82,41,-36,94,3,-28,29,23,6,48.91489207,51.77515492,-2.860262842,-36,-28,-8,-0.35,0.52,-0.87,FALSE
3,49,male,34,new,a,0,5.258600000023762,83,52,-36,96,9,-33,33,24,9,50.4050262,53.72150407,-3.31647787,-36,-33,-3,-0.51,0.4,-0.91,FALSE
3,49,male,35,new,a,0,5.575300000011907,59,53,-70,91,2,-60,14,11,3,59.44745579,61.97311245,-2.525656659,-70,-60,-10,-0.7,0.21,-0.91,FALSE
3,49,male,36,new,b,1,3.8432999999821504,76,31,-39,96,19,-29,22.66666667,28.66666667,-6,47.31689856,51.48678363,-4.169885078,-39,-29,-10,-0.26,0.28,-0.54,FALSE
3,49,male,37,new,a,0,3.822999999999979,73,35,-13,82,8,-4,31.66666667,28.66666667,3,35.18838192,38.02922853,-2.840846604,-13,-4,-9,-0.14,0.65,-0.79,FALSE
3,49,male,38,new,a,0,2.836999999999989,61,33,-4,66,7,-1,30,24,6,26.62079388,29.87752779,-3.25673391,-4,-1,-3,-0.17,0.67,-0.84,FALSE
3,49,male,40,new,b,1,5.964900000005969,70,31,-60,87,5,-51,13.66666667,13.66666667,0,54.46915539,56.6705881,-2.20143271,-60,-51,-9,-0.45,0.23,-0.68,FALSE
3,49,male,41,new,b,1,5.528400000005945,65,35,-38,81,15,-34,20.66666667,20.66666667,0,43.25377312,47.1192341,-3.865460983,-38,-34,-4,-0.46,0.18,-0.64,FALSE
3,49,male,42,new,b,1,7.574499999999944,65,61,-27,97,23,-21,33,33,0,42.45782221,48.68949236,-6.231670156,-27,-21,-6,-0.7,0.3,-1,FALSE
3,49,male,0,old,b,1,4.476299999982075,83,23,-56,70,49,-51,16.66666667,22.66666667,-6,56.92294987,52.7909925,4.131957375,-56,-51,-5,-0.17,-0.62,0.45,FALSE
3,49,male,1,old,b,1,3.374500000000012,99,51,-13,95,36,-3,45.66666667,42.66666667,3,45.87906809,40.28509512,5.59397297,-13,-3,-10,-0.17,0.24,-0.41,FALSE
3,49,male,2,old,a,0,2.741999999999962,93,64,-10,95,40,-6,49,43,6,43.36665386,41.28760912,2.079044738,-10,-6,-4,-0.48,0.11,-0.59,FALSE
3,49,male,3,old,b,1,3.0404000000060023,75,4,-67,57,43,-61,4,13,-9,57.97125725,52.63712252,5.334134731,-67,-61,-6,0,-0.67,0.67,FALSE
3,49,male,4,old,b,1,4.87609999999404,91,67,-10,95,46,-2,49.33333333,46.33333333,3,43.08389748,39.60078563,3.483111855,-10,-2,-8,-0.55,0.01,-0.56,FALSE
3,49,male,6,old,b,1,6.506800000011708,80,10,-63,59,46,-60,9,15,-6,58.3837877,53.2979049,5.085882805,-63,-60,-3,-0.03,-0.68,0.65,FALSE
3,49,male,7,old,a,0,3.26299999999992,74,43,-22,76,14,-13,31.66666667,25.66666667,6,40.00277768,37.25885428,2.743923402,-22,-13,-9,-0.4,0.44,-0.84,FALSE
3,49,male,8,old,b,1,2.810599999993883,92,60,-21,99,43,-11,43.66666667,43.66666667,0,47.55581516,44.90978611,2.646029045,-21,-11,-10,-0.47,0.02,-0.49,FALSE
3,49,male,9,old,b,1,4.091700000017909,99,35,-16,88,50,-11,39.33333333,42.33333333,-3,47.0484384,40.77853466,6.269903738,-16,-11,-5,0.14,-0.28,0.42,FALSE
3,49,male,10,old,a,0,6.209500000000162,66,31,-13,68,19,-3,28,28,0,32.3213036,29.67602849,2.645275119,-13,-3,-10,-0.14,0.43,-0.57,FALSE
3,49,male,11,old,b,1,2.556500000000142,91,75,-12,94,55,-4,51.33333333,48.33333333,3,45.25728916,40.28509512,4.97219404,-12,-4,-8,-0.64,-0.24,-0.4,FALSE
3,49,male,12,old,b,1,3.5309000000061133,67,11,-13,61,36,-5,21.66666667,30.66666667,-9,33.51948024,27.20702524,6.312455003,-13,-5,-8,0.45,-0.29,0.74,FALSE
3,49,male,13,old,a,0,2.2485999999942123,91,81,-24,99,44,-22,49.33333333,40.33333333,9,52.01495511,49.46603773,2.548917383,-24,-22,-2,-0.69,-0.11,-0.58,FALSE
3,49,male,14,old,b,1,4.159500000000207,63,2,-47,49,23,-45,6,9,-3,44.99629614,39.63163719,5.36465895,-47,-45,-2,0.13,-0.49,0.62,FALSE
3,49,male,15,old,b,1,4.143000000000029,98,41,-24,75,68,-19,38.33333333,41.33333333,-3,49.8419725,42.75771535,7.084257142,-24,-19,-5,-0.08,-0.69,0.61,FALSE
3,49,male,16,old,b,1,2.8280999999940377,53,8,-34,41,23,-28,9,12,-3,35.52463934,29.22327839,6.301360944,-34,-28,-6,0.04,-0.51,0.55,FALSE
3,49,male,17,old,b,1,3.5105000000000928,76,3,-64,59,38,-55,5,14,-9,57.17225434,49.53786431,7.634390037,-64,-55,-9,0.05,-0.61,0.66,FALSE
3,49,male,18,old,b,1,3.039400000006026,64,24,-23,50,35,-20,21.66666667,21.66666667,0,35.55590278,30.09245014,5.463452634,-23,-20,-3,-0.1,-0.58,0.48,FALSE
3,49,male,19,old,b,1,3.3585999999941123,85,2,-81,57,52,-76,2,11,-9,67.76921622,61.55214591,6.217070303,-81,-76,-5,0,-0.7,0.7,FALSE
3,49,male,20,old,a,0,3.153699999988021,84,27,-36,73,4,-29,25,16,9,49.01020302,42.49705872,6.513144298,-36,-29,-7,-0.06,0.4,-0.46,FALSE
3,49,male,21,old,b,1,2.945400000005975,80,2,-60,69,30,-50,7.333333333,16.33333333,-9,57.27904406,49.5333782,7.745665868,-60,-50,-10,0.14,-0.39,0.53,FALSE
3,49,male,22,old,a,0,3.6778000000119846,83,50,-11,85,29,-1,40.66666667,37.66666667,3,38.93869826,35.64017708,3.298521182,-11,-1,-10,-0.35,0.35,-0.7,FALSE
3,49,male,23,old,a,0,4.508000000000038,97,58,-61,98,20,-51,31.33333333,22.33333333,9,67.20284386,60.85136719,6.351476665,-61,-51,-10,-0.53,0.06,-0.59,FALSE
3,49,male,24,old,a,0,3.2921999999880427,91,54,-88,96,14,-80,19,10,9,77.1535266,71.90734779,5.246178806,-88,-80,-8,-0.59,-0.08,-0.51,FALSE
3,49,male,25,old,a,0,3.898299999982101,90,44,-48,88,16,-45,28.66666667,19.66666667,9,57.37207993,54.3588897,3.013190235,-48,-45,-3,-0.38,0.1,-0.48,FALSE
3,49,male,26,old,a,0,2.5778999999761254,94,70,-40,98,38,-30,41.33333333,35.33333333,6,58.33999962,52.2897908,6.050208816,-40,-30,-10,-0.62,-0.08,-0.54,FALSE
3,49,male,27,old,b,1,2.942299999982197,88,33,-10,73,59,-3,37,43,-6,40.10818703,33.02524287,7.082944157,-10,-3,-7,0.15,-0.61,0.76,FALSE
3,49,male,28,old,a,0,2.6579999999999018,70,12,-66,45,34,-63,5.333333333,5.333333333,0,55.72152985,48.52719741,7.194332436,-66,-63,-3,-0.18,-0.68,0.5,FALSE
3,49,male,29,old,b,1,2.9379000000058118,69,24,-23,60,43,-15,23.33333333,29.33333333,-6,37.56180093,32.10745846,5.454342465,-23,-15,-8,-0.03,-0.56,0.53,FALSE
3,49,male,30,old,a,0,3.1461999999880845,93,58,-8,94,41,-1,47.66666667,44.66666667,3,41.87547678,38.87015422,3.005322563,-8,-1,-7,-0.36,0.14,-0.5,FALSE
3,49,male,31,old,a,0,4.491600000023936,61,54,-82,79,11,-75,11,5,6,65.82299497,63.01322612,2.809768844,-82,-75,-7,-0.7,-0.14,-0.56,FALSE
3,49,male,32,old,b,1,2.910199999987981,53,9,-17,37,30,-13,15,18,-3,28.89059824,22.10580618,6.784792065,-17,-13,-4,0.3,-0.65,0.95,FALSE
3,49,male,33,old,b,1,3.023099999994201,93,31,-8,70,68,-4,38.66666667,44.66666667,-6,41.5879256,34.42221505,7.165710549,-8,-4,-4,0.27,-0.71,0.98,FALSE
3,49,male,34,old,b,1,2.964599999994107,88,17,-44,82,43,-37,20.33333333,29.33333333,-9,53.94029621,49.5333782,4.406918017,-44,-37,-7,0.09,-0.39,0.48,FALSE
3,49,male,35,old,b,1,4.219400000005862,67,19,-22,60,38,-16,21.33333333,27.33333333,-6,36.37153955,31.93048004,4.441059506,-22,-16,-6,0.1,-0.46,0.56,FALSE
3,49,male,36,old,b,1,2.0880999999940286,95,48,-30,71,67,-25,37.66666667,37.66666667,0,51.55148451,44.3421044,7.209380118,-30,-25,-5,-0.29,-0.7,0.41,FALSE
3,49,male,37,old,a,0,4.282199999988052,56,42,-72,65,9,-66,8.666666667,2.666666667,6,57.32558087,53.66770185,3.657879018,-72,-66,-6,-0.68,-0.18,-0.5,FALSE
3,49,male,38,old,a,0,3.966400000005933,80,72,-12,88,45,-2,46.66666667,43.66666667,3,41.61196409,36.7544404,4.857523695,-12,-2,-10,-0.69,-0.05,-0.64,FALSE
3,49,male,39,old,a,0,3.047900000005938,68,25,-12,60,2,-8,27,18,9,32.69046752,29.97776954,2.712697979,-12,-8,-4,0.09,0.65,-0.56,FALSE
3,49,male,40,old,b,1,4.807299999982206,55,15,-13,42,31,-7,19,22,-3,27.90459938,20.99206199,6.91253739,-13,-7,-6,0.21,-0.56,0.77,FALSE
3,49,male,41,old,b,1,3.078900000005888,77,25,-58,53,45,-54,14.66666667,14.66666667,0,55.59576323,48.66438351,6.93137972,-58,-54,-4,-0.27,-0.69,0.42,FALSE
3,49,male,42,old,a,0,3.4467000000176995,81,24,-16,74,4,-7,29.66666667,23.66666667,6,39.80228916,35.8732336,3.929055559,-16,-7,-9,0.21,0.66,-0.45,FALSE
3,49,male,0,new,b,1,7.081300000011879,45,26,-62,73,18,-55,3,12,-9,46.61187259,52.42772803,-5.815855439,-62,-55,-7,-0.62,-0.17,-0.45,FALSE
3,49,male,1,new,b,1,5.147399999976187,73,23,-91,92,2,-89,1.666666667,1.666666667,0,68.63105873,73.89331649,-5.262257764,-91,-89,-2,-0.44,-0.01,-0.43,FALSE
3,49,male,2,new,a,0,5.037099999994098,71,38,-70,91,1,-62,13,10,3,60.21627687,62.78534861,-2.56907174,-70,-62,-8,-0.55,0.21,-0.76,FALSE
3,49,male,3,new,a,0,31.23170000001801,78,57,-50,98,6,-46,28.33333333,19.33333333,9,56.04958123,59.5389695,-3.489388273,-50,-46,-4,-0.63,0.32,-0.95,FALSE
3,49,male,4,new,a,0,5.287299999981997,87,54,-16,96,14,-12,41.66666667,32.66666667,9,42.94440851,46.02414825,-3.079739742,-16,-12,-4,-0.41,0.54,-0.95,FALSE
3,49,male,5,new,a,0,4.706199999988257,47,44,-54,78,9,-50,12.33333333,12.33333333,0,46.92073695,52.3089115,-5.388174553,-54,-50,-4,-0.7,0.1,-0.8,FALSE
3,49,male,6,new,b,1,2.424800000011828,49,45,-36,87,24,-26,19.33333333,28.33333333,-9,39.16063783,46.23370584,-7.073068005,-36,-26,-10,-0.7,0.14,-0.84,FALSE
3,49,male,7,new,a,0,4.508800000011888,54,51,-50,87,14,-46,18.33333333,18.33333333,0,48.33448274,54.3834125,-6.048929759,-50,-46,-4,-0.71,0.12,-0.83,FALSE
3,49,male,8,new,b,1,4.907099999993989,42,23,-11,63,18,-9,18,24,-6,21.92411154,29.69848481,-7.774373273,-11,-9,-2,-0.33,0.29,-0.62,FALSE
3,49,male,9,new,a,0,4.829999999999927,56,21,-48,76,2,-40,9.666666667,12.66666667,-3,43.20750964,47.95368136,-4.74617172,-48,-40,-8,-0.38,0.32,-0.7,FALSE
3,49,male,10,new,a,0,4.493099999994001,31,25,-52,57,4,-48,1.333333333,4.333333333,-3,37.79182745,42.86671851,-5.074891054,-52,-48,-4,-0.69,0.01,-0.7,FALSE
3,49,male,11,new,a,0,2.341400000005933,72,42,-20,78,6,-17,31.33333333,22.33333333,9,38.30868773,40.46672158,-2.158033852,-20,-17,-3,-0.4,0.54,-0.94,FALSE
3,49,male,12,new,b,1,3.032000000000153,37,15,-44,59,10,-34,2.666666667,11.66666667,-9,34.19876541,37.9853773,-3.786611894,-44,-34,-10,-0.49,0.07,-0.56,FALSE
3,49,male,13,new,b,1,3.137900000005857,68,52,-62,94,9,-54,19.33333333,16.33333333,3,57.88110419,60.64285247,-2.761748279,-62,-54,-8,-0.67,0.18,-0.85,FALSE
3,49,male,14,new,a,0,2.6828000000118664,44,36,-47,66,12,-45,11,11,0,41.14203041,45.32107677,-4.17904636,-47,-45,-2,-0.69,-0.03,-0.66,FALSE
3,49,male,15,new,b,1,5.065700000017841,68,60,-38,99,37,-28,30,36,-6,48.19405219,51.85235449,-3.658302303,-38,-28,-10,-0.69,-0.03,-0.66,FALSE
3,49,male,16,new,a,0,4.514399999976149,69,50,-40,89,13,-32,26.33333333,23.33333333,3,47.54179448,49.93551397,-2.393719493,-40,-32,-8,-0.62,0.3,-0.92,FALSE
3,49,male,17,new,a,0,4.053800000011734,54,34,-67,84,8,-62,7,10,-3,52.95910372,59.62102537,-6.661921656,-67,-62,-5,-0.63,0.05,-0.68,FALSE
3,49,male,18,new,a,0,2.902900000005957,80,38,-19,90,6,-15,33,27,6,40.57092555,45.36518489,-4.794259339,-19,-15,-4,-0.18,0.6,-0.78,FALSE
3,49,male,19,new,a,0,2.7423000000119373,86,32,-13,90,5,-8,35,29,6,40.47221269,43.45879274,-2.986580053,-13,-8,-5,0.11,0.66,-0.55,FALSE
3,49,male,20,new,a,0,3.863599999993994,75,48,-36,95,7,-33,29,23,6,47.26520919,53.46650042,-6.201291223,-36,-33,-3,-0.54,0.42,-0.96,FALSE
3,49,male,21,new,b,1,3.410400000005893,43,31,-49,75,8,-40,8.333333333,14.33333333,-6,40.83571422,47.16166051,-6.325946295,-49,-40,-9,-0.66,0.2,-0.86,FALSE
3,49,male,22,new,a,0,2.7323000000119464,73,45,-52,99,1,-43,22,19,3,53.55993528,59.35205697,-5.792121696,-52,-43,-9,-0.56,0.43,-0.99,FALSE
3,49,male,23,new,a,0,2.960699999988037,89,36,-51,98,7,-49,24.66666667,18.66666667,6,57.71385353,60.5768566,-2.863003074,-51,-49,-2,-0.29,0.28,-0.57,FALSE
3,49,male,24,new,a,0,3.312300000012101,82,49,-19,98,16,-11,37.33333333,34.33333333,3,42.05023451,46.34891824,-4.298683734,-19,-11,-8,-0.39,0.53,-0.92,FALSE
3,49,male,25,new,a,0,2.50369999998793,79,50,-10,95,17,-2,39.66666667,36.66666667,3,37.06151043,41.97088938,-4.90937895,-10,-2,-8,-0.4,0.6,-1,FALSE
3,49,male,26,new,b,1,3.3441000000239,58,27,-46,74,5,-40,13,13,0,43.59663596,46.88283268,-3.286196723,-46,-40,-6,-0.45,0.25,-0.7,FALSE
3,49,male,27,new,a,0,2.644999999999982,69,45,-22,90,19,-17,30.66666667,30.66666667,0,38.50829636,44.45472103,-5.94642467,-22,-17,-5,-0.51,0.38,-0.89,FALSE
3,49,male,28,new,b,1,3.909099999993941,72,24,-83,93,6,-77,4.333333333,7.333333333,-3,64.78854494,69.40861298,-4.620068037,-83,-77,-6,-0.43,0.03,-0.46,FALSE
3,49,male,29,new,b,1,3.00930000001199,44,31,-57,70,16,-50,6,12,-6,44.86275367,49.07137659,-4.208622918,-57,-50,-7,-0.66,-0.12,-0.54,FALSE
3,49,male,30,new,b,1,3.4334000000060314,32,24,-44,60,15,-36,4,13,-9,34.09789827,39.2173431,-5.119444829,-44,-36,-8,-0.68,-0.08,-0.6,FALSE
3,49,male,31,new,a,0,3.2876999999880354,85,51,-7,92,14,-4,43,34,9,37.98245209,41.66533331,-3.682881223,-7,-4,-3,-0.31,0.61,-0.92,FALSE
3,49,male,32,new,a,0,3.495400000005929,38,17,-31,62,16,-27,8,17,-9,28.87905816,36.34097779,-7.461919633,-31,-27,-4,-0.44,0.04,-0.48,FALSE
3,49,male,33,new,a,0,3.3079999999999927,80,48,-26,89,7,-21,34,25,9,44.39219151,46.6761895,-2.283997999,-26,-21,-5,-0.44,0.52,-0.96,FALSE
3,49,male,34,new,b,1,3.227800000011939,38,36,-51,71,20,-41,7.666666667,16.66666667,-9,41.49163236,45.78451946,-4.292887105,-51,-41,-10,-0.71,-0.11,-0.6,FALSE
3,49,male,35,new,a,0,2.910000000000082,66,47,-58,95,21,-52,18.33333333,21.33333333,-3,54.53031777,60.01296156,-5.482643798,-58,-52,-6,-0.64,0.01,-0.65,FALSE
3,49,male,36,new,a,0,2.7748000000119646,73,53,-41,99,7,-39,28.33333333,22.33333333,6,49.70133019,57.37207993,-7.670749745,-41,-39,-2,-0.62,0.38,-1,FALSE
3,49,male,37,new,b,1,2.9965999999940323,59,30,-17,77,20,-7,24,30,-6,31.31559782,35.0142828,-3.698684983,-17,-7,-10,-0.28,0.41,-0.69,FALSE
3,49,male,38,new,a,0,3.995199999988017,88,50,-27,96,11,-23,37,28,9,47.84001115,50.04664491,-2.206633761,-27,-23,-4,-0.39,0.47,-0.86,FALSE
3,49,male,39,new,b,1,3.9062999999821386,62,44,-43,91,27,-37,21,27,-6,45.84757355,52.25578118,-6.408207634,-43,-37,-6,-0.63,0,-0.63,FALSE
3,49,male,40,new,a,0,2.411299999982248,86,41,-34,96,4,-25,31,25,6,49.49747468,51.58165048,-2.084175801,-34,-25,-9,-0.29,0.54,-0.83,FALSE
3,49,male,41,new,a,0,4.730800000011868,53,40,-78,88,6,-70,5,8,-3,58.92933621,64.51873113,-5.589394916,-78,-70,-8,-0.68,0.05,-0.73,FALSE
3,49,male,0,old,a,0,5.39109999999414,98,42,-26,70,68,-24,38,38,0,50.70174224,43.84822307,6.853519172,-26,-24,-2,-0.12,-0.71,0.59,FALSE
3,49,male,1,old,b,1,2.419099999993932,79,13,-40,74,33,-37,17.33333333,23.33333333,-6,48.67808085,45.82818153,2.849899325,-40,-37,-3,0.13,-0.31,0.44,FALSE
3,49,male,2,old,a,0,2.7359999999998763,77,69,-21,82,39,-14,41.66666667,35.66666667,6,44.43222054,39.26264835,5.16957219,-21,-14,-7,-0.69,-0.13,-0.56,FALSE
3,49,male,3,old,a,0,4.541900000005853,87,78,-16,94,52,-6,49.66666667,46.66666667,3,46.57848812,40.99864496,5.579843156,-16,-6,-10,-0.69,-0.19,-0.5,FALSE
3,49,male,4,old,a,0,2.659199999988232,57,19,-12,42,29,-7,21.33333333,21.33333333,0,28.21740991,20.72572208,7.491687838,-12,-7,-5,0.12,-0.5,0.62,FALSE
3,49,male,5,old,a,0,2.97199999999998,79,40,-26,73,13,-20,31,22,9,43.33589736,38.49675311,4.83914425,-26,-20,-6,-0.3,0.34,-0.64,FALSE
3,49,male,6,old,a,0,2.660999999999831,91,79,-11,99,39,-6,53,44,9,45.51922671,43.01162634,2.507600372,-11,-6,-5,-0.67,0.17,-0.84,FALSE
3,49,male,7,old,b,1,2.477700000017876,70,57,-28,78,40,-19,33,33,0,43.45879274,39.90822806,3.550564686,-28,-19,-9,-0.66,-0.26,-0.4,FALSE
3,49,male,8,old,b,1,3.5082000000179505,61,12,-35,44,34,-31,12.66666667,15.66666667,-3,39.19467084,33.24989557,5.944775267,-35,-31,-4,0.03,-0.66,0.69,FALSE
3,49,male,9,old,b,1,2.52599999999984,63,16,-47,44,40,-43,10.66666667,13.66666667,-3,45.0653846,40.10264608,4.962738522,-47,-43,-4,-0.18,-0.7,0.52,FALSE
3,49,male,10,old,a,0,3.440400000005866,46,32,-39,42,9,-30,13,7,6,37.21110945,29.42787794,7.783231513,-39,-30,-9,-0.63,-0.1,-0.53,FALSE
3,49,male,11,old,b,1,3.41599999999994,74,21,-46,56,42,-40,16.33333333,19.33333333,-3,49.10080334,42.34251869,6.758284654,-46,-40,-6,-0.14,-0.65,0.51,FALSE
3,49,male,12,old,b,1,3.775499999999965,56,8,-52,40,33,-43,4,10,-6,44.18144407,37.58545818,6.595985888,-52,-43,-9,-0.14,-0.69,0.55,FALSE
3,49,male,14,old,a,0,3.7474999999999454,79,63,-12,80,36,-4,43.33333333,37.33333333,6,39.6680672,34.30581421,5.362252988,-12,-4,-8,-0.62,0.06,-0.68,FALSE
3,49,male,15,old,b,1,3.258000000000038,78,43,-10,60,54,-3,37,37,0,36.17549815,28.39013913,7.785359021,-10,-3,-7,-0.24,-0.68,0.44,FALSE
3,49,male,16,old,b,1,6.808300000011741,53,8,-35,40,19,-33,8.666666667,8.666666667,0,35.92894222,30.68477726,5.244164957,-35,-33,-2,0.03,-0.47,0.5,FALSE
3,49,male,17,old,a,0,3.291000000000168,98,58,-16,96,41,-6,46.66666667,43.66666667,3,47.22522866,41.6839964,5.541232266,-16,-6,-10,-0.35,0.1,-0.45,FALSE
3,49,male,18,old,a,0,4.469300000012026,46,30,-55,47,6,-50,7,1,6,44.32456054,39.75759885,4.566961681,-55,-50,-5,-0.64,-0.19,-0.45,FALSE
3,49,male,19,old,b,1,2.673099999994065,82,31,-53,64,62,-48,20,26,-6,55.6596802,52.33227175,3.327408449,-53,-48,-5,-0.29,-0.71,0.42,FALSE
3,49,male,20,old,b,1,3.2460999999941578,92,2,-70,66,50,-65,8,17,-9,66.2721661,58.34952156,7.92264454,-70,-65,-5,0.14,-0.67,0.81,FALSE
3,49,male,21,old,a,0,2.8912000000177613,85,68,-15,91,43,-5,46,43,3,43.68828981,39.19183588,4.496453927,-15,-5,-10,-0.63,0,-0.63,FALSE
3,49,male,22,old,a,0,4.296899999976176,58,38,-11,53,25,-2,28.33333333,25.33333333,3,28.98658694,22.45489306,6.531693879,-11,-2,-9,-0.46,0.02,-0.48,FALSE
3,49,male,23,old,a,0,2.310400000005984,79,64,-29,81,28,-22,38,29,9,47.77028365,42.05551886,5.714764789,-29,-22,-7,-0.66,0.04,-0.7,FALSE
3,49,male,24,old,b,1,3.2604000000060296,65,13,-18,61,36,-10,20,29,-9,34.24422092,29.40521496,4.839005967,-18,-10,-8,0.3,-0.34,0.64,FALSE
3,49,male,25,old,b,1,4.365099999994072,96,19,-78,77,43,-74,12.33333333,15.33333333,-3,71.19144768,64.67525716,6.516190515,-78,-74,-4,-0.14,-0.56,0.42,FALSE
3,49,male,26,old,a,0,3.139000000000124,57,44,-13,53,29,-3,29.33333333,26.33333333,3,30.40102337,22.93953405,7.461489329,-13,-3,-10,-0.61,-0.17,-0.44,FALSE
3,49,male,27,old,a,0,3.900600000023815,74,5,-55,57,19,-52,8,8,0,52.70673581,45.17373868,7.532997129,-55,-52,-3,0.09,-0.35,0.44,FALSE
3,49,male,28,old,a,0,4.394699999988006,70,51,-43,75,10,-34,26,17,9,49.40310382,44.77350407,4.629599747,-43,-34,-9,-0.63,0.23,-0.86,FALSE
3,49,male,29,old,b,1,2.763599999994085,48,3,-24,46,23,-15,9,18,-9,29.69848481,25.15286597,4.545618837,-24,-15,-9,0.29,-0.29,0.58,FALSE
3,49,male,30,old,b,1,3.277899999976171,60,5,-41,53,30,-32,8,17,-9,41.28760912,35.89800366,5.389605459,-41,-32,-9,0.11,-0.5,0.61,FALSE
3,49,male,31,old,b,1,3.0981999999880827,48,21,-20,41,36,-10,16.33333333,22.33333333,-6,27.95631513,22.9540604,5.002254727,-20,-10,-10,-0.25,-0.68,0.43,FALSE
3,49,male,32,old,b,1,5.192000000000007,85,24,-45,67,54,-39,21.33333333,27.33333333,-6,53.10576449,47.20404879,5.901715701,-45,-39,-6,-0.08,-0.67,0.59,FALSE
3,49,male,33,old,b,1,4.925199999988081,79,16,-61,58,42,-57,11.33333333,14.33333333,-3,57.24993935,50.86146762,6.388471726,-61,-57,-4,-0.12,-0.65,0.53,FALSE
3,49,male,34,old,a,0,3.5305999999939104,73,52,-43,84,13,-33,27.33333333,21.33333333,6,50.4667107,48.12714642,2.339564283,-43,-33,-10,-0.62,0.25,-0.87,FALSE
3,49,male,35,old,a,0,2.5556999999880645,99,52,-13,90,75,-9,46,52,-6,45.92022067,43.56604182,2.354178852,-13,-9,-4,-0.19,-0.64,0.45,FALSE
3,49,male,36,old,b,1,4.324900000005982,91,22,-54,72,61,-47,19.66666667,28.66666667,-9,59.21899095,53.69254035,5.526450601,-54,-47,-7,-0.06,-0.68,0.62,FALSE
3,49,male,37,old,a,0,3.8880000000001473,80,43,-35,75,18,-32,29.33333333,20.33333333,9,47.93282336,43.71371511,4.219108251,-35,-32,-3,-0.4,0.08,-0.48,FALSE
3,49,male,38,old,b,1,3.824899999976196,82,11,-76,60,51,-67,5.666666667,14.66666667,-9,64.61338011,57.86382482,6.749555292,-76,-67,-9,-0.12,-0.69,0.57,FALSE
3,49,male,39,old,a,0,4.293099999993956,53,40,-11,50,25,-2,27.33333333,24.33333333,3,27.62044331,21.23414441,6.386298903,-11,-2,-9,-0.59,-0.05,-0.54,FALSE
3,49,male,40,old,a,0,5.9084000000059405,64,62,-48,70,29,-39,26,20,6,52.33227175,44.95182607,7.380445685,-48,-39,-9,-0.71,-0.29,-0.42,FALSE
3,49,male,41,old,b,1,2.790500000000065,59,9,-67,40,31,-61,0.333333333,3.333333333,-3,51.80304581,45.63867755,6.164368259,-67,-61,-6,-0.25,-0.69,0.44,FALSE
3,49,male,42,old,a,0,2.3079999999999927,65,57,-40,69,18,-32,27.33333333,18.33333333,9,47.72374205,41.23375101,6.489991045,-40,-32,-8,-0.69,0.01,-0.7,FALSE
4,23,male,0,new,a,0,7.572200000002965,84,38,-47,98,2,-43,25,19,6,54.26478293,58.80476171,-4.53997878,-47,-43,-4,-0.35,0.41,-0.76,FALSE
4,23,male,1,new,b,1,6.560400000005984,62,43,-86,99,27,-80,6.333333333,15.33333333,-9,65.74867975,73.54061614,-7.79193639,-86,-80,-6,-0.66,-0.23,-0.43,FALSE
4,23,male,2,new,b,1,27.61130000001191,66,55,-73,97,23,-63,16,19,-3,63.09252465,65.38093504,-2.28841039,-73,-63,-10,-0.69,-0.09,-0.6,FALSE
4,23,male,3,new,a,0,2.7951999999880286,61,33,-4,66,7,-1,30,24,6,26.62079388,29.87752779,-3.25673391,-4,-1,-3,-0.17,0.67,-0.84,FALSE
4,23,male,4,new,b,1,15.161999999999978,59,53,-70,91,2,-60,14,11,3,59.44745579,61.97311245,-2.525656659,-70,-60,-10,-0.7,0.21,-0.91,FALSE
4,23,male,5,new,b,1,2.511800000011931,41,39,-29,73,26,-21,17,26,-9,32.53715825,38.3753393,-5.838181059,-29,-21,-8,-0.71,0,-0.71,FALSE
4,23,male,6,new,b,1,2.5124999999999886,62,41,-30,88,24,-21,24.33333333,30.33333333,-6,39.36439452,44.723844,-5.359449486,-30,-21,-9,-0.56,0.21,-0.77,FALSE
4,23,male,7,new,a,0,12.462099999994052,57,33,-39,75,10,-34,17,17,0,40.79215611,44.77350407,-3.981347961,-39,-34,-5,-0.53,0.23,-0.76,FALSE
4,23,male,8,new,a,0,8.229400000005967,85,45,-46,95,4,-42,28,19,9,54.81483984,56.92685365,-2.112013812,-46,-42,-4,-0.44,0.38,-0.82,FALSE
4,23,male,9,new,a,0,2.3624999999999545,72,24,-26,91,16,-19,23.33333333,29.33333333,-6,40.01110957,45.88633299,-5.875223425,-26,-19,-7,-0.02,0.41,-0.43,FALSE
4,23,male,11,new,b,1,3.4962000000028297,70,31,-60,87,5,-51,13.66666667,13.66666667,0,54.46915539,56.6705881,-2.20143271,-60,-51,-9,-0.45,0.23,-0.68,FALSE
4,23,male,12,new,b,1,2.846000000000004,45,40,-49,77,30,-44,12,21,-9,43.18178628,49.80629144,-6.624505153,-49,-44,-5,-0.7,-0.27,-0.43,FALSE
4,23,male,13,new,a,0,1.896299999997041,73,35,-13,82,8,-4,31.66666667,28.66666667,3,35.18838192,38.02922853,-2.840846604,-13,-4,-9,-0.14,0.65,-0.79,FALSE
4,23,male,14,new,b,1,1.529700000003004,56,49,-15,84,31,-7,30,36,-6,31.94787421,37.31844941,-5.370575202,-15,-7,-8,-0.68,0.2,-0.88,FALSE
4,23,male,15,new,b,1,2.2294999999999163,40,34,-14,62,29,-4,20,29,-9,24.16609195,26.94438717,-2.778295223,-14,-4,-10,-0.67,0,-0.67,FALSE
4,23,male,16,new,a,0,12.995900000005918,75,60,-69,99,6,-66,22,13,9,64.63745044,67.54257916,-2.905128718,-69,-66,-3,-0.68,0.15,-0.83,FALSE
4,23,male,17,new,a,0,7.99640000000602,86,35,-10,92,6,-5,37,31,6,39.2173431,43.36665386,-4.149310754,-10,-5,-5,0.08,0.67,-0.59,FALSE
4,23,male,18,new,a,0,1.196200000002932,83,52,-36,96,9,-33,33,24,9,50.4050262,53.72150407,-3.31647787,-36,-33,-3,-0.51,0.4,-0.91,FALSE
4,23,male,19,new,b,1,10.645799999997053,56,39,-80,86,11,-73,5,8,-3,60.50344343,64.94613152,-4.442688096,-80,-73,-7,-0.67,-0.07,-0.6,FALSE
4,23,male,20,new,b,1,5.561700000002929,65,35,-38,81,15,-34,20.66666667,20.66666667,0,43.25377312,47.1192341,-3.865460983,-38,-34,-4,-0.46,0.18,-0.64,FALSE
4,23,male,21,new,b,1,2.6469999999999345,65,61,-27,97,23,-21,33,33,0,42.45782221,48.68949236,-6.231670156,-27,-21,-6,-0.7,0.3,-1,FALSE
4,23,male,22,new,b,1,1.712400000005914,83,36,-11,86,2,-7,36,27,9,38.3753393,41.88078318,-3.505443879,-11,-7,-4,0,0.68,-0.68,FALSE
4,23,male,23,new,a,0,2.828799999997045,73,32,-44,95,17,-42,20.33333333,23.33333333,-3,48.47221426,56.10902086,-7.6368066,-44,-42,-2,-0.35,0.17,-0.52,FALSE
4,23,male,24,new,b,1,1.0789999999999509,51,25,-16,72,5,-8,20,23,-3,27.58018612,35.05234181,-7.47215569,-16,-8,-8,-0.27,0.63,-0.9,FALSE
4,23,male,25,new,b,1,2.779799999997067,67,58,-29,93,49,-19,32,41,-9,43.28972164,46.07240678,-2.782685138,-29,-19,-10,-0.68,-0.26,-0.42,FALSE
4,23,male,26,new,b,1,6.496199999987994,76,31,-39,96,19,-29,22.66666667,28.66666667,-6,47.31689856,51.48678363,-4.169885078,-39,-29,-10,-0.26,0.28,-0.54,FALSE
4,23,male,27,new,a,0,1.1623999999910666,82,33,-22,91,7,-14,31,28,3,42.48136847,45.36518489,-2.883816424,-22,-14,-8,-0.07,0.6,-0.67,FALSE
4,23,male,28,new,b,1,1.4127000000029284,67,34,-14,82,3,-7,29,26,3,33.2565783,39.80787192,-6.551293622,-14,-7,-7,-0.22,0.67,-0.89,FALSE
4,23,male,29,new,a,0,2.2627999999970143,94,45,-8,97,10,-3,43.66666667,34.66666667,9,41.65199742,44.39469438,-2.74269696,-8,-3,-5,-0.05,0.66,-0.71,FALSE
4,23,male,30,new,b,1,3.362799999996924,58,27,-28,78,17,-20,19,25,-6,35.56215217,40.40627014,-4.844117975,-28,-20,-8,-0.33,0.29,-0.62,FALSE
4,23,male,31,new,b,1,1.5957999999969843,59,34,-23,76,30,-18,23.33333333,29.33333333,-6,34.31552936,38.37823457,-4.062705208,-23,-18,-5,-0.44,-0.03,-0.41,FALSE
4,23,male,32,new,a,0,10.529400000006037,82,41,-36,94,3,-28,29,23,6,48.91489207,51.77515492,-2.860262842,-36,-28,-8,-0.35,0.52,-0.87,FALSE
4,23,male,33,new,a,0,1.9122999999970036,76,38,-12,82,9,-7,34,28,6,36.037018,38.73843914,-2.701421131,-12,-7,-5,-0.17,0.62,-0.79,FALSE
4,23,male,34,new,b,1,2.462799999996946,63,62,-52,88,34,-49,24.33333333,24.33333333,0,53.97736151,56.34615239,-2.368790878,-52,-49,-3,-0.71,-0.25,-0.46,FALSE
4,23,male,35,new,a,0,0.9633000000119408,60,59,-71,98,2,-61,16,13,3,61.51964456,65.37583651,-3.856191956,-71,-61,-10,-0.71,0.25,-0.96,FALSE
4,23,male,36,new,b,1,2.2297000000030494,35,19,-36,66,5,-26,6,15,-9,30.40833219,38.21866909,-7.810336894,-36,-26,-10,-0.56,0.37,-0.93,FALSE
4,23,male,37,new,a,0,1.4621000000089452,62,55,-78,93,7,-70,13,10,3,64.41014413,66.57827473,-2.168130606,-78,-70,-8,-0.7,0.07,-0.77,FALSE
4,23,male,38,new,a,0,3.762699999988058,75,51,-33,96,10,-31,31,25,6,46.30334761,52.92132525,-6.617977643,-33,-31,-2,-0.57,0.4,-0.97,FALSE
4,23,male,39,new,b,1,12.263099999993983,71,36,-38,93,11,-35,23,23,0,45.43860326,52.94021786,-7.501614591,-38,-35,-3,-0.41,0.33,-0.74,FALSE
4,23,male,40,new,a,0,2.2289000000059787,74,56,-98,99,2,-96,10.66666667,1.666666667,9,77.18952145,79.60876557,-2.4192441160000002,-98,-96,-2,-0.68,-0.01,-0.67,FALSE
4,23,male,41,new,b,1,2.612900000005993,74,29,-58,96,13,-55,15,18,-3,54.79051013,61.74679479,-6.956284661,-58,-55,-3,-0.37,0.12,-0.49,FALSE
4,23,male,42,new,b,1,2.796299999997018,59,17,-45,75,4,-39,10.33333333,13.33333333,-3,42.71871825,47.00590979,-4.287191544,-45,-39,-6,-0.23,0.29,-0.52,FALSE
4,23,male,0,old,a,0,2.1085999999941123,77,25,-58,53,45,-54,14.66666667,14.66666667,0,55.59576323,48.66438351,6.93137972,-58,-54,-4,-0.27,-0.69,0.42,FALSE
4,23,male,1,old,a,0,1.6299000000059325,83,50,-11,85,29,-1,40.66666667,37.66666667,3,38.93869826,35.64017708,3.298521182,-11,-1,-10,-0.35,0.35,-0.7,FALSE
4,23,male,2,old,a,0,1.7131000000089216,94,70,-40,98,38,-30,41.33333333,35.33333333,6,58.33999962,52.2897908,6.050208816,-40,-30,-10,-0.62,-0.08,-0.54,FALSE
4,23,male,3,old,a,0,1.3964999999999463,93,31,-8,70,68,-4,38.66666667,44.66666667,-6,41.5879256,34.42221505,7.165710549,-8,-4,-4,0.27,-0.71,0.98,FALSE
4,23,male,4,old,a,0,1.663000000000011,74,43,-22,76,14,-13,31.66666667,25.66666667,6,40.00277768,37.25885428,2.743923402,-22,-13,-9,-0.4,0.44,-0.84,FALSE
4,23,male,5,old,a,0,1.3291999999880773,68,25,-12,60,2,-8,27,18,9,32.69046752,29.97776954,2.712697979,-12,-8,-4,0.09,0.65,-0.56,FALSE
4,23,male,6,old,b,1,2.846100000008846,85,2,-81,57,52,-76,2,11,-9,67.76921622,61.55214591,6.217070303,-81,-76,-5,0,-0.7,0.7,FALSE
4,23,male,7,old,a,0,3.4623000000119646,70,12,-66,45,34,-63,5.333333333,5.333333333,0,55.72152985,48.52719741,7.194332436,-66,-63,-3,-0.18,-0.68,0.5,FALSE
4,23,male,8,old,a,0,2.562599999994063,64,24,-23,50,35,-20,21.66666667,21.66666667,0,35.55590278,30.09245014,5.463452634,-23,-20,-3,-0.1,-0.58,0.48,FALSE
4,23,male,10,old,a,0,2.9465999999940777,84,27,-36,73,4,-29,25,16,9,49.01020302,42.49705872,6.513144298,-36,-29,-7,-0.06,0.4,-0.46,FALSE
4,23,male,11,old,b,1,3.079099999994014,76,3,-64,59,38,-55,5,14,-9,57.17225434,49.53786431,7.634390037,-64,-55,-9,0.05,-0.61,0.66,FALSE
4,23,male,12,old,a,0,5.779599999994048,93,64,-10,95,40,-6,49,43,6,43.36665386,41.28760912,2.079044738,-10,-6,-4,-0.48,0.11,-0.59,FALSE
4,23,male,13,old,a,0,2.596599999994055,80,10,-63,59,46,-60,9,15,-6,58.3837877,53.2979049,5.085882805,-63,-60,-3,-0.03,-0.68,0.65,FALSE
4,23,male,14,old,a,0,3.396299999996927,63,2,-47,49,23,-45,6,9,-3,44.99629614,39.63163719,5.36465895,-47,-45,-2,0.13,-0.49,0.62,FALSE
4,23,male,15,old,a,0,6.395700000002989,91,75,-12,94,55,-4,51.33333333,48.33333333,3,45.25728916,40.28509512,4.97219404,-12,-4,-8,-0.64,-0.24,-0.4,FALSE
4,23,male,16,old,a,0,2.529200000003016,99,35,-16,88,50,-11,39.33333333,42.33333333,-3,47.0484384,40.77853466,6.269903738,-16,-11,-5,0.14,-0.28,0.42,FALSE
4,23,male,17,old,b,1,8.612699999988081,75,4,-67,57,43,-61,4,13,-9,57.97125725,52.63712252,5.334134731,-67,-61,-6,0,-0.67,0.67,FALSE
4,23,male,18,old,b,1,8.345700000002921,91,54,-88,96,14,-80,19,10,9,77.1535266,71.90734779,5.246178806,-88,-80,-8,-0.59,-0.08,-0.51,FALSE
4,23,male,19,old,b,1,9.163000000000013,67,11,-13,61,36,-5,21.66666667,30.66666667,-9,33.51948024,27.20702524,6.312455003,-13,-5,-8,0.45,-0.29,0.74,FALSE
4,23,male,20,old,a,0,3.2629000000059705,88,33,-10,73,59,-3,37,43,-6,40.10818703,33.02524287,7.082944157,-10,-3,-7,0.15,-0.61,0.76,FALSE
4,23,male,21,old,a,0,19.129300000011995,80,72,-12,88,45,-2,46.66666667,43.66666667,3,41.61196409,36.7544404,4.857523695,-12,-2,-10,-0.69,-0.05,-0.64,FALSE
4,23,male,22,old,b,1,1.3970999999939977,80,2,-60,69,30,-50,7.333333333,16.33333333,-9,57.27904406,49.5333782,7.745665868,-60,-50,-10,0.14,-0.39,0.53,FALSE
4,23,male,23,old,a,0,2.0296000000089407,56,42,-72,65,9,-66,8.666666667,2.666666667,6,57.32558087,53.66770185,3.657879018,-72,-66,-6,-0.68,-0.18,-0.5,FALSE
4,23,male,24,old,b,1,1.1795000000000757,95,48,-30,71,67,-25,37.66666667,37.66666667,0,51.55148451,44.3421044,7.209380118,-30,-25,-5,-0.29,-0.7,0.41,FALSE
4,23,male,25,old,b,1,1.5464999999999236,93,58,-8,94,41,-1,47.66666667,44.66666667,3,41.87547678,38.87015422,3.005322563,-8,-1,-7,-0.36,0.14,-0.5,FALSE
4,23,male,26,old,a,0,2.7632000000029397,67,19,-22,60,38,-16,21.33333333,27.33333333,-6,36.37153955,31.93048004,4.441059506,-22,-16,-6,0.1,-0.46,0.56,FALSE
4,23,male,27,old,a,0,1.413100000008967,81,24,-16,74,4,-7,29.66666667,23.66666667,6,39.80228916,35.8732336,3.929055559,-16,-7,-9,0.21,0.66,-0.45,FALSE
4,23,male,28,old,a,0,3.5465000000000373,61,54,-82,79,11,-75,11,5,6,65.82299497,63.01322612,2.809768844,-82,-75,-7,-0.7,-0.14,-0.56,FALSE
4,23,male,29,old,a,0,2.97950000000003,97,58,-61,98,20,-51,31.33333333,22.33333333,9,67.20284386,60.85136719,6.351476665,-61,-51,-10,-0.53,0.06,-0.59,FALSE
4,23,male,30,old,a,0,2.5133000000118955,91,67,-10,95,46,-2,49.33333333,46.33333333,3,43.08389748,39.60078563,3.483111855,-10,-2,-8,-0.55,0.01,-0.56,FALSE
4,23,male,31,old,a,0,2.229700000002936,91,81,-24,99,44,-22,49.33333333,40.33333333,9,52.01495511,49.46603773,2.548917383,-24,-22,-2,-0.69,-0.11,-0.58,FALSE
4,23,male,32,old,a,0,3.113200000002962,66,31,-13,68,19,-3,28,28,0,32.3213036,29.67602849,2.645275119,-13,-3,-10,-0.14,0.43,-0.57,FALSE
4,23,male,33,old,b,1,9.078799999997043,53,9,-17,37,30,-13,15,18,-3,28.89059824,22.10580618,6.784792065,-17,-13,-4,0.3,-0.65,0.95,FALSE
4,23,male,34,old,b,1,2.713399999990997,88,17,-44,82,43,-37,20.33333333,29.33333333,-9,53.94029621,49.5333782,4.406918017,-44,-37,-7,0.09,-0.39,0.48,FALSE
4,23,male,35,old,b,1,3.829599999994002,55,15,-13,42,31,-7,19,22,-3,27.90459938,20.99206199,6.91253739,-13,-7,-6,0.21,-0.56,0.77,FALSE
4,23,male,36,old,a,0,1.612799999997037,92,60,-21,99,43,-11,43.66666667,43.66666667,0,47.55581516,44.90978611,2.646029045,-21,-11,-10,-0.47,0.02,-0.49,FALSE
4,23,male,37,old,b,1,14.396200000002978,53,8,-34,41,23,-28,9,12,-3,35.52463934,29.22327839,6.301360944,-34,-28,-6,0.04,-0.51,0.55,FALSE
4,23,male,38,old,b,1,4.946099999993976,69,24,-23,60,43,-15,23.33333333,29.33333333,-6,37.56180093,32.10745846,5.454342465,-23,-15,-8,-0.03,-0.56,0.53,FALSE
4,23,male,39,old,a,0,3.995599999994056,83,23,-56,70,49,-51,16.66666667,22.66666667,-6,56.92294987,52.7909925,4.131957375,-56,-51,-5,-0.17,-0.62,0.45,FALSE
4,23,male,40,old,a,0,5.296300000011911,99,51,-13,95,36,-3,45.66666667,42.66666667,3,45.87906809,40.28509512,5.59397297,-13,-3,-10,-0.17,0.24,-0.41,FALSE
4,23,male,41,old,a,0,2.9297999999970443,98,41,-24,75,68,-19,38.33333333,41.33333333,-3,49.8419725,42.75771535,7.084257142,-24,-19,-5,-0.08,-0.69,0.61,FALSE
4,23,male,42,old,a,0,4.379200000002925,90,44,-48,88,16,-45,28.66666667,19.66666667,9,57.37207993,54.3588897,3.013190235,-48,-45,-3,-0.38,0.1,-0.48,FALSE
4,23,male,0,new,b,1,1.8099999999999452,87,54,-16,96,14,-12,41.66666667,32.66666667,9,42.94440851,46.02414825,-3.079739742,-16,-12,-4,-0.41,0.54,-0.95,FALSE
4,23,male,1,new,b,1,1.363200000002962,42,23,-11,63,18,-9,18,24,-6,21.92411154,29.69848481,-7.774373273,-11,-9,-2,-0.33,0.29,-0.62,FALSE
4,23,male,2,new,a,0,1.4629000000059025,54,34,-67,84,8,-62,7,10,-3,52.95910372,59.62102537,-6.661921656,-67,-62,-5,-0.63,0.05,-0.68,FALSE
4,23,male,3,new,b,1,2.1793000000118354,37,15,-44,59,10,-34,2.666666667,11.66666667,-9,34.19876541,37.9853773,-3.786611894,-44,-34,-10,-0.49,0.07,-0.56,FALSE
4,23,male,4,new,a,0,2.09699999999998,58,27,-46,74,5,-40,13,13,0,43.59663596,46.88283268,-3.286196723,-46,-40,-6,-0.45,0.25,-0.7,FALSE
4,23,male,5,new,b,1,3.263200000003053,45,26,-62,73,18,-55,3,12,-9,46.61187259,52.42772803,-5.815855439,-62,-55,-7,-0.62,-0.17,-0.45,FALSE
4,23,male,6,new,b,1,0.8462000000029093,66,47,-58,95,21,-52,18.33333333,21.33333333,-3,54.53031777,60.01296156,-5.482643798,-58,-52,-6,-0.64,0.01,-0.65,FALSE
4,23,male,7,new,b,1,1.929600000008918,56,21,-48,76,2,-40,9.666666667,12.66666667,-3,43.20750964,47.95368136,-4.74617172,-48,-40,-8,-0.38,0.32,-0.7,FALSE
4,23,male,9,new,a,0,4.425700000002962,44,36,-47,66,12,-45,11,11,0,41.14203041,45.32107677,-4.17904636,-47,-45,-2,-0.69,-0.03,-0.66,FALSE
4,23,male,10,new,b,1,3.3240999999940186,69,45,-22,90,19,-17,30.66666667,30.66666667,0,38.50829636,44.45472103,-5.94642467,-22,-17,-5,-0.51,0.38,-0.89,FALSE
4,23,male,11,new,a,0,4.074700000002963,80,48,-26,89,7,-21,34,25,9,44.39219151,46.6761895,-2.283997999,-26,-21,-5,-0.44,0.52,-0.96,FALSE
4,23,male,12,new,b,1,3.1726999999880263,38,17,-31,62,16,-27,8,17,-9,28.87905816,36.34097779,-7.461919633,-31,-27,-4,-0.44,0.04,-0.48,FALSE
4,23,male,13,new,b,1,2.8087999999969497,82,49,-19,98,16,-11,37.33333333,34.33333333,3,42.05023451,46.34891824,-4.298683734,-19,-11,-8,-0.39,0.53,-0.92,FALSE
4,23,male,14,new,b,1,4.558299999996962,86,41,-34,96,4,-25,31,25,6,49.49747468,51.58165048,-2.084175801,-34,-25,-9,-0.29,0.54,-0.83,FALSE
4,23,male,15,new,b,1,3.5072000000029675,71,38,-70,91,1,-62,13,10,3,60.21627687,62.78534861,-2.56907174,-70,-62,-8,-0.55,0.21,-0.76,FALSE
4,23,male,16,new,a,0,54.708999999999946,89,36,-51,98,7,-49,24.66666667,18.66666667,6,57.71385353,60.5768566,-2.863003074,-51,-49,-2,-0.29,0.28,-0.57,FALSE
4,23,male,17,new,a,0,10.023900000005938,75,48,-36,95,7,-33,29,23,6,47.26520919,53.46650042,-6.201291223,-36,-33,-3,-0.54,0.42,-0.96,FALSE
4,23,male,18,new,a,0,1.323900000006006,31,25,-52,57,4,-48,1.333333333,4.333333333,-3,37.79182745,42.86671851,-5.074891054,-52,-48,-4,-0.69,0.01,-0.7,FALSE
4,23,male,19,new,a,0,1.3792000000030384,68,52,-62,94,9,-54,19.33333333,16.33333333,3,57.88110419,60.64285247,-2.761748279,-62,-54,-8,-0.67,0.18,-0.85,FALSE
4,23,male,20,new,a,0,2.047700000003033,73,23,-91,92,2,-89,1.666666667,1.666666667,0,68.63105873,73.89331649,-5.262257764,-91,-89,-2,-0.44,-0.01,-0.43,FALSE
4,23,male,21,new,b,1,3.492099999994025,78,57,-50,98,6,-46,28.33333333,19.33333333,9,56.04958123,59.5389695,-3.489388273,-50,-46,-4,-0.63,0.32,-0.95,FALSE
4,23,male,22,new,b,1,5.326499999999896,72,24,-83,93,6,-77,4.333333333,7.333333333,-3,64.78854494,69.40861298,-4.620068037,-83,-77,-6,-0.43,0.03,-0.46,FALSE
4,23,male,23,new,b,1,3.9718000000119673,32,24,-44,60,15,-36,4,13,-9,34.09789827,39.2173431,-5.119444829,-44,-36,-8,-0.68,-0.08,-0.6,FALSE
4,23,male,24,new,a,0,4.772100000009004,85,51,-7,92,14,-4,43,34,9,37.98245209,41.66533331,-3.682881223,-7,-4,-3,-0.31,0.61,-0.92,FALSE
4,23,male,25,new,b,1,3.2894000000057986,49,45,-36,87,24,-26,19.33333333,28.33333333,-9,39.16063783,46.23370584,-7.073068005,-36,-26,-10,-0.7,0.14,-0.84,FALSE
4,23,male,26,new,a,0,2.173099999994065,88,50,-27,96,11,-23,37,28,9,47.84001115,50.04664491,-2.206633761,-27,-23,-4,-0.39,0.47,-0.86,FALSE
4,23,male,27,new,a,0,3.038699999988012,80,38,-19,90,6,-15,33,27,6,40.57092555,45.36518489,-4.794259339,-19,-15,-4,-0.18,0.6,-0.78,FALSE
4,23,male,28,new,a,0,1.938900000006015,54,51,-50,87,14,-46,18.33333333,18.33333333,0,48.33448274,54.3834125,-6.048929759,-50,-46,-4,-0.71,0.12,-0.83,FALSE
4,23,male,29,new,b,1,3.5054000000059204,68,60,-38,99,37,-28,30,36,-6,48.19405219,51.85235449,-3.658302303,-38,-28,-10,-0.69,-0.03,-0.66,FALSE
4,23,male,30,new,a,0,2.8037000000031185,86,32,-13,90,5,-8,35,29,6,40.47221269,43.45879274,-2.986580053,-13,-8,-5,0.11,0.66,-0.55,FALSE
4,23,male,31,new,b,1,5.905500000000075,53,40,-78,88,6,-70,5,8,-3,58.92933621,64.51873113,-5.589394916,-78,-70,-8,-0.68,0.05,-0.73,FALSE
4,23,male,32,new,a,0,7.538199999988137,73,53,-41,99,7,-39,28.33333333,22.33333333,6,49.70133019,57.37207993,-7.670749745,-41,-39,-2,-0.62,0.38,-1,FALSE
4,23,male,33,new,a,0,8.508799999997109,72,42,-20,78,6,-17,31.33333333,22.33333333,9,38.30868773,40.46672158,-2.158033852,-20,-17,-3,-0.4,0.54,-0.94,FALSE
4,23,male,34,new,b,1,5.67059999999401,38,36,-51,71,20,-41,7.666666667,16.66666667,-9,41.49163236,45.78451946,-4.292887105,-51,-41,-10,-0.71,-0.11,-0.6,FALSE
4,23,male,35,new,b,1,2.509999999999991,47,44,-54,78,9,-50,12.33333333,12.33333333,0,46.92073695,52.3089115,-5.388174553,-54,-50,-4,-0.7,0.1,-0.8,FALSE
4,23,male,36,new,b,1,1.2598999999911484,62,44,-43,91,27,-37,21,27,-6,45.84757355,52.25578118,-6.408207634,-43,-37,-6,-0.63,0,-0.63,FALSE
4,23,male,37,new,b,1,2.2227999999970507,43,31,-49,75,8,-40,8.333333333,14.33333333,-6,40.83571422,47.16166051,-6.325946295,-49,-40,-9,-0.66,0.2,-0.86,FALSE
4,23,male,38,new,a,0,1.0722999999970853,73,45,-52,99,1,-43,22,19,3,53.55993528,59.35205697,-5.792121696,-52,-43,-9,-0.56,0.43,-0.99,FALSE
4,23,male,39,new,b,1,3.456099999994194,44,31,-57,70,16,-50,6,12,-6,44.86275367,49.07137659,-4.208622918,-57,-50,-7,-0.66,-0.12,-0.54,FALSE
4,23,male,40,new,b,1,5.722700000002988,59,30,-17,77,20,-7,24,30,-6,31.31559782,35.0142828,-3.698684983,-17,-7,-10,-0.28,0.41,-0.69,FALSE
4,23,male,41,new,b,1,2.9224999999999,79,50,-10,95,17,-2,39.66666667,36.66666667,3,37.06151043,41.97088938,-4.90937895,-10,-2,-8,-0.4,0.6,-1,FALSE
4,23,male,42,new,b,1,1.843899999990981,69,50,-40,89,13,-32,26.33333333,23.33333333,3,47.54179448,49.93551397,-2.393719493,-40,-32,-8,-0.62,0.3,-0.92,FALSE
4,23,male,0,old,a,0,1.327599999993936,99,52,-13,90,75,-9,46,52,-6,45.92022067,43.56604182,2.354178852,-13,-9,-4,-0.19,-0.64,0.45,FALSE
4,23,male,2,old,a,0,3.90679999999702,79,64,-29,81,28,-22,38,29,9,47.77028365,42.05551886,5.714764789,-29,-22,-7,-0.66,0.04,-0.7,FALSE
4,23,male,3,old,a,0,3.55479999999693,57,19,-12,42,29,-7,21.33333333,21.33333333,0,28.21740991,20.72572208,7.491687838,-12,-7,-5,0.12,-0.5,0.62,FALSE
4,23,male,4,old,a,0,2.555399999991096,79,40,-26,73,13,-20,31,22,9,43.33589736,38.49675311,4.83914425,-26,-20,-6,-0.3,0.34,-0.64,FALSE
4,23,male,5,old,a,0,2.7584999999999127,57,44,-13,53,29,-3,29.33333333,26.33333333,3,30.40102337,22.93953405,7.461489329,-13,-3,-10,-0.61,-0.17,-0.44,FALSE
4,23,male,6,old,a,0,5.972599999994145,74,5,-55,57,19,-52,8,8,0,52.70673581,45.17373868,7.532997129,-55,-52,-3,0.09,-0.35,0.44,FALSE
4,23,male,7,old,b,1,8.972200000002886,46,32,-39,42,9,-30,13,7,6,37.21110945,29.42787794,7.783231513,-39,-30,-9,-0.63,-0.1,-0.53,FALSE
4,23,male,8,old,a,0,4.860299999997096,53,40,-11,50,25,-2,27.33333333,24.33333333,3,27.62044331,21.23414441,6.386298903,-11,-2,-9,-0.59,-0.05,-0.54,FALSE
4,23,male,9,old,a,0,4.157299999997122,91,79,-11,99,39,-6,53,44,9,45.51922671,43.01162634,2.507600372,-11,-6,-5,-0.67,0.17,-0.84,FALSE
4,23,male,10,old,b,1,4.239000000000033,65,13,-18,61,36,-10,20,29,-9,34.24422092,29.40521496,4.839005967,-18,-10,-8,0.3,-0.34,0.64,FALSE
4,23,male,11,old,a,0,7.38810000000899,74,21,-46,56,42,-40,16.33333333,19.33333333,-3,49.10080334,42.34251869,6.758284654,-46,-40,-6,-0.14,-0.65,0.51,FALSE
4,23,male,12,old,a,0,3.588399999990997,73,52,-43,84,13,-33,27.33333333,21.33333333,6,50.4667107,48.12714642,2.339564283,-43,-33,-10,-0.62,0.25,-0.87,FALSE
4,23,male,13,old,b,1,8.889499999999998,91,22,-54,72,61,-47,19.66666667,28.66666667,-9,59.21899095,53.69254035,5.526450601,-54,-47,-7,-0.06,-0.68,0.62,FALSE
4,23,male,14,old,b,1,15.06820000000289,59,9,-67,40,31,-61,0.333333333,3.333333333,-3,51.80304581,45.63867755,6.164368259,-67,-61,-6,-0.25,-0.69,0.44,FALSE
4,23,male,15,old,a,0,8.604899999990948,46,30,-55,47,6,-50,7,1,6,44.32456054,39.75759885,4.566961681,-55,-50,-5,-0.64,-0.19,-0.45,FALSE
4,23,male,16,old,a,0,11.105199999987915,61,12,-35,44,34,-31,12.66666667,15.66666667,-3,39.19467084,33.24989557,5.944775267,-35,-31,-4,0.03,-0.66,0.69,FALSE
4,23,male,17,old,a,0,1.4707999999968706,58,38,-11,53,25,-2,28.33333333,25.33333333,3,28.98658694,22.45489306,6.531693879,-11,-2,-9,-0.46,0.02,-0.48,FALSE
4,23,male,18,old,a,0,1.643500000000131,85,24,-45,67,54,-39,21.33333333,27.33333333,-6,53.10576449,47.20404879,5.901715701,-45,-39,-6,-0.08,-0.67,0.59,FALSE
4,23,male,19,old,a,0,3.5372999999970034,98,58,-16,96,41,-6,46.66666667,43.66666667,3,47.22522866,41.6839964,5.541232266,-16,-6,-10,-0.35,0.1,-0.45,FALSE
4,23,male,20,old,a,0,2.0885999999941305,60,5,-41,53,30,-32,8,17,-9,41.28760912,35.89800366,5.389605459,-41,-32,-9,0.11,-0.5,0.61,FALSE
4,23,male,21,old,b,1,3.32589999999118,77,69,-21,82,39,-14,41.66666667,35.66666667,6,44.43222054,39.26264835,5.16957219,-21,-14,-7,-0.69,-0.13,-0.56,FALSE
4,23,male,22,old,b,1,2.355100000009088,87,78,-16,94,52,-6,49.66666667,46.66666667,3,46.57848812,40.99864496,5.579843156,-16,-6,-10,-0.69,-0.19,-0.5,FALSE
4,23,male,23,old,b,1,6.471599999993941,64,62,-48,70,29,-39,26,20,6,52.33227175,44.95182607,7.380445685,-48,-39,-9,-0.71,-0.29,-0.42,FALSE
4,23,male,24,old,a,0,4.156400000005988,80,43,-35,75,18,-32,29.33333333,20.33333333,9,47.93282336,43.71371511,4.219108251,-35,-32,-3,-0.4,0.08,-0.48,FALSE
4,23,male,25,old,b,1,10.672400000005837,92,2,-70,66,50,-65,8,17,-9,66.2721661,58.34952156,7.92264454,-70,-65,-5,0.14,-0.67,0.81,FALSE
4,23,male,26,old,b,1,5.256699999988086,82,11,-76,60,51,-67,5.666666667,14.66666667,-9,64.61338011,57.86382482,6.749555292,-76,-67,-9,-0.12,-0.69,0.57,FALSE
4,23,male,27,old,b,1,2.43950000000018,48,21,-20,41,36,-10,16.33333333,22.33333333,-6,27.95631513,22.9540604,5.002254727,-20,-10,-10,-0.25,-0.68,0.43,FALSE
4,23,male,28,old,a,0,2.22270000000276,98,42,-26,70,68,-24,38,38,0,50.70174224,43.84822307,6.853519172,-26,-24,-2,-0.12,-0.71,0.59,FALSE
4,23,male,29,old,a,0,3.705900000006068,78,43,-10,60,54,-3,37,37,0,36.17549815,28.39013913,7.785359021,-10,-3,-7,-0.24,-0.68,0.44,FALSE
4,23,male,30,old,b,1,4.072200000002795,96,19,-78,77,43,-74,12.33333333,15.33333333,-3,71.19144768,64.67525716,6.516190515,-78,-74,-4,-0.14,-0.56,0.42,FALSE
4,23,male,31,old,a,0,2.5073000000120373,85,68,-15,91,43,-5,46,43,3,43.68828981,39.19183588,4.496453927,-15,-5,-10,-0.63,0,-0.63,FALSE
4,23,male,32,old,b,1,3.855200000002924,48,3,-24,46,23,-15,9,18,-9,29.69848481,25.15286597,4.545618837,-24,-15,-9,0.29,-0.29,0.58,FALSE
4,23,male,33,old,a,0,4.604099999994105,79,16,-61,58,42,-57,11.33333333,14.33333333,-3,57.24993935,50.86146762,6.388471726,-61,-57,-4,-0.12,-0.65,0.53,FALSE
4,23,male,34,old,a,0,3.9725999999939177,70,57,-28,78,40,-19,33,33,0,43.45879274,39.90822806,3.550564686,-28,-19,-9,-0.66,-0.26,-0.4,FALSE
4,23,male,35,old,a,0,3.973799999997027,65,57,-40,69,18,-32,27.33333333,18.33333333,9,47.72374205,41.23375101,6.489991045,-40,-32,-8,-0.69,0.01,-0.7,FALSE
4,23,male,36,old,b,1,2.622499999999945,79,63,-12,80,36,-4,43.33333333,37.33333333,6,39.6680672,34.30581421,5.362252988,-12,-4,-8,-0.62,0.06,-0.68,FALSE
4,23,male,37,old,a,0,3.822100000008959,70,51,-43,75,10,-34,26,17,9,49.40310382,44.77350407,4.629599747,-43,-34,-9,-0.63,0.23,-0.86,FALSE
4,23,male,38,old,a,0,3.9567999999969743,63,16,-47,44,40,-43,10.66666667,13.66666667,-3,45.0653846,40.10264608,4.962738522,-47,-43,-4,-0.18,-0.7,0.52,FALSE
4,23,male,39,old,a,0,5.958700000003091,79,13,-40,74,33,-37,17.33333333,23.33333333,-6,48.67808085,45.82818153,2.849899325,-40,-37,-3,0.13,-0.31,0.44,FALSE
4,23,male,40,old,b,1,4.610500000000002,82,31,-53,64,62,-48,20,26,-6,55.6596802,52.33227175,3.327408449,-53,-48,-5,-0.29,-0.71,0.42,FALSE
4,23,male,41,old,a,0,19.72260000000915,53,8,-35,40,19,-33,8.666666667,8.666666667,0,35.92894222,30.68477726,5.244164957,-35,-33,-2,0.03,-0.47,0.5,FALSE
4,23,male,42,old,b,1,19.075700000002826,56,8,-52,40,33,-43,4,10,-6,44.18144407,37.58545818,6.595985888,-52,-43,-9,-0.14,-0.69,0.55,FALSE
5,29,male,0,old,a,0,8.66679999999701,99,51,-13,95,36,-3,45.66666667,42.66666667,3,45.87906809,40.28509512,5.59397297,-13,-3,-10,-0.17,0.24,-0.41,FALSE
5,29,male,1,old,b,1,4.558199999995509,67,19,-22,60,38,-16,21.33333333,27.33333333,-6,36.37153955,31.93048004,4.441059506,-22,-16,-6,0.1,-0.46,0.56,FALSE
5,29,male,2,old,b,1,8.048200000003021,81,24,-16,74,4,-7,29.66666667,23.66666667,6,39.80228916,35.8732336,3.929055559,-16,-7,-9,0.21,0.66,-0.45,FALSE
5,29,male,3,old,b,1,10.144899999998472,90,44,-48,88,16,-45,28.66666667,19.66666667,9,57.37207993,54.3588897,3.013190235,-48,-45,-3,-0.38,0.1,-0.48,FALSE
5,29,male,4,old,b,1,4.992299999997044,56,42,-72,65,9,-66,8.666666667,2.666666667,6,57.32558087,53.66770185,3.657879018,-72,-66,-6,-0.68,-0.18,-0.5,FALSE
5,29,male,5,old,b,1,4.647600000001489,91,54,-88,96,14,-80,19,10,9,77.1535266,71.90734779,5.246178806,-88,-80,-8,-0.59,-0.08,-0.51,FALSE
5,29,male,6,old,b,1,7.616799999996999,93,31,-8,70,68,-4,38.66666667,44.66666667,-6,41.5879256,34.42221505,7.165710549,-8,-4,-4,0.27,-0.71,0.98,FALSE
5,29,male,7,old,b,1,3.3929999999999723,85,2,-81,57,52,-76,2,11,-9,67.76921622,61.55214591,6.217070303,-81,-76,-5,0,-0.7,0.7,FALSE
5,29,male,8,old,b,1,11.043800000004468,70,12,-66,45,34,-63,5.333333333,5.333333333,0,55.72152985,48.52719741,7.194332436,-66,-63,-3,-0.18,-0.68,0.5,FALSE
5,29,male,9,old,a,0,7.174899999998502,98,41,-24,75,68,-19,38.33333333,41.33333333,-3,49.8419725,42.75771535,7.084257142,-24,-19,-5,-0.08,-0.69,0.61,FALSE
5,29,male,10,old,a,0,15.276600000001451,67,11,-13,61,36,-5,21.66666667,30.66666667,-9,33.51948024,27.20702524,6.312455003,-13,-5,-8,0.45,-0.29,0.74,FALSE
5,29,male,11,old,b,1,4.7269999999999754,93,58,-8,94,41,-1,47.66666667,44.66666667,3,41.87547678,38.87015422,3.005322563,-8,-1,-7,-0.36,0.14,-0.5,FALSE
5,29,male,12,old,b,1,6.9786000000015065,83,23,-56,70,49,-51,16.66666667,22.66666667,-6,56.92294987,52.7909925,4.131957375,-56,-51,-5,-0.17,-0.62,0.45,FALSE
5,29,male,13,old,a,0,4.829999999999984,92,60,-21,99,43,-11,43.66666667,43.66666667,0,47.55581516,44.90978611,2.646029045,-21,-11,-10,-0.47,0.02,-0.49,FALSE
5,29,male,14,old,b,1,53.435100000001455,80,72,-12,88,45,-2,46.66666667,43.66666667,3,41.61196409,36.7544404,4.857523695,-12,-2,-10,-0.69,-0.05,-0.64,FALSE
5,29,male,15,old,a,0,14.4128999999985,77,25,-58,53,45,-54,14.66666667,14.66666667,0,55.59576323,48.66438351,6.93137972,-58,-54,-4,-0.27,-0.69,0.42,FALSE
5,29,male,17,old,b,1,7.393899999998553,91,81,-24,99,44,-22,49.33333333,40.33333333,9,52.01495511,49.46603773,2.548917383,-24,-22,-2,-0.69,-0.11,-0.58,FALSE
5,29,male,18,old,b,1,7.41420000000295,93,64,-10,95,40,-6,49,43,6,43.36665386,41.28760912,2.079044738,-10,-6,-4,-0.48,0.11,-0.59,FALSE
5,29,male,19,old,a,0,9.294899999998506,53,8,-34,41,23,-28,9,12,-3,35.52463934,29.22327839,6.301360944,-34,-28,-6,0.04,-0.51,0.55,FALSE
5,29,male,20,old,a,0,10.046199999995508,91,67,-10,95,46,-2,49.33333333,46.33333333,3,43.08389748,39.60078563,3.483111855,-10,-2,-8,-0.55,0.01,-0.56,FALSE
5,29,male,21,old,a,0,8.442199999995523,88,17,-44,82,43,-37,20.33333333,29.33333333,-9,53.94029621,49.5333782,4.406918017,-44,-37,-7,0.09,-0.39,0.48,FALSE
5,29,male,22,old,b,1,5.749800000004427,61,54,-82,79,11,-75,11,5,6,65.82299497,63.01322612,2.809768844,-82,-75,-7,-0.7,-0.14,-0.56,FALSE
5,29,male,23,old,a,0,3.598900000005983,91,75,-12,94,55,-4,51.33333333,48.33333333,3,45.25728916,40.28509512,4.97219404,-12,-4,-8,-0.64,-0.24,-0.4,FALSE
5,29,male,24,old,b,1,3.448199999995495,88,33,-10,73,59,-3,37,43,-6,40.10818703,33.02524287,7.082944157,-10,-3,-7,0.15,-0.61,0.76,FALSE
5,29,male,25,old,a,0,8.029700000003004,69,24,-23,60,43,-15,23.33333333,29.33333333,-6,37.56180093,32.10745846,5.454342465,-23,-15,-8,-0.03,-0.56,0.53,FALSE
5,29,male,26,old,b,1,4.684500000000071,99,35,-16,88,50,-11,39.33333333,42.33333333,-3,47.0484384,40.77853466,6.269903738,-16,-11,-5,0.14,-0.28,0.42,FALSE
5,29,male,27,old,b,1,13.983799999997018,83,50,-11,85,29,-1,40.66666667,37.66666667,3,38.93869826,35.64017708,3.298521182,-11,-1,-10,-0.35,0.35,-0.7,FALSE
5,29,male,28,old,b,1,12.14729999999713,76,3,-64,59,38,-55,5,14,-9,57.17225434,49.53786431,7.634390037,-64,-55,-9,0.05,-0.61,0.66,FALSE
5,29,male,29,old,a,0,10.36660000000154,84,27,-36,73,4,-29,25,16,9,49.01020302,42.49705872,6.513144298,-36,-29,-7,-0.06,0.4,-0.46,FALSE
5,29,male,30,old,b,1,5.081700000002911,55,15,-13,42,31,-7,19,22,-3,27.90459938,20.99206199,6.91253739,-13,-7,-6,0.21,-0.56,0.77,FALSE
5,29,male,31,old,a,0,11.862200000002986,94,70,-40,98,38,-30,41.33333333,35.33333333,6,58.33999962,52.2897908,6.050208816,-40,-30,-10,-0.62,-0.08,-0.54,FALSE
5,29,male,32,old,a,0,22.897000000000048,66,31,-13,68,19,-3,28,28,0,32.3213036,29.67602849,2.645275119,-13,-3,-10,-0.14,0.43,-0.57,FALSE
5,29,male,33,old,b,1,3.199800000004529,80,2,-60,69,30,-50,7.333333333,16.33333333,-9,57.27904406,49.5333782,7.745665868,-60,-50,-10,0.14,-0.39,0.53,FALSE
5,29,male,34,old,b,1,3.5322000000030584,80,10,-63,59,46,-60,9,15,-6,58.3837877,53.2979049,5.085882805,-63,-60,-3,-0.03,-0.68,0.65,FALSE
5,29,male,35,old,a,0,3.9162999999970234,64,24,-23,50,35,-20,21.66666667,21.66666667,0,35.55590278,30.09245014,5.463452634,-23,-20,-3,-0.1,-0.58,0.48,FALSE
5,29,male,36,old,b,1,5.612700000002974,75,4,-67,57,43,-61,4,13,-9,57.97125725,52.63712252,5.334134731,-67,-61,-6,0,-0.67,0.67,FALSE
5,29,male,37,old,a,0,10.783800000004476,74,43,-22,76,14,-13,31.66666667,25.66666667,6,40.00277768,37.25885428,2.743923402,-22,-13,-9,-0.4,0.44,-0.84,FALSE
5,29,male,38,old,b,1,5.5638000000044485,53,9,-17,37,30,-13,15,18,-3,28.89059824,22.10580618,6.784792065,-17,-13,-4,0.3,-0.65,0.95,FALSE
5,29,male,39,old,b,1,5.246699999995485,97,58,-61,98,20,-51,31.33333333,22.33333333,9,67.20284386,60.85136719,6.351476665,-61,-51,-10,-0.53,0.06,-0.59,FALSE
5,29,male,40,old,b,1,16.914199999995503,68,25,-12,60,2,-8,27,18,9,32.69046752,29.97776954,2.712697979,-12,-8,-4,0.09,0.65,-0.56,FALSE
5,29,male,41,old,b,1,10.246599999994032,95,48,-30,71,67,-25,37.66666667,37.66666667,0,51.55148451,44.3421044,7.209380118,-30,-25,-5,-0.29,-0.7,0.41,FALSE
5,29,male,42,old,b,1,30.898800000004485,63,2,-47,49,23,-45,6,9,-3,44.99629614,39.63163719,5.36465895,-47,-45,-2,0.13,-0.49,0.62,FALSE
5,29,male,0,new,b,1,1.9872000000029857,76,31,-39,96,19,-29,22.66666667,28.66666667,-6,47.31689856,51.48678363,-4.169885078,-39,-29,-10,-0.26,0.28,-0.54,FALSE
5,29,male,1,new,b,1,2.062699999995516,75,51,-33,96,10,-31,31,25,6,46.30334761,52.92132525,-6.617977643,-33,-31,-2,-0.57,0.4,-0.97,FALSE
5,29,male,2,new,b,1,2.5312000000029684,70,31,-60,87,5,-51,13.66666667,13.66666667,0,54.46915539,56.6705881,-2.20143271,-60,-51,-9,-0.45,0.23,-0.68,FALSE
5,29,male,3,new,a,0,3.595599999993965,66,55,-73,97,23,-63,16,19,-3,63.09252465,65.38093504,-2.28841039,-73,-63,-10,-0.69,-0.09,-0.6,FALSE
5,29,male,4,new,b,1,0.9646999999955596,73,32,-44,95,17,-42,20.33333333,23.33333333,-3,48.47221426,56.10902086,-7.6368066,-44,-42,-2,-0.35,0.17,-0.52,FALSE
5,29,male,5,new,a,0,1.3788999999984526,63,62,-52,88,34,-49,24.33333333,24.33333333,0,53.97736151,56.34615239,-2.368790878,-52,-49,-3,-0.71,-0.25,-0.46,FALSE
5,29,male,6,new,a,0,1.2473999999984926,83,36,-11,86,2,-7,36,27,9,38.3753393,41.88078318,-3.505443879,-11,-7,-4,0,0.68,-0.68,FALSE
5,29,male,7,new,a,0,3.4291000000014265,82,33,-22,91,7,-14,31,28,3,42.48136847,45.36518489,-2.883816424,-22,-14,-8,-0.07,0.6,-0.67,FALSE
5,29,male,8,new,a,0,0.91510000000153,67,58,-29,93,49,-19,32,41,-9,43.28972164,46.07240678,-2.782685138,-29,-19,-10,-0.68,-0.26,-0.42,FALSE
5,29,male,9,new,b,1,3.8144999999999527,51,25,-16,72,5,-8,20,23,-3,27.58018612,35.05234181,-7.47215569,-16,-8,-8,-0.27,0.63,-0.9,FALSE
5,29,male,10,new,b,1,2.281400000005874,74,29,-58,96,13,-55,15,18,-3,54.79051013,61.74679479,-6.956284661,-58,-55,-3,-0.37,0.12,-0.49,FALSE
5,29,male,11,new,a,0,2.994600000001583,82,41,-36,94,3,-28,29,23,6,48.91489207,51.77515492,-2.860262842,-36,-28,-8,-0.35,0.52,-0.87,FALSE
5,29,male,12,new,a,0,3.115800000004469,58,27,-28,78,17,-20,19,25,-6,35.56215217,40.40627014,-4.844117975,-28,-20,-8,-0.33,0.29,-0.62,FALSE
5,29,male,13,new,b,1,2.6119999999999663,62,55,-78,93,7,-70,13,10,3,64.41014413,66.57827473,-2.168130606,-78,-70,-8,-0.7,0.07,-0.77,FALSE
5,29,male,14,new,b,1,2.511899999998491,65,61,-27,97,23,-21,33,33,0,42.45782221,48.68949236,-6.231670156,-27,-21,-6,-0.7,0.3,-1,FALSE
5,29,male,15,new,a,0,5.997600000001512,59,53,-70,91,2,-60,14,11,3,59.44745579,61.97311245,-2.525656659,-70,-60,-10,-0.7,0.21,-0.91,FALSE
5,29,male,16,new,a,0,7.049699999995596,72,24,-26,91,16,-19,23.33333333,29.33333333,-6,40.01110957,45.88633299,-5.875223425,-26,-19,-7,-0.02,0.41,-0.43,FALSE
5,29,male,17,new,b,1,9.013599999993971,56,39,-80,86,11,-73,5,8,-3,60.50344343,64.94613152,-4.442688096,-80,-73,-7,-0.67,-0.07,-0.6,FALSE
5,29,male,18,new,b,1,10.348100000001525,35,19,-36,66,5,-26,6,15,-9,30.40833219,38.21866909,-7.810336894,-36,-26,-10,-0.56,0.37,-0.93,FALSE
5,29,male,19,new,b,1,10.61709999999414,75,60,-69,99,6,-66,22,13,9,64.63745044,67.54257916,-2.905128718,-69,-66,-3,-0.68,0.15,-0.83,FALSE
5,29,male,20,new,a,0,9.467300000004457,62,43,-86,99,27,-80,6.333333333,15.33333333,-9,65.74867975,73.54061614,-7.79193639,-86,-80,-6,-0.66,-0.23,-0.43,FALSE
5,29,male,21,new,a,0,7.999200000002929,41,39,-29,73,26,-21,17,26,-9,32.53715825,38.3753393,-5.838181059,-29,-21,-8,-0.71,0,-0.71,FALSE
5,29,male,22,new,a,0,7.14739999999847,62,41,-30,88,24,-21,24.33333333,30.33333333,-6,39.36439452,44.723844,-5.359449486,-30,-21,-9,-0.56,0.21,-0.77,FALSE
5,29,male,23,new,b,1,21.264099999994077,61,33,-4,66,7,-1,30,24,6,26.62079388,29.87752779,-3.25673391,-4,-1,-3,-0.17,0.67,-0.84,FALSE
5,29,male,24,new,b,1,2.733799999997018,83,52,-36,96,9,-33,33,24,9,50.4050262,53.72150407,-3.31647787,-36,-33,-3,-0.51,0.4,-0.91,FALSE
5,29,male,25,new,a,0,2.746900000006008,65,35,-38,81,15,-34,20.66666667,20.66666667,0,43.25377312,47.1192341,-3.865460983,-38,-34,-4,-0.46,0.18,-0.64,FALSE
5,29,male,26,new,b,1,1.3317999999969743,40,34,-14,62,29,-4,20,29,-9,24.16609195,26.94438717,-2.778295223,-14,-4,-10,-0.67,0,-0.67,FALSE
5,29,male,27,new,a,0,0.8700000000000045,76,38,-12,82,9,-7,34,28,6,36.037018,38.73843914,-2.701421131,-12,-7,-5,-0.17,0.62,-0.79,FALSE
5,29,male,28,new,a,0,2.0476000000014665,67,34,-14,82,3,-7,29,26,3,33.2565783,39.80787192,-6.551293622,-14,-7,-7,-0.22,0.67,-0.89,FALSE
5,29,male,29,new,a,0,8.798000000000002,59,34,-23,76,30,-18,23.33333333,29.33333333,-6,34.31552936,38.37823457,-4.062705208,-23,-18,-5,-0.44,-0.03,-0.41,FALSE
5,29,male,30,new,b,1,0.3997999999970716,74,56,-98,99,2,-96,10.66666667,1.666666667,9,77.18952145,79.60876557,-2.4192441160000002,-98,-96,-2,-0.68,-0.01,-0.67,FALSE
5,29,male,31,new,b,1,9.16459999999404,94,45,-8,97,10,-3,43.66666667,34.66666667,9,41.65199742,44.39469438,-2.74269696,-8,-3,-5,-0.05,0.66,-0.71,FALSE
5,29,male,32,new,a,0,8.732899999998494,57,33,-39,75,10,-34,17,17,0,40.79215611,44.77350407,-3.981347961,-39,-34,-5,-0.53,0.23,-0.76,FALSE
5,29,male,33,new,b,1,14.470000000000027,84,38,-47,98,2,-43,25,19,6,54.26478293,58.80476171,-4.53997878,-47,-43,-4,-0.35,0.41,-0.76,FALSE
5,29,male,34,new,b,1,5.063199999995504,86,35,-10,92,6,-5,37,31,6,39.2173431,43.36665386,-4.149310754,-10,-5,-5,0.08,0.67,-0.59,FALSE
5,29,male,35,new,a,0,17.90510000000154,71,36,-38,93,11,-35,23,23,0,45.43860326,52.94021786,-7.501614591,-38,-35,-3,-0.41,0.33,-0.74,FALSE
5,29,male,36,new,a,0,4.8281999999954905,45,40,-49,77,30,-44,12,21,-9,43.18178628,49.80629144,-6.624505153,-49,-44,-5,-0.7,-0.27,-0.43,FALSE
5,29,male,37,new,b,1,5.230100000001471,60,59,-71,98,2,-61,16,13,3,61.51964456,65.37583651,-3.856191956,-71,-61,-10,-0.71,0.25,-0.96,FALSE
5,29,male,38,new,a,0,5.730199999995534,59,17,-45,75,4,-39,10.33333333,13.33333333,-3,42.71871825,47.00590979,-4.287191544,-45,-39,-6,-0.23,0.29,-0.52,FALSE
5,29,male,39,new,b,1,13.190500000000045,85,45,-46,95,4,-42,28,19,9,54.81483984,56.92685365,-2.112013812,-46,-42,-4,-0.44,0.38,-0.82,FALSE
5,29,male,40,new,b,1,4.761799999997038,73,35,-13,82,8,-4,31.66666667,28.66666667,3,35.18838192,38.02922853,-2.840846604,-13,-4,-9,-0.14,0.65,-0.79,FALSE
5,29,male,42,new,b,1,11.014299999997093,56,49,-15,84,31,-7,30,36,-6,31.94787421,37.31844941,-5.370575202,-15,-7,-8,-0.68,0.2,-0.88,FALSE
5,29,male,0,old,b,1,5.908999999999878,91,79,-11,99,39,-6,53,44,9,45.51922671,43.01162634,2.507600372,-11,-6,-5,-0.67,0.17,-0.84,FALSE
5,29,male,1,old,b,1,4.034200000003011,58,38,-11,53,25,-2,28.33333333,25.33333333,3,28.98658694,22.45489306,6.531693879,-11,-2,-9,-0.46,0.02,-0.48,FALSE
5,29,male,2,old,a,0,8.401199999995697,96,19,-78,77,43,-74,12.33333333,15.33333333,-3,71.19144768,64.67525716,6.516190515,-78,-74,-4,-0.14,-0.56,0.42,FALSE
5,29,male,3,old,a,0,28.11590000000615,74,21,-46,56,42,-40,16.33333333,19.33333333,-3,49.10080334,42.34251869,6.758284654,-46,-40,-6,-0.14,-0.65,0.51,FALSE
5,29,male,4,old,b,1,6.748800000004394,98,58,-16,96,41,-6,46.66666667,43.66666667,3,47.22522866,41.6839964,5.541232266,-16,-6,-10,-0.35,0.1,-0.45,FALSE
5,29,male,5,old,b,1,20.53529999999705,74,5,-55,57,19,-52,8,8,0,52.70673581,45.17373868,7.532997129,-55,-52,-3,0.09,-0.35,0.44,FALSE
5,29,male,6,old,b,1,40.518800000004376,70,51,-43,75,10,-34,26,17,9,49.40310382,44.77350407,4.629599747,-43,-34,-9,-0.63,0.23,-0.86,FALSE
5,29,male,7,old,b,1,10.082899999998515,82,31,-53,64,62,-48,20,26,-6,55.6596802,52.33227175,3.327408449,-53,-48,-5,-0.29,-0.71,0.42,FALSE
5,29,male,8,old,b,1,16.947600000001557,64,62,-48,70,29,-39,26,20,6,52.33227175,44.95182607,7.380445685,-48,-39,-9,-0.71,-0.29,-0.42,FALSE
5,29,male,10,old,b,1,36.04739999999856,57,19,-12,42,29,-7,21.33333333,21.33333333,0,28.21740991,20.72572208,7.491687838,-12,-7,-5,0.12,-0.5,0.62,FALSE
5,29,male,11,old,b,1,8.42720000000304,99,52,-13,90,75,-9,46,52,-6,45.92022067,43.56604182,2.354178852,-13,-9,-4,-0.19,-0.64,0.45,FALSE
5,29,male,12,old,b,1,1.9971999999954733,78,43,-10,60,54,-3,37,37,0,36.17549815,28.39013913,7.785359021,-10,-3,-7,-0.24,-0.68,0.44,FALSE
5,29,male,13,old,a,0,8.028200000002926,60,5,-41,53,30,-32,8,17,-9,41.28760912,35.89800366,5.389605459,-41,-32,-9,0.11,-0.5,0.61,FALSE
5,29,male,14,old,b,1,2.981499999999869,91,22,-54,72,61,-47,19.66666667,28.66666667,-9,59.21899095,53.69254035,5.526450601,-54,-47,-7,-0.06,-0.68,0.62,FALSE
5,29,male,15,old,a,0,8.931699999995544,63,16,-47,44,40,-43,10.66666667,13.66666667,-3,45.0653846,40.10264608,4.962738522,-47,-43,-4,-0.18,-0.7,0.52,FALSE
5,29,male,16,old,b,1,13.997799999997142,85,68,-15,91,43,-5,46,43,3,43.68828981,39.19183588,4.496453927,-15,-5,-10,-0.63,0,-0.63,FALSE
5,29,male,17,old,a,0,3.4644999999998163,48,3,-24,46,23,-15,9,18,-9,29.69848481,25.15286597,4.545618837,-24,-15,-9,0.29,-0.29,0.58,FALSE
5,29,male,18,old,b,1,7.495899999998528,46,30,-55,47,6,-50,7,1,6,44.32456054,39.75759885,4.566961681,-55,-50,-5,-0.64,-0.19,-0.45,FALSE
5,29,male,19,old,b,1,6.830399999998463,87,78,-16,94,52,-6,49.66666667,46.66666667,3,46.57848812,40.99864496,5.579843156,-16,-6,-10,-0.69,-0.19,-0.5,FALSE
5,29,male,20,old,b,1,5.981999999999971,57,44,-13,53,29,-3,29.33333333,26.33333333,3,30.40102337,22.93953405,7.461489329,-13,-3,-10,-0.61,-0.17,-0.44,FALSE
5,29,male,21,old,b,1,3.9499000000059823,46,32,-39,42,9,-30,13,7,6,37.21110945,29.42787794,7.783231513,-39,-30,-9,-0.63,-0.1,-0.53,FALSE
5,29,male,22,old,b,1,13.663900000005924,79,40,-26,73,13,-20,31,22,9,43.33589736,38.49675311,4.83914425,-26,-20,-6,-0.3,0.34,-0.64,FALSE
5,29,male,23,old,b,1,5.334500000000162,79,16,-61,58,42,-57,11.33333333,14.33333333,-3,57.24993935,50.86146762,6.388471726,-61,-57,-4,-0.12,-0.65,0.53,FALSE
5,29,male,24,old,a,0,1.7171000000016647,92,2,-70,66,50,-65,8,17,-9,66.2721661,58.34952156,7.92264454,-70,-65,-5,0.14,-0.67,0.81,FALSE
5,29,male,25,old,a,0,5.083700000002864,53,8,-35,40,19,-33,8.666666667,8.666666667,0,35.92894222,30.68477726,5.244164957,-35,-33,-2,0.03,-0.47,0.5,FALSE
5,29,male,26,old,a,0,7.4638000000045395,79,13,-40,74,33,-37,17.33333333,23.33333333,-6,48.67808085,45.82818153,2.849899325,-40,-37,-3,0.13,-0.31,0.44,FALSE
5,29,male,27,old,b,1,5.247200000002977,82,11,-76,60,51,-67,5.666666667,14.66666667,-9,64.61338011,57.86382482,6.749555292,-76,-67,-9,-0.12,-0.69,0.57,FALSE
5,29,male,28,old,a,0,8.149600000001556,59,9,-67,40,31,-61,0.333333333,3.333333333,-3,51.80304581,45.63867755,6.164368259,-67,-61,-6,-0.25,-0.69,0.44,FALSE
5,29,male,29,old,a,0,3.981999999999971,48,21,-20,41,36,-10,16.33333333,22.33333333,-6,27.95631513,22.9540604,5.002254727,-20,-10,-10,-0.25,-0.68,0.43,FALSE
5,29,male,30,old,b,1,11.048600000001445,77,69,-21,82,39,-14,41.66666667,35.66666667,6,44.43222054,39.26264835,5.16957219,-21,-14,-7,-0.69,-0.13,-0.56,FALSE
5,29,male,31,old,b,1,2.383000000000038,85,24,-45,67,54,-39,21.33333333,27.33333333,-6,53.10576449,47.20404879,5.901715701,-45,-39,-6,-0.08,-0.67,0.59,FALSE
5,29,male,32,old,a,0,2.197499999999991,79,64,-29,81,28,-22,38,29,9,47.77028365,42.05551886,5.714764789,-29,-22,-7,-0.66,0.04,-0.7,FALSE
5,29,male,33,old,a,0,8.166100000001506,65,13,-18,61,36,-10,20,29,-9,34.24422092,29.40521496,4.839005967,-18,-10,-8,0.3,-0.34,0.64,FALSE
5,29,male,34,old,b,1,3.000500000000102,53,40,-11,50,25,-2,27.33333333,24.33333333,3,27.62044331,21.23414441,6.386298903,-11,-2,-9,-0.59,-0.05,-0.54,FALSE
5,29,male,35,old,a,0,4.5808999999985645,56,8,-52,40,33,-43,4,10,-6,44.18144407,37.58545818,6.595985888,-52,-43,-9,-0.14,-0.69,0.55,FALSE
5,29,male,36,old,a,0,6.43100000000004,61,12,-35,44,34,-31,12.66666667,15.66666667,-3,39.19467084,33.24989557,5.944775267,-35,-31,-4,0.03,-0.66,0.69,FALSE
5,29,male,37,old,b,1,13.666500000000042,80,43,-35,75,18,-32,29.33333333,20.33333333,9,47.93282336,43.71371511,4.219108251,-35,-32,-3,-0.4,0.08,-0.48,FALSE
5,29,male,38,old,b,1,11.117499999999836,65,57,-40,69,18,-32,27.33333333,18.33333333,9,47.72374205,41.23375101,6.489991045,-40,-32,-8,-0.69,0.01,-0.7,FALSE
5,29,male,39,old,b,1,5.714600000001383,73,52,-43,84,13,-33,27.33333333,21.33333333,6,50.4667107,48.12714642,2.339564283,-43,-33,-10,-0.62,0.25,-0.87,FALSE
5,29,male,40,old,b,1,9.413600000001452,70,57,-28,78,40,-19,33,33,0,43.45879274,39.90822806,3.550564686,-28,-19,-9,-0.66,-0.26,-0.4,FALSE
5,29,male,41,old,b,1,13.333099999994149,79,63,-12,80,36,-4,43.33333333,37.33333333,6,39.6680672,34.30581421,5.362252988,-12,-4,-8,-0.62,0.06,-0.68,FALSE
5,29,male,42,old,b,1,8.481699999995726,98,42,-26,70,68,-24,38,38,0,50.70174224,43.84822307,6.853519172,-26,-24,-2,-0.12,-0.71,0.59,FALSE
5,29,male,0,new,b,1,6.1678999999985535,79,50,-10,95,17,-2,39.66666667,36.66666667,3,37.06151043,41.97088938,-4.90937895,-10,-2,-8,-0.4,0.6,-1,FALSE
5,29,male,1,new,b,1,10.395400000005791,86,32,-13,90,5,-8,35,29,6,40.47221269,43.45879274,-2.986580053,-13,-8,-5,0.11,0.66,-0.55,FALSE
5,29,male,2,new,a,0,9.53070000000298,38,17,-31,62,16,-27,8,17,-9,28.87905816,36.34097779,-7.461919633,-31,-27,-4,-0.44,0.04,-0.48,FALSE
5,29,male,3,new,b,1,11.447899999998526,47,44,-54,78,9,-50,12.33333333,12.33333333,0,46.92073695,52.3089115,-5.388174553,-54,-50,-4,-0.7,0.1,-0.8,FALSE
5,29,male,4,new,a,0,13.07709999999406,69,50,-40,89,13,-32,26.33333333,23.33333333,3,47.54179448,49.93551397,-2.393719493,-40,-32,-8,-0.62,0.3,-0.92,FALSE
5,29,male,5,new,b,1,2.8479999999999563,89,36,-51,98,7,-49,24.66666667,18.66666667,6,57.71385353,60.5768566,-2.863003074,-51,-49,-2,-0.29,0.28,-0.57,FALSE
5,29,male,6,new,a,0,3.28070000000298,37,15,-44,59,10,-34,2.666666667,11.66666667,-9,34.19876541,37.9853773,-3.786611894,-44,-34,-10,-0.49,0.07,-0.56,FALSE
5,29,male,7,new,b,1,4.648500000000013,82,49,-19,98,16,-11,37.33333333,34.33333333,3,42.05023451,46.34891824,-4.298683734,-19,-11,-8,-0.39,0.53,-0.92,FALSE
5,29,male,8,new,a,0,5.962100000001328,42,23,-11,63,18,-9,18,24,-6,21.92411154,29.69848481,-7.774373273,-11,-9,-2,-0.33,0.29,-0.62,FALSE
5,29,male,9,new,b,1,7.9803999999985535,53,40,-78,88,6,-70,5,8,-3,58.92933621,64.51873113,-5.589394916,-78,-70,-8,-0.68,0.05,-0.73,FALSE
5,29,male,10,new,b,1,26.09569999999553,88,50,-27,96,11,-23,37,28,9,47.84001115,50.04664491,-2.206633761,-27,-23,-4,-0.39,0.47,-0.86,FALSE
5,29,male,11,new,b,1,2.3819000000059987,86,41,-34,96,4,-25,31,25,6,49.49747468,51.58165048,-2.084175801,-34,-25,-9,-0.29,0.54,-0.83,FALSE
5,29,male,12,new,b,1,8.39840000000595,75,48,-36,95,7,-33,29,23,6,47.26520919,53.46650042,-6.201291223,-36,-33,-3,-0.54,0.42,-0.96,FALSE
5,29,male,13,new,b,1,4.164200000002893,43,31,-49,75,8,-40,8.333333333,14.33333333,-6,40.83571422,47.16166051,-6.325946295,-49,-40,-9,-0.66,0.2,-0.86,FALSE
5,29,male,14,new,b,1,7.8147999999969215,85,51,-7,92,14,-4,43,34,9,37.98245209,41.66533331,-3.682881223,-7,-4,-3,-0.31,0.61,-0.92,FALSE
5,29,male,15,new,b,1,18.598100000001523,73,45,-52,99,1,-43,22,19,3,53.55993528,59.35205697,-5.792121696,-52,-43,-9,-0.56,0.43,-0.99,FALSE
5,29,male,16,new,a,0,12.278499999999894,32,24,-44,60,15,-36,4,13,-9,34.09789827,39.2173431,-5.119444829,-44,-36,-8,-0.68,-0.08,-0.6,FALSE
5,29,male,17,new,b,1,2.131399999998393,56,21,-48,76,2,-40,9.666666667,12.66666667,-3,43.20750964,47.95368136,-4.74617172,-48,-40,-8,-0.38,0.32,-0.7,FALSE
5,29,male,18,new,a,0,5.930200000002969,72,24,-83,93,6,-77,4.333333333,7.333333333,-3,64.78854494,69.40861298,-4.620068037,-83,-77,-6,-0.43,0.03,-0.46,FALSE
5,29,male,19,new,a,0,17.528700000003028,66,47,-58,95,21,-52,18.33333333,21.33333333,-3,54.53031777,60.01296156,-5.482643798,-58,-52,-6,-0.64,0.01,-0.65,FALSE
5,29,male,20,new,b,1,2.493200000003071,73,53,-41,99,7,-39,28.33333333,22.33333333,6,49.70133019,57.37207993,-7.670749745,-41,-39,-2,-0.62,0.38,-1,FALSE
5,29,male,21,new,a,0,23.862500000000185,49,45,-36,87,24,-26,19.33333333,28.33333333,-9,39.16063783,46.23370584,-7.073068005,-36,-26,-10,-0.7,0.14,-0.84,FALSE
5,29,male,22,new,b,1,22.160300000004327,87,54,-16,96,14,-12,41.66666667,32.66666667,9,42.94440851,46.02414825,-3.079739742,-16,-12,-4,-0.41,0.54,-0.95,FALSE
5,29,male,23,new,b,1,2.4278000000044813,68,52,-62,94,9,-54,19.33333333,16.33333333,3,57.88110419,60.64285247,-2.761748279,-62,-54,-8,-0.67,0.18,-0.85,FALSE
5,29,male,24,new,b,1,6.211100000001579,72,42,-20,78,6,-17,31.33333333,22.33333333,9,38.30868773,40.46672158,-2.158033852,-20,-17,-3,-0.4,0.54,-0.94,FALSE
5,29,male,25,new,b,1,6.528899999998657,59,30,-17,77,20,-7,24,30,-6,31.31559782,35.0142828,-3.698684983,-17,-7,-10,-0.28,0.41,-0.69,FALSE
5,29,male,26,new,b,1,37.84400000000005,54,51,-50,87,14,-46,18.33333333,18.33333333,0,48.33448274,54.3834125,-6.048929759,-50,-46,-4,-0.71,0.12,-0.83,FALSE
5,29,male,27,new,b,1,2.744799999996985,80,48,-26,89,7,-21,34,25,9,44.39219151,46.6761895,-2.283997999,-26,-21,-5,-0.44,0.52,-0.96,FALSE
5,29,male,28,new,a,0,6.431600000001481,44,31,-57,70,16,-50,6,12,-6,44.86275367,49.07137659,-4.208622918,-57,-50,-7,-0.66,-0.12,-0.54,FALSE
5,29,male,29,new,b,1,3.5277999999971144,78,57,-50,98,6,-46,28.33333333,19.33333333,9,56.04958123,59.5389695,-3.489388273,-50,-46,-4,-0.63,0.32,-0.95,FALSE
5,29,male,30,new,b,1,10.811799999996992,58,27,-46,74,5,-40,13,13,0,43.59663596,46.88283268,-3.286196723,-46,-40,-6,-0.45,0.25,-0.7,FALSE
5,29,male,31,new,b,1,7.145199999995384,62,44,-43,91,27,-37,21,27,-6,45.84757355,52.25578118,-6.408207634,-43,-37,-6,-0.63,0,-0.63,FALSE
5,29,male,32,new,b,1,2.064799999997149,54,34,-67,84,8,-62,7,10,-3,52.95910372,59.62102537,-6.661921656,-67,-62,-5,-0.63,0.05,-0.68,FALSE
5,29,male,33,new,a,0,11.71230000000446,45,26,-62,73,18,-55,3,12,-9,46.61187259,52.42772803,-5.815855439,-62,-55,-7,-0.62,-0.17,-0.45,FALSE
5,29,male,34,new,a,0,1.88149999999996,38,36,-51,71,20,-41,7.666666667,16.66666667,-9,41.49163236,45.78451946,-4.292887105,-51,-41,-10,-0.71,-0.11,-0.6,FALSE
5,29,male,35,new,b,1,32.88120000000299,69,45,-22,90,19,-17,30.66666667,30.66666667,0,38.50829636,44.45472103,-5.94642467,-22,-17,-5,-0.51,0.38,-0.89,FALSE
5,29,male,36,new,a,0,15.179499999999962,31,25,-52,57,4,-48,1.333333333,4.333333333,-3,37.79182745,42.86671851,-5.074891054,-52,-48,-4,-0.69,0.01,-0.7,FALSE
5,29,male,37,new,b,1,9.79660000000149,68,60,-38,99,37,-28,30,36,-6,48.19405219,51.85235449,-3.658302303,-38,-28,-10,-0.69,-0.03,-0.66,FALSE
5,29,male,38,new,b,1,3.099399999998468,71,38,-70,91,1,-62,13,10,3,60.21627687,62.78534861,-2.56907174,-70,-62,-8,-0.55,0.21,-0.76,FALSE
5,29,male,39,new,b,1,6.699699999995346,44,36,-47,66,12,-45,11,11,0,41.14203041,45.32107677,-4.17904636,-47,-45,-2,-0.69,-0.03,-0.66,FALSE
5,29,male,40,new,b,1,2.3323000000045795,80,38,-19,90,6,-15,33,27,6,40.57092555,45.36518489,-4.794259339,-19,-15,-4,-0.18,0.6,-0.78,FALSE
5,29,male,41,new,b,1,2.4346999999957006,73,23,-91,92,2,-89,1.666666667,1.666666667,0,68.63105873,73.89331649,-5.262257764,-91,-89,-2,-0.44,-0.01,-0.43,FALSE
6,23,female,0,old,b,1,7.952499999999986,95,48,-30,71,67,-25,37.66666667,37.66666667,0,51.55148451,44.3421044,7.209380118,-30,-25,-5,-0.29,-0.7,0.41,FALSE
6,23,female,1,old,b,1,9.194499999999977,76,3,-64,59,38,-55,5,14,-9,57.17225434,49.53786431,7.634390037,-64,-55,-9,0.05,-0.61,0.66,FALSE
6,23,female,2,old,b,1,5.611299999999801,63,2,-47,49,23,-45,6,9,-3,44.99629614,39.63163719,5.36465895,-47,-45,-2,0.13,-0.49,0.62,FALSE
6,23,female,3,old,b,1,5.179200000000179,85,2,-81,57,52,-76,2,11,-9,67.76921622,61.55214591,6.217070303,-81,-76,-5,0,-0.7,0.7,FALSE
6,23,female,4,old,b,1,5.795000000000016,98,41,-24,75,68,-19,38.33333333,41.33333333,-3,49.8419725,42.75771535,7.084257142,-24,-19,-5,-0.08,-0.69,0.61,FALSE
6,23,female,5,old,b,1,11.161900000000372,88,17,-44,82,43,-37,20.33333333,29.33333333,-9,53.94029621,49.5333782,4.406918017,-44,-37,-7,0.09,-0.39,0.48,FALSE
6,23,female,6,old,a,0,5.161899999999434,93,58,-8,94,41,-1,47.66666667,44.66666667,3,41.87547678,38.87015422,3.005322563,-8,-1,-7,-0.36,0.14,-0.5,FALSE
6,23,female,7,old,b,1,6.045999999999992,67,19,-22,60,38,-16,21.33333333,27.33333333,-6,36.37153955,31.93048004,4.441059506,-22,-16,-6,0.1,-0.46,0.56,FALSE
6,23,female,8,old,b,1,3.329799999999836,67,11,-13,61,36,-5,21.66666667,30.66666667,-9,33.51948024,27.20702524,6.312455003,-13,-5,-8,0.45,-0.29,0.74,FALSE
6,23,female,9,old,a,0,4.762099999999634,61,54,-82,79,11,-75,11,5,6,65.82299497,63.01322612,2.809768844,-82,-75,-7,-0.7,-0.14,-0.56,FALSE
6,23,female,10,old,a,0,5.595899999999432,66,31,-13,68,19,-3,28,28,0,32.3213036,29.67602849,2.645275119,-13,-3,-10,-0.14,0.43,-0.57,FALSE
6,23,female,11,old,b,1,5.862499999999983,80,2,-60,69,30,-50,7.333333333,16.33333333,-9,57.27904406,49.5333782,7.745665868,-60,-50,-10,0.14,-0.39,0.53,FALSE
6,23,female,12,old,b,1,12.179600000000562,69,24,-23,60,43,-15,23.33333333,29.33333333,-6,37.56180093,32.10745846,5.454342465,-23,-15,-8,-0.03,-0.56,0.53,FALSE
6,23,female,13,old,a,0,2.2627000000001942,81,24,-16,74,4,-7,29.66666667,23.66666667,6,39.80228916,35.8732336,3.929055559,-16,-7,-9,0.21,0.66,-0.45,FALSE
6,23,female,14,old,b,1,3.179000000000002,53,8,-34,41,23,-28,9,12,-3,35.52463934,29.22327839,6.301360944,-34,-28,-6,0.04,-0.51,0.55,FALSE
6,23,female,15,old,a,0,35.728999999999985,91,67,-10,95,46,-2,49.33333333,46.33333333,3,43.08389748,39.60078563,3.483111855,-10,-2,-8,-0.55,0.01,-0.56,FALSE
6,23,female,16,old,b,1,7.546900000000392,99,51,-13,95,36,-3,45.66666667,42.66666667,3,45.87906809,40.28509512,5.59397297,-13,-3,-10,-0.17,0.24,-0.41,FALSE
6,23,female,17,old,a,0,4.378899999999476,94,70,-40,98,38,-30,41.33333333,35.33333333,6,58.33999962,52.2897908,6.050208816,-40,-30,-10,-0.62,-0.08,-0.54,FALSE
6,23,female,18,old,a,0,4.580000000000041,97,58,-61,98,20,-51,31.33333333,22.33333333,9,67.20284386,60.85136719,6.351476665,-61,-51,-10,-0.53,0.06,-0.59,FALSE
6,23,female,19,old,a,0,5.947100000000603,90,44,-48,88,16,-45,28.66666667,19.66666667,9,57.37207993,54.3588897,3.013190235,-48,-45,-3,-0.38,0.1,-0.48,FALSE
6,23,female,20,old,b,1,3.128100000000529,91,75,-12,94,55,-4,51.33333333,48.33333333,3,45.25728916,40.28509512,4.97219404,-12,-4,-8,-0.64,-0.24,-0.4,FALSE
6,23,female,21,old,a,0,5.8125,91,54,-88,96,14,-80,19,10,9,77.1535266,71.90734779,5.246178806,-88,-80,-8,-0.59,-0.08,-0.51,FALSE
6,23,female,22,old,b,1,6.078199999999242,53,9,-17,37,30,-13,15,18,-3,28.89059824,22.10580618,6.784792065,-17,-13,-4,0.3,-0.65,0.95,FALSE
6,23,female,23,old,b,1,5.429099999999608,70,12,-66,45,34,-63,5.333333333,5.333333333,0,55.72152985,48.52719741,7.194332436,-66,-63,-3,-0.18,-0.68,0.5,FALSE
6,23,female,24,old,b,1,7.596200000000181,92,60,-21,99,43,-11,43.66666667,43.66666667,0,47.55581516,44.90978611,2.646029045,-21,-11,-10,-0.47,0.02,-0.49,FALSE
6,23,female,25,old,a,0,4.912799999999834,99,35,-16,88,50,-11,39.33333333,42.33333333,-3,47.0484384,40.77853466,6.269903738,-16,-11,-5,0.14,-0.28,0.42,FALSE
6,23,female,26,old,a,0,2.9621999999992568,68,25,-12,60,2,-8,27,18,9,32.69046752,29.97776954,2.712697979,-12,-8,-4,0.09,0.65,-0.56,FALSE
6,23,female,27,old,a,0,6.696700000000192,83,23,-56,70,49,-51,16.66666667,22.66666667,-6,56.92294987,52.7909925,4.131957375,-56,-51,-5,-0.17,-0.62,0.45,FALSE
6,23,female,28,old,b,1,2.395500000000027,83,50,-11,85,29,-1,40.66666667,37.66666667,3,38.93869826,35.64017708,3.298521182,-11,-1,-10,-0.35,0.35,-0.7,FALSE
6,23,female,29,old,a,0,4.629700000000184,91,81,-24,99,44,-22,49.33333333,40.33333333,9,52.01495511,49.46603773,2.548917383,-24,-22,-2,-0.69,-0.11,-0.58,FALSE
6,23,female,30,old,b,1,6.778700000000185,84,27,-36,73,4,-29,25,16,9,49.01020302,42.49705872,6.513144298,-36,-29,-7,-0.06,0.4,-0.46,FALSE
6,23,female,31,old,a,0,10.278100000000563,77,25,-58,53,45,-54,14.66666667,14.66666667,0,55.59576323,48.66438351,6.93137972,-58,-54,-4,-0.27,-0.69,0.42,FALSE
6,23,female,32,old,a,0,4.445299999999804,93,31,-8,70,68,-4,38.66666667,44.66666667,-6,41.5879256,34.42221505,7.165710549,-8,-4,-4,0.27,-0.71,0.98,FALSE
6,23,female,33,old,b,1,2.361700000000156,75,4,-67,57,43,-61,4,13,-9,57.97125725,52.63712252,5.334134731,-67,-61,-6,0,-0.67,0.67,FALSE
6,23,female,34,old,a,0,12.245799999999804,93,64,-10,95,40,-6,49,43,6,43.36665386,41.28760912,2.079044738,-10,-6,-4,-0.48,0.11,-0.59,FALSE
6,23,female,35,old,a,0,4.47950000000003,56,42,-72,65,9,-66,8.666666667,2.666666667,6,57.32558087,53.66770185,3.657879018,-72,-66,-6,-0.68,-0.18,-0.5,FALSE
6,23,female,36,old,b,1,8.262700000000223,88,33,-10,73,59,-3,37,43,-6,40.10818703,33.02524287,7.082944157,-10,-3,-7,0.15,-0.61,0.76,FALSE
6,23,female,37,old,b,1,2.196099999999604,55,15,-13,42,31,-7,19,22,-3,27.90459938,20.99206199,6.91253739,-13,-7,-6,0.21,-0.56,0.77,FALSE
6,23,female,38,old,b,1,4.896400000000369,74,43,-22,76,14,-13,31.66666667,25.66666667,6,40.00277768,37.25885428,2.743923402,-22,-13,-9,-0.4,0.44,-0.84,FALSE
6,23,female,40,old,b,1,3.34590000000037,80,72,-12,88,45,-2,46.66666667,43.66666667,3,41.61196409,36.7544404,4.857523695,-12,-2,-10,-0.69,-0.05,-0.64,FALSE
6,23,female,41,old,a,0,5.745799999999861,64,24,-23,50,35,-20,21.66666667,21.66666667,0,35.55590278,30.09245014,5.463452634,-23,-20,-3,-0.1,-0.58,0.48,FALSE
6,23,female,42,old,b,1,4.712399999999434,80,10,-63,59,46,-60,9,15,-6,58.3837877,53.2979049,5.085882805,-63,-60,-3,-0.03,-0.68,0.65,FALSE
6,23,female,0,new,b,1,8.343400000000372,59,17,-45,75,4,-39,10.33333333,13.33333333,-3,42.71871825,47.00590979,-4.287191544,-45,-39,-6,-0.23,0.29,-0.52,FALSE
6,23,female,1,new,b,1,22.34620000000024,71,36,-38,93,11,-35,23,23,0,45.43860326,52.94021786,-7.501614591,-38,-35,-3,-0.41,0.33,-0.74,FALSE
6,23,female,2,new,a,0,3.378799999999842,85,45,-46,95,4,-42,28,19,9,54.81483984,56.92685365,-2.112013812,-46,-42,-4,-0.44,0.38,-0.82,FALSE
6,23,female,3,new,b,1,2.7123000000007664,67,58,-29,93,49,-19,32,41,-9,43.28972164,46.07240678,-2.782685138,-29,-19,-10,-0.68,-0.26,-0.42,FALSE
6,23,female,4,new,b,1,9.196199999999294,63,62,-52,88,34,-49,24.33333333,24.33333333,0,53.97736151,56.34615239,-2.368790878,-52,-49,-3,-0.71,-0.25,-0.46,FALSE
6,23,female,5,new,a,0,4.212600000000521,70,31,-60,87,5,-51,13.66666667,13.66666667,0,54.46915539,56.6705881,-2.20143271,-60,-51,-9,-0.45,0.23,-0.68,FALSE
6,23,female,6,new,a,0,8.013500000000022,76,38,-12,82,9,-7,34,28,6,36.037018,38.73843914,-2.701421131,-12,-7,-5,-0.17,0.62,-0.79,FALSE
6,23,female,7,new,a,0,2.697099999999637,83,52,-36,96,9,-33,33,24,9,50.4050262,53.72150407,-3.31647787,-36,-33,-3,-0.51,0.4,-0.91,FALSE
6,23,female,8,new,b,1,18.59529999999984,62,41,-30,88,24,-21,24.33333333,30.33333333,-6,39.36439452,44.723844,-5.359449486,-30,-21,-9,-0.56,0.21,-0.77,FALSE
6,23,female,9,new,b,1,3.845099999999547,57,33,-39,75,10,-34,17,17,0,40.79215611,44.77350407,-3.981347961,-39,-34,-5,-0.53,0.23,-0.76,FALSE
6,23,female,10,new,b,1,4.362699999999222,62,43,-86,99,27,-80,6.333333333,15.33333333,-9,65.74867975,73.54061614,-7.79193639,-86,-80,-6,-0.66,-0.23,-0.43,FALSE
6,23,female,11,new,a,0,11.030299999999896,82,33,-22,91,7,-14,31,28,3,42.48136847,45.36518489,-2.883816424,-22,-14,-8,-0.07,0.6,-0.67,FALSE
6,23,female,12,new,b,1,2.9632999999997764,41,39,-29,73,26,-21,17,26,-9,32.53715825,38.3753393,-5.838181059,-29,-21,-8,-0.71,0,-0.71,FALSE
6,23,female,13,new,a,0,5.646099999999706,94,45,-8,97,10,-3,43.66666667,34.66666667,9,41.65199742,44.39469438,-2.74269696,-8,-3,-5,-0.05,0.66,-0.71,FALSE
6,23,female,14,new,b,1,4.295899999999392,72,24,-26,91,16,-19,23.33333333,29.33333333,-6,40.01110957,45.88633299,-5.875223425,-26,-19,-7,-0.02,0.41,-0.43,FALSE
6,23,female,15,new,a,0,6.39549999999997,76,31,-39,96,19,-29,22.66666667,28.66666667,-6,47.31689856,51.48678363,-4.169885078,-39,-29,-10,-0.26,0.28,-0.54,FALSE
6,23,female,16,new,a,0,4.713200000000143,59,53,-70,91,2,-60,14,11,3,59.44745579,61.97311245,-2.525656659,-70,-60,-10,-0.7,0.21,-0.91,FALSE
6,23,female,17,new,a,0,3.329100000000494,61,33,-4,66,7,-1,30,24,6,26.62079388,29.87752779,-3.25673391,-4,-1,-3,-0.17,0.67,-0.84,FALSE
6,23,female,18,new,b,1,8.979200000000219,56,49,-15,84,31,-7,30,36,-6,31.94787421,37.31844941,-5.370575202,-15,-7,-8,-0.68,0.2,-0.88,FALSE
6,23,female,19,new,a,0,6.879500000000007,73,35,-13,82,8,-4,31.66666667,28.66666667,3,35.18838192,38.02922853,-2.840846604,-13,-4,-9,-0.14,0.65,-0.79,FALSE
6,23,female,20,new,b,1,3.69609999999966,40,34,-14,62,29,-4,20,29,-9,24.16609195,26.94438717,-2.778295223,-14,-4,-10,-0.67,0,-0.67,FALSE
6,23,female,21,new,b,1,3.279299999999921,45,40,-49,77,30,-44,12,21,-9,43.18178628,49.80629144,-6.624505153,-49,-44,-5,-0.7,-0.27,-0.43,FALSE
6,23,female,22,new,a,0,3.2628999999993766,82,41,-36,94,3,-28,29,23,6,48.91489207,51.77515492,-2.860262842,-36,-28,-8,-0.35,0.52,-0.87,FALSE
6,23,female,23,new,a,0,3.096200000000181,73,32,-44,95,17,-42,20.33333333,23.33333333,-3,48.47221426,56.10902086,-7.6368066,-44,-42,-2,-0.35,0.17,-0.52,FALSE
6,23,female,24,new,a,0,2.429600000000505,67,34,-14,82,3,-7,29,26,3,33.2565783,39.80787192,-6.551293622,-14,-7,-7,-0.22,0.67,-0.89,FALSE
6,23,female,25,new,b,1,4.663100000000554,59,34,-23,76,30,-18,23.33333333,29.33333333,-6,34.31552936,38.37823457,-4.062705208,-23,-18,-5,-0.44,-0.03,-0.41,FALSE
6,23,female,26,new,a,0,5.228700000000117,60,59,-71,98,2,-61,16,13,3,61.51964456,65.37583651,-3.856191956,-71,-61,-10,-0.71,0.25,-0.96,FALSE
6,23,female,27,new,a,0,4.145100000000639,83,36,-11,86,2,-7,36,27,9,38.3753393,41.88078318,-3.505443879,-11,-7,-4,0,0.68,-0.68,FALSE
6,23,female,28,new,a,0,3.3458999999994603,56,39,-80,86,11,-73,5,8,-3,60.50344343,64.94613152,-4.442688096,-80,-73,-7,-0.67,-0.07,-0.6,FALSE
6,23,female,29,new,a,0,4.079500000000053,65,35,-38,81,15,-34,20.66666667,20.66666667,0,43.25377312,47.1192341,-3.865460983,-38,-34,-4,-0.46,0.18,-0.64,FALSE
6,23,female,30,new,a,0,4.645799999999781,74,29,-58,96,13,-55,15,18,-3,54.79051013,61.74679479,-6.956284661,-58,-55,-3,-0.37,0.12,-0.49,FALSE
6,23,female,31,new,a,0,1.5632999999999129,75,51,-33,96,10,-31,31,25,6,46.30334761,52.92132525,-6.617977643,-33,-31,-2,-0.57,0.4,-0.97,FALSE
6,23,female,32,new,b,1,2.412900000000377,58,27,-28,78,17,-20,19,25,-6,35.56215217,40.40627014,-4.844117975,-28,-20,-8,-0.33,0.29,-0.62,FALSE
6,23,female,33,new,b,1,2.47950000000003,51,25,-16,72,5,-8,20,23,-3,27.58018612,35.05234181,-7.47215569,-16,-8,-8,-0.27,0.63,-0.9,FALSE
6,23,female,34,new,a,0,1.7290000000000418,74,56,-98,99,2,-96,10.66666667,1.666666667,9,77.18952145,79.60876557,-2.4192441160000002,-98,-96,-2,-0.68,-0.01,-0.67,FALSE
6,23,female,35,new,a,0,2.079700000000116,35,19,-36,66,5,-26,6,15,-9,30.40833219,38.21866909,-7.810336894,-36,-26,-10,-0.56,0.37,-0.93,FALSE
6,23,female,36,new,a,0,1.9792999999997392,65,61,-27,97,23,-21,33,33,0,42.45782221,48.68949236,-6.231670156,-27,-21,-6,-0.7,0.3,-1,FALSE
6,23,female,37,new,a,0,2.729299999999853,84,38,-47,98,2,-43,25,19,6,54.26478293,58.80476171,-4.53997878,-47,-43,-4,-0.35,0.41,-0.76,FALSE
6,23,female,39,new,a,0,5.811700000000201,66,55,-73,97,23,-63,16,19,-3,63.09252465,65.38093504,-2.28841039,-73,-63,-10,-0.69,-0.09,-0.6,FALSE
6,23,female,40,new,a,0,2.0121000000006006,62,55,-78,93,7,-70,13,10,3,64.41014413,66.57827473,-2.168130606,-78,-70,-8,-0.7,0.07,-0.77,FALSE
6,23,female,41,new,a,0,2.87820000000022,86,35,-10,92,6,-5,37,31,6,39.2173431,43.36665386,-4.149310754,-10,-5,-5,0.08,0.67,-0.59,FALSE
6,23,female,42,new,a,0,2.178800000000706,75,60,-69,99,6,-66,22,13,9,64.63745044,67.54257916,-2.905128718,-69,-66,-3,-0.68,0.15,-0.83,FALSE
6,23,female,0,old,b,1,6.557599999999638,48,21,-20,41,36,-10,16.33333333,22.33333333,-6,27.95631513,22.9540604,5.002254727,-20,-10,-10,-0.25,-0.68,0.43,FALSE
6,23,female,1,old,b,1,3.579100000000494,96,19,-78,77,43,-74,12.33333333,15.33333333,-3,71.19144768,64.67525716,6.516190515,-78,-74,-4,-0.14,-0.56,0.42,FALSE
6,23,female,2,old,b,1,3.2137999999998783,99,52,-13,90,75,-9,46,52,-6,45.92022067,43.56604182,2.354178852,-13,-9,-4,-0.19,-0.64,0.45,FALSE
6,23,female,3,old,b,1,1.1950999999995702,60,5,-41,53,30,-32,8,17,-9,41.28760912,35.89800366,5.389605459,-41,-32,-9,0.11,-0.5,0.61,FALSE
6,23,female,4,old,a,0,1.930099999999584,70,51,-43,75,10,-34,26,17,9,49.40310382,44.77350407,4.629599747,-43,-34,-9,-0.63,0.23,-0.86,FALSE
6,23,female,5,old,b,1,2.730399999999463,82,11,-76,60,51,-67,5.666666667,14.66666667,-9,64.61338011,57.86382482,6.749555292,-76,-67,-9,-0.12,-0.69,0.57,FALSE
6,23,female,6,old,a,0,1.6796999999993432,46,32,-39,42,9,-30,13,7,6,37.21110945,29.42787794,7.783231513,-39,-30,-9,-0.63,-0.1,-0.53,FALSE
6,23,female,7,old,b,1,0.8470999999996138,48,3,-24,46,23,-15,9,18,-9,29.69848481,25.15286597,4.545618837,-24,-15,-9,0.29,-0.29,0.58,FALSE
6,23,female,8,old,a,0,2.895999999999958,53,40,-11,50,25,-2,27.33333333,24.33333333,3,27.62044331,21.23414441,6.386298903,-11,-2,-9,-0.59,-0.05,-0.54,FALSE
6,23,female,9,old,a,0,2.7124999999999773,73,52,-43,84,13,-33,27.33333333,21.33333333,6,50.4667107,48.12714642,2.339564283,-43,-33,-10,-0.62,0.25,-0.87,FALSE
6,23,female,10,old,b,1,1.846700000000169,78,43,-10,60,54,-3,37,37,0,36.17549815,28.39013913,7.785359021,-10,-3,-7,-0.24,-0.68,0.44,FALSE
6,23,female,11,old,b,1,2.645900000000438,53,8,-35,40,19,-33,8.666666667,8.666666667,0,35.92894222,30.68477726,5.244164957,-35,-33,-2,0.03,-0.47,0.5,FALSE
6,23,female,12,old,b,1,1.914099999999621,65,13,-18,61,36,-10,20,29,-9,34.24422092,29.40521496,4.839005967,-18,-10,-8,0.3,-0.34,0.64,FALSE
6,23,female,13,old,b,1,1.5136000000005652,58,38,-11,53,25,-2,28.33333333,25.33333333,3,28.98658694,22.45489306,6.531693879,-11,-2,-9,-0.46,0.02,-0.48,FALSE
6,23,female,14,old,a,0,2.162899999999468,46,30,-55,47,6,-50,7,1,6,44.32456054,39.75759885,4.566961681,-55,-50,-5,-0.64,-0.19,-0.45,FALSE
6,23,female,15,old,b,1,1.2463999999994255,92,2,-70,66,50,-65,8,17,-9,66.2721661,58.34952156,7.92264454,-70,-65,-5,0.14,-0.67,0.81,FALSE
6,23,female,16,old,a,0,3.113600000000588,57,44,-13,53,29,-3,29.33333333,26.33333333,3,30.40102337,22.93953405,7.461489329,-13,-3,-10,-0.61,-0.17,-0.44,FALSE
6,23,female,17,old,b,1,3.11320000000012,59,9,-67,40,31,-61,0.333333333,3.333333333,-3,51.80304581,45.63867755,6.164368259,-67,-61,-6,-0.25,-0.69,0.44,FALSE
6,23,female,18,old,a,0,5.829500000000053,98,58,-16,96,41,-6,46.66666667,43.66666667,3,47.22522866,41.6839964,5.541232266,-16,-6,-10,-0.35,0.1,-0.45,FALSE
6,23,female,19,old,a,0,2.796000000000049,74,21,-46,56,42,-40,16.33333333,19.33333333,-3,49.10080334,42.34251869,6.758284654,-46,-40,-6,-0.14,-0.65,0.51,FALSE
6,23,female,20,old,b,1,2.729400000000396,98,42,-26,70,68,-24,38,38,0,50.70174224,43.84822307,6.853519172,-26,-24,-2,-0.12,-0.71,0.59,FALSE
6,23,female,21,old,a,0,4.529400000000351,65,57,-40,69,18,-32,27.33333333,18.33333333,9,47.72374205,41.23375101,6.489991045,-40,-32,-8,-0.69,0.01,-0.7,FALSE
6,23,female,22,old,a,0,2.9123999999994794,91,79,-11,99,39,-6,53,44,9,45.51922671,43.01162634,2.507600372,-11,-6,-5,-0.67,0.17,-0.84,FALSE
6,23,female,23,old,a,0,3.16380000000072,91,22,-54,72,61,-47,19.66666667,28.66666667,-9,59.21899095,53.69254035,5.526450601,-54,-47,-7,-0.06,-0.68,0.62,FALSE
6,23,female,24,old,a,0,1.6953999999993812,82,31,-53,64,62,-48,20,26,-6,55.6596802,52.33227175,3.327408449,-53,-48,-5,-0.29,-0.71,0.42,FALSE
6,23,female,25,old,a,0,1.3951999999992497,79,40,-26,73,13,-20,31,22,9,43.33589736,38.49675311,4.83914425,-26,-20,-6,-0.3,0.34,-0.64,FALSE
6,23,female,26,old,b,1,1.379899999999452,63,16,-47,44,40,-43,10.66666667,13.66666667,-3,45.0653846,40.10264608,4.962738522,-47,-43,-4,-0.18,-0.7,0.52,FALSE
6,23,female,27,old,b,1,1.7953999999995176,57,19,-12,42,29,-7,21.33333333,21.33333333,0,28.21740991,20.72572208,7.491687838,-12,-7,-5,0.12,-0.5,0.62,FALSE
6,23,female,28,old,b,1,1.7789999999999964,77,69,-21,82,39,-14,41.66666667,35.66666667,6,44.43222054,39.26264835,5.16957219,-21,-14,-7,-0.69,-0.13,-0.56,FALSE
6,23,female,30,old,a,0,5.312999999999988,64,62,-48,70,29,-39,26,20,6,52.33227175,44.95182607,7.380445685,-48,-39,-9,-0.71,-0.29,-0.42,FALSE
6,23,female,31,old,a,0,1.711999999999989,70,57,-28,78,40,-19,33,33,0,43.45879274,39.90822806,3.550564686,-28,-19,-9,-0.66,-0.26,-0.4,FALSE
6,23,female,32,old,b,1,1.3112999999998465,74,5,-55,57,19,-52,8,8,0,52.70673581,45.17373868,7.532997129,-55,-52,-3,0.09,-0.35,0.44,FALSE
6,23,female,33,old,a,0,1.5960000000000036,87,78,-16,94,52,-6,49.66666667,46.66666667,3,46.57848812,40.99864496,5.579843156,-16,-6,-10,-0.69,-0.19,-0.5,FALSE
6,23,female,34,old,a,0,4.263500000000022,85,68,-15,91,43,-5,46,43,3,43.68828981,39.19183588,4.496453927,-15,-5,-10,-0.63,0,-0.63,FALSE
6,23,female,35,old,b,1,4.562299999999823,79,13,-40,74,33,-37,17.33333333,23.33333333,-6,48.67808085,45.82818153,2.849899325,-40,-37,-3,0.13,-0.31,0.44,FALSE
6,23,female,36,old,a,0,1.2132000000002563,79,64,-29,81,28,-22,38,29,9,47.77028365,42.05551886,5.714764789,-29,-22,-7,-0.66,0.04,-0.7,FALSE
6,23,female,37,old,b,1,1.6299000000003616,79,16,-61,58,42,-57,11.33333333,14.33333333,-3,57.24993935,50.86146762,6.388471726,-61,-57,-4,-0.12,-0.65,0.53,FALSE
6,23,female,38,old,b,1,0.9462000000002035,56,8,-52,40,33,-43,4,10,-6,44.18144407,37.58545818,6.595985888,-52,-43,-9,-0.14,-0.69,0.55,FALSE
6,23,female,39,old,a,0,1.6796000000005051,79,63,-12,80,36,-4,43.33333333,37.33333333,6,39.6680672,34.30581421,5.362252988,-12,-4,-8,-0.62,0.06,-0.68,FALSE
6,23,female,40,old,b,1,1.8629000000003089,61,12,-35,44,34,-31,12.66666667,15.66666667,-3,39.19467084,33.24989557,5.944775267,-35,-31,-4,0.03,-0.66,0.69,FALSE
6,23,female,41,old,a,0,1.6620000000000346,85,24,-45,67,54,-39,21.33333333,27.33333333,-6,53.10576449,47.20404879,5.901715701,-45,-39,-6,-0.08,-0.67,0.59,FALSE
6,23,female,42,old,a,0,1.645900000000438,80,43,-35,75,18,-32,29.33333333,20.33333333,9,47.93282336,43.71371511,4.219108251,-35,-32,-3,-0.4,0.08,-0.48,FALSE
6,23,female,0,new,a,0,1.5904999999999063,73,53,-41,99,7,-39,28.33333333,22.33333333,6,49.70133019,57.37207993,-7.670749745,-41,-39,-2,-0.62,0.38,-1,FALSE
6,23,female,1,new,a,0,1.313000000000102,73,23,-91,92,2,-89,1.666666667,1.666666667,0,68.63105873,73.89331649,-5.262257764,-91,-89,-2,-0.44,-0.01,-0.43,FALSE
6,23,female,2,new,a,0,0.861899999999423,87,54,-16,96,14,-12,41.66666667,32.66666667,9,42.94440851,46.02414825,-3.079739742,-16,-12,-4,-0.41,0.54,-0.95,FALSE
6,23,female,3,new,a,0,2.0459000000004157,79,50,-10,95,17,-2,39.66666667,36.66666667,3,37.06151043,41.97088938,-4.90937895,-10,-2,-8,-0.4,0.6,-1,FALSE
6,23,female,4,new,a,0,1.2129000000004453,69,45,-22,90,19,-17,30.66666667,30.66666667,0,38.50829636,44.45472103,-5.94642467,-22,-17,-5,-0.51,0.38,-0.89,FALSE
6,23,female,5,new,a,0,1.6970999999996366,42,23,-11,63,18,-9,18,24,-6,21.92411154,29.69848481,-7.774373273,-11,-9,-2,-0.33,0.29,-0.62,FALSE
6,23,female,6,new,b,1,2.495999999999981,38,17,-31,62,16,-27,8,17,-9,28.87905816,36.34097779,-7.461919633,-31,-27,-4,-0.44,0.04,-0.48,FALSE
6,23,female,7,new,a,0,1.5461000000005924,78,57,-50,98,6,-46,28.33333333,19.33333333,9,56.04958123,59.5389695,-3.489388273,-50,-46,-4,-0.63,0.32,-0.95,FALSE
6,23,female,8,new,a,0,1.1462000000001351,43,31,-49,75,8,-40,8.333333333,14.33333333,-6,40.83571422,47.16166051,-6.325946295,-49,-40,-9,-0.66,0.2,-0.86,FALSE
6,23,female,9,new,a,0,1.1795000000000757,68,60,-38,99,37,-28,30,36,-6,48.19405219,51.85235449,-3.658302303,-38,-28,-10,-0.69,-0.03,-0.66,FALSE
6,23,female,10,new,a,0,2.746100000000524,38,36,-51,71,20,-41,7.666666667,16.66666667,-9,41.49163236,45.78451946,-4.292887105,-51,-41,-10,-0.71,-0.11,-0.6,FALSE
6,23,female,11,new,a,0,1.3632999999998674,44,36,-47,66,12,-45,11,11,0,41.14203041,45.32107677,-4.17904636,-47,-45,-2,-0.69,-0.03,-0.66,FALSE
6,23,female,12,new,a,0,1.312600000000543,31,25,-52,57,4,-48,1.333333333,4.333333333,-3,37.79182745,42.86671851,-5.074891054,-52,-48,-4,-0.69,0.01,-0.7,FALSE
6,23,female,13,new,b,1,2.412599999999657,62,44,-43,91,27,-37,21,27,-6,45.84757355,52.25578118,-6.408207634,-43,-37,-6,-0.63,0,-0.63,FALSE
6,23,female,14,new,a,0,1.8125,86,32,-13,90,5,-8,35,29,6,40.47221269,43.45879274,-2.986580053,-13,-8,-5,0.11,0.66,-0.55,FALSE
6,23,female,15,new,a,0,1.3128000000007205,89,36,-51,98,7,-49,24.66666667,18.66666667,6,57.71385353,60.5768566,-2.863003074,-51,-49,-2,-0.29,0.28,-0.57,FALSE
6,23,female,16,new,a,0,2.179899999999406,80,48,-26,89,7,-21,34,25,9,44.39219151,46.6761895,-2.283997999,-26,-21,-5,-0.44,0.52,-0.96,FALSE
6,23,female,17,new,a,0,1.9460000000000264,82,49,-19,98,16,-11,37.33333333,34.33333333,3,42.05023451,46.34891824,-4.298683734,-19,-11,-8,-0.39,0.53,-0.92,FALSE
6,23,female,18,new,a,0,1.2462999999999056,58,27,-46,74,5,-40,13,13,0,43.59663596,46.88283268,-3.286196723,-46,-40,-6,-0.45,0.25,-0.7,FALSE
6,23,female,19,new,a,0,1.4294999999999618,73,45,-52,99,1,-43,22,19,3,53.55993528,59.35205697,-5.792121696,-52,-43,-9,-0.56,0.43,-0.99,FALSE
6,23,female,20,new,a,0,2.262700000000222,68,52,-62,94,9,-54,19.33333333,16.33333333,3,57.88110419,60.64285247,-2.761748279,-62,-54,-8,-0.67,0.18,-0.85,FALSE
6,23,female,21,new,a,0,1.7960000000000491,69,50,-40,89,13,-32,26.33333333,23.33333333,3,47.54179448,49.93551397,-2.393719493,-40,-32,-8,-0.62,0.3,-0.92,FALSE
6,23,female,22,new,a,0,4.813199999999256,49,45,-36,87,24,-26,19.33333333,28.33333333,-9,39.16063783,46.23370584,-7.073068005,-36,-26,-10,-0.7,0.14,-0.84,FALSE
6,23,female,23,new,a,0,1.54629999999986,56,21,-48,76,2,-40,9.666666667,12.66666667,-3,43.20750964,47.95368136,-4.74617172,-48,-40,-8,-0.38,0.32,-0.7,FALSE
6,23,female,24,new,a,0,1.0289000000003623,72,24,-83,93,6,-77,4.333333333,7.333333333,-3,64.78854494,69.40861298,-4.620068037,-83,-77,-6,-0.43,0.03,-0.46,FALSE
6,23,female,25,new,a,0,1.4460999999996602,80,38,-19,90,6,-15,33,27,6,40.57092555,45.36518489,-4.794259339,-19,-15,-4,-0.18,0.6,-0.78,FALSE
6,23,female,26,new,a,0,0.979099999999562,75,48,-36,95,7,-33,29,23,6,47.26520919,53.46650042,-6.201291223,-36,-33,-3,-0.54,0.42,-0.96,FALSE
6,23,female,27,new,a,0,2.4616999999992686,71,38,-70,91,1,-62,13,10,3,60.21627687,62.78534861,-2.56907174,-70,-62,-8,-0.55,0.21,-0.76,FALSE
6,23,female,28,new,a,0,1.929400000000328,44,31,-57,70,16,-50,6,12,-6,44.86275367,49.07137659,-4.208622918,-57,-50,-7,-0.66,-0.12,-0.54,FALSE
6,23,female,29,new,a,0,3.1628000000007432,72,42,-20,78,6,-17,31.33333333,22.33333333,9,38.30868773,40.46672158,-2.158033852,-20,-17,-3,-0.4,0.54,-0.94,FALSE
6,23,female,30,new,b,1,3.695799999999849,32,24,-44,60,15,-36,4,13,-9,34.09789827,39.2173431,-5.119444829,-44,-36,-8,-0.68,-0.08,-0.6,FALSE
6,23,female,31,new,b,1,3.5297000000002754,54,51,-50,87,14,-46,18.33333333,18.33333333,0,48.33448274,54.3834125,-6.048929759,-50,-46,-4,-0.71,0.12,-0.83,FALSE
6,23,female,32,new,a,0,1.7970999999996593,47,44,-54,78,9,-50,12.33333333,12.33333333,0,46.92073695,52.3089115,-5.388174553,-54,-50,-4,-0.7,0.1,-0.8,FALSE
6,23,female,33,new,a,0,1.99670000000026,45,26,-62,73,18,-55,3,12,-9,46.61187259,52.42772803,-5.815855439,-62,-55,-7,-0.62,-0.17,-0.45,FALSE
6,23,female,34,new,b,1,2.379399999999464,37,15,-44,59,10,-34,2.666666667,11.66666667,-9,34.19876541,37.9853773,-3.786611894,-44,-34,-10,-0.49,0.07,-0.56,FALSE
6,23,female,35,new,a,0,1.2301000000005615,86,41,-34,96,4,-25,31,25,6,49.49747468,51.58165048,-2.084175801,-34,-25,-9,-0.29,0.54,-0.83,FALSE
6,23,female,36,new,a,0,1.0970999999996138,53,40,-78,88,6,-70,5,8,-3,58.92933621,64.51873113,-5.589394916,-78,-70,-8,-0.68,0.05,-0.73,FALSE
6,23,female,37,new,a,0,1.7968000000007578,88,50,-27,96,11,-23,37,28,9,47.84001115,50.04664491,-2.206633761,-27,-23,-4,-0.39,0.47,-0.86,FALSE
6,23,female,38,new,b,1,1.9619000000003552,59,30,-17,77,20,-7,24,30,-6,31.31559782,35.0142828,-3.698684983,-17,-7,-10,-0.28,0.41,-0.69,FALSE
6,23,female,39,new,a,0,1.996400000000449,54,34,-67,84,8,-62,7,10,-3,52.95910372,59.62102537,-6.661921656,-67,-62,-5,-0.63,0.05,-0.68,FALSE
6,23,female,40,new,a,0,3.295500000000061,66,47,-58,95,21,-52,18.33333333,21.33333333,-3,54.53031777,60.01296156,-5.482643798,-58,-52,-6,-0.64,0.01,-0.65,FALSE
6,23,female,41,new,b,1,4.09690000000046,85,51,-7,92,14,-4,43,34,9,37.98245209,41.66533331,-3.682881223,-7,-4,-3,-0.31,0.61,-0.92,FALSE
7,25,male,0,new,b,1,3.322199999999242,75,51,-33,96,10,-31,31,25,6,46.30334761,52.92132525,-6.617977643,-33,-31,-2,-0.57,0.4,-0.97,FALSE
7,25,male,1,new,a,0,2.434100000001507,62,55,-78,93,7,-70,13,10,3,64.41014413,66.57827473,-2.168130606,-78,-70,-8,-0.7,0.07,-0.77,FALSE
7,25,male,2,new,b,1,0.5182000000029916,35,19,-36,66,5,-26,6,15,-9,30.40833219,38.21866909,-7.810336894,-36,-26,-10,-0.56,0.37,-0.93,FALSE
7,25,male,3,new,b,1,0.627600000001479,63,62,-52,88,34,-49,24.33333333,24.33333333,0,53.97736151,56.34615239,-2.368790878,-52,-49,-3,-0.71,-0.25,-0.46,FALSE
7,25,male,4,new,a,0,0.8163999999985094,59,17,-45,75,4,-39,10.33333333,13.33333333,-3,42.71871825,47.00590979,-4.287191544,-45,-39,-6,-0.23,0.29,-0.52,FALSE
7,25,male,5,new,a,0,0.670800000000753,65,35,-38,81,15,-34,20.66666667,20.66666667,0,43.25377312,47.1192341,-3.865460983,-38,-34,-4,-0.46,0.18,-0.64,FALSE
7,25,male,6,new,b,1,0.6063000000007435,70,31,-60,87,5,-51,13.66666667,13.66666667,0,54.46915539,56.6705881,-2.20143271,-60,-51,-9,-0.45,0.23,-0.68,FALSE
7,25,male,7,new,b,1,0.6405999999977894,56,49,-15,84,31,-7,30,36,-6,31.94787421,37.31844941,-5.370575202,-15,-7,-8,-0.68,0.2,-0.88,FALSE
7,25,male,8,new,a,0,0.5914000000022384,60,59,-71,98,2,-61,16,13,3,61.51964456,65.37583651,-3.856191956,-71,-61,-10,-0.71,0.25,-0.96,FALSE
7,25,male,9,new,a,0,0.536199999999269,59,34,-23,76,30,-18,23.33333333,29.33333333,-6,34.31552936,38.37823457,-4.062705208,-23,-18,-5,-0.44,-0.03,-0.41,FALSE
7,25,male,10,new,a,0,0.5193999999985124,75,60,-69,99,6,-66,22,13,9,64.63745044,67.54257916,-2.905128718,-69,-66,-3,-0.68,0.15,-0.83,FALSE
7,25,male,12,new,a,0,0.5158999999985099,45,40,-49,77,30,-44,12,21,-9,43.18178628,49.80629144,-6.624505153,-49,-44,-5,-0.7,-0.27,-0.43,FALSE
7,25,male,13,new,b,1,0.18590000000224904,59,53,-70,91,2,-60,14,11,3,59.44745579,61.97311245,-2.525656659,-70,-60,-10,-0.7,0.21,-0.91,FALSE
7,25,male,14,new,b,1,2.498099999997777,41,39,-29,73,26,-21,17,26,-9,32.53715825,38.3753393,-5.838181059,-29,-21,-8,-0.71,0,-0.71,FALSE
7,25,male,15,new,b,1,4.366899999998509,73,32,-44,95,17,-42,20.33333333,23.33333333,-3,48.47221426,56.10902086,-7.6368066,-44,-42,-2,-0.35,0.17,-0.52,FALSE
7,25,male,16,new,a,0,5.200000000000017,82,41,-36,94,3,-28,29,23,6,48.91489207,51.77515492,-2.860262842,-36,-28,-8,-0.35,0.52,-0.87,FALSE
7,25,male,17,new,b,1,3.5833000000007478,85,45,-46,95,4,-42,28,19,9,54.81483984,56.92685365,-2.112013812,-46,-42,-4,-0.44,0.38,-0.82,FALSE
7,25,male,18,new,b,1,1.5238000000007617,86,35,-10,92,6,-5,37,31,6,39.2173431,43.36665386,-4.149310754,-10,-5,-5,0.08,0.67,-0.59,FALSE
7,25,male,19,new,a,0,2.2684000000022024,57,33,-39,75,10,-34,17,17,0,40.79215611,44.77350407,-3.981347961,-39,-34,-5,-0.53,0.23,-0.76,FALSE
7,25,male,20,new,b,1,5.017899999998463,76,38,-12,82,9,-7,34,28,6,36.037018,38.73843914,-2.701421131,-12,-7,-5,-0.17,0.62,-0.79,FALSE
7,25,male,21,new,b,1,2.3408999999984985,66,55,-73,97,23,-63,16,19,-3,63.09252465,65.38093504,-2.28841039,-73,-63,-10,-0.69,-0.09,-0.6,FALSE
7,25,male,22,new,b,1,2.3220000000000027,40,34,-14,62,29,-4,20,29,-9,24.16609195,26.94438717,-2.778295223,-14,-4,-10,-0.67,0,-0.67,FALSE
7,25,male,23,new,b,1,3.271999999999992,62,41,-30,88,24,-21,24.33333333,30.33333333,-6,39.36439452,44.723844,-5.359449486,-30,-21,-9,-0.56,0.21,-0.77,FALSE
7,25,male,24,new,a,0,4.009899999998481,65,61,-27,97,23,-21,33,33,0,42.45782221,48.68949236,-6.231670156,-27,-21,-6,-0.7,0.3,-1,FALSE
7,25,male,25,new,a,0,4.29419999999925,82,33,-22,91,7,-14,31,28,3,42.48136847,45.36518489,-2.883816424,-22,-14,-8,-0.07,0.6,-0.67,FALSE
7,25,male,26,new,a,0,0.6383000000007542,83,36,-11,86,2,-7,36,27,9,38.3753393,41.88078318,-3.505443879,-11,-7,-4,0,0.68,-0.68,FALSE
7,25,male,27,new,a,0,2.9296000000014715,61,33,-4,66,7,-1,30,24,6,26.62079388,29.87752779,-3.25673391,-4,-1,-3,-0.17,0.67,-0.84,FALSE
7,25,male,28,new,b,1,0.7610999999977821,51,25,-16,72,5,-8,20,23,-3,27.58018612,35.05234181,-7.47215569,-16,-8,-8,-0.27,0.63,-0.9,FALSE
7,25,male,29,new,b,1,0.8784999999999741,67,58,-29,93,49,-19,32,41,-9,43.28972164,46.07240678,-2.782685138,-29,-19,-10,-0.68,-0.26,-0.42,FALSE
7,25,male,30,new,a,0,0.5313999999985413,74,56,-98,99,2,-96,10.66666667,1.666666667,9,77.18952145,79.60876557,-2.4192441160000002,-98,-96,-2,-0.68,-0.01,-0.67,FALSE
7,25,male,31,new,a,0,2.6573000000007028,71,36,-38,93,11,-35,23,23,0,45.43860326,52.94021786,-7.501614591,-38,-35,-3,-0.41,0.33,-0.74,FALSE
7,25,male,32,new,a,0,0.8788999999985094,67,34,-14,82,3,-7,29,26,3,33.2565783,39.80787192,-6.551293622,-14,-7,-7,-0.22,0.67,-0.89,FALSE
7,25,male,33,new,a,0,2.0325999999977284,58,27,-28,78,17,-20,19,25,-6,35.56215217,40.40627014,-4.844117975,-28,-20,-8,-0.33,0.29,-0.62,FALSE
7,25,male,34,new,a,0,1.4226000000014665,56,39,-80,86,11,-73,5,8,-3,60.50344343,64.94613152,-4.442688096,-80,-73,-7,-0.67,-0.07,-0.6,FALSE
7,25,male,35,new,b,1,0.6244000000022538,72,24,-26,91,16,-19,23.33333333,29.33333333,-6,40.01110957,45.88633299,-5.875223425,-26,-19,-7,-0.02,0.41,-0.43,FALSE
7,25,male,36,new,b,1,3.0757999999970598,83,52,-36,96,9,-33,33,24,9,50.4050262,53.72150407,-3.31647787,-36,-33,-3,-0.51,0.4,-0.91,FALSE
7,25,male,37,new,a,0,3.190799999997012,94,45,-8,97,10,-3,43.66666667,34.66666667,9,41.65199742,44.39469438,-2.74269696,-8,-3,-5,-0.05,0.66,-0.71,FALSE
7,25,male,38,new,a,0,1.7478999999984808,73,35,-13,82,8,-4,31.66666667,28.66666667,3,35.18838192,38.02922853,-2.840846604,-13,-4,-9,-0.14,0.65,-0.79,FALSE
7,25,male,39,new,a,0,0.6393000000007873,76,31,-39,96,19,-29,22.66666667,28.66666667,-6,47.31689856,51.48678363,-4.169885078,-39,-29,-10,-0.26,0.28,-0.54,FALSE
7,25,male,40,new,b,1,1.2563000000006923,84,38,-47,98,2,-43,25,19,6,54.26478293,58.80476171,-4.53997878,-47,-43,-4,-0.35,0.41,-0.76,FALSE
7,25,male,41,new,b,1,2.490399999998488,74,29,-58,96,13,-55,15,18,-3,54.79051013,61.74679479,-6.956284661,-58,-55,-3,-0.37,0.12,-0.49,FALSE
7,25,male,42,new,b,1,2.7834000000022456,62,43,-86,99,27,-80,6.333333333,15.33333333,-9,65.74867975,73.54061614,-7.79193639,-86,-80,-6,-0.66,-0.23,-0.43,FALSE
7,25,male,0,old,a,0,1.6847000000029766,67,11,-13,61,36,-5,21.66666667,30.66666667,-9,33.51948024,27.20702524,6.312455003,-13,-5,-8,0.45,-0.29,0.74,FALSE
7,25,male,1,old,a,0,1.754699999999275,69,24,-23,60,43,-15,23.33333333,29.33333333,-6,37.56180093,32.10745846,5.454342465,-23,-15,-8,-0.03,-0.56,0.53,FALSE
7,25,male,2,old,b,1,1.680300000000727,66,31,-13,68,19,-3,28,28,0,32.3213036,29.67602849,2.645275119,-13,-3,-10,-0.14,0.43,-0.57,FALSE
7,25,male,3,old,a,0,1.2886000000015088,75,4,-67,57,43,-61,4,13,-9,57.97125725,52.63712252,5.334134731,-67,-61,-6,0,-0.67,0.67,FALSE
7,25,male,4,old,a,0,2.076699999999221,53,8,-34,41,23,-28,9,12,-3,35.52463934,29.22327839,6.301360944,-34,-28,-6,0.04,-0.51,0.55,FALSE
7,25,male,5,old,a,0,1.0651000000014506,81,24,-16,74,4,-7,29.66666667,23.66666667,6,39.80228916,35.8732336,3.929055559,-16,-7,-9,0.21,0.66,-0.45,FALSE
7,25,male,6,old,a,0,3.194599999997763,84,27,-36,73,4,-29,25,16,9,49.01020302,42.49705872,6.513144298,-36,-29,-7,-0.06,0.4,-0.46,FALSE
7,25,male,7,old,b,1,0.7343999999985158,92,60,-21,99,43,-11,43.66666667,43.66666667,0,47.55581516,44.90978611,2.646029045,-21,-11,-10,-0.47,0.02,-0.49,FALSE
7,25,male,8,old,b,1,2.986400000002277,80,72,-12,88,45,-2,46.66666667,43.66666667,3,41.61196409,36.7544404,4.857523695,-12,-2,-10,-0.69,-0.05,-0.64,FALSE
7,25,male,9,old,a,0,1.305900000002282,95,48,-30,71,67,-25,37.66666667,37.66666667,0,51.55148451,44.3421044,7.209380118,-30,-25,-5,-0.29,-0.7,0.41,FALSE
7,25,male,10,old,a,0,1.3105000000000473,91,67,-10,95,46,-2,49.33333333,46.33333333,3,43.08389748,39.60078563,3.483111855,-10,-2,-8,-0.55,0.01,-0.56,FALSE
7,25,male,11,old,b,1,2.486899999998513,93,58,-8,94,41,-1,47.66666667,44.66666667,3,41.87547678,38.87015422,3.005322563,-8,-1,-7,-0.36,0.14,-0.5,FALSE
7,25,male,12,old,b,1,2.21980000000076,56,42,-72,65,9,-66,8.666666667,2.666666667,6,57.32558087,53.66770185,3.657879018,-72,-66,-6,-0.68,-0.18,-0.5,FALSE
7,25,male,13,old,b,1,0.852100000001542,76,3,-64,59,38,-55,5,14,-9,57.17225434,49.53786431,7.634390037,-64,-55,-9,0.05,-0.61,0.66,FALSE
7,25,male,14,old,b,1,1.4923000000007391,80,2,-60,69,30,-50,7.333333333,16.33333333,-9,57.27904406,49.5333782,7.745665868,-60,-50,-10,0.14,-0.39,0.53,FALSE
7,25,male,15,old,a,0,1.1520999999978017,93,64,-10,95,40,-6,49,43,6,43.36665386,41.28760912,2.079044738,-10,-6,-4,-0.48,0.11,-0.59,FALSE
7,25,male,16,old,a,0,2.028099999997778,93,31,-8,70,68,-4,38.66666667,44.66666667,-6,41.5879256,34.42221505,7.165710549,-8,-4,-4,0.27,-0.71,0.98,FALSE
7,25,male,17,old,b,1,1.3128000000007205,99,51,-13,95,36,-3,45.66666667,42.66666667,3,45.87906809,40.28509512,5.59397297,-13,-3,-10,-0.17,0.24,-0.41,FALSE
7,25,male,18,old,b,1,1.8083000000007128,83,23,-56,70,49,-51,16.66666667,22.66666667,-6,56.92294987,52.7909925,4.131957375,-56,-51,-5,-0.17,-0.62,0.45,FALSE
7,25,male,19,old,b,1,1.919500000000028,85,2,-81,57,52,-76,2,11,-9,67.76921622,61.55214591,6.217070303,-81,-76,-5,0,-0.7,0.7,FALSE
7,25,male,20,old,b,1,3.986499999999978,94,70,-40,98,38,-30,41.33333333,35.33333333,6,58.33999962,52.2897908,6.050208816,-40,-30,-10,-0.62,-0.08,-0.54,FALSE
7,25,male,21,old,a,0,1.995599999997808,91,75,-12,94,55,-4,51.33333333,48.33333333,3,45.25728916,40.28509512,4.97219404,-12,-4,-8,-0.64,-0.24,-0.4,FALSE
7,25,male,22,old,a,0,1.0316000000015038,70,12,-66,45,34,-63,5.333333333,5.333333333,0,55.72152985,48.52719741,7.194332436,-66,-63,-3,-0.18,-0.68,0.5,FALSE
7,25,male,23,old,b,1,1.3781999999992536,64,24,-23,50,35,-20,21.66666667,21.66666667,0,35.55590278,30.09245014,5.463452634,-23,-20,-3,-0.1,-0.58,0.48,FALSE
7,25,male,24,old,a,0,1.305699999999263,99,35,-16,88,50,-11,39.33333333,42.33333333,-3,47.0484384,40.77853466,6.269903738,-16,-11,-5,0.14,-0.28,0.42,FALSE
7,25,male,25,old,b,1,3.539099999997802,91,81,-24,99,44,-22,49.33333333,40.33333333,9,52.01495511,49.46603773,2.548917383,-24,-22,-2,-0.69,-0.11,-0.58,FALSE
7,25,male,26,old,b,1,0.5603000000007796,74,43,-22,76,14,-13,31.66666667,25.66666667,6,40.00277768,37.25885428,2.743923402,-22,-13,-9,-0.4,0.44,-0.84,FALSE
7,25,male,28,old,b,1,1.7320000000000275,80,10,-63,59,46,-60,9,15,-6,58.3837877,53.2979049,5.085882805,-63,-60,-3,-0.03,-0.68,0.65,FALSE
7,25,male,29,old,b,1,1.1263000000007537,97,58,-61,98,20,-51,31.33333333,22.33333333,9,67.20284386,60.85136719,6.351476665,-61,-51,-10,-0.53,0.06,-0.59,FALSE
7,25,male,30,old,b,1,3.309699999999225,88,33,-10,73,59,-3,37,43,-6,40.10818703,33.02524287,7.082944157,-10,-3,-7,0.15,-0.61,0.76,FALSE
7,25,male,31,old,a,0,0.6545000000000414,83,50,-11,85,29,-1,40.66666667,37.66666667,3,38.93869826,35.64017708,3.298521182,-11,-1,-10,-0.35,0.35,-0.7,FALSE
7,25,male,32,old,b,1,0.75230000000073,67,19,-22,60,38,-16,21.33333333,27.33333333,-6,36.37153955,31.93048004,4.441059506,-22,-16,-6,0.1,-0.46,0.56,FALSE
7,25,male,33,old,b,1,0.4973000000007346,68,25,-12,60,2,-8,27,18,9,32.69046752,29.97776954,2.712697979,-12,-8,-4,0.09,0.65,-0.56,FALSE
7,25,male,34,old,a,0,0.686300000000756,63,2,-47,49,23,-45,6,9,-3,44.99629614,39.63163719,5.36465895,-47,-45,-2,0.13,-0.49,0.62,FALSE
7,25,male,35,old,a,0,4.527800000000752,90,44,-48,88,16,-45,28.66666667,19.66666667,9,57.37207993,54.3588897,3.013190235,-48,-45,-3,-0.38,0.1,-0.48,FALSE
7,25,male,36,old,b,1,0.8664999999999736,98,41,-24,75,68,-19,38.33333333,41.33333333,-3,49.8419725,42.75771535,7.084257142,-24,-19,-5,-0.08,-0.69,0.61,FALSE
7,25,male,37,old,b,1,0.1446999999992613,53,9,-17,37,30,-13,15,18,-3,28.89059824,22.10580618,6.784792065,-17,-13,-4,0.3,-0.65,0.95,FALSE
7,25,male,38,old,a,0,0.645900000002257,55,15,-13,42,31,-7,19,22,-3,27.90459938,20.99206199,6.91253739,-13,-7,-6,0.21,-0.56,0.77,FALSE
7,25,male,39,old,b,1,1.6031999999992763,61,54,-82,79,11,-75,11,5,6,65.82299497,63.01322612,2.809768844,-82,-75,-7,-0.7,-0.14,-0.56,FALSE
7,25,male,40,old,a,0,1.0359000000022434,77,25,-58,53,45,-54,14.66666667,14.66666667,0,55.59576323,48.66438351,6.93137972,-58,-54,-4,-0.27,-0.69,0.42,FALSE
7,25,male,41,old,b,1,1.5248000000007664,91,54,-88,96,14,-80,19,10,9,77.1535266,71.90734779,5.246178806,-88,-80,-8,-0.59,-0.08,-0.51,FALSE
7,25,male,42,old,b,1,1.42580000000072,88,17,-44,82,43,-37,20.33333333,29.33333333,-9,53.94029621,49.5333782,4.406918017,-44,-37,-7,0.09,-0.39,0.48,FALSE
7,25,male,0,new,b,1,2.8238000000007446,87,54,-16,96,14,-12,41.66666667,32.66666667,9,42.94440851,46.02414825,-3.079739742,-16,-12,-4,-0.41,0.54,-0.95,FALSE
7,25,male,1,new,b,1,2.9616999999992686,68,60,-38,99,37,-28,30,36,-6,48.19405219,51.85235449,-3.658302303,-38,-28,-10,-0.69,-0.03,-0.66,FALSE
7,25,male,2,new,a,0,0.86099999999999,45,26,-62,73,18,-55,3,12,-9,46.61187259,52.42772803,-5.815855439,-62,-55,-7,-0.62,-0.17,-0.45,FALSE
7,25,male,3,new,a,0,1.895400000002212,37,15,-44,59,10,-34,2.666666667,11.66666667,-9,34.19876541,37.9853773,-3.786611894,-44,-34,-10,-0.49,0.07,-0.56,FALSE
7,25,male,4,new,a,0,2.36760000000146,82,49,-19,98,16,-11,37.33333333,34.33333333,3,42.05023451,46.34891824,-4.298683734,-19,-11,-8,-0.39,0.53,-0.92,FALSE
7,25,male,5,new,a,0,2.2847999999970057,44,31,-57,70,16,-50,6,12,-6,44.86275367,49.07137659,-4.208622918,-57,-50,-7,-0.66,-0.12,-0.54,FALSE
7,25,male,6,new,a,0,0.7571999999992727,73,53,-41,99,7,-39,28.33333333,22.33333333,6,49.70133019,57.37207993,-7.670749745,-41,-39,-2,-0.62,0.38,-1,FALSE
7,25,male,7,new,a,0,0.8710000000000377,53,40,-78,88,6,-70,5,8,-3,58.92933621,64.51873113,-5.589394916,-78,-70,-8,-0.68,0.05,-0.73,FALSE
7,25,male,8,new,b,1,4.394600000001503,88,50,-27,96,11,-23,37,28,9,47.84001115,50.04664491,-2.206633761,-27,-23,-4,-0.39,0.47,-0.86,FALSE
7,25,male,9,new,a,0,1.731300000000715,44,36,-47,66,12,-45,11,11,0,41.14203041,45.32107677,-4.17904636,-47,-45,-2,-0.69,-0.03,-0.66,FALSE
7,25,male,10,new,a,0,3.0522000000029834,85,51,-7,92,14,-4,43,34,9,37.98245209,41.66533331,-3.682881223,-7,-4,-3,-0.31,0.61,-0.92,FALSE
7,25,male,11,new,a,0,1.460800000000745,78,57,-50,98,6,-46,28.33333333,19.33333333,9,56.04958123,59.5389695,-3.489388273,-50,-46,-4,-0.63,0.32,-0.95,FALSE
7,25,male,12,new,b,1,1.8040000000000305,47,44,-54,78,9,-50,12.33333333,12.33333333,0,46.92073695,52.3089115,-5.388174553,-54,-50,-4,-0.7,0.1,-0.8,FALSE
7,25,male,13,new,b,1,2.8186999999992963,75,48,-36,95,7,-33,29,23,6,47.26520919,53.46650042,-6.201291223,-36,-33,-3,-0.54,0.42,-0.96,FALSE
7,25,male,14,new,b,1,1.1978999999985265,66,47,-58,95,21,-52,18.33333333,21.33333333,-3,54.53031777,60.01296156,-5.482643798,-58,-52,-6,-0.64,0.01,-0.65,FALSE
7,25,male,15,new,a,0,3.1147999999969898,54,51,-50,87,14,-46,18.33333333,18.33333333,0,48.33448274,54.3834125,-6.048929759,-50,-46,-4,-0.71,0.12,-0.83,FALSE
7,25,male,16,new,a,0,0.7869999999999777,38,36,-51,71,20,-41,7.666666667,16.66666667,-9,41.49163236,45.78451946,-4.292887105,-51,-41,-10,-0.71,-0.11,-0.6,FALSE
7,25,male,17,new,a,0,1.32839999999851,38,17,-31,62,16,-27,8,17,-9,28.87905816,36.34097779,-7.461919633,-31,-27,-4,-0.44,0.04,-0.48,FALSE
7,25,male,18,new,a,0,1.8362999999970384,71,38,-70,91,1,-62,13,10,3,60.21627687,62.78534861,-2.56907174,-70,-62,-8,-0.55,0.21,-0.76,FALSE
7,25,male,19,new,b,1,0.8706999999992604,80,38,-19,90,6,-15,33,27,6,40.57092555,45.36518489,-4.794259339,-19,-15,-4,-0.18,0.6,-0.78,FALSE
7,25,male,20,new,a,0,1.1718000000007578,69,45,-22,90,19,-17,30.66666667,30.66666667,0,38.50829636,44.45472103,-5.94642467,-22,-17,-5,-0.51,0.38,-0.89,FALSE
7,25,male,21,new,b,1,1.1142000000029952,58,27,-46,74,5,-40,13,13,0,43.59663596,46.88283268,-3.286196723,-46,-40,-6,-0.45,0.25,-0.7,FALSE
7,25,male,22,new,b,1,2.3305999999977303,69,50,-40,89,13,-32,26.33333333,23.33333333,3,47.54179448,49.93551397,-2.393719493,-40,-32,-8,-0.62,0.3,-0.92,FALSE
7,25,male,23,new,a,0,2.320299999997019,43,31,-49,75,8,-40,8.333333333,14.33333333,-6,40.83571422,47.16166051,-6.325946295,-49,-40,-9,-0.66,0.2,-0.86,FALSE
7,25,male,24,new,a,0,3.171700000002943,80,48,-26,89,7,-21,34,25,9,44.39219151,46.6761895,-2.283997999,-26,-21,-5,-0.44,0.52,-0.96,FALSE
7,25,male,25,new,a,0,2.965699999999288,49,45,-36,87,24,-26,19.33333333,28.33333333,-9,39.16063783,46.23370584,-7.073068005,-36,-26,-10,-0.7,0.14,-0.84,FALSE
7,25,male,26,new,a,0,2.637599999997746,56,21,-48,76,2,-40,9.666666667,12.66666667,-3,43.20750964,47.95368136,-4.74617172,-48,-40,-8,-0.38,0.32,-0.7,FALSE
7,25,male,27,new,b,1,1.3033000000008317,68,52,-62,94,9,-54,19.33333333,16.33333333,3,57.88110419,60.64285247,-2.761748279,-62,-54,-8,-0.67,0.18,-0.85,FALSE
7,25,male,28,new,a,0,1.802400000002308,31,25,-52,57,4,-48,1.333333333,4.333333333,-3,37.79182745,42.86671851,-5.074891054,-52,-48,-4,-0.69,0.01,-0.7,FALSE
7,25,male,29,new,b,1,0.022399999998469863,59,30,-17,77,20,-7,24,30,-6,31.31559782,35.0142828,-3.698684983,-17,-7,-10,-0.28,0.41,-0.69,FALSE
7,25,male,30,new,b,1,1.3048000000006823,73,23,-91,92,2,-89,1.666666667,1.666666667,0,68.63105873,73.89331649,-5.262257764,-91,-89,-2,-0.44,-0.01,-0.43,FALSE
7,25,male,31,new,a,0,1.6026000000014164,73,45,-52,99,1,-43,22,19,3,53.55993528,59.35205697,-5.792121696,-52,-43,-9,-0.56,0.43,-0.99,FALSE
7,25,male,32,new,a,0,2.540300000000798,89,36,-51,98,7,-49,24.66666667,18.66666667,6,57.71385353,60.5768566,-2.863003074,-51,-49,-2,-0.29,0.28,-0.57,FALSE
7,25,male,33,new,a,0,4.475900000002298,79,50,-10,95,17,-2,39.66666667,36.66666667,3,37.06151043,41.97088938,-4.90937895,-10,-2,-8,-0.4,0.6,-1,FALSE
7,25,male,34,new,b,1,1.433300000000827,54,34,-67,84,8,-62,7,10,-3,52.95910372,59.62102537,-6.661921656,-67,-62,-5,-0.63,0.05,-0.68,FALSE
7,25,male,35,new,a,0,3.3489999999999327,32,24,-44,60,15,-36,4,13,-9,34.09789827,39.2173431,-5.119444829,-44,-36,-8,-0.68,-0.08,-0.6,FALSE
7,25,male,36,new,a,0,1.212100000001442,62,44,-43,91,27,-37,21,27,-6,45.84757355,52.25578118,-6.408207634,-43,-37,-6,-0.63,0,-0.63,FALSE
7,25,male,37,new,b,1,1.6873000000007323,72,24,-83,93,6,-77,4.333333333,7.333333333,-3,64.78854494,69.40861298,-4.620068037,-83,-77,-6,-0.43,0.03,-0.46,FALSE
7,25,male,38,new,b,1,3.980699999999274,86,32,-13,90,5,-8,35,29,6,40.47221269,43.45879274,-2.986580053,-13,-8,-5,0.11,0.66,-0.55,FALSE
7,25,male,39,new,b,1,1.7946999999993525,42,23,-11,63,18,-9,18,24,-6,21.92411154,29.69848481,-7.774373273,-11,-9,-2,-0.33,0.29,-0.62,FALSE
7,25,male,40,new,b,1,1.3018000000006396,72,42,-20,78,6,-17,31.33333333,22.33333333,9,38.30868773,40.46672158,-2.158033852,-20,-17,-3,-0.4,0.54,-0.94,FALSE
7,25,male,41,new,a,0,1.957300000000714,86,41,-34,96,4,-25,31,25,6,49.49747468,51.58165048,-2.084175801,-34,-25,-9,-0.29,0.54,-0.83,FALSE
7,25,male,0,old,a,0,3.25590000000227,63,16,-47,44,40,-43,10.66666667,13.66666667,-3,45.0653846,40.10264608,4.962738522,-47,-43,-4,-0.18,-0.7,0.52,FALSE
7,25,male,1,old,a,0,1.191600000001472,87,78,-16,94,52,-6,49.66666667,46.66666667,3,46.57848812,40.99864496,5.579843156,-16,-6,-10,-0.69,-0.19,-0.5,FALSE
7,25,male,2,old,a,0,1.611800000000699,79,64,-29,81,28,-22,38,29,9,47.77028365,42.05551886,5.714764789,-29,-22,-7,-0.66,0.04,-0.7,FALSE
7,25,male,3,old,b,1,4.39140000000225,82,31,-53,64,62,-48,20,26,-6,55.6596802,52.33227175,3.327408449,-53,-48,-5,-0.29,-0.71,0.42,FALSE
7,25,male,4,old,a,0,1.5136999999992895,74,21,-46,56,42,-40,16.33333333,19.33333333,-3,49.10080334,42.34251869,6.758284654,-46,-40,-6,-0.14,-0.65,0.51,FALSE
7,25,male,5,old,a,0,1.0608000000007678,98,42,-26,70,68,-24,38,38,0,50.70174224,43.84822307,6.853519172,-26,-24,-2,-0.12,-0.71,0.59,FALSE
7,25,male,6,old,b,1,1.6899999999999409,78,43,-10,60,54,-3,37,37,0,36.17549815,28.39013913,7.785359021,-10,-3,-7,-0.24,-0.68,0.44,FALSE
7,25,male,7,old,a,0,1.1371999999992113,91,22,-54,72,61,-47,19.66666667,28.66666667,-9,59.21899095,53.69254035,5.526450601,-54,-47,-7,-0.06,-0.68,0.62,FALSE
7,25,male,8,old,b,1,1.8514999999999875,82,11,-76,60,51,-67,5.666666667,14.66666667,-9,64.61338011,57.86382482,6.749555292,-76,-67,-9,-0.12,-0.69,0.57,FALSE
7,25,male,9,old,b,1,1.2080999999977848,98,58,-16,96,41,-6,46.66666667,43.66666667,3,47.22522866,41.6839964,5.541232266,-16,-6,-10,-0.35,0.1,-0.45,FALSE
7,25,male,10,old,a,0,2.751699999999232,79,13,-40,74,33,-37,17.33333333,23.33333333,-6,48.67808085,45.82818153,2.849899325,-40,-37,-3,0.13,-0.31,0.44,FALSE
7,25,male,11,old,a,0,3.4514999999998963,73,52,-43,84,13,-33,27.33333333,21.33333333,6,50.4667107,48.12714642,2.339564283,-43,-33,-10,-0.62,0.25,-0.87,FALSE
7,25,male,12,old,a,0,3.4612000000029184,46,30,-55,47,6,-50,7,1,6,44.32456054,39.75759885,4.566961681,-55,-50,-5,-0.64,-0.19,-0.45,FALSE
7,25,male,13,old,a,0,2.305899999998473,48,21,-20,41,36,-10,16.33333333,22.33333333,-6,27.95631513,22.9540604,5.002254727,-20,-10,-10,-0.25,-0.68,0.43,FALSE
7,25,male,14,old,a,0,3.1422999999970216,92,2,-70,66,50,-65,8,17,-9,66.2721661,58.34952156,7.92264454,-70,-65,-5,0.14,-0.67,0.81,FALSE
7,25,male,15,old,b,1,0.4495000000000573,79,63,-12,80,36,-4,43.33333333,37.33333333,6,39.6680672,34.30581421,5.362252988,-12,-4,-8,-0.62,0.06,-0.68,FALSE
7,25,male,16,old,b,1,0.5525000000000091,48,3,-24,46,23,-15,9,18,-9,29.69848481,25.15286597,4.545618837,-24,-15,-9,0.29,-0.29,0.58,FALSE
7,25,male,17,old,b,1,1.36939999999845,65,57,-40,69,18,-32,27.33333333,18.33333333,9,47.72374205,41.23375101,6.489991045,-40,-32,-8,-0.69,0.01,-0.7,FALSE
7,25,male,19,old,b,1,3.0264000000022406,96,19,-78,77,43,-74,12.33333333,15.33333333,-3,71.19144768,64.67525716,6.516190515,-78,-74,-4,-0.14,-0.56,0.42,FALSE
7,25,male,20,old,b,1,2.443800000000806,70,57,-28,78,40,-19,33,33,0,43.45879274,39.90822806,3.550564686,-28,-19,-9,-0.66,-0.26,-0.4,FALSE
7,25,male,21,old,b,1,1.2351000000014665,80,43,-35,75,18,-32,29.33333333,20.33333333,9,47.93282336,43.71371511,4.219108251,-35,-32,-3,-0.4,0.08,-0.48,FALSE
7,25,male,22,old,b,1,3.211999999999989,85,68,-15,91,43,-5,46,43,3,43.68828981,39.19183588,4.496453927,-15,-5,-10,-0.63,0,-0.63,FALSE
7,25,male,23,old,a,0,2.945299999997019,79,16,-61,58,42,-57,11.33333333,14.33333333,-3,57.24993935,50.86146762,6.388471726,-61,-57,-4,-0.12,-0.65,0.53,FALSE
7,25,male,24,old,a,0,0.76299999999992,57,19,-12,42,29,-7,21.33333333,21.33333333,0,28.21740991,20.72572208,7.491687838,-12,-7,-5,0.12,-0.5,0.62,FALSE
7,25,male,25,old,a,0,1.351400000002286,77,69,-21,82,39,-14,41.66666667,35.66666667,6,44.43222054,39.26264835,5.16957219,-21,-14,-7,-0.69,-0.13,-0.56,FALSE
7,25,male,26,old,b,1,0.8791999999992868,61,12,-35,44,34,-31,12.66666667,15.66666667,-3,39.19467084,33.24989557,5.944775267,-35,-31,-4,0.03,-0.66,0.69,FALSE
7,25,male,27,old,b,1,3.748800000000756,65,13,-18,61,36,-10,20,29,-9,34.24422092,29.40521496,4.839005967,-18,-10,-8,0.3,-0.34,0.64,FALSE
7,25,male,28,old,b,1,2.475600000001464,99,52,-13,90,75,-9,46,52,-6,45.92022067,43.56604182,2.354178852,-13,-9,-4,-0.19,-0.64,0.45,FALSE
7,25,male,29,old,a,0,2.060199999999213,79,40,-26,73,13,-20,31,22,9,43.33589736,38.49675311,4.83914425,-26,-20,-6,-0.3,0.34,-0.64,FALSE
7,25,male,30,old,a,0,5.871499999999969,57,44,-13,53,29,-3,29.33333333,26.33333333,3,30.40102337,22.93953405,7.461489329,-13,-3,-10,-0.61,-0.17,-0.44,FALSE
7,25,male,31,old,a,0,2.5494999999999663,53,40,-11,50,25,-2,27.33333333,24.33333333,3,27.62044331,21.23414441,6.386298903,-11,-2,-9,-0.59,-0.05,-0.54,FALSE
7,25,male,32,old,a,0,0.6552000000029921,59,9,-67,40,31,-61,0.333333333,3.333333333,-3,51.80304581,45.63867755,6.164368259,-67,-61,-6,-0.25,-0.69,0.44,FALSE
7,25,male,33,old,a,0,1.15300000000002,58,38,-11,53,25,-2,28.33333333,25.33333333,3,28.98658694,22.45489306,6.531693879,-11,-2,-9,-0.46,0.02,-0.48,FALSE
7,25,male,34,old,b,1,1.5164999999999509,53,8,-35,40,19,-33,8.666666667,8.666666667,0,35.92894222,30.68477726,5.244164957,-35,-33,-2,0.03,-0.47,0.5,FALSE
7,25,male,35,old,b,1,1.5714000000021997,74,5,-55,57,19,-52,8,8,0,52.70673581,45.17373868,7.532997129,-55,-52,-3,0.09,-0.35,0.44,FALSE
7,25,male,36,old,b,1,4.372600000001512,70,51,-43,75,10,-34,26,17,9,49.40310382,44.77350407,4.629599747,-43,-34,-9,-0.63,0.23,-0.86,FALSE
7,25,male,37,old,b,1,2.0358000000007905,60,5,-41,53,30,-32,8,17,-9,41.28760912,35.89800366,5.389605459,-41,-32,-9,0.11,-0.5,0.61,FALSE
7,25,male,38,old,b,1,2.0383999999985463,46,32,-39,42,9,-30,13,7,6,37.21110945,29.42787794,7.783231513,-39,-30,-9,-0.63,-0.1,-0.53,FALSE
7,25,male,39,old,a,0,2.2023000000007187,56,8,-52,40,33,-43,4,10,-6,44.18144407,37.58545818,6.595985888,-52,-43,-9,-0.14,-0.69,0.55,FALSE
7,25,male,40,old,b,1,4.656099999997764,85,24,-45,67,54,-39,21.33333333,27.33333333,-6,53.10576449,47.20404879,5.901715701,-45,-39,-6,-0.08,-0.67,0.59,FALSE
7,25,male,41,old,a,0,2.5287000000030275,64,62,-48,70,29,-39,26,20,6,52.33227175,44.95182607,7.380445685,-48,-39,-9,-0.71,-0.29,-0.42,FALSE
7,25,male,42,old,a,0,3.607199999999239,91,79,-11,99,39,-6,53,44,9,45.51922671,43.01162634,2.507600372,-11,-6,-5,-0.67,0.17,-0.84,FALSE
8,39,female,0,old,b,1,31.149899999976128,76,3,-64,59,38,-55,5,14,-9,57.17225434,49.53786431,7.634390037,-64,-55,-9,0.05,-0.61,0.66,FALSE
8,39,female,1,old,a,0,19.562800000011972,99,51,-13,95,36,-3,45.66666667,42.66666667,3,45.87906809,40.28509512,5.59397297,-13,-3,-10,-0.17,0.24,-0.41,FALSE
8,39,female,2,old,b,1,3.580699999988042,77,25,-58,53,45,-54,14.66666667,14.66666667,0,55.59576323,48.66438351,6.93137972,-58,-54,-4,-0.27,-0.69,0.42,FALSE
8,39,female,3,old,b,1,2.4101999999880945,81,24,-16,74,4,-7,29.66666667,23.66666667,6,39.80228916,35.8732336,3.929055559,-16,-7,-9,0.21,0.66,-0.45,FALSE
8,39,female,4,old,b,1,16.796999999999912,99,35,-16,88,50,-11,39.33333333,42.33333333,-3,47.0484384,40.77853466,6.269903738,-16,-11,-5,0.14,-0.28,0.42,FALSE
8,39,female,5,old,b,1,2.360500000000002,53,8,-34,41,23,-28,9,12,-3,35.52463934,29.22327839,6.301360944,-34,-28,-6,0.04,-0.51,0.55,FALSE
8,39,female,6,old,a,0,3.1503000000119528,91,67,-10,95,46,-2,49.33333333,46.33333333,3,43.08389748,39.60078563,3.483111855,-10,-2,-8,-0.55,0.01,-0.56,FALSE
8,39,female,7,old,a,0,26.563899999976115,55,15,-13,42,31,-7,19,22,-3,27.90459938,20.99206199,6.91253739,-13,-7,-6,0.21,-0.56,0.77,FALSE
8,39,female,8,old,a,0,1.548899999976129,97,58,-61,98,20,-51,31.33333333,22.33333333,9,67.20284386,60.85136719,6.351476665,-61,-51,-10,-0.53,0.06,-0.59,FALSE
8,39,female,9,old,b,1,1.587299999952279,56,42,-72,65,9,-66,8.666666667,2.666666667,6,57.32558087,53.66770185,3.657879018,-72,-66,-6,-0.68,-0.18,-0.5,FALSE
8,39,female,10,old,a,0,4.307699999988017,80,2,-60,69,30,-50,7.333333333,16.33333333,-9,57.27904406,49.5333782,7.745665868,-60,-50,-10,0.14,-0.39,0.53,FALSE
8,39,female,11,old,b,1,17.84939999997607,70,12,-66,45,34,-63,5.333333333,5.333333333,0,55.72152985,48.52719741,7.194332436,-66,-63,-3,-0.18,-0.68,0.5,FALSE
8,39,female,12,old,a,0,1.1701999999880854,69,24,-23,60,43,-15,23.33333333,29.33333333,-6,37.56180093,32.10745846,5.454342465,-23,-15,-8,-0.03,-0.56,0.53,FALSE
8,39,female,13,old,b,1,4.309399999976108,90,44,-48,88,16,-45,28.66666667,19.66666667,9,57.37207993,54.3588897,3.013190235,-48,-45,-3,-0.38,0.1,-0.48,FALSE
8,39,female,14,old,a,0,1.1612000000477565,74,43,-22,76,14,-13,31.66666667,25.66666667,6,40.00277768,37.25885428,2.743923402,-22,-13,-9,-0.4,0.44,-0.84,FALSE
8,39,female,15,old,a,0,3.4936999999881664,67,11,-13,61,36,-5,21.66666667,30.66666667,-9,33.51948024,27.20702524,6.312455003,-13,-5,-8,0.45,-0.29,0.74,FALSE
8,39,female,16,old,a,0,14.283500000000004,95,48,-30,71,67,-25,37.66666667,37.66666667,0,51.55148451,44.3421044,7.209380118,-30,-25,-5,-0.29,-0.7,0.41,FALSE
8,39,female,17,old,b,1,11.522499999999924,88,17,-44,82,43,-37,20.33333333,29.33333333,-9,53.94029621,49.5333782,4.406918017,-44,-37,-7,0.09,-0.39,0.48,FALSE
8,39,female,18,old,a,0,2.761500000000069,80,72,-12,88,45,-2,46.66666667,43.66666667,3,41.61196409,36.7544404,4.857523695,-12,-2,-10,-0.69,-0.05,-0.64,FALSE
8,39,female,19,old,b,1,0.8042999999523772,68,25,-12,60,2,-8,27,18,9,32.69046752,29.97776954,2.712697979,-12,-8,-4,0.09,0.65,-0.56,FALSE
8,39,female,20,old,a,0,3.2636999999880345,63,2,-47,49,23,-45,6,9,-3,44.99629614,39.63163719,5.36465895,-47,-45,-2,0.13,-0.49,0.62,FALSE
8,39,female,21,old,b,1,7.833400000035681,64,24,-23,50,35,-20,21.66666667,21.66666667,0,35.55590278,30.09245014,5.463452634,-23,-20,-3,-0.1,-0.58,0.48,FALSE
8,39,female,22,old,b,1,21.48169999998811,66,31,-13,68,19,-3,28,28,0,32.3213036,29.67602849,2.645275119,-13,-3,-10,-0.14,0.43,-0.57,FALSE
8,39,female,23,old,a,0,1.9570999999642709,93,31,-8,70,68,-4,38.66666667,44.66666667,-6,41.5879256,34.42221505,7.165710549,-8,-4,-4,0.27,-0.71,0.98,FALSE
8,39,female,24,old,b,1,2.35479999995232,85,2,-81,57,52,-76,2,11,-9,67.76921622,61.55214591,6.217070303,-81,-76,-5,0,-0.7,0.7,FALSE
8,39,female,25,old,b,1,0.7694999999999936,75,4,-67,57,43,-61,4,13,-9,57.97125725,52.63712252,5.334134731,-67,-61,-6,0,-0.67,0.67,FALSE
8,39,female,26,old,a,0,5.125499999999988,61,54,-82,79,11,-75,11,5,6,65.82299497,63.01322612,2.809768844,-82,-75,-7,-0.7,-0.14,-0.56,FALSE
8,39,female,27,old,b,1,9.663699999988012,93,58,-8,94,41,-1,47.66666667,44.66666667,3,41.87547678,38.87015422,3.005322563,-8,-1,-7,-0.36,0.14,-0.5,FALSE
8,39,female,28,old,b,1,8.623100000023783,53,9,-17,37,30,-13,15,18,-3,28.89059824,22.10580618,6.784792065,-17,-13,-4,0.3,-0.65,0.95,FALSE
8,39,female,29,old,b,1,3.885899999976232,91,81,-24,99,44,-22,49.33333333,40.33333333,9,52.01495511,49.46603773,2.548917383,-24,-22,-2,-0.69,-0.11,-0.58,FALSE
8,39,female,30,old,b,1,0.76400000000001,83,50,-11,85,29,-1,40.66666667,37.66666667,3,38.93869826,35.64017708,3.298521182,-11,-1,-10,-0.35,0.35,-0.7,FALSE
8,39,female,31,old,a,0,4.324100000023918,80,10,-63,59,46,-60,9,15,-6,58.3837877,53.2979049,5.085882805,-63,-60,-3,-0.03,-0.68,0.65,FALSE
8,39,female,32,old,b,1,12.038599999964164,88,33,-10,73,59,-3,37,43,-6,40.10818703,33.02524287,7.082944157,-10,-3,-7,0.15,-0.61,0.76,FALSE
8,39,female,33,old,b,1,2.7589000000357373,91,54,-88,96,14,-80,19,10,9,77.1535266,71.90734779,5.246178806,-88,-80,-8,-0.59,-0.08,-0.51,FALSE
8,39,female,34,old,b,1,2.351199999988125,91,75,-12,94,55,-4,51.33333333,48.33333333,3,45.25728916,40.28509512,4.97219404,-12,-4,-8,-0.64,-0.24,-0.4,FALSE
8,39,female,35,old,b,1,12.153700000047706,84,27,-36,73,4,-29,25,16,9,49.01020302,42.49705872,6.513144298,-36,-29,-7,-0.06,0.4,-0.46,FALSE
8,39,female,37,old,a,0,7.339700000047742,67,19,-22,60,38,-16,21.33333333,27.33333333,-6,36.37153955,31.93048004,4.441059506,-22,-16,-6,0.1,-0.46,0.56,FALSE
8,39,female,38,old,b,1,0.7721000000237837,92,60,-21,99,43,-11,43.66666667,43.66666667,0,47.55581516,44.90978611,2.646029045,-21,-11,-10,-0.47,0.02,-0.49,FALSE
8,39,female,39,old,b,1,5.523500000000013,83,23,-56,70,49,-51,16.66666667,22.66666667,-6,56.92294987,52.7909925,4.131957375,-56,-51,-5,-0.17,-0.62,0.45,FALSE
8,39,female,40,old,a,0,7.085199999988163,94,70,-40,98,38,-30,41.33333333,35.33333333,6,58.33999962,52.2897908,6.050208816,-40,-30,-10,-0.62,-0.08,-0.54,FALSE
8,39,female,41,old,b,1,5.507100000023911,98,41,-24,75,68,-19,38.33333333,41.33333333,-3,49.8419725,42.75771535,7.084257142,-24,-19,-5,-0.08,-0.69,0.61,FALSE
8,39,female,42,old,a,0,5.988399999976082,93,64,-10,95,40,-6,49,43,6,43.36665386,41.28760912,2.079044738,-10,-6,-4,-0.48,0.11,-0.59,FALSE
8,39,female,0,new,b,1,2.4000999999642545,35,19,-36,66,5,-26,6,15,-9,30.40833219,38.21866909,-7.810336894,-36,-26,-10,-0.56,0.37,-0.93,FALSE
8,39,female,1,new,b,1,17.026000000000067,76,31,-39,96,19,-29,22.66666667,28.66666667,-6,47.31689856,51.48678363,-4.169885078,-39,-29,-10,-0.26,0.28,-0.54,FALSE
8,39,female,2,new,a,0,1.963199999988092,66,55,-73,97,23,-63,16,19,-3,63.09252465,65.38093504,-2.28841039,-73,-63,-10,-0.69,-0.09,-0.6,FALSE
8,39,female,3,new,b,1,18.799699999988093,57,33,-39,75,10,-34,17,17,0,40.79215611,44.77350407,-3.981347961,-39,-34,-5,-0.53,0.23,-0.76,FALSE
8,39,female,4,new,b,1,2.321599999964178,72,24,-26,91,16,-19,23.33333333,29.33333333,-6,40.01110957,45.88633299,-5.875223425,-26,-19,-7,-0.02,0.41,-0.43,FALSE
8,39,female,5,new,a,0,0.7808000000119364,94,45,-8,97,10,-3,43.66666667,34.66666667,9,41.65199742,44.39469438,-2.74269696,-8,-3,-5,-0.05,0.66,-0.71,FALSE
8,39,female,6,new,b,1,10.674299999952382,83,52,-36,96,9,-33,33,24,9,50.4050262,53.72150407,-3.31647787,-36,-33,-3,-0.51,0.4,-0.91,FALSE
8,39,female,7,new,b,1,0.8033000000118591,59,53,-70,91,2,-60,14,11,3,59.44745579,61.97311245,-2.525656659,-70,-60,-10,-0.7,0.21,-0.91,FALSE
8,39,female,8,new,b,1,4.44760000002384,75,60,-69,99,6,-66,22,13,9,64.63745044,67.54257916,-2.905128718,-69,-66,-3,-0.68,0.15,-0.83,FALSE
8,39,female,9,new,a,0,0.78810000002386,60,59,-71,98,2,-61,16,13,3,61.51964456,65.37583651,-3.856191956,-71,-61,-10,-0.71,0.25,-0.96,FALSE
8,39,female,10,new,a,0,1.9936000000238887,56,39,-80,86,11,-73,5,8,-3,60.50344343,64.94613152,-4.442688096,-80,-73,-7,-0.67,-0.07,-0.6,FALSE
8,39,female,12,new,b,1,4.7970000000000255,67,34,-14,82,3,-7,29,26,3,33.2565783,39.80787192,-6.551293622,-14,-7,-7,-0.22,0.67,-0.89,FALSE
8,39,female,13,new,b,1,1.162499999999909,59,17,-45,75,4,-39,10.33333333,13.33333333,-3,42.71871825,47.00590979,-4.287191544,-45,-39,-6,-0.23,0.29,-0.52,FALSE
8,39,female,14,new,b,1,1.16510000002404,65,35,-38,81,15,-34,20.66666667,20.66666667,0,43.25377312,47.1192341,-3.865460983,-38,-34,-4,-0.46,0.18,-0.64,FALSE
8,39,female,15,new,b,1,14.199100000023805,86,35,-10,92,6,-5,37,31,6,39.2173431,43.36665386,-4.149310754,-10,-5,-5,0.08,0.67,-0.59,FALSE
8,39,female,16,new,b,1,3.6779000000356064,67,58,-29,93,49,-19,32,41,-9,43.28972164,46.07240678,-2.782685138,-29,-19,-10,-0.68,-0.26,-0.42,FALSE
8,39,female,17,new,a,0,20.253299999952105,76,38,-12,82,9,-7,34,28,6,36.037018,38.73843914,-2.701421131,-12,-7,-5,-0.17,0.62,-0.79,FALSE
8,39,female,18,new,a,0,5.079099999964456,65,61,-27,97,23,-21,33,33,0,42.45782221,48.68949236,-6.231670156,-27,-21,-6,-0.7,0.3,-1,FALSE
8,39,female,19,new,a,0,5.566700000047604,40,34,-14,62,29,-4,20,29,-9,24.16609195,26.94438717,-2.778295223,-14,-4,-10,-0.67,0,-0.67,FALSE
8,39,female,20,new,b,1,4.527800000011666,56,49,-15,84,31,-7,30,36,-6,31.94787421,37.31844941,-5.370575202,-15,-7,-8,-0.68,0.2,-0.88,FALSE
8,39,female,21,new,b,1,3.1239999999997963,84,38,-47,98,2,-43,25,19,6,54.26478293,58.80476171,-4.53997878,-47,-43,-4,-0.35,0.41,-0.76,FALSE
8,39,female,22,new,b,1,2.705400000035752,82,41,-36,94,3,-28,29,23,6,48.91489207,51.77515492,-2.860262842,-36,-28,-8,-0.35,0.52,-0.87,FALSE
8,39,female,23,new,a,0,1.1718999999761763,74,29,-58,96,13,-55,15,18,-3,54.79051013,61.74679479,-6.956284661,-58,-55,-3,-0.37,0.12,-0.49,FALSE
8,39,female,24,new,b,1,2.7328000000120483,62,41,-30,88,24,-21,24.33333333,30.33333333,-6,39.36439452,44.723844,-5.359449486,-30,-21,-9,-0.56,0.21,-0.77,FALSE
8,39,female,25,new,b,1,4.302699999987908,73,35,-13,82,8,-4,31.66666667,28.66666667,3,35.18838192,38.02922853,-2.840846604,-13,-4,-9,-0.14,0.65,-0.79,FALSE
8,39,female,26,new,b,1,2.318899999976111,45,40,-49,77,30,-44,12,21,-9,43.18178628,49.80629144,-6.624505153,-49,-44,-5,-0.7,-0.27,-0.43,FALSE
8,39,female,27,new,b,1,0.7649999999998727,82,33,-22,91,7,-14,31,28,3,42.48136847,45.36518489,-2.883816424,-22,-14,-8,-0.07,0.6,-0.67,FALSE
8,39,female,28,new,b,1,2.321200000047611,74,56,-98,99,2,-96,10.66666667,1.666666667,9,77.18952145,79.60876557,-2.4192441160000002,-98,-96,-2,-0.68,-0.01,-0.67,FALSE
8,39,female,29,new,b,1,6.839600000023893,51,25,-16,72,5,-8,20,23,-3,27.58018612,35.05234181,-7.47215569,-16,-8,-8,-0.27,0.63,-0.9,FALSE
8,39,female,30,new,b,1,4.867400000036014,58,27,-28,78,17,-20,19,25,-6,35.56215217,40.40627014,-4.844117975,-28,-20,-8,-0.33,0.29,-0.62,FALSE
8,39,female,31,new,a,0,5.074500000000171,59,34,-23,76,30,-18,23.33333333,29.33333333,-6,34.31552936,38.37823457,-4.062705208,-23,-18,-5,-0.44,-0.03,-0.41,FALSE
8,39,female,32,new,a,0,3.539199999988341,61,33,-4,66,7,-1,30,24,6,26.62079388,29.87752779,-3.25673391,-4,-1,-3,-0.17,0.67,-0.84,FALSE
8,39,female,33,new,a,0,0.7699000000357046,41,39,-29,73,26,-21,17,26,-9,32.53715825,38.3753393,-5.838181059,-29,-21,-8,-0.71,0,-0.71,FALSE
8,39,female,34,new,a,0,0.7693000000117536,85,45,-46,95,4,-42,28,19,9,54.81483984,56.92685365,-2.112013812,-46,-42,-4,-0.44,0.38,-0.82,FALSE
8,39,female,35,new,a,0,2.3350000000000364,62,55,-78,93,7,-70,13,10,3,64.41014413,66.57827473,-2.168130606,-78,-70,-8,-0.7,0.07,-0.77,FALSE
8,39,female,36,new,a,0,0.7784999999998945,62,43,-86,99,27,-80,6.333333333,15.33333333,-9,65.74867975,73.54061614,-7.79193639,-86,-80,-6,-0.66,-0.23,-0.43,FALSE
8,39,female,37,new,b,1,2.732399999976224,63,62,-52,88,34,-49,24.33333333,24.33333333,0,53.97736151,56.34615239,-2.368790878,-52,-49,-3,-0.71,-0.25,-0.46,FALSE
8,39,female,38,new,a,0,0.7675999999642045,70,31,-60,87,5,-51,13.66666667,13.66666667,0,54.46915539,56.6705881,-2.20143271,-60,-51,-9,-0.45,0.23,-0.68,FALSE
8,39,female,39,new,a,0,0.8121999999880245,75,51,-33,96,10,-31,31,25,6,46.30334761,52.92132525,-6.617977643,-33,-31,-2,-0.57,0.4,-0.97,FALSE
8,39,female,40,new,a,0,4.448199999987992,73,32,-44,95,17,-42,20.33333333,23.33333333,-3,48.47221426,56.10902086,-7.6368066,-44,-42,-2,-0.35,0.17,-0.52,FALSE
8,39,female,41,new,a,0,3.569100000023809,71,36,-38,93,11,-35,23,23,0,45.43860326,52.94021786,-7.501614591,-38,-35,-3,-0.41,0.33,-0.74,FALSE
8,39,female,42,new,b,1,5.618200000047636,83,36,-11,86,2,-7,36,27,9,38.3753393,41.88078318,-3.505443879,-11,-7,-4,0,0.68,-0.68,FALSE
8,39,female,0,old,a,0,12.529699999988225,82,31,-53,64,62,-48,20,26,-6,55.6596802,52.33227175,3.327408449,-53,-48,-5,-0.29,-0.71,0.42,FALSE
8,39,female,1,old,a,0,0.7755999999640153,77,69,-21,82,39,-14,41.66666667,35.66666667,6,44.43222054,39.26264835,5.16957219,-21,-14,-7,-0.69,-0.13,-0.56,FALSE
8,39,female,2,old,b,1,5.033800000011524,79,40,-26,73,13,-20,31,22,9,43.33589736,38.49675311,4.83914425,-26,-20,-6,-0.3,0.34,-0.64,FALSE
8,39,female,4,old,b,1,3.496800000012172,87,78,-16,94,52,-6,49.66666667,46.66666667,3,46.57848812,40.99864496,5.579843156,-16,-6,-10,-0.69,-0.19,-0.5,FALSE
8,39,female,5,old,b,1,0.7733999999759362,53,40,-11,50,25,-2,27.33333333,24.33333333,3,27.62044331,21.23414441,6.386298903,-11,-2,-9,-0.59,-0.05,-0.54,FALSE
8,39,female,6,old,a,0,3.138500000000022,79,64,-29,81,28,-22,38,29,9,47.77028365,42.05551886,5.714764789,-29,-22,-7,-0.66,0.04,-0.7,FALSE
8,39,female,7,old,b,1,5.542999999999665,46,32,-39,42,9,-30,13,7,6,37.21110945,29.42787794,7.783231513,-39,-30,-9,-0.63,-0.1,-0.53,FALSE
8,39,female,8,old,b,1,6.464599999964321,98,42,-26,70,68,-24,38,38,0,50.70174224,43.84822307,6.853519172,-26,-24,-2,-0.12,-0.71,0.59,FALSE
8,39,female,9,old,b,1,0.7653999999761254,65,13,-18,61,36,-10,20,29,-9,34.24422092,29.40521496,4.839005967,-18,-10,-8,0.3,-0.34,0.64,FALSE
8,39,female,10,old,a,0,5.226899999976013,73,52,-43,84,13,-33,27.33333333,21.33333333,6,50.4667107,48.12714642,2.339564283,-43,-33,-10,-0.62,0.25,-0.87,FALSE
8,39,female,11,old,a,0,0.7823999999759508,53,8,-35,40,19,-33,8.666666667,8.666666667,0,35.92894222,30.68477726,5.244164957,-35,-33,-2,0.03,-0.47,0.5,FALSE
8,39,female,12,old,b,1,0.7961000000236709,65,57,-40,69,18,-32,27.33333333,18.33333333,9,47.72374205,41.23375101,6.489991045,-40,-32,-8,-0.69,0.01,-0.7,FALSE
8,39,female,13,old,a,0,0.7762000000475382,79,13,-40,74,33,-37,17.33333333,23.33333333,-6,48.67808085,45.82818153,2.849899325,-40,-37,-3,0.13,-0.31,0.44,FALSE
8,39,female,14,old,b,1,0.7683999999762818,92,2,-70,66,50,-65,8,17,-9,66.2721661,58.34952156,7.92264454,-70,-65,-5,0.14,-0.67,0.81,FALSE
8,39,female,15,old,a,0,3.906100000023798,85,24,-45,67,54,-39,21.33333333,27.33333333,-6,53.10576449,47.20404879,5.901715701,-45,-39,-6,-0.08,-0.67,0.59,FALSE
8,39,female,16,old,b,1,1.936899999976049,61,12,-35,44,34,-31,12.66666667,15.66666667,-3,39.19467084,33.24989557,5.944775267,-35,-31,-4,0.03,-0.66,0.69,FALSE
8,39,female,17,old,a,0,1.9663999999761472,74,5,-55,57,19,-52,8,8,0,52.70673581,45.17373868,7.532997129,-55,-52,-3,0.09,-0.35,0.44,FALSE
8,39,female,18,old,a,0,1.5721000000235108,91,79,-11,99,39,-6,53,44,9,45.51922671,43.01162634,2.507600372,-11,-6,-5,-0.67,0.17,-0.84,FALSE
8,39,female,19,old,b,1,2.389000000000124,57,19,-12,42,29,-7,21.33333333,21.33333333,0,28.21740991,20.72572208,7.491687838,-12,-7,-5,0.12,-0.5,0.62,FALSE
8,39,female,20,old,b,1,1.987500000000182,98,58,-16,96,41,-6,46.66666667,43.66666667,3,47.22522866,41.6839964,5.541232266,-16,-6,-10,-0.35,0.1,-0.45,FALSE
8,39,female,21,old,b,1,0.40950000000020736,48,21,-20,41,36,-10,16.33333333,22.33333333,-6,27.95631513,22.9540604,5.002254727,-20,-10,-10,-0.25,-0.68,0.43,FALSE
8,39,female,22,old,b,1,2.8656000000237327,58,38,-11,53,25,-2,28.33333333,25.33333333,3,28.98658694,22.45489306,6.531693879,-11,-2,-9,-0.46,0.02,-0.48,FALSE
8,39,female,23,old,b,1,5.758100000024115,57,44,-13,53,29,-3,29.33333333,26.33333333,3,30.40102337,22.93953405,7.461489329,-13,-3,-10,-0.61,-0.17,-0.44,FALSE
8,39,female,24,old,b,1,0.8119000000356209,46,30,-55,47,6,-50,7,1,6,44.32456054,39.75759885,4.566961681,-55,-50,-5,-0.64,-0.19,-0.45,FALSE
8,39,female,25,old,b,1,2.8655000000003383,79,63,-12,80,36,-4,43.33333333,37.33333333,6,39.6680672,34.30581421,5.362252988,-12,-4,-8,-0.62,0.06,-0.68,FALSE
8,39,female,26,old,a,0,0.7787999999522981,64,62,-48,70,29,-39,26,20,6,52.33227175,44.95182607,7.380445685,-48,-39,-9,-0.71,-0.29,-0.42,FALSE
8,39,female,27,old,a,0,1.9786000000235615,85,68,-15,91,43,-5,46,43,3,43.68828981,39.19183588,4.496453927,-15,-5,-10,-0.63,0,-0.63,FALSE
8,39,female,28,old,a,0,0.7998999999763328,79,16,-61,58,42,-57,11.33333333,14.33333333,-3,57.24993935,50.86146762,6.388471726,-61,-57,-4,-0.12,-0.65,0.53,FALSE
8,39,female,29,old,a,0,1.6017000000474582,96,19,-78,77,43,-74,12.33333333,15.33333333,-3,71.19144768,64.67525716,6.516190515,-78,-74,-4,-0.14,-0.56,0.42,FALSE
8,39,female,30,old,a,0,0.8422000000473417,70,57,-28,78,40,-19,33,33,0,43.45879274,39.90822806,3.550564686,-28,-19,-9,-0.66,-0.26,-0.4,FALSE
8,39,female,31,old,b,1,5.496300000011615,99,52,-13,90,75,-9,46,52,-6,45.92022067,43.56604182,2.354178852,-13,-9,-4,-0.19,-0.64,0.45,FALSE
8,39,female,32,old,a,0,14.0140999999644,48,3,-24,46,23,-15,9,18,-9,29.69848481,25.15286597,4.545618837,-24,-15,-9,0.29,-0.29,0.58,FALSE
8,39,female,33,old,b,1,2.389000000000124,59,9,-67,40,31,-61,0.333333333,3.333333333,-3,51.80304581,45.63867755,6.164368259,-67,-61,-6,-0.25,-0.69,0.44,FALSE
8,39,female,34,old,b,1,1.9713999999758016,80,43,-35,75,18,-32,29.33333333,20.33333333,9,47.93282336,43.71371511,4.219108251,-35,-32,-3,-0.4,0.08,-0.48,FALSE
8,39,female,35,old,a,0,9.387099999964448,74,21,-46,56,42,-40,16.33333333,19.33333333,-3,49.10080334,42.34251869,6.758284654,-46,-40,-6,-0.14,-0.65,0.51,FALSE
8,39,female,36,old,a,0,5.676699999988159,63,16,-47,44,40,-43,10.66666667,13.66666667,-3,45.0653846,40.10264608,4.962738522,-47,-43,-4,-0.18,-0.7,0.52,FALSE
8,39,female,37,old,a,0,1.1965000000000146,78,43,-10,60,54,-3,37,37,0,36.17549815,28.39013913,7.785359021,-10,-3,-7,-0.24,-0.68,0.44,FALSE
8,39,female,38,old,b,1,1.9578999999762343,70,51,-43,75,10,-34,26,17,9,49.40310382,44.77350407,4.629599747,-43,-34,-9,-0.63,0.23,-0.86,FALSE
8,39,female,39,old,b,1,0.7717000000475309,91,22,-54,72,61,-47,19.66666667,28.66666667,-9,59.21899095,53.69254035,5.526450601,-54,-47,-7,-0.06,-0.68,0.62,FALSE
8,39,female,40,old,a,0,0.7782999999521962,82,11,-76,60,51,-67,5.666666667,14.66666667,-9,64.61338011,57.86382482,6.749555292,-76,-67,-9,-0.12,-0.69,0.57,FALSE
8,39,female,41,old,b,1,0.774900000035359,60,5,-41,53,30,-32,8,17,-9,41.28760912,35.89800366,5.389605459,-41,-32,-9,0.11,-0.5,0.61,FALSE
8,39,female,42,old,b,1,2.986900000035803,56,8,-52,40,33,-43,4,10,-6,44.18144407,37.58545818,6.595985888,-52,-43,-9,-0.14,-0.69,0.55,FALSE
8,39,female,0,new,b,1,1.62940000003573,86,32,-13,90,5,-8,35,29,6,40.47221269,43.45879274,-2.986580053,-13,-8,-5,0.11,0.66,-0.55,FALSE
8,39,female,1,new,b,1,6.6778999999760345,82,49,-19,98,16,-11,37.33333333,34.33333333,3,42.05023451,46.34891824,-4.298683734,-19,-11,-8,-0.39,0.53,-0.92,FALSE
8,39,female,2,new,a,0,1.5833000000120592,68,60,-38,99,37,-28,30,36,-6,48.19405219,51.85235449,-3.658302303,-38,-28,-10,-0.69,-0.03,-0.66,FALSE
8,39,female,3,new,a,0,1.585800000011659,54,34,-67,84,8,-62,7,10,-3,52.95910372,59.62102537,-6.661921656,-67,-62,-5,-0.63,0.05,-0.68,FALSE
8,39,female,4,new,b,1,1.9593999999760852,68,52,-62,94,9,-54,19.33333333,16.33333333,3,57.88110419,60.64285247,-2.761748279,-62,-54,-8,-0.67,0.18,-0.85,FALSE
8,39,female,5,new,a,0,0.771099999964008,32,24,-44,60,15,-36,4,13,-9,34.09789827,39.2173431,-5.119444829,-44,-36,-8,-0.68,-0.08,-0.6,FALSE
8,39,female,6,new,b,1,1.9533999999762277,62,44,-43,91,27,-37,21,27,-6,45.84757355,52.25578118,-6.408207634,-43,-37,-6,-0.63,0,-0.63,FALSE
8,39,female,7,new,a,0,0.8296000000236745,73,45,-52,99,1,-43,22,19,3,53.55993528,59.35205697,-5.792121696,-52,-43,-9,-0.56,0.43,-0.99,FALSE
8,39,female,9,new,a,0,1.576300000011997,47,44,-54,78,9,-50,12.33333333,12.33333333,0,46.92073695,52.3089115,-5.388174553,-54,-50,-4,-0.7,0.1,-0.8,FALSE
8,39,female,10,new,b,1,0.4119999999998072,37,15,-44,59,10,-34,2.666666667,11.66666667,-9,34.19876541,37.9853773,-3.786611894,-44,-34,-10,-0.49,0.07,-0.56,FALSE
8,39,female,11,new,b,1,2.0768999999763764,79,50,-10,95,17,-2,39.66666667,36.66666667,3,37.06151043,41.97088938,-4.90937895,-10,-2,-8,-0.4,0.6,-1,FALSE
8,39,female,12,new,a,0,5.128399999976409,86,41,-34,96,4,-25,31,25,6,49.49747468,51.58165048,-2.084175801,-34,-25,-9,-0.29,0.54,-0.83,FALSE
8,39,female,13,new,a,0,0.7938999999764746,59,30,-17,77,20,-7,24,30,-6,31.31559782,35.0142828,-3.698684983,-17,-7,-10,-0.28,0.41,-0.69,FALSE
8,39,female,14,new,a,0,1.536400000035428,89,36,-51,98,7,-49,24.66666667,18.66666667,6,57.71385353,60.5768566,-2.863003074,-51,-49,-2,-0.29,0.28,-0.57,FALSE
8,39,female,15,new,a,0,0.3875999999645501,72,24,-83,93,6,-77,4.333333333,7.333333333,-3,64.78854494,69.40861298,-4.620068037,-83,-77,-6,-0.43,0.03,-0.46,FALSE
8,39,female,16,new,a,0,3.5562000000477383,44,31,-57,70,16,-50,6,12,-6,44.86275367,49.07137659,-4.208622918,-57,-50,-7,-0.66,-0.12,-0.54,FALSE
8,39,female,17,new,a,0,1.1636999999882391,58,27,-46,74,5,-40,13,13,0,43.59663596,46.88283268,-3.286196723,-46,-40,-6,-0.45,0.25,-0.7,FALSE
8,39,female,18,new,a,0,1.1573000000116735,44,36,-47,66,12,-45,11,11,0,41.14203041,45.32107677,-4.17904636,-47,-45,-2,-0.69,-0.03,-0.66,FALSE
8,39,female,19,new,b,1,12.57699999999977,43,31,-49,75,8,-40,8.333333333,14.33333333,-6,40.83571422,47.16166051,-6.325946295,-49,-40,-9,-0.66,0.2,-0.86,FALSE
8,39,female,20,new,b,1,2.401100000023689,38,36,-51,71,20,-41,7.666666667,16.66666667,-9,41.49163236,45.78451946,-4.292887105,-51,-41,-10,-0.71,-0.11,-0.6,FALSE
8,39,female,21,new,b,1,5.444699999988188,53,40,-78,88,6,-70,5,8,-3,58.92933621,64.51873113,-5.589394916,-78,-70,-8,-0.68,0.05,-0.73,FALSE
8,39,female,22,new,a,0,15.464500000000044,75,48,-36,95,7,-33,29,23,6,47.26520919,53.46650042,-6.201291223,-36,-33,-3,-0.54,0.42,-0.96,FALSE
8,39,female,23,new,a,0,18.432699999988017,31,25,-52,57,4,-48,1.333333333,4.333333333,-3,37.79182745,42.86671851,-5.074891054,-52,-48,-4,-0.69,0.01,-0.7,FALSE
8,39,female,24,new,a,0,1.1734999999998763,66,47,-58,95,21,-52,18.33333333,21.33333333,-3,54.53031777,60.01296156,-5.482643798,-58,-52,-6,-0.64,0.01,-0.65,FALSE
8,39,female,25,new,b,1,5.222300000011728,69,45,-22,90,19,-17,30.66666667,30.66666667,0,38.50829636,44.45472103,-5.94642467,-22,-17,-5,-0.51,0.38,-0.89,FALSE
8,39,female,26,new,b,1,4.348999999999705,54,51,-50,87,14,-46,18.33333333,18.33333333,0,48.33448274,54.3834125,-6.048929759,-50,-46,-4,-0.71,0.12,-0.83,FALSE
8,39,female,27,new,a,0,0.4053000000117208,88,50,-27,96,11,-23,37,28,9,47.84001115,50.04664491,-2.206633761,-27,-23,-4,-0.39,0.47,-0.86,FALSE
8,39,female,28,new,a,0,4.7513000000117245,73,23,-91,92,2,-89,1.666666667,1.666666667,0,68.63105873,73.89331649,-5.262257764,-91,-89,-2,-0.44,-0.01,-0.43,FALSE
8,39,female,29,new,b,1,10.55380000001196,85,51,-7,92,14,-4,43,34,9,37.98245209,41.66533331,-3.682881223,-7,-4,-3,-0.31,0.61,-0.92,FALSE
8,39,female,30,new,a,0,1.976600000024064,78,57,-50,98,6,-46,28.33333333,19.33333333,9,56.04958123,59.5389695,-3.489388273,-50,-46,-4,-0.63,0.32,-0.95,FALSE
8,39,female,31,new,b,1,2.711999999999989,80,48,-26,89,7,-21,34,25,9,44.39219151,46.6761895,-2.283997999,-26,-21,-5,-0.44,0.52,-0.96,FALSE
8,39,female,32,new,b,1,1.5876999999877626,38,17,-31,62,16,-27,8,17,-9,28.87905816,36.34097779,-7.461919633,-31,-27,-4,-0.44,0.04,-0.48,FALSE
8,39,female,33,new,a,0,6.243100000024242,56,21,-48,76,2,-40,9.666666667,12.66666667,-3,43.20750964,47.95368136,-4.74617172,-48,-40,-8,-0.38,0.32,-0.7,FALSE
8,39,female,34,new,a,0,1.1613000000120337,42,23,-11,63,18,-9,18,24,-6,21.92411154,29.69848481,-7.774373273,-11,-9,-2,-0.33,0.29,-0.62,FALSE
8,39,female,35,new,b,1,0.7760000000002947,72,42,-20,78,6,-17,31.33333333,22.33333333,9,38.30868773,40.46672158,-2.158033852,-20,-17,-3,-0.4,0.54,-0.94,FALSE
8,39,female,36,new,a,0,3.168599999964499,49,45,-36,87,24,-26,19.33333333,28.33333333,-9,39.16063783,46.23370584,-7.073068005,-36,-26,-10,-0.7,0.14,-0.84,FALSE
8,39,female,37,new,a,0,4.348900000035883,80,38,-19,90,6,-15,33,27,6,40.57092555,45.36518489,-4.794259339,-19,-15,-4,-0.18,0.6,-0.78,FALSE
8,39,female,38,new,a,0,2.3707999999523963,71,38,-70,91,1,-62,13,10,3,60.21627687,62.78534861,-2.56907174,-70,-62,-8,-0.55,0.21,-0.76,FALSE
8,39,female,39,new,a,0,4.459899999976187,87,54,-16,96,14,-12,41.66666667,32.66666667,9,42.94440851,46.02414825,-3.079739742,-16,-12,-4,-0.41,0.54,-0.95,FALSE
8,39,female,40,new,a,0,5.135399999976016,45,26,-62,73,18,-55,3,12,-9,46.61187259,52.42772803,-5.815855439,-62,-55,-7,-0.62,-0.17,-0.45,FALSE
8,39,female,41,new,a,0,3.150699999988319,73,53,-41,99,7,-39,28.33333333,22.33333333,6,49.70133019,57.37207993,-7.670749745,-41,-39,-2,-0.62,0.38,-1,FALSE
8,39,female,42,new,a,0,6.744699999987915,69,50,-40,89,13,-32,26.33333333,23.33333333,3,47.54179448,49.93551397,-2.393719493,-40,-32,-8,-0.62,0.3,-0.92,FALSE
9,33,ชาย,0,old,b,1,17.383000000000038,69,24,-23,60,43,-15,23.33333333,29.33333333,-6,37.56180093,32.10745846,5.454342465,-23,-15,-8,-0.03,-0.56,0.53,FALSE
9,33,ชาย,1,old,b,1,4.64479999923708,91,75,-12,94,55,-4,51.33333333,48.33333333,3,45.25728916,40.28509512,4.97219404,-12,-4,-8,-0.64,-0.24,-0.4,FALSE
9,33,ชาย,3,old,b,1,9.8120999994278,68,25,-12,60,2,-8,27,18,9,32.69046752,29.97776954,2.712697979,-12,-8,-4,0.09,0.65,-0.56,FALSE
9,33,ชาย,4,old,b,1,15.243999999999971,91,81,-24,99,44,-22,49.33333333,40.33333333,9,52.01495511,49.46603773,2.548917383,-24,-22,-2,-0.69,-0.11,-0.58,FALSE
9,33,ชาย,5,old,a,0,25.896599999427792,97,58,-61,98,20,-51,31.33333333,22.33333333,9,67.20284386,60.85136719,6.351476665,-61,-51,-10,-0.53,0.06,-0.59,FALSE
9,33,ชาย,6,old,b,1,8.480000000000018,98,41,-24,75,68,-19,38.33333333,41.33333333,-3,49.8419725,42.75771535,7.084257142,-24,-19,-5,-0.08,-0.69,0.61,FALSE
9,33,ชาย,7,old,b,1,7.295500000000004,56,42,-72,65,9,-66,8.666666667,2.666666667,6,57.32558087,53.66770185,3.657879018,-72,-66,-6,-0.68,-0.18,-0.5,FALSE
9,33,ชาย,8,old,a,0,2.661300000190693,55,15,-13,42,31,-7,19,22,-3,27.90459938,20.99206199,6.91253739,-13,-7,-6,0.21,-0.56,0.77,FALSE
9,33,ชาย,9,old,a,0,8.3125,81,24,-16,74,4,-7,29.66666667,23.66666667,6,39.80228916,35.8732336,3.929055559,-16,-7,-9,0.21,0.66,-0.45,FALSE
9,33,ชาย,10,old,b,1,2.830099999427773,53,9,-17,37,30,-13,15,18,-3,28.89059824,22.10580618,6.784792065,-17,-13,-4,0.3,-0.65,0.95,FALSE
9,33,ชาย,11,old,b,1,2.2462000007629968,88,17,-44,82,43,-37,20.33333333,29.33333333,-9,53.94029621,49.5333782,4.406918017,-44,-37,-7,0.09,-0.39,0.48,FALSE
9,33,ชาย,12,old,b,1,6.09440000057225,77,25,-58,53,45,-54,14.66666667,14.66666667,0,55.59576323,48.66438351,6.93137972,-58,-54,-4,-0.27,-0.69,0.42,FALSE
9,33,ชาย,13,old,a,0,2.2111000003815207,70,12,-66,45,34,-63,5.333333333,5.333333333,0,55.72152985,48.52719741,7.194332436,-66,-63,-3,-0.18,-0.68,0.5,FALSE
9,33,ชาย,14,old,b,1,33.61469999980932,80,10,-63,59,46,-60,9,15,-6,58.3837877,53.2979049,5.085882805,-63,-60,-3,-0.03,-0.68,0.65,FALSE
9,33,ชาย,15,old,b,1,2.3458000001907067,99,51,-13,95,36,-3,45.66666667,42.66666667,3,45.87906809,40.28509512,5.59397297,-13,-3,-10,-0.17,0.24,-0.41,FALSE
9,33,ชาย,16,old,b,1,9.362699999809251,61,54,-82,79,11,-75,11,5,6,65.82299497,63.01322612,2.809768844,-82,-75,-7,-0.7,-0.14,-0.56,FALSE
9,33,ชาย,17,old,a,0,24.06370000076288,76,3,-64,59,38,-55,5,14,-9,57.17225434,49.53786431,7.634390037,-64,-55,-9,0.05,-0.61,0.66,FALSE
9,33,ชาย,18,old,a,0,48.66419999980928,83,50,-11,85,29,-1,40.66666667,37.66666667,3,38.93869826,35.64017708,3.298521182,-11,-1,-10,-0.35,0.35,-0.7,FALSE
9,33,ชาย,19,old,a,0,24.62980000019081,53,8,-34,41,23,-28,9,12,-3,35.52463934,29.22327839,6.301360944,-34,-28,-6,0.04,-0.51,0.55,FALSE
9,33,ชาย,20,old,b,1,89.50119999980927,93,58,-8,94,41,-1,47.66666667,44.66666667,3,41.87547678,38.87015422,3.005322563,-8,-1,-7,-0.36,0.14,-0.5,FALSE
9,33,ชาย,21,old,a,0,1.4945999994278054,75,4,-67,57,43,-61,4,13,-9,57.97125725,52.63712252,5.334134731,-67,-61,-6,0,-0.67,0.67,FALSE
9,33,ชาย,22,old,b,1,1.061899999618504,91,54,-88,96,14,-80,19,10,9,77.1535266,71.90734779,5.246178806,-88,-80,-8,-0.59,-0.08,-0.51,FALSE
9,33,ชาย,23,old,b,1,1.3948999996185876,80,2,-60,69,30,-50,7.333333333,16.33333333,-9,57.27904406,49.5333782,7.745665868,-60,-50,-10,0.14,-0.39,0.53,FALSE
9,33,ชาย,24,old,b,1,6.313300000190679,92,60,-21,99,43,-11,43.66666667,43.66666667,0,47.55581516,44.90978611,2.646029045,-21,-11,-10,-0.47,0.02,-0.49,FALSE
9,33,ชาย,25,old,b,1,1.2977000007629158,90,44,-48,88,16,-45,28.66666667,19.66666667,9,57.37207993,54.3588897,3.013190235,-48,-45,-3,-0.38,0.1,-0.48,FALSE
9,33,ชาย,26,old,b,1,7.662500000000023,84,27,-36,73,4,-29,25,16,9,49.01020302,42.49705872,6.513144298,-36,-29,-7,-0.06,0.4,-0.46,FALSE
9,33,ชาย,27,old,a,0,1.7615999994278582,85,2,-81,57,52,-76,2,11,-9,67.76921622,61.55214591,6.217070303,-81,-76,-5,0,-0.7,0.7,FALSE
9,33,ชาย,28,old,b,1,2.0120000000000573,64,24,-23,50,35,-20,21.66666667,21.66666667,0,35.55590278,30.09245014,5.463452634,-23,-20,-3,-0.1,-0.58,0.48,FALSE
9,33,ชาย,29,old,b,1,11.4476000003815,88,33,-10,73,59,-3,37,43,-6,40.10818703,33.02524287,7.082944157,-10,-3,-7,0.15,-0.61,0.76,FALSE
9,33,ชาย,30,old,a,0,7.02870000076291,94,70,-40,98,38,-30,41.33333333,35.33333333,6,58.33999962,52.2897908,6.050208816,-40,-30,-10,-0.62,-0.08,-0.54,FALSE
9,33,ชาย,31,old,a,0,1.6961999998092097,93,64,-10,95,40,-6,49,43,6,43.36665386,41.28760912,2.079044738,-10,-6,-4,-0.48,0.11,-0.59,FALSE
9,33,ชาย,32,old,b,1,1.830600000381537,74,43,-22,76,14,-13,31.66666667,25.66666667,6,40.00277768,37.25885428,2.743923402,-22,-13,-9,-0.4,0.44,-0.84,FALSE
9,33,ชาย,33,old,a,0,7.312000000000012,67,19,-22,60,38,-16,21.33333333,27.33333333,-6,36.37153955,31.93048004,4.441059506,-22,-16,-6,0.1,-0.46,0.56,FALSE
9,33,ชาย,34,old,a,0,3.128699999809328,66,31,-13,68,19,-3,28,28,0,32.3213036,29.67602849,2.645275119,-13,-3,-10,-0.14,0.43,-0.57,FALSE
9,33,ชาย,35,old,b,1,6.746199999809278,95,48,-30,71,67,-25,37.66666667,37.66666667,0,51.55148451,44.3421044,7.209380118,-30,-25,-5,-0.29,-0.7,0.41,FALSE
9,33,ชาย,36,old,b,1,1.6786999998091687,83,23,-56,70,49,-51,16.66666667,22.66666667,-6,56.92294987,52.7909925,4.131957375,-56,-51,-5,-0.17,-0.62,0.45,FALSE
9,33,ชาย,37,old,b,1,1.861899999618572,93,31,-8,70,68,-4,38.66666667,44.66666667,-6,41.5879256,34.42221505,7.165710549,-8,-4,-4,0.27,-0.71,0.98,FALSE
9,33,ชาย,38,old,b,1,7.146100000381466,67,11,-13,61,36,-5,21.66666667,30.66666667,-9,33.51948024,27.20702524,6.312455003,-13,-5,-8,0.45,-0.29,0.74,FALSE
9,33,ชาย,39,old,b,1,1.313100000381496,80,72,-12,88,45,-2,46.66666667,43.66666667,3,41.61196409,36.7544404,4.857523695,-12,-2,-10,-0.69,-0.05,-0.64,FALSE
9,33,ชาย,40,old,b,1,1.2796000003814925,63,2,-47,49,23,-45,6,9,-3,44.99629614,39.63163719,5.36465895,-47,-45,-2,0.13,-0.49,0.62,FALSE
9,33,ชาย,41,old,b,1,7.995199999809188,99,35,-16,88,50,-11,39.33333333,42.33333333,-3,47.0484384,40.77853466,6.269903738,-16,-11,-5,0.14,-0.28,0.42,FALSE
9,33,ชาย,42,old,a,0,1.3454000005722264,91,67,-10,95,46,-2,49.33333333,46.33333333,3,43.08389748,39.60078563,3.483111855,-10,-2,-8,-0.55,0.01,-0.56,FALSE
9,33,ชาย,0,new,a,0,3.398800000190704,62,55,-78,93,7,-70,13,10,3,64.41014413,66.57827473,-2.168130606,-78,-70,-8,-0.7,0.07,-0.77,FALSE
9,33,ชาย,1,new,b,1,46.81560000038144,67,58,-29,93,49,-19,32,41,-9,43.28972164,46.07240678,-2.782685138,-29,-19,-10,-0.68,-0.26,-0.42,FALSE
9,33,ชาย,2,new,b,1,46.6155,56,49,-15,84,31,-7,30,36,-6,31.94787421,37.31844941,-5.370575202,-15,-7,-8,-0.68,0.2,-0.88,FALSE
9,33,ชาย,3,new,a,0,1.2303000001907094,41,39,-29,73,26,-21,17,26,-9,32.53715825,38.3753393,-5.838181059,-29,-21,-8,-0.71,0,-0.71,FALSE
9,33,ชาย,4,new,b,1,1.26400000000001,76,38,-12,82,9,-7,34,28,6,36.037018,38.73843914,-2.701421131,-12,-7,-5,-0.17,0.62,-0.79,FALSE
9,33,ชาย,5,new,b,1,6.248099999427836,74,29,-58,96,13,-55,15,18,-3,54.79051013,61.74679479,-6.956284661,-58,-55,-3,-0.37,0.12,-0.49,FALSE
9,33,ชาย,6,new,a,0,1.1296999998091906,59,34,-23,76,30,-18,23.33333333,29.33333333,-6,34.31552936,38.37823457,-4.062705208,-23,-18,-5,-0.44,-0.03,-0.41,FALSE
9,33,ชาย,7,new,a,0,1.1796000003814695,58,27,-28,78,17,-20,19,25,-6,35.56215217,40.40627014,-4.844117975,-28,-20,-8,-0.33,0.29,-0.62,FALSE
9,33,ชาย,8,new,b,1,1.028900000572207,76,31,-39,96,19,-29,22.66666667,28.66666667,-6,47.31689856,51.48678363,-4.169885078,-39,-29,-10,-0.26,0.28,-0.54,FALSE
9,33,ชาย,9,new,a,0,5.39789999961863,86,35,-10,92,6,-5,37,31,6,39.2173431,43.36665386,-4.149310754,-10,-5,-5,0.08,0.67,-0.59,FALSE
9,33,ชาย,10,new,a,0,1.245600000381387,75,51,-33,96,10,-31,31,25,6,46.30334761,52.92132525,-6.617977643,-33,-31,-2,-0.57,0.4,-0.97,FALSE
9,33,ชาย,11,new,a,0,1.2970000000000257,62,43,-86,99,27,-80,6.333333333,15.33333333,-9,65.74867975,73.54061614,-7.79193639,-86,-80,-6,-0.66,-0.23,-0.43,FALSE
9,33,ชาย,12,new,a,0,0.9800000000000182,60,59,-71,98,2,-61,16,13,3,61.51964456,65.37583651,-3.856191956,-71,-61,-10,-0.71,0.25,-0.96,FALSE
9,33,ชาย,13,new,b,1,7.113299999237029,40,34,-14,62,29,-4,20,29,-9,24.16609195,26.94438717,-2.778295223,-14,-4,-10,-0.67,0,-0.67,FALSE
9,33,ชาย,15,new,a,0,7.398400000572337,75,60,-69,99,6,-66,22,13,9,64.63745044,67.54257916,-2.905128718,-69,-66,-3,-0.68,0.15,-0.83,FALSE
9,33,ชาย,16,new,b,1,2.3472000007627685,67,34,-14,82,3,-7,29,26,3,33.2565783,39.80787192,-6.551293622,-14,-7,-7,-0.22,0.67,-0.89,FALSE
9,33,ชาย,17,new,b,1,2.3624999999999545,59,17,-45,75,4,-39,10.33333333,13.33333333,-3,42.71871825,47.00590979,-4.287191544,-45,-39,-6,-0.23,0.29,-0.52,FALSE
9,33,ชาย,18,new,a,0,4.913800000190577,83,52,-36,96,9,-33,33,24,9,50.4050262,53.72150407,-3.31647787,-36,-33,-3,-0.51,0.4,-0.91,FALSE
9,33,ชาย,19,new,a,0,59.79989999961845,83,36,-11,86,2,-7,36,27,9,38.3753393,41.88078318,-3.505443879,-11,-7,-4,0,0.68,-0.68,FALSE
9,33,ชาย,20,new,a,0,71.70120000076281,35,19,-36,66,5,-26,6,15,-9,30.40833219,38.21866909,-7.810336894,-36,-26,-10,-0.56,0.37,-0.93,FALSE
9,33,ชาย,21,new,a,0,144.58909999942784,65,61,-27,97,23,-21,33,33,0,42.45782221,48.68949236,-6.231670156,-27,-21,-6,-0.7,0.3,-1,FALSE
9,33,ชาย,22,new,b,1,0.0314000005721482,62,41,-30,88,24,-21,24.33333333,30.33333333,-6,39.36439452,44.723844,-5.359449486,-30,-21,-9,-0.56,0.21,-0.77,FALSE
9,33,ชาย,23,new,a,0,8.84680000019057,57,33,-39,75,10,-34,17,17,0,40.79215611,44.77350407,-3.981347961,-39,-34,-5,-0.53,0.23,-0.76,FALSE
9,33,ชาย,24,new,b,1,1.1135999994278336,66,55,-73,97,23,-63,16,19,-3,63.09252465,65.38093504,-2.28841039,-73,-63,-10,-0.69,-0.09,-0.6,FALSE
9,33,ชาย,25,new,b,1,9.562399999618492,73,32,-44,95,17,-42,20.33333333,23.33333333,-3,48.47221426,56.10902086,-7.6368066,-44,-42,-2,-0.35,0.17,-0.52,FALSE
9,33,ชาย,26,new,a,0,8.479099999427717,45,40,-49,77,30,-44,12,21,-9,43.18178628,49.80629144,-6.624505153,-49,-44,-5,-0.7,-0.27,-0.43,FALSE
9,33,ชาย,27,new,b,1,2.547899999618494,94,45,-8,97,10,-3,43.66666667,34.66666667,9,41.65199742,44.39469438,-2.74269696,-8,-3,-5,-0.05,0.66,-0.71,FALSE
9,33,ชาย,28,new,a,0,8.064800000190644,74,56,-98,99,2,-96,10.66666667,1.666666667,9,77.18952145,79.60876557,-2.4192441160000002,-98,-96,-2,-0.68,-0.01,-0.67,FALSE
9,33,ชาย,29,new,a,0,1.6802000007630795,61,33,-4,66,7,-1,30,24,6,26.62079388,29.87752779,-3.25673391,-4,-1,-3,-0.17,0.67,-0.84,FALSE
9,33,ชาย,30,new,b,1,1.129699999809418,70,31,-60,87,5,-51,13.66666667,13.66666667,0,54.46915539,56.6705881,-2.20143271,-60,-51,-9,-0.45,0.23,-0.68,FALSE
9,33,ชาย,31,new,a,0,9.16160000038144,63,62,-52,88,34,-49,24.33333333,24.33333333,0,53.97736151,56.34615239,-2.368790878,-52,-49,-3,-0.71,-0.25,-0.46,FALSE
9,33,ชาย,32,new,b,1,1.5457000007627355,72,24,-26,91,16,-19,23.33333333,29.33333333,-6,40.01110957,45.88633299,-5.875223425,-26,-19,-7,-0.02,0.41,-0.43,FALSE
9,33,ชาย,33,new,a,0,1.0954000005722264,59,53,-70,91,2,-60,14,11,3,59.44745579,61.97311245,-2.525656659,-70,-60,-10,-0.7,0.21,-0.91,FALSE
9,33,ชาย,34,new,a,0,6.231199999809178,84,38,-47,98,2,-43,25,19,6,54.26478293,58.80476171,-4.53997878,-47,-43,-4,-0.35,0.41,-0.76,FALSE
9,33,ชาย,35,new,a,0,0.9629000005720628,71,36,-38,93,11,-35,23,23,0,45.43860326,52.94021786,-7.501614591,-38,-35,-3,-0.41,0.33,-0.74,FALSE
9,33,ชาย,36,new,a,0,0.7301999998094288,51,25,-16,72,5,-8,20,23,-3,27.58018612,35.05234181,-7.47215569,-16,-8,-8,-0.27,0.63,-0.9,FALSE
9,33,ชาย,37,new,b,1,9.248000000000047,56,39,-80,86,11,-73,5,8,-3,60.50344343,64.94613152,-4.442688096,-80,-73,-7,-0.67,-0.07,-0.6,FALSE
9,33,ชาย,38,new,b,1,2.22849999999994,85,45,-46,95,4,-42,28,19,9,54.81483984,56.92685365,-2.112013812,-46,-42,-4,-0.44,0.38,-0.82,FALSE
9,33,ชาย,39,new,a,0,6.096600000381613,65,35,-38,81,15,-34,20.66666667,20.66666667,0,43.25377312,47.1192341,-3.865460983,-38,-34,-4,-0.46,0.18,-0.64,FALSE
9,33,ชาย,40,new,a,0,1.5463000001907403,82,33,-22,91,7,-14,31,28,3,42.48136847,45.36518489,-2.883816424,-22,-14,-8,-0.07,0.6,-0.67,FALSE
9,33,ชาย,41,new,a,0,1.3134999999999764,82,41,-36,94,3,-28,29,23,6,48.91489207,51.77515492,-2.860262842,-36,-28,-8,-0.35,0.52,-0.87,FALSE
9,33,ชาย,42,new,b,1,0.7944999999999709,73,35,-13,82,8,-4,31.66666667,28.66666667,3,35.18838192,38.02922853,-2.840846604,-13,-4,-9,-0.14,0.65,-0.79,FALSE
9,33,ชาย,0,old,b,1,2.554500000000189,46,32,-39,42,9,-30,13,7,6,37.21110945,29.42787794,7.783231513,-39,-30,-9,-0.63,-0.1,-0.53,FALSE
9,33,ชาย,1,old,b,1,2.5638999996185703,53,8,-35,40,19,-33,8.666666667,8.666666667,0,35.92894222,30.68477726,5.244164957,-35,-33,-2,0.03,-0.47,0.5,FALSE
9,33,ชาย,2,old,a,0,21.29680000019084,78,43,-10,60,54,-3,37,37,0,36.17549815,28.39013913,7.785359021,-10,-3,-7,-0.24,-0.68,0.44,FALSE
9,33,ชาย,3,old,b,1,1.0301000003814806,53,40,-11,50,25,-2,27.33333333,24.33333333,3,27.62044331,21.23414441,6.386298903,-11,-2,-9,-0.59,-0.05,-0.54,FALSE
9,33,ชาย,5,old,b,1,21.09829999923704,58,38,-11,53,25,-2,28.33333333,25.33333333,3,28.98658694,22.45489306,6.531693879,-11,-2,-9,-0.46,0.02,-0.48,FALSE
9,33,ชาย,6,old,b,1,1.4629000005720627,65,13,-18,61,36,-10,20,29,-9,34.24422092,29.40521496,4.839005967,-18,-10,-8,0.3,-0.34,0.64,FALSE
9,33,ชาย,7,old,a,0,9.564000000000078,57,19,-12,42,29,-7,21.33333333,21.33333333,0,28.21740991,20.72572208,7.491687838,-12,-7,-5,0.12,-0.5,0.62,FALSE
9,33,ชาย,8,old,a,0,7.380400000572308,73,52,-43,84,13,-33,27.33333333,21.33333333,6,50.4667107,48.12714642,2.339564283,-43,-33,-10,-0.62,0.25,-0.87,FALSE
9,33,ชาย,9,old,b,1,2.7296000003814243,99,52,-13,90,75,-9,46,52,-6,45.92022067,43.56604182,2.354178852,-13,-9,-4,-0.19,-0.64,0.45,FALSE
9,33,ชาย,10,old,b,1,1.247000000000071,85,68,-15,91,43,-5,46,43,3,43.68828981,39.19183588,4.496453927,-15,-5,-10,-0.63,0,-0.63,FALSE
9,33,ชาย,11,old,a,0,6.662800000190828,79,63,-12,80,36,-4,43.33333333,37.33333333,6,39.6680672,34.30581421,5.362252988,-12,-4,-8,-0.62,0.06,-0.68,FALSE
9,33,ชาย,12,old,a,0,1.5296999998092815,79,16,-61,58,42,-57,11.33333333,14.33333333,-3,57.24993935,50.86146762,6.388471726,-61,-57,-4,-0.12,-0.65,0.53,FALSE
9,33,ชาย,13,old,b,1,1.3306000003813097,70,51,-43,75,10,-34,26,17,9,49.40310382,44.77350407,4.629599747,-43,-34,-9,-0.63,0.23,-0.86,FALSE
9,33,ชาย,14,old,a,0,11.53190000057225,82,11,-76,60,51,-67,5.666666667,14.66666667,-9,64.61338011,57.86382482,6.749555292,-76,-67,-9,-0.12,-0.69,0.57,FALSE
9,33,ชาย,15,old,a,0,23.18100000000004,46,30,-55,47,6,-50,7,1,6,44.32456054,39.75759885,4.566961681,-55,-50,-5,-0.64,-0.19,-0.45,FALSE
9,33,ชาย,16,old,b,1,7.430500000000165,77,69,-21,82,39,-14,41.66666667,35.66666667,6,44.43222054,39.26264835,5.16957219,-21,-14,-7,-0.69,-0.13,-0.56,FALSE
9,33,ชาย,17,old,b,1,1.262800000190737,98,58,-16,96,41,-6,46.66666667,43.66666667,3,47.22522866,41.6839964,5.541232266,-16,-6,-10,-0.35,0.1,-0.45,FALSE
9,33,ชาย,18,old,b,1,7.697100000381624,82,31,-53,64,62,-48,20,26,-6,55.6596802,52.33227175,3.327408449,-53,-48,-5,-0.29,-0.71,0.42,FALSE
9,33,ชาย,19,old,a,0,2.280899999618441,48,21,-20,41,36,-10,16.33333333,22.33333333,-6,27.95631513,22.9540604,5.002254727,-20,-10,-10,-0.25,-0.68,0.43,FALSE
9,33,ชาย,20,old,a,0,7.879800000190698,61,12,-35,44,34,-31,12.66666667,15.66666667,-3,39.19467084,33.24989557,5.944775267,-35,-31,-4,0.03,-0.66,0.69,FALSE
9,33,ชาย,21,old,b,1,0.8801999998092924,74,5,-55,57,19,-52,8,8,0,52.70673581,45.17373868,7.532997129,-55,-52,-3,0.09,-0.35,0.44,FALSE
9,33,ชาย,22,old,a,0,1.2642000007629122,80,43,-35,75,18,-32,29.33333333,20.33333333,9,47.93282336,43.71371511,4.219108251,-35,-32,-3,-0.4,0.08,-0.48,FALSE
9,33,ชาย,23,old,a,0,9.497000000000073,79,40,-26,73,13,-20,31,22,9,43.33589736,38.49675311,4.83914425,-26,-20,-6,-0.3,0.34,-0.64,FALSE
9,33,ชาย,24,old,a,0,1.2471000003813515,92,2,-70,66,50,-65,8,17,-9,66.2721661,58.34952156,7.92264454,-70,-65,-5,0.14,-0.67,0.81,FALSE
9,33,ชาย,25,old,b,1,1.6631999998091942,98,42,-26,70,68,-24,38,38,0,50.70174224,43.84822307,6.853519172,-26,-24,-2,-0.12,-0.71,0.59,FALSE
9,33,ชาย,26,old,a,0,9.513500000000022,70,57,-28,78,40,-19,33,33,0,43.45879274,39.90822806,3.550564686,-28,-19,-9,-0.66,-0.26,-0.4,FALSE
9,33,ชาย,27,old,a,0,11.297100000381532,79,13,-40,74,33,-37,17.33333333,23.33333333,-6,48.67808085,45.82818153,2.849899325,-40,-37,-3,0.13,-0.31,0.44,FALSE
9,33,ชาย,28,old,a,0,9.013899999618388,57,44,-13,53,29,-3,29.33333333,26.33333333,3,30.40102337,22.93953405,7.461489329,-13,-3,-10,-0.61,-0.17,-0.44,FALSE
9,33,ชาย,29,old,b,1,0.996199999809278,59,9,-67,40,31,-61,0.333333333,3.333333333,-3,51.80304581,45.63867755,6.164368259,-67,-61,-6,-0.25,-0.69,0.44,FALSE
9,33,ชาย,30,old,b,1,1.263699999809205,79,64,-29,81,28,-22,38,29,9,47.77028365,42.05551886,5.714764789,-29,-22,-7,-0.66,0.04,-0.7,FALSE
9,33,ชาย,31,old,a,0,5.03119999980936,91,22,-54,72,61,-47,19.66666667,28.66666667,-9,59.21899095,53.69254035,5.526450601,-54,-47,-7,-0.06,-0.68,0.62,FALSE
9,33,ชาย,32,old,b,1,28.730699999809303,60,5,-41,53,30,-32,8,17,-9,41.28760912,35.89800366,5.389605459,-41,-32,-9,0.11,-0.5,0.61,FALSE
9,33,ชาย,33,old,a,0,19.198600000381475,65,57,-40,69,18,-32,27.33333333,18.33333333,9,47.72374205,41.23375101,6.489991045,-40,-32,-8,-0.69,0.01,-0.7,FALSE
9,33,ชาย,34,old,b,1,1.0468000001908422,48,3,-24,46,23,-15,9,18,-9,29.69848481,25.15286597,4.545618837,-24,-15,-9,0.29,-0.29,0.58,FALSE
9,33,ชาย,35,old,b,1,1.0310000000001764,96,19,-78,77,43,-74,12.33333333,15.33333333,-3,71.19144768,64.67525716,6.516190515,-78,-74,-4,-0.14,-0.56,0.42,FALSE
9,33,ชาย,36,old,b,1,0.9966999998093796,91,79,-11,99,39,-6,53,44,9,45.51922671,43.01162634,2.507600372,-11,-6,-5,-0.67,0.17,-0.84,FALSE
9,33,ชาย,37,old,a,0,9.331099999427806,87,78,-16,94,52,-6,49.66666667,46.66666667,3,46.57848812,40.99864496,5.579843156,-16,-6,-10,-0.69,-0.19,-0.5,FALSE
9,33,ชาย,38,old,a,0,1.2625000000000457,74,21,-46,56,42,-40,16.33333333,19.33333333,-3,49.10080334,42.34251869,6.758284654,-46,-40,-6,-0.14,-0.65,0.51,FALSE
9,33,ชาย,39,old,a,0,6.8299000005720245,64,62,-48,70,29,-39,26,20,6,52.33227175,44.95182607,7.380445685,-48,-39,-9,-0.71,-0.29,-0.42,FALSE
9,33,ชาย,40,old,a,0,1.9635000000000675,56,8,-52,40,33,-43,4,10,-6,44.18144407,37.58545818,6.595985888,-52,-43,-9,-0.14,-0.69,0.55,FALSE
9,33,ชาย,41,old,a,0,6.831100000381412,63,16,-47,44,40,-43,10.66666667,13.66666667,-3,45.0653846,40.10264608,4.962738522,-47,-43,-4,-0.18,-0.7,0.52,FALSE
9,33,ชาย,42,old,b,1,1.7466999998093795,85,24,-45,67,54,-39,21.33333333,27.33333333,-6,53.10576449,47.20404879,5.901715701,-45,-39,-6,-0.08,-0.67,0.59,FALSE
9,33,ชาย,0,new,a,0,2.7874000005722337,72,24,-83,93,6,-77,4.333333333,7.333333333,-3,64.78854494,69.40861298,-4.620068037,-83,-77,-6,-0.43,0.03,-0.46,FALSE
9,33,ชาย,1,new,a,0,1.3300000000001546,82,49,-19,98,16,-11,37.33333333,34.33333333,3,42.05023451,46.34891824,-4.298683734,-19,-11,-8,-0.39,0.53,-0.92,FALSE
9,33,ชาย,2,new,a,0,0.9146999998092724,37,15,-44,59,10,-34,2.666666667,11.66666667,-9,34.19876541,37.9853773,-3.786611894,-44,-34,-10,-0.49,0.07,-0.56,FALSE
9,33,ชาย,3,new,a,0,31.098300000190875,53,40,-78,88,6,-70,5,8,-3,58.92933621,64.51873113,-5.589394916,-78,-70,-8,-0.68,0.05,-0.73,FALSE
9,33,ชาย,4,new,b,1,3.664099999427663,38,17,-31,62,16,-27,8,17,-9,28.87905816,36.34097779,-7.461919633,-31,-27,-4,-0.44,0.04,-0.48,FALSE
9,33,ชาย,5,new,a,0,1.2803000001908913,86,41,-34,96,4,-25,31,25,6,49.49747468,51.58165048,-2.084175801,-34,-25,-9,-0.29,0.54,-0.83,FALSE
9,33,ชาย,6,new,a,0,8.3129000005722,72,42,-20,78,6,-17,31.33333333,22.33333333,9,38.30868773,40.46672158,-2.158033852,-20,-17,-3,-0.4,0.54,-0.94,FALSE
9,33,ชาย,7,new,b,1,1.3611000003816116,54,51,-50,87,14,-46,18.33333333,18.33333333,0,48.33448274,54.3834125,-6.048929759,-50,-46,-4,-0.71,0.12,-0.83,FALSE
9,33,ชาย,9,new,b,1,1.8614999999999784,85,51,-7,92,14,-4,43,34,9,37.98245209,41.66533331,-3.682881223,-7,-4,-3,-0.31,0.61,-0.92,FALSE
9,33,ชาย,10,new,b,1,9.06399999999985,56,21,-48,76,2,-40,9.666666667,12.66666667,-3,43.20750964,47.95368136,-4.74617172,-48,-40,-8,-0.38,0.32,-0.7,FALSE
9,33,ชาย,11,new,a,0,2.3792000007629213,32,24,-44,60,15,-36,4,13,-9,34.09789827,39.2173431,-5.119444829,-44,-36,-8,-0.68,-0.08,-0.6,FALSE
9,33,ชาย,12,new,a,0,8.162700000762925,47,44,-54,78,9,-50,12.33333333,12.33333333,0,46.92073695,52.3089115,-5.388174553,-54,-50,-4,-0.7,0.1,-0.8,FALSE
9,33,ชาย,13,new,a,0,8.530200000762989,43,31,-49,75,8,-40,8.333333333,14.33333333,-6,40.83571422,47.16166051,-6.325946295,-49,-40,-9,-0.66,0.2,-0.86,FALSE
9,33,ชาย,14,new,b,1,1.9789000005723665,54,34,-67,84,8,-62,7,10,-3,52.95910372,59.62102537,-6.661921656,-67,-62,-5,-0.63,0.05,-0.68,FALSE
9,33,ชาย,15,new,a,0,1.3797000007630231,79,50,-10,95,17,-2,39.66666667,36.66666667,3,37.06151043,41.97088938,-4.90937895,-10,-2,-8,-0.4,0.6,-1,FALSE
9,33,ชาย,16,new,a,0,6.413000000000011,71,38,-70,91,1,-62,13,10,3,60.21627687,62.78534861,-2.56907174,-70,-62,-8,-0.55,0.21,-0.76,FALSE
9,33,ชาย,17,new,a,0,2.162900000572108,44,31,-57,70,16,-50,6,12,-6,44.86275367,49.07137659,-4.208622918,-57,-50,-7,-0.66,-0.12,-0.54,FALSE
9,33,ชาย,18,new,b,1,10.980800000190584,80,48,-26,89,7,-21,34,25,9,44.39219151,46.6761895,-2.283997999,-26,-21,-5,-0.44,0.52,-0.96,FALSE
9,33,ชาย,19,new,b,1,1.0968000001907967,31,25,-52,57,4,-48,1.333333333,4.333333333,-3,37.79182745,42.86671851,-5.074891054,-52,-48,-4,-0.69,0.01,-0.7,FALSE
9,33,ชาย,20,new,a,0,7.246399999618461,86,32,-13,90,5,-8,35,29,6,40.47221269,43.45879274,-2.986580053,-13,-8,-5,0.11,0.66,-0.55,FALSE
9,33,ชาย,21,new,a,0,0.945199999809347,88,50,-27,96,11,-23,37,28,9,47.84001115,50.04664491,-2.206633761,-27,-23,-4,-0.39,0.47,-0.86,FALSE
9,33,ชาย,22,new,b,1,0.7635999994276972,73,53,-41,99,7,-39,28.33333333,22.33333333,6,49.70133019,57.37207993,-7.670749745,-41,-39,-2,-0.62,0.38,-1,FALSE
9,33,ชาย,23,new,a,0,0.7793999996183629,42,23,-11,63,18,-9,18,24,-6,21.92411154,29.69848481,-7.774373273,-11,-9,-2,-0.33,0.29,-0.62,FALSE
9,33,ชาย,24,new,a,0,8.029799999236957,87,54,-16,96,14,-12,41.66666667,32.66666667,9,42.94440851,46.02414825,-3.079739742,-16,-12,-4,-0.41,0.54,-0.95,FALSE
9,33,ชาย,25,new,a,0,1.6466999998092433,73,23,-91,92,2,-89,1.666666667,1.666666667,0,68.63105873,73.89331649,-5.262257764,-91,-89,-2,-0.44,-0.01,-0.43,FALSE
9,33,ชาย,26,new,b,1,6.979800000190608,44,36,-47,66,12,-45,11,11,0,41.14203041,45.32107677,-4.17904636,-47,-45,-2,-0.69,-0.03,-0.66,FALSE
9,33,ชาย,27,new,a,0,1.6630999994276865,68,60,-38,99,37,-28,30,36,-6,48.19405219,51.85235449,-3.658302303,-38,-28,-10,-0.69,-0.03,-0.66,FALSE
9,33,ชาย,28,new,a,0,1.7970000000000257,59,30,-17,77,20,-7,24,30,-6,31.31559782,35.0142828,-3.698684983,-17,-7,-10,-0.28,0.41,-0.69,FALSE
9,33,ชาย,29,new,b,1,6.096600000381386,66,47,-58,95,21,-52,18.33333333,21.33333333,-3,54.53031777,60.01296156,-5.482643798,-58,-52,-6,-0.64,0.01,-0.65,FALSE
9,33,ชาย,30,new,a,0,1.413400000571983,69,50,-40,89,13,-32,26.33333333,23.33333333,3,47.54179448,49.93551397,-2.393719493,-40,-32,-8,-0.62,0.3,-0.92,FALSE
9,33,ชาย,31,new,a,0,14.814300000190997,78,57,-50,98,6,-46,28.33333333,19.33333333,9,56.04958123,59.5389695,-3.489388273,-50,-46,-4,-0.63,0.32,-0.95,FALSE
9,33,ชาย,32,new,b,1,2.213300000190884,80,38,-19,90,6,-15,33,27,6,40.57092555,45.36518489,-4.794259339,-19,-15,-4,-0.18,0.6,-0.78,FALSE
9,33,ชาย,33,new,b,1,1.497699999809356,45,26,-62,73,18,-55,3,12,-9,46.61187259,52.42772803,-5.815855439,-62,-55,-7,-0.62,-0.17,-0.45,FALSE
9,33,ชาย,34,new,b,1,0.9281999998092942,89,36,-51,98,7,-49,24.66666667,18.66666667,6,57.71385353,60.5768566,-2.863003074,-51,-49,-2,-0.29,0.28,-0.57,FALSE
9,33,ชาย,35,new,a,0,2.0461999998092324,58,27,-46,74,5,-40,13,13,0,43.59663596,46.88283268,-3.286196723,-46,-40,-6,-0.45,0.25,-0.7,FALSE
9,33,ชาย,36,new,a,0,0.8620999994277554,68,52,-62,94,9,-54,19.33333333,16.33333333,3,57.88110419,60.64285247,-2.761748279,-62,-54,-8,-0.67,0.18,-0.85,FALSE
9,33,ชาย,37,new,a,0,1.8793999996187267,62,44,-43,91,27,-37,21,27,-6,45.84757355,52.25578118,-6.408207634,-43,-37,-6,-0.63,0,-0.63,FALSE
9,33,ชาย,38,new,b,1,1.0461000003811023,49,45,-36,87,24,-26,19.33333333,28.33333333,-9,39.16063783,46.23370584,-7.073068005,-36,-26,-10,-0.7,0.14,-0.84,FALSE
9,33,ชาย,39,new,b,1,1.3803999996184757,69,45,-22,90,19,-17,30.66666667,30.66666667,0,38.50829636,44.45472103,-5.94642467,-22,-17,-5,-0.51,0.38,-0.89,FALSE
9,33,ชาย,40,new,b,1,1.4298000001908804,38,36,-51,71,20,-41,7.666666667,16.66666667,-9,41.49163236,45.78451946,-4.292887105,-51,-41,-10,-0.71,-0.11,-0.6,FALSE
9,33,ชาย,41,new,b,1,1.1289999999999054,73,45,-52,99,1,-43,22,19,3,53.55993528,59.35205697,-5.792121696,-52,-43,-9,-0.56,0.43,-0.99,FALSE
9,33,ชาย,42,new,b,1,6.080699999808985,75,48,-36,95,7,-33,29,23,6,47.26520919,53.46650042,-6.201291223,-36,-33,-3,-0.54,0.42,-0.96,FALSE
10,51,male,0,old,b,1,24.764299999982143,67,11,-13,61,36,-5,21.66666667,30.66666667,-9,33.51948024,27.20702524,6.312455003,-13,-5,-8,0.45,-0.29,0.74,FALSE
10,51,male,1,old,a,0,99.18140000000602,70,12,-66,45,34,-63,5.333333333,5.333333333,0,55.72152985,48.52719741,7.194332436,-66,-63,-3,-0.18,-0.68,0.5,FALSE
10,51,male,2,old,b,1,56.58469999998806,77,25,-58,53,45,-54,14.66666667,14.66666667,0,55.59576323,48.66438351,6.93137972,-58,-54,-4,-0.27,-0.69,0.42,FALSE
10,51,male,3,old,b,1,20.533599999993957,80,2,-60,69,30,-50,7.333333333,16.33333333,-9,57.27904406,49.5333782,7.745665868,-60,-50,-10,0.14,-0.39,0.53,FALSE
10,51,male,4,old,b,1,14.47709999999404,88,33,-10,73,59,-3,37,43,-6,40.10818703,33.02524287,7.082944157,-10,-3,-7,0.15,-0.61,0.76,FALSE
10,51,male,5,old,b,1,77.17959999999402,99,51,-13,95,36,-3,45.66666667,42.66666667,3,45.87906809,40.28509512,5.59397297,-13,-3,-10,-0.17,0.24,-0.41,FALSE
10,51,male,6,old,b,1,25.117199999988088,80,10,-63,59,46,-60,9,15,-6,58.3837877,53.2979049,5.085882805,-63,-60,-3,-0.03,-0.68,0.65,FALSE
10,51,male,7,old,b,1,12.699900000005982,93,31,-8,70,68,-4,38.66666667,44.66666667,-6,41.5879256,34.42221505,7.165710549,-8,-4,-4,0.27,-0.71,0.98,FALSE
10,51,male,8,old,b,1,11.379599999993957,85,2,-81,57,52,-76,2,11,-9,67.76921622,61.55214591,6.217070303,-81,-76,-5,0,-0.7,0.7,FALSE
10,51,male,9,old,a,0,28.637400000005982,84,27,-36,73,4,-29,25,16,9,49.01020302,42.49705872,6.513144298,-36,-29,-7,-0.06,0.4,-0.46,FALSE
10,51,male,11,old,b,1,11.97630000001186,67,19,-22,60,38,-16,21.33333333,27.33333333,-6,36.37153955,31.93048004,4.441059506,-22,-16,-6,0.1,-0.46,0.56,FALSE
10,51,male,12,old,b,1,20.658999999999992,66,31,-13,68,19,-3,28,28,0,32.3213036,29.67602849,2.645275119,-13,-3,-10,-0.14,0.43,-0.57,FALSE
10,51,male,13,old,b,1,17.48700000000008,80,72,-12,88,45,-2,46.66666667,43.66666667,3,41.61196409,36.7544404,4.857523695,-12,-2,-10,-0.69,-0.05,-0.64,FALSE
10,51,male,14,old,b,1,13.203400000006011,75,4,-67,57,43,-61,4,13,-9,57.97125725,52.63712252,5.334134731,-67,-61,-6,0,-0.67,0.67,FALSE
10,51,male,15,old,b,1,22.241600000023823,83,23,-56,70,49,-51,16.66666667,22.66666667,-6,56.92294987,52.7909925,4.131957375,-56,-51,-5,-0.17,-0.62,0.45,FALSE
10,51,male,16,old,b,1,20.29840000000604,93,58,-8,94,41,-1,47.66666667,44.66666667,3,41.87547678,38.87015422,3.005322563,-8,-1,-7,-0.36,0.14,-0.5,FALSE
10,51,male,17,old,b,1,24.269499999999997,93,64,-10,95,40,-6,49,43,6,43.36665386,41.28760912,2.079044738,-10,-6,-4,-0.48,0.11,-0.59,FALSE
10,51,male,18,old,b,1,14.374900000005937,92,60,-21,99,43,-11,43.66666667,43.66666667,0,47.55581516,44.90978611,2.646029045,-21,-11,-10,-0.47,0.02,-0.49,FALSE
10,51,male,19,old,a,0,32.75199999999995,97,58,-61,98,20,-51,31.33333333,22.33333333,9,67.20284386,60.85136719,6.351476665,-61,-51,-10,-0.53,0.06,-0.59,FALSE
10,51,male,20,old,a,0,52.527399999976296,56,42,-72,65,9,-66,8.666666667,2.666666667,6,57.32558087,53.66770185,3.657879018,-72,-66,-6,-0.68,-0.18,-0.5,FALSE
10,51,male,21,old,a,0,20.480300000011997,94,70,-40,98,38,-30,41.33333333,35.33333333,6,58.33999962,52.2897908,6.050208816,-40,-30,-10,-0.62,-0.08,-0.54,FALSE
10,51,male,22,old,b,1,20.04720000001771,53,9,-17,37,30,-13,15,18,-3,28.89059824,22.10580618,6.784792065,-17,-13,-4,0.3,-0.65,0.95,FALSE
10,51,male,23,old,a,0,23.492400000006,74,43,-22,76,14,-13,31.66666667,25.66666667,6,40.00277768,37.25885428,2.743923402,-22,-13,-9,-0.4,0.44,-0.84,FALSE
10,51,male,24,old,a,0,11.068699999988212,91,54,-88,96,14,-80,19,10,9,77.1535266,71.90734779,5.246178806,-88,-80,-8,-0.59,-0.08,-0.51,FALSE
10,51,male,25,old,a,0,10.558099999994056,91,81,-24,99,44,-22,49.33333333,40.33333333,9,52.01495511,49.46603773,2.548917383,-24,-22,-2,-0.69,-0.11,-0.58,FALSE
10,51,male,26,old,b,1,33.384800000011865,91,67,-10,95,46,-2,49.33333333,46.33333333,3,43.08389748,39.60078563,3.483111855,-10,-2,-8,-0.55,0.01,-0.56,FALSE
10,51,male,27,old,b,1,12.453800000011825,76,3,-64,59,38,-55,5,14,-9,57.17225434,49.53786431,7.634390037,-64,-55,-9,0.05,-0.61,0.66,FALSE
10,51,male,28,old,b,1,11.026499999999942,69,24,-23,60,43,-15,23.33333333,29.33333333,-6,37.56180093,32.10745846,5.454342465,-23,-15,-8,-0.03,-0.56,0.53,FALSE
10,51,male,29,old,b,1,11.684599999993909,88,17,-44,82,43,-37,20.33333333,29.33333333,-9,53.94029621,49.5333782,4.406918017,-44,-37,-7,0.09,-0.39,0.48,FALSE
10,51,male,30,old,b,1,19.909300000011854,98,41,-24,75,68,-19,38.33333333,41.33333333,-3,49.8419725,42.75771535,7.084257142,-24,-19,-5,-0.08,-0.69,0.61,FALSE
10,51,male,31,old,b,1,15.88510000002384,53,8,-34,41,23,-28,9,12,-3,35.52463934,29.22327839,6.301360944,-34,-28,-6,0.04,-0.51,0.55,FALSE
10,51,male,32,old,b,1,11.532800000011775,63,2,-47,49,23,-45,6,9,-3,44.99629614,39.63163719,5.36465895,-47,-45,-2,0.13,-0.49,0.62,FALSE
10,51,male,33,old,b,1,10.06899999999996,83,50,-11,85,29,-1,40.66666667,37.66666667,3,38.93869826,35.64017708,3.298521182,-11,-1,-10,-0.35,0.35,-0.7,FALSE
10,51,male,34,old,a,0,77.97880000001192,64,24,-23,50,35,-20,21.66666667,21.66666667,0,35.55590278,30.09245014,5.463452634,-23,-20,-3,-0.1,-0.58,0.48,FALSE
10,51,male,35,old,a,0,23.781699999988177,81,24,-16,74,4,-7,29.66666667,23.66666667,6,39.80228916,35.8732336,3.929055559,-16,-7,-9,0.21,0.66,-0.45,FALSE
10,51,male,36,old,b,1,14.354000000000042,55,15,-13,42,31,-7,19,22,-3,27.90459938,20.99206199,6.91253739,-13,-7,-6,0.21,-0.56,0.77,FALSE
10,51,male,37,old,a,0,12.893499999999904,68,25,-12,60,2,-8,27,18,9,32.69046752,29.97776954,2.712697979,-12,-8,-4,0.09,0.65,-0.56,FALSE
10,51,male,38,old,b,1,23.057699999988245,99,35,-16,88,50,-11,39.33333333,42.33333333,-3,47.0484384,40.77853466,6.269903738,-16,-11,-5,0.14,-0.28,0.42,FALSE
10,51,male,39,old,a,0,9.14120000001776,90,44,-48,88,16,-45,28.66666667,19.66666667,9,57.37207993,54.3588897,3.013190235,-48,-45,-3,-0.38,0.1,-0.48,FALSE
10,51,male,40,old,a,0,13.757500000000164,61,54,-82,79,11,-75,11,5,6,65.82299497,63.01322612,2.809768844,-82,-75,-7,-0.7,-0.14,-0.56,FALSE
10,51,male,41,old,b,1,40.487399999976105,95,48,-30,71,67,-25,37.66666667,37.66666667,0,51.55148451,44.3421044,7.209380118,-30,-25,-5,-0.29,-0.7,0.41,FALSE
10,51,male,42,old,b,1,13.61240000000612,91,75,-12,94,55,-4,51.33333333,48.33333333,3,45.25728916,40.28509512,4.97219404,-12,-4,-8,-0.64,-0.24,-0.4,FALSE
10,51,male,0,new,a,0,31.082199999988237,75,51,-33,96,10,-31,31,25,6,46.30334761,52.92132525,-6.617977643,-33,-31,-2,-0.57,0.4,-0.97,FALSE
10,51,male,1,new,b,1,26.080999999999904,71,36,-38,93,11,-35,23,23,0,45.43860326,52.94021786,-7.501614591,-38,-35,-3,-0.41,0.33,-0.74,FALSE
10,51,male,2,new,a,0,19.517699999988054,73,35,-13,82,8,-4,31.66666667,28.66666667,3,35.18838192,38.02922853,-2.840846604,-13,-4,-9,-0.14,0.65,-0.79,FALSE
10,51,male,3,new,a,0,14.368099999994,62,55,-78,93,7,-70,13,10,3,64.41014413,66.57827473,-2.168130606,-78,-70,-8,-0.7,0.07,-0.77,FALSE
10,51,male,4,new,b,1,19.87990000000582,45,40,-49,77,30,-44,12,21,-9,43.18178628,49.80629144,-6.624505153,-49,-44,-5,-0.7,-0.27,-0.43,FALSE
10,51,male,5,new,b,1,14.49340000000575,62,41,-30,88,24,-21,24.33333333,30.33333333,-6,39.36439452,44.723844,-5.359449486,-30,-21,-9,-0.56,0.21,-0.77,FALSE
10,51,male,6,new,b,1,16.166699999988168,59,34,-23,76,30,-18,23.33333333,29.33333333,-6,34.31552936,38.37823457,-4.062705208,-23,-18,-5,-0.44,-0.03,-0.41,FALSE
10,51,male,7,new,a,0,8.976800000011963,86,35,-10,92,6,-5,37,31,6,39.2173431,43.36665386,-4.149310754,-10,-5,-5,0.08,0.67,-0.59,FALSE
10,51,male,8,new,b,1,24.07159999999408,65,61,-27,97,23,-21,33,33,0,42.45782221,48.68949236,-6.231670156,-27,-21,-6,-0.7,0.3,-1,FALSE
10,51,male,9,new,a,0,6.920900000005986,61,33,-4,66,7,-1,30,24,6,26.62079388,29.87752779,-3.25673391,-4,-1,-3,-0.17,0.67,-0.84,FALSE
10,51,male,10,new,b,1,18.44370000001777,51,25,-16,72,5,-8,20,23,-3,27.58018612,35.05234181,-7.47215569,-16,-8,-8,-0.27,0.63,-0.9,FALSE
10,51,male,11,new,a,0,5.472300000011728,83,36,-11,86,2,-7,36,27,9,38.3753393,41.88078318,-3.505443879,-11,-7,-4,0,0.68,-0.68,FALSE
10,51,male,12,new,a,0,4.81450000000018,85,45,-46,95,4,-42,28,19,9,54.81483984,56.92685365,-2.112013812,-46,-42,-4,-0.44,0.38,-0.82,FALSE
10,51,male,13,new,b,1,22.2666000000238,73,32,-44,95,17,-42,20.33333333,23.33333333,-3,48.47221426,56.10902086,-7.6368066,-44,-42,-2,-0.35,0.17,-0.52,FALSE
10,51,male,14,new,a,0,24.30600000000004,70,31,-60,87,5,-51,13.66666667,13.66666667,0,54.46915539,56.6705881,-2.20143271,-60,-51,-9,-0.45,0.23,-0.68,FALSE
10,51,male,15,new,a,0,10.422000000000024,60,59,-71,98,2,-61,16,13,3,61.51964456,65.37583651,-3.856191956,-71,-61,-10,-0.71,0.25,-0.96,FALSE
10,51,male,16,new,a,0,6.616599999994151,94,45,-8,97,10,-3,43.66666667,34.66666667,9,41.65199742,44.39469438,-2.74269696,-8,-3,-5,-0.05,0.66,-0.71,FALSE
10,51,male,17,new,a,0,5.431599999994205,83,52,-36,96,9,-33,33,24,9,50.4050262,53.72150407,-3.31647787,-36,-33,-3,-0.51,0.4,-0.91,FALSE
10,51,male,18,new,b,1,10.994100000023993,56,39,-80,86,11,-73,5,8,-3,60.50344343,64.94613152,-4.442688096,-80,-73,-7,-0.67,-0.07,-0.6,FALSE
10,51,male,19,new,a,0,6.838400000006004,76,38,-12,82,9,-7,34,28,6,36.037018,38.73843914,-2.701421131,-12,-7,-5,-0.17,0.62,-0.79,FALSE
10,51,male,20,new,b,1,8.187800000011748,62,43,-86,99,27,-80,6.333333333,15.33333333,-9,65.74867975,73.54061614,-7.79193639,-86,-80,-6,-0.66,-0.23,-0.43,FALSE
10,51,male,22,new,b,1,5.751400000006015,58,27,-28,78,17,-20,19,25,-6,35.56215217,40.40627014,-4.844117975,-28,-20,-8,-0.33,0.29,-0.62,FALSE
10,51,male,23,new,b,1,5.8811999999879845,72,24,-26,91,16,-19,23.33333333,29.33333333,-6,40.01110957,45.88633299,-5.875223425,-26,-19,-7,-0.02,0.41,-0.43,FALSE
10,51,male,24,new,b,1,3.242799999982026,41,39,-29,73,26,-21,17,26,-9,32.53715825,38.3753393,-5.838181059,-29,-21,-8,-0.71,0,-0.71,FALSE
10,51,male,25,new,b,1,7.242099999994252,67,58,-29,93,49,-19,32,41,-9,43.28972164,46.07240678,-2.782685138,-29,-19,-10,-0.68,-0.26,-0.42,FALSE
10,51,male,26,new,a,0,5.211400000005824,75,60,-69,99,6,-66,22,13,9,64.63745044,67.54257916,-2.905128718,-69,-66,-3,-0.68,0.15,-0.83,FALSE
10,51,male,27,new,b,1,6.654999999999973,59,17,-45,75,4,-39,10.33333333,13.33333333,-3,42.71871825,47.00590979,-4.287191544,-45,-39,-6,-0.23,0.29,-0.52,FALSE
10,51,male,28,new,a,0,10.010999999999967,82,41,-36,94,3,-28,29,23,6,48.91489207,51.77515492,-2.860262842,-36,-28,-8,-0.35,0.52,-0.87,FALSE
10,51,male,29,new,b,1,15.875,66,55,-73,97,23,-63,16,19,-3,63.09252465,65.38093504,-2.28841039,-73,-63,-10,-0.69,-0.09,-0.6,FALSE
10,51,male,30,new,a,0,7.656100000023798,74,56,-98,99,2,-96,10.66666667,1.666666667,9,77.18952145,79.60876557,-2.4192441160000002,-98,-96,-2,-0.68,-0.01,-0.67,FALSE
10,51,male,31,new,b,1,14.73230000001172,74,29,-58,96,13,-55,15,18,-3,54.79051013,61.74679479,-6.956284661,-58,-55,-3,-0.37,0.12,-0.49,FALSE
10,51,male,32,new,b,1,8.507700000017849,35,19,-36,66,5,-26,6,15,-9,30.40833219,38.21866909,-7.810336894,-36,-26,-10,-0.56,0.37,-0.93,FALSE
10,51,male,33,new,b,1,8.997200000017756,65,35,-38,81,15,-34,20.66666667,20.66666667,0,43.25377312,47.1192341,-3.865460983,-38,-34,-4,-0.46,0.18,-0.64,FALSE
10,51,male,34,new,a,0,4.182699999988017,82,33,-22,91,7,-14,31,28,3,42.48136847,45.36518489,-2.883816424,-22,-14,-8,-0.07,0.6,-0.67,FALSE
10,51,male,35,new,b,1,3.418200000017805,76,31,-39,96,19,-29,22.66666667,28.66666667,-6,47.31689856,51.48678363,-4.169885078,-39,-29,-10,-0.26,0.28,-0.54,FALSE
10,51,male,36,new,b,1,6.796900000005962,40,34,-14,62,29,-4,20,29,-9,24.16609195,26.94438717,-2.778295223,-14,-4,-10,-0.67,0,-0.67,FALSE
10,51,male,37,new,a,0,8.231700000017781,67,34,-14,82,3,-7,29,26,3,33.2565783,39.80787192,-6.551293622,-14,-7,-7,-0.22,0.67,-0.89,FALSE
10,51,male,38,new,b,1,2.246600000023818,56,49,-15,84,31,-7,30,36,-6,31.94787421,37.31844941,-5.370575202,-15,-7,-8,-0.68,0.2,-0.88,FALSE
10,51,male,39,new,b,1,13.174800000012056,59,53,-70,91,2,-60,14,11,3,59.44745579,61.97311245,-2.525656659,-70,-60,-10,-0.7,0.21,-0.91,FALSE
10,51,male,40,new,a,0,5.646300000011934,84,38,-47,98,2,-43,25,19,6,54.26478293,58.80476171,-4.53997878,-47,-43,-4,-0.35,0.41,-0.76,FALSE
10,51,male,41,new,a,0,13.790299999981698,57,33,-39,75,10,-34,17,17,0,40.79215611,44.77350407,-3.981347961,-39,-34,-5,-0.53,0.23,-0.76,FALSE
10,51,male,42,new,b,1,16.910699999988083,63,62,-52,88,34,-49,24.33333333,24.33333333,0,53.97736151,56.34615239,-2.368790878,-52,-49,-3,-0.71,-0.25,-0.46,FALSE
10,51,male,0,old,b,1,4.558599999994385,73,52,-43,84,13,-33,27.33333333,21.33333333,6,50.4667107,48.12714642,2.339564283,-43,-33,-10,-0.62,0.25,-0.87,FALSE
10,51,male,1,old,b,1,2.3457999999823187,48,21,-20,41,36,-10,16.33333333,22.33333333,-6,27.95631513,22.9540604,5.002254727,-20,-10,-10,-0.25,-0.68,0.43,FALSE
10,51,male,2,old,b,1,1.658199999988028,65,57,-40,69,18,-32,27.33333333,18.33333333,9,47.72374205,41.23375101,6.489991045,-40,-32,-8,-0.69,0.01,-0.7,FALSE
10,51,male,4,old,b,1,1.9476999999883449,64,62,-48,70,29,-39,26,20,6,52.33227175,44.95182607,7.380445685,-48,-39,-9,-0.71,-0.29,-0.42,FALSE
10,51,male,5,old,b,1,1.60149999999976,77,69,-21,82,39,-14,41.66666667,35.66666667,6,44.43222054,39.26264835,5.16957219,-21,-14,-7,-0.69,-0.13,-0.56,FALSE
10,51,male,6,old,b,1,1.679899999976442,56,8,-52,40,33,-43,4,10,-6,44.18144407,37.58545818,6.595985888,-52,-43,-9,-0.14,-0.69,0.55,FALSE
10,51,male,7,old,b,1,1.7239000000058695,60,5,-41,53,30,-32,8,17,-9,41.28760912,35.89800366,5.389605459,-41,-32,-9,0.11,-0.5,0.61,FALSE
10,51,male,8,old,b,1,1.1466999999884138,79,64,-29,81,28,-22,38,29,9,47.77028365,42.05551886,5.714764789,-29,-22,-7,-0.66,0.04,-0.7,FALSE
10,51,male,9,old,b,1,1.499499999999898,57,19,-12,42,29,-7,21.33333333,21.33333333,0,28.21740991,20.72572208,7.491687838,-12,-7,-5,0.12,-0.5,0.62,FALSE
10,51,male,10,old,b,1,2.7839999999996508,82,11,-76,60,51,-67,5.666666667,14.66666667,-9,64.61338011,57.86382482,6.749555292,-76,-67,-9,-0.12,-0.69,0.57,FALSE
10,51,male,11,old,b,1,1.3739999999997965,79,63,-12,80,36,-4,43.33333333,37.33333333,6,39.6680672,34.30581421,5.362252988,-12,-4,-8,-0.62,0.06,-0.68,FALSE
10,51,male,12,old,b,1,1.3619000000057897,57,44,-13,53,29,-3,29.33333333,26.33333333,3,30.40102337,22.93953405,7.461489329,-13,-3,-10,-0.61,-0.17,-0.44,FALSE
10,51,male,13,old,b,1,2.5246999999881155,63,16,-47,44,40,-43,10.66666667,13.66666667,-3,45.0653846,40.10264608,4.962738522,-47,-43,-4,-0.18,-0.7,0.52,FALSE
10,51,male,14,old,b,1,1.664299999981722,98,42,-26,70,68,-24,38,38,0,50.70174224,43.84822307,6.853519172,-26,-24,-2,-0.12,-0.71,0.59,FALSE
10,51,male,15,old,b,1,1.9138000000120885,85,24,-45,67,54,-39,21.33333333,27.33333333,-6,53.10576449,47.20404879,5.901715701,-45,-39,-6,-0.08,-0.67,0.59,FALSE
10,51,male,16,old,b,1,1.082900000006248,98,58,-16,96,41,-6,46.66666667,43.66666667,3,47.22522866,41.6839964,5.541232266,-16,-6,-10,-0.35,0.1,-0.45,FALSE
10,51,male,17,old,b,1,3.3445999999939886,74,5,-55,57,19,-52,8,8,0,52.70673581,45.17373868,7.532997129,-55,-52,-3,0.09,-0.35,0.44,FALSE
10,51,male,18,old,b,1,1.5675999999943997,70,57,-28,78,40,-19,33,33,0,43.45879274,39.90822806,3.550564686,-28,-19,-9,-0.66,-0.26,-0.4,FALSE
10,51,male,19,old,b,1,0.9323999999764964,78,43,-10,60,54,-3,37,37,0,36.17549815,28.39013913,7.785359021,-10,-3,-7,-0.24,-0.68,0.44,FALSE
10,51,male,20,old,b,1,0.8077999999823078,58,38,-11,53,25,-2,28.33333333,25.33333333,3,28.98658694,22.45489306,6.531693879,-11,-2,-9,-0.46,0.02,-0.48,FALSE
10,51,male,21,old,b,1,0.8834000000056221,53,40,-11,50,25,-2,27.33333333,24.33333333,3,27.62044331,21.23414441,6.386298903,-11,-2,-9,-0.59,-0.05,-0.54,FALSE
10,51,male,22,old,b,1,1.4300999999941268,79,13,-40,74,33,-37,17.33333333,23.33333333,-6,48.67808085,45.82818153,2.849899325,-40,-37,-3,0.13,-0.31,0.44,FALSE
10,51,male,23,old,b,1,1.361599999993814,46,32,-39,42,9,-30,13,7,6,37.21110945,29.42787794,7.783231513,-39,-30,-9,-0.63,-0.1,-0.53,FALSE
10,51,male,24,old,b,1,1.4851999999882537,79,40,-26,73,13,-20,31,22,9,43.33589736,38.49675311,4.83914425,-26,-20,-6,-0.3,0.34,-0.64,FALSE
10,51,male,25,old,b,1,1.4984999999996944,96,19,-78,77,43,-74,12.33333333,15.33333333,-3,71.19144768,64.67525716,6.516190515,-78,-74,-4,-0.14,-0.56,0.42,FALSE
10,51,male,26,old,b,1,1.4055999999941378,46,30,-55,47,6,-50,7,1,6,44.32456054,39.75759885,4.566961681,-55,-50,-5,-0.64,-0.19,-0.45,FALSE
10,51,male,27,old,b,1,1.3423000000120735,53,8,-35,40,19,-33,8.666666667,8.666666667,0,35.92894222,30.68477726,5.244164957,-35,-33,-2,0.03,-0.47,0.5,FALSE
10,51,male,28,old,b,1,1.545400000005884,82,31,-53,64,62,-48,20,26,-6,55.6596802,52.33227175,3.327408449,-53,-48,-5,-0.29,-0.71,0.42,FALSE
10,51,male,29,old,b,1,1.7553999999759071,79,16,-61,58,42,-57,11.33333333,14.33333333,-3,57.24993935,50.86146762,6.388471726,-61,-57,-4,-0.12,-0.65,0.53,FALSE
10,51,male,30,old,b,1,1.7644999999997708,99,52,-13,90,75,-9,46,52,-6,45.92022067,43.56604182,2.354178852,-13,-9,-4,-0.19,-0.64,0.45,FALSE
10,51,male,31,old,b,1,0.9950999999941814,80,43,-35,75,18,-32,29.33333333,20.33333333,9,47.93282336,43.71371511,4.219108251,-35,-32,-3,-0.4,0.08,-0.48,FALSE
10,51,male,32,old,b,1,1.1618000000121356,74,21,-46,56,42,-40,16.33333333,19.33333333,-3,49.10080334,42.34251869,6.758284654,-46,-40,-6,-0.14,-0.65,0.51,FALSE
10,51,male,33,old,b,1,1.215199999988272,87,78,-16,94,52,-6,49.66666667,46.66666667,3,46.57848812,40.99864496,5.579843156,-16,-6,-10,-0.69,-0.19,-0.5,FALSE
10,51,male,34,old,b,1,0.8447000000178377,85,68,-15,91,43,-5,46,43,3,43.68828981,39.19183588,4.496453927,-15,-5,-10,-0.63,0,-0.63,FALSE
10,51,male,35,old,b,1,1.6225999999937812,70,51,-43,75,10,-34,26,17,9,49.40310382,44.77350407,4.629599747,-43,-34,-9,-0.63,0.23,-0.86,FALSE
10,51,male,36,old,b,1,1.1034000000058768,91,79,-11,99,39,-6,53,44,9,45.51922671,43.01162634,2.507600372,-11,-6,-5,-0.67,0.17,-0.84,FALSE
10,51,male,37,old,b,1,1.1075000000000728,59,9,-67,40,31,-61,0.333333333,3.333333333,-3,51.80304581,45.63867755,6.164368259,-67,-61,-6,-0.25,-0.69,0.44,FALSE
10,51,male,38,old,b,1,5.228699999987839,91,22,-54,72,61,-47,19.66666667,28.66666667,-9,59.21899095,53.69254035,5.526450601,-54,-47,-7,-0.06,-0.68,0.62,FALSE
10,51,male,39,old,b,1,1.237500000000182,92,2,-70,66,50,-65,8,17,-9,66.2721661,58.34952156,7.92264454,-70,-65,-5,0.14,-0.67,0.81,FALSE
10,51,male,40,old,b,1,1.164699999987988,48,3,-24,46,23,-15,9,18,-9,29.69848481,25.15286597,4.545618837,-24,-15,-9,0.29,-0.29,0.58,FALSE
10,51,male,41,old,b,1,0.9749000000060732,65,13,-18,61,36,-10,20,29,-9,34.24422092,29.40521496,4.839005967,-18,-10,-8,0.3,-0.34,0.64,FALSE
10,51,male,42,old,b,1,1.0470999999938613,61,12,-35,44,34,-31,12.66666667,15.66666667,-3,39.19467084,33.24989557,5.944775267,-35,-31,-4,0.03,-0.66,0.69,FALSE
10,51,male,0,new,b,1,19.646800000011808,37,15,-44,59,10,-34,2.666666667,11.66666667,-9,34.19876541,37.9853773,-3.786611894,-44,-34,-10,-0.49,0.07,-0.56,FALSE
10,51,male,1,new,a,0,11.43930000001228,89,36,-51,98,7,-49,24.66666667,18.66666667,6,57.71385353,60.5768566,-2.863003074,-51,-49,-2,-0.29,0.28,-0.57,FALSE
10,51,male,2,new,a,0,23.21499999999969,82,49,-19,98,16,-11,37.33333333,34.33333333,3,42.05023451,46.34891824,-4.298683734,-19,-11,-8,-0.39,0.53,-0.92,FALSE
10,51,male,3,new,a,0,6.995700000017678,71,38,-70,91,1,-62,13,10,3,60.21627687,62.78534861,-2.56907174,-70,-62,-8,-0.55,0.21,-0.76,FALSE
10,51,male,4,new,b,1,8.056199999988166,69,45,-22,90,19,-17,30.66666667,30.66666667,0,38.50829636,44.45472103,-5.94642467,-22,-17,-5,-0.51,0.38,-0.89,FALSE
10,51,male,5,new,b,1,6.144999999999982,59,30,-17,77,20,-7,24,30,-6,31.31559782,35.0142828,-3.698684983,-17,-7,-10,-0.28,0.41,-0.69,FALSE
10,51,male,6,new,b,1,4.986300000011852,38,17,-31,62,16,-27,8,17,-9,28.87905816,36.34097779,-7.461919633,-31,-27,-4,-0.44,0.04,-0.48,FALSE
10,51,male,7,new,a,0,21.17599999999993,47,44,-54,78,9,-50,12.33333333,12.33333333,0,46.92073695,52.3089115,-5.388174553,-54,-50,-4,-0.7,0.1,-0.8,FALSE
10,51,male,8,new,a,0,5.801300000011906,87,54,-16,96,14,-12,41.66666667,32.66666667,9,42.94440851,46.02414825,-3.079739742,-16,-12,-4,-0.41,0.54,-0.95,FALSE
10,51,male,10,new,a,0,10.255900000006022,72,42,-20,78,6,-17,31.33333333,22.33333333,9,38.30868773,40.46672158,-2.158033852,-20,-17,-3,-0.4,0.54,-0.94,FALSE
10,51,male,11,new,a,0,8.361499999999978,86,32,-13,90,5,-8,35,29,6,40.47221269,43.45879274,-2.986580053,-13,-8,-5,0.11,0.66,-0.55,FALSE
10,51,male,12,new,b,1,8.273599999993621,32,24,-44,60,15,-36,4,13,-9,34.09789827,39.2173431,-5.119444829,-44,-36,-8,-0.68,-0.08,-0.6,FALSE
10,51,male,13,new,b,1,6.626900000005662,44,31,-57,70,16,-50,6,12,-6,44.86275367,49.07137659,-4.208622918,-57,-50,-7,-0.66,-0.12,-0.54,FALSE
10,51,male,14,new,b,1,14.019300000011754,66,47,-58,95,21,-52,18.33333333,21.33333333,-3,54.53031777,60.01296156,-5.482643798,-58,-52,-6,-0.64,0.01,-0.65,FALSE
10,51,male,15,new,a,0,6.822400000005928,80,48,-26,89,7,-21,34,25,9,44.39219151,46.6761895,-2.283997999,-26,-21,-5,-0.44,0.52,-0.96,FALSE
10,51,male,16,new,b,1,6.606099999994058,45,26,-62,73,18,-55,3,12,-9,46.61187259,52.42772803,-5.815855439,-62,-55,-7,-0.62,-0.17,-0.45,FALSE
10,51,male,17,new,a,0,16.36630000001196,68,52,-62,94,9,-54,19.33333333,16.33333333,3,57.88110419,60.64285247,-2.761748279,-62,-54,-8,-0.67,0.18,-0.85,FALSE
10,51,male,18,new,a,0,7.827499999999873,72,24,-83,93,6,-77,4.333333333,7.333333333,-3,64.78854494,69.40861298,-4.620068037,-83,-77,-6,-0.43,0.03,-0.46,FALSE
10,51,male,19,new,a,0,8.059200000017881,53,40,-78,88,6,-70,5,8,-3,58.92933621,64.51873113,-5.589394916,-78,-70,-8,-0.68,0.05,-0.73,FALSE
10,51,male,20,new,a,0,10.022900000005848,88,50,-27,96,11,-23,37,28,9,47.84001115,50.04664491,-2.206633761,-27,-23,-4,-0.39,0.47,-0.86,FALSE
10,51,male,21,new,b,1,4.974800000012237,68,60,-38,99,37,-28,30,36,-6,48.19405219,51.85235449,-3.658302303,-38,-28,-10,-0.69,-0.03,-0.66,FALSE
10,51,male,22,new,b,1,2.461199999987912,49,45,-36,87,24,-26,19.33333333,28.33333333,-9,39.16063783,46.23370584,-7.073068005,-36,-26,-10,-0.7,0.14,-0.84,FALSE
10,51,male,23,new,a,0,9.959099999994123,58,27,-46,74,5,-40,13,13,0,43.59663596,46.88283268,-3.286196723,-46,-40,-6,-0.45,0.25,-0.7,FALSE
10,51,male,24,new,a,0,3.349999999999909,78,57,-50,98,6,-46,28.33333333,19.33333333,9,56.04958123,59.5389695,-3.489388273,-50,-46,-4,-0.63,0.32,-0.95,FALSE
10,51,male,25,new,a,0,3.4496999999878426,73,53,-41,99,7,-39,28.33333333,22.33333333,6,49.70133019,57.37207993,-7.670749745,-41,-39,-2,-0.62,0.38,-1,FALSE
10,51,male,26,new,b,1,7.756700000017645,56,21,-48,76,2,-40,9.666666667,12.66666667,-3,43.20750964,47.95368136,-4.74617172,-48,-40,-8,-0.38,0.32,-0.7,FALSE
10,51,male,27,new,a,0,7.669900000005782,86,41,-34,96,4,-25,31,25,6,49.49747468,51.58165048,-2.084175801,-34,-25,-9,-0.29,0.54,-0.83,FALSE
10,51,male,28,new,b,1,5.123399999975845,38,36,-51,71,20,-41,7.666666667,16.66666667,-9,41.49163236,45.78451946,-4.292887105,-51,-41,-10,-0.71,-0.11,-0.6,FALSE
10,51,male,29,new,a,0,3.610599999994065,73,23,-91,92,2,-89,1.666666667,1.666666667,0,68.63105873,73.89331649,-5.262257764,-91,-89,-2,-0.44,-0.01,-0.43,FALSE
10,51,male,30,new,b,1,6.441899999976158,42,23,-11,63,18,-9,18,24,-6,21.92411154,29.69848481,-7.774373273,-11,-9,-2,-0.33,0.29,-0.62,FALSE
10,51,male,31,new,a,0,6.794299999982286,54,34,-67,84,8,-62,7,10,-3,52.95910372,59.62102537,-6.661921656,-67,-62,-5,-0.63,0.05,-0.68,FALSE
10,51,male,32,new,b,1,8.391500000000178,43,31,-49,75,8,-40,8.333333333,14.33333333,-6,40.83571422,47.16166051,-6.325946295,-49,-40,-9,-0.66,0.2,-0.86,FALSE
10,51,male,33,new,a,0,5.687799999981962,75,48,-36,95,7,-33,29,23,6,47.26520919,53.46650042,-6.201291223,-36,-33,-3,-0.54,0.42,-0.96,FALSE
10,51,male,34,new,a,0,8.13669999998774,54,51,-50,87,14,-46,18.33333333,18.33333333,0,48.33448274,54.3834125,-6.048929759,-50,-46,-4,-0.71,0.12,-0.83,FALSE
10,51,male,35,new,a,0,7.026799999981904,69,50,-40,89,13,-32,26.33333333,23.33333333,3,47.54179448,49.93551397,-2.393719493,-40,-32,-8,-0.62,0.3,-0.92,FALSE
10,51,male,36,new,a,0,7.178099999993719,31,25,-52,57,4,-48,1.333333333,4.333333333,-3,37.79182745,42.86671851,-5.074891054,-52,-48,-4,-0.69,0.01,-0.7,FALSE
10,51,male,37,new,a,0,2.75930000001199,80,38,-19,90,6,-15,33,27,6,40.57092555,45.36518489,-4.794259339,-19,-15,-4,-0.18,0.6,-0.78,FALSE
10,51,male,38,new,a,0,3.1164000000062515,79,50,-10,95,17,-2,39.66666667,36.66666667,3,37.06151043,41.97088938,-4.90937895,-10,-2,-8,-0.4,0.6,-1,FALSE
10,51,male,39,new,a,0,11.89880000001176,44,36,-47,66,12,-45,11,11,0,41.14203041,45.32107677,-4.17904636,-47,-45,-2,-0.69,-0.03,-0.66,FALSE
10,51,male,40,new,a,0,1.5286999999880209,73,45,-52,99,1,-43,22,19,3,53.55993528,59.35205697,-5.792121696,-52,-43,-9,-0.56,0.43,-0.99,FALSE
10,51,male,41,new,b,1,6.840599999994083,62,44,-43,91,27,-37,21,27,-6,45.84757355,52.25578118,-6.408207634,-43,-37,-6,-0.63,0,-0.63,FALSE
10,51,male,42,new,b,1,2.884400000005826,85,51,-7,92,14,-4,43,34,9,37.98245209,41.66533331,-3.682881223,-7,-4,-3,-0.31,0.61,-0.92,FALSE
11,31,female,0,old,b,1,16.29880000001191,88,33,-10,73,59,-3,37,43,-6,40.10818703,33.02524287,7.082944157,-10,-3,-7,0.15,-0.61,0.76,FALSE
11,31,female,1,old,b,1,1.3023000000119396,55,15,-13,42,31,-7,19,22,-3,27.90459938,20.99206199,6.91253739,-13,-7,-6,0.21,-0.56,0.77,FALSE
11,31,female,2,old,a,0,1.2586000000238189,93,31,-8,70,68,-4,38.66666667,44.66666667,-6,41.5879256,34.42221505,7.165710549,-8,-4,-4,0.27,-0.71,0.98,FALSE
11,31,female,3,old,b,1,2.7213999999761427,56,42,-72,65,9,-66,8.666666667,2.666666667,6,57.32558087,53.66770185,3.657879018,-72,-66,-6,-0.68,-0.18,-0.5,FALSE
11,31,female,4,old,a,0,2.626100000023854,83,50,-11,85,29,-1,40.66666667,37.66666667,3,38.93869826,35.64017708,3.298521182,-11,-1,-10,-0.35,0.35,-0.7,FALSE
11,31,female,5,old,a,0,2.376899999976132,99,35,-16,88,50,-11,39.33333333,42.33333333,-3,47.0484384,40.77853466,6.269903738,-16,-11,-5,0.14,-0.28,0.42,FALSE
11,31,female,6,old,a,0,2.0933999999761568,88,17,-44,82,43,-37,20.33333333,29.33333333,-9,53.94029621,49.5333782,4.406918017,-44,-37,-7,0.09,-0.39,0.48,FALSE
11,31,female,7,old,b,1,1.4553000000119027,80,72,-12,88,45,-2,46.66666667,43.66666667,3,41.61196409,36.7544404,4.857523695,-12,-2,-10,-0.69,-0.05,-0.64,FALSE
11,31,female,8,old,a,0,3.99210000002384,95,48,-30,71,67,-25,37.66666667,37.66666667,0,51.55148451,44.3421044,7.209380118,-30,-25,-5,-0.29,-0.7,0.41,FALSE
11,31,female,9,old,b,1,1.5589999999999975,61,54,-82,79,11,-75,11,5,6,65.82299497,63.01322612,2.809768844,-82,-75,-7,-0.7,-0.14,-0.56,FALSE
11,31,female,10,old,a,0,2.5706999999880797,80,10,-63,59,46,-60,9,15,-6,58.3837877,53.2979049,5.085882805,-63,-60,-3,-0.03,-0.68,0.65,FALSE
11,31,female,11,old,b,1,1.8389999999999984,67,11,-13,61,36,-5,21.66666667,30.66666667,-9,33.51948024,27.20702524,6.312455003,-13,-5,-8,0.45,-0.29,0.74,FALSE
11,31,female,12,old,a,0,3.3540000000000134,80,2,-60,69,30,-50,7.333333333,16.33333333,-9,57.27904406,49.5333782,7.745665868,-60,-50,-10,0.14,-0.39,0.53,FALSE
11,31,female,13,old,b,1,5.593700000047676,91,81,-24,99,44,-22,49.33333333,40.33333333,9,52.01495511,49.46603773,2.548917383,-24,-22,-2,-0.69,-0.11,-0.58,FALSE
11,31,female,14,old,b,1,1.804900000035758,66,31,-13,68,19,-3,28,28,0,32.3213036,29.67602849,2.645275119,-13,-3,-10,-0.14,0.43,-0.57,FALSE
11,31,female,15,old,b,1,1.5760999999642422,91,75,-12,94,55,-4,51.33333333,48.33333333,3,45.25728916,40.28509512,4.97219404,-12,-4,-8,-0.64,-0.24,-0.4,FALSE
11,31,female,16,old,b,1,1.906000000000006,77,25,-58,53,45,-54,14.66666667,14.66666667,0,55.59576323,48.66438351,6.93137972,-58,-54,-4,-0.27,-0.69,0.42,FALSE
11,31,female,17,old,a,0,3.277599999964252,53,8,-34,41,23,-28,9,12,-3,35.52463934,29.22327839,6.301360944,-34,-28,-6,0.04,-0.51,0.55,FALSE
11,31,female,19,old,b,1,2.4645000000000152,98,41,-24,75,68,-19,38.33333333,41.33333333,-3,49.8419725,42.75771535,7.084257142,-24,-19,-5,-0.08,-0.69,0.61,FALSE
11,31,female,20,old,b,1,1.2081999999880964,69,24,-23,60,43,-15,23.33333333,29.33333333,-6,37.56180093,32.10745846,5.454342465,-23,-15,-8,-0.03,-0.56,0.53,FALSE
11,31,female,21,old,b,1,1.4453000000119118,74,43,-22,76,14,-13,31.66666667,25.66666667,6,40.00277768,37.25885428,2.743923402,-22,-13,-9,-0.4,0.44,-0.84,FALSE
11,31,female,22,old,b,1,1.6735000000000184,83,23,-56,70,49,-51,16.66666667,22.66666667,-6,56.92294987,52.7909925,4.131957375,-56,-51,-5,-0.17,-0.62,0.45,FALSE
11,31,female,23,old,b,1,1.9099999999999968,92,60,-21,99,43,-11,43.66666667,43.66666667,0,47.55581516,44.90978611,2.646029045,-21,-11,-10,-0.47,0.02,-0.49,FALSE
11,31,female,24,old,b,1,1.4720000000000084,53,9,-17,37,30,-13,15,18,-3,28.89059824,22.10580618,6.784792065,-17,-13,-4,0.3,-0.65,0.95,FALSE
11,31,female,25,old,b,1,2.121199999988079,91,67,-10,95,46,-2,49.33333333,46.33333333,3,43.08389748,39.60078563,3.483111855,-10,-2,-8,-0.55,0.01,-0.56,FALSE
11,31,female,26,old,b,1,1.6614999999999895,91,54,-88,96,14,-80,19,10,9,77.1535266,71.90734779,5.246178806,-88,-80,-8,-0.59,-0.08,-0.51,FALSE
11,31,female,27,old,b,1,1.856600000023832,94,70,-40,98,38,-30,41.33333333,35.33333333,6,58.33999962,52.2897908,6.050208816,-40,-30,-10,-0.62,-0.08,-0.54,FALSE
11,31,female,28,old,a,0,6.639999999999986,68,25,-12,60,2,-8,27,18,9,32.69046752,29.97776954,2.712697979,-12,-8,-4,0.09,0.65,-0.56,FALSE
11,31,female,29,old,b,1,1.8039000000357528,64,24,-23,50,35,-20,21.66666667,21.66666667,0,35.55590278,30.09245014,5.463452634,-23,-20,-3,-0.1,-0.58,0.48,FALSE
11,31,female,30,old,a,0,1.152800000011922,63,2,-47,49,23,-45,6,9,-3,44.99629614,39.63163719,5.36465895,-47,-45,-2,0.13,-0.49,0.62,FALSE
11,31,female,31,old,b,1,1.8075999999642531,97,58,-61,98,20,-51,31.33333333,22.33333333,9,67.20284386,60.85136719,6.351476665,-61,-51,-10,-0.53,0.06,-0.59,FALSE
11,31,female,32,old,a,0,1.738700000047686,85,2,-81,57,52,-76,2,11,-9,67.76921622,61.55214591,6.217070303,-81,-76,-5,0,-0.7,0.7,FALSE
11,31,female,33,old,b,1,1.3370000000000175,81,24,-16,74,4,-7,29.66666667,23.66666667,6,39.80228916,35.8732336,3.929055559,-16,-7,-9,0.21,0.66,-0.45,FALSE
11,31,female,34,old,b,1,1.3275999999642067,99,51,-13,95,36,-3,45.66666667,42.66666667,3,45.87906809,40.28509512,5.59397297,-13,-3,-10,-0.17,0.24,-0.41,FALSE
11,31,female,35,old,a,0,3.122800000011921,70,12,-66,45,34,-63,5.333333333,5.333333333,0,55.72152985,48.52719741,7.194332436,-66,-63,-3,-0.18,-0.68,0.5,FALSE
11,31,female,36,old,b,1,1.143900000035785,93,64,-10,95,40,-6,49,43,6,43.36665386,41.28760912,2.079044738,-10,-6,-4,-0.48,0.11,-0.59,FALSE
11,31,female,37,old,b,1,1.0396000000238814,93,58,-8,94,41,-1,47.66666667,44.66666667,3,41.87547678,38.87015422,3.005322563,-8,-1,-7,-0.36,0.14,-0.5,FALSE
11,31,female,38,old,b,1,1.1431999999880986,67,19,-22,60,38,-16,21.33333333,27.33333333,-6,36.37153955,31.93048004,4.441059506,-22,-16,-6,0.1,-0.46,0.56,FALSE
11,31,female,39,old,b,1,2.0269000000357664,76,3,-64,59,38,-55,5,14,-9,57.17225434,49.53786431,7.634390037,-64,-55,-9,0.05,-0.61,0.66,FALSE
11,31,female,40,old,b,1,2.5289999999999964,75,4,-67,57,43,-61,4,13,-9,57.97125725,52.63712252,5.334134731,-67,-61,-6,0,-0.67,0.67,FALSE
11,31,female,41,old,b,1,4.487199999988093,90,44,-48,88,16,-45,28.66666667,19.66666667,9,57.37207993,54.3588897,3.013190235,-48,-45,-3,-0.38,0.1,-0.48,FALSE
11,31,female,42,old,b,1,3.656199999988075,84,27,-36,73,4,-29,25,16,9,49.01020302,42.49705872,6.513144298,-36,-29,-7,-0.06,0.4,-0.46,FALSE
11,31,female,0,new,b,1,1.7061000000238096,85,45,-46,95,4,-42,28,19,9,54.81483984,56.92685365,-2.112013812,-46,-42,-4,-0.44,0.38,-0.82,FALSE
11,31,female,1,new,b,1,3.339599999964207,67,34,-14,82,3,-7,29,26,3,33.2565783,39.80787192,-6.551293622,-14,-7,-7,-0.22,0.67,-0.89,FALSE
11,31,female,2,new,b,1,1.0964999999999918,83,36,-11,86,2,-7,36,27,9,38.3753393,41.88078318,-3.505443879,-11,-7,-4,0,0.68,-0.68,FALSE
11,31,female,3,new,b,1,1.0736999999880936,51,25,-16,72,5,-8,20,23,-3,27.58018612,35.05234181,-7.47215569,-16,-8,-8,-0.27,0.63,-0.9,FALSE
11,31,female,4,new,b,1,1.6223999999761531,59,34,-23,76,30,-18,23.33333333,29.33333333,-6,34.31552936,38.37823457,-4.062705208,-23,-18,-5,-0.44,-0.03,-0.41,FALSE
11,31,female,5,new,b,1,1.32260000002384,59,17,-45,75,4,-39,10.33333333,13.33333333,-3,42.71871825,47.00590979,-4.287191544,-45,-39,-6,-0.23,0.29,-0.52,FALSE
11,31,female,6,new,b,1,1.30809999996427,62,55,-78,93,7,-70,13,10,3,64.41014413,66.57827473,-2.168130606,-78,-70,-8,-0.7,0.07,-0.77,FALSE
11,31,female,7,new,b,1,1.7568000000119357,40,34,-14,62,29,-4,20,29,-9,24.16609195,26.94438717,-2.778295223,-14,-4,-10,-0.67,0,-0.67,FALSE
11,31,female,8,new,b,1,5.2065000000000055,63,62,-52,88,34,-49,24.33333333,24.33333333,0,53.97736151,56.34615239,-2.368790878,-52,-49,-3,-0.71,-0.25,-0.46,FALSE
11,31,female,9,new,b,1,11.10679999995233,76,38,-12,82,9,-7,34,28,6,36.037018,38.73843914,-2.701421131,-12,-7,-5,-0.17,0.62,-0.79,FALSE
11,31,female,10,new,b,1,1.8349000000357591,73,35,-13,82,8,-4,31.66666667,28.66666667,3,35.18838192,38.02922853,-2.840846604,-13,-4,-9,-0.14,0.65,-0.79,FALSE
11,31,female,11,new,b,1,0.9594999999999914,86,35,-10,92,6,-5,37,31,6,39.2173431,43.36665386,-4.149310754,-10,-5,-5,0.08,0.67,-0.59,FALSE
11,31,female,12,new,b,1,6.128099999964206,45,40,-49,77,30,-44,12,21,-9,43.18178628,49.80629144,-6.624505153,-49,-44,-5,-0.7,-0.27,-0.43,FALSE
11,31,female,13,new,b,1,11.525399999976171,73,32,-44,95,17,-42,20.33333333,23.33333333,-3,48.47221426,56.10902086,-7.6368066,-44,-42,-2,-0.35,0.17,-0.52,FALSE
11,31,female,14,new,b,1,3.506699999988029,56,49,-15,84,31,-7,30,36,-6,31.94787421,37.31844941,-5.370575202,-15,-7,-8,-0.68,0.2,-0.88,FALSE
11,31,female,15,new,a,0,1.8953000000119573,82,33,-22,91,7,-14,31,28,3,42.48136847,45.36518489,-2.883816424,-22,-14,-8,-0.07,0.6,-0.67,FALSE
11,31,female,16,new,b,1,2.2442000000476696,76,31,-39,96,19,-29,22.66666667,28.66666667,-6,47.31689856,51.48678363,-4.169885078,-39,-29,-10,-0.26,0.28,-0.54,FALSE
11,31,female,17,new,a,0,7.741599999964194,75,51,-33,96,10,-31,31,25,6,46.30334761,52.92132525,-6.617977643,-33,-31,-2,-0.57,0.4,-0.97,FALSE
11,31,female,18,new,b,1,1.8614000000357576,61,33,-4,66,7,-1,30,24,6,26.62079388,29.87752779,-3.25673391,-4,-1,-3,-0.17,0.67,-0.84,FALSE
11,31,female,19,new,b,1,11.677999999999995,82,41,-36,94,3,-28,29,23,6,48.91489207,51.77515492,-2.860262842,-36,-28,-8,-0.35,0.52,-0.87,FALSE
11,31,female,21,new,b,1,4.42530000001193,41,39,-29,73,26,-21,17,26,-9,32.53715825,38.3753393,-5.838181059,-29,-21,-8,-0.71,0,-0.71,FALSE
11,31,female,22,new,b,1,1.8269999999999984,83,52,-36,96,9,-33,33,24,9,50.4050262,53.72150407,-3.31647787,-36,-33,-3,-0.51,0.4,-0.91,FALSE
11,31,female,23,new,b,1,0.9891999999881024,56,39,-80,86,11,-73,5,8,-3,60.50344343,64.94613152,-4.442688096,-80,-73,-7,-0.67,-0.07,-0.6,FALSE
11,31,female,24,new,b,1,2.327300000011917,57,33,-39,75,10,-34,17,17,0,40.79215611,44.77350407,-3.981347961,-39,-34,-5,-0.53,0.23,-0.76,FALSE
11,31,female,25,new,b,1,3.6738000000119655,59,53,-70,91,2,-60,14,11,3,59.44745579,61.97311245,-2.525656659,-70,-60,-10,-0.7,0.21,-0.91,FALSE
11,31,female,26,new,b,1,1.706699999988075,65,35,-38,81,15,-34,20.66666667,20.66666667,0,43.25377312,47.1192341,-3.865460983,-38,-34,-4,-0.46,0.18,-0.64,FALSE
11,31,female,27,new,b,1,2.3865999999642327,74,56,-98,99,2,-96,10.66666667,1.666666667,9,77.18952145,79.60876557,-2.4192441160000002,-98,-96,-2,-0.68,-0.01,-0.67,FALSE
11,31,female,28,new,b,1,3.0901999999880445,62,43,-86,99,27,-80,6.333333333,15.33333333,-9,65.74867975,73.54061614,-7.79193639,-86,-80,-6,-0.66,-0.23,-0.43,FALSE
11,31,female,29,new,b,1,5.606199999988064,60,59,-71,98,2,-61,16,13,3,61.51964456,65.37583651,-3.856191956,-71,-61,-10,-0.71,0.25,-0.96,FALSE
11,31,female,30,new,b,1,3.241899999976169,71,36,-38,93,11,-35,23,23,0,45.43860326,52.94021786,-7.501614591,-38,-35,-3,-0.41,0.33,-0.74,FALSE
11,31,female,31,new,b,1,1.5738999999761631,70,31,-60,87,5,-51,13.66666667,13.66666667,0,54.46915539,56.6705881,-2.20143271,-60,-51,-9,-0.45,0.23,-0.68,FALSE
11,31,female,32,new,a,0,1.041399999976136,94,45,-8,97,10,-3,43.66666667,34.66666667,9,41.65199742,44.39469438,-2.74269696,-8,-3,-5,-0.05,0.66,-0.71,FALSE
11,31,female,33,new,b,1,2.3583000000119227,65,61,-27,97,23,-21,33,33,0,42.45782221,48.68949236,-6.231670156,-27,-21,-6,-0.7,0.3,-1,FALSE
11,31,female,34,new,b,1,1.300699999988069,62,41,-30,88,24,-21,24.33333333,30.33333333,-6,39.36439452,44.723844,-5.359449486,-30,-21,-9,-0.56,0.21,-0.77,FALSE
11,31,female,35,new,b,1,2.1413999999761586,72,24,-26,91,16,-19,23.33333333,29.33333333,-6,40.01110957,45.88633299,-5.875223425,-26,-19,-7,-0.02,0.41,-0.43,FALSE
11,31,female,36,new,b,1,2.4571000000238428,75,60,-69,99,6,-66,22,13,9,64.63745044,67.54257916,-2.905128718,-69,-66,-3,-0.68,0.15,-0.83,FALSE
11,31,female,37,new,b,1,2.762299999952347,66,55,-73,97,23,-63,16,19,-3,63.09252465,65.38093504,-2.28841039,-73,-63,-10,-0.69,-0.09,-0.6,FALSE
11,31,female,38,new,b,1,1.9443000000118784,84,38,-47,98,2,-43,25,19,6,54.26478293,58.80476171,-4.53997878,-47,-43,-4,-0.35,0.41,-0.76,FALSE
11,31,female,39,new,a,0,1.409300000011967,35,19,-36,66,5,-26,6,15,-9,30.40833219,38.21866909,-7.810336894,-36,-26,-10,-0.56,0.37,-0.93,FALSE
11,31,female,40,new,b,1,1.7434999999999832,58,27,-28,78,17,-20,19,25,-6,35.56215217,40.40627014,-4.844117975,-28,-20,-8,-0.33,0.29,-0.62,FALSE
11,31,female,41,new,b,1,2.52619999998808,67,58,-29,93,49,-19,32,41,-9,43.28972164,46.07240678,-2.782685138,-29,-19,-10,-0.68,-0.26,-0.42,FALSE
11,31,female,42,new,b,1,1.0607000000476887,74,29,-58,96,13,-55,15,18,-3,54.79051013,61.74679479,-6.956284661,-58,-55,-3,-0.37,0.12,-0.49,FALSE
11,31,female,0,old,b,1,2.146000000000015,70,51,-43,75,10,-34,26,17,9,49.40310382,44.77350407,4.629599747,-43,-34,-9,-0.63,0.23,-0.86,FALSE
11,31,female,1,old,a,0,1.3896999999880677,58,38,-11,53,25,-2,28.33333333,25.33333333,3,28.98658694,22.45489306,6.531693879,-11,-2,-9,-0.46,0.02,-0.48,FALSE
11,31,female,2,old,a,0,2.48960000002387,74,5,-55,57,19,-52,8,8,0,52.70673581,45.17373868,7.532997129,-55,-52,-3,0.09,-0.35,0.44,FALSE
11,31,female,3,old,a,0,2.1111999999880595,65,13,-18,61,36,-10,20,29,-9,34.24422092,29.40521496,4.839005967,-18,-10,-8,0.3,-0.34,0.64,FALSE
11,31,female,4,old,b,1,2.9740999999642668,48,3,-24,46,23,-15,9,18,-9,29.69848481,25.15286597,4.545618837,-24,-15,-9,0.29,-0.29,0.58,FALSE
11,31,female,5,old,b,1,1.057699999988074,99,52,-13,90,75,-9,46,52,-6,45.92022067,43.56604182,2.354178852,-13,-9,-4,-0.19,-0.64,0.45,FALSE
11,31,female,6,old,b,1,3.872399999976153,82,31,-53,64,62,-48,20,26,-6,55.6596802,52.33227175,3.327408449,-53,-48,-5,-0.29,-0.71,0.42,FALSE
11,31,female,7,old,b,1,3.505199999988122,87,78,-16,94,52,-6,49.66666667,46.66666667,3,46.57848812,40.99864496,5.579843156,-16,-6,-10,-0.69,-0.19,-0.5,FALSE
11,31,female,8,old,a,0,1.5616000000238728,78,43,-10,60,54,-3,37,37,0,36.17549815,28.39013913,7.785359021,-10,-3,-7,-0.24,-0.68,0.44,FALSE
11,31,female,9,old,a,0,7.723100000023862,63,16,-47,44,40,-43,10.66666667,13.66666667,-3,45.0653846,40.10264608,4.962738522,-47,-43,-4,-0.18,-0.7,0.52,FALSE
11,31,female,10,old,a,0,5.241300000011904,61,12,-35,44,34,-31,12.66666667,15.66666667,-3,39.19467084,33.24989557,5.944775267,-35,-31,-4,0.03,-0.66,0.69,FALSE
11,31,female,11,old,a,0,3.644200000047704,59,9,-67,40,31,-61,0.333333333,3.333333333,-3,51.80304581,45.63867755,6.164368259,-67,-61,-6,-0.25,-0.69,0.44,FALSE
11,31,female,12,old,a,0,6.641500000000065,98,42,-26,70,68,-24,38,38,0,50.70174224,43.84822307,6.853519172,-26,-24,-2,-0.12,-0.71,0.59,FALSE
11,31,female,13,old,a,0,1.094400000035762,48,21,-20,41,36,-10,16.33333333,22.33333333,-6,27.95631513,22.9540604,5.002254727,-20,-10,-10,-0.25,-0.68,0.43,FALSE
11,31,female,14,old,a,0,1.074300000011931,57,44,-13,53,29,-3,29.33333333,26.33333333,3,30.40102337,22.93953405,7.461489329,-13,-3,-10,-0.61,-0.17,-0.44,FALSE
11,31,female,15,old,b,1,1.9455999999642015,91,79,-11,99,39,-6,53,44,9,45.51922671,43.01162634,2.507600372,-11,-6,-5,-0.67,0.17,-0.84,FALSE
11,31,female,16,old,a,0,1.4919000000356846,85,68,-15,91,43,-5,46,43,3,43.68828981,39.19183588,4.496453927,-15,-5,-10,-0.63,0,-0.63,FALSE
11,31,female,17,old,a,0,1.9375,85,24,-45,67,54,-39,21.33333333,27.33333333,-6,53.10576449,47.20404879,5.901715701,-45,-39,-6,-0.08,-0.67,0.59,FALSE
11,31,female,18,old,a,0,1.5607999999523372,98,58,-16,96,41,-6,46.66666667,43.66666667,3,47.22522866,41.6839964,5.541232266,-16,-6,-10,-0.35,0.1,-0.45,FALSE
11,31,female,19,old,b,1,1.7414999999999736,91,22,-54,72,61,-47,19.66666667,28.66666667,-9,59.21899095,53.69254035,5.526450601,-54,-47,-7,-0.06,-0.68,0.62,FALSE
11,31,female,21,old,b,1,1.7756999999880918,73,52,-43,84,13,-33,27.33333333,21.33333333,6,50.4667107,48.12714642,2.339564283,-43,-33,-10,-0.62,0.25,-0.87,FALSE
11,31,female,22,old,a,0,11.440599999964206,56,8,-52,40,33,-43,4,10,-6,44.18144407,37.58545818,6.595985888,-52,-43,-9,-0.14,-0.69,0.55,FALSE
11,31,female,23,old,b,1,1.5588999999762336,96,19,-78,77,43,-74,12.33333333,15.33333333,-3,71.19144768,64.67525716,6.516190515,-78,-74,-4,-0.14,-0.56,0.42,FALSE
11,31,female,24,old,a,0,1.7396999999880336,64,62,-48,70,29,-39,26,20,6,52.33227175,44.95182607,7.380445685,-48,-39,-9,-0.71,-0.29,-0.42,FALSE
11,31,female,25,old,b,1,1.3900999999642636,79,16,-61,58,42,-57,11.33333333,14.33333333,-3,57.24993935,50.86146762,6.388471726,-61,-57,-4,-0.12,-0.65,0.53,FALSE
11,31,female,26,old,a,0,1.4383000000119637,79,40,-26,73,13,-20,31,22,9,43.33589736,38.49675311,4.83914425,-26,-20,-6,-0.3,0.34,-0.64,FALSE
11,31,female,27,old,a,0,1.744699999988029,92,2,-70,66,50,-65,8,17,-9,66.2721661,58.34952156,7.92264454,-70,-65,-5,0.14,-0.67,0.81,FALSE
11,31,female,28,old,a,0,1.6231000000237827,80,43,-35,75,18,-32,29.33333333,20.33333333,9,47.93282336,43.71371511,4.219108251,-35,-32,-3,-0.4,0.08,-0.48,FALSE
11,31,female,29,old,b,1,2.0881000000238146,60,5,-41,53,30,-32,8,17,-9,41.28760912,35.89800366,5.389605459,-41,-32,-9,0.11,-0.5,0.61,FALSE
11,31,female,30,old,a,0,1.0443000000119582,82,11,-76,60,51,-67,5.666666667,14.66666667,-9,64.61338011,57.86382482,6.749555292,-76,-67,-9,-0.12,-0.69,0.57,FALSE
11,31,female,31,old,b,1,0.9911000000238346,57,19,-12,42,29,-7,21.33333333,21.33333333,0,28.21740991,20.72572208,7.491687838,-12,-7,-5,0.12,-0.5,0.62,FALSE
11,31,female,32,old,a,0,1.338099999964243,79,13,-40,74,33,-37,17.33333333,23.33333333,-6,48.67808085,45.82818153,2.849899325,-40,-37,-3,0.13,-0.31,0.44,FALSE
11,31,female,33,old,a,0,1.075100000023781,70,57,-28,78,40,-19,33,33,0,43.45879274,39.90822806,3.550564686,-28,-19,-9,-0.66,-0.26,-0.4,FALSE
11,31,female,34,old,a,0,1.156500000000051,46,30,-55,47,6,-50,7,1,6,44.32456054,39.75759885,4.566961681,-55,-50,-5,-0.64,-0.19,-0.45,FALSE
11,31,female,35,old,a,0,1.2903000000119391,79,63,-12,80,36,-4,43.33333333,37.33333333,6,39.6680672,34.30581421,5.362252988,-12,-4,-8,-0.62,0.06,-0.68,FALSE
11,31,female,36,old,a,0,1.3726000000237946,46,32,-39,42,9,-30,13,7,6,37.21110945,29.42787794,7.783231513,-39,-30,-9,-0.63,-0.1,-0.53,FALSE
11,31,female,37,old,a,0,3.2558999999761227,65,57,-40,69,18,-32,27.33333333,18.33333333,9,47.72374205,41.23375101,6.489991045,-40,-32,-8,-0.69,0.01,-0.7,FALSE
11,31,female,38,old,a,0,1.3916000000239137,74,21,-46,56,42,-40,16.33333333,19.33333333,-3,49.10080334,42.34251869,6.758284654,-46,-40,-6,-0.14,-0.65,0.51,FALSE
11,31,female,39,old,a,0,1.427500000000009,79,64,-29,81,28,-22,38,29,9,47.77028365,42.05551886,5.714764789,-29,-22,-7,-0.66,0.04,-0.7,FALSE
11,31,female,40,old,b,1,1.389899999976251,77,69,-21,82,39,-14,41.66666667,35.66666667,6,44.43222054,39.26264835,5.16957219,-21,-14,-7,-0.69,-0.13,-0.56,FALSE
11,31,female,41,old,b,1,3.0245999999642663,53,8,-35,40,19,-33,8.666666667,8.666666667,0,35.92894222,30.68477726,5.244164957,-35,-33,-2,0.03,-0.47,0.5,FALSE
11,31,female,42,old,b,1,1.5299000000356957,53,40,-11,50,25,-2,27.33333333,24.33333333,3,27.62044331,21.23414441,6.386298903,-11,-2,-9,-0.59,-0.05,-0.54,FALSE
11,31,female,0,new,b,1,1.4885000000000446,66,47,-58,95,21,-52,18.33333333,21.33333333,-3,54.53031777,60.01296156,-5.482643798,-58,-52,-6,-0.64,0.01,-0.65,FALSE
11,31,female,2,new,b,1,1.2571000000237973,45,26,-62,73,18,-55,3,12,-9,46.61187259,52.42772803,-5.815855439,-62,-55,-7,-0.62,-0.17,-0.45,FALSE
11,31,female,3,new,b,1,1.511300000011829,44,31,-57,70,16,-50,6,12,-6,44.86275367,49.07137659,-4.208622918,-57,-50,-7,-0.66,-0.12,-0.54,FALSE
11,31,female,4,new,a,0,1.3737999999522117,71,38,-70,91,1,-62,13,10,3,60.21627687,62.78534861,-2.56907174,-70,-62,-8,-0.55,0.21,-0.76,FALSE
11,31,female,5,new,b,1,2.0400000000000773,49,45,-36,87,24,-26,19.33333333,28.33333333,-9,39.16063783,46.23370584,-7.073068005,-36,-26,-10,-0.7,0.14,-0.84,FALSE
11,31,female,6,new,a,0,2.054499999999962,72,42,-20,78,6,-17,31.33333333,22.33333333,9,38.30868773,40.46672158,-2.158033852,-20,-17,-3,-0.4,0.54,-0.94,FALSE
11,31,female,7,new,a,0,1.15689999997619,31,25,-52,57,4,-48,1.333333333,4.333333333,-3,37.79182745,42.86671851,-5.074891054,-52,-48,-4,-0.69,0.01,-0.7,FALSE
11,31,female,8,new,a,0,1.7908000000118136,53,40,-78,88,6,-70,5,8,-3,58.92933621,64.51873113,-5.589394916,-78,-70,-8,-0.68,0.05,-0.73,FALSE
11,31,female,9,new,a,0,1.3610000000001037,85,51,-7,92,14,-4,43,34,9,37.98245209,41.66533331,-3.682881223,-7,-4,-3,-0.31,0.61,-0.92,FALSE
11,31,female,10,new,a,0,1.1898000000119282,54,34,-67,84,8,-62,7,10,-3,52.95910372,59.62102537,-6.661921656,-67,-62,-5,-0.63,0.05,-0.68,FALSE
11,31,female,11,new,b,1,1.06040000003577,38,17,-31,62,16,-27,8,17,-9,28.87905816,36.34097779,-7.461919633,-31,-27,-4,-0.44,0.04,-0.48,FALSE
11,31,female,12,new,b,1,1.12809999996432,73,23,-91,92,2,-89,1.666666667,1.666666667,0,68.63105873,73.89331649,-5.262257764,-91,-89,-2,-0.44,-0.01,-0.43,FALSE
11,31,female,13,new,b,1,4.074200000047654,38,36,-51,71,20,-41,7.666666667,16.66666667,-9,41.49163236,45.78451946,-4.292887105,-51,-41,-10,-0.71,-0.11,-0.6,FALSE
11,31,female,14,new,b,1,1.3384999999999536,37,15,-44,59,10,-34,2.666666667,11.66666667,-9,34.19876541,37.9853773,-3.786611894,-44,-34,-10,-0.49,0.07,-0.56,FALSE
11,31,female,15,new,a,0,1.3213999999761654,88,50,-27,96,11,-23,37,28,9,47.84001115,50.04664491,-2.206633761,-27,-23,-4,-0.39,0.47,-0.86,FALSE
11,31,female,16,new,a,0,1.2563999999762243,82,49,-19,98,16,-11,37.33333333,34.33333333,3,42.05023451,46.34891824,-4.298683734,-19,-11,-8,-0.39,0.53,-0.92,FALSE
11,31,female,17,new,a,0,2.103199999988078,68,52,-62,94,9,-54,19.33333333,16.33333333,3,57.88110419,60.64285247,-2.761748279,-62,-54,-8,-0.67,0.18,-0.85,FALSE
11,31,female,18,new,a,0,1.3071999999881427,79,50,-10,95,17,-2,39.66666667,36.66666667,3,37.06151043,41.97088938,-4.90937895,-10,-2,-8,-0.4,0.6,-1,FALSE
11,31,female,19,new,a,0,2.3451000000238764,47,44,-54,78,9,-50,12.33333333,12.33333333,0,46.92073695,52.3089115,-5.388174553,-54,-50,-4,-0.7,0.1,-0.8,FALSE
11,31,female,20,new,b,1,1.3764999999999643,62,44,-43,91,27,-37,21,27,-6,45.84757355,52.25578118,-6.408207634,-43,-37,-6,-0.63,0,-0.63,FALSE
11,31,female,21,new,a,0,1.3885999999641854,86,41,-34,96,4,-25,31,25,6,49.49747468,51.58165048,-2.084175801,-34,-25,-9,-0.29,0.54,-0.83,FALSE
11,31,female,22,new,a,0,1.975500000000011,80,38,-19,90,6,-15,33,27,6,40.57092555,45.36518489,-4.794259339,-19,-15,-4,-0.18,0.6,-0.78,FALSE
11,31,female,23,new,a,0,2.155499999999961,73,45,-52,99,1,-43,22,19,3,53.55993528,59.35205697,-5.792121696,-52,-43,-9,-0.56,0.43,-0.99,FALSE
11,31,female,24,new,a,0,2.587999999999965,44,36,-47,66,12,-45,11,11,0,41.14203041,45.32107677,-4.17904636,-47,-45,-2,-0.69,-0.03,-0.66,FALSE
11,31,female,25,new,a,0,1.2900999999642409,89,36,-51,98,7,-49,24.66666667,18.66666667,6,57.71385353,60.5768566,-2.863003074,-51,-49,-2,-0.29,0.28,-0.57,FALSE
11,31,female,26,new,b,1,1.0910999999642854,42,23,-11,63,18,-9,18,24,-6,21.92411154,29.69848481,-7.774373273,-11,-9,-2,-0.33,0.29,-0.62,FALSE
11,31,female,27,new,a,0,1.1573999999761782,78,57,-50,98,6,-46,28.33333333,19.33333333,9,56.04958123,59.5389695,-3.489388273,-50,-46,-4,-0.63,0.32,-0.95,FALSE
11,31,female,28,new,a,0,1.079700000047751,54,51,-50,87,14,-46,18.33333333,18.33333333,0,48.33448274,54.3834125,-6.048929759,-50,-46,-4,-0.71,0.12,-0.83,FALSE
11,31,female,29,new,b,1,1.1610999999642218,68,60,-38,99,37,-28,30,36,-6,48.19405219,51.85235449,-3.658302303,-38,-28,-10,-0.69,-0.03,-0.66,FALSE
11,31,female,30,new,b,1,1.7266000000238364,87,54,-16,96,14,-12,41.66666667,32.66666667,9,42.94440851,46.02414825,-3.079739742,-16,-12,-4,-0.41,0.54,-0.95,FALSE
11,31,female,31,new,b,1,1.3560000000001082,69,50,-40,89,13,-32,26.33333333,23.33333333,3,47.54179448,49.93551397,-2.393719493,-40,-32,-8,-0.62,0.3,-0.92,FALSE
11,31,female,32,new,a,0,1.011800000011931,43,31,-49,75,8,-40,8.333333333,14.33333333,-6,40.83571422,47.16166051,-6.325946295,-49,-40,-9,-0.66,0.2,-0.86,FALSE
11,31,female,33,new,a,0,1.8136999999881027,58,27,-46,74,5,-40,13,13,0,43.59663596,46.88283268,-3.286196723,-46,-40,-6,-0.45,0.25,-0.7,FALSE
11,31,female,34,new,a,0,3.30680000001189,32,24,-44,60,15,-36,4,13,-9,34.09789827,39.2173431,-5.119444829,-44,-36,-8,-0.68,-0.08,-0.6,FALSE
11,31,female,35,new,a,0,1.2411000000238346,56,21,-48,76,2,-40,9.666666667,12.66666667,-3,43.20750964,47.95368136,-4.74617172,-48,-40,-8,-0.38,0.32,-0.7,FALSE
11,31,female,36,new,b,1,1.2939999999999827,59,30,-17,77,20,-7,24,30,-6,31.31559782,35.0142828,-3.698684983,-17,-7,-10,-0.28,0.41,-0.69,FALSE
11,31,female,37,new,a,0,1.2459000000357037,75,48,-36,95,7,-33,29,23,6,47.26520919,53.46650042,-6.201291223,-36,-33,-3,-0.54,0.42,-0.96,FALSE
11,31,female,38,new,a,0,1.1126000000238037,80,48,-26,89,7,-21,34,25,9,44.39219151,46.6761895,-2.283997999,-26,-21,-5,-0.44,0.52,-0.96,FALSE
11,31,female,39,new,b,1,1.7069999999999936,69,45,-22,90,19,-17,30.66666667,30.66666667,0,38.50829636,44.45472103,-5.94642467,-22,-17,-5,-0.51,0.38,-0.89,FALSE
11,31,female,40,new,a,0,1.608000000000061,86,32,-13,90,5,-8,35,29,6,40.47221269,43.45879274,-2.986580053,-13,-8,-5,0.11,0.66,-0.55,FALSE
11,31,female,41,new,a,0,0.8533000000119273,73,53,-41,99,7,-39,28.33333333,22.33333333,6,49.70133019,57.37207993,-7.670749745,-41,-39,-2,-0.62,0.38,-1,FALSE
11,31,female,42,new,a,0,1.47409999996421,72,24,-83,93,6,-77,4.333333333,7.333333333,-3,64.78854494,69.40861298,-4.620068037,-83,-77,-6,-0.43,0.03,-0.46,FALSE
12,52,female,0,old,b,1,8.016600000023857,95,48,-30,71,67,-25,37.66666667,37.66666667,0,51.55148451,44.3421044,7.209380118,-30,-25,-5,-0.29,-0.7,0.41,FALSE
12,52,female,1,old,b,1,2.3902000000476846,81,24,-16,74,4,-7,29.66666667,23.66666667,6,39.80228916,35.8732336,3.929055559,-16,-7,-9,0.21,0.66,-0.45,FALSE
12,52,female,2,old,b,1,2.710200000047678,64,24,-23,50,35,-20,21.66666667,21.66666667,0,35.55590278,30.09245014,5.463452634,-23,-20,-3,-0.1,-0.58,0.48,FALSE
12,52,female,3,old,b,1,2.576399999976161,97,58,-61,98,20,-51,31.33333333,22.33333333,9,67.20284386,60.85136719,6.351476665,-61,-51,-10,-0.53,0.06,-0.59,FALSE
12,52,female,4,old,b,1,1.7126000000238548,77,25,-58,53,45,-54,14.66666667,14.66666667,0,55.59576323,48.66438351,6.93137972,-58,-54,-4,-0.27,-0.69,0.42,FALSE
12,52,female,5,old,b,1,1.658899999976171,93,64,-10,95,40,-6,49,43,6,43.36665386,41.28760912,2.079044738,-10,-6,-4,-0.48,0.11,-0.59,FALSE
12,52,female,6,old,b,1,2.374599999904632,88,17,-44,82,43,-37,20.33333333,29.33333333,-9,53.94029621,49.5333782,4.406918017,-44,-37,-7,0.09,-0.39,0.48,FALSE
12,52,female,7,old,b,1,3.457299999952312,80,72,-12,88,45,-2,46.66666667,43.66666667,3,41.61196409,36.7544404,4.857523695,-12,-2,-10,-0.69,-0.05,-0.64,FALSE
12,52,female,8,old,a,0,5.356499999999983,70,12,-66,45,34,-63,5.333333333,5.333333333,0,55.72152985,48.52719741,7.194332436,-66,-63,-3,-0.18,-0.68,0.5,FALSE
12,52,female,9,old,b,1,4.224699999928447,61,54,-82,79,11,-75,11,5,6,65.82299497,63.01322612,2.809768844,-82,-75,-7,-0.7,-0.14,-0.56,FALSE
12,52,female,10,old,b,1,4.912799999952313,55,15,-13,42,31,-7,19,22,-3,27.90459938,20.99206199,6.91253739,-13,-7,-6,0.21,-0.56,0.77,FALSE
12,52,female,11,old,b,1,5.141799999952326,76,3,-64,59,38,-55,5,14,-9,57.17225434,49.53786431,7.634390037,-64,-55,-9,0.05,-0.61,0.66,FALSE
12,52,female,12,old,b,1,4.143000000000001,75,4,-67,57,43,-61,4,13,-9,57.97125725,52.63712252,5.334134731,-67,-61,-6,0,-0.67,0.67,FALSE
12,52,female,14,old,a,0,5.261199999928465,90,44,-48,88,16,-45,28.66666667,19.66666667,9,57.37207993,54.3588897,3.013190235,-48,-45,-3,-0.38,0.1,-0.48,FALSE
12,52,female,15,old,a,0,4.277700000047702,56,42,-72,65,9,-66,8.666666667,2.666666667,6,57.32558087,53.66770185,3.657879018,-72,-66,-6,-0.68,-0.18,-0.5,FALSE
12,52,female,16,old,b,1,6.0912000000477065,93,31,-8,70,68,-4,38.66666667,44.66666667,-6,41.5879256,34.42221505,7.165710549,-8,-4,-4,0.27,-0.71,0.98,FALSE
12,52,female,17,old,b,1,3.8278999999761822,92,60,-21,99,43,-11,43.66666667,43.66666667,0,47.55581516,44.90978611,2.646029045,-21,-11,-10,-0.47,0.02,-0.49,FALSE
12,52,female,18,old,b,1,3.892100000023845,53,9,-17,37,30,-13,15,18,-3,28.89059824,22.10580618,6.784792065,-17,-13,-4,0.3,-0.65,0.95,FALSE
12,52,female,19,old,b,1,2.94370000004767,83,50,-11,85,29,-1,40.66666667,37.66666667,3,38.93869826,35.64017708,3.298521182,-11,-1,-10,-0.35,0.35,-0.7,FALSE
12,52,female,20,old,b,1,4.0411000000238175,94,70,-40,98,38,-30,41.33333333,35.33333333,6,58.33999962,52.2897908,6.050208816,-40,-30,-10,-0.62,-0.08,-0.54,FALSE
12,52,female,21,old,a,0,5.291299999952315,80,10,-63,59,46,-60,9,15,-6,58.3837877,53.2979049,5.085882805,-63,-60,-3,-0.03,-0.68,0.65,FALSE
12,52,female,22,old,b,1,3.941199999928472,99,35,-16,88,50,-11,39.33333333,42.33333333,-3,47.0484384,40.77853466,6.269903738,-16,-11,-5,0.14,-0.28,0.42,FALSE
12,52,female,23,old,b,1,5.210299999952326,85,2,-81,57,52,-76,2,11,-9,67.76921622,61.55214591,6.217070303,-81,-76,-5,0,-0.7,0.7,FALSE
12,52,female,24,old,b,1,2.723899999976169,67,11,-13,61,36,-5,21.66666667,30.66666667,-9,33.51948024,27.20702524,6.312455003,-13,-5,-8,0.45,-0.29,0.74,FALSE
12,52,female,25,old,b,1,2.8102000000477005,99,51,-13,95,36,-3,45.66666667,42.66666667,3,45.87906809,40.28509512,5.59397297,-13,-3,-10,-0.17,0.24,-0.41,FALSE
12,52,female,26,old,b,1,5.758899999976137,63,2,-47,49,23,-45,6,9,-3,44.99629614,39.63163719,5.36465895,-47,-45,-2,0.13,-0.49,0.62,FALSE
12,52,female,27,old,a,0,8.275899999976161,84,27,-36,73,4,-29,25,16,9,49.01020302,42.49705872,6.513144298,-36,-29,-7,-0.06,0.4,-0.46,FALSE
12,52,female,28,old,b,1,5.77580000007157,80,2,-60,69,30,-50,7.333333333,16.33333333,-9,57.27904406,49.5333782,7.745665868,-60,-50,-10,0.14,-0.39,0.53,FALSE
12,52,female,29,old,b,1,2.977199999928473,66,31,-13,68,19,-3,28,28,0,32.3213036,29.67602849,2.645275119,-13,-3,-10,-0.14,0.43,-0.57,FALSE
12,52,female,30,old,b,1,1.6601000000238173,93,58,-8,94,41,-1,47.66666667,44.66666667,3,41.87547678,38.87015422,3.005322563,-8,-1,-7,-0.36,0.14,-0.5,FALSE
12,52,female,31,old,b,1,2.3461000000238528,88,33,-10,73,59,-3,37,43,-6,40.10818703,33.02524287,7.082944157,-10,-3,-7,0.15,-0.61,0.76,FALSE
12,52,female,32,old,a,0,6.123700000047677,91,54,-88,96,14,-80,19,10,9,77.1535266,71.90734779,5.246178806,-88,-80,-8,-0.59,-0.08,-0.51,FALSE
12,52,female,33,old,b,1,3.024899999976128,74,43,-22,76,14,-13,31.66666667,25.66666667,6,40.00277768,37.25885428,2.743923402,-22,-13,-9,-0.4,0.44,-0.84,FALSE
12,52,female,34,old,b,1,2.409600000023886,91,67,-10,95,46,-2,49.33333333,46.33333333,3,43.08389748,39.60078563,3.483111855,-10,-2,-8,-0.55,0.01,-0.56,FALSE
12,52,female,35,old,b,1,5.32650000000001,53,8,-34,41,23,-28,9,12,-3,35.52463934,29.22327839,6.301360944,-34,-28,-6,0.04,-0.51,0.55,FALSE
12,52,female,36,old,b,1,2.40920000004769,91,75,-12,94,55,-4,51.33333333,48.33333333,3,45.25728916,40.28509512,4.97219404,-12,-4,-8,-0.64,-0.24,-0.4,FALSE
12,52,female,37,old,b,1,5.758899999976165,83,23,-56,70,49,-51,16.66666667,22.66666667,-6,56.92294987,52.7909925,4.131957375,-56,-51,-5,-0.17,-0.62,0.45,FALSE
12,52,female,38,old,a,0,6.658500000000004,98,41,-24,75,68,-19,38.33333333,41.33333333,-3,49.8419725,42.75771535,7.084257142,-24,-19,-5,-0.08,-0.69,0.61,FALSE
12,52,female,39,old,b,1,4.558200000047691,91,81,-24,99,44,-22,49.33333333,40.33333333,9,52.01495511,49.46603773,2.548917383,-24,-22,-2,-0.69,-0.11,-0.58,FALSE
12,52,female,40,old,b,1,3.6755,69,24,-23,60,43,-15,23.33333333,29.33333333,-6,37.56180093,32.10745846,5.454342465,-23,-15,-8,-0.03,-0.56,0.53,FALSE
12,52,female,41,old,b,1,6.743100000023844,67,19,-22,60,38,-16,21.33333333,27.33333333,-6,36.37153955,31.93048004,4.441059506,-22,-16,-6,0.1,-0.46,0.56,FALSE
12,52,female,42,old,b,1,2.10869999992849,68,25,-12,60,2,-8,27,18,9,32.69046752,29.97776954,2.712697979,-12,-8,-4,0.09,0.65,-0.56,FALSE
12,52,female,0,new,b,1,8.172900000095353,66,55,-73,97,23,-63,16,19,-3,63.09252465,65.38093504,-2.28841039,-73,-63,-10,-0.69,-0.09,-0.6,FALSE
12,52,female,1,new,b,1,5.426700000047674,65,35,-38,81,15,-34,20.66666667,20.66666667,0,43.25377312,47.1192341,-3.865460983,-38,-34,-4,-0.46,0.18,-0.64,FALSE
12,52,female,2,new,b,1,5.314299999952368,56,39,-80,86,11,-73,5,8,-3,60.50344343,64.94613152,-4.442688096,-80,-73,-7,-0.67,-0.07,-0.6,FALSE
12,52,female,3,new,b,1,3.859900000095365,60,59,-71,98,2,-61,16,13,3,61.51964456,65.37583651,-3.856191956,-71,-61,-10,-0.71,0.25,-0.96,FALSE
12,52,female,4,new,b,1,2.093999999999994,40,34,-14,62,29,-4,20,29,-9,24.16609195,26.94438717,-2.778295223,-14,-4,-10,-0.67,0,-0.67,FALSE
12,52,female,5,new,b,1,2.841699999928494,70,31,-60,87,5,-51,13.66666667,13.66666667,0,54.46915539,56.6705881,-2.20143271,-60,-51,-9,-0.45,0.23,-0.68,FALSE
12,52,female,6,new,b,1,5.896800000071494,86,35,-10,92,6,-5,37,31,6,39.2173431,43.36665386,-4.149310754,-10,-5,-5,0.08,0.67,-0.59,FALSE
12,52,female,7,new,b,1,3.8766000000238137,75,60,-69,99,6,-66,22,13,9,64.63745044,67.54257916,-2.905128718,-69,-66,-3,-0.68,0.15,-0.83,FALSE
12,52,female,8,new,b,1,2.926499999999976,58,27,-28,78,17,-20,19,25,-6,35.56215217,40.40627014,-4.844117975,-28,-20,-8,-0.33,0.29,-0.62,FALSE
12,52,female,9,new,b,1,3.427799999952356,83,52,-36,96,9,-33,33,24,9,50.4050262,53.72150407,-3.31647787,-36,-33,-3,-0.51,0.4,-0.91,FALSE
12,52,female,11,new,b,1,2.6277999999523445,62,41,-30,88,24,-21,24.33333333,30.33333333,-6,39.36439452,44.723844,-5.359449486,-30,-21,-9,-0.56,0.21,-0.77,FALSE
12,52,female,12,new,a,0,10.025100000023883,85,45,-46,95,4,-42,28,19,9,54.81483984,56.92685365,-2.112013812,-46,-42,-4,-0.44,0.38,-0.82,FALSE
12,52,female,13,new,b,1,3.890699999928472,63,62,-52,88,34,-49,24.33333333,24.33333333,0,53.97736151,56.34615239,-2.368790878,-52,-49,-3,-0.71,-0.25,-0.46,FALSE
12,52,female,14,new,b,1,5.410299999952315,74,29,-58,96,13,-55,15,18,-3,54.79051013,61.74679479,-6.956284661,-58,-55,-3,-0.37,0.12,-0.49,FALSE
12,52,female,15,new,b,1,5.9114999999999895,51,25,-16,72,5,-8,20,23,-3,27.58018612,35.05234181,-7.47215569,-16,-8,-8,-0.27,0.63,-0.9,FALSE
12,52,female,16,new,b,1,4.625800000071536,62,43,-86,99,27,-80,6.333333333,15.33333333,-9,65.74867975,73.54061614,-7.79193639,-86,-80,-6,-0.66,-0.23,-0.43,FALSE
12,52,female,17,new,a,0,6.276999999999987,59,17,-45,75,4,-39,10.33333333,13.33333333,-3,42.71871825,47.00590979,-4.287191544,-45,-39,-6,-0.23,0.29,-0.52,FALSE
12,52,female,18,new,a,0,7.430100000023856,74,56,-98,99,2,-96,10.66666667,1.666666667,9,77.18952145,79.60876557,-2.4192441160000002,-98,-96,-2,-0.68,-0.01,-0.67,FALSE
12,52,female,19,new,b,1,3.607899999976155,65,61,-27,97,23,-21,33,33,0,42.45782221,48.68949236,-6.231670156,-27,-21,-6,-0.7,0.3,-1,FALSE
12,52,female,20,new,b,1,8.027399999976126,45,40,-49,77,30,-44,12,21,-9,43.18178628,49.80629144,-6.624505153,-49,-44,-5,-0.7,-0.27,-0.43,FALSE
12,52,female,21,new,a,0,6.62689999997616,83,36,-11,86,2,-7,36,27,9,38.3753393,41.88078318,-3.505443879,-11,-7,-4,0,0.68,-0.68,FALSE
12,52,female,22,new,a,0,3.860799999952292,59,53,-70,91,2,-60,14,11,3,59.44745579,61.97311245,-2.525656659,-70,-60,-10,-0.7,0.21,-0.91,FALSE
12,52,female,23,new,b,1,3.808299999952282,73,35,-13,82,8,-4,31.66666667,28.66666667,3,35.18838192,38.02922853,-2.840846604,-13,-4,-9,-0.14,0.65,-0.79,FALSE
12,52,female,24,new,b,1,6.642499999999984,82,41,-36,94,3,-28,29,23,6,48.91489207,51.77515492,-2.860262842,-36,-28,-8,-0.35,0.52,-0.87,FALSE
12,52,female,25,new,b,1,8.142100000023845,73,32,-44,95,17,-42,20.33333333,23.33333333,-3,48.47221426,56.10902086,-7.6368066,-44,-42,-2,-0.35,0.17,-0.52,FALSE
12,52,female,26,new,a,0,5.525600000023815,84,38,-47,98,2,-43,25,19,6,54.26478293,58.80476171,-4.53997878,-47,-43,-4,-0.35,0.41,-0.76,FALSE
12,52,female,27,new,b,1,8.261600000023861,35,19,-36,66,5,-26,6,15,-9,30.40833219,38.21866909,-7.810336894,-36,-26,-10,-0.56,0.37,-0.93,FALSE
12,52,female,28,new,b,1,4.643599999904609,72,24,-26,91,16,-19,23.33333333,29.33333333,-6,40.01110957,45.88633299,-5.875223425,-26,-19,-7,-0.02,0.41,-0.43,FALSE
12,52,female,29,new,b,1,2.475399999976162,61,33,-4,66,7,-1,30,24,6,26.62079388,29.87752779,-3.25673391,-4,-1,-3,-0.17,0.67,-0.84,FALSE
12,52,female,30,new,b,1,7.125899999976127,75,51,-33,96,10,-31,31,25,6,46.30334761,52.92132525,-6.617977643,-33,-31,-2,-0.57,0.4,-0.97,FALSE
12,52,female,31,new,b,1,4.759999999999991,76,31,-39,96,19,-29,22.66666667,28.66666667,-6,47.31689856,51.48678363,-4.169885078,-39,-29,-10,-0.26,0.28,-0.54,FALSE
12,52,female,32,new,b,1,4.44169999992846,59,34,-23,76,30,-18,23.33333333,29.33333333,-6,34.31552936,38.37823457,-4.062705208,-23,-18,-5,-0.44,-0.03,-0.41,FALSE
12,52,female,33,new,b,1,2.963399999976218,57,33,-39,75,10,-34,17,17,0,40.79215611,44.77350407,-3.981347961,-39,-34,-5,-0.53,0.23,-0.76,FALSE
12,52,female,34,new,b,1,2.394000000000005,94,45,-8,97,10,-3,43.66666667,34.66666667,9,41.65199742,44.39469438,-2.74269696,-8,-3,-5,-0.05,0.66,-0.71,FALSE
12,52,female,35,new,b,1,7.009999999999991,71,36,-38,93,11,-35,23,23,0,45.43860326,52.94021786,-7.501614591,-38,-35,-3,-0.41,0.33,-0.74,FALSE
12,52,female,36,new,b,1,2.192200000047705,67,34,-14,82,3,-7,29,26,3,33.2565783,39.80787192,-6.551293622,-14,-7,-7,-0.22,0.67,-0.89,FALSE
12,52,female,37,new,b,1,3.027100000023779,41,39,-29,73,26,-21,17,26,-9,32.53715825,38.3753393,-5.838181059,-29,-21,-8,-0.71,0,-0.71,FALSE
12,52,female,38,new,b,1,8.307500000000005,82,33,-22,91,7,-14,31,28,3,42.48136847,45.36518489,-2.883816424,-22,-14,-8,-0.07,0.6,-0.67,FALSE
12,52,female,39,new,b,1,1.7278999999762163,56,49,-15,84,31,-7,30,36,-6,31.94787421,37.31844941,-5.370575202,-15,-7,-8,-0.68,0.2,-0.88,FALSE
12,52,female,40,new,b,1,4.325599999904625,67,58,-29,93,49,-19,32,41,-9,43.28972164,46.07240678,-2.782685138,-29,-19,-10,-0.68,-0.26,-0.42,FALSE
12,52,female,41,new,b,1,4.796499999999924,62,55,-78,93,7,-70,13,10,3,64.41014413,66.57827473,-2.168130606,-78,-70,-8,-0.7,0.07,-0.77,FALSE
12,52,female,42,new,b,1,3.528100000023869,76,38,-12,82,9,-7,34,28,6,36.037018,38.73843914,-2.701421131,-12,-7,-5,-0.17,0.62,-0.79,FALSE
12,52,female,0,old,b,1,2.840399999976057,48,3,-24,46,23,-15,9,18,-9,29.69848481,25.15286597,4.545618837,-24,-15,-9,0.29,-0.29,0.58,FALSE
12,52,female,1,old,b,1,1.69760000002384,87,78,-16,94,52,-6,49.66666667,46.66666667,3,46.57848812,40.99864496,5.579843156,-16,-6,-10,-0.69,-0.19,-0.5,FALSE
12,52,female,2,old,b,1,1.6101000000238628,53,40,-11,50,25,-2,27.33333333,24.33333333,3,27.62044331,21.23414441,6.386298903,-11,-2,-9,-0.59,-0.05,-0.54,FALSE
12,52,female,3,old,b,1,1.7287999999523436,91,79,-11,99,39,-6,53,44,9,45.51922671,43.01162634,2.507600372,-11,-6,-5,-0.67,0.17,-0.84,FALSE
12,52,female,4,old,b,1,3.625799999952278,57,19,-12,42,29,-7,21.33333333,21.33333333,0,28.21740991,20.72572208,7.491687838,-12,-7,-5,0.12,-0.5,0.62,FALSE
12,52,female,5,old,b,1,3.193200000047682,82,11,-76,60,51,-67,5.666666667,14.66666667,-9,64.61338011,57.86382482,6.749555292,-76,-67,-9,-0.12,-0.69,0.57,FALSE
12,52,female,6,old,b,1,3.54329999995241,79,40,-26,73,13,-20,31,22,9,43.33589736,38.49675311,4.83914425,-26,-20,-6,-0.3,0.34,-0.64,FALSE
12,52,female,7,old,b,1,4.176000000000045,74,21,-46,56,42,-40,16.33333333,19.33333333,-3,49.10080334,42.34251869,6.758284654,-46,-40,-6,-0.14,-0.65,0.51,FALSE
12,52,female,8,old,b,1,2.492100000023811,65,13,-18,61,36,-10,20,29,-9,34.24422092,29.40521496,4.839005967,-18,-10,-8,0.3,-0.34,0.64,FALSE
12,52,female,9,old,b,1,4.512100000023793,79,64,-29,81,28,-22,38,29,9,47.77028365,42.05551886,5.714764789,-29,-22,-7,-0.66,0.04,-0.7,FALSE
12,52,female,10,old,b,1,5.0424999999999045,64,62,-48,70,29,-39,26,20,6,52.33227175,44.95182607,7.380445685,-48,-39,-9,-0.71,-0.29,-0.42,FALSE
12,52,female,11,old,b,1,1.975999999999999,65,57,-40,69,18,-32,27.33333333,18.33333333,9,47.72374205,41.23375101,6.489991045,-40,-32,-8,-0.69,0.01,-0.7,FALSE
12,52,female,12,old,b,1,3.113199999928497,99,52,-13,90,75,-9,46,52,-6,45.92022067,43.56604182,2.354178852,-13,-9,-4,-0.19,-0.64,0.45,FALSE
12,52,female,13,old,b,1,2.458899999976097,91,22,-54,72,61,-47,19.66666667,28.66666667,-9,59.21899095,53.69254035,5.526450601,-54,-47,-7,-0.06,-0.68,0.62,FALSE
12,52,female,14,old,b,1,2.6647000000476737,61,12,-35,44,34,-31,12.66666667,15.66666667,-3,39.19467084,33.24989557,5.944775267,-35,-31,-4,0.03,-0.66,0.69,FALSE
12,52,female,15,old,b,1,2.0268999999761945,79,63,-12,80,36,-4,43.33333333,37.33333333,6,39.6680672,34.30581421,5.362252988,-12,-4,-8,-0.62,0.06,-0.68,FALSE
12,52,female,16,old,b,1,5.176399999976184,96,19,-78,77,43,-74,12.33333333,15.33333333,-3,71.19144768,64.67525716,6.516190515,-78,-74,-4,-0.14,-0.56,0.42,FALSE
12,52,female,17,old,b,1,3.4420000000000077,63,16,-47,44,40,-43,10.66666667,13.66666667,-3,45.0653846,40.10264608,4.962738522,-47,-43,-4,-0.18,-0.7,0.52,FALSE
12,52,female,18,old,b,1,2.676700000047731,56,8,-52,40,33,-43,4,10,-6,44.18144407,37.58545818,6.595985888,-52,-43,-9,-0.14,-0.69,0.55,FALSE
12,52,female,20,old,b,1,4.459799999952338,82,31,-53,64,62,-48,20,26,-6,55.6596802,52.33227175,3.327408449,-53,-48,-5,-0.29,-0.71,0.42,FALSE
12,52,female,21,old,b,1,2.6268999999762173,59,9,-67,40,31,-61,0.333333333,3.333333333,-3,51.80304581,45.63867755,6.164368259,-67,-61,-6,-0.25,-0.69,0.44,FALSE
12,52,female,22,old,b,1,7.0294999999999845,70,57,-28,78,40,-19,33,33,0,43.45879274,39.90822806,3.550564686,-28,-19,-9,-0.66,-0.26,-0.4,FALSE
12,52,female,23,old,b,1,1.7425000000000637,78,43,-10,60,54,-3,37,37,0,36.17549815,28.39013913,7.785359021,-10,-3,-7,-0.24,-0.68,0.44,FALSE
12,52,female,24,old,b,1,1.5918999999761354,58,38,-11,53,25,-2,28.33333333,25.33333333,3,28.98658694,22.45489306,6.531693879,-11,-2,-9,-0.46,0.02,-0.48,FALSE
12,52,female,25,old,a,0,3.892100000023788,80,43,-35,75,18,-32,29.33333333,20.33333333,9,47.93282336,43.71371511,4.219108251,-35,-32,-3,-0.4,0.08,-0.48,FALSE
12,52,female,26,old,b,1,5.741599999904679,98,42,-26,70,68,-24,38,38,0,50.70174224,43.84822307,6.853519172,-26,-24,-2,-0.12,-0.71,0.59,FALSE
12,52,female,27,old,b,1,4.444100000023809,46,32,-39,42,9,-30,13,7,6,37.21110945,29.42787794,7.783231513,-39,-30,-9,-0.63,-0.1,-0.53,FALSE
12,52,female,28,old,a,0,4.3446000000237754,46,30,-55,47,6,-50,7,1,6,44.32456054,39.75759885,4.566961681,-55,-50,-5,-0.64,-0.19,-0.45,FALSE
12,52,female,29,old,b,1,4.975200000047721,48,21,-20,41,36,-10,16.33333333,22.33333333,-6,27.95631513,22.9540604,5.002254727,-20,-10,-10,-0.25,-0.68,0.43,FALSE
12,52,female,30,old,b,1,2.9124000000953174,57,44,-13,53,29,-3,29.33333333,26.33333333,3,30.40102337,22.93953405,7.461489329,-13,-3,-10,-0.61,-0.17,-0.44,FALSE
12,52,female,31,old,b,1,1.8093000000715165,85,68,-15,91,43,-5,46,43,3,43.68828981,39.19183588,4.496453927,-15,-5,-10,-0.63,0,-0.63,FALSE
12,52,female,32,old,b,1,16.89019999992854,60,5,-41,53,30,-32,8,17,-9,41.28760912,35.89800366,5.389605459,-41,-32,-9,0.11,-0.5,0.61,FALSE
12,52,female,33,old,b,1,4.178799999952275,74,5,-55,57,19,-52,8,8,0,52.70673581,45.17373868,7.532997129,-55,-52,-3,0.09,-0.35,0.44,FALSE
12,52,female,34,old,b,1,2.4421000000238564,70,51,-43,75,10,-34,26,17,9,49.40310382,44.77350407,4.629599747,-43,-34,-9,-0.63,0.23,-0.86,FALSE
12,52,female,35,old,b,1,6.511299999952371,73,52,-43,84,13,-33,27.33333333,21.33333333,6,50.4667107,48.12714642,2.339564283,-43,-33,-10,-0.62,0.25,-0.87,FALSE
12,52,female,36,old,b,1,3.80960000002392,85,24,-45,67,54,-39,21.33333333,27.33333333,-6,53.10576449,47.20404879,5.901715701,-45,-39,-6,-0.08,-0.67,0.59,FALSE
12,52,female,37,old,b,1,2.426899999976172,53,8,-35,40,19,-33,8.666666667,8.666666667,0,35.92894222,30.68477726,5.244164957,-35,-33,-2,0.03,-0.47,0.5,FALSE
12,52,female,38,old,b,1,2.1762999999523345,77,69,-21,82,39,-14,41.66666667,35.66666667,6,44.43222054,39.26264835,5.16957219,-21,-14,-7,-0.69,-0.13,-0.56,FALSE
12,52,female,39,old,b,1,4.311000000000036,79,16,-61,58,42,-57,11.33333333,14.33333333,-3,57.24993935,50.86146762,6.388471726,-61,-57,-4,-0.12,-0.65,0.53,FALSE
12,52,female,40,old,b,1,1.943600000023821,98,58,-16,96,41,-6,46.66666667,43.66666667,3,47.22522866,41.6839964,5.541232266,-16,-6,-10,-0.35,0.1,-0.45,FALSE
12,52,female,41,old,b,1,2.4802000000476028,92,2,-70,66,50,-65,8,17,-9,66.2721661,58.34952156,7.92264454,-70,-65,-5,0.14,-0.67,0.81,FALSE
12,52,female,42,old,b,1,1.825999999999908,79,13,-40,74,33,-37,17.33333333,23.33333333,-6,48.67808085,45.82818153,2.849899325,-40,-37,-3,0.13,-0.31,0.44,FALSE
12,52,female,0,new,a,0,5.076199999928463,73,45,-52,99,1,-43,22,19,3,53.55993528,59.35205697,-5.792121696,-52,-43,-9,-0.56,0.43,-0.99,FALSE
12,52,female,1,new,a,0,3.79170000004774,58,27,-46,74,5,-40,13,13,0,43.59663596,46.88283268,-3.286196723,-46,-40,-6,-0.45,0.25,-0.7,FALSE
12,52,female,2,new,b,1,1.6926000000238446,86,32,-13,90,5,-8,35,29,6,40.47221269,43.45879274,-2.986580053,-13,-8,-5,0.11,0.66,-0.55,FALSE
12,52,female,3,new,b,1,3.343700000047648,69,45,-22,90,19,-17,30.66666667,30.66666667,0,38.50829636,44.45472103,-5.94642467,-22,-17,-5,-0.51,0.38,-0.89,FALSE
12,52,female,4,new,a,0,6.274499999999989,44,36,-47,66,12,-45,11,11,0,41.14203041,45.32107677,-4.17904636,-47,-45,-2,-0.69,-0.03,-0.66,FALSE
12,52,female,5,new,b,1,3.829300000071612,86,41,-34,96,4,-25,31,25,6,49.49747468,51.58165048,-2.084175801,-34,-25,-9,-0.29,0.54,-0.83,FALSE
12,52,female,6,new,b,1,2.1418000000714983,66,47,-58,95,21,-52,18.33333333,21.33333333,-3,54.53031777,60.01296156,-5.482643798,-58,-52,-6,-0.64,0.01,-0.65,FALSE
12,52,female,7,new,a,0,3.909399999976131,80,48,-26,89,7,-21,34,25,9,44.39219151,46.6761895,-2.283997999,-26,-21,-5,-0.44,0.52,-0.96,FALSE
12,52,female,8,new,b,1,5.010399999976244,45,26,-62,73,18,-55,3,12,-9,46.61187259,52.42772803,-5.815855439,-62,-55,-7,-0.62,-0.17,-0.45,FALSE
12,52,female,9,new,b,1,1.760899999976118,85,51,-7,92,14,-4,43,34,9,37.98245209,41.66533331,-3.682881223,-7,-4,-3,-0.31,0.61,-0.92,FALSE
12,52,female,10,new,a,0,3.659799999952384,68,52,-62,94,9,-54,19.33333333,16.33333333,3,57.88110419,60.64285247,-2.761748279,-62,-54,-8,-0.67,0.18,-0.85,FALSE
12,52,female,11,new,a,0,4.575500000000034,54,34,-67,84,8,-62,7,10,-3,52.95910372,59.62102537,-6.661921656,-67,-62,-5,-0.63,0.05,-0.68,FALSE
12,52,female,12,new,b,1,2.1747000000476646,82,49,-19,98,16,-11,37.33333333,34.33333333,3,42.05023451,46.34891824,-4.298683734,-19,-11,-8,-0.39,0.53,-0.92,FALSE
12,52,female,13,new,b,1,7.143100000023878,44,31,-57,70,16,-50,6,12,-6,44.86275367,49.07137659,-4.208622918,-57,-50,-7,-0.66,-0.12,-0.54,FALSE
12,52,female,14,new,a,0,2.179300000071521,72,42,-20,78,6,-17,31.33333333,22.33333333,9,38.30868773,40.46672158,-2.158033852,-20,-17,-3,-0.4,0.54,-0.94,FALSE
12,52,female,15,new,a,0,4.663900000095396,32,24,-44,60,15,-36,4,13,-9,34.09789827,39.2173431,-5.119444829,-44,-36,-8,-0.68,-0.08,-0.6,FALSE
12,52,female,16,new,b,1,1.7105000000000246,79,50,-10,95,17,-2,39.66666667,36.66666667,3,37.06151043,41.97088938,-4.90937895,-10,-2,-8,-0.4,0.6,-1,FALSE
12,52,female,17,new,b,1,6.3791000000237545,31,25,-52,57,4,-48,1.333333333,4.333333333,-3,37.79182745,42.86671851,-5.074891054,-52,-48,-4,-0.69,0.01,-0.7,FALSE
12,52,female,18,new,a,0,4.163900000095282,78,57,-50,98,6,-46,28.33333333,19.33333333,9,56.04958123,59.5389695,-3.489388273,-50,-46,-4,-0.63,0.32,-0.95,FALSE
12,52,female,19,new,a,0,3.609699999928466,73,53,-41,99,7,-39,28.33333333,22.33333333,6,49.70133019,57.37207993,-7.670749745,-41,-39,-2,-0.62,0.38,-1,FALSE
12,52,female,20,new,b,1,5.6749999999999545,43,31,-49,75,8,-40,8.333333333,14.33333333,-6,40.83571422,47.16166051,-6.325946295,-49,-40,-9,-0.66,0.2,-0.86,FALSE
12,52,female,21,new,b,1,6.209500000000048,38,36,-51,71,20,-41,7.666666667,16.66666667,-9,41.49163236,45.78451946,-4.292887105,-51,-41,-10,-0.71,-0.11,-0.6,FALSE
12,52,female,22,new,b,1,3.8293000000714974,59,30,-17,77,20,-7,24,30,-6,31.31559782,35.0142828,-3.698684983,-17,-7,-10,-0.28,0.41,-0.69,FALSE
12,52,female,24,new,b,1,9.412600000023872,71,38,-70,91,1,-62,13,10,3,60.21627687,62.78534861,-2.56907174,-70,-62,-8,-0.55,0.21,-0.76,FALSE
12,52,female,25,new,b,1,2.3268999999762627,47,44,-54,78,9,-50,12.33333333,12.33333333,0,46.92073695,52.3089115,-5.388174553,-54,-50,-4,-0.7,0.1,-0.8,FALSE
12,52,female,26,new,b,1,2.0950000000000277,88,50,-27,96,11,-23,37,28,9,47.84001115,50.04664491,-2.206633761,-27,-23,-4,-0.39,0.47,-0.86,FALSE
12,52,female,27,new,a,0,3.526200000047652,73,23,-91,92,2,-89,1.666666667,1.666666667,0,68.63105873,73.89331649,-5.262257764,-91,-89,-2,-0.44,-0.01,-0.43,FALSE
12,52,female,28,new,a,0,5.542400000095313,75,48,-36,95,7,-33,29,23,6,47.26520919,53.46650042,-6.201291223,-36,-33,-3,-0.54,0.42,-0.96,FALSE
12,52,female,29,new,b,1,9.207600000023833,87,54,-16,96,14,-12,41.66666667,32.66666667,9,42.94440851,46.02414825,-3.079739742,-16,-12,-4,-0.41,0.54,-0.95,FALSE
12,52,female,30,new,b,1,8.290399999976103,49,45,-36,87,24,-26,19.33333333,28.33333333,-9,39.16063783,46.23370584,-7.073068005,-36,-26,-10,-0.7,0.14,-0.84,FALSE
12,52,female,31,new,a,0,2.65920000004769,89,36,-51,98,7,-49,24.66666667,18.66666667,6,57.71385353,60.5768566,-2.863003074,-51,-49,-2,-0.29,0.28,-0.57,FALSE
12,52,female,32,new,b,1,4.476399999976138,53,40,-78,88,6,-70,5,8,-3,58.92933621,64.51873113,-5.589394916,-78,-70,-8,-0.68,0.05,-0.73,FALSE
12,52,female,33,new,b,1,6.1589000000954,38,17,-31,62,16,-27,8,17,-9,28.87905816,36.34097779,-7.461919633,-31,-27,-4,-0.44,0.04,-0.48,FALSE
12,52,female,34,new,b,1,6.927000000000021,62,44,-43,91,27,-37,21,27,-6,45.84757355,52.25578118,-6.408207634,-43,-37,-6,-0.63,0,-0.63,FALSE
12,52,female,35,new,b,1,2.7307000000477046,42,23,-11,63,18,-9,18,24,-6,21.92411154,29.69848481,-7.774373273,-11,-9,-2,-0.33,0.29,-0.62,FALSE
12,52,female,36,new,a,0,6.7115999999045926,56,21,-48,76,2,-40,9.666666667,12.66666667,-3,43.20750964,47.95368136,-4.74617172,-48,-40,-8,-0.38,0.32,-0.7,FALSE
12,52,female,37,new,b,1,5.543700000047579,37,15,-44,59,10,-34,2.666666667,11.66666667,-9,34.19876541,37.9853773,-3.786611894,-44,-34,-10,-0.49,0.07,-0.56,FALSE
12,52,female,38,new,a,0,5.762199999928498,80,38,-19,90,6,-15,33,27,6,40.57092555,45.36518489,-4.794259339,-19,-15,-4,-0.18,0.6,-0.78,FALSE
12,52,female,39,new,b,1,3.012300000071491,69,50,-40,89,13,-32,26.33333333,23.33333333,3,47.54179448,49.93551397,-2.393719493,-40,-32,-8,-0.62,0.3,-0.92,FALSE
12,52,female,40,new,a,0,9.893300000071577,72,24,-83,93,6,-77,4.333333333,7.333333333,-3,64.78854494,69.40861298,-4.620068037,-83,-77,-6,-0.43,0.03,-0.46,FALSE
12,52,female,41,new,b,1,2.1936000000237077,68,60,-38,99,37,-28,30,36,-6,48.19405219,51.85235449,-3.658302303,-38,-28,-10,-0.69,-0.03,-0.66,FALSE
12,52,female,42,new,a,0,6.540600000023915,54,51,-50,87,14,-46,18.33333333,18.33333333,0,48.33448274,54.3834125,-6.048929759,-50,-46,-4,-0.71,0.12,-0.83,FALSE
13,31,female,0,old,a,0,22.170300000000736,56,42,-72,65,9,-66,8.666666667,2.666666667,6,57.32558087,53.66770185,3.657879018,-72,-66,-6,-0.68,-0.18,-0.5,FALSE
13,31,female,1,old,b,1,9.302699999999248,64,24,-23,50,35,-20,21.66666667,21.66666667,0,35.55590278,30.09245014,5.463452634,-23,-20,-3,-0.1,-0.58,0.48,FALSE
13,31,female,2,old,a,0,10.761699999999252,91,81,-24,99,44,-22,49.33333333,40.33333333,9,52.01495511,49.46603773,2.548917383,-24,-22,-2,-0.69,-0.11,-0.58,FALSE
13,31,female,3,old,a,0,4.614600000001502,99,51,-13,95,36,-3,45.66666667,42.66666667,3,45.87906809,40.28509512,5.59397297,-13,-3,-10,-0.17,0.24,-0.41,FALSE
13,31,female,4,old,a,0,19.554100000001483,74,43,-22,76,14,-13,31.66666667,25.66666667,6,40.00277768,37.25885428,2.743923402,-22,-13,-9,-0.4,0.44,-0.84,FALSE
13,31,female,5,old,b,1,3.5458999999984826,80,2,-60,69,30,-50,7.333333333,16.33333333,-9,57.27904406,49.5333782,7.745665868,-60,-50,-10,0.14,-0.39,0.53,FALSE
13,31,female,6,old,b,1,11.096400000002234,69,24,-23,60,43,-15,23.33333333,29.33333333,-6,37.56180093,32.10745846,5.454342465,-23,-15,-8,-0.03,-0.56,0.53,FALSE
13,31,female,7,old,b,1,16.863599999997746,92,60,-21,99,43,-11,43.66666667,43.66666667,0,47.55581516,44.90978611,2.646029045,-21,-11,-10,-0.47,0.02,-0.49,FALSE
13,31,female,8,old,b,1,13.394499999999994,67,19,-22,60,38,-16,21.33333333,27.33333333,-6,36.37153955,31.93048004,4.441059506,-22,-16,-6,0.1,-0.46,0.56,FALSE
13,31,female,9,old,a,0,6.995800000000713,84,27,-36,73,4,-29,25,16,9,49.01020302,42.49705872,6.513144298,-36,-29,-7,-0.06,0.4,-0.46,FALSE
13,31,female,10,old,a,0,16.00400000000002,93,58,-8,94,41,-1,47.66666667,44.66666667,3,41.87547678,38.87015422,3.005322563,-8,-1,-7,-0.36,0.14,-0.5,FALSE
13,31,female,11,old,b,1,4.229299999997011,53,8,-34,41,23,-28,9,12,-3,35.52463934,29.22327839,6.301360944,-34,-28,-6,0.04,-0.51,0.55,FALSE
13,31,female,12,old,b,1,7.214100000001508,83,23,-56,70,49,-51,16.66666667,22.66666667,-6,56.92294987,52.7909925,4.131957375,-56,-51,-5,-0.17,-0.62,0.45,FALSE
13,31,female,13,old,a,0,9.712899999998513,83,50,-11,85,29,-1,40.66666667,37.66666667,3,38.93869826,35.64017708,3.298521182,-11,-1,-10,-0.35,0.35,-0.7,FALSE
13,31,female,14,old,a,0,5.57920000000297,91,54,-88,96,14,-80,19,10,9,77.1535266,71.90734779,5.246178806,-88,-80,-8,-0.59,-0.08,-0.51,FALSE
13,31,female,15,old,b,1,12.55389999999852,99,35,-16,88,50,-11,39.33333333,42.33333333,-3,47.0484384,40.77853466,6.269903738,-16,-11,-5,0.14,-0.28,0.42,FALSE
13,31,female,16,old,b,1,4.97950000000003,85,2,-81,57,52,-76,2,11,-9,67.76921622,61.55214591,6.217070303,-81,-76,-5,0,-0.7,0.7,FALSE
13,31,female,17,old,a,0,14.403999999999996,98,41,-24,75,68,-19,38.33333333,41.33333333,-3,49.8419725,42.75771535,7.084257142,-24,-19,-5,-0.08,-0.69,0.61,FALSE
13,31,female,18,old,b,1,14.2866000000015,95,48,-30,71,67,-25,37.66666667,37.66666667,0,51.55148451,44.3421044,7.209380118,-30,-25,-5,-0.29,-0.7,0.41,FALSE
13,31,female,19,old,b,1,13.679299999997,80,10,-63,59,46,-60,9,15,-6,58.3837877,53.2979049,5.085882805,-63,-60,-3,-0.03,-0.68,0.65,FALSE
13,31,female,21,old,a,0,17.38739999999848,81,24,-16,74,4,-7,29.66666667,23.66666667,6,39.80228916,35.8732336,3.929055559,-16,-7,-9,0.21,0.66,-0.45,FALSE
13,31,female,22,old,a,0,22.87139999999846,61,54,-82,79,11,-75,11,5,6,65.82299497,63.01322612,2.809768844,-82,-75,-7,-0.7,-0.14,-0.56,FALSE
13,31,female,23,old,a,0,7.2964999999999804,91,67,-10,95,46,-2,49.33333333,46.33333333,3,43.08389748,39.60078563,3.483111855,-10,-2,-8,-0.55,0.01,-0.56,FALSE
13,31,female,24,old,a,0,17.413300000000675,97,58,-61,98,20,-51,31.33333333,22.33333333,9,67.20284386,60.85136719,6.351476665,-61,-51,-10,-0.53,0.06,-0.59,FALSE
13,31,female,25,old,a,0,12.345000000000027,70,12,-66,45,34,-63,5.333333333,5.333333333,0,55.72152985,48.52719741,7.194332436,-66,-63,-3,-0.18,-0.68,0.5,FALSE
13,31,female,26,old,a,0,12.00460000000146,94,70,-40,98,38,-30,41.33333333,35.33333333,6,58.33999962,52.2897908,6.050208816,-40,-30,-10,-0.62,-0.08,-0.54,FALSE
13,31,female,27,old,b,1,19.905000000000086,80,72,-12,88,45,-2,46.66666667,43.66666667,3,41.61196409,36.7544404,4.857523695,-12,-2,-10,-0.69,-0.05,-0.64,FALSE
13,31,female,28,old,b,1,13.555400000002235,53,9,-17,37,30,-13,15,18,-3,28.89059824,22.10580618,6.784792065,-17,-13,-4,0.3,-0.65,0.95,FALSE
13,31,female,29,old,b,1,30.90460000000155,63,2,-47,49,23,-45,6,9,-3,44.99629614,39.63163719,5.36465895,-47,-45,-2,0.13,-0.49,0.62,FALSE
13,31,female,30,old,a,0,8.062699999999268,93,64,-10,95,40,-6,49,43,6,43.36665386,41.28760912,2.079044738,-10,-6,-4,-0.48,0.11,-0.59,FALSE
13,31,female,31,old,b,1,16.512800000000766,93,31,-8,70,68,-4,38.66666667,44.66666667,-6,41.5879256,34.42221505,7.165710549,-8,-4,-4,0.27,-0.71,0.98,FALSE
13,31,female,32,old,a,0,12.954999999999927,91,75,-12,94,55,-4,51.33333333,48.33333333,3,45.25728916,40.28509512,4.97219404,-12,-4,-8,-0.64,-0.24,-0.4,FALSE
13,31,female,33,old,a,0,6.779600000001551,90,44,-48,88,16,-45,28.66666667,19.66666667,9,57.37207993,54.3588897,3.013190235,-48,-45,-3,-0.38,0.1,-0.48,FALSE
13,31,female,34,old,b,1,14.729700000002936,66,31,-13,68,19,-3,28,28,0,32.3213036,29.67602849,2.645275119,-13,-3,-10,-0.14,0.43,-0.57,FALSE
13,31,female,35,old,a,0,3.238300000000663,68,25,-12,60,2,-8,27,18,9,32.69046752,29.97776954,2.712697979,-12,-8,-4,0.09,0.65,-0.56,FALSE
13,31,female,36,old,b,1,2.3543999999984635,75,4,-67,57,43,-61,4,13,-9,57.97125725,52.63712252,5.334134731,-67,-61,-6,0,-0.67,0.67,FALSE
13,31,female,37,old,b,1,2.7713000000006787,67,11,-13,61,36,-5,21.66666667,30.66666667,-9,33.51948024,27.20702524,6.312455003,-13,-5,-8,0.45,-0.29,0.74,FALSE
13,31,female,38,old,b,1,2.5871999999992568,88,17,-44,82,43,-37,20.33333333,29.33333333,-9,53.94029621,49.5333782,4.406918017,-44,-37,-7,0.09,-0.39,0.48,FALSE
13,31,female,39,old,b,1,2.9383000000007087,88,33,-10,73,59,-3,37,43,-6,40.10818703,33.02524287,7.082944157,-10,-3,-7,0.15,-0.61,0.76,FALSE
13,31,female,40,old,b,1,5.829699999999207,76,3,-64,59,38,-55,5,14,-9,57.17225434,49.53786431,7.634390037,-64,-55,-9,0.05,-0.61,0.66,FALSE
13,31,female,41,old,b,1,4.153600000001461,55,15,-13,42,31,-7,19,22,-3,27.90459938,20.99206199,6.91253739,-13,-7,-6,0.21,-0.56,0.77,FALSE
13,31,female,42,old,a,0,4.805500000000052,77,25,-58,53,45,-54,14.66666667,14.66666667,0,55.59576323,48.66438351,6.93137972,-58,-54,-4,-0.27,-0.69,0.42,FALSE
13,31,female,0,new,b,1,2.3650999999977103,65,61,-27,97,23,-21,33,33,0,42.45782221,48.68949236,-6.231670156,-27,-21,-6,-0.7,0.3,-1,FALSE
13,31,female,1,new,a,0,1.996300000000815,85,45,-46,95,4,-42,28,19,9,54.81483984,56.92685365,-2.112013812,-46,-42,-4,-0.44,0.38,-0.82,FALSE
13,31,female,2,new,a,0,1.4051999999992404,75,51,-33,96,10,-31,31,25,6,46.30334761,52.92132525,-6.617977643,-33,-31,-2,-0.57,0.4,-0.97,FALSE
13,31,female,3,new,a,0,1.647200000002954,57,33,-39,75,10,-34,17,17,0,40.79215611,44.77350407,-3.981347961,-39,-34,-5,-0.53,0.23,-0.76,FALSE
13,31,female,4,new,b,1,1.596199999999271,73,35,-13,82,8,-4,31.66666667,28.66666667,3,35.18838192,38.02922853,-2.840846604,-13,-4,-9,-0.14,0.65,-0.79,FALSE
13,31,female,5,new,a,0,2.546800000000758,94,45,-8,97,10,-3,43.66666667,34.66666667,9,41.65199742,44.39469438,-2.74269696,-8,-3,-5,-0.05,0.66,-0.71,FALSE
13,31,female,6,new,a,0,1.5212000000029775,86,35,-10,92,6,-5,37,31,6,39.2173431,43.36665386,-4.149310754,-10,-5,-5,0.08,0.67,-0.59,FALSE
13,31,female,7,new,a,0,1.7300000000000182,56,49,-15,84,31,-7,30,36,-6,31.94787421,37.31844941,-5.370575202,-15,-7,-8,-0.68,0.2,-0.88,FALSE
13,31,female,8,new,a,0,2.6977000000030102,75,60,-69,99,6,-66,22,13,9,64.63745044,67.54257916,-2.905128718,-69,-66,-3,-0.68,0.15,-0.83,FALSE
13,31,female,9,new,b,1,2.505100000001562,51,25,-16,72,5,-8,20,23,-3,27.58018612,35.05234181,-7.47215569,-16,-8,-8,-0.27,0.63,-0.9,FALSE
13,31,female,10,new,b,1,2.846300000000724,62,55,-78,93,7,-70,13,10,3,64.41014413,66.57827473,-2.168130606,-78,-70,-8,-0.7,0.07,-0.77,FALSE
13,31,female,11,new,b,1,3.854600000001483,62,41,-30,88,24,-21,24.33333333,30.33333333,-6,39.36439452,44.723844,-5.359449486,-30,-21,-9,-0.56,0.21,-0.77,FALSE
13,31,female,12,new,b,1,2.295699999999215,74,29,-58,96,13,-55,15,18,-3,54.79051013,61.74679479,-6.956284661,-58,-55,-3,-0.37,0.12,-0.49,FALSE
13,31,female,13,new,a,0,5.229800000000751,70,31,-60,87,5,-51,13.66666667,13.66666667,0,54.46915539,56.6705881,-2.20143271,-60,-51,-9,-0.45,0.23,-0.68,FALSE
13,31,female,14,new,b,1,1.5130000000000337,67,34,-14,82,3,-7,29,26,3,33.2565783,39.80787192,-6.551293622,-14,-7,-7,-0.22,0.67,-0.89,FALSE
13,31,female,15,new,b,1,3.029399999998532,58,27,-28,78,17,-20,19,25,-6,35.56215217,40.40627014,-4.844117975,-28,-20,-8,-0.33,0.29,-0.62,FALSE
13,31,female,16,new,b,1,1.2871000000014874,40,34,-14,62,29,-4,20,29,-9,24.16609195,26.94438717,-2.778295223,-14,-4,-10,-0.67,0,-0.67,FALSE
13,31,female,17,new,b,1,2.320699999999306,45,40,-49,77,30,-44,12,21,-9,43.18178628,49.80629144,-6.624505153,-49,-44,-5,-0.7,-0.27,-0.43,FALSE
13,31,female,18,new,a,0,3.430099999997765,59,17,-45,75,4,-39,10.33333333,13.33333333,-3,42.71871825,47.00590979,-4.287191544,-45,-39,-6,-0.23,0.29,-0.52,FALSE
13,31,female,19,new,a,0,0.756900000002247,74,56,-98,99,2,-96,10.66666667,1.666666667,9,77.18952145,79.60876557,-2.4192441160000002,-98,-96,-2,-0.68,-0.01,-0.67,FALSE
13,31,female,21,new,b,1,15.387500000000044,83,36,-11,86,2,-7,36,27,9,38.3753393,41.88078318,-3.505443879,-11,-7,-4,0,0.68,-0.68,FALSE
13,31,female,22,new,a,0,8.27209999999775,60,59,-71,98,2,-61,16,13,3,61.51964456,65.37583651,-3.856191956,-71,-61,-10,-0.71,0.25,-0.96,FALSE
13,31,female,23,new,b,1,7.8126000000015665,59,34,-23,76,30,-18,23.33333333,29.33333333,-6,34.31552936,38.37823457,-4.062705208,-23,-18,-5,-0.44,-0.03,-0.41,FALSE
13,31,female,24,new,b,1,4.9375,71,36,-38,93,11,-35,23,23,0,45.43860326,52.94021786,-7.501614591,-38,-35,-3,-0.41,0.33,-0.74,FALSE
13,31,female,25,new,a,0,2.855699999999274,56,39,-80,86,11,-73,5,8,-3,60.50344343,64.94613152,-4.442688096,-80,-73,-7,-0.67,-0.07,-0.6,FALSE
13,31,female,26,new,a,0,3.9546000000015056,61,33,-4,66,7,-1,30,24,6,26.62079388,29.87752779,-3.25673391,-4,-1,-3,-0.17,0.67,-0.84,FALSE
13,31,female,27,new,a,0,3.187900000002287,35,19,-36,66,5,-26,6,15,-9,30.40833219,38.21866909,-7.810336894,-36,-26,-10,-0.56,0.37,-0.93,FALSE
13,31,female,28,new,b,1,3.206699999999273,73,32,-44,95,17,-42,20.33333333,23.33333333,-3,48.47221426,56.10902086,-7.6368066,-44,-42,-2,-0.35,0.17,-0.52,FALSE
13,31,female,29,new,b,1,2.0556999999993195,63,62,-52,88,34,-49,24.33333333,24.33333333,0,53.97736151,56.34615239,-2.368790878,-52,-49,-3,-0.71,-0.25,-0.46,FALSE
13,31,female,30,new,b,1,3.471499999999992,72,24,-26,91,16,-19,23.33333333,29.33333333,-6,40.01110957,45.88633299,-5.875223425,-26,-19,-7,-0.02,0.41,-0.43,FALSE
13,31,female,31,new,a,0,3.91410000000144,59,53,-70,91,2,-60,14,11,3,59.44745579,61.97311245,-2.525656659,-70,-60,-10,-0.7,0.21,-0.91,FALSE
13,31,female,32,new,b,1,3.5628000000007205,41,39,-29,73,26,-21,17,26,-9,32.53715825,38.3753393,-5.838181059,-29,-21,-8,-0.71,0,-0.71,FALSE
13,31,female,33,new,b,1,2.755300000000716,76,31,-39,96,19,-29,22.66666667,28.66666667,-6,47.31689856,51.48678363,-4.169885078,-39,-29,-10,-0.26,0.28,-0.54,FALSE
13,31,female,34,new,b,1,3.1976000000015574,67,58,-29,93,49,-19,32,41,-9,43.28972164,46.07240678,-2.782685138,-29,-19,-10,-0.68,-0.26,-0.42,FALSE
13,31,female,35,new,a,0,6.5961000000014565,84,38,-47,98,2,-43,25,19,6,54.26478293,58.80476171,-4.53997878,-47,-43,-4,-0.35,0.41,-0.76,FALSE
13,31,female,36,new,b,1,6.23819999999921,65,35,-38,81,15,-34,20.66666667,20.66666667,0,43.25377312,47.1192341,-3.865460983,-38,-34,-4,-0.46,0.18,-0.64,FALSE
13,31,female,37,new,b,1,4.272699999999304,66,55,-73,97,23,-63,16,19,-3,63.09252465,65.38093504,-2.28841039,-73,-63,-10,-0.69,-0.09,-0.6,FALSE
13,31,female,38,new,a,0,4.47010000000148,82,33,-22,91,7,-14,31,28,3,42.48136847,45.36518489,-2.883816424,-22,-14,-8,-0.07,0.6,-0.67,FALSE
13,31,female,39,new,b,1,6.503500000000031,82,41,-36,94,3,-28,29,23,6,48.91489207,51.77515492,-2.860262842,-36,-28,-8,-0.35,0.52,-0.87,FALSE
13,31,female,40,new,b,1,3.020800000000804,62,43,-86,99,27,-80,6.333333333,15.33333333,-9,65.74867975,73.54061614,-7.79193639,-86,-80,-6,-0.66,-0.23,-0.43,FALSE
13,31,female,41,new,a,0,6.322399999998538,83,52,-36,96,9,-33,33,24,9,50.4050262,53.72150407,-3.31647787,-36,-33,-3,-0.51,0.4,-0.91,FALSE
13,31,female,42,new,b,1,4.921299999997018,76,38,-12,82,9,-7,34,28,6,36.037018,38.73843914,-2.701421131,-12,-7,-5,-0.17,0.62,-0.79,FALSE
13,31,female,0,old,b,1,3.3234999999999677,79,64,-29,81,28,-22,38,29,9,47.77028365,42.05551886,5.714764789,-29,-22,-7,-0.66,0.04,-0.7,FALSE
13,31,female,1,old,a,0,4.679500000000189,70,51,-43,75,10,-34,26,17,9,49.40310382,44.77350407,4.629599747,-43,-34,-9,-0.63,0.23,-0.86,FALSE
13,31,female,2,old,a,0,4.838099999997894,96,19,-78,77,43,-74,12.33333333,15.33333333,-3,71.19144768,64.67525716,6.516190515,-78,-74,-4,-0.14,-0.56,0.42,FALSE
13,31,female,3,old,b,1,5.354800000000751,77,69,-21,82,39,-14,41.66666667,35.66666667,6,44.43222054,39.26264835,5.16957219,-21,-14,-7,-0.69,-0.13,-0.56,FALSE
13,31,female,4,old,b,1,23.23780000000079,98,42,-26,70,68,-24,38,38,0,50.70174224,43.84822307,6.853519172,-26,-24,-2,-0.12,-0.71,0.59,FALSE
13,31,female,5,old,b,1,5.121600000001308,79,63,-12,80,36,-4,43.33333333,37.33333333,6,39.6680672,34.30581421,5.362252988,-12,-4,-8,-0.62,0.06,-0.68,FALSE
13,31,female,6,old,b,1,6.08020000000306,87,78,-16,94,52,-6,49.66666667,46.66666667,3,46.57848812,40.99864496,5.579843156,-16,-6,-10,-0.69,-0.19,-0.5,FALSE
13,31,female,7,old,b,1,5.154900000002044,82,31,-53,64,62,-48,20,26,-6,55.6596802,52.33227175,3.327408449,-53,-48,-5,-0.29,-0.71,0.42,FALSE
13,31,female,8,old,b,1,12.005900000002155,92,2,-70,66,50,-65,8,17,-9,66.2721661,58.34952156,7.92264454,-70,-65,-5,0.14,-0.67,0.81,FALSE
13,31,female,9,old,a,0,7.379199999999173,79,40,-26,73,13,-20,31,22,9,43.33589736,38.49675311,4.83914425,-26,-20,-6,-0.3,0.34,-0.64,FALSE
13,31,female,10,old,b,1,5.420600000001514,48,21,-20,41,36,-10,16.33333333,22.33333333,-6,27.95631513,22.9540604,5.002254727,-20,-10,-10,-0.25,-0.68,0.43,FALSE
13,31,female,11,old,a,0,4.371600000001536,46,30,-55,47,6,-50,7,1,6,44.32456054,39.75759885,4.566961681,-55,-50,-5,-0.64,-0.19,-0.45,FALSE
13,31,female,12,old,a,0,7.329599999997754,73,52,-43,84,13,-33,27.33333333,21.33333333,6,50.4667107,48.12714642,2.339564283,-43,-33,-10,-0.62,0.25,-0.87,FALSE
13,31,female,13,old,b,1,3.91380000000072,91,79,-11,99,39,-6,53,44,9,45.51922671,43.01162634,2.507600372,-11,-6,-5,-0.67,0.17,-0.84,FALSE
13,31,female,14,old,a,0,9.27159999999776,74,5,-55,57,19,-52,8,8,0,52.70673581,45.17373868,7.532997129,-55,-52,-3,0.09,-0.35,0.44,FALSE
13,31,female,15,old,a,0,5.362199999999348,82,11,-76,60,51,-67,5.666666667,14.66666667,-9,64.61338011,57.86382482,6.749555292,-76,-67,-9,-0.12,-0.69,0.57,FALSE
13,31,female,17,old,a,0,4.595700000002807,98,58,-16,96,41,-6,46.66666667,43.66666667,3,47.22522866,41.6839964,5.541232266,-16,-6,-10,-0.35,0.1,-0.45,FALSE
13,31,female,18,old,a,0,18.74659999999767,91,22,-54,72,61,-47,19.66666667,28.66666667,-9,59.21899095,53.69254035,5.526450601,-54,-47,-7,-0.06,-0.68,0.62,FALSE
13,31,female,19,old,b,1,2.9458000000008724,79,13,-40,74,33,-37,17.33333333,23.33333333,-6,48.67808085,45.82818153,2.849899325,-40,-37,-3,0.13,-0.31,0.44,FALSE
13,31,female,20,old,b,1,8.438000000000102,74,21,-46,56,42,-40,16.33333333,19.33333333,-3,49.10080334,42.34251869,6.758284654,-46,-40,-6,-0.14,-0.65,0.51,FALSE
13,31,female,21,old,a,0,6.538000000000011,58,38,-11,53,25,-2,28.33333333,25.33333333,3,28.98658694,22.45489306,6.531693879,-11,-2,-9,-0.46,0.02,-0.48,FALSE
13,31,female,22,old,b,1,19.062899999998532,64,62,-48,70,29,-39,26,20,6,52.33227175,44.95182607,7.380445685,-48,-39,-9,-0.71,-0.29,-0.42,FALSE
13,31,female,23,old,b,1,2.1631999999992786,80,43,-35,75,18,-32,29.33333333,20.33333333,9,47.93282336,43.71371511,4.219108251,-35,-32,-3,-0.4,0.08,-0.48,FALSE
13,31,female,24,old,a,0,4.347800000000916,65,57,-40,69,18,-32,27.33333333,18.33333333,9,47.72374205,41.23375101,6.489991045,-40,-32,-8,-0.69,0.01,-0.7,FALSE
13,31,female,25,old,b,1,11.513500000000022,65,13,-18,61,36,-10,20,29,-9,34.24422092,29.40521496,4.839005967,-18,-10,-8,0.3,-0.34,0.64,FALSE
13,31,female,26,old,b,1,2.7045000000000528,48,3,-24,46,23,-15,9,18,-9,29.69848481,25.15286597,4.545618837,-24,-15,-9,0.29,-0.29,0.58,FALSE
13,31,female,27,old,a,0,17.263100000001486,85,68,-15,91,43,-5,46,43,3,43.68828981,39.19183588,4.496453927,-15,-5,-10,-0.63,0,-0.63,FALSE
13,31,female,28,old,b,1,14.638999999999896,59,9,-67,40,31,-61,0.333333333,3.333333333,-3,51.80304581,45.63867755,6.164368259,-67,-61,-6,-0.25,-0.69,0.44,FALSE
13,31,female,29,old,a,0,6.488199999999097,57,44,-13,53,29,-3,29.33333333,26.33333333,3,30.40102337,22.93953405,7.461489329,-13,-3,-10,-0.61,-0.17,-0.44,FALSE
13,31,female,30,old,a,0,53.58969999999931,70,57,-28,78,40,-19,33,33,0,43.45879274,39.90822806,3.550564686,-28,-19,-9,-0.66,-0.26,-0.4,FALSE
13,31,female,31,old,a,0,2.529399999998532,53,40,-11,50,25,-2,27.33333333,24.33333333,3,27.62044331,21.23414441,6.386298903,-11,-2,-9,-0.59,-0.05,-0.54,FALSE
13,31,female,32,old,b,1,5.196699999999282,56,8,-52,40,33,-43,4,10,-6,44.18144407,37.58545818,6.595985888,-52,-43,-9,-0.14,-0.69,0.55,FALSE
13,31,female,33,old,a,0,23.047600000001463,63,16,-47,44,40,-43,10.66666667,13.66666667,-3,45.0653846,40.10264608,4.962738522,-47,-43,-4,-0.18,-0.7,0.52,FALSE
13,31,female,34,old,a,0,4.279800000000705,60,5,-41,53,30,-32,8,17,-9,41.28760912,35.89800366,5.389605459,-41,-32,-9,0.11,-0.5,0.61,FALSE
13,31,female,35,old,a,0,4.095899999998437,57,19,-12,42,29,-7,21.33333333,21.33333333,0,28.21740991,20.72572208,7.491687838,-12,-7,-5,0.12,-0.5,0.62,FALSE
13,31,female,36,old,b,1,11.613199999999324,61,12,-35,44,34,-31,12.66666667,15.66666667,-3,39.19467084,33.24989557,5.944775267,-35,-31,-4,0.03,-0.66,0.69,FALSE
13,31,female,37,old,b,1,5.479899999998452,78,43,-10,60,54,-3,37,37,0,36.17549815,28.39013913,7.785359021,-10,-3,-7,-0.24,-0.68,0.44,FALSE
13,31,female,38,old,b,1,2.230000000000018,46,32,-39,42,9,-30,13,7,6,37.21110945,29.42787794,7.783231513,-39,-30,-9,-0.63,-0.1,-0.53,FALSE
13,31,female,39,old,a,0,2.005499999999984,99,52,-13,90,75,-9,46,52,-6,45.92022067,43.56604182,2.354178852,-13,-9,-4,-0.19,-0.64,0.45,FALSE
13,31,female,40,old,b,1,2.305700000002844,79,16,-61,58,42,-57,11.33333333,14.33333333,-3,57.24993935,50.86146762,6.388471726,-61,-57,-4,-0.12,-0.65,0.53,FALSE
13,31,female,41,old,a,0,96.20450000000004,53,8,-35,40,19,-33,8.666666667,8.666666667,0,35.92894222,30.68477726,5.244164957,-35,-33,-2,0.03,-0.47,0.5,FALSE
13,31,female,42,old,b,1,1.8380000000001928,85,24,-45,67,54,-39,21.33333333,27.33333333,-6,53.10576449,47.20404879,5.901715701,-45,-39,-6,-0.08,-0.67,0.59,FALSE
13,31,female,0,new,a,0,2.890999999999849,80,38,-19,90,6,-15,33,27,6,40.57092555,45.36518489,-4.794259339,-19,-15,-4,-0.18,0.6,-0.78,FALSE
13,31,female,1,new,b,1,4.296799999996892,31,25,-52,57,4,-48,1.333333333,4.333333333,-3,37.79182745,42.86671851,-5.074891054,-52,-48,-4,-0.69,0.01,-0.7,FALSE
13,31,female,2,new,b,1,6.88009999999781,72,24,-83,93,6,-77,4.333333333,7.333333333,-3,64.78854494,69.40861298,-4.620068037,-83,-77,-6,-0.43,0.03,-0.46,FALSE
13,31,female,3,new,a,0,5.565300000000661,54,51,-50,87,14,-46,18.33333333,18.33333333,0,48.33448274,54.3834125,-6.048929759,-50,-46,-4,-0.71,0.12,-0.83,FALSE
13,31,female,4,new,b,1,7.598600000001625,32,24,-44,60,15,-36,4,13,-9,34.09789827,39.2173431,-5.119444829,-44,-36,-8,-0.68,-0.08,-0.6,FALSE
13,31,female,5,new,b,1,7.146300000000792,86,41,-34,96,4,-25,31,25,6,49.49747468,51.58165048,-2.084175801,-34,-25,-9,-0.29,0.54,-0.83,FALSE
13,31,female,6,new,a,0,20.94669999999928,85,51,-7,92,14,-4,43,34,9,37.98245209,41.66533331,-3.682881223,-7,-4,-3,-0.31,0.61,-0.92,FALSE
13,31,female,7,new,b,1,9.38070000000289,71,38,-70,91,1,-62,13,10,3,60.21627687,62.78534861,-2.56907174,-70,-62,-8,-0.55,0.21,-0.76,FALSE
13,31,female,8,new,a,0,21.88010000000145,73,45,-52,99,1,-43,22,19,3,53.55993528,59.35205697,-5.792121696,-52,-43,-9,-0.56,0.43,-0.99,FALSE
13,31,female,9,new,a,0,18.99649999999997,53,40,-78,88,6,-70,5,8,-3,58.92933621,64.51873113,-5.589394916,-78,-70,-8,-0.68,0.05,-0.73,FALSE
13,31,female,10,new,b,1,20.180100000001403,44,36,-47,66,12,-45,11,11,0,41.14203041,45.32107677,-4.17904636,-47,-45,-2,-0.69,-0.03,-0.66,FALSE
13,31,female,11,new,b,1,2.6464999999998327,38,17,-31,62,16,-27,8,17,-9,28.87905816,36.34097779,-7.461919633,-31,-27,-4,-0.44,0.04,-0.48,FALSE
13,31,female,12,new,a,0,3.464399999998477,72,42,-20,78,6,-17,31.33333333,22.33333333,9,38.30868773,40.46672158,-2.158033852,-20,-17,-3,-0.4,0.54,-0.94,FALSE
13,31,female,13,new,a,0,3.372499999999945,80,48,-26,89,7,-21,34,25,9,44.39219151,46.6761895,-2.283997999,-26,-21,-5,-0.44,0.52,-0.96,FALSE
13,31,female,14,new,a,0,3.339400000002115,75,48,-36,95,7,-33,29,23,6,47.26520919,53.46650042,-6.201291223,-36,-33,-3,-0.54,0.42,-0.96,FALSE
13,31,female,15,new,b,1,14.363399999998364,49,45,-36,87,24,-26,19.33333333,28.33333333,-9,39.16063783,46.23370584,-7.073068005,-36,-26,-10,-0.7,0.14,-0.84,FALSE
13,31,female,16,new,b,1,17.696399999998448,68,60,-38,99,37,-28,30,36,-6,48.19405219,51.85235449,-3.658302303,-38,-28,-10,-0.69,-0.03,-0.66,FALSE
13,31,female,17,new,b,1,3.896199999999226,45,26,-62,73,18,-55,3,12,-9,46.61187259,52.42772803,-5.815855439,-62,-55,-7,-0.62,-0.17,-0.45,FALSE
13,31,female,18,new,b,1,4.554800000000796,66,47,-58,95,21,-52,18.33333333,21.33333333,-3,54.53031777,60.01296156,-5.482643798,-58,-52,-6,-0.64,0.01,-0.65,FALSE
13,31,female,19,new,b,1,4.272099999997863,42,23,-11,63,18,-9,18,24,-6,21.92411154,29.69848481,-7.774373273,-11,-9,-2,-0.33,0.29,-0.62,FALSE
13,31,female,20,new,b,1,5.271900000002461,59,30,-17,77,20,-7,24,30,-6,31.31559782,35.0142828,-3.698684983,-17,-7,-10,-0.28,0.41,-0.69,FALSE
13,31,female,21,new,a,0,7.638300000000981,69,50,-40,89,13,-32,26.33333333,23.33333333,3,47.54179448,49.93551397,-2.393719493,-40,-32,-8,-0.62,0.3,-0.92,FALSE
13,31,female,22,new,b,1,1.9630000000001928,87,54,-16,96,14,-12,41.66666667,32.66666667,9,42.94440851,46.02414825,-3.079739742,-16,-12,-4,-0.41,0.54,-0.95,FALSE
13,31,female,23,new,a,0,6.996300000000701,79,50,-10,95,17,-2,39.66666667,36.66666667,3,37.06151043,41.97088938,-4.90937895,-10,-2,-8,-0.4,0.6,-1,FALSE
13,31,female,24,new,a,0,2.879800000001069,56,21,-48,76,2,-40,9.666666667,12.66666667,-3,43.20750964,47.95368136,-4.74617172,-48,-40,-8,-0.38,0.32,-0.7,FALSE
13,31,female,25,new,b,1,4.379899999998543,38,36,-51,71,20,-41,7.666666667,16.66666667,-9,41.49163236,45.78451946,-4.292887105,-51,-41,-10,-0.71,-0.11,-0.6,FALSE
13,31,female,26,new,a,0,6.779599999997572,54,34,-67,84,8,-62,7,10,-3,52.95910372,59.62102537,-6.661921656,-67,-62,-5,-0.63,0.05,-0.68,FALSE
13,31,female,27,new,a,0,5.4047000000027765,73,53,-41,99,7,-39,28.33333333,22.33333333,6,49.70133019,57.37207993,-7.670749745,-41,-39,-2,-0.62,0.38,-1,FALSE
13,31,female,28,new,a,0,6.07189999999855,68,52,-62,94,9,-54,19.33333333,16.33333333,3,57.88110419,60.64285247,-2.761748279,-62,-54,-8,-0.67,0.18,-0.85,FALSE
13,31,female,29,new,a,0,6.838099999998121,78,57,-50,98,6,-46,28.33333333,19.33333333,9,56.04958123,59.5389695,-3.489388273,-50,-46,-4,-0.63,0.32,-0.95,FALSE
13,31,female,30,new,a,0,6.271999999999935,43,31,-49,75,8,-40,8.333333333,14.33333333,-6,40.83571422,47.16166051,-6.325946295,-49,-40,-9,-0.66,0.2,-0.86,FALSE
13,31,female,31,new,a,0,6.14680000000044,88,50,-27,96,11,-23,37,28,9,47.84001115,50.04664491,-2.206633761,-27,-23,-4,-0.39,0.47,-0.86,FALSE
13,31,female,32,new,b,1,2.5299999999997453,44,31,-57,70,16,-50,6,12,-6,44.86275367,49.07137659,-4.208622918,-57,-50,-7,-0.66,-0.12,-0.54,FALSE
13,31,female,33,new,a,0,1.66439999999875,58,27,-46,74,5,-40,13,13,0,43.59663596,46.88283268,-3.286196723,-46,-40,-6,-0.45,0.25,-0.7,FALSE
13,31,female,34,new,b,1,1.679300000000694,47,44,-54,78,9,-50,12.33333333,12.33333333,0,46.92073695,52.3089115,-5.388174553,-54,-50,-4,-0.7,0.1,-0.8,FALSE
13,31,female,35,new,a,0,14.671499999999924,86,32,-13,90,5,-8,35,29,6,40.47221269,43.45879274,-2.986580053,-13,-8,-5,0.11,0.66,-0.55,FALSE
13,31,female,36,new,b,1,9.288200000003144,37,15,-44,59,10,-34,2.666666667,11.66666667,-9,34.19876541,37.9853773,-3.786611894,-44,-34,-10,-0.49,0.07,-0.56,FALSE
13,31,female,37,new,b,1,5.604800000000978,62,44,-43,91,27,-37,21,27,-6,45.84757355,52.25578118,-6.408207634,-43,-37,-6,-0.63,0,-0.63,FALSE
13,31,female,38,new,b,1,3.421899999998459,82,49,-19,98,16,-11,37.33333333,34.33333333,3,42.05023451,46.34891824,-4.298683734,-19,-11,-8,-0.39,0.53,-0.92,FALSE
13,31,female,39,new,b,1,2.7039999999997235,69,45,-22,90,19,-17,30.66666667,30.66666667,0,38.50829636,44.45472103,-5.94642467,-22,-17,-5,-0.51,0.38,-0.89,FALSE
13,31,female,40,new,b,1,5.65519999999924,73,23,-91,92,2,-89,1.666666667,1.666666667,0,68.63105873,73.89331649,-5.262257764,-91,-89,-2,-0.44,-0.01,-0.43,FALSE
13,31,female,41,new,b,1,2.296499999999924,89,36,-51,98,7,-49,24.66666667,18.66666667,6,57.71385353,60.5768566,-2.863003074,-51,-49,-2,-0.29,0.28,-0.57,FALSE
14,27,male,0,old,b,1,3.088499999999982,93,58,-8,94,41,-1,47.66666667,44.66666667,3,41.87547678,38.87015422,3.005322563,-8,-1,-7,-0.36,0.14,-0.5,FALSE
14,27,male,1,old,b,1,6.824599999999606,93,31,-8,70,68,-4,38.66666667,44.66666667,-6,41.5879256,34.42221505,7.165710549,-8,-4,-4,0.27,-0.71,0.98,FALSE
14,27,male,2,old,b,1,4.018700000000194,74,43,-22,76,14,-13,31.66666667,25.66666667,6,40.00277768,37.25885428,2.743923402,-22,-13,-9,-0.4,0.44,-0.84,FALSE
14,27,male,3,old,a,0,4.876200000000182,64,24,-23,50,35,-20,21.66666667,21.66666667,0,35.55590278,30.09245014,5.463452634,-23,-20,-3,-0.1,-0.58,0.48,FALSE
14,27,male,4,old,a,0,4.372500000000002,80,10,-63,59,46,-60,9,15,-6,58.3837877,53.2979049,5.085882805,-63,-60,-3,-0.03,-0.68,0.65,FALSE
14,27,male,5,old,a,0,3.936699999999263,68,25,-12,60,2,-8,27,18,9,32.69046752,29.97776954,2.712697979,-12,-8,-4,0.09,0.65,-0.56,FALSE
14,27,male,6,old,a,0,6.278999999999996,99,51,-13,95,36,-3,45.66666667,42.66666667,3,45.87906809,40.28509512,5.59397297,-13,-3,-10,-0.17,0.24,-0.41,FALSE
14,27,male,7,old,b,1,7.9503999999994335,53,9,-17,37,30,-13,15,18,-3,28.89059824,22.10580618,6.784792065,-17,-13,-4,0.3,-0.65,0.95,FALSE
14,27,male,8,old,b,1,2.951700000000187,67,19,-22,60,38,-16,21.33333333,27.33333333,-6,36.37153955,31.93048004,4.441059506,-22,-16,-6,0.1,-0.46,0.56,FALSE
14,27,male,9,old,b,1,5.857899999999461,76,3,-64,59,38,-55,5,14,-9,57.17225434,49.53786431,7.634390037,-64,-55,-9,0.05,-0.61,0.66,FALSE
14,27,male,10,old,b,1,4.2192000000002,88,17,-44,82,43,-37,20.33333333,29.33333333,-9,53.94029621,49.5333782,4.406918017,-44,-37,-7,0.09,-0.39,0.48,FALSE
14,27,male,11,old,b,1,11.193100000000555,63,2,-47,49,23,-45,6,9,-3,44.99629614,39.63163719,5.36465895,-47,-45,-2,0.13,-0.49,0.62,FALSE
14,27,male,12,old,a,0,6.310099999999636,77,25,-58,53,45,-54,14.66666667,14.66666667,0,55.59576323,48.66438351,6.93137972,-58,-54,-4,-0.27,-0.69,0.42,FALSE
14,27,male,13,old,a,0,5.675200000000217,70,12,-66,45,34,-63,5.333333333,5.333333333,0,55.72152985,48.52719741,7.194332436,-66,-63,-3,-0.18,-0.68,0.5,FALSE
14,27,male,14,old,a,0,8.51320000000021,80,2,-60,69,30,-50,7.333333333,16.33333333,-9,57.27904406,49.5333782,7.745665868,-60,-50,-10,0.14,-0.39,0.53,FALSE
14,27,male,15,old,b,1,3.101099999999633,91,75,-12,94,55,-4,51.33333333,48.33333333,3,45.25728916,40.28509512,4.97219404,-12,-4,-8,-0.64,-0.24,-0.4,FALSE
14,27,male,16,old,a,0,3.753799999999842,95,48,-30,71,67,-25,37.66666667,37.66666667,0,51.55148451,44.3421044,7.209380118,-30,-25,-5,-0.29,-0.7,0.41,FALSE
14,27,male,18,old,b,1,13.646799999999814,55,15,-13,42,31,-7,19,22,-3,27.90459938,20.99206199,6.91253739,-13,-7,-6,0.21,-0.56,0.77,FALSE
14,27,male,19,old,b,1,3.8079999999999927,83,50,-11,85,29,-1,40.66666667,37.66666667,3,38.93869826,35.64017708,3.298521182,-11,-1,-10,-0.35,0.35,-0.7,FALSE
14,27,male,20,old,a,0,28.10389999999944,84,27,-36,73,4,-29,25,16,9,49.01020302,42.49705872,6.513144298,-36,-29,-7,-0.06,0.4,-0.46,FALSE
14,27,male,21,old,b,1,3.938099999999679,88,33,-10,73,59,-3,37,43,-6,40.10818703,33.02524287,7.082944157,-10,-3,-7,0.15,-0.61,0.76,FALSE
14,27,male,22,old,a,0,2.697099999999637,98,41,-24,75,68,-19,38.33333333,41.33333333,-3,49.8419725,42.75771535,7.084257142,-24,-19,-5,-0.08,-0.69,0.61,FALSE
14,27,male,23,old,b,1,2.8039999999999736,80,72,-12,88,45,-2,46.66666667,43.66666667,3,41.61196409,36.7544404,4.857523695,-12,-2,-10,-0.69,-0.05,-0.64,FALSE
14,27,male,24,old,b,1,4.134100000000558,67,11,-13,61,36,-5,21.66666667,30.66666667,-9,33.51948024,27.20702524,6.312455003,-13,-5,-8,0.45,-0.29,0.74,FALSE
14,27,male,25,old,b,1,6.112100000000567,91,67,-10,95,46,-2,49.33333333,46.33333333,3,43.08389748,39.60078563,3.483111855,-10,-2,-8,-0.55,0.01,-0.56,FALSE
14,27,male,26,old,a,0,5.357500000000016,90,44,-48,88,16,-45,28.66666667,19.66666667,9,57.37207993,54.3588897,3.013190235,-48,-45,-3,-0.38,0.1,-0.48,FALSE
14,27,male,27,old,b,1,8.599799999999789,53,8,-34,41,23,-28,9,12,-3,35.52463934,29.22327839,6.301360944,-34,-28,-6,0.04,-0.51,0.55,FALSE
14,27,male,28,old,b,1,2.366999999999962,66,31,-13,68,19,-3,28,28,0,32.3213036,29.67602849,2.645275119,-13,-3,-10,-0.14,0.43,-0.57,FALSE
14,27,male,29,old,b,1,4.138799999999833,56,42,-72,65,9,-66,8.666666667,2.666666667,6,57.32558087,53.66770185,3.657879018,-72,-66,-6,-0.68,-0.18,-0.5,FALSE
14,27,male,30,old,a,0,7.867200000000196,91,81,-24,99,44,-22,49.33333333,40.33333333,9,52.01495511,49.46603773,2.548917383,-24,-22,-2,-0.69,-0.11,-0.58,FALSE
14,27,male,31,old,a,0,9.820399999999438,61,54,-82,79,11,-75,11,5,6,65.82299497,63.01322612,2.809768844,-82,-75,-7,-0.7,-0.14,-0.56,FALSE
14,27,male,32,old,a,0,5.127499999999998,81,24,-16,74,4,-7,29.66666667,23.66666667,6,39.80228916,35.8732336,3.929055559,-16,-7,-9,0.21,0.66,-0.45,FALSE
14,27,male,33,old,b,1,3.2725000000000364,83,23,-56,70,49,-51,16.66666667,22.66666667,-6,56.92294987,52.7909925,4.131957375,-56,-51,-5,-0.17,-0.62,0.45,FALSE
14,27,male,34,old,a,0,11.357299999999782,93,64,-10,95,40,-6,49,43,6,43.36665386,41.28760912,2.079044738,-10,-6,-4,-0.48,0.11,-0.59,FALSE
14,27,male,35,old,b,1,8.232099999999662,69,24,-23,60,43,-15,23.33333333,29.33333333,-6,37.56180093,32.10745846,5.454342465,-23,-15,-8,-0.03,-0.56,0.53,FALSE
14,27,male,36,old,b,1,8.783799999999815,99,35,-16,88,50,-11,39.33333333,42.33333333,-3,47.0484384,40.77853466,6.269903738,-16,-11,-5,0.14,-0.28,0.42,FALSE
14,27,male,37,old,a,0,7.395700000000204,91,54,-88,96,14,-80,19,10,9,77.1535266,71.90734779,5.246178806,-88,-80,-8,-0.59,-0.08,-0.51,FALSE
14,27,male,38,old,b,1,10.30479999999983,75,4,-67,57,43,-61,4,13,-9,57.97125725,52.63712252,5.334134731,-67,-61,-6,0,-0.67,0.67,FALSE
14,27,male,39,old,b,1,4.621300000000758,94,70,-40,98,38,-30,41.33333333,35.33333333,6,58.33999962,52.2897908,6.050208816,-40,-30,-10,-0.62,-0.08,-0.54,FALSE
14,27,male,40,old,a,0,6.564700000000187,97,58,-61,98,20,-51,31.33333333,22.33333333,9,67.20284386,60.85136719,6.351476665,-61,-51,-10,-0.53,0.06,-0.59,FALSE
14,27,male,41,old,b,1,4.172200000000203,85,2,-81,57,52,-76,2,11,-9,67.76921622,61.55214591,6.217070303,-81,-76,-5,0,-0.7,0.7,FALSE
14,27,male,42,old,b,1,4.5230000000000246,92,60,-21,99,43,-11,43.66666667,43.66666667,0,47.55581516,44.90978611,2.646029045,-21,-11,-10,-0.47,0.02,-0.49,FALSE
14,27,male,0,new,b,1,3.27910000000054,59,34,-23,76,30,-18,23.33333333,29.33333333,-6,34.31552936,38.37823457,-4.062705208,-23,-18,-5,-0.44,-0.03,-0.41,FALSE
14,27,male,1,new,b,1,1.1972999999998135,61,33,-4,66,7,-1,30,24,6,26.62079388,29.87752779,-3.25673391,-4,-1,-3,-0.17,0.67,-0.84,FALSE
14,27,male,2,new,b,1,1.2643999999994548,82,33,-22,91,7,-14,31,28,3,42.48136847,45.36518489,-2.883816424,-22,-14,-8,-0.07,0.6,-0.67,FALSE
14,27,male,3,new,b,1,1.2929000000003723,65,35,-38,81,15,-34,20.66666667,20.66666667,0,43.25377312,47.1192341,-3.865460983,-38,-34,-4,-0.46,0.18,-0.64,FALSE
14,27,male,4,new,b,1,1.0139000000003762,35,19,-36,66,5,-26,6,15,-9,30.40833219,38.21866909,-7.810336894,-36,-26,-10,-0.56,0.37,-0.93,FALSE
14,27,male,5,new,b,1,0.8976999999992472,41,39,-29,73,26,-21,17,26,-9,32.53715825,38.3753393,-5.838181059,-29,-21,-8,-0.71,0,-0.71,FALSE
14,27,male,6,new,b,1,1.332600000000582,63,62,-52,88,34,-49,24.33333333,24.33333333,0,53.97736151,56.34615239,-2.368790878,-52,-49,-3,-0.71,-0.25,-0.46,FALSE
14,27,male,7,new,b,1,1.3136000000005763,76,31,-39,96,19,-29,22.66666667,28.66666667,-6,47.31689856,51.48678363,-4.169885078,-39,-29,-10,-0.26,0.28,-0.54,FALSE
14,27,male,8,new,b,1,1.749100000000567,70,31,-60,87,5,-51,13.66666667,13.66666667,0,54.46915539,56.6705881,-2.20143271,-60,-51,-9,-0.45,0.23,-0.68,FALSE
14,27,male,9,new,b,1,1.2982999999998128,72,24,-26,91,16,-19,23.33333333,29.33333333,-6,40.01110957,45.88633299,-5.875223425,-26,-19,-7,-0.02,0.41,-0.43,FALSE
14,27,male,10,new,a,0,0.7627000000002226,86,35,-10,92,6,-5,37,31,6,39.2173431,43.36665386,-4.149310754,-10,-5,-5,0.08,0.67,-0.59,FALSE
14,27,male,11,new,b,1,1.5970999999996138,75,51,-33,96,10,-31,31,25,6,46.30334761,52.92132525,-6.617977643,-33,-31,-2,-0.57,0.4,-0.97,FALSE
14,27,male,12,new,b,1,1.045500000000061,83,36,-11,86,2,-7,36,27,9,38.3753393,41.88078318,-3.505443879,-11,-7,-4,0,0.68,-0.68,FALSE
14,27,male,13,new,b,1,1.1159000000004653,66,55,-73,97,23,-63,16,19,-3,63.09252465,65.38093504,-2.28841039,-73,-63,-10,-0.69,-0.09,-0.6,FALSE
14,27,male,15,new,b,1,1.0472000000001458,82,41,-36,94,3,-28,29,23,6,48.91489207,51.77515492,-2.860262842,-36,-28,-8,-0.35,0.52,-0.87,FALSE
14,27,male,16,new,b,1,1.748700000000099,56,39,-80,86,11,-73,5,8,-3,60.50344343,64.94613152,-4.442688096,-80,-73,-7,-0.67,-0.07,-0.6,FALSE
14,27,male,17,new,b,1,0.7949999999999591,94,45,-8,97,10,-3,43.66666667,34.66666667,9,41.65199742,44.39469438,-2.74269696,-8,-3,-5,-0.05,0.66,-0.71,FALSE
14,27,male,18,new,b,1,1.3802999999998065,45,40,-49,77,30,-44,12,21,-9,43.18178628,49.80629144,-6.624505153,-49,-44,-5,-0.7,-0.27,-0.43,FALSE
14,27,male,19,new,b,1,1.2635000000000218,84,38,-47,98,2,-43,25,19,6,54.26478293,58.80476171,-4.53997878,-47,-43,-4,-0.35,0.41,-0.76,FALSE
14,27,male,20,new,b,1,1.4152000000002545,85,45,-46,95,4,-42,28,19,9,54.81483984,56.92685365,-2.112013812,-46,-42,-4,-0.44,0.38,-0.82,FALSE
14,27,male,21,new,b,1,0.8460999999996375,71,36,-38,93,11,-35,23,23,0,45.43860326,52.94021786,-7.501614591,-38,-35,-3,-0.41,0.33,-0.74,FALSE
14,27,male,22,new,b,1,1.464799999999741,74,29,-58,96,13,-55,15,18,-3,54.79051013,61.74679479,-6.956284661,-58,-55,-3,-0.37,0.12,-0.49,FALSE
14,27,male,23,new,b,1,1.733200000000238,67,58,-29,93,49,-19,32,41,-9,43.28972164,46.07240678,-2.782685138,-29,-19,-10,-0.68,-0.26,-0.42,FALSE
14,27,male,24,new,b,1,0.8782999999998538,56,49,-15,84,31,-7,30,36,-6,31.94787421,37.31844941,-5.370575202,-15,-7,-8,-0.68,0.2,-0.88,FALSE
14,27,male,25,new,b,1,1.6474000000004023,62,43,-86,99,27,-80,6.333333333,15.33333333,-9,65.74867975,73.54061614,-7.79193639,-86,-80,-6,-0.66,-0.23,-0.43,FALSE
14,27,male,26,new,b,1,1.3821999999992158,58,27,-28,78,17,-20,19,25,-6,35.56215217,40.40627014,-4.844117975,-28,-20,-8,-0.33,0.29,-0.62,FALSE
14,27,male,27,new,b,1,1.2503999999994448,65,61,-27,97,23,-21,33,33,0,42.45782221,48.68949236,-6.231670156,-27,-21,-6,-0.7,0.3,-1,FALSE
14,27,male,28,new,b,1,1.162400000000389,40,34,-14,62,29,-4,20,29,-9,24.16609195,26.94438717,-2.778295223,-14,-4,-10,-0.67,0,-0.67,FALSE
14,27,male,29,new,b,1,1.1337000000002035,51,25,-16,72,5,-8,20,23,-3,27.58018612,35.05234181,-7.47215569,-16,-8,-8,-0.27,0.63,-0.9,FALSE
14,27,male,30,new,b,1,1.2994000000003323,73,32,-44,95,17,-42,20.33333333,23.33333333,-3,48.47221426,56.10902086,-7.6368066,-44,-42,-2,-0.35,0.17,-0.52,FALSE
14,27,male,31,new,b,1,1.250899999999433,62,55,-78,93,7,-70,13,10,3,64.41014413,66.57827473,-2.168130606,-78,-70,-8,-0.7,0.07,-0.77,FALSE
14,27,male,32,new,b,1,5.411000000000058,83,52,-36,96,9,-33,33,24,9,50.4050262,53.72150407,-3.31647787,-36,-33,-3,-0.51,0.4,-0.91,FALSE
14,27,male,33,new,b,1,1.6140999999996666,57,33,-39,75,10,-34,17,17,0,40.79215611,44.77350407,-3.981347961,-39,-34,-5,-0.53,0.23,-0.76,FALSE
14,27,male,34,new,b,1,1.9510000000000216,74,56,-98,99,2,-96,10.66666667,1.666666667,9,77.18952145,79.60876557,-2.4192441160000002,-98,-96,-2,-0.68,-0.01,-0.67,FALSE
14,27,male,35,new,b,1,1.7140000000000557,62,41,-30,88,24,-21,24.33333333,30.33333333,-6,39.36439452,44.723844,-5.359449486,-30,-21,-9,-0.56,0.21,-0.77,FALSE
14,27,male,36,new,b,1,1.3800999999996293,60,59,-71,98,2,-61,16,13,3,61.51964456,65.37583651,-3.856191956,-71,-61,-10,-0.71,0.25,-0.96,FALSE
14,27,male,37,new,b,1,1.900399999999422,59,17,-45,75,4,-39,10.33333333,13.33333333,-3,42.71871825,47.00590979,-4.287191544,-45,-39,-6,-0.23,0.29,-0.52,FALSE
14,27,male,38,new,b,1,1.5515000000000327,59,53,-70,91,2,-60,14,11,3,59.44745579,61.97311245,-2.525656659,-70,-60,-10,-0.7,0.21,-0.91,FALSE
14,27,male,39,new,b,1,0.761000000000081,67,34,-14,82,3,-7,29,26,3,33.2565783,39.80787192,-6.551293622,-14,-7,-7,-0.22,0.67,-0.89,FALSE
14,27,male,40,new,b,1,1.0159000000003289,73,35,-13,82,8,-4,31.66666667,28.66666667,3,35.18838192,38.02922853,-2.840846604,-13,-4,-9,-0.14,0.65,-0.79,FALSE
14,27,male,41,new,b,1,0.98279999999977,76,38,-12,82,9,-7,34,28,6,36.037018,38.73843914,-2.701421131,-12,-7,-5,-0.17,0.62,-0.79,FALSE
14,27,male,42,new,b,1,1.5139000000003762,75,60,-69,99,6,-66,22,13,9,64.63745044,67.54257916,-2.905128718,-69,-66,-3,-0.68,0.15,-0.83,FALSE
14,27,male,0,old,b,1,1.0116000000006125,98,58,-16,96,41,-6,46.66666667,43.66666667,3,47.22522866,41.6839964,5.541232266,-16,-6,-10,-0.35,0.1,-0.45,FALSE
14,27,male,1,old,b,1,0.8460000000000036,48,3,-24,46,23,-15,9,18,-9,29.69848481,25.15286597,4.545618837,-24,-15,-9,0.29,-0.29,0.58,FALSE
14,27,male,2,old,b,1,1.147099999999682,82,31,-53,64,62,-48,20,26,-6,55.6596802,52.33227175,3.327408449,-53,-48,-5,-0.29,-0.71,0.42,FALSE
14,27,male,3,old,b,1,0.8465999999996257,77,69,-21,82,39,-14,41.66666667,35.66666667,6,44.43222054,39.26264835,5.16957219,-21,-14,-7,-0.69,-0.13,-0.56,FALSE
14,27,male,4,old,b,1,1.26400000000001,74,5,-55,57,19,-52,8,8,0,52.70673581,45.17373868,7.532997129,-55,-52,-3,0.09,-0.35,0.44,FALSE
14,27,male,5,old,b,1,1.0460999999995693,73,52,-43,84,13,-33,27.33333333,21.33333333,6,50.4667107,48.12714642,2.339564283,-43,-33,-10,-0.62,0.25,-0.87,FALSE
14,27,male,6,old,b,1,2.119399999999473,82,11,-76,60,51,-67,5.666666667,14.66666667,-9,64.61338011,57.86382482,6.749555292,-76,-67,-9,-0.12,-0.69,0.57,FALSE
14,27,male,7,old,b,1,1.3640999999996666,56,8,-52,40,33,-43,4,10,-6,44.18144407,37.58545818,6.595985888,-52,-43,-9,-0.14,-0.69,0.55,FALSE
14,27,male,8,old,b,1,6.027200000000107,79,13,-40,74,33,-37,17.33333333,23.33333333,-6,48.67808085,45.82818153,2.849899325,-40,-37,-3,0.13,-0.31,0.44,FALSE
14,27,male,9,old,b,1,1.499199999999291,59,9,-67,40,31,-61,0.333333333,3.333333333,-3,51.80304581,45.63867755,6.164368259,-67,-61,-6,-0.25,-0.69,0.44,FALSE
14,27,male,10,old,b,1,1.263700000000199,85,68,-15,91,43,-5,46,43,3,43.68828981,39.19183588,4.496453927,-15,-5,-10,-0.63,0,-0.63,FALSE
14,27,male,11,old,b,1,1.80070000000012,99,52,-13,90,75,-9,46,52,-6,45.92022067,43.56604182,2.354178852,-13,-9,-4,-0.19,-0.64,0.45,FALSE
14,27,male,12,old,b,1,1.6327000000002272,46,32,-39,42,9,-30,13,7,6,37.21110945,29.42787794,7.783231513,-39,-30,-9,-0.63,-0.1,-0.53,FALSE
14,27,male,13,old,b,1,1.56579999999974,79,16,-61,58,42,-57,11.33333333,14.33333333,-3,57.24993935,50.86146762,6.388471726,-61,-57,-4,-0.12,-0.65,0.53,FALSE
14,27,male,14,old,b,1,1.3344999999999343,53,40,-11,50,25,-2,27.33333333,24.33333333,3,27.62044331,21.23414441,6.386298903,-11,-2,-9,-0.59,-0.05,-0.54,FALSE
14,27,male,15,old,b,1,9.836899999999446,53,8,-35,40,19,-33,8.666666667,8.666666667,0,35.92894222,30.68477726,5.244164957,-35,-33,-2,0.03,-0.47,0.5,FALSE
14,27,male,16,old,b,1,1.447999999999979,64,62,-48,70,29,-39,26,20,6,52.33227175,44.95182607,7.380445685,-48,-39,-9,-0.71,-0.29,-0.42,FALSE
14,27,male,17,old,b,1,2.3700999999996384,91,79,-11,99,39,-6,53,44,9,45.51922671,43.01162634,2.507600372,-11,-6,-5,-0.67,0.17,-0.84,FALSE
14,27,male,18,old,b,1,1.0152000000001635,87,78,-16,94,52,-6,49.66666667,46.66666667,3,46.57848812,40.99864496,5.579843156,-16,-6,-10,-0.69,-0.19,-0.5,FALSE
14,27,male,19,old,b,1,1.263100000000577,57,19,-12,42,29,-7,21.33333333,21.33333333,0,28.21740991,20.72572208,7.491687838,-12,-7,-5,0.12,-0.5,0.62,FALSE
14,27,male,20,old,b,1,3.186700000000201,85,24,-45,67,54,-39,21.33333333,27.33333333,-6,53.10576449,47.20404879,5.901715701,-45,-39,-6,-0.08,-0.67,0.59,FALSE
14,27,male,21,old,b,1,1.9988999999994803,70,57,-28,78,40,-19,33,33,0,43.45879274,39.90822806,3.550564686,-28,-19,-9,-0.66,-0.26,-0.4,FALSE
14,27,male,22,old,b,1,3.1682000000001835,61,12,-35,44,34,-31,12.66666667,15.66666667,-3,39.19467084,33.24989557,5.944775267,-35,-31,-4,0.03,-0.66,0.69,FALSE
14,27,male,24,old,b,1,1.2315999999996166,98,42,-26,70,68,-24,38,38,0,50.70174224,43.84822307,6.853519172,-26,-24,-2,-0.12,-0.71,0.59,FALSE
14,27,male,25,old,b,1,0.6979999999999791,57,44,-13,53,29,-3,29.33333333,26.33333333,3,30.40102337,22.93953405,7.461489329,-13,-3,-10,-0.61,-0.17,-0.44,FALSE
14,27,male,26,old,b,1,1.681999999999903,60,5,-41,53,30,-32,8,17,-9,41.28760912,35.89800366,5.389605459,-41,-32,-9,0.11,-0.5,0.61,FALSE
14,27,male,27,old,b,1,1.933900000000449,79,63,-12,80,36,-4,43.33333333,37.33333333,6,39.6680672,34.30581421,5.362252988,-12,-4,-8,-0.62,0.06,-0.68,FALSE
14,27,male,28,old,b,1,0.896399999999403,74,21,-46,56,42,-40,16.33333333,19.33333333,-3,49.10080334,42.34251869,6.758284654,-46,-40,-6,-0.14,-0.65,0.51,FALSE
14,27,male,29,old,b,1,0.7974000000003798,58,38,-11,53,25,-2,28.33333333,25.33333333,3,28.98658694,22.45489306,6.531693879,-11,-2,-9,-0.46,0.02,-0.48,FALSE
14,27,male,30,old,b,1,0.8807000000001608,91,22,-54,72,61,-47,19.66666667,28.66666667,-9,59.21899095,53.69254035,5.526450601,-54,-47,-7,-0.06,-0.68,0.62,FALSE
14,27,male,31,old,b,1,0.930700000000229,65,13,-18,61,36,-10,20,29,-9,34.24422092,29.40521496,4.839005967,-18,-10,-8,0.3,-0.34,0.64,FALSE
14,27,male,32,old,b,1,1.263700000000199,63,16,-47,44,40,-43,10.66666667,13.66666667,-3,45.0653846,40.10264608,4.962738522,-47,-43,-4,-0.18,-0.7,0.52,FALSE
14,27,male,33,old,b,1,1.1485000000000127,70,51,-43,75,10,-34,26,17,9,49.40310382,44.77350407,4.629599747,-43,-34,-9,-0.63,0.23,-0.86,FALSE
14,27,male,34,old,b,1,1.0625,48,21,-20,41,36,-10,16.33333333,22.33333333,-6,27.95631513,22.9540604,5.002254727,-20,-10,-10,-0.25,-0.68,0.43,FALSE
14,27,male,35,old,b,1,1.0957000000001926,96,19,-78,77,43,-74,12.33333333,15.33333333,-3,71.19144768,64.67525716,6.516190515,-78,-74,-4,-0.14,-0.56,0.42,FALSE
14,27,male,36,old,b,1,1.048200000000179,79,64,-29,81,28,-22,38,29,9,47.77028365,42.05551886,5.714764789,-29,-22,-7,-0.66,0.04,-0.7,FALSE
14,27,male,37,old,b,1,0.9325000000000044,79,40,-26,73,13,-20,31,22,9,43.33589736,38.49675311,4.83914425,-26,-20,-6,-0.3,0.34,-0.64,FALSE
14,27,male,38,old,b,1,1.18100000000004,80,43,-35,75,18,-32,29.33333333,20.33333333,9,47.93282336,43.71371511,4.219108251,-35,-32,-3,-0.4,0.08,-0.48,FALSE
14,27,male,39,old,b,1,1.0622999999998228,92,2,-70,66,50,-65,8,17,-9,66.2721661,58.34952156,7.92264454,-70,-65,-5,0.14,-0.67,0.81,FALSE
14,27,male,40,old,b,1,1.1463999999995167,65,57,-40,69,18,-32,27.33333333,18.33333333,9,47.72374205,41.23375101,6.489991045,-40,-32,-8,-0.69,0.01,-0.7,FALSE
14,27,male,41,old,b,1,0.8307000000000926,78,43,-10,60,54,-3,37,37,0,36.17549815,28.39013913,7.785359021,-10,-3,-7,-0.24,-0.68,0.44,FALSE
14,27,male,42,old,b,1,1.028899999999453,46,30,-55,47,6,-50,7,1,6,44.32456054,39.75759885,4.566961681,-55,-50,-5,-0.64,-0.19,-0.45,FALSE
14,27,male,0,new,b,1,1.3312000000001944,58,27,-46,74,5,-40,13,13,0,43.59663596,46.88283268,-3.286196723,-46,-40,-6,-0.45,0.25,-0.7,FALSE
14,27,male,1,new,b,1,1.1992000000002463,45,26,-62,73,18,-55,3,12,-9,46.61187259,52.42772803,-5.815855439,-62,-55,-7,-0.62,-0.17,-0.45,FALSE
14,27,male,2,new,b,1,1.1794999999999618,88,50,-27,96,11,-23,37,28,9,47.84001115,50.04664491,-2.206633761,-27,-23,-4,-0.39,0.47,-0.86,FALSE
14,27,male,3,new,b,1,1.1353999999994355,75,48,-36,95,7,-33,29,23,6,47.26520919,53.46650042,-6.201291223,-36,-33,-3,-0.54,0.42,-0.96,FALSE
14,27,male,4,new,b,1,1.6497000000001665,54,51,-50,87,14,-46,18.33333333,18.33333333,0,48.33448274,54.3834125,-6.048929759,-50,-46,-4,-0.71,0.12,-0.83,FALSE
14,27,male,5,new,b,1,0.8457999999998265,72,42,-20,78,6,-17,31.33333333,22.33333333,9,38.30868773,40.46672158,-2.158033852,-20,-17,-3,-0.4,0.54,-0.94,FALSE
14,27,male,6,new,b,1,0.9654000000003862,79,50,-10,95,17,-2,39.66666667,36.66666667,3,37.06151043,41.97088938,-4.90937895,-10,-2,-8,-0.4,0.6,-1,FALSE
14,27,male,7,new,b,1,1.0973000000007005,47,44,-54,78,9,-50,12.33333333,12.33333333,0,46.92073695,52.3089115,-5.388174553,-54,-50,-4,-0.7,0.1,-0.8,FALSE
14,27,male,8,new,b,1,0.9963999999994256,68,60,-38,99,37,-28,30,36,-6,48.19405219,51.85235449,-3.658302303,-38,-28,-10,-0.69,-0.03,-0.66,FALSE
14,27,male,9,new,b,1,1.648600000000556,38,36,-51,71,20,-41,7.666666667,16.66666667,-9,41.49163236,45.78451946,-4.292887105,-51,-41,-10,-0.71,-0.11,-0.6,FALSE
14,27,male,10,new,b,1,3.3570999999996047,37,15,-44,59,10,-34,2.666666667,11.66666667,-9,34.19876541,37.9853773,-3.786611894,-44,-34,-10,-0.49,0.07,-0.56,FALSE
14,27,male,11,new,b,1,1.1991000000004988,73,45,-52,99,1,-43,22,19,3,53.55993528,59.35205697,-5.792121696,-52,-43,-9,-0.56,0.43,-0.99,FALSE
14,27,male,12,new,b,1,5.49570000000017,71,38,-70,91,1,-62,13,10,3,60.21627687,62.78534861,-2.56907174,-70,-62,-8,-0.55,0.21,-0.76,FALSE
14,27,male,13,new,b,1,1.999300000000744,73,23,-91,92,2,-89,1.666666667,1.666666667,0,68.63105873,73.89331649,-5.262257764,-91,-89,-2,-0.44,-0.01,-0.43,FALSE
14,27,male,14,new,b,1,1.2484000000004016,87,54,-16,96,14,-12,41.66666667,32.66666667,9,42.94440851,46.02414825,-3.079739742,-16,-12,-4,-0.41,0.54,-0.95,FALSE
14,27,male,15,new,b,1,0.9633000000007996,59,30,-17,77,20,-7,24,30,-6,31.31559782,35.0142828,-3.698684983,-17,-7,-10,-0.28,0.41,-0.69,FALSE
14,27,male,16,new,b,1,1.6511000000006106,49,45,-36,87,24,-26,19.33333333,28.33333333,-9,39.16063783,46.23370584,-7.073068005,-36,-26,-10,-0.7,0.14,-0.84,FALSE
14,27,male,17,new,b,1,1.164899999999534,86,41,-34,96,4,-25,31,25,6,49.49747468,51.58165048,-2.084175801,-34,-25,-9,-0.29,0.54,-0.83,FALSE
14,27,male,18,new,b,1,1.5312000000001262,78,57,-50,98,6,-46,28.33333333,19.33333333,9,56.04958123,59.5389695,-3.489388273,-50,-46,-4,-0.63,0.32,-0.95,FALSE
14,27,male,19,new,b,1,1.0491999999992458,54,34,-67,84,8,-62,7,10,-3,52.95910372,59.62102537,-6.661921656,-67,-62,-5,-0.63,0.05,-0.68,FALSE
14,27,male,20,new,b,1,1.34699999999998,62,44,-43,91,27,-37,21,27,-6,45.84757355,52.25578118,-6.408207634,-43,-37,-6,-0.63,0,-0.63,FALSE
14,27,male,21,new,b,1,1.3813999999994169,44,36,-47,66,12,-45,11,11,0,41.14203041,45.32107677,-4.17904636,-47,-45,-2,-0.69,-0.03,-0.66,FALSE
14,27,male,22,new,b,1,2.1502999999997883,89,36,-51,98,7,-49,24.66666667,18.66666667,6,57.71385353,60.5768566,-2.863003074,-51,-49,-2,-0.29,0.28,-0.57,FALSE
14,27,male,23,new,b,1,1.328100000000518,43,31,-49,75,8,-40,8.333333333,14.33333333,-6,40.83571422,47.16166051,-6.325946295,-49,-40,-9,-0.66,0.2,-0.86,FALSE
14,27,male,24,new,b,1,1.1793000000008078,80,48,-26,89,7,-21,34,25,9,44.39219151,46.6761895,-2.283997999,-26,-21,-5,-0.44,0.52,-0.96,FALSE
14,27,male,25,new,b,1,0.9631000000005088,56,21,-48,76,2,-40,9.666666667,12.66666667,-3,43.20750964,47.95368136,-4.74617172,-48,-40,-8,-0.38,0.32,-0.7,FALSE
14,27,male,26,new,b,1,0.931899999999473,85,51,-7,92,14,-4,43,34,9,37.98245209,41.66533331,-3.682881223,-7,-4,-3,-0.31,0.61,-0.92,FALSE
14,27,male,27,new,b,1,1.0123999999993885,66,47,-58,95,21,-52,18.33333333,21.33333333,-3,54.53031777,60.01296156,-5.482643798,-58,-52,-6,-0.64,0.01,-0.65,FALSE
14,27,male,28,new,b,1,1.2495000000000118,31,25,-52,57,4,-48,1.333333333,4.333333333,-3,37.79182745,42.86671851,-5.074891054,-52,-48,-4,-0.69,0.01,-0.7,FALSE
14,27,male,29,new,b,1,1.497000000000071,82,49,-19,98,16,-11,37.33333333,34.33333333,3,42.05023451,46.34891824,-4.298683734,-19,-11,-8,-0.39,0.53,-0.92,FALSE
14,27,male,30,new,b,1,1.1800999999995838,80,38,-19,90,6,-15,33,27,6,40.57092555,45.36518489,-4.794259339,-19,-15,-4,-0.18,0.6,-0.78,FALSE
14,27,male,31,new,b,1,0.828600000000506,42,23,-11,63,18,-9,18,24,-6,21.92411154,29.69848481,-7.774373273,-11,-9,-2,-0.33,0.29,-0.62,FALSE
14,27,male,32,new,a,0,1.0979000000003225,44,31,-57,70,16,-50,6,12,-6,44.86275367,49.07137659,-4.208622918,-57,-50,-7,-0.66,-0.12,-0.54,FALSE
14,27,male,33,new,b,1,1.5500000000000682,38,17,-31,62,16,-27,8,17,-9,28.87905816,36.34097779,-7.461919633,-31,-27,-4,-0.44,0.04,-0.48,FALSE
14,27,male,34,new,b,1,2.351399999999444,86,32,-13,90,5,-8,35,29,6,40.47221269,43.45879274,-2.986580053,-13,-8,-5,0.11,0.66,-0.55,FALSE
14,27,male,35,new,b,1,1.7657999999997855,32,24,-44,60,15,-36,4,13,-9,34.09789827,39.2173431,-5.119444829,-44,-36,-8,-0.68,-0.08,-0.6,FALSE
14,27,male,36,new,b,1,1.5978999999995267,73,53,-41,99,7,-39,28.33333333,22.33333333,6,49.70133019,57.37207993,-7.670749745,-41,-39,-2,-0.62,0.38,-1,FALSE
14,27,male,37,new,b,1,2.7679000000003957,68,52,-62,94,9,-54,19.33333333,16.33333333,3,57.88110419,60.64285247,-2.761748279,-62,-54,-8,-0.67,0.18,-0.85,FALSE
14,27,male,38,new,b,1,1.3842000000001915,69,50,-40,89,13,-32,26.33333333,23.33333333,3,47.54179448,49.93551397,-2.393719493,-40,-32,-8,-0.62,0.3,-0.92,FALSE
14,27,male,39,new,b,1,1.614700000000198,53,40,-78,88,6,-70,5,8,-3,58.92933621,64.51873113,-5.589394916,-78,-70,-8,-0.68,0.05,-0.73,FALSE
14,27,male,40,new,b,1,1.8497999999998456,69,45,-22,90,19,-17,30.66666667,30.66666667,0,38.50829636,44.45472103,-5.94642467,-22,-17,-5,-0.51,0.38,-0.89,FALSE
14,27,male,41,new,b,1,1.1817000000000917,72,24,-83,93,6,-77,4.333333333,7.333333333,-3,64.78854494,69.40861298,-4.620068037,-83,-77,-6,-0.43,0.03,-0.46,FALSE
15,24,male,0,new,a,0,4.876399999999904,61,33,-4,66,7,-1,30,24,6,26.62079388,29.87752779,-3.25673391,-4,-1,-3,-0.17,0.67,-0.84,FALSE
15,24,male,1,new,b,1,2.6483000000000487,72,24,-26,91,16,-19,23.33333333,29.33333333,-6,40.01110957,45.88633299,-5.875223425,-26,-19,-7,-0.02,0.41,-0.43,FALSE
15,24,male,2,new,b,1,13.821900000000028,66,55,-73,97,23,-63,16,19,-3,63.09252465,65.38093504,-2.28841039,-73,-63,-10,-0.69,-0.09,-0.6,FALSE
15,24,male,3,new,a,0,12.90640000000002,76,38,-12,82,9,-7,34,28,6,36.037018,38.73843914,-2.701421131,-12,-7,-5,-0.17,0.62,-0.79,FALSE
15,24,male,4,new,a,0,8.689599999999984,75,51,-33,96,10,-31,31,25,6,46.30334761,52.92132525,-6.617977643,-33,-31,-2,-0.57,0.4,-0.97,FALSE
15,24,male,5,new,a,0,6.526300000000049,70,31,-60,87,5,-51,13.66666667,13.66666667,0,54.46915539,56.6705881,-2.20143271,-60,-51,-9,-0.45,0.23,-0.68,FALSE
15,24,male,6,new,a,0,10.977900000000034,73,35,-13,82,8,-4,31.66666667,28.66666667,3,35.18838192,38.02922853,-2.840846604,-13,-4,-9,-0.14,0.65,-0.79,FALSE
15,24,male,7,new,b,1,21.1335,59,17,-45,75,4,-39,10.33333333,13.33333333,-3,42.71871825,47.00590979,-4.287191544,-45,-39,-6,-0.23,0.29,-0.52,FALSE
15,24,male,8,new,b,1,5.086099999999959,76,31,-39,96,19,-29,22.66666667,28.66666667,-6,47.31689856,51.48678363,-4.169885078,-39,-29,-10,-0.26,0.28,-0.54,FALSE
15,24,male,9,new,b,1,5.945000000000022,73,32,-44,95,17,-42,20.33333333,23.33333333,-3,48.47221426,56.10902086,-7.6368066,-44,-42,-2,-0.35,0.17,-0.52,FALSE
15,24,male,10,new,b,1,4.3414000000000215,56,49,-15,84,31,-7,30,36,-6,31.94787421,37.31844941,-5.370575202,-15,-7,-8,-0.68,0.2,-0.88,FALSE
15,24,male,11,new,b,1,6.428700000000049,62,41,-30,88,24,-21,24.33333333,30.33333333,-6,39.36439452,44.723844,-5.359449486,-30,-21,-9,-0.56,0.21,-0.77,FALSE
15,24,male,12,new,b,1,15.87299999999999,74,29,-58,96,13,-55,15,18,-3,54.79051013,61.74679479,-6.956284661,-58,-55,-3,-0.37,0.12,-0.49,FALSE
15,24,male,13,new,a,0,4.710399999999908,83,52,-36,96,9,-33,33,24,9,50.4050262,53.72150407,-3.31647787,-36,-33,-3,-0.51,0.4,-0.91,FALSE
15,24,male,14,new,b,1,8.960799999999892,62,43,-86,99,27,-80,6.333333333,15.33333333,-9,65.74867975,73.54061614,-7.79193639,-86,-80,-6,-0.66,-0.23,-0.43,FALSE
15,24,male,15,new,b,1,3.1813000000000216,35,19,-36,66,5,-26,6,15,-9,30.40833219,38.21866909,-7.810336894,-36,-26,-10,-0.56,0.37,-0.93,FALSE
15,24,male,16,new,a,0,13.126000000000031,94,45,-8,97,10,-3,43.66666667,34.66666667,9,41.65199742,44.39469438,-2.74269696,-8,-3,-5,-0.05,0.66,-0.71,FALSE
15,24,male,17,new,b,1,9.182800000000045,58,27,-28,78,17,-20,19,25,-6,35.56215217,40.40627014,-4.844117975,-28,-20,-8,-0.33,0.29,-0.62,FALSE
15,24,male,18,new,b,1,22.576000000000025,65,35,-38,81,15,-34,20.66666667,20.66666667,0,43.25377312,47.1192341,-3.865460983,-38,-34,-4,-0.46,0.18,-0.64,FALSE
15,24,male,19,new,a,0,9.206999999999994,67,34,-14,82,3,-7,29,26,3,33.2565783,39.80787192,-6.551293622,-14,-7,-7,-0.22,0.67,-0.89,FALSE
15,24,male,20,new,b,1,15.02090000000004,57,33,-39,75,10,-34,17,17,0,40.79215611,44.77350407,-3.981347961,-39,-34,-5,-0.53,0.23,-0.76,FALSE
15,24,male,22,new,a,0,17.954999999999984,83,36,-11,86,2,-7,36,27,9,38.3753393,41.88078318,-3.505443879,-11,-7,-4,0,0.68,-0.68,FALSE
15,24,male,23,new,a,0,8.39429999999993,63,62,-52,88,34,-49,24.33333333,24.33333333,0,53.97736151,56.34615239,-2.368790878,-52,-49,-3,-0.71,-0.25,-0.46,FALSE
15,24,male,24,new,a,0,8.986899999999935,85,45,-46,95,4,-42,28,19,9,54.81483984,56.92685365,-2.112013812,-46,-42,-4,-0.44,0.38,-0.82,FALSE
15,24,male,25,new,b,1,5.166899999999998,45,40,-49,77,30,-44,12,21,-9,43.18178628,49.80629144,-6.624505153,-49,-44,-5,-0.7,-0.27,-0.43,FALSE
15,24,male,26,new,b,1,5.318699999999978,59,34,-23,76,30,-18,23.33333333,29.33333333,-6,34.31552936,38.37823457,-4.062705208,-23,-18,-5,-0.44,-0.03,-0.41,FALSE
15,24,male,27,new,a,0,3.1100000000000136,62,55,-78,93,7,-70,13,10,3,64.41014413,66.57827473,-2.168130606,-78,-70,-8,-0.7,0.07,-0.77,FALSE
15,24,male,28,new,a,0,3.157100000000014,74,56,-98,99,2,-96,10.66666667,1.666666667,9,77.18952145,79.60876557,-2.4192441160000002,-98,-96,-2,-0.68,-0.01,-0.67,FALSE
15,24,male,29,new,a,0,3.607900000000029,51,25,-16,72,5,-8,20,23,-3,27.58018612,35.05234181,-7.47215569,-16,-8,-8,-0.27,0.63,-0.9,FALSE
15,24,male,30,new,a,0,4.064999999999998,59,53,-70,91,2,-60,14,11,3,59.44745579,61.97311245,-2.525656659,-70,-60,-10,-0.7,0.21,-0.91,FALSE
15,24,male,31,new,a,0,6.106800000000078,41,39,-29,73,26,-21,17,26,-9,32.53715825,38.3753393,-5.838181059,-29,-21,-8,-0.71,0,-0.71,FALSE
15,24,male,32,new,b,1,8.163900000000012,75,60,-69,99,6,-66,22,13,9,64.63745044,67.54257916,-2.905128718,-69,-66,-3,-0.68,0.15,-0.83,FALSE
15,24,male,33,new,a,0,8.909800000000075,86,35,-10,92,6,-5,37,31,6,39.2173431,43.36665386,-4.149310754,-10,-5,-5,0.08,0.67,-0.59,FALSE
15,24,male,34,new,b,1,4.916300000000092,71,36,-38,93,11,-35,23,23,0,45.43860326,52.94021786,-7.501614591,-38,-35,-3,-0.41,0.33,-0.74,FALSE
15,24,male,35,new,a,0,4.996700000000146,60,59,-71,98,2,-61,16,13,3,61.51964456,65.37583651,-3.856191956,-71,-61,-10,-0.71,0.25,-0.96,FALSE
15,24,male,36,new,a,0,2.800800000000038,82,41,-36,94,3,-28,29,23,6,48.91489207,51.77515492,-2.860262842,-36,-28,-8,-0.35,0.52,-0.87,FALSE
15,24,male,37,new,b,1,4.085899999999924,82,33,-22,91,7,-14,31,28,3,42.48136847,45.36518489,-2.883816424,-22,-14,-8,-0.07,0.6,-0.67,FALSE
15,24,male,38,new,a,0,4.53410000000008,56,39,-80,86,11,-73,5,8,-3,60.50344343,64.94613152,-4.442688096,-80,-73,-7,-0.67,-0.07,-0.6,FALSE
15,24,male,39,new,b,1,3.4863999999999464,67,58,-29,93,49,-19,32,41,-9,43.28972164,46.07240678,-2.782685138,-29,-19,-10,-0.68,-0.26,-0.42,FALSE
15,24,male,40,new,a,0,15.837100000000136,84,38,-47,98,2,-43,25,19,6,54.26478293,58.80476171,-4.53997878,-47,-43,-4,-0.35,0.41,-0.76,FALSE
15,24,male,41,new,b,1,1.4236999999999398,40,34,-14,62,29,-4,20,29,-9,24.16609195,26.94438717,-2.778295223,-14,-4,-10,-0.67,0,-0.67,FALSE
15,24,male,42,new,b,1,3.116800000000012,65,61,-27,97,23,-21,33,33,0,42.45782221,48.68949236,-6.231670156,-27,-21,-6,-0.7,0.3,-1,FALSE
15,24,male,0,old,b,1,6.164599999999837,85,2,-81,57,52,-76,2,11,-9,67.76921622,61.55214591,6.217070303,-81,-76,-5,0,-0.7,0.7,FALSE
15,24,male,1,old,a,0,3.025400000000161,90,44,-48,88,16,-45,28.66666667,19.66666667,9,57.37207993,54.3588897,3.013190235,-48,-45,-3,-0.38,0.1,-0.48,FALSE
15,24,male,2,old,b,1,0.9383999999998878,88,17,-44,82,43,-37,20.33333333,29.33333333,-9,53.94029621,49.5333782,4.406918017,-44,-37,-7,0.09,-0.39,0.48,FALSE
15,24,male,3,old,b,1,2.0608000000000857,92,60,-21,99,43,-11,43.66666667,43.66666667,0,47.55581516,44.90978611,2.646029045,-21,-11,-10,-0.47,0.02,-0.49,FALSE
15,24,male,4,old,b,1,2.1995000000000573,83,23,-56,70,49,-51,16.66666667,22.66666667,-6,56.92294987,52.7909925,4.131957375,-56,-51,-5,-0.17,-0.62,0.45,FALSE
15,24,male,5,old,a,0,1.690900000000056,99,35,-16,88,50,-11,39.33333333,42.33333333,-3,47.0484384,40.77853466,6.269903738,-16,-11,-5,0.14,-0.28,0.42,FALSE
15,24,male,6,old,a,0,2.491600000000062,91,81,-24,99,44,-22,49.33333333,40.33333333,9,52.01495511,49.46603773,2.548917383,-24,-22,-2,-0.69,-0.11,-0.58,FALSE
15,24,male,7,old,b,1,2.4241000000000668,80,10,-63,59,46,-60,9,15,-6,58.3837877,53.2979049,5.085882805,-63,-60,-3,-0.03,-0.68,0.65,FALSE
15,24,male,9,old,b,1,1.971499999999992,93,31,-8,70,68,-4,38.66666667,44.66666667,-6,41.5879256,34.42221505,7.165710549,-8,-4,-4,0.27,-0.71,0.98,FALSE
15,24,male,10,old,a,0,2.0436999999999443,80,72,-12,88,45,-2,46.66666667,43.66666667,3,41.61196409,36.7544404,4.857523695,-12,-2,-10,-0.69,-0.05,-0.64,FALSE
15,24,male,11,old,a,0,2.4470000000000027,84,27,-36,73,4,-29,25,16,9,49.01020302,42.49705872,6.513144298,-36,-29,-7,-0.06,0.4,-0.46,FALSE
15,24,male,12,old,a,0,7.162699999999859,64,24,-23,50,35,-20,21.66666667,21.66666667,0,35.55590278,30.09245014,5.463452634,-23,-20,-3,-0.1,-0.58,0.48,FALSE
15,24,male,13,old,a,0,6.075200000000223,53,8,-34,41,23,-28,9,12,-3,35.52463934,29.22327839,6.301360944,-34,-28,-6,0.04,-0.51,0.55,FALSE
15,24,male,14,old,a,0,3.78449999999998,68,25,-12,60,2,-8,27,18,9,32.69046752,29.97776954,2.712697979,-12,-8,-4,0.09,0.65,-0.56,FALSE
15,24,male,15,old,a,0,3.108999999999924,97,58,-61,98,20,-51,31.33333333,22.33333333,9,67.20284386,60.85136719,6.351476665,-61,-51,-10,-0.53,0.06,-0.59,FALSE
15,24,male,16,old,a,0,2.382900000000177,91,54,-88,96,14,-80,19,10,9,77.1535266,71.90734779,5.246178806,-88,-80,-8,-0.59,-0.08,-0.51,FALSE
15,24,male,17,old,b,1,2.227600000000052,53,9,-17,37,30,-13,15,18,-3,28.89059824,22.10580618,6.784792065,-17,-13,-4,0.3,-0.65,0.95,FALSE
15,24,male,18,old,a,0,4.104000000000042,99,51,-13,95,36,-3,45.66666667,42.66666667,3,45.87906809,40.28509512,5.59397297,-13,-3,-10,-0.17,0.24,-0.41,FALSE
15,24,male,19,old,b,1,2.8502999999999474,67,19,-22,60,38,-16,21.33333333,27.33333333,-6,36.37153955,31.93048004,4.441059506,-22,-16,-6,0.1,-0.46,0.56,FALSE
15,24,male,20,old,b,1,0.01869999999985339,75,4,-67,57,43,-61,4,13,-9,57.97125725,52.63712252,5.334134731,-67,-61,-6,0,-0.67,0.67,FALSE
15,24,male,21,old,a,0,0.08989999999994325,83,50,-11,85,29,-1,40.66666667,37.66666667,3,38.93869826,35.64017708,3.298521182,-11,-1,-10,-0.35,0.35,-0.7,FALSE
15,24,male,22,old,a,0,4.784600000000069,77,25,-58,53,45,-54,14.66666667,14.66666667,0,55.59576323,48.66438351,6.93137972,-58,-54,-4,-0.27,-0.69,0.42,FALSE
15,24,male,23,old,b,1,2.329300000000103,55,15,-13,42,31,-7,19,22,-3,27.90459938,20.99206199,6.91253739,-13,-7,-6,0.21,-0.56,0.77,FALSE
15,24,male,24,old,a,0,4.772900000000163,91,67,-10,95,46,-2,49.33333333,46.33333333,3,43.08389748,39.60078563,3.483111855,-10,-2,-8,-0.55,0.01,-0.56,FALSE
15,24,male,25,old,b,1,2.6738000000000284,61,54,-82,79,11,-75,11,5,6,65.82299497,63.01322612,2.809768844,-82,-75,-7,-0.7,-0.14,-0.56,FALSE
15,24,male,26,old,b,1,1.7318999999998823,69,24,-23,60,43,-15,23.33333333,29.33333333,-6,37.56180093,32.10745846,5.454342465,-23,-15,-8,-0.03,-0.56,0.53,FALSE
15,24,male,27,old,a,0,2.6335000000000264,93,64,-10,95,40,-6,49,43,6,43.36665386,41.28760912,2.079044738,-10,-6,-4,-0.48,0.11,-0.59,FALSE
15,24,male,28,old,a,0,2.3463999999999032,98,41,-24,75,68,-19,38.33333333,41.33333333,-3,49.8419725,42.75771535,7.084257142,-24,-19,-5,-0.08,-0.69,0.61,FALSE
15,24,male,29,old,a,0,4.469100000000026,94,70,-40,98,38,-30,41.33333333,35.33333333,6,58.33999962,52.2897908,6.050208816,-40,-30,-10,-0.62,-0.08,-0.54,FALSE
15,24,male,30,old,a,0,7.42960000000005,56,42,-72,65,9,-66,8.666666667,2.666666667,6,57.32558087,53.66770185,3.657879018,-72,-66,-6,-0.68,-0.18,-0.5,FALSE
15,24,male,31,old,b,1,2.74290000000019,80,2,-60,69,30,-50,7.333333333,16.33333333,-9,57.27904406,49.5333782,7.745665868,-60,-50,-10,0.14,-0.39,0.53,FALSE
15,24,male,32,old,a,0,1.3272000000001754,81,24,-16,74,4,-7,29.66666667,23.66666667,6,39.80228916,35.8732336,3.929055559,-16,-7,-9,0.21,0.66,-0.45,FALSE
15,24,male,33,old,b,1,2.097299999999791,95,48,-30,71,67,-25,37.66666667,37.66666667,0,51.55148451,44.3421044,7.209380118,-30,-25,-5,-0.29,-0.7,0.41,FALSE
15,24,male,34,old,a,0,2.623600000000124,70,12,-66,45,34,-63,5.333333333,5.333333333,0,55.72152985,48.52719741,7.194332436,-66,-63,-3,-0.18,-0.68,0.5,FALSE
15,24,male,35,old,b,1,2.2079000000002225,76,3,-64,59,38,-55,5,14,-9,57.17225434,49.53786431,7.634390037,-64,-55,-9,0.05,-0.61,0.66,FALSE
15,24,male,36,old,b,1,1.165300000000002,63,2,-47,49,23,-45,6,9,-3,44.99629614,39.63163719,5.36465895,-47,-45,-2,0.13,-0.49,0.62,FALSE
15,24,male,37,old,a,0,3.7960999999997966,93,58,-8,94,41,-1,47.66666667,44.66666667,3,41.87547678,38.87015422,3.005322563,-8,-1,-7,-0.36,0.14,-0.5,FALSE
15,24,male,38,old,b,1,2.5521999999999707,91,75,-12,94,55,-4,51.33333333,48.33333333,3,45.25728916,40.28509512,4.97219404,-12,-4,-8,-0.64,-0.24,-0.4,FALSE
15,24,male,39,old,b,1,2.097400000000107,67,11,-13,61,36,-5,21.66666667,30.66666667,-9,33.51948024,27.20702524,6.312455003,-13,-5,-8,0.45,-0.29,0.74,FALSE
15,24,male,40,old,a,0,2.277900000000045,74,43,-22,76,14,-13,31.66666667,25.66666667,6,40.00277768,37.25885428,2.743923402,-22,-13,-9,-0.4,0.44,-0.84,FALSE
15,24,male,41,old,b,1,2.5808000000000675,66,31,-13,68,19,-3,28,28,0,32.3213036,29.67602849,2.645275119,-13,-3,-10,-0.14,0.43,-0.57,FALSE
15,24,male,42,old,a,0,4.457300000000032,88,33,-10,73,59,-3,37,43,-6,40.10818703,33.02524287,7.082944157,-10,-3,-7,0.15,-0.61,0.76,FALSE
15,24,male,0,new,b,1,2.102999999999952,49,45,-36,87,24,-26,19.33333333,28.33333333,-9,39.16063783,46.23370584,-7.073068005,-36,-26,-10,-0.7,0.14,-0.84,FALSE
15,24,male,1,new,b,1,3.42570000000012,80,48,-26,89,7,-21,34,25,9,44.39219151,46.6761895,-2.283997999,-26,-21,-5,-0.44,0.52,-0.96,FALSE
15,24,male,2,new,b,1,5.761399999999867,31,25,-52,57,4,-48,1.333333333,4.333333333,-3,37.79182745,42.86671851,-5.074891054,-52,-48,-4,-0.69,0.01,-0.7,FALSE
15,24,male,3,new,a,0,3.9170999999998912,47,44,-54,78,9,-50,12.33333333,12.33333333,0,46.92073695,52.3089115,-5.388174553,-54,-50,-4,-0.7,0.1,-0.8,FALSE
15,24,male,4,new,a,0,2.127499999999941,86,32,-13,90,5,-8,35,29,6,40.47221269,43.45879274,-2.986580053,-13,-8,-5,0.11,0.66,-0.55,FALSE
15,24,male,5,new,b,1,2.5973000000000184,68,52,-62,94,9,-54,19.33333333,16.33333333,3,57.88110419,60.64285247,-2.761748279,-62,-54,-8,-0.67,0.18,-0.85,FALSE
15,24,male,6,new,a,0,3.4587000000000216,66,47,-58,95,21,-52,18.33333333,21.33333333,-3,54.53031777,60.01296156,-5.482643798,-58,-52,-6,-0.64,0.01,-0.65,FALSE
15,24,male,7,new,b,1,2.803800000000024,45,26,-62,73,18,-55,3,12,-9,46.61187259,52.42772803,-5.815855439,-62,-55,-7,-0.62,-0.17,-0.45,FALSE
15,24,male,8,new,b,1,2.4186999999999443,43,31,-49,75,8,-40,8.333333333,14.33333333,-6,40.83571422,47.16166051,-6.325946295,-49,-40,-9,-0.66,0.2,-0.86,FALSE
15,24,male,9,new,a,0,1.3694000000001552,78,57,-50,98,6,-46,28.33333333,19.33333333,9,56.04958123,59.5389695,-3.489388273,-50,-46,-4,-0.63,0.32,-0.95,FALSE
15,24,male,10,new,b,1,7.350999999999999,72,42,-20,78,6,-17,31.33333333,22.33333333,9,38.30868773,40.46672158,-2.158033852,-20,-17,-3,-0.4,0.54,-0.94,FALSE
15,24,male,11,new,b,1,1.5213000000001102,86,41,-34,96,4,-25,31,25,6,49.49747468,51.58165048,-2.084175801,-34,-25,-9,-0.29,0.54,-0.83,FALSE
15,24,male,12,new,a,0,2.534300000000144,85,51,-7,92,14,-4,43,34,9,37.98245209,41.66533331,-3.682881223,-7,-4,-3,-0.31,0.61,-0.92,FALSE
15,24,male,13,new,b,1,4.487299999999891,73,23,-91,92,2,-89,1.666666667,1.666666667,0,68.63105873,73.89331649,-5.262257764,-91,-89,-2,-0.44,-0.01,-0.43,FALSE
15,24,male,14,new,b,1,6.100999999999999,80,38,-19,90,6,-15,33,27,6,40.57092555,45.36518489,-4.794259339,-19,-15,-4,-0.18,0.6,-0.78,FALSE
15,24,male,15,new,b,1,1.4444999999999482,59,30,-17,77,20,-7,24,30,-6,31.31559782,35.0142828,-3.698684983,-17,-7,-10,-0.28,0.41,-0.69,FALSE
15,24,male,16,new,b,1,3.8688000000000784,72,24,-83,93,6,-77,4.333333333,7.333333333,-3,64.78854494,69.40861298,-4.620068037,-83,-77,-6,-0.43,0.03,-0.46,FALSE
15,24,male,17,new,b,1,2.562799999999811,38,17,-31,62,16,-27,8,17,-9,28.87905816,36.34097779,-7.461919633,-31,-27,-4,-0.44,0.04,-0.48,FALSE
15,24,male,18,new,b,1,2.059100000000172,58,27,-46,74,5,-40,13,13,0,43.59663596,46.88283268,-3.286196723,-46,-40,-6,-0.45,0.25,-0.7,FALSE
15,24,male,19,new,a,0,2.886100000000169,89,36,-51,98,7,-49,24.66666667,18.66666667,6,57.71385353,60.5768566,-2.863003074,-51,-49,-2,-0.29,0.28,-0.57,FALSE
15,24,male,20,new,b,1,1.4814999999999827,68,60,-38,99,37,-28,30,36,-6,48.19405219,51.85235449,-3.658302303,-38,-28,-10,-0.69,-0.03,-0.66,FALSE
15,24,male,21,new,b,1,2.940699999999879,42,23,-11,63,18,-9,18,24,-6,21.92411154,29.69848481,-7.774373273,-11,-9,-2,-0.33,0.29,-0.62,FALSE
15,24,male,22,new,b,1,3.170899999999847,54,34,-67,84,8,-62,7,10,-3,52.95910372,59.62102537,-6.661921656,-67,-62,-5,-0.63,0.05,-0.68,FALSE
15,24,male,23,new,b,1,2.3220000000000027,62,44,-43,91,27,-37,21,27,-6,45.84757355,52.25578118,-6.408207634,-43,-37,-6,-0.63,0,-0.63,FALSE
15,24,male,24,new,b,1,2.208499999999958,82,49,-19,98,16,-11,37.33333333,34.33333333,3,42.05023451,46.34891824,-4.298683734,-19,-11,-8,-0.39,0.53,-0.92,FALSE
15,24,male,25,new,b,1,3.585999999999899,32,24,-44,60,15,-36,4,13,-9,34.09789827,39.2173431,-5.119444829,-44,-36,-8,-0.68,-0.08,-0.6,FALSE
15,24,male,26,new,a,0,2.509999999999991,87,54,-16,96,14,-12,41.66666667,32.66666667,9,42.94440851,46.02414825,-3.079739742,-16,-12,-4,-0.41,0.54,-0.95,FALSE
15,24,male,27,new,a,0,10.8753999999999,44,36,-47,66,12,-45,11,11,0,41.14203041,45.32107677,-4.17904636,-47,-45,-2,-0.69,-0.03,-0.66,FALSE
15,24,male,28,new,b,1,1.77579999999989,69,50,-40,89,13,-32,26.33333333,23.33333333,3,47.54179448,49.93551397,-2.393719493,-40,-32,-8,-0.62,0.3,-0.92,FALSE
15,24,male,29,new,b,1,1.067899999999895,53,40,-78,88,6,-70,5,8,-3,58.92933621,64.51873113,-5.589394916,-78,-70,-8,-0.68,0.05,-0.73,FALSE
15,24,male,30,new,b,1,2.0412000000000035,73,45,-52,99,1,-43,22,19,3,53.55993528,59.35205697,-5.792121696,-52,-43,-9,-0.56,0.43,-0.99,FALSE
15,24,male,31,new,b,1,6.543699999999944,88,50,-27,96,11,-23,37,28,9,47.84001115,50.04664491,-2.206633761,-27,-23,-4,-0.39,0.47,-0.86,FALSE
15,24,male,32,new,b,1,1.5029000000001815,75,48,-36,95,7,-33,29,23,6,47.26520919,53.46650042,-6.201291223,-36,-33,-3,-0.54,0.42,-0.96,FALSE
15,24,male,34,new,b,1,0.8717999999997801,56,21,-48,76,2,-40,9.666666667,12.66666667,-3,43.20750964,47.95368136,-4.74617172,-48,-40,-8,-0.38,0.32,-0.7,FALSE
15,24,male,35,new,a,0,3.77780000000007,44,31,-57,70,16,-50,6,12,-6,44.86275367,49.07137659,-4.208622918,-57,-50,-7,-0.66,-0.12,-0.54,FALSE
15,24,male,36,new,a,0,3.5471999999998616,38,36,-51,71,20,-41,7.666666667,16.66666667,-9,41.49163236,45.78451946,-4.292887105,-51,-41,-10,-0.71,-0.11,-0.6,FALSE
15,24,male,37,new,b,1,5.045499999999947,54,51,-50,87,14,-46,18.33333333,18.33333333,0,48.33448274,54.3834125,-6.048929759,-50,-46,-4,-0.71,0.12,-0.83,FALSE
15,24,male,38,new,a,0,2.036699999999996,79,50,-10,95,17,-2,39.66666667,36.66666667,3,37.06151043,41.97088938,-4.90937895,-10,-2,-8,-0.4,0.6,-1,FALSE
15,24,male,39,new,b,1,4.504199999999969,71,38,-70,91,1,-62,13,10,3,60.21627687,62.78534861,-2.56907174,-70,-62,-8,-0.55,0.21,-0.76,FALSE
15,24,male,40,new,b,1,2.109399999999937,73,53,-41,99,7,-39,28.33333333,22.33333333,6,49.70133019,57.37207993,-7.670749745,-41,-39,-2,-0.62,0.38,-1,FALSE
15,24,male,41,new,a,0,4.596499999999992,69,45,-22,90,19,-17,30.66666667,30.66666667,0,38.50829636,44.45472103,-5.94642467,-22,-17,-5,-0.51,0.38,-0.89,FALSE
15,24,male,42,new,b,1,2.5344000000002325,37,15,-44,59,10,-34,2.666666667,11.66666667,-9,34.19876541,37.9853773,-3.786611894,-44,-34,-10,-0.49,0.07,-0.56,FALSE
15,24,male,0,old,b,1,2.839300000000094,74,5,-55,57,19,-52,8,8,0,52.70673581,45.17373868,7.532997129,-55,-52,-3,0.09,-0.35,0.44,FALSE
15,24,male,1,old,b,1,7.44640000000004,98,42,-26,70,68,-24,38,38,0,50.70174224,43.84822307,6.853519172,-26,-24,-2,-0.12,-0.71,0.59,FALSE
15,24,male,2,old,b,1,12.817000000000007,85,24,-45,67,54,-39,21.33333333,27.33333333,-6,53.10576449,47.20404879,5.901715701,-45,-39,-6,-0.08,-0.67,0.59,FALSE
15,24,male,3,old,b,1,0.7920999999997775,64,62,-48,70,29,-39,26,20,6,52.33227175,44.95182607,7.380445685,-48,-39,-9,-0.71,-0.29,-0.42,FALSE
15,24,male,4,old,b,1,1.5864000000001397,96,19,-78,77,43,-74,12.33333333,15.33333333,-3,71.19144768,64.67525716,6.516190515,-78,-74,-4,-0.14,-0.56,0.42,FALSE
15,24,male,5,old,b,1,1.066000000000031,65,57,-40,69,18,-32,27.33333333,18.33333333,9,47.72374205,41.23375101,6.489991045,-40,-32,-8,-0.69,0.01,-0.7,FALSE
15,24,male,6,old,b,1,4.411699999999996,59,9,-67,40,31,-61,0.333333333,3.333333333,-3,51.80304581,45.63867755,6.164368259,-67,-61,-6,-0.25,-0.69,0.44,FALSE
15,24,male,7,old,a,0,7.162799999999834,63,16,-47,44,40,-43,10.66666667,13.66666667,-3,45.0653846,40.10264608,4.962738522,-47,-43,-4,-0.18,-0.7,0.52,FALSE
15,24,male,8,old,b,1,4.475500000000011,70,57,-28,78,40,-19,33,33,0,43.45879274,39.90822806,3.550564686,-28,-19,-9,-0.66,-0.26,-0.4,FALSE
15,24,male,9,old,a,0,4.46309999999994,99,52,-13,90,75,-9,46,52,-6,45.92022067,43.56604182,2.354178852,-13,-9,-4,-0.19,-0.64,0.45,FALSE
15,24,male,10,old,a,0,2.8132000000001653,79,16,-61,58,42,-57,11.33333333,14.33333333,-3,57.24993935,50.86146762,6.388471726,-61,-57,-4,-0.12,-0.65,0.53,FALSE
15,24,male,11,old,a,0,1.5311000000001511,46,30,-55,47,6,-50,7,1,6,44.32456054,39.75759885,4.566961681,-55,-50,-5,-0.64,-0.19,-0.45,FALSE
15,24,male,12,old,a,0,2.680499999999938,74,21,-46,56,42,-40,16.33333333,19.33333333,-3,49.10080334,42.34251869,6.758284654,-46,-40,-6,-0.14,-0.65,0.51,FALSE
15,24,male,13,old,b,1,2.904100000000085,60,5,-41,53,30,-32,8,17,-9,41.28760912,35.89800366,5.389605459,-41,-32,-9,0.11,-0.5,0.61,FALSE
15,24,male,14,old,b,1,1.6360999999998285,65,13,-18,61,36,-10,20,29,-9,34.24422092,29.40521496,4.839005967,-18,-10,-8,0.3,-0.34,0.64,FALSE
15,24,male,15,old,b,1,1.2846000000000686,91,79,-11,99,39,-6,53,44,9,45.51922671,43.01162634,2.507600372,-11,-6,-5,-0.67,0.17,-0.84,FALSE
15,24,male,16,old,a,0,3.116399999999885,53,40,-11,50,25,-2,27.33333333,24.33333333,3,27.62044331,21.23414441,6.386298903,-11,-2,-9,-0.59,-0.05,-0.54,FALSE
15,24,male,17,old,a,0,2.726899999999887,80,43,-35,75,18,-32,29.33333333,20.33333333,9,47.93282336,43.71371511,4.219108251,-35,-32,-3,-0.4,0.08,-0.48,FALSE
15,24,male,18,old,b,1,2.124000000000024,79,13,-40,74,33,-37,17.33333333,23.33333333,-6,48.67808085,45.82818153,2.849899325,-40,-37,-3,0.13,-0.31,0.44,FALSE
15,24,male,19,old,b,1,2.552299999999832,92,2,-70,66,50,-65,8,17,-9,66.2721661,58.34952156,7.92264454,-70,-65,-5,0.14,-0.67,0.81,FALSE
15,24,male,20,old,a,0,2.5467000000001008,98,58,-16,96,41,-6,46.66666667,43.66666667,3,47.22522866,41.6839964,5.541232266,-16,-6,-10,-0.35,0.1,-0.45,FALSE
15,24,male,21,old,b,1,5.282200000000216,73,52,-43,84,13,-33,27.33333333,21.33333333,6,50.4667107,48.12714642,2.339564283,-43,-33,-10,-0.62,0.25,-0.87,FALSE
15,24,male,22,old,b,1,1.587699999999927,79,64,-29,81,28,-22,38,29,9,47.77028365,42.05551886,5.714764789,-29,-22,-7,-0.66,0.04,-0.7,FALSE
15,24,male,23,old,b,1,3.607600000000161,77,69,-21,82,39,-14,41.66666667,35.66666667,6,44.43222054,39.26264835,5.16957219,-21,-14,-7,-0.69,-0.13,-0.56,FALSE
15,24,male,25,old,b,1,4.68769999999995,82,11,-76,60,51,-67,5.666666667,14.66666667,-9,64.61338011,57.86382482,6.749555292,-76,-67,-9,-0.12,-0.69,0.57,FALSE
15,24,male,26,old,a,0,5.231600000000071,79,40,-26,73,13,-20,31,22,9,43.33589736,38.49675311,4.83914425,-26,-20,-6,-0.3,0.34,-0.64,FALSE
15,24,male,27,old,b,1,3.9354999999999336,48,3,-24,46,23,-15,9,18,-9,29.69848481,25.15286597,4.545618837,-24,-15,-9,0.29,-0.29,0.58,FALSE
15,24,male,28,old,b,1,6.284999999999968,46,32,-39,42,9,-30,13,7,6,37.21110945,29.42787794,7.783231513,-39,-30,-9,-0.63,-0.1,-0.53,FALSE
15,24,male,29,old,b,1,1.501199999999926,87,78,-16,94,52,-6,49.66666667,46.66666667,3,46.57848812,40.99864496,5.579843156,-16,-6,-10,-0.69,-0.19,-0.5,FALSE
15,24,male,30,old,b,1,6.234599999999773,57,19,-12,42,29,-7,21.33333333,21.33333333,0,28.21740991,20.72572208,7.491687838,-12,-7,-5,0.12,-0.5,0.62,FALSE
15,24,male,31,old,b,1,3.931699999999978,48,21,-20,41,36,-10,16.33333333,22.33333333,-6,27.95631513,22.9540604,5.002254727,-20,-10,-10,-0.25,-0.68,0.43,FALSE
15,24,male,32,old,b,1,2.261100000000056,61,12,-35,44,34,-31,12.66666667,15.66666667,-3,39.19467084,33.24989557,5.944775267,-35,-31,-4,0.03,-0.66,0.69,FALSE
15,24,male,33,old,a,0,4.881900000000201,70,51,-43,75,10,-34,26,17,9,49.40310382,44.77350407,4.629599747,-43,-34,-9,-0.63,0.23,-0.86,FALSE
15,24,male,34,old,b,1,2.927100000000109,79,63,-12,80,36,-4,43.33333333,37.33333333,6,39.6680672,34.30581421,5.362252988,-12,-4,-8,-0.62,0.06,-0.68,FALSE
15,24,male,35,old,b,1,2.176300000000083,56,8,-52,40,33,-43,4,10,-6,44.18144407,37.58545818,6.595985888,-52,-43,-9,-0.14,-0.69,0.55,FALSE
15,24,male,36,old,b,1,2.6253000000000384,82,31,-53,64,62,-48,20,26,-6,55.6596802,52.33227175,3.327408449,-53,-48,-5,-0.29,-0.71,0.42,FALSE
15,24,male,37,old,a,0,1.7983000000000402,78,43,-10,60,54,-3,37,37,0,36.17549815,28.39013913,7.785359021,-10,-3,-7,-0.24,-0.68,0.44,FALSE
15,24,male,38,old,a,0,1.205699999999979,85,68,-15,91,43,-5,46,43,3,43.68828981,39.19183588,4.496453927,-15,-5,-10,-0.63,0,-0.63,FALSE
15,24,male,39,old,a,0,1.545400000000086,57,44,-13,53,29,-3,29.33333333,26.33333333,3,30.40102337,22.93953405,7.461489329,-13,-3,-10,-0.61,-0.17,-0.44,FALSE
15,24,male,40,old,a,0,1.4847999999999502,58,38,-11,53,25,-2,28.33333333,25.33333333,3,28.98658694,22.45489306,6.531693879,-11,-2,-9,-0.46,0.02,-0.48,FALSE
15,24,male,41,old,a,0,1.64449999999988,53,8,-35,40,19,-33,8.666666667,8.666666667,0,35.92894222,30.68477726,5.244164957,-35,-33,-2,0.03,-0.47,0.5,FALSE
15,24,male,42,old,b,1,3.723000000000184,91,22,-54,72,61,-47,19.66666667,28.66666667,-9,59.21899095,53.69254035,5.526450601,-54,-47,-7,-0.06,-0.68,0.62,FALSE
16,25,male,0,new,a,0,3.2365000000000066,82,41,-36,94,3,-28,29,23,6,48.91489207,51.77515492,-2.860262842,-36,-28,-8,-0.35,0.52,-0.87,FALSE
16,25,male,1,new,a,0,3.326199999988077,67,34,-14,82,3,-7,29,26,3,33.2565783,39.80787192,-6.551293622,-14,-7,-7,-0.22,0.67,-0.89,FALSE
16,25,male,2,new,b,1,2.9628000000119243,74,29,-58,96,13,-55,15,18,-3,54.79051013,61.74679479,-6.956284661,-58,-55,-3,-0.37,0.12,-0.49,FALSE
16,25,male,3,new,b,1,2.5655000000000143,45,40,-49,77,30,-44,12,21,-9,43.18178628,49.80629144,-6.624505153,-49,-44,-5,-0.7,-0.27,-0.43,FALSE
16,25,male,4,new,b,1,4.015199999988084,35,19,-36,66,5,-26,6,15,-9,30.40833219,38.21866909,-7.810336894,-36,-26,-10,-0.56,0.37,-0.93,FALSE
16,25,male,5,new,a,0,2.579800000011943,82,33,-22,91,7,-14,31,28,3,42.48136847,45.36518489,-2.883816424,-22,-14,-8,-0.07,0.6,-0.67,FALSE
16,25,male,6,new,b,1,2.1456000000238475,56,49,-15,84,31,-7,30,36,-6,31.94787421,37.31844941,-5.370575202,-15,-7,-8,-0.68,0.2,-0.88,FALSE
16,25,male,7,new,b,1,2.163899999976138,62,55,-78,93,7,-70,13,10,3,64.41014413,66.57827473,-2.168130606,-78,-70,-8,-0.7,0.07,-0.77,FALSE
16,25,male,8,new,b,1,3.746199999988079,56,39,-80,86,11,-73,5,8,-3,60.50344343,64.94613152,-4.442688096,-80,-73,-7,-0.67,-0.07,-0.6,FALSE
16,25,male,9,new,b,1,2.180000000000007,41,39,-29,73,26,-21,17,26,-9,32.53715825,38.3753393,-5.838181059,-29,-21,-8,-0.71,0,-0.71,FALSE
16,25,male,10,new,a,0,4.164699999988073,65,61,-27,97,23,-21,33,33,0,42.45782221,48.68949236,-6.231670156,-27,-21,-6,-0.7,0.3,-1,FALSE
16,25,male,11,new,a,0,2.76420000004768,75,51,-33,96,10,-31,31,25,6,46.30334761,52.92132525,-6.617977643,-33,-31,-2,-0.57,0.4,-0.97,FALSE
16,25,male,12,new,b,1,1.8967999999523213,62,41,-30,88,24,-21,24.33333333,30.33333333,-6,39.36439452,44.723844,-5.359449486,-30,-21,-9,-0.56,0.21,-0.77,FALSE
16,25,male,13,new,a,0,1.7961999999880618,85,45,-46,95,4,-42,28,19,9,54.81483984,56.92685365,-2.112013812,-46,-42,-4,-0.44,0.38,-0.82,FALSE
16,25,male,14,new,a,0,2.029399999976164,67,58,-29,93,49,-19,32,41,-9,43.28972164,46.07240678,-2.782685138,-29,-19,-10,-0.68,-0.26,-0.42,FALSE
16,25,male,15,new,a,0,1.8968999999761704,83,36,-11,86,2,-7,36,27,9,38.3753393,41.88078318,-3.505443879,-11,-7,-4,0,0.68,-0.68,FALSE
16,25,male,16,new,b,1,2.21369999998808,63,62,-52,88,34,-49,24.33333333,24.33333333,0,53.97736151,56.34615239,-2.368790878,-52,-49,-3,-0.71,-0.25,-0.46,FALSE
16,25,male,17,new,b,1,2.149800000011908,40,34,-14,62,29,-4,20,29,-9,24.16609195,26.94438717,-2.778295223,-14,-4,-10,-0.67,0,-0.67,FALSE
16,25,male,18,new,a,0,1.4799000000357694,84,38,-47,98,2,-43,25,19,6,54.26478293,58.80476171,-4.53997878,-47,-43,-4,-0.35,0.41,-0.76,FALSE
16,25,male,19,new,b,1,4.746199999988079,60,59,-71,98,2,-61,16,13,3,61.51964456,65.37583651,-3.856191956,-71,-61,-10,-0.71,0.25,-0.96,FALSE
16,25,male,20,new,b,1,3.0466000000238296,57,33,-39,75,10,-34,17,17,0,40.79215611,44.77350407,-3.981347961,-39,-34,-5,-0.53,0.23,-0.76,FALSE
16,25,male,21,new,a,0,2.5622000000476817,94,45,-8,97,10,-3,43.66666667,34.66666667,9,41.65199742,44.39469438,-2.74269696,-8,-3,-5,-0.05,0.66,-0.71,FALSE
16,25,male,22,new,b,1,2.5131999999880748,86,35,-10,92,6,-5,37,31,6,39.2173431,43.36665386,-4.149310754,-10,-5,-5,0.08,0.67,-0.59,FALSE
16,25,male,23,new,b,1,1.3801000000238162,66,55,-73,97,23,-63,16,19,-3,63.09252465,65.38093504,-2.28841039,-73,-63,-10,-0.69,-0.09,-0.6,FALSE
16,25,male,24,new,a,0,1.664500000000004,65,35,-38,81,15,-34,20.66666667,20.66666667,0,43.25377312,47.1192341,-3.865460983,-38,-34,-4,-0.46,0.18,-0.64,FALSE
16,25,male,25,new,a,0,2.4804000000357576,72,24,-26,91,16,-19,23.33333333,29.33333333,-6,40.01110957,45.88633299,-5.875223425,-26,-19,-7,-0.02,0.41,-0.43,FALSE
16,25,male,26,new,a,0,5.33060000002385,58,27,-28,78,17,-20,19,25,-6,35.56215217,40.40627014,-4.844117975,-28,-20,-8,-0.33,0.29,-0.62,FALSE
16,25,male,27,new,a,0,4.311300000011926,83,52,-36,96,9,-33,33,24,9,50.4050262,53.72150407,-3.31647787,-36,-33,-3,-0.51,0.4,-0.91,FALSE
16,25,male,28,new,b,1,3.2299000000357694,71,36,-38,93,11,-35,23,23,0,45.43860326,52.94021786,-7.501614591,-38,-35,-3,-0.41,0.33,-0.74,FALSE
16,25,male,30,new,a,0,2.347300000011927,73,35,-13,82,8,-4,31.66666667,28.66666667,3,35.18838192,38.02922853,-2.840846604,-13,-4,-9,-0.14,0.65,-0.79,FALSE
16,25,male,31,new,b,1,1.8976999999880773,76,31,-39,96,19,-29,22.66666667,28.66666667,-6,47.31689856,51.48678363,-4.169885078,-39,-29,-10,-0.26,0.28,-0.54,FALSE
16,25,male,32,new,b,1,2.1308000000119307,70,31,-60,87,5,-51,13.66666667,13.66666667,0,54.46915539,56.6705881,-2.20143271,-60,-51,-9,-0.45,0.23,-0.68,FALSE
16,25,male,33,new,a,0,3.313599999964225,75,60,-69,99,6,-66,22,13,9,64.63745044,67.54257916,-2.905128718,-69,-66,-3,-0.68,0.15,-0.83,FALSE
16,25,male,34,new,a,0,2.230000000000018,74,56,-98,99,2,-96,10.66666667,1.666666667,9,77.18952145,79.60876557,-2.4192441160000002,-98,-96,-2,-0.68,-0.01,-0.67,FALSE
16,25,male,35,new,b,1,5.130699999988082,59,34,-23,76,30,-18,23.33333333,29.33333333,-6,34.31552936,38.37823457,-4.062705208,-23,-18,-5,-0.44,-0.03,-0.41,FALSE
16,25,male,36,new,a,0,1.7473000000119328,59,17,-45,75,4,-39,10.33333333,13.33333333,-3,42.71871825,47.00590979,-4.287191544,-45,-39,-6,-0.23,0.29,-0.52,FALSE
16,25,male,37,new,a,0,1.879000000000019,61,33,-4,66,7,-1,30,24,6,26.62079388,29.87752779,-3.25673391,-4,-1,-3,-0.17,0.67,-0.84,FALSE
16,25,male,38,new,a,0,3.8476000000238457,76,38,-12,82,9,-7,34,28,6,36.037018,38.73843914,-2.701421131,-12,-7,-5,-0.17,0.62,-0.79,FALSE
16,25,male,39,new,a,0,3.0298999999761804,59,53,-70,91,2,-60,14,11,3,59.44745579,61.97311245,-2.525656659,-70,-60,-10,-0.7,0.21,-0.91,FALSE
16,25,male,40,new,b,1,6.563300000011907,62,43,-86,99,27,-80,6.333333333,15.33333333,-9,65.74867975,73.54061614,-7.79193639,-86,-80,-6,-0.66,-0.23,-0.43,FALSE
16,25,male,41,new,a,0,2.130300000011971,73,32,-44,95,17,-42,20.33333333,23.33333333,-3,48.47221426,56.10902086,-7.6368066,-44,-42,-2,-0.35,0.17,-0.52,FALSE
16,25,male,42,new,a,0,1.6126000000238605,51,25,-16,72,5,-8,20,23,-3,27.58018612,35.05234181,-7.47215569,-16,-8,-8,-0.27,0.63,-0.9,FALSE
16,25,male,0,old,a,0,1.4418000000119378,81,24,-16,74,4,-7,29.66666667,23.66666667,6,39.80228916,35.8732336,3.929055559,-16,-7,-9,0.21,0.66,-0.45,FALSE
16,25,male,1,old,a,0,2.5140999999642304,92,60,-21,99,43,-11,43.66666667,43.66666667,0,47.55581516,44.90978611,2.646029045,-21,-11,-10,-0.47,0.02,-0.49,FALSE
16,25,male,2,old,a,0,2.7808999999761568,95,48,-30,71,67,-25,37.66666667,37.66666667,0,51.55148451,44.3421044,7.209380118,-30,-25,-5,-0.29,-0.7,0.41,FALSE
16,25,male,4,old,a,0,1.197999999999979,53,9,-17,37,30,-13,15,18,-3,28.89059824,22.10580618,6.784792065,-17,-13,-4,0.3,-0.65,0.95,FALSE
16,25,male,5,old,b,1,4.480500000000006,80,10,-63,59,46,-60,9,15,-6,58.3837877,53.2979049,5.085882805,-63,-60,-3,-0.03,-0.68,0.65,FALSE
16,25,male,6,old,a,0,13.597499999999968,94,70,-40,98,38,-30,41.33333333,35.33333333,6,58.33999962,52.2897908,6.050208816,-40,-30,-10,-0.62,-0.08,-0.54,FALSE
16,25,male,7,old,b,1,1.647400000035816,75,4,-67,57,43,-61,4,13,-9,57.97125725,52.63712252,5.334134731,-67,-61,-6,0,-0.67,0.67,FALSE
16,25,male,8,old,b,1,4.664199999988057,69,24,-23,60,43,-15,23.33333333,29.33333333,-6,37.56180093,32.10745846,5.454342465,-23,-15,-8,-0.03,-0.56,0.53,FALSE
16,25,male,9,old,b,1,4.079800000011915,91,67,-10,95,46,-2,49.33333333,46.33333333,3,43.08389748,39.60078563,3.483111855,-10,-2,-8,-0.55,0.01,-0.56,FALSE
16,25,male,10,old,a,0,3.829600000023845,91,54,-88,96,14,-80,19,10,9,77.1535266,71.90734779,5.246178806,-88,-80,-8,-0.59,-0.08,-0.51,FALSE
16,25,male,11,old,b,1,10.130299999952342,63,2,-47,49,23,-45,6,9,-3,44.99629614,39.63163719,5.36465895,-47,-45,-2,0.13,-0.49,0.62,FALSE
16,25,male,12,old,a,0,1.7624999999999886,83,23,-56,70,49,-51,16.66666667,22.66666667,-6,56.92294987,52.7909925,4.131957375,-56,-51,-5,-0.17,-0.62,0.45,FALSE
16,25,male,13,old,a,0,2.547000000000025,77,25,-58,53,45,-54,14.66666667,14.66666667,0,55.59576323,48.66438351,6.93137972,-58,-54,-4,-0.27,-0.69,0.42,FALSE
16,25,male,14,old,a,0,1.7468000000118875,99,51,-13,95,36,-3,45.66666667,42.66666667,3,45.87906809,40.28509512,5.59397297,-13,-3,-10,-0.17,0.24,-0.41,FALSE
16,25,male,15,old,b,1,1.9809999999999943,66,31,-13,68,19,-3,28,28,0,32.3213036,29.67602849,2.645275119,-13,-3,-10,-0.14,0.43,-0.57,FALSE
16,25,male,16,old,b,1,4.097600000023874,53,8,-34,41,23,-28,9,12,-3,35.52463934,29.22327839,6.301360944,-34,-28,-6,0.04,-0.51,0.55,FALSE
16,25,male,17,old,a,0,1.5640000000000214,91,75,-12,94,55,-4,51.33333333,48.33333333,3,45.25728916,40.28509512,4.97219404,-12,-4,-8,-0.64,-0.24,-0.4,FALSE
16,25,male,18,old,a,0,3.4166999999880545,70,12,-66,45,34,-63,5.333333333,5.333333333,0,55.72152985,48.52719741,7.194332436,-66,-63,-3,-0.18,-0.68,0.5,FALSE
16,25,male,19,old,a,0,1.430899999976134,56,42,-72,65,9,-66,8.666666667,2.666666667,6,57.32558087,53.66770185,3.657879018,-72,-66,-6,-0.68,-0.18,-0.5,FALSE
16,25,male,20,old,b,1,2.379699999988077,98,41,-24,75,68,-19,38.33333333,41.33333333,-3,49.8419725,42.75771535,7.084257142,-24,-19,-5,-0.08,-0.69,0.61,FALSE
16,25,male,21,old,b,1,1.1301999999881218,80,72,-12,88,45,-2,46.66666667,43.66666667,3,41.61196409,36.7544404,4.857523695,-12,-2,-10,-0.69,-0.05,-0.64,FALSE
16,25,male,22,old,b,1,5.430600000023844,88,17,-44,82,43,-37,20.33333333,29.33333333,-9,53.94029621,49.5333782,4.406918017,-44,-37,-7,0.09,-0.39,0.48,FALSE
16,25,male,23,old,a,0,1.2657999999523213,68,25,-12,60,2,-8,27,18,9,32.69046752,29.97776954,2.712697979,-12,-8,-4,0.09,0.65,-0.56,FALSE
16,25,male,24,old,b,1,3.014400000035778,83,50,-11,85,29,-1,40.66666667,37.66666667,3,38.93869826,35.64017708,3.298521182,-11,-1,-10,-0.35,0.35,-0.7,FALSE
16,25,male,25,old,b,1,1.3636000000238369,85,2,-81,57,52,-76,2,11,-9,67.76921622,61.55214591,6.217070303,-81,-76,-5,0,-0.7,0.7,FALSE
16,25,male,26,old,a,0,2.631199999988098,88,33,-10,73,59,-3,37,43,-6,40.10818703,33.02524287,7.082944157,-10,-3,-7,0.15,-0.61,0.76,FALSE
16,25,male,27,old,a,0,1.9805000000000064,97,58,-61,98,20,-51,31.33333333,22.33333333,9,67.20284386,60.85136719,6.351476665,-61,-51,-10,-0.53,0.06,-0.59,FALSE
16,25,male,28,old,a,0,1.8301000000238328,74,43,-22,76,14,-13,31.66666667,25.66666667,6,40.00277768,37.25885428,2.743923402,-22,-13,-9,-0.4,0.44,-0.84,FALSE
16,25,male,29,old,a,0,1.9476999999880604,99,35,-16,88,50,-11,39.33333333,42.33333333,-3,47.0484384,40.77853466,6.269903738,-16,-11,-5,0.14,-0.28,0.42,FALSE
16,25,male,30,old,a,0,3.2479999999999905,67,19,-22,60,38,-16,21.33333333,27.33333333,-6,36.37153955,31.93048004,4.441059506,-22,-16,-6,0.1,-0.46,0.56,FALSE
16,25,male,31,old,a,0,3.3646999999880904,80,2,-60,69,30,-50,7.333333333,16.33333333,-9,57.27904406,49.5333782,7.745665868,-60,-50,-10,0.14,-0.39,0.53,FALSE
16,25,male,32,old,a,0,7.0294999999999845,64,24,-23,50,35,-20,21.66666667,21.66666667,0,35.55590278,30.09245014,5.463452634,-23,-20,-3,-0.1,-0.58,0.48,FALSE
16,25,male,33,old,a,0,2.0308999999761568,61,54,-82,79,11,-75,11,5,6,65.82299497,63.01322612,2.809768844,-82,-75,-7,-0.7,-0.14,-0.56,FALSE
16,25,male,34,old,a,0,1.7647000000476964,84,27,-36,73,4,-29,25,16,9,49.01020302,42.49705872,6.513144298,-36,-29,-7,-0.06,0.4,-0.46,FALSE
16,25,male,35,old,a,0,3.980299999952308,93,58,-8,94,41,-1,47.66666667,44.66666667,3,41.87547678,38.87015422,3.005322563,-8,-1,-7,-0.36,0.14,-0.5,FALSE
16,25,male,36,old,a,0,1.397900000035747,93,31,-8,70,68,-4,38.66666667,44.66666667,-6,41.5879256,34.42221505,7.165710549,-8,-4,-4,0.27,-0.71,0.98,FALSE
16,25,male,37,old,a,0,5.54840000003577,91,81,-24,99,44,-22,49.33333333,40.33333333,9,52.01495511,49.46603773,2.548917383,-24,-22,-2,-0.69,-0.11,-0.58,FALSE
16,25,male,38,old,b,1,2.564500000000009,76,3,-64,59,38,-55,5,14,-9,57.17225434,49.53786431,7.634390037,-64,-55,-9,0.05,-0.61,0.66,FALSE
16,25,male,39,old,a,0,1.7972999999523154,90,44,-48,88,16,-45,28.66666667,19.66666667,9,57.37207993,54.3588897,3.013190235,-48,-45,-3,-0.38,0.1,-0.48,FALSE
16,25,male,40,old,b,1,3.1475999999642,93,64,-10,95,40,-6,49,43,6,43.36665386,41.28760912,2.079044738,-10,-6,-4,-0.48,0.11,-0.59,FALSE
16,25,male,41,old,b,1,2.697799999952281,67,11,-13,61,36,-5,21.66666667,30.66666667,-9,33.51948024,27.20702524,6.312455003,-13,-5,-8,0.45,-0.29,0.74,FALSE
16,25,male,42,old,a,0,1.8969999999999916,55,15,-13,42,31,-7,19,22,-3,27.90459938,20.99206199,6.91253739,-13,-7,-6,0.21,-0.56,0.77,FALSE
16,25,male,0,new,a,0,2.493399999976191,73,23,-91,92,2,-89,1.666666667,1.666666667,0,68.63105873,73.89331649,-5.262257764,-91,-89,-2,-0.44,-0.01,-0.43,FALSE
16,25,male,1,new,b,1,1.4804999999999495,49,45,-36,87,24,-26,19.33333333,28.33333333,-9,39.16063783,46.23370584,-7.073068005,-36,-26,-10,-0.7,0.14,-0.84,FALSE
16,25,male,2,new,b,1,2.3640000000000327,43,31,-49,75,8,-40,8.333333333,14.33333333,-6,40.83571422,47.16166051,-6.325946295,-49,-40,-9,-0.66,0.2,-0.86,FALSE
16,25,male,3,new,b,1,3.5308000000118795,54,51,-50,87,14,-46,18.33333333,18.33333333,0,48.33448274,54.3834125,-6.048929759,-50,-46,-4,-0.71,0.12,-0.83,FALSE
16,25,male,4,new,b,1,1.6471000000238405,86,41,-34,96,4,-25,31,25,6,49.49747468,51.58165048,-2.084175801,-34,-25,-9,-0.29,0.54,-0.83,FALSE
16,25,male,5,new,b,1,2.880699999988053,58,27,-46,74,5,-40,13,13,0,43.59663596,46.88283268,-3.286196723,-46,-40,-6,-0.45,0.25,-0.7,FALSE
16,25,male,6,new,b,1,1.914099999964208,42,23,-11,63,18,-9,18,24,-6,21.92411154,29.69848481,-7.774373273,-11,-9,-2,-0.33,0.29,-0.62,FALSE
16,25,male,7,new,b,1,1.5470000000000257,54,34,-67,84,8,-62,7,10,-3,52.95910372,59.62102537,-6.661921656,-67,-62,-5,-0.63,0.05,-0.68,FALSE
16,25,male,8,new,b,1,3.897100000023841,89,36,-51,98,7,-49,24.66666667,18.66666667,6,57.71385353,60.5768566,-2.863003074,-51,-49,-2,-0.29,0.28,-0.57,FALSE
16,25,male,9,new,b,1,1.863199999988126,79,50,-10,95,17,-2,39.66666667,36.66666667,3,37.06151043,41.97088938,-4.90937895,-10,-2,-8,-0.4,0.6,-1,FALSE
16,25,male,10,new,b,1,2.297900000035781,44,36,-47,66,12,-45,11,11,0,41.14203041,45.32107677,-4.17904636,-47,-45,-2,-0.69,-0.03,-0.66,FALSE
16,25,male,11,new,b,1,1.5641000000238705,69,45,-22,90,19,-17,30.66666667,30.66666667,0,38.50829636,44.45472103,-5.94642467,-22,-17,-5,-0.51,0.38,-0.89,FALSE
16,25,male,12,new,b,1,3.347199999988049,32,24,-44,60,15,-36,4,13,-9,34.09789827,39.2173431,-5.119444829,-44,-36,-8,-0.68,-0.08,-0.6,FALSE
16,25,male,13,new,b,1,1.2475000000000025,38,36,-51,71,20,-41,7.666666667,16.66666667,-9,41.49163236,45.78451946,-4.292887105,-51,-41,-10,-0.71,-0.11,-0.6,FALSE
16,25,male,14,new,b,1,3.1472000000476896,69,50,-40,89,13,-32,26.33333333,23.33333333,3,47.54179448,49.93551397,-2.393719493,-40,-32,-8,-0.62,0.3,-0.92,FALSE
16,25,male,15,new,b,1,1.7974000000357933,68,60,-38,99,37,-28,30,36,-6,48.19405219,51.85235449,-3.658302303,-38,-28,-10,-0.69,-0.03,-0.66,FALSE
16,25,male,16,new,b,1,3.2143999999761377,56,21,-48,76,2,-40,9.666666667,12.66666667,-3,43.20750964,47.95368136,-4.74617172,-48,-40,-8,-0.38,0.32,-0.7,FALSE
16,25,male,17,new,a,0,2.4805999999642268,73,53,-41,99,7,-39,28.33333333,22.33333333,6,49.70133019,57.37207993,-7.670749745,-41,-39,-2,-0.62,0.38,-1,FALSE
16,25,male,18,new,a,0,1.246500000000026,86,32,-13,90,5,-8,35,29,6,40.47221269,43.45879274,-2.986580053,-13,-8,-5,0.11,0.66,-0.55,FALSE
16,25,male,19,new,a,0,2.764100000023859,71,38,-70,91,1,-62,13,10,3,60.21627687,62.78534861,-2.56907174,-70,-62,-8,-0.55,0.21,-0.76,FALSE
16,25,male,20,new,a,0,1.646900000035714,88,50,-27,96,11,-23,37,28,9,47.84001115,50.04664491,-2.206633761,-27,-23,-4,-0.39,0.47,-0.86,FALSE
16,25,male,21,new,a,0,1.829900000035764,53,40,-78,88,6,-70,5,8,-3,58.92933621,64.51873113,-5.589394916,-78,-70,-8,-0.68,0.05,-0.73,FALSE
16,25,male,22,new,b,1,1.2641000000238591,59,30,-17,77,20,-7,24,30,-6,31.31559782,35.0142828,-3.698684983,-17,-7,-10,-0.28,0.41,-0.69,FALSE
16,25,male,24,new,a,0,1.4530000000000882,78,57,-50,98,6,-46,28.33333333,19.33333333,9,56.04958123,59.5389695,-3.489388273,-50,-46,-4,-0.63,0.32,-0.95,FALSE
16,25,male,25,new,b,1,2.3973999999761872,31,25,-52,57,4,-48,1.333333333,4.333333333,-3,37.79182745,42.86671851,-5.074891054,-52,-48,-4,-0.69,0.01,-0.7,FALSE
16,25,male,26,new,b,1,2.831500000000005,62,44,-43,91,27,-37,21,27,-6,45.84757355,52.25578118,-6.408207634,-43,-37,-6,-0.63,0,-0.63,FALSE
16,25,male,27,new,a,0,1.8136000000238253,87,54,-16,96,14,-12,41.66666667,32.66666667,9,42.94440851,46.02414825,-3.079739742,-16,-12,-4,-0.41,0.54,-0.95,FALSE
16,25,male,28,new,a,0,1.1632999999523008,72,42,-20,78,6,-17,31.33333333,22.33333333,9,38.30868773,40.46672158,-2.158033852,-20,-17,-3,-0.4,0.54,-0.94,FALSE
16,25,male,29,new,b,1,1.3628999999762073,45,26,-62,73,18,-55,3,12,-9,46.61187259,52.42772803,-5.815855439,-62,-55,-7,-0.62,-0.17,-0.45,FALSE
16,25,male,30,new,a,0,1.9634999999999536,80,48,-26,89,7,-21,34,25,9,44.39219151,46.6761895,-2.283997999,-26,-21,-5,-0.44,0.52,-0.96,FALSE
16,25,male,31,new,b,1,1.5470000000000257,72,24,-83,93,6,-77,4.333333333,7.333333333,-3,64.78854494,69.40861298,-4.620068037,-83,-77,-6,-0.43,0.03,-0.46,FALSE
16,25,male,32,new,b,1,2.21420000004764,68,52,-62,94,9,-54,19.33333333,16.33333333,3,57.88110419,60.64285247,-2.761748279,-62,-54,-8,-0.67,0.18,-0.85,FALSE
16,25,male,33,new,b,1,2.343899999976202,44,31,-57,70,16,-50,6,12,-6,44.86275367,49.07137659,-4.208622918,-57,-50,-7,-0.66,-0.12,-0.54,FALSE
16,25,male,34,new,b,1,1.3978000000118982,37,15,-44,59,10,-34,2.666666667,11.66666667,-9,34.19876541,37.9853773,-3.786611894,-44,-34,-10,-0.49,0.07,-0.56,FALSE
16,25,male,35,new,b,1,1.477199999987988,66,47,-58,95,21,-52,18.33333333,21.33333333,-3,54.53031777,60.01296156,-5.482643798,-58,-52,-6,-0.64,0.01,-0.65,FALSE
16,25,male,36,new,b,1,1.9979999999999336,38,17,-31,62,16,-27,8,17,-9,28.87905816,36.34097779,-7.461919633,-31,-27,-4,-0.44,0.04,-0.48,FALSE
16,25,male,37,new,a,0,1.1138000000119064,80,38,-19,90,6,-15,33,27,6,40.57092555,45.36518489,-4.794259339,-19,-15,-4,-0.18,0.6,-0.78,FALSE
16,25,male,38,new,a,0,1.364100000023882,85,51,-7,92,14,-4,43,34,9,37.98245209,41.66533331,-3.682881223,-7,-4,-3,-0.31,0.61,-0.92,FALSE
16,25,male,39,new,a,0,3.3803999999761345,82,49,-19,98,16,-11,37.33333333,34.33333333,3,42.05023451,46.34891824,-4.298683734,-19,-11,-8,-0.39,0.53,-0.92,FALSE
16,25,male,40,new,a,0,1.8648000000118827,47,44,-54,78,9,-50,12.33333333,12.33333333,0,46.92073695,52.3089115,-5.388174553,-54,-50,-4,-0.7,0.1,-0.8,FALSE
16,25,male,41,new,b,1,2.3128000000119755,75,48,-36,95,7,-33,29,23,6,47.26520919,53.46650042,-6.201291223,-36,-33,-3,-0.54,0.42,-0.96,FALSE
16,25,male,42,new,a,0,1.4481000000238282,73,45,-52,99,1,-43,22,19,3,53.55993528,59.35205697,-5.792121696,-52,-43,-9,-0.56,0.43,-0.99,FALSE
16,25,male,0,old,b,1,2.0268999999761945,91,22,-54,72,61,-47,19.66666667,28.66666667,-9,59.21899095,53.69254035,5.526450601,-54,-47,-7,-0.06,-0.68,0.62,FALSE
16,25,male,1,old,a,0,1.0465000000000373,64,62,-48,70,29,-39,26,20,6,52.33227175,44.95182607,7.380445685,-48,-39,-9,-0.71,-0.29,-0.42,FALSE
16,25,male,2,old,a,0,1.1798999999761008,58,38,-11,53,25,-2,28.33333333,25.33333333,3,28.98658694,22.45489306,6.531693879,-11,-2,-9,-0.46,0.02,-0.48,FALSE
16,25,male,3,old,a,0,3.013899999976161,57,19,-12,42,29,-7,21.33333333,21.33333333,0,28.21740991,20.72572208,7.491687838,-12,-7,-5,0.12,-0.5,0.62,FALSE
16,25,male,4,old,a,0,3.264499999999998,96,19,-78,77,43,-74,12.33333333,15.33333333,-3,71.19144768,64.67525716,6.516190515,-78,-74,-4,-0.14,-0.56,0.42,FALSE
16,25,male,5,old,a,0,1.5142000000477085,87,78,-16,94,52,-6,49.66666667,46.66666667,3,46.57848812,40.99864496,5.579843156,-16,-6,-10,-0.69,-0.19,-0.5,FALSE
16,25,male,6,old,b,1,1.7638999999760472,74,21,-46,56,42,-40,16.33333333,19.33333333,-3,49.10080334,42.34251869,6.758284654,-46,-40,-6,-0.14,-0.65,0.51,FALSE
16,25,male,7,old,a,0,1.2634000000357446,85,68,-15,91,43,-5,46,43,3,43.68828981,39.19183588,4.496453927,-15,-5,-10,-0.63,0,-0.63,FALSE
16,25,male,8,old,b,1,2.16310000002386,59,9,-67,40,31,-61,0.333333333,3.333333333,-3,51.80304581,45.63867755,6.164368259,-67,-61,-6,-0.25,-0.69,0.44,FALSE
16,25,male,9,old,a,0,2.446499999999901,91,79,-11,99,39,-6,53,44,9,45.51922671,43.01162634,2.507600372,-11,-6,-5,-0.67,0.17,-0.84,FALSE
16,25,male,10,old,b,1,4.947900000035702,48,3,-24,46,23,-15,9,18,-9,29.69848481,25.15286597,4.545618837,-24,-15,-9,0.29,-0.29,0.58,FALSE
16,25,male,11,old,b,1,2.197400000035828,48,21,-20,41,36,-10,16.33333333,22.33333333,-6,27.95631513,22.9540604,5.002254727,-20,-10,-10,-0.25,-0.68,0.43,FALSE
16,25,male,12,old,a,0,3.0140999999642872,79,16,-61,58,42,-57,11.33333333,14.33333333,-3,57.24993935,50.86146762,6.388471726,-61,-57,-4,-0.12,-0.65,0.53,FALSE
16,25,male,13,old,a,0,1.5969000000357028,53,8,-35,40,19,-33,8.666666667,8.666666667,0,35.92894222,30.68477726,5.244164957,-35,-33,-2,0.03,-0.47,0.5,FALSE
16,25,male,14,old,a,0,2.5308999999761,85,24,-45,67,54,-39,21.33333333,27.33333333,-6,53.10576449,47.20404879,5.901715701,-45,-39,-6,-0.08,-0.67,0.59,FALSE
16,25,male,15,old,b,1,2.513800000011884,92,2,-70,66,50,-65,8,17,-9,66.2721661,58.34952156,7.92264454,-70,-65,-5,0.14,-0.67,0.81,FALSE
16,25,male,16,old,a,0,8.263900000035846,77,69,-21,82,39,-14,41.66666667,35.66666667,6,44.43222054,39.26264835,5.16957219,-21,-14,-7,-0.69,-0.13,-0.56,FALSE
16,25,male,17,old,a,0,1.697499999999991,46,32,-39,42,9,-30,13,7,6,37.21110945,29.42787794,7.783231513,-39,-30,-9,-0.63,-0.1,-0.53,FALSE
16,25,male,18,old,a,0,3.4292999999522635,73,52,-43,84,13,-33,27.33333333,21.33333333,6,50.4667107,48.12714642,2.339564283,-43,-33,-10,-0.62,0.25,-0.87,FALSE
16,25,male,19,old,a,0,4.1951000000237855,80,43,-35,75,18,-32,29.33333333,20.33333333,9,47.93282336,43.71371511,4.219108251,-35,-32,-3,-0.4,0.08,-0.48,FALSE
16,25,male,20,old,a,0,1.1965000000000146,53,40,-11,50,25,-2,27.33333333,24.33333333,3,27.62044331,21.23414441,6.386298903,-11,-2,-9,-0.59,-0.05,-0.54,FALSE
16,25,male,21,old,b,1,9.16380000001186,70,57,-28,78,40,-19,33,33,0,43.45879274,39.90822806,3.550564686,-28,-19,-9,-0.66,-0.26,-0.4,FALSE
16,25,male,22,old,a,0,4.730800000011868,98,42,-26,70,68,-24,38,38,0,50.70174224,43.84822307,6.853519172,-26,-24,-2,-0.12,-0.71,0.59,FALSE
16,25,male,23,old,a,0,1.5803000000119027,57,44,-13,53,29,-3,29.33333333,26.33333333,3,30.40102337,22.93953405,7.461489329,-13,-3,-10,-0.61,-0.17,-0.44,FALSE
16,25,male,24,old,a,0,1.5093000000118764,65,13,-18,61,36,-10,20,29,-9,34.24422092,29.40521496,4.839005967,-18,-10,-8,0.3,-0.34,0.64,FALSE
16,25,male,25,old,a,0,1.598400000035781,63,16,-47,44,40,-43,10.66666667,13.66666667,-3,45.0653846,40.10264608,4.962738522,-47,-43,-4,-0.18,-0.7,0.52,FALSE
16,25,male,26,old,a,0,3.997500000000059,79,13,-40,74,33,-37,17.33333333,23.33333333,-6,48.67808085,45.82818153,2.849899325,-40,-37,-3,0.13,-0.31,0.44,FALSE
16,25,male,27,old,a,0,1.6648000000118373,70,51,-43,75,10,-34,26,17,9,49.40310382,44.77350407,4.629599747,-43,-34,-9,-0.63,0.23,-0.86,FALSE
16,25,male,28,old,a,0,1.580800000011891,79,40,-26,73,13,-20,31,22,9,43.33589736,38.49675311,4.83914425,-26,-20,-6,-0.3,0.34,-0.64,FALSE
16,25,male,29,old,a,0,2.747300000011819,98,58,-16,96,41,-6,46.66666667,43.66666667,3,47.22522866,41.6839964,5.541232266,-16,-6,-10,-0.35,0.1,-0.45,FALSE
16,25,male,30,old,b,1,2.3668999999762264,60,5,-41,53,30,-32,8,17,-9,41.28760912,35.89800366,5.389605459,-41,-32,-9,0.11,-0.5,0.61,FALSE
16,25,male,31,old,a,0,2.230699999988019,74,5,-55,57,19,-52,8,8,0,52.70673581,45.17373868,7.532997129,-55,-52,-3,0.09,-0.35,0.44,FALSE
16,25,male,32,old,b,1,1.7138000000119291,82,11,-76,60,51,-67,5.666666667,14.66666667,-9,64.61338011,57.86382482,6.749555292,-76,-67,-9,-0.12,-0.69,0.57,FALSE
16,25,male,33,old,a,0,3.49430000001189,65,57,-40,69,18,-32,27.33333333,18.33333333,9,47.72374205,41.23375101,6.489991045,-40,-32,-8,-0.69,0.01,-0.7,FALSE
16,25,male,34,old,a,0,1.6805000000000518,79,64,-29,81,28,-22,38,29,9,47.77028365,42.05551886,5.714764789,-29,-22,-7,-0.66,0.04,-0.7,FALSE
16,25,male,35,old,a,0,2.298199999988128,79,63,-12,80,36,-4,43.33333333,37.33333333,6,39.6680672,34.30581421,5.362252988,-12,-4,-8,-0.62,0.06,-0.68,FALSE
16,25,male,36,old,a,0,1.54669999998805,82,31,-53,64,62,-48,20,26,-6,55.6596802,52.33227175,3.327408449,-53,-48,-5,-0.29,-0.71,0.42,FALSE
16,25,male,37,old,a,0,1.4610000000000127,78,43,-10,60,54,-3,37,37,0,36.17549815,28.39013913,7.785359021,-10,-3,-7,-0.24,-0.68,0.44,FALSE
16,25,male,38,old,b,1,2.3826999999880627,61,12,-35,44,34,-31,12.66666667,15.66666667,-3,39.19467084,33.24989557,5.944775267,-35,-31,-4,0.03,-0.66,0.69,FALSE
16,25,male,39,old,b,1,1.81459999996423,99,52,-13,90,75,-9,46,52,-6,45.92022067,43.56604182,2.354178852,-13,-9,-4,-0.19,-0.64,0.45,FALSE
16,25,male,40,old,a,0,2.86280000001193,46,30,-55,47,6,-50,7,1,6,44.32456054,39.75759885,4.566961681,-55,-50,-5,-0.64,-0.19,-0.45,FALSE
16,25,male,42,old,b,1,5.12940000003573,56,8,-52,40,33,-43,4,10,-6,44.18144407,37.58545818,6.595985888,-52,-43,-9,-0.14,-0.69,0.55,FALSE
17,60,female,0,old,b,1,8.954000000000008,69,24,-23,60,43,-15,23.33333333,29.33333333,-6,37.56180093,32.10745846,5.454342465,-23,-15,-8,-0.03,-0.56,0.53,FALSE
17,60,female,1,old,b,1,14.739799999997018,91,67,-10,95,46,-2,49.33333333,46.33333333,3,43.08389748,39.60078563,3.483111855,-10,-2,-8,-0.55,0.01,-0.56,FALSE
17,60,female,2,old,a,0,13.603799999997022,56,42,-72,65,9,-66,8.666666667,2.666666667,6,57.32558087,53.66770185,3.657879018,-72,-66,-6,-0.68,-0.18,-0.5,FALSE
17,60,female,3,old,a,0,5.835200000002999,90,44,-48,88,16,-45,28.66666667,19.66666667,9,57.37207993,54.3588897,3.013190235,-48,-45,-3,-0.38,0.1,-0.48,FALSE
17,60,female,4,old,b,1,9.871999999999986,88,33,-10,73,59,-3,37,43,-6,40.10818703,33.02524287,7.082944157,-10,-3,-7,0.15,-0.61,0.76,FALSE
17,60,female,5,old,b,1,8.193599999994035,70,12,-66,45,34,-63,5.333333333,5.333333333,0,55.72152985,48.52719741,7.194332436,-66,-63,-3,-0.18,-0.68,0.5,FALSE
17,60,female,6,old,b,1,3.787100000008934,80,2,-60,69,30,-50,7.333333333,16.33333333,-9,57.27904406,49.5333782,7.745665868,-60,-50,-10,0.14,-0.39,0.53,FALSE
17,60,female,7,old,b,1,13.68839999999102,83,50,-11,85,29,-1,40.66666667,37.66666667,3,38.93869826,35.64017708,3.298521182,-11,-1,-10,-0.35,0.35,-0.7,FALSE
17,60,female,8,old,b,1,4.09520000000299,92,60,-21,99,43,-11,43.66666667,43.66666667,0,47.55581516,44.90978611,2.646029045,-21,-11,-10,-0.47,0.02,-0.49,FALSE
17,60,female,9,old,b,1,3.432299999997042,75,4,-67,57,43,-61,4,13,-9,57.97125725,52.63712252,5.334134731,-67,-61,-6,0,-0.67,0.67,FALSE
17,60,female,10,old,b,1,5.27059999999409,76,3,-64,59,38,-55,5,14,-9,57.17225434,49.53786431,7.634390037,-64,-55,-9,0.05,-0.61,0.66,FALSE
17,60,female,11,old,b,1,3.208099999994033,63,2,-47,49,23,-45,6,9,-3,44.99629614,39.63163719,5.36465895,-47,-45,-2,0.13,-0.49,0.62,FALSE
17,60,female,12,old,b,1,5.32190000000594,93,31,-8,70,68,-4,38.66666667,44.66666667,-6,41.5879256,34.42221505,7.165710549,-8,-4,-4,0.27,-0.71,0.98,FALSE
17,60,female,13,old,b,1,6.720799999997041,93,58,-8,94,41,-1,47.66666667,44.66666667,3,41.87547678,38.87015422,3.005322563,-8,-1,-7,-0.36,0.14,-0.5,FALSE
17,60,female,14,old,b,1,7.668800000011913,53,9,-17,37,30,-13,15,18,-3,28.89059824,22.10580618,6.784792065,-17,-13,-4,0.3,-0.65,0.95,FALSE
17,60,female,15,old,a,0,5.762299999997026,68,25,-12,60,2,-8,27,18,9,32.69046752,29.97776954,2.712697979,-12,-8,-4,0.09,0.65,-0.56,FALSE
17,60,female,16,old,b,1,4.956299999996986,80,72,-12,88,45,-2,46.66666667,43.66666667,3,41.61196409,36.7544404,4.857523695,-12,-2,-10,-0.69,-0.05,-0.64,FALSE
17,60,female,17,old,b,1,10.32049999999998,98,41,-24,75,68,-19,38.33333333,41.33333333,-3,49.8419725,42.75771535,7.084257142,-24,-19,-5,-0.08,-0.69,0.61,FALSE
17,60,female,18,old,b,1,4.1430999999940354,55,15,-13,42,31,-7,19,22,-3,27.90459938,20.99206199,6.91253739,-13,-7,-6,0.21,-0.56,0.77,FALSE
17,60,female,19,old,b,1,13.185399999991091,97,58,-61,98,20,-51,31.33333333,22.33333333,9,67.20284386,60.85136719,6.351476665,-61,-51,-10,-0.53,0.06,-0.59,FALSE
17,60,female,20,old,b,1,3.630399999991028,67,11,-13,61,36,-5,21.66666667,30.66666667,-9,33.51948024,27.20702524,6.312455003,-13,-5,-8,0.45,-0.29,0.74,FALSE
17,60,female,21,old,b,1,2.677899999991098,88,17,-44,82,43,-37,20.33333333,29.33333333,-9,53.94029621,49.5333782,4.406918017,-44,-37,-7,0.09,-0.39,0.48,FALSE
17,60,female,22,old,b,1,2.7824999999999704,99,51,-13,95,36,-3,45.66666667,42.66666667,3,45.87906809,40.28509512,5.59397297,-13,-3,-10,-0.17,0.24,-0.41,FALSE
17,60,female,23,old,a,0,13.091600000008953,64,24,-23,50,35,-20,21.66666667,21.66666667,0,35.55590278,30.09245014,5.463452634,-23,-20,-3,-0.1,-0.58,0.48,FALSE
17,60,female,24,old,a,0,3.2737000000029752,91,81,-24,99,44,-22,49.33333333,40.33333333,9,52.01495511,49.46603773,2.548917383,-24,-22,-2,-0.69,-0.11,-0.58,FALSE
17,60,female,25,old,b,1,4.249899999991044,83,23,-56,70,49,-51,16.66666667,22.66666667,-6,56.92294987,52.7909925,4.131957375,-56,-51,-5,-0.17,-0.62,0.45,FALSE
17,60,female,26,old,b,1,4.471400000005929,95,48,-30,71,67,-25,37.66666667,37.66666667,0,51.55148451,44.3421044,7.209380118,-30,-25,-5,-0.29,-0.7,0.41,FALSE
17,60,female,27,old,b,1,9.243499999999983,74,43,-22,76,14,-13,31.66666667,25.66666667,6,40.00277768,37.25885428,2.743923402,-22,-13,-9,-0.4,0.44,-0.84,FALSE
17,60,female,28,old,a,0,8.345599999994079,84,27,-36,73,4,-29,25,16,9,49.01020302,42.49705872,6.513144298,-36,-29,-7,-0.06,0.4,-0.46,FALSE
17,60,female,29,old,a,0,7.293099999994013,61,54,-82,79,11,-75,11,5,6,65.82299497,63.01322612,2.809768844,-82,-75,-7,-0.7,-0.14,-0.56,FALSE
17,60,female,30,old,b,1,3.8122999999969807,91,75,-12,94,55,-4,51.33333333,48.33333333,3,45.25728916,40.28509512,4.97219404,-12,-4,-8,-0.64,-0.24,-0.4,FALSE
17,60,female,31,old,b,1,2.818599999994035,67,19,-22,60,38,-16,21.33333333,27.33333333,-6,36.37153955,31.93048004,4.441059506,-22,-16,-6,0.1,-0.46,0.56,FALSE
17,60,female,32,old,b,1,2.7077999999970075,53,8,-34,41,23,-28,9,12,-3,35.52463934,29.22327839,6.301360944,-34,-28,-6,0.04,-0.51,0.55,FALSE
17,60,female,33,old,b,1,2.598799999997027,80,10,-63,59,46,-60,9,15,-6,58.3837877,53.2979049,5.085882805,-63,-60,-3,-0.03,-0.68,0.65,FALSE
17,60,female,34,old,b,1,3.291899999991074,94,70,-40,98,38,-30,41.33333333,35.33333333,6,58.33999962,52.2897908,6.050208816,-40,-30,-10,-0.62,-0.08,-0.54,FALSE
17,60,female,35,old,b,1,11.096700000002954,81,24,-16,74,4,-7,29.66666667,23.66666667,6,39.80228916,35.8732336,3.929055559,-16,-7,-9,0.21,0.66,-0.45,FALSE
17,60,female,36,old,b,1,2.093900000005931,66,31,-13,68,19,-3,28,28,0,32.3213036,29.67602849,2.645275119,-13,-3,-10,-0.14,0.43,-0.57,FALSE
17,60,female,37,old,b,1,1.894199999988075,77,25,-58,53,45,-54,14.66666667,14.66666667,0,55.59576323,48.66438351,6.93137972,-58,-54,-4,-0.27,-0.69,0.42,FALSE
17,60,female,38,old,b,1,1.976400000005981,85,2,-81,57,52,-76,2,11,-9,67.76921622,61.55214591,6.217070303,-81,-76,-5,0,-0.7,0.7,FALSE
17,60,female,39,old,b,1,7.03559999999402,91,54,-88,96,14,-80,19,10,9,77.1535266,71.90734779,5.246178806,-88,-80,-8,-0.59,-0.08,-0.51,FALSE
17,60,female,40,old,b,1,3.230799999996975,93,64,-10,95,40,-6,49,43,6,43.36665386,41.28760912,2.079044738,-10,-6,-4,-0.48,0.11,-0.59,FALSE
17,60,female,42,old,b,1,4.732299999996997,99,35,-16,88,50,-11,39.33333333,42.33333333,-3,47.0484384,40.77853466,6.269903738,-16,-11,-5,0.14,-0.28,0.42,FALSE
17,60,female,0,new,b,1,3.996200000003,73,32,-44,95,17,-42,20.33333333,23.33333333,-3,48.47221426,56.10902086,-7.6368066,-44,-42,-2,-0.35,0.17,-0.52,FALSE
17,60,female,1,new,b,1,3.195100000009006,51,25,-16,72,5,-8,20,23,-3,27.58018612,35.05234181,-7.47215569,-16,-8,-8,-0.27,0.63,-0.9,FALSE
17,60,female,2,new,b,1,3.113599999993994,82,41,-36,94,3,-28,29,23,6,48.91489207,51.77515492,-2.860262842,-36,-28,-8,-0.35,0.52,-0.87,FALSE
17,60,female,3,new,b,1,1.876699999988091,56,49,-15,84,31,-7,30,36,-6,31.94787421,37.31844941,-5.370575202,-15,-7,-8,-0.68,0.2,-0.88,FALSE
17,60,female,4,new,b,1,1.960700000003044,65,61,-27,97,23,-21,33,33,0,42.45782221,48.68949236,-6.231670156,-27,-21,-6,-0.7,0.3,-1,FALSE
17,60,female,6,new,b,1,1.5910999999940714,62,41,-30,88,24,-21,24.33333333,30.33333333,-6,39.36439452,44.723844,-5.359449486,-30,-21,-9,-0.56,0.21,-0.77,FALSE
17,60,female,7,new,b,1,3.024000000000001,62,55,-78,93,7,-70,13,10,3,64.41014413,66.57827473,-2.168130606,-78,-70,-8,-0.7,0.07,-0.77,FALSE
17,60,female,8,new,b,1,4.091700000003016,86,35,-10,92,6,-5,37,31,6,39.2173431,43.36665386,-4.149310754,-10,-5,-5,0.08,0.67,-0.59,FALSE
17,60,female,9,new,a,0,7.256400000005897,94,45,-8,97,10,-3,43.66666667,34.66666667,9,41.65199742,44.39469438,-2.74269696,-8,-3,-5,-0.05,0.66,-0.71,FALSE
17,60,female,10,new,b,1,3.6634000000060496,59,17,-45,75,4,-39,10.33333333,13.33333333,-3,42.71871825,47.00590979,-4.287191544,-45,-39,-6,-0.23,0.29,-0.52,FALSE
17,60,female,11,new,b,1,2.216700000003016,58,27,-28,78,17,-20,19,25,-6,35.56215217,40.40627014,-4.844117975,-28,-20,-8,-0.33,0.29,-0.62,FALSE
17,60,female,12,new,a,0,9.784599999994043,61,33,-4,66,7,-1,30,24,6,26.62079388,29.87752779,-3.25673391,-4,-1,-3,-0.17,0.67,-0.84,FALSE
17,60,female,13,new,b,1,2.279300000011972,40,34,-14,62,29,-4,20,29,-9,24.16609195,26.94438717,-2.778295223,-14,-4,-10,-0.67,0,-0.67,FALSE
17,60,female,14,new,b,1,1.914400000006026,62,43,-86,99,27,-80,6.333333333,15.33333333,-9,65.74867975,73.54061614,-7.79193639,-86,-80,-6,-0.66,-0.23,-0.43,FALSE
17,60,female,15,new,b,1,2.2454999999999927,66,55,-73,97,23,-63,16,19,-3,63.09252465,65.38093504,-2.28841039,-73,-63,-10,-0.69,-0.09,-0.6,FALSE
17,60,female,16,new,a,0,8.569900000005987,83,36,-11,86,2,-7,36,27,9,38.3753393,41.88078318,-3.505443879,-11,-7,-4,0,0.68,-0.68,FALSE
17,60,female,17,new,a,0,2.9927000000029693,74,56,-98,99,2,-96,10.66666667,1.666666667,9,77.18952145,79.60876557,-2.4192441160000002,-98,-96,-2,-0.68,-0.01,-0.67,FALSE
17,60,female,18,new,a,0,3.541500000000042,60,59,-71,98,2,-61,16,13,3,61.51964456,65.37583651,-3.856191956,-71,-61,-10,-0.71,0.25,-0.96,FALSE
17,60,female,19,new,b,1,3.8017000000029375,59,34,-23,76,30,-18,23.33333333,29.33333333,-6,34.31552936,38.37823457,-4.062705208,-23,-18,-5,-0.44,-0.03,-0.41,FALSE
17,60,female,20,new,a,0,6.597499999999968,70,31,-60,87,5,-51,13.66666667,13.66666667,0,54.46915539,56.6705881,-2.20143271,-60,-51,-9,-0.45,0.23,-0.68,FALSE
17,60,female,21,new,a,0,2.9337999999969497,85,45,-46,95,4,-42,28,19,9,54.81483984,56.92685365,-2.112013812,-46,-42,-4,-0.44,0.38,-0.82,FALSE
17,60,female,22,new,a,0,5.310700000003067,71,36,-38,93,11,-35,23,23,0,45.43860326,52.94021786,-7.501614591,-38,-35,-3,-0.41,0.33,-0.74,FALSE
17,60,female,23,new,a,0,4.263599999994085,83,52,-36,96,9,-33,33,24,9,50.4050262,53.72150407,-3.31647787,-36,-33,-3,-0.51,0.4,-0.91,FALSE
17,60,female,24,new,b,1,3.858799999997018,74,29,-58,96,13,-55,15,18,-3,54.79051013,61.74679479,-6.956284661,-58,-55,-3,-0.37,0.12,-0.49,FALSE
17,60,female,25,new,b,1,9.568299999997066,76,38,-12,82,9,-7,34,28,6,36.037018,38.73843914,-2.701421131,-12,-7,-5,-0.17,0.62,-0.79,FALSE
17,60,female,26,new,b,1,4.239000000000033,82,33,-22,91,7,-14,31,28,3,42.48136847,45.36518489,-2.883816424,-22,-14,-8,-0.07,0.6,-0.67,FALSE
17,60,female,27,new,b,1,3.223299999997039,56,39,-80,86,11,-73,5,8,-3,60.50344343,64.94613152,-4.442688096,-80,-73,-7,-0.67,-0.07,-0.6,FALSE
17,60,female,28,new,b,1,1.7933999999910384,67,58,-29,93,49,-19,32,41,-9,43.28972164,46.07240678,-2.782685138,-29,-19,-10,-0.68,-0.26,-0.42,FALSE
17,60,female,29,new,b,1,1.0582999999969616,41,39,-29,73,26,-21,17,26,-9,32.53715825,38.3753393,-5.838181059,-29,-21,-8,-0.71,0,-0.71,FALSE
17,60,female,30,new,a,0,8.18920000000287,63,62,-52,88,34,-49,24.33333333,24.33333333,0,53.97736151,56.34615239,-2.368790878,-52,-49,-3,-0.71,-0.25,-0.46,FALSE
17,60,female,31,new,b,1,4.115499999999997,45,40,-49,77,30,-44,12,21,-9,43.18178628,49.80629144,-6.624505153,-49,-44,-5,-0.7,-0.27,-0.43,FALSE
17,60,female,32,new,a,0,2.863200000002962,75,60,-69,99,6,-66,22,13,9,64.63745044,67.54257916,-2.905128718,-69,-66,-3,-0.68,0.15,-0.83,FALSE
17,60,female,33,new,a,0,3.007900000005975,75,51,-33,96,10,-31,31,25,6,46.30334761,52.92132525,-6.617977643,-33,-31,-2,-0.57,0.4,-0.97,FALSE
17,60,female,34,new,b,1,7.716000000000008,57,33,-39,75,10,-34,17,17,0,40.79215611,44.77350407,-3.981347961,-39,-34,-5,-0.53,0.23,-0.76,FALSE
17,60,female,35,new,a,0,8.30780000001198,59,53,-70,91,2,-60,14,11,3,59.44745579,61.97311245,-2.525656659,-70,-60,-10,-0.7,0.21,-0.91,FALSE
17,60,female,36,new,b,1,4.257299999996917,72,24,-26,91,16,-19,23.33333333,29.33333333,-6,40.01110957,45.88633299,-5.875223425,-26,-19,-7,-0.02,0.41,-0.43,FALSE
17,60,female,37,new,a,0,6.500499999999988,67,34,-14,82,3,-7,29,26,3,33.2565783,39.80787192,-6.551293622,-14,-7,-7,-0.22,0.67,-0.89,FALSE
17,60,female,38,new,b,1,2.498799999997118,76,31,-39,96,19,-29,22.66666667,28.66666667,-6,47.31689856,51.48678363,-4.169885078,-39,-29,-10,-0.26,0.28,-0.54,FALSE
17,60,female,39,new,b,1,2.475099999993972,65,35,-38,81,15,-34,20.66666667,20.66666667,0,43.25377312,47.1192341,-3.865460983,-38,-34,-4,-0.46,0.18,-0.64,FALSE
17,60,female,40,new,a,0,3.917900000005943,73,35,-13,82,8,-4,31.66666667,28.66666667,3,35.18838192,38.02922853,-2.840846604,-13,-4,-9,-0.14,0.65,-0.79,FALSE
17,60,female,41,new,a,0,5.980699999988133,84,38,-47,98,2,-43,25,19,6,54.26478293,58.80476171,-4.53997878,-47,-43,-4,-0.35,0.41,-0.76,FALSE
17,60,female,42,new,b,1,3.871100000008937,35,19,-36,66,5,-26,6,15,-9,30.40833219,38.21866909,-7.810336894,-36,-26,-10,-0.56,0.37,-0.93,FALSE
17,60,female,0,old,a,0,3.891600000008907,57,19,-12,42,29,-7,21.33333333,21.33333333,0,28.21740991,20.72572208,7.491687838,-12,-7,-5,0.12,-0.5,0.62,FALSE
17,60,female,1,old,b,1,3.6895000000000655,79,13,-40,74,33,-37,17.33333333,23.33333333,-6,48.67808085,45.82818153,2.849899325,-40,-37,-3,0.13,-0.31,0.44,FALSE
17,60,female,3,old,b,1,3.261899999991101,53,40,-11,50,25,-2,27.33333333,24.33333333,3,27.62044331,21.23414441,6.386298903,-11,-2,-9,-0.59,-0.05,-0.54,FALSE
17,60,female,4,old,b,1,4.235000000000014,74,21,-46,56,42,-40,16.33333333,19.33333333,-3,49.10080334,42.34251869,6.758284654,-46,-40,-6,-0.14,-0.65,0.51,FALSE
17,60,female,5,old,b,1,5.954600000008895,98,42,-26,70,68,-24,38,38,0,50.70174224,43.84822307,6.853519172,-26,-24,-2,-0.12,-0.71,0.59,FALSE
17,60,female,6,old,b,1,7.645599999994033,87,78,-16,94,52,-6,49.66666667,46.66666667,3,46.57848812,40.99864496,5.579843156,-16,-6,-10,-0.69,-0.19,-0.5,FALSE
17,60,female,7,old,b,1,4.113200000002962,70,51,-43,75,10,-34,26,17,9,49.40310382,44.77350407,4.629599747,-43,-34,-9,-0.63,0.23,-0.86,FALSE
17,60,female,8,old,b,1,2.206799999997088,48,21,-20,41,36,-10,16.33333333,22.33333333,-6,27.95631513,22.9540604,5.002254727,-20,-10,-10,-0.25,-0.68,0.43,FALSE
17,60,female,9,old,b,1,2.169599999994034,79,63,-12,80,36,-4,43.33333333,37.33333333,6,39.6680672,34.30581421,5.362252988,-12,-4,-8,-0.62,0.06,-0.68,FALSE
17,60,female,10,old,b,1,2.959399999991092,58,38,-11,53,25,-2,28.33333333,25.33333333,3,28.98658694,22.45489306,6.531693879,-11,-2,-9,-0.46,0.02,-0.48,FALSE
17,60,female,11,old,b,1,6.6624000000059604,85,68,-15,91,43,-5,46,43,3,43.68828981,39.19183588,4.496453927,-15,-5,-10,-0.63,0,-0.63,FALSE
17,60,female,12,old,b,1,1.8469000000059168,48,3,-24,46,23,-15,9,18,-9,29.69848481,25.15286597,4.545618837,-24,-15,-9,0.29,-0.29,0.58,FALSE
17,60,female,13,old,b,1,2.1277999999970234,61,12,-35,44,34,-31,12.66666667,15.66666667,-3,39.19467084,33.24989557,5.944775267,-35,-31,-4,0.03,-0.66,0.69,FALSE
17,60,female,14,old,a,0,4.578299999997057,46,30,-55,47,6,-50,7,1,6,44.32456054,39.75759885,4.566961681,-55,-50,-5,-0.64,-0.19,-0.45,FALSE
17,60,female,15,old,b,1,2.206799999997088,59,9,-67,40,31,-61,0.333333333,3.333333333,-3,51.80304581,45.63867755,6.164368259,-67,-61,-6,-0.25,-0.69,0.44,FALSE
17,60,female,16,old,a,0,2.7558999999911293,53,8,-35,40,19,-33,8.666666667,8.666666667,0,35.92894222,30.68477726,5.244164957,-35,-33,-2,0.03,-0.47,0.5,FALSE
17,60,female,17,old,a,0,5.509100000008857,91,79,-11,99,39,-6,53,44,9,45.51922671,43.01162634,2.507600372,-11,-6,-5,-0.67,0.17,-0.84,FALSE
17,60,female,18,old,b,1,4.093100000008917,96,19,-78,77,43,-74,12.33333333,15.33333333,-3,71.19144768,64.67525716,6.516190515,-78,-74,-4,-0.14,-0.56,0.42,FALSE
17,60,female,19,old,b,1,2.2465000000000828,74,5,-55,57,19,-52,8,8,0,52.70673581,45.17373868,7.532997129,-55,-52,-3,0.09,-0.35,0.44,FALSE
17,60,female,20,old,b,1,2.826999999999998,63,16,-47,44,40,-43,10.66666667,13.66666667,-3,45.0653846,40.10264608,4.962738522,-47,-43,-4,-0.18,-0.7,0.52,FALSE
17,60,female,21,old,b,1,3.4246000000089225,82,31,-53,64,62,-48,20,26,-6,55.6596802,52.33227175,3.327408449,-53,-48,-5,-0.29,-0.71,0.42,FALSE
17,60,female,22,old,b,1,6.850100000008865,79,16,-61,58,42,-57,11.33333333,14.33333333,-3,57.24993935,50.86146762,6.388471726,-61,-57,-4,-0.12,-0.65,0.53,FALSE
17,60,female,23,old,b,1,6.024400000005926,70,57,-28,78,40,-19,33,33,0,43.45879274,39.90822806,3.550564686,-28,-19,-9,-0.66,-0.26,-0.4,FALSE
17,60,female,24,old,b,1,2.7681000000089853,98,58,-16,96,41,-6,46.66666667,43.66666667,3,47.22522866,41.6839964,5.541232266,-16,-6,-10,-0.35,0.1,-0.45,FALSE
17,60,female,25,old,b,1,12.552300000011885,77,69,-21,82,39,-14,41.66666667,35.66666667,6,44.43222054,39.26264835,5.16957219,-21,-14,-7,-0.69,-0.13,-0.56,FALSE
17,60,female,26,old,b,1,1.9612999999969816,91,22,-54,72,61,-47,19.66666667,28.66666667,-9,59.21899095,53.69254035,5.526450601,-54,-47,-7,-0.06,-0.68,0.62,FALSE
17,60,female,27,old,a,0,1.9445999999940116,46,32,-39,42,9,-30,13,7,6,37.21110945,29.42787794,7.783231513,-39,-30,-9,-0.63,-0.1,-0.53,FALSE
17,60,female,28,old,b,1,4.848999999999933,82,11,-76,60,51,-67,5.666666667,14.66666667,-9,64.61338011,57.86382482,6.749555292,-76,-67,-9,-0.12,-0.69,0.57,FALSE
17,60,female,29,old,b,1,6.452999999999975,78,43,-10,60,54,-3,37,37,0,36.17549815,28.39013913,7.785359021,-10,-3,-7,-0.24,-0.68,0.44,FALSE
17,60,female,30,old,a,0,8.291600000008998,80,43,-35,75,18,-32,29.33333333,20.33333333,9,47.93282336,43.71371511,4.219108251,-35,-32,-3,-0.4,0.08,-0.48,FALSE
17,60,female,31,old,b,1,4.930099999994013,92,2,-70,66,50,-65,8,17,-9,66.2721661,58.34952156,7.92264454,-70,-65,-5,0.14,-0.67,0.81,FALSE
17,60,female,32,old,b,1,3.858600000008892,79,40,-26,73,13,-20,31,22,9,43.33589736,38.49675311,4.83914425,-26,-20,-6,-0.3,0.34,-0.64,FALSE
17,60,female,33,old,b,1,2.764200000002916,85,24,-45,67,54,-39,21.33333333,27.33333333,-6,53.10576449,47.20404879,5.901715701,-45,-39,-6,-0.08,-0.67,0.59,FALSE
17,60,female,34,old,b,1,2.414999999999964,56,8,-52,40,33,-43,4,10,-6,44.18144407,37.58545818,6.595985888,-52,-43,-9,-0.14,-0.69,0.55,FALSE
17,60,female,35,old,b,1,2.3738999999910675,60,5,-41,53,30,-32,8,17,-9,41.28760912,35.89800366,5.389605459,-41,-32,-9,0.11,-0.5,0.61,FALSE
17,60,female,36,old,b,1,4.85829999999703,65,13,-18,61,36,-10,20,29,-9,34.24422092,29.40521496,4.839005967,-18,-10,-8,0.3,-0.34,0.64,FALSE
17,60,female,37,old,a,0,4.735599999994065,65,57,-40,69,18,-32,27.33333333,18.33333333,9,47.72374205,41.23375101,6.489991045,-40,-32,-8,-0.69,0.01,-0.7,FALSE
17,60,female,38,old,b,1,6.235100000008856,99,52,-13,90,75,-9,46,52,-6,45.92022067,43.56604182,2.354178852,-13,-9,-4,-0.19,-0.64,0.45,FALSE
17,60,female,39,old,b,1,3.139499999999998,57,44,-13,53,29,-3,29.33333333,26.33333333,3,30.40102337,22.93953405,7.461489329,-13,-3,-10,-0.61,-0.17,-0.44,FALSE
17,60,female,40,old,b,1,4.323499999999967,73,52,-43,84,13,-33,27.33333333,21.33333333,6,50.4667107,48.12714642,2.339564283,-43,-33,-10,-0.62,0.25,-0.87,FALSE
17,60,female,41,old,a,0,5.373400000005972,64,62,-48,70,29,-39,26,20,6,52.33227175,44.95182607,7.380445685,-48,-39,-9,-0.71,-0.29,-0.42,FALSE
17,60,female,42,old,a,0,6.778199999988033,79,64,-29,81,28,-22,38,29,9,47.77028365,42.05551886,5.714764789,-29,-22,-7,-0.66,0.04,-0.7,FALSE
17,60,female,0,new,a,0,5.997500000000059,86,32,-13,90,5,-8,35,29,6,40.47221269,43.45879274,-2.986580053,-13,-8,-5,0.11,0.66,-0.55,FALSE
17,60,female,1,new,a,0,7.858700000002955,86,41,-34,96,4,-25,31,25,6,49.49747468,51.58165048,-2.084175801,-34,-25,-9,-0.29,0.54,-0.83,FALSE
17,60,female,2,new,a,0,4.508899999991058,75,48,-36,95,7,-33,29,23,6,47.26520919,53.46650042,-6.201291223,-36,-33,-3,-0.54,0.42,-0.96,FALSE
17,60,female,3,new,b,1,3.9762000000030175,49,45,-36,87,24,-26,19.33333333,28.33333333,-9,39.16063783,46.23370584,-7.073068005,-36,-26,-10,-0.7,0.14,-0.84,FALSE
17,60,female,4,new,b,1,3.536400000005983,42,23,-11,63,18,-9,18,24,-6,21.92411154,29.69848481,-7.774373273,-11,-9,-2,-0.33,0.29,-0.62,FALSE
17,60,female,6,new,b,1,2.9923000000119373,72,24,-83,93,6,-77,4.333333333,7.333333333,-3,64.78854494,69.40861298,-4.620068037,-83,-77,-6,-0.43,0.03,-0.46,FALSE
17,60,female,7,new,a,0,7.866899999991119,71,38,-70,91,1,-62,13,10,3,60.21627687,62.78534861,-2.56907174,-70,-62,-8,-0.55,0.21,-0.76,FALSE
17,60,female,8,new,b,1,6.88250000000005,54,34,-67,84,8,-62,7,10,-3,52.95910372,59.62102537,-6.661921656,-67,-62,-5,-0.63,0.05,-0.68,FALSE
17,60,female,9,new,a,0,11.370699999988004,58,27,-46,74,5,-40,13,13,0,43.59663596,46.88283268,-3.286196723,-46,-40,-6,-0.45,0.25,-0.7,FALSE
17,60,female,10,new,a,0,6.093099999994138,88,50,-27,96,11,-23,37,28,9,47.84001115,50.04664491,-2.206633761,-27,-23,-4,-0.39,0.47,-0.86,FALSE
17,60,female,11,new,a,0,7.967700000002992,54,51,-50,87,14,-46,18.33333333,18.33333333,0,48.33448274,54.3834125,-6.048929759,-50,-46,-4,-0.71,0.12,-0.83,FALSE
17,60,female,12,new,a,0,3.796700000002943,87,54,-16,96,14,-12,41.66666667,32.66666667,9,42.94440851,46.02414825,-3.079739742,-16,-12,-4,-0.41,0.54,-0.95,FALSE
17,60,female,13,new,b,1,5.573099999993929,32,24,-44,60,15,-36,4,13,-9,34.09789827,39.2173431,-5.119444829,-44,-36,-8,-0.68,-0.08,-0.6,FALSE
17,60,female,14,new,b,1,4.040800000011814,68,60,-38,99,37,-28,30,36,-6,48.19405219,51.85235449,-3.658302303,-38,-28,-10,-0.69,-0.03,-0.66,FALSE
17,60,female,15,new,b,1,5.557700000003024,45,26,-62,73,18,-55,3,12,-9,46.61187259,52.42772803,-5.815855439,-62,-55,-7,-0.62,-0.17,-0.45,FALSE
17,60,female,16,new,b,1,5.758299999997007,66,47,-58,95,21,-52,18.33333333,21.33333333,-3,54.53031777,60.01296156,-5.482643798,-58,-52,-6,-0.64,0.01,-0.65,FALSE
17,60,female,17,new,b,1,5.49459999999408,37,15,-44,59,10,-34,2.666666667,11.66666667,-9,34.19876541,37.9853773,-3.786611894,-44,-34,-10,-0.49,0.07,-0.56,FALSE
17,60,female,18,new,a,0,3.3037000000031185,73,53,-41,99,7,-39,28.33333333,22.33333333,6,49.70133019,57.37207993,-7.670749745,-41,-39,-2,-0.62,0.38,-1,FALSE
17,60,female,19,new,b,1,7.387600000008888,44,36,-47,66,12,-45,11,11,0,41.14203041,45.32107677,-4.17904636,-47,-45,-2,-0.69,-0.03,-0.66,FALSE
17,60,female,20,new,a,0,12.372700000003078,56,21,-48,76,2,-40,9.666666667,12.66666667,-3,43.20750964,47.95368136,-4.74617172,-48,-40,-8,-0.38,0.32,-0.7,FALSE
17,60,female,21,new,a,0,3.567999999999984,73,23,-91,92,2,-89,1.666666667,1.666666667,0,68.63105873,73.89331649,-5.262257764,-91,-89,-2,-0.44,-0.01,-0.43,FALSE
17,60,female,22,new,b,1,6.020400000005793,38,17,-31,62,16,-27,8,17,-9,28.87905816,36.34097779,-7.461919633,-31,-27,-4,-0.44,0.04,-0.48,FALSE
17,60,female,23,new,a,0,3.7975999999941914,68,52,-62,94,9,-54,19.33333333,16.33333333,3,57.88110419,60.64285247,-2.761748279,-62,-54,-8,-0.67,0.18,-0.85,FALSE
17,60,female,24,new,a,0,2.964500000000044,80,38,-19,90,6,-15,33,27,6,40.57092555,45.36518489,-4.794259339,-19,-15,-4,-0.18,0.6,-0.78,FALSE
17,60,female,25,new,a,0,6.039700000002995,69,50,-40,89,13,-32,26.33333333,23.33333333,3,47.54179448,49.93551397,-2.393719493,-40,-32,-8,-0.62,0.3,-0.92,FALSE
17,60,female,26,new,b,1,11.351399999991145,38,36,-51,71,20,-41,7.666666667,16.66666667,-9,41.49163236,45.78451946,-4.292887105,-51,-41,-10,-0.71,-0.11,-0.6,FALSE
17,60,female,27,new,b,1,3.7559000000060223,44,31,-57,70,16,-50,6,12,-6,44.86275367,49.07137659,-4.208622918,-57,-50,-7,-0.66,-0.12,-0.54,FALSE
17,60,female,28,new,a,0,6.088899999991099,69,45,-22,90,19,-17,30.66666667,30.66666667,0,38.50829636,44.45472103,-5.94642467,-22,-17,-5,-0.51,0.38,-0.89,FALSE
17,60,female,29,new,a,0,3.116999999999962,78,57,-50,98,6,-46,28.33333333,19.33333333,9,56.04958123,59.5389695,-3.489388273,-50,-46,-4,-0.63,0.32,-0.95,FALSE
17,60,female,30,new,a,0,8.884499999999889,47,44,-54,78,9,-50,12.33333333,12.33333333,0,46.92073695,52.3089115,-5.388174553,-54,-50,-4,-0.7,0.1,-0.8,FALSE
17,60,female,31,new,a,0,2.907700000002933,85,51,-7,92,14,-4,43,34,9,37.98245209,41.66533331,-3.682881223,-7,-4,-3,-0.31,0.61,-0.92,FALSE
17,60,female,32,new,a,0,3.392899999991186,53,40,-78,88,6,-70,5,8,-3,58.92933621,64.51873113,-5.589394916,-78,-70,-8,-0.68,0.05,-0.73,FALSE
17,60,female,33,new,a,0,5.35890000000586,73,45,-52,99,1,-43,22,19,3,53.55993528,59.35205697,-5.792121696,-52,-43,-9,-0.56,0.43,-0.99,FALSE
17,60,female,34,new,a,0,1.5584000000060314,72,42,-20,78,6,-17,31.33333333,22.33333333,9,38.30868773,40.46672158,-2.158033852,-20,-17,-3,-0.4,0.54,-0.94,FALSE
17,60,female,35,new,a,0,3.59050000000002,89,36,-51,98,7,-49,24.66666667,18.66666667,6,57.71385353,60.5768566,-2.863003074,-51,-49,-2,-0.29,0.28,-0.57,FALSE
17,60,female,36,new,a,0,3.977700000002869,82,49,-19,98,16,-11,37.33333333,34.33333333,3,42.05023451,46.34891824,-4.298683734,-19,-11,-8,-0.39,0.53,-0.92,FALSE
17,60,female,37,new,a,0,3.972899999991114,59,30,-17,77,20,-7,24,30,-6,31.31559782,35.0142828,-3.698684983,-17,-7,-10,-0.28,0.41,-0.69,FALSE
17,60,female,38,new,a,0,4.260200000002897,43,31,-49,75,8,-40,8.333333333,14.33333333,-6,40.83571422,47.16166051,-6.325946295,-49,-40,-9,-0.66,0.2,-0.86,FALSE
17,60,female,39,new,a,0,2.4423999999910397,79,50,-10,95,17,-2,39.66666667,36.66666667,3,37.06151043,41.97088938,-4.90937895,-10,-2,-8,-0.4,0.6,-1,FALSE
17,60,female,40,new,b,1,4.929799999996931,62,44,-43,91,27,-37,21,27,-6,45.84757355,52.25578118,-6.408207634,-43,-37,-6,-0.63,0,-0.63,FALSE
17,60,female,41,new,a,0,3.844600000008768,80,48,-26,89,7,-21,34,25,9,44.39219151,46.6761895,-2.283997999,-26,-21,-5,-0.44,0.52,-0.96,FALSE
17,60,female,42,new,a,0,5.373300000011795,31,25,-52,57,4,-48,1.333333333,4.333333333,-3,37.79182745,42.86671851,-5.074891054,-52,-48,-4,-0.69,0.01,-0.7,FALSE
18,60,female,0,new,b,1,10.656899999856703,73,32,-44,95,17,-42,20.33333333,23.33333333,-3,48.47221426,56.10902086,-7.6368066,-44,-42,-2,-0.35,0.17,-0.52,FALSE
18,60,female,1,new,b,1,15.563299999952504,62,43,-86,99,27,-80,6.333333333,15.33333333,-9,65.74867975,73.54061614,-7.79193639,-86,-80,-6,-0.66,-0.23,-0.43,FALSE
18,60,female,2,new,a,0,10.258499999999913,75,60,-69,99,6,-66,22,13,9,64.63745044,67.54257916,-2.905128718,-69,-66,-3,-0.68,0.15,-0.83,FALSE
18,60,female,3,new,b,1,10.628999999999904,56,39,-80,86,11,-73,5,8,-3,60.50344343,64.94613152,-4.442688096,-80,-73,-7,-0.67,-0.07,-0.6,FALSE
18,60,female,4,new,b,1,10.570799999952214,67,58,-29,93,49,-19,32,41,-9,43.28972164,46.07240678,-2.782685138,-29,-19,-10,-0.68,-0.26,-0.42,FALSE
18,60,female,5,new,b,1,9.096299999952407,62,55,-78,93,7,-70,13,10,3,64.41014413,66.57827473,-2.168130606,-78,-70,-8,-0.7,0.07,-0.77,FALSE
18,60,female,6,new,b,1,20.04559999990488,56,49,-15,84,31,-7,30,36,-6,31.94787421,37.31844941,-5.370575202,-15,-7,-8,-0.68,0.2,-0.88,FALSE
18,60,female,7,new,a,0,22.65020000004733,76,38,-12,82,9,-7,34,28,6,36.037018,38.73843914,-2.701421131,-12,-7,-5,-0.17,0.62,-0.79,FALSE
18,60,female,8,new,a,0,7.056600000143135,86,35,-10,92,6,-5,37,31,6,39.2173431,43.36665386,-4.149310754,-10,-5,-5,0.08,0.67,-0.59,FALSE
18,60,female,9,new,b,1,11.750299999951949,57,33,-39,75,10,-34,17,17,0,40.79215611,44.77350407,-3.981347961,-39,-34,-5,-0.53,0.23,-0.76,FALSE
18,60,female,10,new,b,1,22.936299999952094,40,34,-14,62,29,-4,20,29,-9,24.16609195,26.94438717,-2.778295223,-14,-4,-10,-0.67,0,-0.67,FALSE
18,60,female,11,new,b,1,5.521799999952236,58,27,-28,78,17,-20,19,25,-6,35.56215217,40.40627014,-4.844117975,-28,-20,-8,-0.33,0.29,-0.62,FALSE
18,60,female,12,new,b,1,9.540600000143058,74,29,-58,96,13,-55,15,18,-3,54.79051013,61.74679479,-6.956284661,-58,-55,-3,-0.37,0.12,-0.49,FALSE
18,60,female,13,new,b,1,14.359099999904627,62,41,-30,88,24,-21,24.33333333,30.33333333,-6,39.36439452,44.723844,-5.359449486,-30,-21,-9,-0.56,0.21,-0.77,FALSE
18,60,female,14,new,a,0,9.68560000014304,65,35,-38,81,15,-34,20.66666667,20.66666667,0,43.25377312,47.1192341,-3.865460983,-38,-34,-4,-0.46,0.18,-0.64,FALSE
18,60,female,15,new,a,0,4.207199999809291,61,33,-4,66,7,-1,30,24,6,26.62079388,29.87752779,-3.25673391,-4,-1,-3,-0.17,0.67,-0.84,FALSE
18,60,female,16,new,b,1,3.592799999952149,41,39,-29,73,26,-21,17,26,-9,32.53715825,38.3753393,-5.838181059,-29,-21,-8,-0.71,0,-0.71,FALSE
18,60,female,17,new,b,1,8.543799999952626,59,17,-45,75,4,-39,10.33333333,13.33333333,-3,42.71871825,47.00590979,-4.287191544,-45,-39,-6,-0.23,0.29,-0.52,FALSE
18,60,female,18,new,b,1,11.956000000000133,66,55,-73,97,23,-63,16,19,-3,63.09252465,65.38093504,-2.28841039,-73,-63,-10,-0.69,-0.09,-0.6,FALSE
18,60,female,19,new,b,1,8.6850000000004,59,34,-23,76,30,-18,23.33333333,29.33333333,-6,34.31552936,38.37823457,-4.062705208,-23,-18,-5,-0.44,-0.03,-0.41,FALSE
18,60,female,20,new,a,0,14.498700000047847,65,61,-27,97,23,-21,33,33,0,42.45782221,48.68949236,-6.231670156,-27,-21,-6,-0.7,0.3,-1,FALSE
18,60,female,21,new,a,0,4.404200000047695,67,34,-14,82,3,-7,29,26,3,33.2565783,39.80787192,-6.551293622,-14,-7,-7,-0.22,0.67,-0.89,FALSE
18,60,female,22,new,b,1,14.72089999985701,76,31,-39,96,19,-29,22.66666667,28.66666667,-6,47.31689856,51.48678363,-4.169885078,-39,-29,-10,-0.26,0.28,-0.54,FALSE
18,60,female,23,new,b,1,3.42709999990484,51,25,-16,72,5,-8,20,23,-3,27.58018612,35.05234181,-7.47215569,-16,-8,-8,-0.27,0.63,-0.9,FALSE
18,60,female,24,new,a,0,9.282100000142693,74,56,-98,99,2,-96,10.66666667,1.666666667,9,77.18952145,79.60876557,-2.4192441160000002,-98,-96,-2,-0.68,-0.01,-0.67,FALSE
18,60,female,25,new,b,1,18.912899999857014,60,59,-71,98,2,-61,16,13,3,61.51964456,65.37583651,-3.856191956,-71,-61,-10,-0.71,0.25,-0.96,FALSE
18,60,female,26,new,a,0,6.408500000000004,73,35,-13,82,8,-4,31.66666667,28.66666667,3,35.18838192,38.02922853,-2.840846604,-13,-4,-9,-0.14,0.65,-0.79,FALSE
18,60,female,27,new,b,1,2.89520000004768,82,33,-22,91,7,-14,31,28,3,42.48136847,45.36518489,-2.883816424,-22,-14,-8,-0.07,0.6,-0.67,FALSE
18,60,female,28,new,a,0,6.33849999999984,83,36,-11,86,2,-7,36,27,9,38.3753393,41.88078318,-3.505443879,-11,-7,-4,0,0.68,-0.68,FALSE
18,60,female,29,new,b,1,16.032000000000153,72,24,-26,91,16,-19,23.33333333,29.33333333,-6,40.01110957,45.88633299,-5.875223425,-26,-19,-7,-0.02,0.41,-0.43,FALSE
18,60,female,30,new,b,1,3.2178999998568543,59,53,-70,91,2,-60,14,11,3,59.44745579,61.97311245,-2.525656659,-70,-60,-10,-0.7,0.21,-0.91,FALSE
18,60,female,31,new,a,0,6.034200000047804,63,62,-52,88,34,-49,24.33333333,24.33333333,0,53.97736151,56.34615239,-2.368790878,-52,-49,-3,-0.71,-0.25,-0.46,FALSE
18,60,female,32,new,a,0,10.988299999952687,70,31,-60,87,5,-51,13.66666667,13.66666667,0,54.46915539,56.6705881,-2.20143271,-60,-51,-9,-0.45,0.23,-0.68,FALSE
18,60,female,34,new,a,0,11.351400000095056,82,41,-36,94,3,-28,29,23,6,48.91489207,51.77515492,-2.860262842,-36,-28,-8,-0.35,0.52,-0.87,FALSE
18,60,female,35,new,a,0,17.505399999857218,94,45,-8,97,10,-3,43.66666667,34.66666667,9,41.65199742,44.39469438,-2.74269696,-8,-3,-5,-0.05,0.66,-0.71,FALSE
18,60,female,36,new,b,1,3.236699999809389,35,19,-36,66,5,-26,6,15,-9,30.40833219,38.21866909,-7.810336894,-36,-26,-10,-0.56,0.37,-0.93,FALSE
18,60,female,37,new,b,1,4.346599999904356,75,51,-33,96,10,-31,31,25,6,46.30334761,52.92132525,-6.617977643,-33,-31,-2,-0.57,0.4,-0.97,FALSE
18,60,female,38,new,a,0,9.282799999952658,83,52,-36,96,9,-33,33,24,9,50.4050262,53.72150407,-3.31647787,-36,-33,-3,-0.51,0.4,-0.91,FALSE
18,60,female,39,new,b,1,11.021999999999936,45,40,-49,77,30,-44,12,21,-9,43.18178628,49.80629144,-6.624505153,-49,-44,-5,-0.7,-0.27,-0.43,FALSE
18,60,female,40,new,a,0,9.069299999952364,85,45,-46,95,4,-42,28,19,9,54.81483984,56.92685365,-2.112013812,-46,-42,-4,-0.44,0.38,-0.82,FALSE
18,60,female,41,new,b,1,4.938800000190895,71,36,-38,93,11,-35,23,23,0,45.43860326,52.94021786,-7.501614591,-38,-35,-3,-0.41,0.33,-0.74,FALSE
18,60,female,42,new,a,0,3.5949000000950946,84,38,-47,98,2,-43,25,19,6,54.26478293,58.80476171,-4.53997878,-47,-43,-4,-0.35,0.41,-0.76,FALSE
18,60,female,0,old,a,0,16.3154999999997,88,17,-44,82,43,-37,20.33333333,29.33333333,-9,53.94029621,49.5333782,4.406918017,-44,-37,-7,0.09,-0.39,0.48,FALSE
18,60,female,1,old,b,1,4.837500000000091,53,8,-34,41,23,-28,9,12,-3,35.52463934,29.22327839,6.301360944,-34,-28,-6,0.04,-0.51,0.55,FALSE
18,60,female,2,old,a,0,3.861499999999978,81,24,-16,74,4,-7,29.66666667,23.66666667,6,39.80228916,35.8732336,3.929055559,-16,-7,-9,0.21,0.66,-0.45,FALSE
18,60,female,3,old,a,0,5.413500000000113,80,10,-63,59,46,-60,9,15,-6,58.3837877,53.2979049,5.085882805,-63,-60,-3,-0.03,-0.68,0.65,FALSE
18,60,female,4,old,a,0,3.4749000000956585,98,41,-24,75,68,-19,38.33333333,41.33333333,-3,49.8419725,42.75771535,7.084257142,-24,-19,-5,-0.08,-0.69,0.61,FALSE
18,60,female,5,old,b,1,4.348600000143051,91,75,-12,94,55,-4,51.33333333,48.33333333,3,45.25728916,40.28509512,4.97219404,-12,-4,-8,-0.64,-0.24,-0.4,FALSE
18,60,female,6,old,b,1,2.119499999999789,90,44,-48,88,16,-45,28.66666667,19.66666667,9,57.37207993,54.3588897,3.013190235,-48,-45,-3,-0.38,0.1,-0.48,FALSE
18,60,female,7,old,a,0,4.54620000004752,95,48,-30,71,67,-25,37.66666667,37.66666667,0,51.55148451,44.3421044,7.209380118,-30,-25,-5,-0.29,-0.7,0.41,FALSE
18,60,female,8,old,b,1,2.105700000047364,99,51,-13,95,36,-3,45.66666667,42.66666667,3,45.87906809,40.28509512,5.59397297,-13,-3,-10,-0.17,0.24,-0.41,FALSE
18,60,female,9,old,a,0,10.591299999952298,83,50,-11,85,29,-1,40.66666667,37.66666667,3,38.93869826,35.64017708,3.298521182,-11,-1,-10,-0.35,0.35,-0.7,FALSE
18,60,female,10,old,a,0,7.419200000047567,94,70,-40,98,38,-30,41.33333333,35.33333333,6,58.33999962,52.2897908,6.050208816,-40,-30,-10,-0.62,-0.08,-0.54,FALSE
18,60,female,11,old,a,0,5.788700000047811,53,9,-17,37,30,-13,15,18,-3,28.89059824,22.10580618,6.784792065,-17,-13,-4,0.3,-0.65,0.95,FALSE
18,60,female,12,old,a,0,3.2772999999519925,66,31,-13,68,19,-3,28,28,0,32.3213036,29.67602849,2.645275119,-13,-3,-10,-0.14,0.43,-0.57,FALSE
18,60,female,13,old,b,1,4.58709999990424,88,33,-10,73,59,-3,37,43,-6,40.10818703,33.02524287,7.082944157,-10,-3,-7,0.15,-0.61,0.76,FALSE
18,60,female,14,old,b,1,12.741999999999734,93,31,-8,70,68,-4,38.66666667,44.66666667,-6,41.5879256,34.42221505,7.165710549,-8,-4,-4,0.27,-0.71,0.98,FALSE
18,60,female,15,old,b,1,3.02740000009544,70,12,-66,45,34,-63,5.333333333,5.333333333,0,55.72152985,48.52719741,7.194332436,-66,-63,-3,-0.18,-0.68,0.5,FALSE
18,60,female,16,old,b,1,1.909200000047804,67,11,-13,61,36,-5,21.66666667,30.66666667,-9,33.51948024,27.20702524,6.312455003,-13,-5,-8,0.45,-0.29,0.74,FALSE
18,60,female,17,old,b,1,3.716900000095393,91,54,-88,96,14,-80,19,10,9,77.1535266,71.90734779,5.246178806,-88,-80,-8,-0.59,-0.08,-0.51,FALSE
18,60,female,18,old,b,1,2.301700000047731,64,24,-23,50,35,-20,21.66666667,21.66666667,0,35.55590278,30.09245014,5.463452634,-23,-20,-3,-0.1,-0.58,0.48,FALSE
18,60,female,19,old,a,0,2.7029999999999745,61,54,-82,79,11,-75,11,5,6,65.82299497,63.01322612,2.809768844,-82,-75,-7,-0.7,-0.14,-0.56,FALSE
18,60,female,20,old,b,1,1.7390000000000327,68,25,-12,60,2,-8,27,18,9,32.69046752,29.97776954,2.712697979,-12,-8,-4,0.09,0.65,-0.56,FALSE
18,60,female,21,old,a,0,2.3189000000952547,99,35,-16,88,50,-11,39.33333333,42.33333333,-3,47.0484384,40.77853466,6.269903738,-16,-11,-5,0.14,-0.28,0.42,FALSE
18,60,female,22,old,a,0,3.454799999952229,85,2,-81,57,52,-76,2,11,-9,67.76921622,61.55214591,6.217070303,-81,-76,-5,0,-0.7,0.7,FALSE
18,60,female,23,old,b,1,1.7593000001907058,92,60,-21,99,43,-11,43.66666667,43.66666667,0,47.55581516,44.90978611,2.646029045,-21,-11,-10,-0.47,0.02,-0.49,FALSE
18,60,female,24,old,b,1,2.9211000001428147,93,58,-8,94,41,-1,47.66666667,44.66666667,3,41.87547678,38.87015422,3.005322563,-8,-1,-7,-0.36,0.14,-0.5,FALSE
18,60,female,25,old,b,1,1.9062000000476476,91,81,-24,99,44,-22,49.33333333,40.33333333,9,52.01495511,49.46603773,2.548917383,-24,-22,-2,-0.69,-0.11,-0.58,FALSE
18,60,female,27,old,a,0,0.7775999999043961,74,43,-22,76,14,-13,31.66666667,25.66666667,6,40.00277768,37.25885428,2.743923402,-22,-13,-9,-0.4,0.44,-0.84,FALSE
18,60,female,28,old,a,0,1.1342000000477128,56,42,-72,65,9,-66,8.666666667,2.666666667,6,57.32558087,53.66770185,3.657879018,-72,-66,-6,-0.68,-0.18,-0.5,FALSE
18,60,female,29,old,b,1,1.7268000001909058,83,23,-56,70,49,-51,16.66666667,22.66666667,-6,56.92294987,52.7909925,4.131957375,-56,-51,-5,-0.17,-0.62,0.45,FALSE
18,60,female,30,old,b,1,7.722900000095251,67,19,-22,60,38,-16,21.33333333,27.33333333,-6,36.37153955,31.93048004,4.441059506,-22,-16,-6,0.1,-0.46,0.56,FALSE
18,60,female,31,old,b,1,2.660299999952258,84,27,-36,73,4,-29,25,16,9,49.01020302,42.49705872,6.513144298,-36,-29,-7,-0.06,0.4,-0.46,FALSE
18,60,female,32,old,b,1,2.4877000000474254,69,24,-23,60,43,-15,23.33333333,29.33333333,-6,37.56180093,32.10745846,5.454342465,-23,-15,-8,-0.03,-0.56,0.53,FALSE
18,60,female,33,old,b,1,2.8812999999527165,80,2,-60,69,30,-50,7.333333333,16.33333333,-9,57.27904406,49.5333782,7.745665868,-60,-50,-10,0.14,-0.39,0.53,FALSE
18,60,female,34,old,b,1,1.3511999998095234,55,15,-13,42,31,-7,19,22,-3,27.90459938,20.99206199,6.91253739,-13,-7,-6,0.21,-0.56,0.77,FALSE
18,60,female,35,old,b,1,2.695099999904869,76,3,-64,59,38,-55,5,14,-9,57.17225434,49.53786431,7.634390037,-64,-55,-9,0.05,-0.61,0.66,FALSE
18,60,female,36,old,b,1,5.33529999995244,77,25,-58,53,45,-54,14.66666667,14.66666667,0,55.59576323,48.66438351,6.93137972,-58,-54,-4,-0.27,-0.69,0.42,FALSE
18,60,female,37,old,b,1,1.9602000000477344,75,4,-67,57,43,-61,4,13,-9,57.97125725,52.63712252,5.334134731,-67,-61,-6,0,-0.67,0.67,FALSE
18,60,female,38,old,b,1,2.355999999999767,97,58,-61,98,20,-51,31.33333333,22.33333333,9,67.20284386,60.85136719,6.351476665,-61,-51,-10,-0.53,0.06,-0.59,FALSE
18,60,female,39,old,b,1,2.683200000047691,91,67,-10,95,46,-2,49.33333333,46.33333333,3,43.08389748,39.60078563,3.483111855,-10,-2,-8,-0.55,0.01,-0.56,FALSE
18,60,female,40,old,a,0,5.158899999857113,63,2,-47,49,23,-45,6,9,-3,44.99629614,39.63163719,5.36465895,-47,-45,-2,0.13,-0.49,0.62,FALSE
18,60,female,41,old,b,1,3.377700000047753,93,64,-10,95,40,-6,49,43,6,43.36665386,41.28760912,2.079044738,-10,-6,-4,-0.48,0.11,-0.59,FALSE
18,60,female,42,old,b,1,1.148299999952087,80,72,-12,88,45,-2,46.66666667,43.66666667,3,41.61196409,36.7544404,4.857523695,-12,-2,-10,-0.69,-0.05,-0.64,FALSE
18,60,female,0,new,b,1,3.462700000047789,43,31,-49,75,8,-40,8.333333333,14.33333333,-6,40.83571422,47.16166051,-6.325946295,-49,-40,-9,-0.66,0.2,-0.86,FALSE
18,60,female,1,new,b,1,2.1012999999520616,85,51,-7,92,14,-4,43,34,9,37.98245209,41.66533331,-3.682881223,-7,-4,-3,-0.31,0.61,-0.92,FALSE
18,60,female,2,new,b,1,1.7792000000476946,45,26,-62,73,18,-55,3,12,-9,46.61187259,52.42772803,-5.815855439,-62,-55,-7,-0.62,-0.17,-0.45,FALSE
18,60,female,3,new,b,1,1.5557999999523418,75,48,-36,95,7,-33,29,23,6,47.26520919,53.46650042,-6.201291223,-36,-33,-3,-0.54,0.42,-0.96,FALSE
18,60,female,4,new,b,1,1.1835000000000946,73,53,-41,99,7,-39,28.33333333,22.33333333,6,49.70133019,57.37207993,-7.670749745,-41,-39,-2,-0.62,0.38,-1,FALSE
18,60,female,5,new,b,1,0.9834000000951164,87,54,-16,96,14,-12,41.66666667,32.66666667,9,42.94440851,46.02414825,-3.079739742,-16,-12,-4,-0.41,0.54,-0.95,FALSE
18,60,female,6,new,b,1,1.5646000001434004,44,36,-47,66,12,-45,11,11,0,41.14203041,45.32107677,-4.17904636,-47,-45,-2,-0.69,-0.03,-0.66,FALSE
18,60,female,7,new,b,1,2.0939000000953456,69,45,-22,90,19,-17,30.66666667,30.66666667,0,38.50829636,44.45472103,-5.94642467,-22,-17,-5,-0.51,0.38,-0.89,FALSE
18,60,female,8,new,b,1,1.1559000000956985,88,50,-27,96,11,-23,37,28,9,47.84001115,50.04664491,-2.206633761,-27,-23,-4,-0.39,0.47,-0.86,FALSE
18,60,female,9,new,b,1,3.675499999999829,47,44,-54,78,9,-50,12.33333333,12.33333333,0,46.92073695,52.3089115,-5.388174553,-54,-50,-4,-0.7,0.1,-0.8,FALSE
18,60,female,10,new,b,1,0.9951000001428838,59,30,-17,77,20,-7,24,30,-6,31.31559782,35.0142828,-3.698684983,-17,-7,-10,-0.28,0.41,-0.69,FALSE
18,60,female,11,new,b,1,1.1547000000473415,54,51,-50,87,14,-46,18.33333333,18.33333333,0,48.33448274,54.3834125,-6.048929759,-50,-46,-4,-0.71,0.12,-0.83,FALSE
18,60,female,12,new,b,1,0.9639999999999418,38,17,-31,62,16,-27,8,17,-9,28.87905816,36.34097779,-7.461919633,-31,-27,-4,-0.44,0.04,-0.48,FALSE
18,60,female,14,new,b,1,1.4147000000480148,42,23,-11,63,18,-9,18,24,-6,21.92411154,29.69848481,-7.774373273,-11,-9,-2,-0.33,0.29,-0.62,FALSE
18,60,female,15,new,b,1,1.2479999999995923,68,52,-62,94,9,-54,19.33333333,16.33333333,3,57.88110419,60.64285247,-2.761748279,-62,-54,-8,-0.67,0.18,-0.85,FALSE
18,60,female,16,new,a,0,0.7882000000477092,49,45,-36,87,24,-26,19.33333333,28.33333333,-9,39.16063783,46.23370584,-7.073068005,-36,-26,-10,-0.7,0.14,-0.84,FALSE
18,60,female,17,new,b,1,0.972799999952258,80,48,-26,89,7,-21,34,25,9,44.39219151,46.6761895,-2.283997999,-26,-21,-5,-0.44,0.52,-0.96,FALSE
18,60,female,18,new,b,1,1.350500000000011,69,50,-40,89,13,-32,26.33333333,23.33333333,3,47.54179448,49.93551397,-2.393719493,-40,-32,-8,-0.62,0.3,-0.92,FALSE
18,60,female,19,new,b,1,1.568499999999858,31,25,-52,57,4,-48,1.333333333,4.333333333,-3,37.79182745,42.86671851,-5.074891054,-52,-48,-4,-0.69,0.01,-0.7,FALSE
18,60,female,20,new,b,1,0.9617000000475856,86,41,-34,96,4,-25,31,25,6,49.49747468,51.58165048,-2.084175801,-34,-25,-9,-0.29,0.54,-0.83,FALSE
18,60,female,21,new,b,1,1.1515999999046471,38,36,-51,71,20,-41,7.666666667,16.66666667,-9,41.49163236,45.78451946,-4.292887105,-51,-41,-10,-0.71,-0.11,-0.6,FALSE
18,60,female,22,new,b,1,2.2957999999521235,32,24,-44,60,15,-36,4,13,-9,34.09789827,39.2173431,-5.119444829,-44,-36,-8,-0.68,-0.08,-0.6,FALSE
18,60,female,23,new,b,1,1.313599999904909,72,24,-83,93,6,-77,4.333333333,7.333333333,-3,64.78854494,69.40861298,-4.620068037,-83,-77,-6,-0.43,0.03,-0.46,FALSE
18,60,female,24,new,b,1,3.2720000000003893,62,44,-43,91,27,-37,21,27,-6,45.84757355,52.25578118,-6.408207634,-43,-37,-6,-0.63,0,-0.63,FALSE
18,60,female,25,new,b,1,1.1344000000949563,37,15,-44,59,10,-34,2.666666667,11.66666667,-9,34.19876541,37.9853773,-3.786611894,-44,-34,-10,-0.49,0.07,-0.56,FALSE
18,60,female,26,new,a,0,0.7714999999998327,86,32,-13,90,5,-8,35,29,6,40.47221269,43.45879274,-2.986580053,-13,-8,-5,0.11,0.66,-0.55,FALSE
18,60,female,27,new,b,1,1.5287000000480475,73,23,-91,92,2,-89,1.666666667,1.666666667,0,68.63105873,73.89331649,-5.262257764,-91,-89,-2,-0.44,-0.01,-0.43,FALSE
18,60,female,28,new,b,1,1.9672999999525016,72,42,-20,78,6,-17,31.33333333,22.33333333,9,38.30868773,40.46672158,-2.158033852,-20,-17,-3,-0.4,0.54,-0.94,FALSE
18,60,female,29,new,b,1,1.1590999999048108,80,38,-19,90,6,-15,33,27,6,40.57092555,45.36518489,-4.794259339,-19,-15,-4,-0.18,0.6,-0.78,FALSE
18,60,female,30,new,b,1,0.760799999952269,82,49,-19,98,16,-11,37.33333333,34.33333333,3,42.05023451,46.34891824,-4.298683734,-19,-11,-8,-0.39,0.53,-0.92,FALSE
18,60,female,31,new,b,1,2.148799999952189,66,47,-58,95,21,-52,18.33333333,21.33333333,-3,54.53031777,60.01296156,-5.482643798,-58,-52,-6,-0.64,0.01,-0.65,FALSE
18,60,female,32,new,b,1,3.094599999904858,54,34,-67,84,8,-62,7,10,-3,52.95910372,59.62102537,-6.661921656,-67,-62,-5,-0.63,0.05,-0.68,FALSE
18,60,female,33,new,a,0,1.004599999904258,56,21,-48,76,2,-40,9.666666667,12.66666667,-3,43.20750964,47.95368136,-4.74617172,-48,-40,-8,-0.38,0.32,-0.7,FALSE
18,60,female,34,new,b,1,1.5352999999527128,89,36,-51,98,7,-49,24.66666667,18.66666667,6,57.71385353,60.5768566,-2.863003074,-51,-49,-2,-0.29,0.28,-0.57,FALSE
18,60,female,35,new,b,1,1.3589999999999236,79,50,-10,95,17,-2,39.66666667,36.66666667,3,37.06151043,41.97088938,-4.90937895,-10,-2,-8,-0.4,0.6,-1,FALSE
18,60,female,36,new,b,1,2.645599999904789,44,31,-57,70,16,-50,6,12,-6,44.86275367,49.07137659,-4.208622918,-57,-50,-7,-0.66,-0.12,-0.54,FALSE
18,60,female,37,new,b,1,2.0715000000000146,78,57,-50,98,6,-46,28.33333333,19.33333333,9,56.04958123,59.5389695,-3.489388273,-50,-46,-4,-0.63,0.32,-0.95,FALSE
18,60,female,38,new,b,1,1.124199999809207,73,45,-52,99,1,-43,22,19,3,53.55993528,59.35205697,-5.792121696,-52,-43,-9,-0.56,0.43,-0.99,FALSE
18,60,female,39,new,b,1,1.1970000000001164,68,60,-38,99,37,-28,30,36,-6,48.19405219,51.85235449,-3.658302303,-38,-28,-10,-0.69,-0.03,-0.66,FALSE
18,60,female,40,new,b,1,1.3641000001430257,71,38,-70,91,1,-62,13,10,3,60.21627687,62.78534861,-2.56907174,-70,-62,-8,-0.55,0.21,-0.76,FALSE
18,60,female,41,new,b,1,2.669399999856978,53,40,-78,88,6,-70,5,8,-3,58.92933621,64.51873113,-5.589394916,-78,-70,-8,-0.68,0.05,-0.73,FALSE
18,60,female,42,new,b,1,1.1752000000474254,58,27,-46,74,5,-40,13,13,0,43.59663596,46.88283268,-3.286196723,-46,-40,-6,-0.45,0.25,-0.7,FALSE
18,60,female,1,old,b,1,1.1537000000475928,59,9,-67,40,31,-61,0.333333333,3.333333333,-3,51.80304581,45.63867755,6.164368259,-67,-61,-6,-0.25,-0.69,0.44,FALSE
18,60,female,2,old,b,1,1.2242999999525637,57,19,-12,42,29,-7,21.33333333,21.33333333,0,28.21740991,20.72572208,7.491687838,-12,-7,-5,0.12,-0.5,0.62,FALSE
18,60,female,3,old,b,1,2.4817000000475677,87,78,-16,94,52,-6,49.66666667,46.66666667,3,46.57848812,40.99864496,5.579843156,-16,-6,-10,-0.69,-0.19,-0.5,FALSE
18,60,female,4,old,b,1,1.7519999999999527,74,5,-55,57,19,-52,8,8,0,52.70673581,45.17373868,7.532997129,-55,-52,-3,0.09,-0.35,0.44,FALSE
18,60,female,5,old,b,1,1.146400000095127,65,57,-40,69,18,-32,27.33333333,18.33333333,9,47.72374205,41.23375101,6.489991045,-40,-32,-8,-0.69,0.01,-0.7,FALSE
18,60,female,6,old,b,1,1.1574000000950946,46,32,-39,42,9,-30,13,7,6,37.21110945,29.42787794,7.783231513,-39,-30,-9,-0.63,-0.1,-0.53,FALSE
18,60,female,7,old,b,1,1.3179000000955057,73,52,-43,84,13,-33,27.33333333,21.33333333,6,50.4667107,48.12714642,2.339564283,-43,-33,-10,-0.62,0.25,-0.87,FALSE
18,60,female,8,old,b,1,1.520499999999629,70,57,-28,78,40,-19,33,33,0,43.45879274,39.90822806,3.550564686,-28,-19,-9,-0.66,-0.26,-0.4,FALSE
18,60,female,9,old,b,1,0.9502999999522216,80,43,-35,75,18,-32,29.33333333,20.33333333,9,47.93282336,43.71371511,4.219108251,-35,-32,-3,-0.4,0.08,-0.48,FALSE
18,60,female,10,old,b,1,2.45510000014292,53,40,-11,50,25,-2,27.33333333,24.33333333,3,27.62044331,21.23414441,6.386298903,-11,-2,-9,-0.59,-0.05,-0.54,FALSE
18,60,female,11,old,b,1,1.1349000000950582,85,24,-45,67,54,-39,21.33333333,27.33333333,-6,53.10576449,47.20404879,5.901715701,-45,-39,-6,-0.08,-0.67,0.59,FALSE
18,60,female,12,old,b,1,1.1770000000001346,63,16,-47,44,40,-43,10.66666667,13.66666667,-3,45.0653846,40.10264608,4.962738522,-47,-43,-4,-0.18,-0.7,0.52,FALSE
18,60,female,13,old,b,1,1.75,61,12,-35,44,34,-31,12.66666667,15.66666667,-3,39.19467084,33.24989557,5.944775267,-35,-31,-4,0.03,-0.66,0.69,FALSE
18,60,female,14,old,b,1,1.17840000009528,79,16,-61,58,42,-57,11.33333333,14.33333333,-3,57.24993935,50.86146762,6.388471726,-61,-57,-4,-0.12,-0.65,0.53,FALSE
18,60,female,15,old,b,1,1.5311999998093595,57,44,-13,53,29,-3,29.33333333,26.33333333,3,30.40102337,22.93953405,7.461489329,-13,-3,-10,-0.61,-0.17,-0.44,FALSE
18,60,female,16,old,b,1,1.1201999998093015,98,42,-26,70,68,-24,38,38,0,50.70174224,43.84822307,6.853519172,-26,-24,-2,-0.12,-0.71,0.59,FALSE
18,60,female,17,old,b,1,1.7220000000002074,79,64,-29,81,28,-22,38,29,9,47.77028365,42.05551886,5.714764789,-29,-22,-7,-0.66,0.04,-0.7,FALSE
18,60,female,18,old,b,1,1.1463999998568395,58,38,-11,53,25,-2,28.33333333,25.33333333,3,28.98658694,22.45489306,6.531693879,-11,-2,-9,-0.46,0.02,-0.48,FALSE
18,60,female,19,old,b,1,4.839399999857051,79,13,-40,74,33,-37,17.33333333,23.33333333,-6,48.67808085,45.82818153,2.849899325,-40,-37,-3,0.13,-0.31,0.44,FALSE
18,60,female,20,old,b,1,2.1118000001906694,96,19,-78,77,43,-74,12.33333333,15.33333333,-3,71.19144768,64.67525716,6.516190515,-78,-74,-4,-0.14,-0.56,0.42,FALSE
18,60,female,21,old,b,1,1.3798999998571162,64,62,-48,70,29,-39,26,20,6,52.33227175,44.95182607,7.380445685,-48,-39,-9,-0.71,-0.29,-0.42,FALSE
18,60,female,22,old,b,1,1.0067000000476582,82,11,-76,60,51,-67,5.666666667,14.66666667,-9,64.61338011,57.86382482,6.749555292,-76,-67,-9,-0.12,-0.69,0.57,FALSE
18,60,female,23,old,b,1,1.347799999952258,92,2,-70,66,50,-65,8,17,-9,66.2721661,58.34952156,7.92264454,-70,-65,-5,0.14,-0.67,0.81,FALSE
18,60,female,24,old,b,1,2.691799999952309,78,43,-10,60,54,-3,37,37,0,36.17549815,28.39013913,7.785359021,-10,-3,-7,-0.24,-0.68,0.44,FALSE
18,60,female,25,old,b,1,1.4177000000477165,99,52,-13,90,75,-9,46,52,-6,45.92022067,43.56604182,2.354178852,-13,-9,-4,-0.19,-0.64,0.45,FALSE
18,60,female,26,old,b,1,1.4121999998092178,48,21,-20,41,36,-10,16.33333333,22.33333333,-6,27.95631513,22.9540604,5.002254727,-20,-10,-10,-0.25,-0.68,0.43,FALSE
18,60,female,27,old,b,1,1.2868000001908513,60,5,-41,53,30,-32,8,17,-9,41.28760912,35.89800366,5.389605459,-41,-32,-9,0.11,-0.5,0.61,FALSE
18,60,female,28,old,b,1,5.030499999999847,46,30,-55,47,6,-50,7,1,6,44.32456054,39.75759885,4.566961681,-55,-50,-5,-0.64,-0.19,-0.45,FALSE
18,60,female,29,old,b,1,4.629299999952309,56,8,-52,40,33,-43,4,10,-6,44.18144407,37.58545818,6.595985888,-52,-43,-9,-0.14,-0.69,0.55,FALSE
18,60,female,30,old,b,1,1.7105000000001382,48,3,-24,46,23,-15,9,18,-9,29.69848481,25.15286597,4.545618837,-24,-15,-9,0.29,-0.29,0.58,FALSE
18,60,female,31,old,b,1,1.135299999952622,70,51,-43,75,10,-34,26,17,9,49.40310382,44.77350407,4.629599747,-43,-34,-9,-0.63,0.23,-0.86,FALSE
18,60,female,32,old,b,1,2.5060999999045634,85,68,-15,91,43,-5,46,43,3,43.68828981,39.19183588,4.496453927,-15,-5,-10,-0.63,0,-0.63,FALSE
18,60,female,33,old,b,1,1.5772999999521744,53,8,-35,40,19,-33,8.666666667,8.666666667,0,35.92894222,30.68477726,5.244164957,-35,-33,-2,0.03,-0.47,0.5,FALSE
18,60,female,34,old,b,1,2.307599999904596,79,63,-12,80,36,-4,43.33333333,37.33333333,6,39.6680672,34.30581421,5.362252988,-12,-4,-8,-0.62,0.06,-0.68,FALSE
18,60,female,35,old,b,1,1.3627999999521307,79,40,-26,73,13,-20,31,22,9,43.33589736,38.49675311,4.83914425,-26,-20,-6,-0.3,0.34,-0.64,FALSE
18,60,female,36,old,b,1,0.9670000000000982,77,69,-21,82,39,-14,41.66666667,35.66666667,6,44.43222054,39.26264835,5.16957219,-21,-14,-7,-0.69,-0.13,-0.56,FALSE
18,60,female,37,old,b,1,1.9500999999045237,91,22,-54,72,61,-47,19.66666667,28.66666667,-9,59.21899095,53.69254035,5.526450601,-54,-47,-7,-0.06,-0.68,0.62,FALSE
18,60,female,38,old,b,1,0.9684999999999492,98,58,-16,96,41,-6,46.66666667,43.66666667,3,47.22522866,41.6839964,5.541232266,-16,-6,-10,-0.35,0.1,-0.45,FALSE
18,60,female,39,old,b,1,1.708599999904436,82,31,-53,64,62,-48,20,26,-6,55.6596802,52.33227175,3.327408449,-53,-48,-5,-0.29,-0.71,0.42,FALSE
18,60,female,40,old,b,1,1.2085999999048909,65,13,-18,61,36,-10,20,29,-9,34.24422092,29.40521496,4.839005967,-18,-10,-8,0.3,-0.34,0.64,FALSE
18,60,female,41,old,b,1,1.1792000000477856,91,79,-11,99,39,-6,53,44,9,45.51922671,43.01162634,2.507600372,-11,-6,-5,-0.67,0.17,-0.84,FALSE
18,60,female,42,old,b,1,0.9817000000475672,74,21,-46,56,42,-40,16.33333333,19.33333333,-3,49.10080334,42.34251869,6.758284654,-46,-40,-6,-0.14,-0.65,0.51,FALSE
19,22,other,0,old,b,1,43.35289999999986,70,12,-66,45,34,-63,5.333333333,5.333333333,0,55.72152985,48.52719741,7.194332436,-66,-63,-3,-0.18,-0.68,0.5,FALSE
19,22,other,1,old,b,1,28.41300000000001,80,2,-60,69,30,-50,7.333333333,16.33333333,-9,57.27904406,49.5333782,7.745665868,-60,-50,-10,0.14,-0.39,0.53,FALSE
19,22,other,2,old,b,1,13.927799999999875,67,11,-13,61,36,-5,21.66666667,30.66666667,-9,33.51948024,27.20702524,6.312455003,-13,-5,-8,0.45,-0.29,0.74,FALSE
19,22,other,3,old,a,0,45.79779999999983,91,67,-10,95,46,-2,49.33333333,46.33333333,3,43.08389748,39.60078563,3.483111855,-10,-2,-8,-0.55,0.01,-0.56,FALSE
19,22,other,4,old,a,0,13.757700000000227,91,75,-12,94,55,-4,51.33333333,48.33333333,3,45.25728916,40.28509512,4.97219404,-12,-4,-8,-0.64,-0.24,-0.4,FALSE
19,22,other,5,old,a,0,39.99839999999983,94,70,-40,98,38,-30,41.33333333,35.33333333,6,58.33999962,52.2897908,6.050208816,-40,-30,-10,-0.62,-0.08,-0.54,FALSE
19,22,other,6,old,a,0,17.352100000000064,99,51,-13,95,36,-3,45.66666667,42.66666667,3,45.87906809,40.28509512,5.59397297,-13,-3,-10,-0.17,0.24,-0.41,FALSE
19,22,other,7,old,b,1,24.58979999999985,77,25,-58,53,45,-54,14.66666667,14.66666667,0,55.59576323,48.66438351,6.93137972,-58,-54,-4,-0.27,-0.69,0.42,FALSE
19,22,other,8,old,a,0,15.259100000000103,81,24,-16,74,4,-7,29.66666667,23.66666667,6,39.80228916,35.8732336,3.929055559,-16,-7,-9,0.21,0.66,-0.45,FALSE
19,22,other,9,old,b,1,30.02370000000019,95,48,-30,71,67,-25,37.66666667,37.66666667,0,51.55148451,44.3421044,7.209380118,-30,-25,-5,-0.29,-0.7,0.41,FALSE
19,22,other,10,old,b,1,17.783200000000193,98,41,-24,75,68,-19,38.33333333,41.33333333,-3,49.8419725,42.75771535,7.084257142,-24,-19,-5,-0.08,-0.69,0.61,FALSE
19,22,other,11,old,b,1,28.243800000000306,88,33,-10,73,59,-3,37,43,-6,40.10818703,33.02524287,7.082944157,-10,-3,-7,0.15,-0.61,0.76,FALSE
19,22,other,12,old,a,0,21.152200000000107,61,54,-82,79,11,-75,11,5,6,65.82299497,63.01322612,2.809768844,-82,-75,-7,-0.7,-0.14,-0.56,FALSE
19,22,other,13,old,a,0,8.651399999999967,68,25,-12,60,2,-8,27,18,9,32.69046752,29.97776954,2.712697979,-12,-8,-4,0.09,0.65,-0.56,FALSE
19,22,other,14,old,b,1,41.75190000000032,92,60,-21,99,43,-11,43.66666667,43.66666667,0,47.55581516,44.90978611,2.646029045,-21,-11,-10,-0.47,0.02,-0.49,FALSE
19,22,other,15,old,a,0,16.028600000000097,93,64,-10,95,40,-6,49,43,6,43.36665386,41.28760912,2.079044738,-10,-6,-4,-0.48,0.11,-0.59,FALSE
19,22,other,16,old,a,0,7.80600000000004,91,54,-88,96,14,-80,19,10,9,77.1535266,71.90734779,5.246178806,-88,-80,-8,-0.59,-0.08,-0.51,FALSE
19,22,other,17,old,b,1,12.774499999999987,99,35,-16,88,50,-11,39.33333333,42.33333333,-3,47.0484384,40.77853466,6.269903738,-16,-11,-5,0.14,-0.28,0.42,FALSE
19,22,other,18,old,b,1,10.121199999999703,88,17,-44,82,43,-37,20.33333333,29.33333333,-9,53.94029621,49.5333782,4.406918017,-44,-37,-7,0.09,-0.39,0.48,FALSE
19,22,other,19,old,b,1,3.781899999999837,69,24,-23,60,43,-15,23.33333333,29.33333333,-6,37.56180093,32.10745846,5.454342465,-23,-15,-8,-0.03,-0.56,0.53,FALSE
19,22,other,20,old,b,1,26.617799999999875,64,24,-23,50,35,-20,21.66666667,21.66666667,0,35.55590278,30.09245014,5.463452634,-23,-20,-3,-0.1,-0.58,0.48,FALSE
19,22,other,21,old,b,1,21.97289999999998,63,2,-47,49,23,-45,6,9,-3,44.99629614,39.63163719,5.36465895,-47,-45,-2,0.13,-0.49,0.62,FALSE
19,22,other,22,old,b,1,6.289899999999875,67,19,-22,60,38,-16,21.33333333,27.33333333,-6,36.37153955,31.93048004,4.441059506,-22,-16,-6,0.1,-0.46,0.56,FALSE
19,22,other,24,old,a,0,7.905600000000163,97,58,-61,98,20,-51,31.33333333,22.33333333,9,67.20284386,60.85136719,6.351476665,-61,-51,-10,-0.53,0.06,-0.59,FALSE
19,22,other,25,old,a,0,9.783500000000004,90,44,-48,88,16,-45,28.66666667,19.66666667,9,57.37207993,54.3588897,3.013190235,-48,-45,-3,-0.38,0.1,-0.48,FALSE
19,22,other,26,old,b,1,13.64539999999988,83,23,-56,70,49,-51,16.66666667,22.66666667,-6,56.92294987,52.7909925,4.131957375,-56,-51,-5,-0.17,-0.62,0.45,FALSE
19,22,other,27,old,b,1,20.54470000000026,66,31,-13,68,19,-3,28,28,0,32.3213036,29.67602849,2.645275119,-13,-3,-10,-0.14,0.43,-0.57,FALSE
19,22,other,28,old,a,0,12.121600000000171,93,58,-8,94,41,-1,47.66666667,44.66666667,3,41.87547678,38.87015422,3.005322563,-8,-1,-7,-0.36,0.14,-0.5,FALSE
19,22,other,29,old,b,1,13.935499999999934,93,31,-8,70,68,-4,38.66666667,44.66666667,-6,41.5879256,34.42221505,7.165710549,-8,-4,-4,0.27,-0.71,0.98,FALSE
19,22,other,30,old,b,1,17.590799999999945,53,9,-17,37,30,-13,15,18,-3,28.89059824,22.10580618,6.784792065,-17,-13,-4,0.3,-0.65,0.95,FALSE
19,22,other,31,old,b,1,12.436400000000049,53,8,-34,41,23,-28,9,12,-3,35.52463934,29.22327839,6.301360944,-34,-28,-6,0.04,-0.51,0.55,FALSE
19,22,other,32,old,b,1,9.268499999999904,75,4,-67,57,43,-61,4,13,-9,57.97125725,52.63712252,5.334134731,-67,-61,-6,0,-0.67,0.67,FALSE
19,22,other,33,old,a,0,4.297800000000279,91,81,-24,99,44,-22,49.33333333,40.33333333,9,52.01495511,49.46603773,2.548917383,-24,-22,-2,-0.69,-0.11,-0.58,FALSE
19,22,other,34,old,b,1,5.213199999999688,85,2,-81,57,52,-76,2,11,-9,67.76921622,61.55214591,6.217070303,-81,-76,-5,0,-0.7,0.7,FALSE
19,22,other,35,old,a,0,10.659599999999728,84,27,-36,73,4,-29,25,16,9,49.01020302,42.49705872,6.513144298,-36,-29,-7,-0.06,0.4,-0.46,FALSE
19,22,other,36,old,a,0,5.383600000000115,80,72,-12,88,45,-2,46.66666667,43.66666667,3,41.61196409,36.7544404,4.857523695,-12,-2,-10,-0.69,-0.05,-0.64,FALSE
19,22,other,37,old,b,1,2.5370000000000346,76,3,-64,59,38,-55,5,14,-9,57.17225434,49.53786431,7.634390037,-64,-55,-9,0.05,-0.61,0.66,FALSE
19,22,other,38,old,a,0,6.028500000000122,74,43,-22,76,14,-13,31.66666667,25.66666667,6,40.00277768,37.25885428,2.743923402,-22,-13,-9,-0.4,0.44,-0.84,FALSE
19,22,other,39,old,b,1,6.828999999999951,55,15,-13,42,31,-7,19,22,-3,27.90459938,20.99206199,6.91253739,-13,-7,-6,0.21,-0.56,0.77,FALSE
19,22,other,40,old,a,0,26.84439999999995,56,42,-72,65,9,-66,8.666666667,2.666666667,6,57.32558087,53.66770185,3.657879018,-72,-66,-6,-0.68,-0.18,-0.5,FALSE
19,22,other,41,old,b,1,5.244199999999637,80,10,-63,59,46,-60,9,15,-6,58.3837877,53.2979049,5.085882805,-63,-60,-3,-0.03,-0.68,0.65,FALSE
19,22,other,42,old,a,0,18.637499999999815,83,50,-11,85,29,-1,40.66666667,37.66666667,3,38.93869826,35.64017708,3.298521182,-11,-1,-10,-0.35,0.35,-0.7,FALSE
19,22,other,0,new,a,0,15.786800000000312,73,32,-44,95,17,-42,20.33333333,23.33333333,-3,48.47221426,56.10902086,-7.6368066,-44,-42,-2,-0.35,0.17,-0.52,FALSE
19,22,other,1,new,a,0,8.514100000000099,76,38,-12,82,9,-7,34,28,6,36.037018,38.73843914,-2.701421131,-12,-7,-5,-0.17,0.62,-0.79,FALSE
19,22,other,2,new,a,0,12.475800000000165,71,36,-38,93,11,-35,23,23,0,45.43860326,52.94021786,-7.501614591,-38,-35,-3,-0.41,0.33,-0.74,FALSE
19,22,other,3,new,a,0,5.7905000000000655,94,45,-8,97,10,-3,43.66666667,34.66666667,9,41.65199742,44.39469438,-2.74269696,-8,-3,-5,-0.05,0.66,-0.71,FALSE
19,22,other,4,new,a,0,10.705699999999752,60,59,-71,98,2,-61,16,13,3,61.51964456,65.37583651,-3.856191956,-71,-61,-10,-0.71,0.25,-0.96,FALSE
19,22,other,5,new,a,0,12.251200000000154,65,35,-38,81,15,-34,20.66666667,20.66666667,0,43.25377312,47.1192341,-3.865460983,-38,-34,-4,-0.46,0.18,-0.64,FALSE
19,22,other,6,new,b,1,19.028600000000097,62,41,-30,88,24,-21,24.33333333,30.33333333,-6,39.36439452,44.723844,-5.359449486,-30,-21,-9,-0.56,0.21,-0.77,FALSE
19,22,other,7,new,a,0,11.790200000000368,70,31,-60,87,5,-51,13.66666667,13.66666667,0,54.46915539,56.6705881,-2.20143271,-60,-51,-9,-0.45,0.23,-0.68,FALSE
19,22,other,8,new,b,1,5.113499999999931,40,34,-14,62,29,-4,20,29,-9,24.16609195,26.94438717,-2.778295223,-14,-4,-10,-0.67,0,-0.67,FALSE
19,22,other,9,new,b,1,24.743999999999915,56,49,-15,84,31,-7,30,36,-6,31.94787421,37.31844941,-5.370575202,-15,-7,-8,-0.68,0.2,-0.88,FALSE
19,22,other,10,new,a,0,3.2057999999997264,83,36,-11,86,2,-7,36,27,9,38.3753393,41.88078318,-3.505443879,-11,-7,-4,0,0.68,-0.68,FALSE
19,22,other,11,new,a,0,8.835599999999886,73,35,-13,82,8,-4,31.66666667,28.66666667,3,35.18838192,38.02922853,-2.840846604,-13,-4,-9,-0.14,0.65,-0.79,FALSE
19,22,other,12,new,a,0,4.190200000000232,67,34,-14,82,3,-7,29,26,3,33.2565783,39.80787192,-6.551293622,-14,-7,-7,-0.22,0.67,-0.89,FALSE
19,22,other,13,new,a,0,5.466799999999921,82,41,-36,94,3,-28,29,23,6,48.91489207,51.77515492,-2.860262842,-36,-28,-8,-0.35,0.52,-0.87,FALSE
19,22,other,14,new,b,1,9.69010000000003,35,19,-36,66,5,-26,6,15,-9,30.40833219,38.21866909,-7.810336894,-36,-26,-10,-0.56,0.37,-0.93,FALSE
19,22,other,15,new,a,0,6.0904000000005,75,60,-69,99,6,-66,22,13,9,64.63745044,67.54257916,-2.905128718,-69,-66,-3,-0.68,0.15,-0.83,FALSE
19,22,other,16,new,a,0,4.805699999999661,74,56,-98,99,2,-96,10.66666667,1.666666667,9,77.18952145,79.60876557,-2.4192441160000002,-98,-96,-2,-0.68,-0.01,-0.67,FALSE
19,22,other,17,new,a,0,7.082600000000184,82,33,-22,91,7,-14,31,28,3,42.48136847,45.36518489,-2.883816424,-22,-14,-8,-0.07,0.6,-0.67,FALSE
19,22,other,18,new,a,0,16.697600000000193,74,29,-58,96,13,-55,15,18,-3,54.79051013,61.74679479,-6.956284661,-58,-55,-3,-0.37,0.12,-0.49,FALSE
19,22,other,19,new,a,0,19.405099999999948,63,62,-52,88,34,-49,24.33333333,24.33333333,0,53.97736151,56.34615239,-2.368790878,-52,-49,-3,-0.71,-0.25,-0.46,FALSE
19,22,other,20,new,b,1,27.505999999999855,56,39,-80,86,11,-73,5,8,-3,60.50344343,64.94613152,-4.442688096,-80,-73,-7,-0.67,-0.07,-0.6,FALSE
19,22,other,21,new,b,1,30.18249999999989,67,58,-29,93,49,-19,32,41,-9,43.28972164,46.07240678,-2.782685138,-29,-19,-10,-0.68,-0.26,-0.42,FALSE
19,22,other,22,new,b,1,11.837800000000245,45,40,-49,77,30,-44,12,21,-9,43.18178628,49.80629144,-6.624505153,-49,-44,-5,-0.7,-0.27,-0.43,FALSE
19,22,other,23,new,a,0,4.25649999999996,61,33,-4,66,7,-1,30,24,6,26.62079388,29.87752779,-3.25673391,-4,-1,-3,-0.17,0.67,-0.84,FALSE
19,22,other,24,new,a,0,3.5775000000001,75,51,-33,96,10,-31,31,25,6,46.30334761,52.92132525,-6.617977643,-33,-31,-2,-0.57,0.4,-0.97,FALSE
19,22,other,25,new,b,1,9.790300000000116,41,39,-29,73,26,-21,17,26,-9,32.53715825,38.3753393,-5.838181059,-29,-21,-8,-0.71,0,-0.71,FALSE
19,22,other,26,new,a,0,7.359299999999848,65,61,-27,97,23,-21,33,33,0,42.45782221,48.68949236,-6.231670156,-27,-21,-6,-0.7,0.3,-1,FALSE
19,22,other,27,new,a,0,9.666999999999916,62,55,-78,93,7,-70,13,10,3,64.41014413,66.57827473,-2.168130606,-78,-70,-8,-0.7,0.07,-0.77,FALSE
19,22,other,28,new,a,0,9.390600000000177,76,31,-39,96,19,-29,22.66666667,28.66666667,-6,47.31689856,51.48678363,-4.169885078,-39,-29,-10,-0.26,0.28,-0.54,FALSE
19,22,other,29,new,b,1,22.34389999999985,62,43,-86,99,27,-80,6.333333333,15.33333333,-9,65.74867975,73.54061614,-7.79193639,-86,-80,-6,-0.66,-0.23,-0.43,FALSE
19,22,other,30,new,b,1,31.807600000000093,66,55,-73,97,23,-63,16,19,-3,63.09252465,65.38093504,-2.28841039,-73,-63,-10,-0.69,-0.09,-0.6,FALSE
19,22,other,32,new,a,0,11.136799999999766,86,35,-10,92,6,-5,37,31,6,39.2173431,43.36665386,-4.149310754,-10,-5,-5,0.08,0.67,-0.59,FALSE
19,22,other,33,new,a,0,14.883200000000215,51,25,-16,72,5,-8,20,23,-3,27.58018612,35.05234181,-7.47215569,-16,-8,-8,-0.27,0.63,-0.9,FALSE
19,22,other,34,new,a,0,29.106699999999137,57,33,-39,75,10,-34,17,17,0,40.79215611,44.77350407,-3.981347961,-39,-34,-5,-0.53,0.23,-0.76,FALSE
19,22,other,35,new,a,0,3.5132999999998447,58,27,-28,78,17,-20,19,25,-6,35.56215217,40.40627014,-4.844117975,-28,-20,-8,-0.33,0.29,-0.62,FALSE
19,22,other,36,new,a,0,3.205799999999954,83,52,-36,96,9,-33,33,24,9,50.4050262,53.72150407,-3.31647787,-36,-33,-3,-0.51,0.4,-0.91,FALSE
19,22,other,37,new,a,0,1.898299999999836,85,45,-46,95,4,-42,28,19,9,54.81483984,56.92685365,-2.112013812,-46,-42,-4,-0.44,0.38,-0.82,FALSE
19,22,other,38,new,b,1,10.751699999999346,72,24,-26,91,16,-19,23.33333333,29.33333333,-6,40.01110957,45.88633299,-5.875223425,-26,-19,-7,-0.02,0.41,-0.43,FALSE
19,22,other,39,new,b,1,8.236699999999246,59,17,-45,75,4,-39,10.33333333,13.33333333,-3,42.71871825,47.00590979,-4.287191544,-45,-39,-6,-0.23,0.29,-0.52,FALSE
19,22,other,40,new,a,0,6.129500000000007,59,53,-70,91,2,-60,14,11,3,59.44745579,61.97311245,-2.525656659,-70,-60,-10,-0.7,0.21,-0.91,FALSE
19,22,other,41,new,a,0,6.559500000000071,84,38,-47,98,2,-43,25,19,6,54.26478293,58.80476171,-4.53997878,-47,-43,-4,-0.35,0.41,-0.76,FALSE
19,22,other,42,new,a,0,3.1057999999998174,59,34,-23,76,30,-18,23.33333333,29.33333333,-6,34.31552936,38.37823457,-4.062705208,-23,-18,-5,-0.44,-0.03,-0.41,FALSE
19,22,other,0,old,b,1,4.3624999999999545,60,5,-41,53,30,-32,8,17,-9,41.28760912,35.89800366,5.389605459,-41,-32,-9,0.11,-0.5,0.61,FALSE
19,22,other,1,old,b,1,3.244200000000092,48,3,-24,46,23,-15,9,18,-9,29.69848481,25.15286597,4.545618837,-24,-15,-9,0.29,-0.29,0.58,FALSE
19,22,other,2,old,a,0,6.744400000000496,53,40,-11,50,25,-2,27.33333333,24.33333333,3,27.62044331,21.23414441,6.386298903,-11,-2,-9,-0.59,-0.05,-0.54,FALSE
19,22,other,3,old,b,1,3.9513000000006286,85,24,-45,67,54,-39,21.33333333,27.33333333,-6,53.10576449,47.20404879,5.901715701,-45,-39,-6,-0.08,-0.67,0.59,FALSE
19,22,other,4,old,b,1,4.160400000000436,57,19,-12,42,29,-7,21.33333333,21.33333333,0,28.21740991,20.72572208,7.491687838,-12,-7,-5,0.12,-0.5,0.62,FALSE
19,22,other,5,old,b,1,4.266899999999396,74,21,-46,56,42,-40,16.33333333,19.33333333,-3,49.10080334,42.34251869,6.758284654,-46,-40,-6,-0.14,-0.65,0.51,FALSE
19,22,other,6,old,a,0,5.229400000000396,46,32,-39,42,9,-30,13,7,6,37.21110945,29.42787794,7.783231513,-39,-30,-9,-0.63,-0.1,-0.53,FALSE
19,22,other,7,old,b,1,5.89009999999962,65,13,-18,61,36,-10,20,29,-9,34.24422092,29.40521496,4.839005967,-18,-10,-8,0.3,-0.34,0.64,FALSE
19,22,other,8,old,b,1,2.792200000000093,48,21,-20,41,36,-10,16.33333333,22.33333333,-6,27.95631513,22.9540604,5.002254727,-20,-10,-10,-0.25,-0.68,0.43,FALSE
19,22,other,9,old,a,0,4.21329999999989,65,57,-40,69,18,-32,27.33333333,18.33333333,9,47.72374205,41.23375101,6.489991045,-40,-32,-8,-0.69,0.01,-0.7,FALSE
19,22,other,10,old,a,0,2.6517000000003463,79,40,-26,73,13,-20,31,22,9,43.33589736,38.49675311,4.83914425,-26,-20,-6,-0.3,0.34,-0.64,FALSE
19,22,other,11,old,a,0,4.344599999999446,85,68,-15,91,43,-5,46,43,3,43.68828981,39.19183588,4.496453927,-15,-5,-10,-0.63,0,-0.63,FALSE
19,22,other,12,old,a,0,7.913700000000063,77,69,-21,82,39,-14,41.66666667,35.66666667,6,44.43222054,39.26264835,5.16957219,-21,-14,-7,-0.69,-0.13,-0.56,FALSE
19,22,other,13,old,a,0,33.84469999999919,98,42,-26,70,68,-24,38,38,0,50.70174224,43.84822307,6.853519172,-26,-24,-2,-0.12,-0.71,0.59,FALSE
19,22,other,14,old,b,1,12.6903999999995,79,13,-40,74,33,-37,17.33333333,23.33333333,-6,48.67808085,45.82818153,2.849899325,-40,-37,-3,0.13,-0.31,0.44,FALSE
19,22,other,15,old,b,1,5.05170000000021,78,43,-10,60,54,-3,37,37,0,36.17549815,28.39013913,7.785359021,-10,-3,-7,-0.24,-0.68,0.44,FALSE
19,22,other,16,old,b,1,6.389599999999518,92,2,-70,66,50,-65,8,17,-9,66.2721661,58.34952156,7.92264454,-70,-65,-5,0.14,-0.67,0.81,FALSE
19,22,other,17,old,b,1,4.859700000000203,74,5,-55,57,19,-52,8,8,0,52.70673581,45.17373868,7.532997129,-55,-52,-3,0.09,-0.35,0.44,FALSE
19,22,other,18,old,a,0,3.628700000000208,79,64,-29,81,28,-22,38,29,9,47.77028365,42.05551886,5.714764789,-29,-22,-7,-0.66,0.04,-0.7,FALSE
19,22,other,19,old,a,0,3.3279999999999745,70,51,-43,75,10,-34,26,17,9,49.40310382,44.77350407,4.629599747,-43,-34,-9,-0.63,0.23,-0.86,FALSE
19,22,other,20,old,a,0,4.513500000000022,64,62,-48,70,29,-39,26,20,6,52.33227175,44.95182607,7.380445685,-48,-39,-9,-0.71,-0.29,-0.42,FALSE
19,22,other,21,old,b,1,4.0982000000001335,96,19,-78,77,43,-74,12.33333333,15.33333333,-3,71.19144768,64.67525716,6.516190515,-78,-74,-4,-0.14,-0.56,0.42,FALSE
19,22,other,22,old,b,1,7.020399999999427,63,16,-47,44,40,-43,10.66666667,13.66666667,-3,45.0653846,40.10264608,4.962738522,-47,-43,-4,-0.18,-0.7,0.52,FALSE
19,22,other,23,old,a,0,3.405599999999822,46,30,-55,47,6,-50,7,1,6,44.32456054,39.75759885,4.566961681,-55,-50,-5,-0.64,-0.19,-0.45,FALSE
19,22,other,24,old,a,0,5.451400000000376,73,52,-43,84,13,-33,27.33333333,21.33333333,6,50.4667107,48.12714642,2.339564283,-43,-33,-10,-0.62,0.25,-0.87,FALSE
19,22,other,25,old,b,1,5.921099999999569,99,52,-13,90,75,-9,46,52,-6,45.92022067,43.56604182,2.354178852,-13,-9,-4,-0.19,-0.64,0.45,FALSE
19,22,other,26,old,b,1,3.506899999999405,59,9,-67,40,31,-61,0.333333333,3.333333333,-3,51.80304581,45.63867755,6.164368259,-67,-61,-6,-0.25,-0.69,0.44,FALSE
19,22,other,27,old,a,0,9.05230000000074,87,78,-16,94,52,-6,49.66666667,46.66666667,3,46.57848812,40.99864496,5.579843156,-16,-6,-10,-0.69,-0.19,-0.5,FALSE
19,22,other,29,old,a,0,5.875299999999925,79,63,-12,80,36,-4,43.33333333,37.33333333,6,39.6680672,34.30581421,5.362252988,-12,-4,-8,-0.62,0.06,-0.68,FALSE
19,22,other,30,old,b,1,23.467799999999897,53,8,-35,40,19,-33,8.666666667,8.666666667,0,35.92894222,30.68477726,5.244164957,-35,-33,-2,0.03,-0.47,0.5,FALSE
19,22,other,31,old,b,1,5.228900000000294,82,31,-53,64,62,-48,20,26,-6,55.6596802,52.33227175,3.327408449,-53,-48,-5,-0.29,-0.71,0.42,FALSE
19,22,other,32,old,b,1,2.9442999999996573,82,11,-76,60,51,-67,5.666666667,14.66666667,-9,64.61338011,57.86382482,6.749555292,-76,-67,-9,-0.12,-0.69,0.57,FALSE
19,22,other,33,old,a,0,2.651499999999942,80,43,-35,75,18,-32,29.33333333,20.33333333,9,47.93282336,43.71371511,4.219108251,-35,-32,-3,-0.4,0.08,-0.48,FALSE
19,22,other,34,old,b,1,3.2840999999996257,56,8,-52,40,33,-43,4,10,-6,44.18144407,37.58545818,6.595985888,-52,-43,-9,-0.14,-0.69,0.55,FALSE
19,22,other,35,old,b,1,2.1973000000007232,91,22,-54,72,61,-47,19.66666667,28.66666667,-9,59.21899095,53.69254035,5.526450601,-54,-47,-7,-0.06,-0.68,0.62,FALSE
19,22,other,36,old,a,0,4.090699999999288,91,79,-11,99,39,-6,53,44,9,45.51922671,43.01162634,2.507600372,-11,-6,-5,-0.67,0.17,-0.84,FALSE
19,22,other,37,old,b,1,6.805700000000343,70,57,-28,78,40,-19,33,33,0,43.45879274,39.90822806,3.550564686,-28,-19,-9,-0.66,-0.26,-0.4,FALSE
19,22,other,38,old,a,0,4.42089999999962,58,38,-11,53,25,-2,28.33333333,25.33333333,3,28.98658694,22.45489306,6.531693879,-11,-2,-9,-0.46,0.02,-0.48,FALSE
19,22,other,39,old,b,1,4.821599999999762,61,12,-35,44,34,-31,12.66666667,15.66666667,-3,39.19467084,33.24989557,5.944775267,-35,-31,-4,0.03,-0.66,0.69,FALSE
19,22,other,40,old,a,0,8.70620000000008,98,58,-16,96,41,-6,46.66666667,43.66666667,3,47.22522866,41.6839964,5.541232266,-16,-6,-10,-0.35,0.1,-0.45,FALSE
19,22,other,41,old,b,1,5.828600000000506,79,16,-61,58,42,-57,11.33333333,14.33333333,-3,57.24993935,50.86146762,6.388471726,-61,-57,-4,-0.12,-0.65,0.53,FALSE
19,22,other,42,old,a,0,2.889499999999998,57,44,-13,53,29,-3,29.33333333,26.33333333,3,30.40102337,22.93953405,7.461489329,-13,-3,-10,-0.61,-0.17,-0.44,FALSE
19,22,other,0,new,b,1,4.963899999999512,45,26,-62,73,18,-55,3,12,-9,46.61187259,52.42772803,-5.815855439,-62,-55,-7,-0.62,-0.17,-0.45,FALSE
19,22,other,1,new,a,0,5.013500000000022,88,50,-27,96,11,-23,37,28,9,47.84001115,50.04664491,-2.206633761,-27,-23,-4,-0.39,0.47,-0.86,FALSE
19,22,other,2,new,a,0,3.3446000000005824,87,54,-16,96,14,-12,41.66666667,32.66666667,9,42.94440851,46.02414825,-3.079739742,-16,-12,-4,-0.41,0.54,-0.95,FALSE
19,22,other,3,new,a,0,1.9134999999998852,72,42,-20,78,6,-17,31.33333333,22.33333333,9,38.30868773,40.46672158,-2.158033852,-20,-17,-3,-0.4,0.54,-0.94,FALSE
19,22,other,4,new,a,0,5.428799999999683,89,36,-51,98,7,-49,24.66666667,18.66666667,6,57.71385353,60.5768566,-2.863003074,-51,-49,-2,-0.29,0.28,-0.57,FALSE
19,22,other,5,new,a,0,3.4212999999997464,78,57,-50,98,6,-46,28.33333333,19.33333333,9,56.04958123,59.5389695,-3.489388273,-50,-46,-4,-0.63,0.32,-0.95,FALSE
19,22,other,6,new,b,1,4.2824999999998,38,17,-31,62,16,-27,8,17,-9,28.87905816,36.34097779,-7.461919633,-31,-27,-4,-0.44,0.04,-0.48,FALSE
19,22,other,7,new,a,0,9.690400000000407,68,52,-62,94,9,-54,19.33333333,16.33333333,3,57.88110419,60.64285247,-2.761748279,-62,-54,-8,-0.67,0.18,-0.85,FALSE
19,22,other,8,new,b,1,5.728500000000167,49,45,-36,87,24,-26,19.33333333,28.33333333,-9,39.16063783,46.23370584,-7.073068005,-36,-26,-10,-0.7,0.14,-0.84,FALSE
19,22,other,9,new,a,0,5.020900000000438,44,31,-57,70,16,-50,6,12,-6,44.86275367,49.07137659,-4.208622918,-57,-50,-7,-0.66,-0.12,-0.54,FALSE
19,22,other,10,new,b,1,8.960900000000493,68,60,-38,99,37,-28,30,36,-6,48.19405219,51.85235449,-3.658302303,-38,-28,-10,-0.69,-0.03,-0.66,FALSE
19,22,other,11,new,b,1,6.136200000000372,58,27,-46,74,5,-40,13,13,0,43.59663596,46.88283268,-3.286196723,-46,-40,-6,-0.45,0.25,-0.7,FALSE
19,22,other,12,new,a,0,6.144000000000233,72,24,-83,93,6,-77,4.333333333,7.333333333,-3,64.78854494,69.40861298,-4.620068037,-83,-77,-6,-0.43,0.03,-0.46,FALSE
19,22,other,13,new,a,0,4.960099999999784,69,50,-40,89,13,-32,26.33333333,23.33333333,3,47.54179448,49.93551397,-2.393719493,-40,-32,-8,-0.62,0.3,-0.92,FALSE
19,22,other,14,new,a,0,3.105600000000777,86,32,-13,90,5,-8,35,29,6,40.47221269,43.45879274,-2.986580053,-13,-8,-5,0.11,0.66,-0.55,FALSE
19,22,other,15,new,a,0,5.175000000000182,42,23,-11,63,18,-9,18,24,-6,21.92411154,29.69848481,-7.774373273,-11,-9,-2,-0.33,0.29,-0.62,FALSE
19,22,other,16,new,a,0,5.128600000000461,79,50,-10,95,17,-2,39.66666667,36.66666667,3,37.06151043,41.97088938,-4.90937895,-10,-2,-8,-0.4,0.6,-1,FALSE
19,22,other,17,new,a,0,9.121400000000447,62,44,-43,91,27,-37,21,27,-6,45.84757355,52.25578118,-6.408207634,-43,-37,-6,-0.63,0,-0.63,FALSE
19,22,other,18,new,a,0,8.936099999999442,44,36,-47,66,12,-45,11,11,0,41.14203041,45.32107677,-4.17904636,-47,-45,-2,-0.69,-0.03,-0.66,FALSE
19,22,other,19,new,b,1,16.58290000000079,43,31,-49,75,8,-40,8.333333333,14.33333333,-6,40.83571422,47.16166051,-6.325946295,-49,-40,-9,-0.66,0.2,-0.86,FALSE
19,22,other,20,new,b,1,8.390499999999975,59,30,-17,77,20,-7,24,30,-6,31.31559782,35.0142828,-3.698684983,-17,-7,-10,-0.28,0.41,-0.69,FALSE
19,22,other,21,new,a,0,10.982700000000476,53,40,-78,88,6,-70,5,8,-3,58.92933621,64.51873113,-5.589394916,-78,-70,-8,-0.68,0.05,-0.73,FALSE
19,22,other,22,new,a,0,9.10570000000007,85,51,-7,92,14,-4,43,34,9,37.98245209,41.66533331,-3.682881223,-7,-4,-3,-0.31,0.61,-0.92,FALSE
19,22,other,23,new,a,0,7.760199999999259,54,34,-67,84,8,-62,7,10,-3,52.95910372,59.62102537,-6.661921656,-67,-62,-5,-0.63,0.05,-0.68,FALSE
19,22,other,24,new,a,0,2.368100000000595,69,45,-22,90,19,-17,30.66666667,30.66666667,0,38.50829636,44.45472103,-5.94642467,-22,-17,-5,-0.51,0.38,-0.89,FALSE
19,22,other,25,new,b,1,9.197399999999108,31,25,-52,57,4,-48,1.333333333,4.333333333,-3,37.79182745,42.86671851,-5.074891054,-52,-48,-4,-0.69,0.01,-0.7,FALSE
19,22,other,26,new,a,0,3.798300000000836,54,51,-50,87,14,-46,18.33333333,18.33333333,0,48.33448274,54.3834125,-6.048929759,-50,-46,-4,-0.71,0.12,-0.83,FALSE
19,22,other,27,new,b,1,6.6129000000000815,32,24,-44,60,15,-36,4,13,-9,34.09789827,39.2173431,-5.119444829,-44,-36,-8,-0.68,-0.08,-0.6,FALSE
19,22,other,28,new,b,1,4.106000000000222,38,36,-51,71,20,-41,7.666666667,16.66666667,-9,41.49163236,45.78451946,-4.292887105,-51,-41,-10,-0.71,-0.11,-0.6,FALSE
19,22,other,29,new,a,0,2.7130999999994856,80,38,-19,90,6,-15,33,27,6,40.57092555,45.36518489,-4.794259339,-19,-15,-4,-0.18,0.6,-0.78,FALSE
19,22,other,30,new,a,0,6.505600000000868,73,23,-91,92,2,-89,1.666666667,1.666666667,0,68.63105873,73.89331649,-5.262257764,-91,-89,-2,-0.44,-0.01,-0.43,FALSE
19,22,other,31,new,a,0,4.659499999999753,73,45,-52,99,1,-43,22,19,3,53.55993528,59.35205697,-5.792121696,-52,-43,-9,-0.56,0.43,-0.99,FALSE
19,22,other,32,new,b,1,3.71329999999989,37,15,-44,59,10,-34,2.666666667,11.66666667,-9,34.19876541,37.9853773,-3.786611894,-44,-34,-10,-0.49,0.07,-0.56,FALSE
19,22,other,33,new,a,0,3.1286999999992986,82,49,-19,98,16,-11,37.33333333,34.33333333,3,42.05023451,46.34891824,-4.298683734,-19,-11,-8,-0.39,0.53,-0.92,FALSE
19,22,other,34,new,a,0,2.820799999999508,80,48,-26,89,7,-21,34,25,9,44.39219151,46.6761895,-2.283997999,-26,-21,-5,-0.44,0.52,-0.96,FALSE
19,22,other,35,new,a,0,2.94399999999996,73,53,-41,99,7,-39,28.33333333,22.33333333,6,49.70133019,57.37207993,-7.670749745,-41,-39,-2,-0.62,0.38,-1,FALSE
19,22,other,36,new,a,0,2.767199999999775,71,38,-70,91,1,-62,13,10,3,60.21627687,62.78534861,-2.56907174,-70,-62,-8,-0.55,0.21,-0.76,FALSE
19,22,other,38,new,a,0,11.252400000000762,86,41,-34,96,4,-25,31,25,6,49.49747468,51.58165048,-2.084175801,-34,-25,-9,-0.29,0.54,-0.83,FALSE
19,22,other,39,new,b,1,9.381600000000615,56,21,-48,76,2,-40,9.666666667,12.66666667,-3,43.20750964,47.95368136,-4.74617172,-48,-40,-8,-0.38,0.32,-0.7,FALSE
19,22,other,40,new,b,1,20.928799999999683,66,47,-58,95,21,-52,18.33333333,21.33333333,-3,54.53031777,60.01296156,-5.482643798,-58,-52,-6,-0.64,0.01,-0.65,FALSE
19,22,other,41,new,a,0,4.968399999999747,75,48,-36,95,7,-33,29,23,6,47.26520919,53.46650042,-6.201291223,-36,-33,-3,-0.54,0.42,-0.96,FALSE
19,22,other,42,new,a,0,16.682399999999234,47,44,-54,78,9,-50,12.33333333,12.33333333,0,46.92073695,52.3089115,-5.388174553,-54,-50,-4,-0.7,0.1,-0.8,FALSE
20,39,male,0,new,a,0,3.532399999991071,60,59,-71,98,2,-61,16,13,3,61.51964456,65.37583651,-3.856191956,-71,-61,-10,-0.71,0.25,-0.96,FALSE
20,39,male,1,new,b,1,1.6439000000059991,85,45,-46,95,4,-42,28,19,9,54.81483984,56.92685365,-2.112013812,-46,-42,-4,-0.44,0.38,-0.82,FALSE
20,39,male,2,new,a,0,2.8297000000030152,35,19,-36,66,5,-26,6,15,-9,30.40833219,38.21866909,-7.810336894,-36,-26,-10,-0.56,0.37,-0.93,FALSE
20,39,male,3,new,b,1,2.5603999999910343,41,39,-29,73,26,-21,17,26,-9,32.53715825,38.3753393,-5.838181059,-29,-21,-8,-0.71,0,-0.71,FALSE
20,39,male,4,new,a,0,1.2937999999970202,86,35,-10,92,6,-5,37,31,6,39.2173431,43.36665386,-4.149310754,-10,-5,-5,0.08,0.67,-0.59,FALSE
20,39,male,6,new,a,0,2.8208000000119,67,58,-29,93,49,-19,32,41,-9,43.28972164,46.07240678,-2.782685138,-29,-19,-10,-0.68,-0.26,-0.42,FALSE
20,39,male,7,new,b,1,1.6264000000059582,71,36,-38,93,11,-35,23,23,0,45.43860326,52.94021786,-7.501614591,-38,-35,-3,-0.41,0.33,-0.74,FALSE
20,39,male,8,new,a,0,3.66130000001192,65,35,-38,81,15,-34,20.66666667,20.66666667,0,43.25377312,47.1192341,-3.865460983,-38,-34,-4,-0.46,0.18,-0.64,FALSE
20,39,male,9,new,b,1,1.220700000002978,56,39,-80,86,11,-73,5,8,-3,60.50344343,64.94613152,-4.442688096,-80,-73,-7,-0.67,-0.07,-0.6,FALSE
20,39,male,10,new,b,1,21.11270000000297,40,34,-14,62,29,-4,20,29,-9,24.16609195,26.94438717,-2.778295223,-14,-4,-10,-0.67,0,-0.67,FALSE
20,39,male,11,new,b,1,8.39570000000299,74,29,-58,96,13,-55,15,18,-3,54.79051013,61.74679479,-6.956284661,-58,-55,-3,-0.37,0.12,-0.49,FALSE
20,39,male,12,new,a,0,9.714800000011904,73,35,-13,82,8,-4,31.66666667,28.66666667,3,35.18838192,38.02922853,-2.840846604,-13,-4,-9,-0.14,0.65,-0.79,FALSE
20,39,male,13,new,a,0,11.926700000002995,82,41,-36,94,3,-28,29,23,6,48.91489207,51.77515492,-2.860262842,-36,-28,-8,-0.35,0.52,-0.87,FALSE
20,39,male,14,new,b,1,19.34339999999105,76,31,-39,96,19,-29,22.66666667,28.66666667,-6,47.31689856,51.48678363,-4.169885078,-39,-29,-10,-0.26,0.28,-0.54,FALSE
20,39,male,15,new,b,1,6.460900000006006,45,40,-49,77,30,-44,12,21,-9,43.18178628,49.80629144,-6.624505153,-49,-44,-5,-0.7,-0.27,-0.43,FALSE
20,39,male,16,new,b,1,8.609900000006007,59,53,-70,91,2,-60,14,11,3,59.44745579,61.97311245,-2.525656659,-70,-60,-10,-0.7,0.21,-0.91,FALSE
20,39,male,17,new,a,0,9.993799999997066,76,38,-12,82,9,-7,34,28,6,36.037018,38.73843914,-2.701421131,-12,-7,-5,-0.17,0.62,-0.79,FALSE
20,39,male,18,new,b,1,4.438099999994051,56,49,-15,84,31,-7,30,36,-6,31.94787421,37.31844941,-5.370575202,-15,-7,-8,-0.68,0.2,-0.88,FALSE
20,39,male,19,new,b,1,10.045500000000004,62,43,-86,99,27,-80,6.333333333,15.33333333,-9,65.74867975,73.54061614,-7.79193639,-86,-80,-6,-0.66,-0.23,-0.43,FALSE
20,39,male,20,new,b,1,12.148399999991057,65,61,-27,97,23,-21,33,33,0,42.45782221,48.68949236,-6.231670156,-27,-21,-6,-0.7,0.3,-1,FALSE
20,39,male,21,new,a,0,7.401599999994005,94,45,-8,97,10,-3,43.66666667,34.66666667,9,41.65199742,44.39469438,-2.74269696,-8,-3,-5,-0.05,0.66,-0.71,FALSE
20,39,male,22,new,a,0,7.343700000003025,83,52,-36,96,9,-33,33,24,9,50.4050262,53.72150407,-3.31647787,-36,-33,-3,-0.51,0.4,-0.91,FALSE
20,39,male,23,new,b,1,5.532799999996996,58,27,-28,78,17,-20,19,25,-6,35.56215217,40.40627014,-4.844117975,-28,-20,-8,-0.33,0.29,-0.62,FALSE
20,39,male,24,new,b,1,9.995700000003012,62,41,-30,88,24,-21,24.33333333,30.33333333,-6,39.36439452,44.723844,-5.359449486,-30,-21,-9,-0.56,0.21,-0.77,FALSE
20,39,male,25,new,b,1,12.428900000005967,66,55,-73,97,23,-63,16,19,-3,63.09252465,65.38093504,-2.28841039,-73,-63,-10,-0.69,-0.09,-0.6,FALSE
20,39,male,26,new,a,0,6.798800000011909,75,60,-69,99,6,-66,22,13,9,64.63745044,67.54257916,-2.905128718,-69,-66,-3,-0.68,0.15,-0.83,FALSE
20,39,male,27,new,b,1,23.984200000002943,72,24,-26,91,16,-19,23.33333333,29.33333333,-6,40.01110957,45.88633299,-5.875223425,-26,-19,-7,-0.02,0.41,-0.43,FALSE
20,39,male,28,new,b,1,10.599099999993996,73,32,-44,95,17,-42,20.33333333,23.33333333,-3,48.47221426,56.10902086,-7.6368066,-44,-42,-2,-0.35,0.17,-0.52,FALSE
20,39,male,29,new,a,0,7.711500000000058,61,33,-4,66,7,-1,30,24,6,26.62079388,29.87752779,-3.25673391,-4,-1,-3,-0.17,0.67,-0.84,FALSE
20,39,male,30,new,b,1,11.362200000002986,62,55,-78,93,7,-70,13,10,3,64.41014413,66.57827473,-2.168130606,-78,-70,-8,-0.7,0.07,-0.77,FALSE
20,39,male,31,new,a,0,7.378499999999917,67,34,-14,82,3,-7,29,26,3,33.2565783,39.80787192,-6.551293622,-14,-7,-7,-0.22,0.67,-0.89,FALSE
20,39,male,32,new,a,0,3.9534000000059,83,36,-11,86,2,-7,36,27,9,38.3753393,41.88078318,-3.505443879,-11,-7,-4,0,0.68,-0.68,FALSE
20,39,male,33,new,b,1,13.450799999997116,51,25,-16,72,5,-8,20,23,-3,27.58018612,35.05234181,-7.47215569,-16,-8,-8,-0.27,0.63,-0.9,FALSE
20,39,male,34,new,b,1,26.567200000002916,70,31,-60,87,5,-51,13.66666667,13.66666667,0,54.46915539,56.6705881,-2.20143271,-60,-51,-9,-0.45,0.23,-0.68,FALSE
20,39,male,35,new,a,0,10.987400000005891,63,62,-52,88,34,-49,24.33333333,24.33333333,0,53.97736151,56.34615239,-2.368790878,-52,-49,-3,-0.71,-0.25,-0.46,FALSE
20,39,male,36,new,b,1,27.05879999999695,75,51,-33,96,10,-31,31,25,6,46.30334761,52.92132525,-6.617977643,-33,-31,-2,-0.57,0.4,-0.97,FALSE
20,39,male,37,new,b,1,6.891799999997033,59,34,-23,76,30,-18,23.33333333,29.33333333,-6,34.31552936,38.37823457,-4.062705208,-23,-18,-5,-0.44,-0.03,-0.41,FALSE
20,39,male,38,new,a,0,10.091999999999985,74,56,-98,99,2,-96,10.66666667,1.666666667,9,77.18952145,79.60876557,-2.4192441160000002,-98,-96,-2,-0.68,-0.01,-0.67,FALSE
20,39,male,39,new,a,0,7.434899999990989,84,38,-47,98,2,-43,25,19,6,54.26478293,58.80476171,-4.53997878,-47,-43,-4,-0.35,0.41,-0.76,FALSE
20,39,male,40,new,a,0,21.166900000005967,57,33,-39,75,10,-34,17,17,0,40.79215611,44.77350407,-3.981347961,-39,-34,-5,-0.53,0.23,-0.76,FALSE
20,39,male,41,new,b,1,7.730899999991038,59,17,-45,75,4,-39,10.33333333,13.33333333,-3,42.71871825,47.00590979,-4.287191544,-45,-39,-6,-0.23,0.29,-0.52,FALSE
20,39,male,42,new,b,1,8.252000000000066,82,33,-22,91,7,-14,31,28,3,42.48136847,45.36518489,-2.883816424,-22,-14,-8,-0.07,0.6,-0.67,FALSE
20,39,male,0,old,b,1,6.228900000005979,98,41,-24,75,68,-19,38.33333333,41.33333333,-3,49.8419725,42.75771535,7.084257142,-24,-19,-5,-0.08,-0.69,0.61,FALSE
20,39,male,1,old,b,1,10.463599999994017,93,31,-8,70,68,-4,38.66666667,44.66666667,-6,41.5879256,34.42221505,7.165710549,-8,-4,-4,0.27,-0.71,0.98,FALSE
20,39,male,2,old,b,1,4.745200000003024,55,15,-13,42,31,-7,19,22,-3,27.90459938,20.99206199,6.91253739,-13,-7,-6,0.21,-0.56,0.77,FALSE
20,39,male,3,old,b,1,5.607099999994034,67,19,-22,60,38,-16,21.33333333,27.33333333,-6,36.37153955,31.93048004,4.441059506,-22,-16,-6,0.1,-0.46,0.56,FALSE
20,39,male,4,old,b,1,13.882200000002967,77,25,-58,53,45,-54,14.66666667,14.66666667,0,55.59576323,48.66438351,6.93137972,-58,-54,-4,-0.27,-0.69,0.42,FALSE
20,39,male,5,old,b,1,4.260999999999967,69,24,-23,60,43,-15,23.33333333,29.33333333,-6,37.56180093,32.10745846,5.454342465,-23,-15,-8,-0.03,-0.56,0.53,FALSE
20,39,male,6,old,b,1,12.515799999997055,92,60,-21,99,43,-11,43.66666667,43.66666667,0,47.55581516,44.90978611,2.646029045,-21,-11,-10,-0.47,0.02,-0.49,FALSE
20,39,male,7,old,a,0,4.748300000011909,66,31,-13,68,19,-3,28,28,0,32.3213036,29.67602849,2.645275119,-13,-3,-10,-0.14,0.43,-0.57,FALSE
20,39,male,8,old,b,1,20.00209999999413,99,51,-13,95,36,-3,45.66666667,42.66666667,3,45.87906809,40.28509512,5.59397297,-13,-3,-10,-0.17,0.24,-0.41,FALSE
20,39,male,9,old,a,0,5.174499999999966,90,44,-48,88,16,-45,28.66666667,19.66666667,9,57.37207993,54.3588897,3.013190235,-48,-45,-3,-0.38,0.1,-0.48,FALSE
20,39,male,10,old,b,1,6.143799999996986,80,2,-60,69,30,-50,7.333333333,16.33333333,-9,57.27904406,49.5333782,7.745665868,-60,-50,-10,0.14,-0.39,0.53,FALSE
20,39,male,12,old,b,1,11.16700000000003,88,17,-44,82,43,-37,20.33333333,29.33333333,-9,53.94029621,49.5333782,4.406918017,-44,-37,-7,0.09,-0.39,0.48,FALSE
20,39,male,13,old,a,0,11.97329999999704,61,54,-82,79,11,-75,11,5,6,65.82299497,63.01322612,2.809768844,-82,-75,-7,-0.7,-0.14,-0.56,FALSE
20,39,male,14,old,a,0,12.232000000000085,91,54,-88,96,14,-80,19,10,9,77.1535266,71.90734779,5.246178806,-88,-80,-8,-0.59,-0.08,-0.51,FALSE
20,39,male,15,old,b,1,9.445500000000038,53,9,-17,37,30,-13,15,18,-3,28.89059824,22.10580618,6.784792065,-17,-13,-4,0.3,-0.65,0.95,FALSE
20,39,male,16,old,a,0,7.253000000000043,68,25,-12,60,2,-8,27,18,9,32.69046752,29.97776954,2.712697979,-12,-8,-4,0.09,0.65,-0.56,FALSE
20,39,male,17,old,b,1,9.92999999999995,53,8,-34,41,23,-28,9,12,-3,35.52463934,29.22327839,6.301360944,-34,-28,-6,0.04,-0.51,0.55,FALSE
20,39,male,18,old,a,0,3.921399999991081,74,43,-22,76,14,-13,31.66666667,25.66666667,6,40.00277768,37.25885428,2.743923402,-22,-13,-9,-0.4,0.44,-0.84,FALSE
20,39,male,19,old,a,0,3.4972000000029766,93,64,-10,95,40,-6,49,43,6,43.36665386,41.28760912,2.079044738,-10,-6,-4,-0.48,0.11,-0.59,FALSE
20,39,male,20,old,b,1,5.863299999997025,75,4,-67,57,43,-61,4,13,-9,57.97125725,52.63712252,5.334134731,-67,-61,-6,0,-0.67,0.67,FALSE
20,39,male,21,old,a,0,3.9112000000030775,85,2,-81,57,52,-76,2,11,-9,67.76921622,61.55214591,6.217070303,-81,-76,-5,0,-0.7,0.7,FALSE
20,39,male,22,old,a,0,3.652299999997013,91,81,-24,99,44,-22,49.33333333,40.33333333,9,52.01495511,49.46603773,2.548917383,-24,-22,-2,-0.69,-0.11,-0.58,FALSE
20,39,male,23,old,a,0,3.555299999996919,97,58,-61,98,20,-51,31.33333333,22.33333333,9,67.20284386,60.85136719,6.351476665,-61,-51,-10,-0.53,0.06,-0.59,FALSE
20,39,male,24,old,a,0,7.488400000005868,91,67,-10,95,46,-2,49.33333333,46.33333333,3,43.08389748,39.60078563,3.483111855,-10,-2,-8,-0.55,0.01,-0.56,FALSE
20,39,male,25,old,a,0,2.1765999999939822,95,48,-30,71,67,-25,37.66666667,37.66666667,0,51.55148451,44.3421044,7.209380118,-30,-25,-5,-0.29,-0.7,0.41,FALSE
20,39,male,26,old,a,0,0.6462000000029775,93,58,-8,94,41,-1,47.66666667,44.66666667,3,41.87547678,38.87015422,3.005322563,-8,-1,-7,-0.36,0.14,-0.5,FALSE
20,39,male,27,old,a,0,1.149499999999989,76,3,-64,59,38,-55,5,14,-9,57.17225434,49.53786431,7.634390037,-64,-55,-9,0.05,-0.61,0.66,FALSE
20,39,male,28,old,a,0,6.944600000008904,81,24,-16,74,4,-7,29.66666667,23.66666667,6,39.80228916,35.8732336,3.929055559,-16,-7,-9,0.21,0.66,-0.45,FALSE
20,39,male,29,old,b,1,11.891499999999951,56,42,-72,65,9,-66,8.666666667,2.666666667,6,57.32558087,53.66770185,3.657879018,-72,-66,-6,-0.68,-0.18,-0.5,FALSE
20,39,male,30,old,a,0,2.065699999988169,64,24,-23,50,35,-20,21.66666667,21.66666667,0,35.55590278,30.09245014,5.463452634,-23,-20,-3,-0.1,-0.58,0.48,FALSE
20,39,male,31,old,a,0,18.346600000008948,83,50,-11,85,29,-1,40.66666667,37.66666667,3,38.93869826,35.64017708,3.298521182,-11,-1,-10,-0.35,0.35,-0.7,FALSE
20,39,male,32,old,b,1,0.449299999997038,99,35,-16,88,50,-11,39.33333333,42.33333333,-3,47.0484384,40.77853466,6.269903738,-16,-11,-5,0.14,-0.28,0.42,FALSE
20,39,male,33,old,b,1,3.1188999999909583,88,33,-10,73,59,-3,37,43,-6,40.10818703,33.02524287,7.082944157,-10,-3,-7,0.15,-0.61,0.76,FALSE
20,39,male,34,old,a,0,3.212399999991021,83,23,-56,70,49,-51,16.66666667,22.66666667,-6,56.92294987,52.7909925,4.131957375,-56,-51,-5,-0.17,-0.62,0.45,FALSE
20,39,male,35,old,a,0,9.005799999996952,70,12,-66,45,34,-63,5.333333333,5.333333333,0,55.72152985,48.52719741,7.194332436,-66,-63,-3,-0.18,-0.68,0.5,FALSE
20,39,male,36,old,b,1,8.453200000002994,67,11,-13,61,36,-5,21.66666667,30.66666667,-9,33.51948024,27.20702524,6.312455003,-13,-5,-8,0.45,-0.29,0.74,FALSE
20,39,male,37,old,b,1,2.2369999999999663,91,75,-12,94,55,-4,51.33333333,48.33333333,3,45.25728916,40.28509512,4.97219404,-12,-4,-8,-0.64,-0.24,-0.4,FALSE
20,39,male,38,old,a,0,3.934699999988084,84,27,-36,73,4,-29,25,16,9,49.01020302,42.49705872,6.513144298,-36,-29,-7,-0.06,0.4,-0.46,FALSE
20,39,male,39,old,a,0,2.6264999999999645,80,72,-12,88,45,-2,46.66666667,43.66666667,3,41.61196409,36.7544404,4.857523695,-12,-2,-10,-0.69,-0.05,-0.64,FALSE
20,39,male,40,old,a,0,2.262299999997026,63,2,-47,49,23,-45,6,9,-3,44.99629614,39.63163719,5.36465895,-47,-45,-2,0.13,-0.49,0.62,FALSE
20,39,male,41,old,b,1,1.0310999999940125,94,70,-40,98,38,-30,41.33333333,35.33333333,6,58.33999962,52.2897908,6.050208816,-40,-30,-10,-0.62,-0.08,-0.54,FALSE
20,39,male,42,old,a,0,1.4814999999999827,80,10,-63,59,46,-60,9,15,-6,58.3837877,53.2979049,5.085882805,-63,-60,-3,-0.03,-0.68,0.65,FALSE
20,39,male,0,new,b,1,2.208100000008926,66,47,-58,95,21,-52,18.33333333,21.33333333,-3,54.53031777,60.01296156,-5.482643798,-58,-52,-6,-0.64,0.01,-0.65,FALSE
20,39,male,1,new,b,1,0.9389999999999644,49,45,-36,87,24,-26,19.33333333,28.33333333,-9,39.16063783,46.23370584,-7.073068005,-36,-26,-10,-0.7,0.14,-0.84,FALSE
20,39,male,2,new,b,1,0.8186999999882119,69,50,-40,89,13,-32,26.33333333,23.33333333,3,47.54179448,49.93551397,-2.393719493,-40,-32,-8,-0.62,0.3,-0.92,FALSE
20,39,male,3,new,a,0,1.280099999994036,44,31,-57,70,16,-50,6,12,-6,44.86275367,49.07137659,-4.208622918,-57,-50,-7,-0.66,-0.12,-0.54,FALSE
20,39,male,4,new,b,1,0.8823999999910939,80,38,-19,90,6,-15,33,27,6,40.57092555,45.36518489,-4.794259339,-19,-15,-4,-0.18,0.6,-0.78,FALSE
20,39,male,5,new,a,0,0.7510999999940395,87,54,-16,96,14,-12,41.66666667,32.66666667,9,42.94440851,46.02414825,-3.079739742,-16,-12,-4,-0.41,0.54,-0.95,FALSE
20,39,male,6,new,b,1,0.33470000000284017,54,51,-50,87,14,-46,18.33333333,18.33333333,0,48.33448274,54.3834125,-6.048929759,-50,-46,-4,-0.71,0.12,-0.83,FALSE
20,39,male,7,new,a,0,38.44959999999401,80,48,-26,89,7,-21,34,25,9,44.39219151,46.6761895,-2.283997999,-26,-21,-5,-0.44,0.52,-0.96,FALSE
20,39,male,8,new,b,1,5.370100000008961,71,38,-70,91,1,-62,13,10,3,60.21627687,62.78534861,-2.56907174,-70,-62,-8,-0.55,0.21,-0.76,FALSE
20,39,male,9,new,a,0,5.713900000005879,85,51,-7,92,14,-4,43,34,9,37.98245209,41.66533331,-3.682881223,-7,-4,-3,-0.31,0.61,-0.92,FALSE
20,39,male,10,new,a,0,6.275099999994154,45,26,-62,73,18,-55,3,12,-9,46.61187259,52.42772803,-5.815855439,-62,-55,-7,-0.62,-0.17,-0.45,FALSE
20,39,male,11,new,b,1,3.5812000000030366,59,30,-17,77,20,-7,24,30,-6,31.31559782,35.0142828,-3.698684983,-17,-7,-10,-0.28,0.41,-0.69,FALSE
20,39,male,12,new,b,1,7.600099999993972,47,44,-54,78,9,-50,12.33333333,12.33333333,0,46.92073695,52.3089115,-5.388174553,-54,-50,-4,-0.7,0.1,-0.8,FALSE
20,39,male,13,new,a,0,6.70520000000306,44,36,-47,66,12,-45,11,11,0,41.14203041,45.32107677,-4.17904636,-47,-45,-2,-0.69,-0.03,-0.66,FALSE
20,39,male,14,new,b,1,30.231500000000096,68,60,-38,99,37,-28,30,36,-6,48.19405219,51.85235449,-3.658302303,-38,-28,-10,-0.69,-0.03,-0.66,FALSE
20,39,male,15,new,a,0,4.490200000002915,88,50,-27,96,11,-23,37,28,9,47.84001115,50.04664491,-2.206633761,-27,-23,-4,-0.39,0.47,-0.86,FALSE
20,39,male,16,new,b,1,7.829799999997022,56,21,-48,76,2,-40,9.666666667,12.66666667,-3,43.20750964,47.95368136,-4.74617172,-48,-40,-8,-0.38,0.32,-0.7,FALSE
20,39,male,17,new,b,1,7.608500000000049,32,24,-44,60,15,-36,4,13,-9,34.09789827,39.2173431,-5.119444829,-44,-36,-8,-0.68,-0.08,-0.6,FALSE
20,39,male,18,new,b,1,3.654200000002902,62,44,-43,91,27,-37,21,27,-6,45.84757355,52.25578118,-6.408207634,-43,-37,-6,-0.63,0,-0.63,FALSE
20,39,male,19,new,a,0,1.9974999999999452,73,53,-41,99,7,-39,28.33333333,22.33333333,6,49.70133019,57.37207993,-7.670749745,-41,-39,-2,-0.62,0.38,-1,FALSE
20,39,male,20,new,a,0,2.946400000005952,72,42,-20,78,6,-17,31.33333333,22.33333333,9,38.30868773,40.46672158,-2.158033852,-20,-17,-3,-0.4,0.54,-0.94,FALSE
20,39,male,21,new,a,0,2.7642999999970925,68,52,-62,94,9,-54,19.33333333,16.33333333,3,57.88110419,60.64285247,-2.761748279,-62,-54,-8,-0.67,0.18,-0.85,FALSE
20,39,male,22,new,a,0,2.8765999999941414,31,25,-52,57,4,-48,1.333333333,4.333333333,-3,37.79182745,42.86671851,-5.074891054,-52,-48,-4,-0.69,0.01,-0.7,FALSE
20,39,male,23,new,a,0,2.779499999999871,53,40,-78,88,6,-70,5,8,-3,58.92933621,64.51873113,-5.589394916,-78,-70,-8,-0.68,0.05,-0.73,FALSE
20,39,male,24,new,b,1,4.19020000000296,75,48,-36,95,7,-33,29,23,6,47.26520919,53.46650042,-6.201291223,-36,-33,-3,-0.54,0.42,-0.96,FALSE
20,39,male,25,new,b,1,5.520900000006122,69,45,-22,90,19,-17,30.66666667,30.66666667,0,38.50829636,44.45472103,-5.94642467,-22,-17,-5,-0.51,0.38,-0.89,FALSE
20,39,male,26,new,b,1,2.0958000000118773,72,24,-83,93,6,-77,4.333333333,7.333333333,-3,64.78854494,69.40861298,-4.620068037,-83,-77,-6,-0.43,0.03,-0.46,FALSE
20,39,male,27,new,b,1,2.1640999999940504,58,27,-46,74,5,-40,13,13,0,43.59663596,46.88283268,-3.286196723,-46,-40,-6,-0.45,0.25,-0.7,FALSE
20,39,male,28,new,b,1,2.542100000008759,42,23,-11,63,18,-9,18,24,-6,21.92411154,29.69848481,-7.774373273,-11,-9,-2,-0.33,0.29,-0.62,FALSE
20,39,male,29,new,b,1,3.4727000000029875,78,57,-50,98,6,-46,28.33333333,19.33333333,9,56.04958123,59.5389695,-3.489388273,-50,-46,-4,-0.63,0.32,-0.95,FALSE
20,39,male,30,new,b,1,3.4492000000029748,54,34,-67,84,8,-62,7,10,-3,52.95910372,59.62102537,-6.661921656,-67,-62,-5,-0.63,0.05,-0.68,FALSE
20,39,male,31,new,b,1,1.8529000000060023,86,32,-13,90,5,-8,35,29,6,40.47221269,43.45879274,-2.986580053,-13,-8,-5,0.11,0.66,-0.55,FALSE
20,39,male,32,new,a,0,2.849099999993996,79,50,-10,95,17,-2,39.66666667,36.66666667,3,37.06151043,41.97088938,-4.90937895,-10,-2,-8,-0.4,0.6,-1,FALSE
20,39,male,33,new,b,1,1.7462000000030002,43,31,-49,75,8,-40,8.333333333,14.33333333,-6,40.83571422,47.16166051,-6.325946295,-49,-40,-9,-0.66,0.2,-0.86,FALSE
20,39,male,34,new,b,1,2.646799999997029,82,49,-19,98,16,-11,37.33333333,34.33333333,3,42.05023451,46.34891824,-4.298683734,-19,-11,-8,-0.39,0.53,-0.92,FALSE
20,39,male,35,new,b,1,2.365299999996978,37,15,-44,59,10,-34,2.666666667,11.66666667,-9,34.19876541,37.9853773,-3.786611894,-44,-34,-10,-0.49,0.07,-0.56,FALSE
20,39,male,36,new,b,1,2.14179999999692,38,17,-31,62,16,-27,8,17,-9,28.87905816,36.34097779,-7.461919633,-31,-27,-4,-0.44,0.04,-0.48,FALSE
20,39,male,37,new,a,0,2.404499999999871,86,41,-34,96,4,-25,31,25,6,49.49747468,51.58165048,-2.084175801,-34,-25,-9,-0.29,0.54,-0.83,FALSE
20,39,male,38,new,b,1,2.377699999988181,38,36,-51,71,20,-41,7.666666667,16.66666667,-9,41.49163236,45.78451946,-4.292887105,-51,-41,-10,-0.71,-0.11,-0.6,FALSE
20,39,male,39,new,a,0,12.558900000005906,89,36,-51,98,7,-49,24.66666667,18.66666667,6,57.71385353,60.5768566,-2.863003074,-51,-49,-2,-0.29,0.28,-0.57,FALSE
20,39,male,40,new,a,0,2.7152999999971144,73,45,-52,99,1,-43,22,19,3,53.55993528,59.35205697,-5.792121696,-52,-43,-9,-0.56,0.43,-0.99,FALSE
20,39,male,41,new,b,1,10.863299999996798,73,23,-91,92,2,-89,1.666666667,1.666666667,0,68.63105873,73.89331649,-5.262257764,-91,-89,-2,-0.44,-0.01,-0.43,FALSE
20,39,male,0,old,a,0,3.0749000000059823,46,32,-39,42,9,-30,13,7,6,37.21110945,29.42787794,7.783231513,-39,-30,-9,-0.63,-0.1,-0.53,FALSE
20,39,male,1,old,a,0,3.6027000000028693,96,19,-78,77,43,-74,12.33333333,15.33333333,-3,71.19144768,64.67525716,6.516190515,-78,-74,-4,-0.14,-0.56,0.42,FALSE
20,39,male,2,old,a,0,1.983100000009017,80,43,-35,75,18,-32,29.33333333,20.33333333,9,47.93282336,43.71371511,4.219108251,-35,-32,-3,-0.4,0.08,-0.48,FALSE
20,39,male,3,old,a,0,2.165900000006104,58,38,-11,53,25,-2,28.33333333,25.33333333,3,28.98658694,22.45489306,6.531693879,-11,-2,-9,-0.46,0.02,-0.48,FALSE
20,39,male,4,old,a,0,3.7839000000060414,85,24,-45,67,54,-39,21.33333333,27.33333333,-6,53.10576449,47.20404879,5.901715701,-45,-39,-6,-0.08,-0.67,0.59,FALSE
20,39,male,5,old,a,0,2.542400000005955,59,9,-67,40,31,-61,0.333333333,3.333333333,-3,51.80304581,45.63867755,6.164368259,-67,-61,-6,-0.25,-0.69,0.44,FALSE
20,39,male,6,old,a,0,4.480100000008861,85,68,-15,91,43,-5,46,43,3,43.68828981,39.19183588,4.496453927,-15,-5,-10,-0.63,0,-0.63,FALSE
20,39,male,7,old,b,1,12.480299999997214,63,16,-47,44,40,-43,10.66666667,13.66666667,-3,45.0653846,40.10264608,4.962738522,-47,-43,-4,-0.18,-0.7,0.52,FALSE
20,39,male,8,old,b,1,4.733700000002955,82,11,-76,60,51,-67,5.666666667,14.66666667,-9,64.61338011,57.86382482,6.749555292,-76,-67,-9,-0.12,-0.69,0.57,FALSE
20,39,male,9,old,a,0,12.892999999999802,57,19,-12,42,29,-7,21.33333333,21.33333333,0,28.21740991,20.72572208,7.491687838,-12,-7,-5,0.12,-0.5,0.62,FALSE
20,39,male,10,old,a,0,13.61279999999715,91,79,-11,99,39,-6,53,44,9,45.51922671,43.01162634,2.507600372,-11,-6,-5,-0.67,0.17,-0.84,FALSE
20,39,male,11,old,a,0,2.809999999999945,53,40,-11,50,25,-2,27.33333333,24.33333333,3,27.62044331,21.23414441,6.386298903,-11,-2,-9,-0.59,-0.05,-0.54,FALSE
20,39,male,12,old,a,0,6.886399999990999,53,8,-35,40,19,-33,8.666666667,8.666666667,0,35.92894222,30.68477726,5.244164957,-35,-33,-2,0.03,-0.47,0.5,FALSE
20,39,male,13,old,b,1,4.76759999999399,98,58,-16,96,41,-6,46.66666667,43.66666667,3,47.22522866,41.6839964,5.541232266,-16,-6,-10,-0.35,0.1,-0.45,FALSE
20,39,male,14,old,a,0,2.747899999991205,73,52,-43,84,13,-33,27.33333333,21.33333333,6,50.4667107,48.12714642,2.339564283,-43,-33,-10,-0.62,0.25,-0.87,FALSE
20,39,male,15,old,b,1,5.78840000000605,61,12,-35,44,34,-31,12.66666667,15.66666667,-3,39.19467084,33.24989557,5.944775267,-35,-31,-4,0.03,-0.66,0.69,FALSE
20,39,male,16,old,b,1,3.8027000000029143,79,63,-12,80,36,-4,43.33333333,37.33333333,6,39.6680672,34.30581421,5.362252988,-12,-4,-8,-0.62,0.06,-0.68,FALSE
20,39,male,17,old,a,0,13.2618999999911,79,64,-29,81,28,-22,38,29,9,47.77028365,42.05551886,5.714764789,-29,-22,-7,-0.66,0.04,-0.7,FALSE
20,39,male,18,old,a,0,5.303100000008953,64,62,-48,70,29,-39,26,20,6,52.33227175,44.95182607,7.380445685,-48,-39,-9,-0.71,-0.29,-0.42,FALSE
20,39,male,19,old,b,1,1.2250000000001364,87,78,-16,94,52,-6,49.66666667,46.66666667,3,46.57848812,40.99864496,5.579843156,-16,-6,-10,-0.69,-0.19,-0.5,FALSE
20,39,male,20,old,b,1,0.8887000000029275,65,57,-40,69,18,-32,27.33333333,18.33333333,9,47.72374205,41.23375101,6.489991045,-40,-32,-8,-0.69,0.01,-0.7,FALSE
20,39,male,21,old,a,0,1.4830999999940104,91,22,-54,72,61,-47,19.66666667,28.66666667,-9,59.21899095,53.69254035,5.526450601,-54,-47,-7,-0.06,-0.68,0.62,FALSE
20,39,male,22,old,b,1,5.899600000008832,60,5,-41,53,30,-32,8,17,-9,41.28760912,35.89800366,5.389605459,-41,-32,-9,0.11,-0.5,0.61,FALSE
20,39,male,23,old,a,0,1.6475999999940996,70,51,-43,75,10,-34,26,17,9,49.40310382,44.77350407,4.629599747,-43,-34,-9,-0.63,0.23,-0.86,FALSE
20,39,male,24,old,b,1,4.18490000000611,48,21,-20,41,36,-10,16.33333333,22.33333333,-6,27.95631513,22.9540604,5.002254727,-20,-10,-10,-0.25,-0.68,0.43,FALSE
20,39,male,26,old,b,1,2.418999999999869,70,57,-28,78,40,-19,33,33,0,43.45879274,39.90822806,3.550564686,-28,-19,-9,-0.66,-0.26,-0.4,FALSE
20,39,male,27,old,a,0,10.224099999993996,74,5,-55,57,19,-52,8,8,0,52.70673581,45.17373868,7.532997129,-55,-52,-3,0.09,-0.35,0.44,FALSE
20,39,male,28,old,a,0,1.2982000000029077,78,43,-10,60,54,-3,37,37,0,36.17549815,28.39013913,7.785359021,-10,-3,-7,-0.24,-0.68,0.44,FALSE
20,39,male,29,old,b,1,1.7148999999910757,74,21,-46,56,42,-40,16.33333333,19.33333333,-3,49.10080334,42.34251869,6.758284654,-46,-40,-6,-0.14,-0.65,0.51,FALSE
20,39,male,30,old,b,1,1.3332999999970525,56,8,-52,40,33,-43,4,10,-6,44.18144407,37.58545818,6.595985888,-52,-43,-9,-0.14,-0.69,0.55,FALSE
20,39,male,31,old,a,0,3.826500000000124,92,2,-70,66,50,-65,8,17,-9,66.2721661,58.34952156,7.92264454,-70,-65,-5,0.14,-0.67,0.81,FALSE
20,39,male,32,old,b,1,0.9843000000118992,79,13,-40,74,33,-37,17.33333333,23.33333333,-6,48.67808085,45.82818153,2.849899325,-40,-37,-3,0.13,-0.31,0.44,FALSE
20,39,male,33,old,a,0,1.0678000000118573,46,30,-55,47,6,-50,7,1,6,44.32456054,39.75759885,4.566961681,-55,-50,-5,-0.64,-0.19,-0.45,FALSE
20,39,male,34,old,b,1,0.7313000000117427,57,44,-13,53,29,-3,29.33333333,26.33333333,3,30.40102337,22.93953405,7.461489329,-13,-3,-10,-0.61,-0.17,-0.44,FALSE
20,39,male,35,old,a,0,1.010399999991023,79,16,-61,58,42,-57,11.33333333,14.33333333,-3,57.24993935,50.86146762,6.388471726,-61,-57,-4,-0.12,-0.65,0.53,FALSE
20,39,male,36,old,a,0,1.0123999999909756,77,69,-21,82,39,-14,41.66666667,35.66666667,6,44.43222054,39.26264835,5.16957219,-21,-14,-7,-0.69,-0.13,-0.56,FALSE
20,39,male,37,old,a,0,1.9138999999909172,98,42,-26,70,68,-24,38,38,0,50.70174224,43.84822307,6.853519172,-26,-24,-2,-0.12,-0.71,0.59,FALSE
20,39,male,38,old,b,1,3.111700000002884,65,13,-18,61,36,-10,20,29,-9,34.24422092,29.40521496,4.839005967,-18,-10,-8,0.3,-0.34,0.64,FALSE
20,39,male,39,old,b,1,6.551500000000033,82,31,-53,64,62,-48,20,26,-6,55.6596802,52.33227175,3.327408449,-53,-48,-5,-0.29,-0.71,0.42,FALSE
20,39,male,40,old,b,1,4.159400000006144,99,52,-13,90,75,-9,46,52,-6,45.92022067,43.56604182,2.354178852,-13,-9,-4,-0.19,-0.64,0.45,FALSE
20,39,male,41,old,a,0,2.000699999988001,79,40,-26,73,13,-20,31,22,9,43.33589736,38.49675311,4.83914425,-26,-20,-6,-0.3,0.34,-0.64,FALSE
20,39,male,42,old,b,1,2.1408999999910066,48,3,-24,46,23,-15,9,18,-9,29.69848481,25.15286597,4.545618837,-24,-15,-9,0.29,-0.29,0.58,FALSE
21,36,male,0,new,b,1,3.404900000005938,45,40,-49,77,30,-44,12,21,-9,43.18178628,49.80629144,-6.624505153,-49,-44,-5,-0.7,-0.27,-0.43,FALSE
21,36,male,1,new,b,1,5.545000000000016,72,24,-26,91,16,-19,23.33333333,29.33333333,-6,40.01110957,45.88633299,-5.875223425,-26,-19,-7,-0.02,0.41,-0.43,FALSE
21,36,male,2,new,b,1,3.019299999982138,67,58,-29,93,49,-19,32,41,-9,43.28972164,46.07240678,-2.782685138,-29,-19,-10,-0.68,-0.26,-0.42,FALSE
21,36,male,3,new,b,1,1.997699999988072,62,41,-30,88,24,-21,24.33333333,30.33333333,-6,39.36439452,44.723844,-5.359449486,-30,-21,-9,-0.56,0.21,-0.77,FALSE
21,36,male,4,new,b,1,7.609199999988078,63,62,-52,88,34,-49,24.33333333,24.33333333,0,53.97736151,56.34615239,-2.368790878,-52,-49,-3,-0.71,-0.25,-0.46,FALSE
21,36,male,5,new,a,0,5.747000000000014,84,38,-47,98,2,-43,25,19,6,54.26478293,58.80476171,-4.53997878,-47,-43,-4,-0.35,0.41,-0.76,FALSE
21,36,male,6,new,b,1,2.403300000011882,59,34,-23,76,30,-18,23.33333333,29.33333333,-6,34.31552936,38.37823457,-4.062705208,-23,-18,-5,-0.44,-0.03,-0.41,FALSE
21,36,male,7,new,b,1,5.650799999982098,71,36,-38,93,11,-35,23,23,0,45.43860326,52.94021786,-7.501614591,-38,-35,-3,-0.41,0.33,-0.74,FALSE
21,36,male,8,new,a,0,3.215099999994038,83,52,-36,96,9,-33,33,24,9,50.4050262,53.72150407,-3.31647787,-36,-33,-3,-0.51,0.4,-0.91,FALSE
21,36,male,9,new,b,1,5.299699999988036,65,35,-38,81,15,-34,20.66666667,20.66666667,0,43.25377312,47.1192341,-3.865460983,-38,-34,-4,-0.46,0.18,-0.64,FALSE
21,36,male,10,new,a,0,5.96830000001188,74,56,-98,99,2,-96,10.66666667,1.666666667,9,77.18952145,79.60876557,-2.4192441160000002,-98,-96,-2,-0.68,-0.01,-0.67,FALSE
21,36,male,11,new,a,0,4.461000000000013,82,41,-36,94,3,-28,29,23,6,48.91489207,51.77515492,-2.860262842,-36,-28,-8,-0.35,0.52,-0.87,FALSE
21,36,male,12,new,a,0,7.249699999988081,75,51,-33,96,10,-31,31,25,6,46.30334761,52.92132525,-6.617977643,-33,-31,-2,-0.57,0.4,-0.97,FALSE
21,36,male,13,new,a,0,4.517199999988065,73,35,-13,82,8,-4,31.66666667,28.66666667,3,35.18838192,38.02922853,-2.840846604,-13,-4,-9,-0.14,0.65,-0.79,FALSE
21,36,male,14,new,a,0,11.58480000001191,70,31,-60,87,5,-51,13.66666667,13.66666667,0,54.46915539,56.6705881,-2.20143271,-60,-51,-9,-0.45,0.23,-0.68,FALSE
21,36,male,15,new,b,1,3.067300000011926,59,53,-70,91,2,-60,14,11,3,59.44745579,61.97311245,-2.525656659,-70,-60,-10,-0.7,0.21,-0.91,FALSE
21,36,male,16,new,a,0,1.391200000017875,61,33,-4,66,7,-1,30,24,6,26.62079388,29.87752779,-3.25673391,-4,-1,-3,-0.17,0.67,-0.84,FALSE
21,36,male,18,new,b,1,1.7011999999880911,65,61,-27,97,23,-21,33,33,0,42.45782221,48.68949236,-6.231670156,-27,-21,-6,-0.7,0.3,-1,FALSE
21,36,male,19,new,b,1,3.754699999988077,66,55,-73,97,23,-63,16,19,-3,63.09252465,65.38093504,-2.28841039,-73,-63,-10,-0.69,-0.09,-0.6,FALSE
21,36,male,20,new,a,0,4.251500000000021,86,35,-10,92,6,-5,37,31,6,39.2173431,43.36665386,-4.149310754,-10,-5,-5,0.08,0.67,-0.59,FALSE
21,36,male,21,new,b,1,3.37020000001786,76,31,-39,96,19,-29,22.66666667,28.66666667,-6,47.31689856,51.48678363,-4.169885078,-39,-29,-10,-0.26,0.28,-0.54,FALSE
21,36,male,22,new,b,1,2.6733000000119205,41,39,-29,73,26,-21,17,26,-9,32.53715825,38.3753393,-5.838181059,-29,-21,-8,-0.71,0,-0.71,FALSE
21,36,male,23,new,a,0,3.658400000005941,75,60,-69,99,6,-66,22,13,9,64.63745044,67.54257916,-2.905128718,-69,-66,-3,-0.68,0.15,-0.83,FALSE
21,36,male,24,new,a,0,5.2874000000059604,67,34,-14,82,3,-7,29,26,3,33.2565783,39.80787192,-6.551293622,-14,-7,-7,-0.22,0.67,-0.89,FALSE
21,36,male,25,new,a,0,2.5312999999821386,82,33,-22,91,7,-14,31,28,3,42.48136847,45.36518489,-2.883816424,-22,-14,-8,-0.07,0.6,-0.67,FALSE
21,36,male,26,new,b,1,3.852799999982153,57,33,-39,75,10,-34,17,17,0,40.79215611,44.77350407,-3.981347961,-39,-34,-5,-0.53,0.23,-0.76,FALSE
21,36,male,27,new,a,0,2.401999999999987,83,36,-11,86,2,-7,36,27,9,38.3753393,41.88078318,-3.505443879,-11,-7,-4,0,0.68,-0.68,FALSE
21,36,male,28,new,b,1,2.073400000005961,62,43,-86,99,27,-80,6.333333333,15.33333333,-9,65.74867975,73.54061614,-7.79193639,-86,-80,-6,-0.66,-0.23,-0.43,FALSE
21,36,male,29,new,b,1,3.5338000000119223,56,39,-80,86,11,-73,5,8,-3,60.50344343,64.94613152,-4.442688096,-80,-73,-7,-0.67,-0.07,-0.6,FALSE
21,36,male,30,new,a,0,4.3659999999999854,60,59,-71,98,2,-61,16,13,3,61.51964456,65.37583651,-3.856191956,-71,-61,-10,-0.71,0.25,-0.96,FALSE
21,36,male,31,new,a,0,9.56880000001189,76,38,-12,82,9,-7,34,28,6,36.037018,38.73843914,-2.701421131,-12,-7,-5,-0.17,0.62,-0.79,FALSE
21,36,male,32,new,a,0,3.4209999999999923,85,45,-46,95,4,-42,28,19,9,54.81483984,56.92685365,-2.112013812,-46,-42,-4,-0.44,0.38,-0.82,FALSE
21,36,male,33,new,a,0,2.6042999999821177,62,55,-78,93,7,-70,13,10,3,64.41014413,66.57827473,-2.168130606,-78,-70,-8,-0.7,0.07,-0.77,FALSE
21,36,male,34,new,a,0,5.272900000005961,58,27,-28,78,17,-20,19,25,-6,35.56215217,40.40627014,-4.844117975,-28,-20,-8,-0.33,0.29,-0.62,FALSE
21,36,male,35,new,b,1,2.78449999999998,35,19,-36,66,5,-26,6,15,-9,30.40833219,38.21866909,-7.810336894,-36,-26,-10,-0.56,0.37,-0.93,FALSE
21,36,male,36,new,b,1,2.285099999994032,59,17,-45,75,4,-39,10.33333333,13.33333333,-3,42.71871825,47.00590979,-4.287191544,-45,-39,-6,-0.23,0.29,-0.52,FALSE
21,36,male,37,new,b,1,1.691099999994094,40,34,-14,62,29,-4,20,29,-9,24.16609195,26.94438717,-2.778295223,-14,-4,-10,-0.67,0,-0.67,FALSE
21,36,male,38,new,b,1,1.9899999999999525,51,25,-16,72,5,-8,20,23,-3,27.58018612,35.05234181,-7.47215569,-16,-8,-8,-0.27,0.63,-0.9,FALSE
21,36,male,39,new,b,1,2.144000000000005,73,32,-44,95,17,-42,20.33333333,23.33333333,-3,48.47221426,56.10902086,-7.6368066,-44,-42,-2,-0.35,0.17,-0.52,FALSE
21,36,male,40,new,b,1,3.469900000005964,56,49,-15,84,31,-7,30,36,-6,31.94787421,37.31844941,-5.370575202,-15,-7,-8,-0.68,0.2,-0.88,FALSE
21,36,male,41,new,a,0,5.870800000011911,94,45,-8,97,10,-3,43.66666667,34.66666667,9,41.65199742,44.39469438,-2.74269696,-8,-3,-5,-0.05,0.66,-0.71,FALSE
21,36,male,42,new,a,0,2.770900000005952,74,29,-58,96,13,-55,15,18,-3,54.79051013,61.74679479,-6.956284661,-58,-55,-3,-0.37,0.12,-0.49,FALSE
21,36,male,0,old,a,0,1.6974000000059846,81,24,-16,74,4,-7,29.66666667,23.66666667,6,39.80228916,35.8732336,3.929055559,-16,-7,-9,0.21,0.66,-0.45,FALSE
21,36,male,1,old,b,1,1.071300000011945,83,50,-11,85,29,-1,40.66666667,37.66666667,3,38.93869826,35.64017708,3.298521182,-11,-1,-10,-0.35,0.35,-0.7,FALSE
21,36,male,2,old,a,0,0.8608000000119205,93,64,-10,95,40,-6,49,43,6,43.36665386,41.28760912,2.079044738,-10,-6,-4,-0.48,0.11,-0.59,FALSE
21,36,male,3,old,a,0,1.3804000000059773,55,15,-13,42,31,-7,19,22,-3,27.90459938,20.99206199,6.91253739,-13,-7,-6,0.21,-0.56,0.77,FALSE
21,36,male,4,old,b,1,4.006700000017929,85,2,-81,57,52,-76,2,11,-9,67.76921622,61.55214591,6.217070303,-81,-76,-5,0,-0.7,0.7,FALSE
21,36,male,5,old,b,1,2.835499999999968,80,72,-12,88,45,-2,46.66666667,43.66666667,3,41.61196409,36.7544404,4.857523695,-12,-2,-10,-0.69,-0.05,-0.64,FALSE
21,36,male,6,old,b,1,1.913400000005936,75,4,-67,57,43,-61,4,13,-9,57.97125725,52.63712252,5.334134731,-67,-61,-6,0,-0.67,0.67,FALSE
21,36,male,7,old,a,0,3.987700000017867,77,25,-58,53,45,-54,14.66666667,14.66666667,0,55.59576323,48.66438351,6.93137972,-58,-54,-4,-0.27,-0.69,0.42,FALSE
21,36,male,8,old,b,1,2.3723000000119328,93,31,-8,70,68,-4,38.66666667,44.66666667,-6,41.5879256,34.42221505,7.165710549,-8,-4,-4,0.27,-0.71,0.98,FALSE
21,36,male,9,old,a,0,2.940599999993992,98,41,-24,75,68,-19,38.33333333,41.33333333,-3,49.8419725,42.75771535,7.084257142,-24,-19,-5,-0.08,-0.69,0.61,FALSE
21,36,male,10,old,a,0,1.1723000000118873,66,31,-13,68,19,-3,28,28,0,32.3213036,29.67602849,2.645275119,-13,-3,-10,-0.14,0.43,-0.57,FALSE
21,36,male,11,old,b,1,1.3117000000178791,91,81,-24,99,44,-22,49.33333333,40.33333333,9,52.01495511,49.46603773,2.548917383,-24,-22,-2,-0.69,-0.11,-0.58,FALSE
21,36,male,12,old,a,0,1.0209000000059518,99,51,-13,95,36,-3,45.66666667,42.66666667,3,45.87906809,40.28509512,5.59397297,-13,-3,-10,-0.17,0.24,-0.41,FALSE
21,36,male,13,old,a,0,2.2934999999999945,93,58,-8,94,41,-1,47.66666667,44.66666667,3,41.87547678,38.87015422,3.005322563,-8,-1,-7,-0.36,0.14,-0.5,FALSE
21,36,male,14,old,a,0,1.8695999999940227,99,35,-16,88,50,-11,39.33333333,42.33333333,-3,47.0484384,40.77853466,6.269903738,-16,-11,-5,0.14,-0.28,0.42,FALSE
21,36,male,16,old,a,0,2.846000000000004,67,11,-13,61,36,-5,21.66666667,30.66666667,-9,33.51948024,27.20702524,6.312455003,-13,-5,-8,0.45,-0.29,0.74,FALSE
21,36,male,17,old,b,1,2.319599999994012,74,43,-22,76,14,-13,31.66666667,25.66666667,6,40.00277768,37.25885428,2.743923402,-22,-13,-9,-0.4,0.44,-0.84,FALSE
21,36,male,18,old,a,0,1.80329999998213,97,58,-61,98,20,-51,31.33333333,22.33333333,9,67.20284386,60.85136719,6.351476665,-61,-51,-10,-0.53,0.06,-0.59,FALSE
21,36,male,19,old,a,0,1.1738000000119655,94,70,-40,98,38,-30,41.33333333,35.33333333,6,58.33999962,52.2897908,6.050208816,-40,-30,-10,-0.62,-0.08,-0.54,FALSE
21,36,male,20,old,a,0,1.0894000000059805,68,25,-12,60,2,-8,27,18,9,32.69046752,29.97776954,2.712697979,-12,-8,-4,0.09,0.65,-0.56,FALSE
21,36,male,21,old,a,0,1.087900000005959,80,10,-63,59,46,-60,9,15,-6,58.3837877,53.2979049,5.085882805,-63,-60,-3,-0.03,-0.68,0.65,FALSE
21,36,male,22,old,a,0,1.1800000000000637,88,33,-10,73,59,-3,37,43,-6,40.10818703,33.02524287,7.082944157,-10,-3,-7,0.15,-0.61,0.76,FALSE
21,36,male,23,old,a,0,0.7046999999880654,53,8,-34,41,23,-28,9,12,-3,35.52463934,29.22327839,6.301360944,-34,-28,-6,0.04,-0.51,0.55,FALSE
21,36,male,24,old,a,0,1.7561999999880982,80,2,-60,69,30,-50,7.333333333,16.33333333,-9,57.27904406,49.5333782,7.745665868,-60,-50,-10,0.14,-0.39,0.53,FALSE
21,36,male,25,old,a,0,1.081300000011879,56,42,-72,65,9,-66,8.666666667,2.666666667,6,57.32558087,53.66770185,3.657879018,-72,-66,-6,-0.68,-0.18,-0.5,FALSE
21,36,male,26,old,b,1,0.9763000000119746,64,24,-23,50,35,-20,21.66666667,21.66666667,0,35.55590278,30.09245014,5.463452634,-23,-20,-3,-0.1,-0.58,0.48,FALSE
21,36,male,27,old,b,1,1.9780999999941289,76,3,-64,59,38,-55,5,14,-9,57.17225434,49.53786431,7.634390037,-64,-55,-9,0.05,-0.61,0.66,FALSE
21,36,male,28,old,b,1,1.5354000000060068,92,60,-21,99,43,-11,43.66666667,43.66666667,0,47.55581516,44.90978611,2.646029045,-21,-11,-10,-0.47,0.02,-0.49,FALSE
21,36,male,29,old,a,0,1.7237000000178568,69,24,-23,60,43,-15,23.33333333,29.33333333,-6,37.56180093,32.10745846,5.454342465,-23,-15,-8,-0.03,-0.56,0.53,FALSE
21,36,male,30,old,b,1,1.2905000000000657,95,48,-30,71,67,-25,37.66666667,37.66666667,0,51.55148451,44.3421044,7.209380118,-30,-25,-5,-0.29,-0.7,0.41,FALSE
21,36,male,31,old,a,0,1.3460000000000036,70,12,-66,45,34,-63,5.333333333,5.333333333,0,55.72152985,48.52719741,7.194332436,-66,-63,-3,-0.18,-0.68,0.5,FALSE
21,36,male,32,old,a,0,1.1024999999999636,91,54,-88,96,14,-80,19,10,9,77.1535266,71.90734779,5.246178806,-88,-80,-8,-0.59,-0.08,-0.51,FALSE
21,36,male,33,old,a,0,1.5465000000000373,91,75,-12,94,55,-4,51.33333333,48.33333333,3,45.25728916,40.28509512,4.97219404,-12,-4,-8,-0.64,-0.24,-0.4,FALSE
21,36,male,34,old,b,1,1.2736999999880254,91,67,-10,95,46,-2,49.33333333,46.33333333,3,43.08389748,39.60078563,3.483111855,-10,-2,-8,-0.55,0.01,-0.56,FALSE
21,36,male,35,old,b,1,1.580500000000029,61,54,-82,79,11,-75,11,5,6,65.82299497,63.01322612,2.809768844,-82,-75,-7,-0.7,-0.14,-0.56,FALSE
21,36,male,36,old,b,1,1.8086999999881077,90,44,-48,88,16,-45,28.66666667,19.66666667,9,57.37207993,54.3588897,3.013190235,-48,-45,-3,-0.38,0.1,-0.48,FALSE
21,36,male,37,old,b,1,6.095500000000016,83,23,-56,70,49,-51,16.66666667,22.66666667,-6,56.92294987,52.7909925,4.131957375,-56,-51,-5,-0.17,-0.62,0.45,FALSE
21,36,male,38,old,a,0,1.8533999999760908,88,17,-44,82,43,-37,20.33333333,29.33333333,-9,53.94029621,49.5333782,4.406918017,-44,-37,-7,0.09,-0.39,0.48,FALSE
21,36,male,39,old,b,1,1.8287999999821525,63,2,-47,49,23,-45,6,9,-3,44.99629614,39.63163719,5.36465895,-47,-45,-2,0.13,-0.49,0.62,FALSE
21,36,male,40,old,a,0,1.5732000000178914,67,19,-22,60,38,-16,21.33333333,27.33333333,-6,36.37153955,31.93048004,4.441059506,-22,-16,-6,0.1,-0.46,0.56,FALSE
21,36,male,41,old,a,0,3.5067000000178723,53,9,-17,37,30,-13,15,18,-3,28.89059824,22.10580618,6.784792065,-17,-13,-4,0.3,-0.65,0.95,FALSE
21,36,male,42,old,a,0,2.8726000000239083,84,27,-36,73,4,-29,25,16,9,49.01020302,42.49705872,6.513144298,-36,-29,-7,-0.06,0.4,-0.46,FALSE
21,36,male,0,new,b,1,5.431099999994103,54,34,-67,84,8,-62,7,10,-3,52.95910372,59.62102537,-6.661921656,-67,-62,-5,-0.63,0.05,-0.68,FALSE
21,36,male,1,new,a,0,2.274099999994064,54,51,-50,87,14,-46,18.33333333,18.33333333,0,48.33448274,54.3834125,-6.048929759,-50,-46,-4,-0.71,0.12,-0.83,FALSE
21,36,male,2,new,b,1,1.5692999999821495,80,48,-26,89,7,-21,34,25,9,44.39219151,46.6761895,-2.283997999,-26,-21,-5,-0.44,0.52,-0.96,FALSE
21,36,male,3,new,b,1,1.220699999988028,62,44,-43,91,27,-37,21,27,-6,45.84757355,52.25578118,-6.408207634,-43,-37,-6,-0.63,0,-0.63,FALSE
21,36,male,4,new,a,0,1.34050000000002,75,48,-36,95,7,-33,29,23,6,47.26520919,53.46650042,-6.201291223,-36,-33,-3,-0.54,0.42,-0.96,FALSE
21,36,male,5,new,b,1,1.2639000000059468,68,52,-62,94,9,-54,19.33333333,16.33333333,3,57.88110419,60.64285247,-2.761748279,-62,-54,-8,-0.67,0.18,-0.85,FALSE
21,36,male,6,new,b,1,1.9948000000118784,37,15,-44,59,10,-34,2.666666667,11.66666667,-9,34.19876541,37.9853773,-3.786611894,-44,-34,-10,-0.49,0.07,-0.56,FALSE
21,36,male,7,new,a,0,1.2982999999821914,68,60,-38,99,37,-28,30,36,-6,48.19405219,51.85235449,-3.658302303,-38,-28,-10,-0.69,-0.03,-0.66,FALSE
21,36,male,8,new,b,1,1.5634999999999764,79,50,-10,95,17,-2,39.66666667,36.66666667,3,37.06151043,41.97088938,-4.90937895,-10,-2,-8,-0.4,0.6,-1,FALSE
21,36,male,9,new,a,0,3.078100000023824,73,45,-52,99,1,-43,22,19,3,53.55993528,59.35205697,-5.792121696,-52,-43,-9,-0.56,0.43,-0.99,FALSE
21,36,male,10,new,b,1,2.594900000005964,88,50,-27,96,11,-23,37,28,9,47.84001115,50.04664491,-2.206633761,-27,-23,-4,-0.39,0.47,-0.86,FALSE
21,36,male,11,new,b,1,1.820399999976189,38,17,-31,62,16,-27,8,17,-9,28.87905816,36.34097779,-7.461919633,-31,-27,-4,-0.44,0.04,-0.48,FALSE
21,36,male,12,new,b,1,1.538800000011861,89,36,-51,98,7,-49,24.66666667,18.66666667,6,57.71385353,60.5768566,-2.863003074,-51,-49,-2,-0.29,0.28,-0.57,FALSE
21,36,male,13,new,a,0,1.1879999999999882,69,50,-40,89,13,-32,26.33333333,23.33333333,3,47.54179448,49.93551397,-2.393719493,-40,-32,-8,-0.62,0.3,-0.92,FALSE
21,36,male,14,new,b,1,1.169900000005896,38,36,-51,71,20,-41,7.666666667,16.66666667,-9,41.49163236,45.78451946,-4.292887105,-51,-41,-10,-0.71,-0.11,-0.6,FALSE
21,36,male,15,new,b,1,2.0151999999881127,87,54,-16,96,14,-12,41.66666667,32.66666667,9,42.94440851,46.02414825,-3.079739742,-16,-12,-4,-0.41,0.54,-0.95,FALSE
21,36,male,16,new,a,0,2.933499999999981,73,23,-91,92,2,-89,1.666666667,1.666666667,0,68.63105873,73.89331649,-5.262257764,-91,-89,-2,-0.44,-0.01,-0.43,FALSE
21,36,male,17,new,a,0,1.7464000000060196,86,32,-13,90,5,-8,35,29,6,40.47221269,43.45879274,-2.986580053,-13,-8,-5,0.11,0.66,-0.55,FALSE
21,36,male,18,new,b,1,1.388700000017934,44,31,-57,70,16,-50,6,12,-6,44.86275367,49.07137659,-4.208622918,-57,-50,-7,-0.66,-0.12,-0.54,FALSE
21,36,male,19,new,b,1,2.3877999999821213,47,44,-54,78,9,-50,12.33333333,12.33333333,0,46.92073695,52.3089115,-5.388174553,-54,-50,-4,-0.7,0.1,-0.8,FALSE
21,36,male,20,new,b,1,2.5425999999940814,71,38,-70,91,1,-62,13,10,3,60.21627687,62.78534861,-2.56907174,-70,-62,-8,-0.55,0.21,-0.76,FALSE
21,36,male,21,new,a,0,1.5384000000060496,80,38,-19,90,6,-15,33,27,6,40.57092555,45.36518489,-4.794259339,-19,-15,-4,-0.18,0.6,-0.78,FALSE
21,36,male,22,new,b,1,2.076999999999998,69,45,-22,90,19,-17,30.66666667,30.66666667,0,38.50829636,44.45472103,-5.94642467,-22,-17,-5,-0.51,0.38,-0.89,FALSE
21,36,male,23,new,b,1,1.4897000000178195,44,36,-47,66,12,-45,11,11,0,41.14203041,45.32107677,-4.17904636,-47,-45,-2,-0.69,-0.03,-0.66,FALSE
21,36,male,24,new,b,1,1.5138000000118836,49,45,-36,87,24,-26,19.33333333,28.33333333,-9,39.16063783,46.23370584,-7.073068005,-36,-26,-10,-0.7,0.14,-0.84,FALSE
21,36,male,25,new,a,0,2.7278999999761027,31,25,-52,57,4,-48,1.333333333,4.333333333,-3,37.79182745,42.86671851,-5.074891054,-52,-48,-4,-0.69,0.01,-0.7,FALSE
21,36,male,26,new,b,1,2.6064999999999827,32,24,-44,60,15,-36,4,13,-9,34.09789827,39.2173431,-5.119444829,-44,-36,-8,-0.68,-0.08,-0.6,FALSE
21,36,male,27,new,b,1,1.264199999988023,56,21,-48,76,2,-40,9.666666667,12.66666667,-3,43.20750964,47.95368136,-4.74617172,-48,-40,-8,-0.38,0.32,-0.7,FALSE
21,36,male,28,new,b,1,2.8294000000059896,58,27,-46,74,5,-40,13,13,0,43.59663596,46.88283268,-3.286196723,-46,-40,-6,-0.45,0.25,-0.7,FALSE
21,36,male,29,new,b,1,1.976199999988012,82,49,-19,98,16,-11,37.33333333,34.33333333,3,42.05023451,46.34891824,-4.298683734,-19,-11,-8,-0.39,0.53,-0.92,FALSE
21,36,male,30,new,a,0,1.2710999999940211,72,42,-20,78,6,-17,31.33333333,22.33333333,9,38.30868773,40.46672158,-2.158033852,-20,-17,-3,-0.4,0.54,-0.94,FALSE
21,36,male,31,new,b,1,1.2384000000059814,42,23,-11,63,18,-9,18,24,-6,21.92411154,29.69848481,-7.774373273,-11,-9,-2,-0.33,0.29,-0.62,FALSE
21,36,male,32,new,b,1,2.074599999994007,53,40,-78,88,6,-70,5,8,-3,58.92933621,64.51873113,-5.589394916,-78,-70,-8,-0.68,0.05,-0.73,FALSE
21,36,male,33,new,a,0,1.57289999997613,86,41,-34,96,4,-25,31,25,6,49.49747468,51.58165048,-2.084175801,-34,-25,-9,-0.29,0.54,-0.83,FALSE
21,36,male,34,new,b,1,2.6731999999880145,43,31,-49,75,8,-40,8.333333333,14.33333333,-6,40.83571422,47.16166051,-6.325946295,-49,-40,-9,-0.66,0.2,-0.86,FALSE
21,36,male,35,new,b,1,2.379400000005944,73,53,-41,99,7,-39,28.33333333,22.33333333,6,49.70133019,57.37207993,-7.670749745,-41,-39,-2,-0.62,0.38,-1,FALSE
21,36,male,36,new,a,0,2.6055000000000064,85,51,-7,92,14,-4,43,34,9,37.98245209,41.66533331,-3.682881223,-7,-4,-3,-0.31,0.61,-0.92,FALSE
21,36,male,37,new,b,1,2.2522999999821423,72,24,-83,93,6,-77,4.333333333,7.333333333,-3,64.78854494,69.40861298,-4.620068037,-83,-77,-6,-0.43,0.03,-0.46,FALSE
21,36,male,38,new,b,1,1.155900000005886,45,26,-62,73,18,-55,3,12,-9,46.61187259,52.42772803,-5.815855439,-62,-55,-7,-0.62,-0.17,-0.45,FALSE
21,36,male,39,new,b,1,1.072599999994054,66,47,-58,95,21,-52,18.33333333,21.33333333,-3,54.53031777,60.01296156,-5.482643798,-58,-52,-6,-0.64,0.01,-0.65,FALSE
21,36,male,40,new,b,1,1.5040999999940825,59,30,-17,77,20,-7,24,30,-6,31.31559782,35.0142828,-3.698684983,-17,-7,-10,-0.28,0.41,-0.69,FALSE
21,36,male,41,new,b,1,0.9872000000178788,78,57,-50,98,6,-46,28.33333333,19.33333333,9,56.04958123,59.5389695,-3.489388273,-50,-46,-4,-0.63,0.32,-0.95,FALSE
21,36,male,0,old,a,0,18.71550000000002,57,19,-12,42,29,-7,21.33333333,21.33333333,0,28.21740991,20.72572208,7.491687838,-12,-7,-5,0.12,-0.5,0.62,FALSE
21,36,male,1,old,a,0,2.419599999994034,63,16,-47,44,40,-43,10.66666667,13.66666667,-3,45.0653846,40.10264608,4.962738522,-47,-43,-4,-0.18,-0.7,0.52,FALSE
21,36,male,2,old,a,0,1.6729000000059386,85,68,-15,91,43,-5,46,43,3,43.68828981,39.19183588,4.496453927,-15,-5,-10,-0.63,0,-0.63,FALSE
21,36,male,3,old,a,0,1.1030000000000657,99,52,-13,90,75,-9,46,52,-6,45.92022067,43.56604182,2.354178852,-13,-9,-4,-0.19,-0.64,0.45,FALSE
21,36,male,4,old,a,0,1.4689000000059875,98,42,-26,70,68,-24,38,38,0,50.70174224,43.84822307,6.853519172,-26,-24,-2,-0.12,-0.71,0.59,FALSE
21,36,male,5,old,b,1,3.1106999999880145,79,64,-29,81,28,-22,38,29,9,47.77028365,42.05551886,5.714764789,-29,-22,-7,-0.66,0.04,-0.7,FALSE
21,36,male,6,old,a,0,1.7909000000058768,78,43,-10,60,54,-3,37,37,0,36.17549815,28.39013913,7.785359021,-10,-3,-7,-0.24,-0.68,0.44,FALSE
21,36,male,7,old,b,1,1.506099999994035,64,62,-48,70,29,-39,26,20,6,52.33227175,44.95182607,7.380445685,-48,-39,-9,-0.71,-0.29,-0.42,FALSE
21,36,male,8,old,a,0,6.211999999999989,80,43,-35,75,18,-32,29.33333333,20.33333333,9,47.93282336,43.71371511,4.219108251,-35,-32,-3,-0.4,0.08,-0.48,FALSE
21,36,male,10,old,b,1,1.6373999999761963,79,13,-40,74,33,-37,17.33333333,23.33333333,-6,48.67808085,45.82818153,2.849899325,-40,-37,-3,0.13,-0.31,0.44,FALSE
21,36,male,11,old,a,0,2.327900000005912,91,79,-11,99,39,-6,53,44,9,45.51922671,43.01162634,2.507600372,-11,-6,-5,-0.67,0.17,-0.84,FALSE
21,36,male,12,old,a,0,3.39469999998812,53,8,-35,40,19,-33,8.666666667,8.666666667,0,35.92894222,30.68477726,5.244164957,-35,-33,-2,0.03,-0.47,0.5,FALSE
21,36,male,13,old,a,0,1.3190999999940232,85,24,-45,67,54,-39,21.33333333,27.33333333,-6,53.10576449,47.20404879,5.901715701,-45,-39,-6,-0.08,-0.67,0.59,FALSE
21,36,male,14,old,a,0,1.7034999999999627,46,30,-55,47,6,-50,7,1,6,44.32456054,39.75759885,4.566961681,-55,-50,-5,-0.64,-0.19,-0.45,FALSE
21,36,male,15,old,a,0,1.5234000000059496,82,31,-53,64,62,-48,20,26,-6,55.6596802,52.33227175,3.327408449,-53,-48,-5,-0.29,-0.71,0.42,FALSE
21,36,male,16,old,b,1,1.2220999999940432,98,58,-16,96,41,-6,46.66666667,43.66666667,3,47.22522866,41.6839964,5.541232266,-16,-6,-10,-0.35,0.1,-0.45,FALSE
21,36,male,17,old,a,0,2.838299999982155,74,21,-46,56,42,-40,16.33333333,19.33333333,-3,49.10080334,42.34251869,6.758284654,-46,-40,-6,-0.14,-0.65,0.51,FALSE
21,36,male,18,old,a,0,1.9566000000238544,58,38,-11,53,25,-2,28.33333333,25.33333333,3,28.98658694,22.45489306,6.531693879,-11,-2,-9,-0.46,0.02,-0.48,FALSE
21,36,male,19,old,b,1,2.689700000017865,65,13,-18,61,36,-10,20,29,-9,34.24422092,29.40521496,4.839005967,-18,-10,-8,0.3,-0.34,0.64,FALSE
21,36,male,20,old,a,0,2.855599999993956,73,52,-43,84,13,-33,27.33333333,21.33333333,6,50.4667107,48.12714642,2.339564283,-43,-33,-10,-0.62,0.25,-0.87,FALSE
21,36,male,21,old,a,0,3.14109999999414,56,8,-52,40,33,-43,4,10,-6,44.18144407,37.58545818,6.595985888,-52,-43,-9,-0.14,-0.69,0.55,FALSE
21,36,male,22,old,a,0,2.837799999982167,57,44,-13,53,29,-3,29.33333333,26.33333333,3,30.40102337,22.93953405,7.461489329,-13,-3,-10,-0.61,-0.17,-0.44,FALSE
21,36,male,23,old,a,0,0.9529000000059114,79,40,-26,73,13,-20,31,22,9,43.33589736,38.49675311,4.83914425,-26,-20,-6,-0.3,0.34,-0.64,FALSE
21,36,male,24,old,a,0,0.7480000000000473,79,16,-61,58,42,-57,11.33333333,14.33333333,-3,57.24993935,50.86146762,6.388471726,-61,-57,-4,-0.12,-0.65,0.53,FALSE
21,36,male,25,old,b,1,2.245199999988131,48,3,-24,46,23,-15,9,18,-9,29.69848481,25.15286597,4.545618837,-24,-15,-9,0.29,-0.29,0.58,FALSE
21,36,male,26,old,b,1,3.4927000000178623,96,19,-78,77,43,-74,12.33333333,15.33333333,-3,71.19144768,64.67525716,6.516190515,-78,-74,-4,-0.14,-0.56,0.42,FALSE
21,36,male,27,old,a,0,4.005499999999984,77,69,-21,82,39,-14,41.66666667,35.66666667,6,44.43222054,39.26264835,5.16957219,-21,-14,-7,-0.69,-0.13,-0.56,FALSE
21,36,male,28,old,b,1,17.952699999988113,82,11,-76,60,51,-67,5.666666667,14.66666667,-9,64.61338011,57.86382482,6.749555292,-76,-67,-9,-0.12,-0.69,0.57,FALSE
21,36,male,29,old,b,1,3.201400000005947,70,57,-28,78,40,-19,33,33,0,43.45879274,39.90822806,3.550564686,-28,-19,-9,-0.66,-0.26,-0.4,FALSE
21,36,male,30,old,a,0,2.673899999976129,74,5,-55,57,19,-52,8,8,0,52.70673581,45.17373868,7.532997129,-55,-52,-3,0.09,-0.35,0.44,FALSE
21,36,male,31,old,a,0,3.827999999999975,79,63,-12,80,36,-4,43.33333333,37.33333333,6,39.6680672,34.30581421,5.362252988,-12,-4,-8,-0.62,0.06,-0.68,FALSE
21,36,male,32,old,b,1,4.56359999999404,46,32,-39,42,9,-30,13,7,6,37.21110945,29.42787794,7.783231513,-39,-30,-9,-0.63,-0.1,-0.53,FALSE
21,36,male,33,old,a,0,3.738599999993994,65,57,-40,69,18,-32,27.33333333,18.33333333,9,47.72374205,41.23375101,6.489991045,-40,-32,-8,-0.69,0.01,-0.7,FALSE
21,36,male,34,old,a,0,3.913700000017912,61,12,-35,44,34,-31,12.66666667,15.66666667,-3,39.19467084,33.24989557,5.944775267,-35,-31,-4,0.03,-0.66,0.69,FALSE
21,36,male,35,old,a,0,9.8350999999941,70,51,-43,75,10,-34,26,17,9,49.40310382,44.77350407,4.629599747,-43,-34,-9,-0.63,0.23,-0.86,FALSE
21,36,male,36,old,b,1,3.322899999976244,91,22,-54,72,61,-47,19.66666667,28.66666667,-9,59.21899095,53.69254035,5.526450601,-54,-47,-7,-0.06,-0.68,0.62,FALSE
21,36,male,37,old,a,0,1.4924000000058868,59,9,-67,40,31,-61,0.333333333,3.333333333,-3,51.80304581,45.63867755,6.164368259,-67,-61,-6,-0.25,-0.69,0.44,FALSE
21,36,male,38,old,b,1,2.743700000017838,53,40,-11,50,25,-2,27.33333333,24.33333333,3,27.62044331,21.23414441,6.386298903,-11,-2,-9,-0.59,-0.05,-0.54,FALSE
21,36,male,39,old,b,1,4.239199999988045,60,5,-41,53,30,-32,8,17,-9,41.28760912,35.89800366,5.389605459,-41,-32,-9,0.11,-0.5,0.61,FALSE
21,36,male,40,old,b,1,1.7206000000238646,87,78,-16,94,52,-6,49.66666667,46.66666667,3,46.57848812,40.99864496,5.579843156,-16,-6,-10,-0.69,-0.19,-0.5,FALSE
21,36,male,41,old,a,0,1.5049000000059325,92,2,-70,66,50,-65,8,17,-9,66.2721661,58.34952156,7.92264454,-70,-65,-5,0.14,-0.67,0.81,FALSE
21,36,male,42,old,a,0,2.5286999999881346,48,21,-20,41,36,-10,16.33333333,22.33333333,-6,27.95631513,22.9540604,5.002254727,-20,-10,-10,-0.25,-0.68,0.43,FALSE
22,52,female,0,new,a,0,2.7638999999985003,76,38,-12,82,9,-7,34,28,6,36.037018,38.73843914,-2.701421131,-12,-7,-5,-0.17,0.62,-0.79,FALSE
22,52,female,1,new,b,1,5.709899999998527,45,40,-49,77,30,-44,12,21,-9,43.18178628,49.80629144,-6.624505153,-49,-44,-5,-0.7,-0.27,-0.43,FALSE
22,52,female,2,new,a,0,1.8512999999970248,85,45,-46,95,4,-42,28,19,9,54.81483984,56.92685365,-2.112013812,-46,-42,-4,-0.44,0.38,-0.82,FALSE
22,52,female,3,new,a,0,0.5693999999985522,76,31,-39,96,19,-29,22.66666667,28.66666667,-6,47.31689856,51.48678363,-4.169885078,-39,-29,-10,-0.26,0.28,-0.54,FALSE
22,52,female,4,new,b,1,2.1012999999970248,35,19,-36,66,5,-26,6,15,-9,30.40833219,38.21866909,-7.810336894,-36,-26,-10,-0.56,0.37,-0.93,FALSE
22,52,female,5,new,b,1,3.998300000000768,75,60,-69,99,6,-66,22,13,9,64.63745044,67.54257916,-2.905128718,-69,-66,-3,-0.68,0.15,-0.83,FALSE
22,52,female,6,new,a,0,7.4214999999999804,71,36,-38,93,11,-35,23,23,0,45.43860326,52.94021786,-7.501614591,-38,-35,-3,-0.41,0.33,-0.74,FALSE
22,52,female,7,new,a,0,2.1715000000000373,72,24,-26,91,16,-19,23.33333333,29.33333333,-6,40.01110957,45.88633299,-5.875223425,-26,-19,-7,-0.02,0.41,-0.43,FALSE
22,52,female,8,new,b,1,1.51819999999924,82,41,-36,94,3,-28,29,23,6,48.91489207,51.77515492,-2.860262842,-36,-28,-8,-0.35,0.52,-0.87,FALSE
22,52,female,9,new,b,1,31.8553000000008,75,51,-33,96,10,-31,31,25,6,46.30334761,52.92132525,-6.617977643,-33,-31,-2,-0.57,0.4,-0.97,FALSE
22,52,female,11,new,a,0,3.2170999999977994,62,55,-78,93,7,-70,13,10,3,64.41014413,66.57827473,-2.168130606,-78,-70,-8,-0.7,0.07,-0.77,FALSE
22,52,female,12,new,b,1,1.5524000000021942,56,49,-15,84,31,-7,30,36,-6,31.94787421,37.31844941,-5.370575202,-15,-7,-8,-0.68,0.2,-0.88,FALSE
22,52,female,13,new,a,0,1.7835000000000036,73,32,-44,95,17,-42,20.33333333,23.33333333,-3,48.47221426,56.10902086,-7.6368066,-44,-42,-2,-0.35,0.17,-0.52,FALSE
22,52,female,14,new,b,1,1.4530999999977323,51,25,-16,72,5,-8,20,23,-3,27.58018612,35.05234181,-7.47215569,-16,-8,-8,-0.27,0.63,-0.9,FALSE
22,52,female,15,new,b,1,1.136000000000081,86,35,-10,92,6,-5,37,31,6,39.2173431,43.36665386,-4.149310754,-10,-5,-5,0.08,0.67,-0.59,FALSE
22,52,female,16,new,b,1,1.0545999999977766,40,34,-14,62,29,-4,20,29,-9,24.16609195,26.94438717,-2.778295223,-14,-4,-10,-0.67,0,-0.67,FALSE
22,52,female,17,new,b,1,1.386199999999235,66,55,-73,97,23,-63,16,19,-3,63.09252465,65.38093504,-2.28841039,-73,-63,-10,-0.69,-0.09,-0.6,FALSE
22,52,female,18,new,b,1,0.7698000000008278,84,38,-47,98,2,-43,25,19,6,54.26478293,58.80476171,-4.53997878,-47,-43,-4,-0.35,0.41,-0.76,FALSE
22,52,female,19,new,b,1,1.685799999997016,63,62,-52,88,34,-49,24.33333333,24.33333333,0,53.97736151,56.34615239,-2.368790878,-52,-49,-3,-0.71,-0.25,-0.46,FALSE
22,52,female,20,new,b,1,1.301899999998568,62,43,-86,99,27,-80,6.333333333,15.33333333,-9,65.74867975,73.54061614,-7.79193639,-86,-80,-6,-0.66,-0.23,-0.43,FALSE
22,52,female,21,new,b,1,1.211599999997702,67,58,-29,93,49,-19,32,41,-9,43.28972164,46.07240678,-2.782685138,-29,-19,-10,-0.68,-0.26,-0.42,FALSE
22,52,female,22,new,b,1,1.402400000002217,70,31,-60,87,5,-51,13.66666667,13.66666667,0,54.46915539,56.6705881,-2.20143271,-60,-51,-9,-0.45,0.23,-0.68,FALSE
22,52,female,23,new,b,1,2.113300000000777,65,61,-27,97,23,-21,33,33,0,42.45782221,48.68949236,-6.231670156,-27,-21,-6,-0.7,0.3,-1,FALSE
22,52,female,24,new,b,1,1.369699999999284,59,34,-23,76,30,-18,23.33333333,29.33333333,-6,34.31552936,38.37823457,-4.062705208,-23,-18,-5,-0.44,-0.03,-0.41,FALSE
22,52,female,25,new,b,1,1.435899999998469,62,41,-30,88,24,-21,24.33333333,30.33333333,-6,39.36439452,44.723844,-5.359449486,-30,-21,-9,-0.56,0.21,-0.77,FALSE
22,52,female,26,new,b,1,1.1368999999984908,59,17,-45,75,4,-39,10.33333333,13.33333333,-3,42.71871825,47.00590979,-4.287191544,-45,-39,-6,-0.23,0.29,-0.52,FALSE
22,52,female,27,new,b,1,1.2695999999976948,58,27,-28,78,17,-20,19,25,-6,35.56215217,40.40627014,-4.844117975,-28,-20,-8,-0.33,0.29,-0.62,FALSE
22,52,female,28,new,b,1,1.6346999999992704,41,39,-29,73,26,-21,17,26,-9,32.53715825,38.3753393,-5.838181059,-29,-21,-8,-0.71,0,-0.71,FALSE
22,52,female,29,new,b,1,1.4528999999985217,61,33,-4,66,7,-1,30,24,6,26.62079388,29.87752779,-3.25673391,-4,-1,-3,-0.17,0.67,-0.84,FALSE
22,52,female,30,new,b,1,1.7756999999992331,74,29,-58,96,13,-55,15,18,-3,54.79051013,61.74679479,-6.956284661,-58,-55,-3,-0.37,0.12,-0.49,FALSE
22,52,female,31,new,a,0,101.91960000000142,59,53,-70,91,2,-60,14,11,3,59.44745579,61.97311245,-2.525656659,-70,-60,-10,-0.7,0.21,-0.91,FALSE
22,52,female,32,new,b,1,0.921699999999305,60,59,-71,98,2,-61,16,13,3,61.51964456,65.37583651,-3.856191956,-71,-61,-10,-0.71,0.25,-0.96,FALSE
22,52,female,33,new,a,0,0.7729000000022097,74,56,-98,99,2,-96,10.66666667,1.666666667,9,77.18952145,79.60876557,-2.4192441160000002,-98,-96,-2,-0.68,-0.01,-0.67,FALSE
22,52,female,34,new,b,1,1.452700000002892,73,35,-13,82,8,-4,31.66666667,28.66666667,3,35.18838192,38.02922853,-2.840846604,-13,-4,-9,-0.14,0.65,-0.79,FALSE
22,52,female,35,new,b,1,0.8056999999992058,82,33,-22,91,7,-14,31,28,3,42.48136847,45.36518489,-2.883816424,-22,-14,-8,-0.07,0.6,-0.67,FALSE
22,52,female,36,new,b,1,1.1200000000000043,83,36,-11,86,2,-7,36,27,9,38.3753393,41.88078318,-3.505443879,-11,-7,-4,0,0.68,-0.68,FALSE
22,52,female,37,new,a,0,0.6749999999999545,94,45,-8,97,10,-3,43.66666667,34.66666667,9,41.65199742,44.39469438,-2.74269696,-8,-3,-5,-0.05,0.66,-0.71,FALSE
22,52,female,38,new,b,1,1.1692999999970652,65,35,-38,81,15,-34,20.66666667,20.66666667,0,43.25377312,47.1192341,-3.865460983,-38,-34,-4,-0.46,0.18,-0.64,FALSE
22,52,female,39,new,b,1,1.0388000000007196,57,33,-39,75,10,-34,17,17,0,40.79215611,44.77350407,-3.981347961,-39,-34,-5,-0.53,0.23,-0.76,FALSE
22,52,female,40,new,b,1,1.4861000000014428,67,34,-14,82,3,-7,29,26,3,33.2565783,39.80787192,-6.551293622,-14,-7,-7,-0.22,0.67,-0.89,FALSE
22,52,female,41,new,b,1,1.75289999999859,83,52,-36,96,9,-33,33,24,9,50.4050262,53.72150407,-3.31647787,-36,-33,-3,-0.51,0.4,-0.91,FALSE
22,52,female,42,new,a,0,2.1188999999984617,56,39,-80,86,11,-73,5,8,-3,60.50344343,64.94613152,-4.442688096,-80,-73,-7,-0.67,-0.07,-0.6,FALSE
22,52,female,0,old,b,1,1.5709000000022115,92,60,-21,99,43,-11,43.66666667,43.66666667,0,47.55581516,44.90978611,2.646029045,-21,-11,-10,-0.47,0.02,-0.49,FALSE
22,52,female,1,old,b,1,1.053799999997068,84,27,-36,73,4,-29,25,16,9,49.01020302,42.49705872,6.513144298,-36,-29,-7,-0.06,0.4,-0.46,FALSE
22,52,female,2,old,b,1,1.3202999999970189,93,31,-8,70,68,-4,38.66666667,44.66666667,-6,41.5879256,34.42221505,7.165710549,-8,-4,-4,0.27,-0.71,0.98,FALSE
22,52,female,3,old,b,1,1.602800000000684,70,12,-66,45,34,-63,5.333333333,5.333333333,0,55.72152985,48.52719741,7.194332436,-66,-63,-3,-0.18,-0.68,0.5,FALSE
22,52,female,4,old,b,1,1.6097999999969943,83,23,-56,70,49,-51,16.66666667,22.66666667,-6,56.92294987,52.7909925,4.131957375,-56,-51,-5,-0.17,-0.62,0.45,FALSE
22,52,female,5,old,b,1,1.3542000000029475,99,51,-13,95,36,-3,45.66666667,42.66666667,3,45.87906809,40.28509512,5.59397297,-13,-3,-10,-0.17,0.24,-0.41,FALSE
22,52,female,6,old,b,1,1.172700000003033,67,11,-13,61,36,-5,21.66666667,30.66666667,-9,33.51948024,27.20702524,6.312455003,-13,-5,-8,0.45,-0.29,0.74,FALSE
22,52,female,7,old,b,1,1.0360000000000582,95,48,-30,71,67,-25,37.66666667,37.66666667,0,51.55148451,44.3421044,7.209380118,-30,-25,-5,-0.29,-0.7,0.41,FALSE
22,52,female,8,old,b,1,1.0698000000006689,91,67,-10,95,46,-2,49.33333333,46.33333333,3,43.08389748,39.60078563,3.483111855,-10,-2,-8,-0.55,0.01,-0.56,FALSE
22,52,female,9,old,b,1,0.95339999999851,76,3,-64,59,38,-55,5,14,-9,57.17225434,49.53786431,7.634390037,-64,-55,-9,0.05,-0.61,0.66,FALSE
22,52,female,10,old,b,1,2.3348000000007687,97,58,-61,98,20,-51,31.33333333,22.33333333,9,67.20284386,60.85136719,6.351476665,-61,-51,-10,-0.53,0.06,-0.59,FALSE
22,52,female,11,old,b,1,1.2041000000015174,63,2,-47,49,23,-45,6,9,-3,44.99629614,39.63163719,5.36465895,-47,-45,-2,0.13,-0.49,0.62,FALSE
22,52,female,12,old,b,1,1.0862999999969816,94,70,-40,98,38,-30,41.33333333,35.33333333,6,58.33999962,52.2897908,6.050208816,-40,-30,-10,-0.62,-0.08,-0.54,FALSE
22,52,female,13,old,b,1,1.636199999999235,61,54,-82,79,11,-75,11,5,6,65.82299497,63.01322612,2.809768844,-82,-75,-7,-0.7,-0.14,-0.56,FALSE
22,52,female,14,old,b,1,1.1538999999984298,64,24,-23,50,35,-20,21.66666667,21.66666667,0,35.55590278,30.09245014,5.463452634,-23,-20,-3,-0.1,-0.58,0.48,FALSE
22,52,female,15,old,b,1,1.1530999999978349,80,72,-12,88,45,-2,46.66666667,43.66666667,3,41.61196409,36.7544404,4.857523695,-12,-2,-10,-0.69,-0.05,-0.64,FALSE
22,52,female,16,old,b,1,1.6362000000029866,74,43,-22,76,14,-13,31.66666667,25.66666667,6,40.00277768,37.25885428,2.743923402,-22,-13,-9,-0.4,0.44,-0.84,FALSE
22,52,female,17,old,b,1,1.3022000000029266,80,2,-60,69,30,-50,7.333333333,16.33333333,-9,57.27904406,49.5333782,7.745665868,-60,-50,-10,0.14,-0.39,0.53,FALSE
22,52,female,18,old,b,1,0.9531999999992422,67,19,-22,60,38,-16,21.33333333,27.33333333,-6,36.37153955,31.93048004,4.441059506,-22,-16,-6,0.1,-0.46,0.56,FALSE
22,52,female,19,old,b,1,0.7038999999984981,88,33,-10,73,59,-3,37,43,-6,40.10818703,33.02524287,7.082944157,-10,-3,-7,0.15,-0.61,0.76,FALSE
22,52,female,20,old,b,1,1.1710000000000491,98,41,-24,75,68,-19,38.33333333,41.33333333,-3,49.8419725,42.75771535,7.084257142,-24,-19,-5,-0.08,-0.69,0.61,FALSE
22,52,female,21,old,b,1,1.1031999999993332,81,24,-16,74,4,-7,29.66666667,23.66666667,6,39.80228916,35.8732336,3.929055559,-16,-7,-9,0.21,0.66,-0.45,FALSE
22,52,female,22,old,b,1,1.4201999999993404,85,2,-81,57,52,-76,2,11,-9,67.76921622,61.55214591,6.217070303,-81,-76,-5,0,-0.7,0.7,FALSE
22,52,female,23,old,b,1,0.8863000000006878,68,25,-12,60,2,-8,27,18,9,32.69046752,29.97776954,2.712697979,-12,-8,-4,0.09,0.65,-0.56,FALSE
22,52,female,24,old,b,1,72.74840000000222,88,17,-44,82,43,-37,20.33333333,29.33333333,-9,53.94029621,49.5333782,4.406918017,-44,-37,-7,0.09,-0.39,0.48,FALSE
22,52,female,25,old,b,1,1.402599999997847,91,54,-88,96,14,-80,19,10,9,77.1535266,71.90734779,5.246178806,-88,-80,-8,-0.59,-0.08,-0.51,FALSE
22,52,female,26,old,b,1,0.6871999999991658,55,15,-13,42,31,-7,19,22,-3,27.90459938,20.99206199,6.91253739,-13,-7,-6,0.21,-0.56,0.77,FALSE
22,52,female,27,old,b,1,1.3029999999999973,75,4,-67,57,43,-61,4,13,-9,57.97125725,52.63712252,5.334134731,-67,-61,-6,0,-0.67,0.67,FALSE
22,52,female,28,old,b,1,0.8525999999977785,53,8,-34,41,23,-28,9,12,-3,35.52463934,29.22327839,6.301360944,-34,-28,-6,0.04,-0.51,0.55,FALSE
22,52,female,29,old,b,1,1.1031000000014046,91,81,-24,99,44,-22,49.33333333,40.33333333,9,52.01495511,49.46603773,2.548917383,-24,-22,-2,-0.69,-0.11,-0.58,FALSE
22,52,female,30,old,b,1,1.1200999999978194,99,35,-16,88,50,-11,39.33333333,42.33333333,-3,47.0484384,40.77853466,6.269903738,-16,-11,-5,0.14,-0.28,0.42,FALSE
22,52,female,31,old,b,1,0.8675000000000637,53,9,-17,37,30,-13,15,18,-3,28.89059824,22.10580618,6.784792065,-17,-13,-4,0.3,-0.65,0.95,FALSE
22,52,female,32,old,b,1,0.8363000000007332,93,64,-10,95,40,-6,49,43,6,43.36665386,41.28760912,2.079044738,-10,-6,-4,-0.48,0.11,-0.59,FALSE
22,52,female,33,old,b,1,1.136799999997038,56,42,-72,65,9,-66,8.666666667,2.666666667,6,57.32558087,53.66770185,3.657879018,-72,-66,-6,-0.68,-0.18,-0.5,FALSE
22,52,female,34,old,b,1,2.051300000000765,80,10,-63,59,46,-60,9,15,-6,58.3837877,53.2979049,5.085882805,-63,-60,-3,-0.03,-0.68,0.65,FALSE
22,52,female,35,old,b,1,1.2690000000000057,90,44,-48,88,16,-45,28.66666667,19.66666667,9,57.37207993,54.3588897,3.013190235,-48,-45,-3,-0.38,0.1,-0.48,FALSE
22,52,female,36,old,b,1,5.849000000000046,83,50,-11,85,29,-1,40.66666667,37.66666667,3,38.93869826,35.64017708,3.298521182,-11,-1,-10,-0.35,0.35,-0.7,FALSE
22,52,female,37,old,b,1,1.3865000000000691,77,25,-58,53,45,-54,14.66666667,14.66666667,0,55.59576323,48.66438351,6.93137972,-58,-54,-4,-0.27,-0.69,0.42,FALSE
22,52,female,39,old,b,1,0.8030999999978121,91,75,-12,94,55,-4,51.33333333,48.33333333,3,45.25728916,40.28509512,4.97219404,-12,-4,-8,-0.64,-0.24,-0.4,FALSE
22,52,female,40,old,b,1,0.7203999999985626,66,31,-13,68,19,-3,28,28,0,32.3213036,29.67602849,2.645275119,-13,-3,-10,-0.14,0.43,-0.57,FALSE
22,52,female,41,old,b,1,1.0366999999992004,69,24,-23,60,43,-15,23.33333333,29.33333333,-6,37.56180093,32.10745846,5.454342465,-23,-15,-8,-0.03,-0.56,0.53,FALSE
22,52,female,42,old,b,1,0.9355999999977485,93,58,-8,94,41,-1,47.66666667,44.66666667,3,41.87547678,38.87015422,3.005322563,-8,-1,-7,-0.36,0.14,-0.5,FALSE
22,52,female,0,new,b,1,1.823500000000081,31,25,-52,57,4,-48,1.333333333,4.333333333,-3,37.79182745,42.86671851,-5.074891054,-52,-48,-4,-0.69,0.01,-0.7,FALSE
22,52,female,1,new,b,1,1.5522000000030405,89,36,-51,98,7,-49,24.66666667,18.66666667,6,57.71385353,60.5768566,-2.863003074,-51,-49,-2,-0.29,0.28,-0.57,FALSE
22,52,female,2,new,b,1,3.0339000000022907,73,23,-91,92,2,-89,1.666666667,1.666666667,0,68.63105873,73.89331649,-5.262257764,-91,-89,-2,-0.44,-0.01,-0.43,FALSE
22,52,female,3,new,b,1,1.153199999999174,44,36,-47,66,12,-45,11,11,0,41.14203041,45.32107677,-4.17904636,-47,-45,-2,-0.69,-0.03,-0.66,FALSE
22,52,female,4,new,b,1,1.8028000000007296,69,50,-40,89,13,-32,26.33333333,23.33333333,3,47.54179448,49.93551397,-2.393719493,-40,-32,-8,-0.62,0.3,-0.92,FALSE
22,52,female,5,new,b,1,1.286300000000665,38,17,-31,62,16,-27,8,17,-9,28.87905816,36.34097779,-7.461919633,-31,-27,-4,-0.44,0.04,-0.48,FALSE
22,52,female,6,new,b,1,1.386800000000676,72,24,-83,93,6,-77,4.333333333,7.333333333,-3,64.78854494,69.40861298,-4.620068037,-83,-77,-6,-0.43,0.03,-0.46,FALSE
22,52,female,7,new,b,1,1.121099999997682,79,50,-10,95,17,-2,39.66666667,36.66666667,3,37.06151043,41.97088938,-4.90937895,-10,-2,-8,-0.4,0.6,-1,FALSE
22,52,female,8,new,b,1,1.2493000000008578,54,51,-50,87,14,-46,18.33333333,18.33333333,0,48.33448274,54.3834125,-6.048929759,-50,-46,-4,-0.71,0.12,-0.83,FALSE
22,52,female,9,new,b,1,1.0115000000000691,37,15,-44,59,10,-34,2.666666667,11.66666667,-9,34.19876541,37.9853773,-3.786611894,-44,-34,-10,-0.49,0.07,-0.56,FALSE
22,52,female,10,new,b,1,0.853300000000786,38,36,-51,71,20,-41,7.666666667,16.66666667,-9,41.49163236,45.78451946,-4.292887105,-51,-41,-10,-0.71,-0.11,-0.6,FALSE
22,52,female,11,new,b,1,1.4028999999984535,58,27,-46,74,5,-40,13,13,0,43.59663596,46.88283268,-3.286196723,-46,-40,-6,-0.45,0.25,-0.7,FALSE
22,52,female,12,new,b,1,1.2198000000007596,85,51,-7,92,14,-4,43,34,9,37.98245209,41.66533331,-3.682881223,-7,-4,-3,-0.31,0.61,-0.92,FALSE
22,52,female,13,new,b,1,0.8031000000014501,69,45,-22,90,19,-17,30.66666667,30.66666667,0,38.50829636,44.45472103,-5.94642467,-22,-17,-5,-0.51,0.38,-0.89,FALSE
22,52,female,14,new,a,0,0.969600000001492,32,24,-44,60,15,-36,4,13,-9,34.09789827,39.2173431,-5.119444829,-44,-36,-8,-0.68,-0.08,-0.6,FALSE
22,52,female,15,new,a,0,1.5032000000029484,66,47,-58,95,21,-52,18.33333333,21.33333333,-3,54.53031777,60.01296156,-5.482643798,-58,-52,-6,-0.64,0.01,-0.65,FALSE
22,52,female,16,new,a,0,0.3706000000015592,56,21,-48,76,2,-40,9.666666667,12.66666667,-3,43.20750964,47.95368136,-4.74617172,-48,-40,-8,-0.38,0.32,-0.7,FALSE
22,52,female,17,new,b,1,2.2696999999992613,45,26,-62,73,18,-55,3,12,-9,46.61187259,52.42772803,-5.815855439,-62,-55,-7,-0.62,-0.17,-0.45,FALSE
22,52,female,18,new,b,1,1.560699999999315,80,48,-26,89,7,-21,34,25,9,44.39219151,46.6761895,-2.283997999,-26,-21,-5,-0.44,0.52,-0.96,FALSE
22,52,female,19,new,b,1,1.3733999999985826,53,40,-78,88,6,-70,5,8,-3,58.92933621,64.51873113,-5.589394916,-78,-70,-8,-0.68,0.05,-0.73,FALSE
22,52,female,20,new,b,1,1.33689999999865,73,45,-52,99,1,-43,22,19,3,53.55993528,59.35205697,-5.792121696,-52,-43,-9,-0.56,0.43,-0.99,FALSE
22,52,female,21,new,b,1,1.2040000000001785,86,32,-13,90,5,-8,35,29,6,40.47221269,43.45879274,-2.986580053,-13,-8,-5,0.11,0.66,-0.55,FALSE
22,52,female,22,new,b,1,1.1694000000022695,73,53,-41,99,7,-39,28.33333333,22.33333333,6,49.70133019,57.37207993,-7.670749745,-41,-39,-2,-0.62,0.38,-1,FALSE
22,52,female,23,new,b,1,1.2374000000022534,80,38,-19,90,6,-15,33,27,6,40.57092555,45.36518489,-4.794259339,-19,-15,-4,-0.18,0.6,-0.78,FALSE
22,52,female,24,new,b,1,1.169799999997167,59,30,-17,77,20,-7,24,30,-6,31.31559782,35.0142828,-3.698684983,-17,-7,-10,-0.28,0.41,-0.69,FALSE
22,52,female,25,new,b,1,1.103899999998475,87,54,-16,96,14,-12,41.66666667,32.66666667,9,42.94440851,46.02414825,-3.079739742,-16,-12,-4,-0.41,0.54,-0.95,FALSE
22,52,female,26,new,b,1,1.1200000000001182,82,49,-19,98,16,-11,37.33333333,34.33333333,3,42.05023451,46.34891824,-4.298683734,-19,-11,-8,-0.39,0.53,-0.92,FALSE
22,52,female,27,new,b,1,1.3535000000001671,68,52,-62,94,9,-54,19.33333333,16.33333333,3,57.88110419,60.64285247,-2.761748279,-62,-54,-8,-0.67,0.18,-0.85,FALSE
22,52,female,28,new,b,1,1.3533000000006723,75,48,-36,95,7,-33,29,23,6,47.26520919,53.46650042,-6.201291223,-36,-33,-3,-0.54,0.42,-0.96,FALSE
22,52,female,29,new,b,1,2.652000000000044,62,44,-43,91,27,-37,21,27,-6,45.84757355,52.25578118,-6.408207634,-43,-37,-6,-0.63,0,-0.63,FALSE
22,52,female,30,new,b,1,1.536300000000665,88,50,-27,96,11,-23,37,28,9,47.84001115,50.04664491,-2.206633761,-27,-23,-4,-0.39,0.47,-0.86,FALSE
22,52,female,31,new,b,1,1.0045000000000073,44,31,-57,70,16,-50,6,12,-6,44.86275367,49.07137659,-4.208622918,-57,-50,-7,-0.66,-0.12,-0.54,FALSE
22,52,female,32,new,b,1,1.2858999999984917,72,42,-20,78,6,-17,31.33333333,22.33333333,9,38.30868773,40.46672158,-2.158033852,-20,-17,-3,-0.4,0.54,-0.94,FALSE
22,52,female,33,new,b,1,6.39560000000165,49,45,-36,87,24,-26,19.33333333,28.33333333,-9,39.16063783,46.23370584,-7.073068005,-36,-26,-10,-0.7,0.14,-0.84,FALSE
22,52,female,34,new,b,1,1.235800000000836,68,60,-38,99,37,-28,30,36,-6,48.19405219,51.85235449,-3.658302303,-38,-28,-10,-0.69,-0.03,-0.66,FALSE
22,52,female,35,new,b,1,1.2200000000000273,86,41,-34,96,4,-25,31,25,6,49.49747468,51.58165048,-2.084175801,-34,-25,-9,-0.29,0.54,-0.83,FALSE
22,52,female,36,new,b,1,1.486799999996947,43,31,-49,75,8,-40,8.333333333,14.33333333,-6,40.83571422,47.16166051,-6.325946295,-49,-40,-9,-0.66,0.2,-0.86,FALSE
22,52,female,37,new,b,1,1.5700000000001637,78,57,-50,98,6,-46,28.33333333,19.33333333,9,56.04958123,59.5389695,-3.489388273,-50,-46,-4,-0.63,0.32,-0.95,FALSE
22,52,female,38,new,b,1,1.3865000000000691,47,44,-54,78,9,-50,12.33333333,12.33333333,0,46.92073695,52.3089115,-5.388174553,-54,-50,-4,-0.7,0.1,-0.8,FALSE
22,52,female,39,new,b,1,14.50589999999852,42,23,-11,63,18,-9,18,24,-6,21.92411154,29.69848481,-7.774373273,-11,-9,-2,-0.33,0.29,-0.62,FALSE
22,52,female,40,new,b,1,1.1531000000015863,54,34,-67,84,8,-62,7,10,-3,52.95910372,59.62102537,-6.661921656,-67,-62,-5,-0.63,0.05,-0.68,FALSE
22,52,female,41,new,b,1,1.204200000003084,71,38,-70,91,1,-62,13,10,3,60.21627687,62.78534861,-2.56907174,-70,-62,-8,-0.55,0.21,-0.76,FALSE
22,52,female,0,old,b,1,1.6735000000001037,53,8,-35,40,19,-33,8.666666667,8.666666667,0,35.92894222,30.68477726,5.244164957,-35,-33,-2,0.03,-0.47,0.5,FALSE
22,52,female,1,old,b,1,0.9729999999999565,65,57,-40,69,18,-32,27.33333333,18.33333333,9,47.72374205,41.23375101,6.489991045,-40,-32,-8,-0.69,0.01,-0.7,FALSE
22,52,female,2,old,b,1,1.936999999999898,59,9,-67,40,31,-61,0.333333333,3.333333333,-3,51.80304581,45.63867755,6.164368259,-67,-61,-6,-0.25,-0.69,0.44,FALSE
22,52,female,3,old,b,1,0.9526999999993676,57,44,-13,53,29,-3,29.33333333,26.33333333,3,30.40102337,22.93953405,7.461489329,-13,-3,-10,-0.61,-0.17,-0.44,FALSE
22,52,female,4,old,b,1,0.9537999999970452,87,78,-16,94,52,-6,49.66666667,46.66666667,3,46.57848812,40.99864496,5.579843156,-16,-6,-10,-0.69,-0.19,-0.5,FALSE
22,52,female,5,old,b,1,1.052800000000616,82,31,-53,64,62,-48,20,26,-6,55.6596802,52.33227175,3.327408449,-53,-48,-5,-0.29,-0.71,0.42,FALSE
22,52,female,6,old,b,1,1.1366999999993368,79,40,-26,73,13,-20,31,22,9,43.33589736,38.49675311,4.83914425,-26,-20,-6,-0.3,0.34,-0.64,FALSE
22,52,female,7,old,b,1,1.4366000000015902,82,11,-76,60,51,-67,5.666666667,14.66666667,-9,64.61338011,57.86382482,6.749555292,-76,-67,-9,-0.12,-0.69,0.57,FALSE
22,52,female,8,old,b,1,2.151800000000776,61,12,-35,44,34,-31,12.66666667,15.66666667,-3,39.19467084,33.24989557,5.944775267,-35,-31,-4,0.03,-0.66,0.69,FALSE
22,52,female,9,old,b,1,1.0875999999977921,70,51,-43,75,10,-34,26,17,9,49.40310382,44.77350407,4.629599747,-43,-34,-9,-0.63,0.23,-0.86,FALSE
22,52,female,11,old,b,1,2.187399999998661,77,69,-21,82,39,-14,41.66666667,35.66666667,6,44.43222054,39.26264835,5.16957219,-21,-14,-7,-0.69,-0.13,-0.56,FALSE
22,52,female,12,old,b,1,1.255300000000716,98,42,-26,70,68,-24,38,38,0,50.70174224,43.84822307,6.853519172,-26,-24,-2,-0.12,-0.71,0.59,FALSE
22,52,female,13,old,b,1,2.368800000000647,53,40,-11,50,25,-2,27.33333333,24.33333333,3,27.62044331,21.23414441,6.386298903,-11,-2,-9,-0.59,-0.05,-0.54,FALSE
22,52,female,14,old,b,1,1.0871999999992568,48,3,-24,46,23,-15,9,18,-9,29.69848481,25.15286597,4.545618837,-24,-15,-9,0.29,-0.29,0.58,FALSE
22,52,female,15,old,b,1,2.05180000000064,74,5,-55,57,19,-52,8,8,0,52.70673581,45.17373868,7.532997129,-55,-52,-3,0.09,-0.35,0.44,FALSE
22,52,female,16,old,b,1,1.2038000000006832,91,22,-54,72,61,-47,19.66666667,28.66666667,-9,59.21899095,53.69254035,5.526450601,-54,-47,-7,-0.06,-0.68,0.62,FALSE
22,52,female,17,old,b,1,2.35130000000072,57,19,-12,42,29,-7,21.33333333,21.33333333,0,28.21740991,20.72572208,7.491687838,-12,-7,-5,0.12,-0.5,0.62,FALSE
22,52,female,18,old,b,1,1.2871000000013737,56,8,-52,40,33,-43,4,10,-6,44.18144407,37.58545818,6.595985888,-52,-43,-9,-0.14,-0.69,0.55,FALSE
22,52,female,19,old,b,1,1.0046000000013464,85,68,-15,91,43,-5,46,43,3,43.68828981,39.19183588,4.496453927,-15,-5,-10,-0.63,0,-0.63,FALSE
22,52,female,20,old,b,1,2.590399999998681,63,16,-47,44,40,-43,10.66666667,13.66666667,-3,45.0653846,40.10264608,4.962738522,-47,-43,-4,-0.18,-0.7,0.52,FALSE
22,52,female,21,old,b,1,1.1216000000013082,70,57,-28,78,40,-19,33,33,0,43.45879274,39.90822806,3.550564686,-28,-19,-9,-0.66,-0.26,-0.4,FALSE
22,52,female,22,old,b,1,3.784199999999146,58,38,-11,53,25,-2,28.33333333,25.33333333,3,28.98658694,22.45489306,6.531693879,-11,-2,-9,-0.46,0.02,-0.48,FALSE
22,52,female,23,old,b,1,1.9859000000021751,74,21,-46,56,42,-40,16.33333333,19.33333333,-3,49.10080334,42.34251869,6.758284654,-46,-40,-6,-0.14,-0.65,0.51,FALSE
22,52,female,24,old,b,1,1.5853999999983444,96,19,-78,77,43,-74,12.33333333,15.33333333,-3,71.19144768,64.67525716,6.516190515,-78,-74,-4,-0.14,-0.56,0.42,FALSE
22,52,female,25,old,b,1,1.617800000000898,64,62,-48,70,29,-39,26,20,6,52.33227175,44.95182607,7.380445685,-48,-39,-9,-0.71,-0.29,-0.42,FALSE
22,52,female,26,old,b,1,1.0036999999990712,78,43,-10,60,54,-3,37,37,0,36.17549815,28.39013913,7.785359021,-10,-3,-7,-0.24,-0.68,0.44,FALSE
22,52,female,27,old,b,1,4.351999999999862,46,30,-55,47,6,-50,7,1,6,44.32456054,39.75759885,4.566961681,-55,-50,-5,-0.64,-0.19,-0.45,FALSE
22,52,female,28,old,b,1,1.3376999999991313,60,5,-41,53,30,-32,8,17,-9,41.28760912,35.89800366,5.389605459,-41,-32,-9,0.11,-0.5,0.61,FALSE
22,52,female,29,old,b,1,0.9693000000008852,79,63,-12,80,36,-4,43.33333333,37.33333333,6,39.6680672,34.30581421,5.362252988,-12,-4,-8,-0.62,0.06,-0.68,FALSE
22,52,female,30,old,b,1,0.8701999999991585,99,52,-13,90,75,-9,46,52,-6,45.92022067,43.56604182,2.354178852,-13,-9,-4,-0.19,-0.64,0.45,FALSE
22,52,female,31,old,b,1,1.086999999999989,79,64,-29,81,28,-22,38,29,9,47.77028365,42.05551886,5.714764789,-29,-22,-7,-0.66,0.04,-0.7,FALSE
22,52,female,32,old,b,1,1.3377000000029966,79,13,-40,74,33,-37,17.33333333,23.33333333,-6,48.67808085,45.82818153,2.849899325,-40,-37,-3,0.13,-0.31,0.44,FALSE
22,52,female,33,old,b,1,1.6377000000029511,65,13,-18,61,36,-10,20,29,-9,34.24422092,29.40521496,4.839005967,-18,-10,-8,0.3,-0.34,0.64,FALSE
22,52,female,34,old,b,1,2.9176000000015847,85,24,-45,67,54,-39,21.33333333,27.33333333,-6,53.10576449,47.20404879,5.901715701,-45,-39,-6,-0.08,-0.67,0.59,FALSE
22,52,female,35,old,b,1,2.133899999998448,92,2,-70,66,50,-65,8,17,-9,66.2721661,58.34952156,7.92264454,-70,-65,-5,0.14,-0.67,0.81,FALSE
22,52,female,36,old,b,1,1.1529000000023188,79,16,-61,58,42,-57,11.33333333,14.33333333,-3,57.24993935,50.86146762,6.388471726,-61,-57,-4,-0.12,-0.65,0.53,FALSE
22,52,female,37,old,b,1,2.435000000000173,91,79,-11,99,39,-6,53,44,9,45.51922671,43.01162634,2.507600372,-11,-6,-5,-0.67,0.17,-0.84,FALSE
22,52,female,38,old,b,1,21.266099999997778,48,21,-20,41,36,-10,16.33333333,22.33333333,-6,27.95631513,22.9540604,5.002254727,-20,-10,-10,-0.25,-0.68,0.43,FALSE
22,52,female,39,old,b,1,4.950099999997747,46,32,-39,42,9,-30,13,7,6,37.21110945,29.42787794,7.783231513,-39,-30,-9,-0.63,-0.1,-0.53,FALSE
22,52,female,40,old,b,1,3.933500000000095,80,43,-35,75,18,-32,29.33333333,20.33333333,9,47.93282336,43.71371511,4.219108251,-35,-32,-3,-0.4,0.08,-0.48,FALSE
22,52,female,41,old,b,1,1.0698999999985972,73,52,-43,84,13,-33,27.33333333,21.33333333,6,50.4667107,48.12714642,2.339564283,-43,-33,-10,-0.62,0.25,-0.87,FALSE
22,52,female,42,old,b,1,1.1875999999977012,98,58,-16,96,41,-6,46.66666667,43.66666667,3,47.22522866,41.6839964,5.541232266,-16,-6,-10,-0.35,0.1,-0.45,FALSE
23,25,male,0,old,a,0,15.826099999993971,90,44,-48,88,16,-45,28.66666667,19.66666667,9,57.37207993,54.3588897,3.013190235,-48,-45,-3,-0.38,0.1,-0.48,FALSE
23,25,male,1,old,b,1,16.16189999999108,98,41,-24,75,68,-19,38.33333333,41.33333333,-3,49.8419725,42.75771535,7.084257142,-24,-19,-5,-0.08,-0.69,0.61,FALSE
23,25,male,2,old,a,0,14.604400000005969,93,64,-10,95,40,-6,49,43,6,43.36665386,41.28760912,2.079044738,-10,-6,-4,-0.48,0.11,-0.59,FALSE
23,25,male,3,old,a,0,15.006899999991106,61,54,-82,79,11,-75,11,5,6,65.82299497,63.01322612,2.809768844,-82,-75,-7,-0.7,-0.14,-0.56,FALSE
23,25,male,4,old,a,0,12.35429999999701,56,42,-72,65,9,-66,8.666666667,2.666666667,6,57.32558087,53.66770185,3.657879018,-72,-66,-6,-0.68,-0.18,-0.5,FALSE
23,25,male,5,old,b,1,19.87349999999992,88,33,-10,73,59,-3,37,43,-6,40.10818703,33.02524287,7.082944157,-10,-3,-7,0.15,-0.61,0.76,FALSE
23,25,male,7,old,b,1,24.1756000000089,92,60,-21,99,43,-11,43.66666667,43.66666667,0,47.55581516,44.90978611,2.646029045,-21,-11,-10,-0.47,0.02,-0.49,FALSE
23,25,male,8,old,b,1,15.05740000000594,99,35,-16,88,50,-11,39.33333333,42.33333333,-3,47.0484384,40.77853466,6.269903738,-16,-11,-5,0.14,-0.28,0.42,FALSE
23,25,male,9,old,b,1,13.056299999997009,83,23,-56,70,49,-51,16.66666667,22.66666667,-6,56.92294987,52.7909925,4.131957375,-56,-51,-5,-0.17,-0.62,0.45,FALSE
23,25,male,10,old,b,1,16.584999999999923,55,15,-13,42,31,-7,19,22,-3,27.90459938,20.99206199,6.91253739,-13,-7,-6,0.21,-0.56,0.77,FALSE
23,25,male,11,old,a,0,13.944399999991106,91,81,-24,99,44,-22,49.33333333,40.33333333,9,52.01495511,49.46603773,2.548917383,-24,-22,-2,-0.69,-0.11,-0.58,FALSE
23,25,male,12,old,a,0,27.71690000000592,91,67,-10,95,46,-2,49.33333333,46.33333333,3,43.08389748,39.60078563,3.483111855,-10,-2,-8,-0.55,0.01,-0.56,FALSE
23,25,male,13,old,b,1,27.44759999999394,66,31,-13,68,19,-3,28,28,0,32.3213036,29.67602849,2.645275119,-13,-3,-10,-0.14,0.43,-0.57,FALSE
23,25,male,14,old,b,1,17.25879999999711,85,2,-81,57,52,-76,2,11,-9,67.76921622,61.55214591,6.217070303,-81,-76,-5,0,-0.7,0.7,FALSE
23,25,male,15,old,a,0,8.961699999988014,91,75,-12,94,55,-4,51.33333333,48.33333333,3,45.25728916,40.28509512,4.97219404,-12,-4,-8,-0.64,-0.24,-0.4,FALSE
23,25,male,16,old,b,1,25.37370000000294,63,2,-47,49,23,-45,6,9,-3,44.99629614,39.63163719,5.36465895,-47,-45,-2,0.13,-0.49,0.62,FALSE
23,25,male,17,old,b,1,11.252799999997023,77,25,-58,53,45,-54,14.66666667,14.66666667,0,55.59576323,48.66438351,6.93137972,-58,-54,-4,-0.27,-0.69,0.42,FALSE
23,25,male,18,old,b,1,9.355700000003026,95,48,-30,71,67,-25,37.66666667,37.66666667,0,51.55148451,44.3421044,7.209380118,-30,-25,-5,-0.29,-0.7,0.41,FALSE
23,25,male,19,old,a,0,12.149799999997072,68,25,-12,60,2,-8,27,18,9,32.69046752,29.97776954,2.712697979,-12,-8,-4,0.09,0.65,-0.56,FALSE
23,25,male,20,old,a,0,24.42859999999405,74,43,-22,76,14,-13,31.66666667,25.66666667,6,40.00277768,37.25885428,2.743923402,-22,-13,-9,-0.4,0.44,-0.84,FALSE
23,25,male,21,old,b,1,5.028900000005933,67,19,-22,60,38,-16,21.33333333,27.33333333,-6,36.37153955,31.93048004,4.441059506,-22,-16,-6,0.1,-0.46,0.56,FALSE
23,25,male,22,old,b,1,10.682800000011866,80,2,-60,69,30,-50,7.333333333,16.33333333,-9,57.27904406,49.5333782,7.745665868,-60,-50,-10,0.14,-0.39,0.53,FALSE
23,25,male,23,old,b,1,9.792099999994091,69,24,-23,60,43,-15,23.33333333,29.33333333,-6,37.56180093,32.10745846,5.454342465,-23,-15,-8,-0.03,-0.56,0.53,FALSE
23,25,male,24,old,a,0,16.459100000008902,70,12,-66,45,34,-63,5.333333333,5.333333333,0,55.72152985,48.52719741,7.194332436,-66,-63,-3,-0.18,-0.68,0.5,FALSE
23,25,male,25,old,a,0,6.81069999998806,99,51,-13,95,36,-3,45.66666667,42.66666667,3,45.87906809,40.28509512,5.59397297,-13,-3,-10,-0.17,0.24,-0.41,FALSE
23,25,male,26,old,b,1,2.0953999999910597,83,50,-11,85,29,-1,40.66666667,37.66666667,3,38.93869826,35.64017708,3.298521182,-11,-1,-10,-0.35,0.35,-0.7,FALSE
23,25,male,27,old,a,0,0.3617999999970607,84,27,-36,73,4,-29,25,16,9,49.01020302,42.49705872,6.513144298,-36,-29,-7,-0.06,0.4,-0.46,FALSE
23,25,male,28,old,a,0,11.107400000006123,53,9,-17,37,30,-13,15,18,-3,28.89059824,22.10580618,6.784792065,-17,-13,-4,0.3,-0.65,0.95,FALSE
23,25,male,29,old,a,0,4.792399999990948,80,72,-12,88,45,-2,46.66666667,43.66666667,3,41.61196409,36.7544404,4.857523695,-12,-2,-10,-0.69,-0.05,-0.64,FALSE
23,25,male,30,old,b,1,2.2227000000029875,76,3,-64,59,38,-55,5,14,-9,57.17225434,49.53786431,7.634390037,-64,-55,-9,0.05,-0.61,0.66,FALSE
23,25,male,31,old,a,0,2.9317999999971107,94,70,-40,98,38,-30,41.33333333,35.33333333,6,58.33999962,52.2897908,6.050208816,-40,-30,-10,-0.62,-0.08,-0.54,FALSE
23,25,male,32,old,a,0,3.1862000000028274,93,58,-8,94,41,-1,47.66666667,44.66666667,3,41.87547678,38.87015422,3.005322563,-8,-1,-7,-0.36,0.14,-0.5,FALSE
23,25,male,33,old,b,1,2.0892000000028474,88,17,-44,82,43,-37,20.33333333,29.33333333,-9,53.94029621,49.5333782,4.406918017,-44,-37,-7,0.09,-0.39,0.48,FALSE
23,25,male,34,old,a,0,2.4589999999998327,81,24,-16,74,4,-7,29.66666667,23.66666667,6,39.80228916,35.8732336,3.929055559,-16,-7,-9,0.21,0.66,-0.45,FALSE
23,25,male,35,old,b,1,2.022699999987936,93,31,-8,70,68,-4,38.66666667,44.66666667,-6,41.5879256,34.42221505,7.165710549,-8,-4,-4,0.27,-0.71,0.98,FALSE
23,25,male,36,old,a,0,3.3984000000059496,97,58,-61,98,20,-51,31.33333333,22.33333333,9,67.20284386,60.85136719,6.351476665,-61,-51,-10,-0.53,0.06,-0.59,FALSE
23,25,male,37,old,b,1,2.44670000000292,75,4,-67,57,43,-61,4,13,-9,57.97125725,52.63712252,5.334134731,-67,-61,-6,0,-0.67,0.67,FALSE
23,25,male,38,old,a,0,2.1133999999910884,91,54,-88,96,14,-80,19,10,9,77.1535266,71.90734779,5.246178806,-88,-80,-8,-0.59,-0.08,-0.51,FALSE
23,25,male,39,old,b,1,3.75540000000592,80,10,-63,59,46,-60,9,15,-6,58.3837877,53.2979049,5.085882805,-63,-60,-3,-0.03,-0.68,0.65,FALSE
23,25,male,40,old,a,0,5.786200000002964,64,24,-23,50,35,-20,21.66666667,21.66666667,0,35.55590278,30.09245014,5.463452634,-23,-20,-3,-0.1,-0.58,0.48,FALSE
23,25,male,41,old,b,1,2.4407999999971253,53,8,-34,41,23,-28,9,12,-3,35.52463934,29.22327839,6.301360944,-34,-28,-6,0.04,-0.51,0.55,FALSE
23,25,male,42,old,b,1,3.798500000000104,67,11,-13,61,36,-5,21.66666667,30.66666667,-9,33.51948024,27.20702524,6.312455003,-13,-5,-8,0.45,-0.29,0.74,FALSE
23,25,male,0,new,b,1,3.867700000002969,57,33,-39,75,10,-34,17,17,0,40.79215611,44.77350407,-3.981347961,-39,-34,-5,-0.53,0.23,-0.76,FALSE
23,25,male,1,new,b,1,0.7805999999939104,94,45,-8,97,10,-3,43.66666667,34.66666667,9,41.65199742,44.39469438,-2.74269696,-8,-3,-5,-0.05,0.66,-0.71,FALSE
23,25,male,2,new,a,0,0.47119999998813,75,60,-69,99,6,-66,22,13,9,64.63745044,67.54257916,-2.905128718,-69,-66,-3,-0.68,0.15,-0.83,FALSE
23,25,male,3,new,a,0,0.4833000000119228,65,61,-27,97,23,-21,33,33,0,42.45782221,48.68949236,-6.231670156,-27,-21,-6,-0.7,0.3,-1,FALSE
23,25,male,4,new,a,0,0.4894000000058441,76,31,-39,96,19,-29,22.66666667,28.66666667,-6,47.31689856,51.48678363,-4.169885078,-39,-29,-10,-0.26,0.28,-0.54,FALSE
23,25,male,5,new,b,1,0.3865000000000691,61,33,-4,66,7,-1,30,24,6,26.62079388,29.87752779,-3.25673391,-4,-1,-3,-0.17,0.67,-0.84,FALSE
23,25,male,6,new,a,0,0.6469000000058713,65,35,-38,81,15,-34,20.66666667,20.66666667,0,43.25377312,47.1192341,-3.865460983,-38,-34,-4,-0.46,0.18,-0.64,FALSE
23,25,male,7,new,a,0,5.683299999996962,82,33,-22,91,7,-14,31,28,3,42.48136847,45.36518489,-2.883816424,-22,-14,-8,-0.07,0.6,-0.67,FALSE
23,25,male,8,new,a,0,2.43479999999704,51,25,-16,72,5,-8,20,23,-3,27.58018612,35.05234181,-7.47215569,-16,-8,-8,-0.27,0.63,-0.9,FALSE
23,25,male,9,new,a,0,2.7130999999940286,71,36,-38,93,11,-35,23,23,0,45.43860326,52.94021786,-7.501614591,-38,-35,-3,-0.41,0.33,-0.74,FALSE
23,25,male,10,new,a,0,1.2530999999939922,86,35,-10,92,6,-5,37,31,6,39.2173431,43.36665386,-4.149310754,-10,-5,-5,0.08,0.67,-0.59,FALSE
23,25,male,11,new,a,0,2.004399999990937,58,27,-28,78,17,-20,19,25,-6,35.56215217,40.40627014,-4.844117975,-28,-20,-8,-0.33,0.29,-0.62,FALSE
23,25,male,12,new,a,0,1.192299999996976,82,41,-36,94,3,-28,29,23,6,48.91489207,51.77515492,-2.860262842,-36,-28,-8,-0.35,0.52,-0.87,FALSE
23,25,male,13,new,a,0,1.07100000000014,67,34,-14,82,3,-7,29,26,3,33.2565783,39.80787192,-6.551293622,-14,-7,-7,-0.22,0.67,-0.89,FALSE
23,25,male,14,new,b,1,1.2895000000000891,59,17,-45,75,4,-39,10.33333333,13.33333333,-3,42.71871825,47.00590979,-4.287191544,-45,-39,-6,-0.23,0.29,-0.52,FALSE
23,25,male,15,new,a,0,1.349999999999909,60,59,-71,98,2,-61,16,13,3,61.51964456,65.37583651,-3.856191956,-71,-61,-10,-0.71,0.25,-0.96,FALSE
23,25,male,16,new,b,1,1.6044000000058531,41,39,-29,73,26,-21,17,26,-9,32.53715825,38.3753393,-5.838181059,-29,-21,-8,-0.71,0,-0.71,FALSE
23,25,male,17,new,a,0,1.9861000000089464,62,55,-78,93,7,-70,13,10,3,64.41014413,66.57827473,-2.168130606,-78,-70,-8,-0.7,0.07,-0.77,FALSE
23,25,male,18,new,a,0,1.889199999988023,76,38,-12,82,9,-7,34,28,6,36.037018,38.73843914,-2.701421131,-12,-7,-5,-0.17,0.62,-0.79,FALSE
23,25,male,19,new,b,1,1.4772000000029948,67,58,-29,93,49,-19,32,41,-9,43.28972164,46.07240678,-2.782685138,-29,-19,-10,-0.68,-0.26,-0.42,FALSE
23,25,male,20,new,a,0,1.3196999999881882,83,36,-11,86,2,-7,36,27,9,38.3753393,41.88078318,-3.505443879,-11,-7,-4,0,0.68,-0.68,FALSE
23,25,male,21,new,b,1,3.065199999988181,56,39,-80,86,11,-73,5,8,-3,60.50344343,64.94613152,-4.442688096,-80,-73,-7,-0.67,-0.07,-0.6,FALSE
23,25,male,22,new,a,0,1.5317000000029566,74,56,-98,99,2,-96,10.66666667,1.666666667,9,77.18952145,79.60876557,-2.4192441160000002,-98,-96,-2,-0.68,-0.01,-0.67,FALSE
23,25,male,24,new,b,1,5.258900000005951,72,24,-26,91,16,-19,23.33333333,29.33333333,-6,40.01110957,45.88633299,-5.875223425,-26,-19,-7,-0.02,0.41,-0.43,FALSE
23,25,male,25,new,b,1,2.355900000005932,56,49,-15,84,31,-7,30,36,-6,31.94787421,37.31844941,-5.370575202,-15,-7,-8,-0.68,0.2,-0.88,FALSE
23,25,male,26,new,a,0,1.9500000000000453,83,52,-36,96,9,-33,33,24,9,50.4050262,53.72150407,-3.31647787,-36,-33,-3,-0.51,0.4,-0.91,FALSE
23,25,male,27,new,b,1,1.7380000000000564,74,29,-58,96,13,-55,15,18,-3,54.79051013,61.74679479,-6.956284661,-58,-55,-3,-0.37,0.12,-0.49,FALSE
23,25,male,28,new,b,1,0.8385999999939031,35,19,-36,66,5,-26,6,15,-9,30.40833219,38.21866909,-7.810336894,-36,-26,-10,-0.56,0.37,-0.93,FALSE
23,25,male,29,new,b,1,0.689299999997047,62,43,-86,99,27,-80,6.333333333,15.33333333,-9,65.74867975,73.54061614,-7.79193639,-86,-80,-6,-0.66,-0.23,-0.43,FALSE
23,25,male,30,new,b,1,0.7679000000059659,73,35,-13,82,8,-4,31.66666667,28.66666667,3,35.18838192,38.02922853,-2.840846604,-13,-4,-9,-0.14,0.65,-0.79,FALSE
23,25,male,31,new,a,0,0.7499000000059368,59,53,-70,91,2,-60,14,11,3,59.44745579,61.97311245,-2.525656659,-70,-60,-10,-0.7,0.21,-0.91,FALSE
23,25,male,32,new,a,0,0.8407000000029257,70,31,-60,87,5,-51,13.66666667,13.66666667,0,54.46915539,56.6705881,-2.20143271,-60,-51,-9,-0.45,0.23,-0.68,FALSE
23,25,male,33,new,a,0,0.8573999999910029,66,55,-73,97,23,-63,16,19,-3,63.09252465,65.38093504,-2.28841039,-73,-63,-10,-0.69,-0.09,-0.6,FALSE
23,25,male,34,new,a,0,0.919599999994034,63,62,-52,88,34,-49,24.33333333,24.33333333,0,53.97736151,56.34615239,-2.368790878,-52,-49,-3,-0.71,-0.25,-0.46,FALSE
23,25,male,35,new,a,0,0.9073999999911848,75,51,-33,96,10,-31,31,25,6,46.30334761,52.92132525,-6.617977643,-33,-31,-2,-0.57,0.4,-0.97,FALSE
23,25,male,36,new,a,0,0.7802000000028784,45,40,-49,77,30,-44,12,21,-9,43.18178628,49.80629144,-6.624505153,-49,-44,-5,-0.7,-0.27,-0.43,FALSE
23,25,male,37,new,a,0,0.7984999999998763,59,34,-23,76,30,-18,23.33333333,29.33333333,-6,34.31552936,38.37823457,-4.062705208,-23,-18,-5,-0.44,-0.03,-0.41,FALSE
23,25,male,38,new,b,1,0.7982999999969707,62,41,-30,88,24,-21,24.33333333,30.33333333,-6,39.36439452,44.723844,-5.359449486,-30,-21,-9,-0.56,0.21,-0.77,FALSE
23,25,male,39,new,b,1,0.8589999999999236,40,34,-14,62,29,-4,20,29,-9,24.16609195,26.94438717,-2.778295223,-14,-4,-10,-0.67,0,-0.67,FALSE
23,25,male,40,new,a,0,0.8347000000028402,85,45,-46,95,4,-42,28,19,9,54.81483984,56.92685365,-2.112013812,-46,-42,-4,-0.44,0.38,-0.82,FALSE
23,25,male,41,new,a,0,0.7828999999910593,84,38,-47,98,2,-43,25,19,6,54.26478293,58.80476171,-4.53997878,-47,-43,-4,-0.35,0.41,-0.76,FALSE
23,25,male,42,new,a,0,1.2772000000029493,73,32,-44,95,17,-42,20.33333333,23.33333333,-3,48.47221426,56.10902086,-7.6368066,-44,-42,-2,-0.35,0.17,-0.52,FALSE
23,25,male,0,old,a,0,1.094599999994216,91,79,-11,99,39,-6,53,44,9,45.51922671,43.01162634,2.507600372,-11,-6,-5,-0.67,0.17,-0.84,FALSE
23,25,male,1,old,a,0,0.4410000000000309,58,38,-11,53,25,-2,28.33333333,25.33333333,3,28.98658694,22.45489306,6.531693879,-11,-2,-9,-0.46,0.02,-0.48,FALSE
23,25,male,2,old,b,1,0.5864000000060514,60,5,-41,53,30,-32,8,17,-9,41.28760912,35.89800366,5.389605459,-41,-32,-9,0.11,-0.5,0.61,FALSE
23,25,male,3,old,b,1,0.6530999999940832,80,43,-35,75,18,-32,29.33333333,20.33333333,9,47.93282336,43.71371511,4.219108251,-35,-32,-3,-0.4,0.08,-0.48,FALSE
23,25,male,4,old,b,1,0.652799999996887,73,52,-43,84,13,-33,27.33333333,21.33333333,6,50.4667107,48.12714642,2.339564283,-43,-33,-10,-0.62,0.25,-0.87,FALSE
23,25,male,5,old,b,1,0.5499000000061187,70,57,-28,78,40,-19,33,33,0,43.45879274,39.90822806,3.550564686,-28,-19,-9,-0.66,-0.26,-0.4,FALSE
23,25,male,6,old,a,0,0.5983000000119318,98,58,-16,96,41,-6,46.66666667,43.66666667,3,47.22522866,41.6839964,5.541232266,-16,-6,-10,-0.35,0.1,-0.45,FALSE
23,25,male,7,old,a,0,0.6892000000029839,53,40,-11,50,25,-2,27.33333333,24.33333333,3,27.62044331,21.23414441,6.386298903,-11,-2,-9,-0.59,-0.05,-0.54,FALSE
23,25,male,8,old,a,0,0.8651000000088516,91,22,-54,72,61,-47,19.66666667,28.66666667,-9,59.21899095,53.69254035,5.526450601,-54,-47,-7,-0.06,-0.68,0.62,FALSE
23,25,male,9,old,b,1,0.7930999999939559,59,9,-67,40,31,-61,0.333333333,3.333333333,-3,51.80304581,45.63867755,6.164368259,-67,-61,-6,-0.25,-0.69,0.44,FALSE
23,25,male,10,old,b,1,0.998400000006086,79,16,-61,58,42,-57,11.33333333,14.33333333,-3,57.24993935,50.86146762,6.388471726,-61,-57,-4,-0.12,-0.65,0.53,FALSE
23,25,male,11,old,a,0,1.0225000000000364,87,78,-16,94,52,-6,49.66666667,46.66666667,3,46.57848812,40.99864496,5.579843156,-16,-6,-10,-0.69,-0.19,-0.5,FALSE
23,25,male,12,old,a,0,0.9921000000090316,85,68,-15,91,43,-5,46,43,3,43.68828981,39.19183588,4.496453927,-15,-5,-10,-0.63,0,-0.63,FALSE
23,25,male,13,old,a,0,1.319599999994125,74,21,-46,56,42,-40,16.33333333,19.33333333,-3,49.10080334,42.34251869,6.758284654,-46,-40,-6,-0.14,-0.65,0.51,FALSE
23,25,male,14,old,b,1,0.8957000000029893,74,5,-55,57,19,-52,8,8,0,52.70673581,45.17373868,7.532997129,-55,-52,-3,0.09,-0.35,0.44,FALSE
23,25,male,15,old,b,1,0.8590999999939868,79,63,-12,80,36,-4,43.33333333,37.33333333,6,39.6680672,34.30581421,5.362252988,-12,-4,-8,-0.62,0.06,-0.68,FALSE
23,25,male,16,old,b,1,0.7497000000028038,98,42,-26,70,68,-24,38,38,0,50.70174224,43.84822307,6.853519172,-26,-24,-2,-0.12,-0.71,0.59,FALSE
23,25,male,17,old,a,0,0.7800999999940359,63,16,-47,44,40,-43,10.66666667,13.66666667,-3,45.0653846,40.10264608,4.962738522,-47,-43,-4,-0.18,-0.7,0.52,FALSE
23,25,male,18,old,a,0,1.083200000002989,70,51,-43,75,10,-34,26,17,9,49.40310382,44.77350407,4.629599747,-43,-34,-9,-0.63,0.23,-0.86,FALSE
23,25,male,19,old,b,1,0.980299999996987,82,11,-76,60,51,-67,5.666666667,14.66666667,-9,64.61338011,57.86382482,6.749555292,-76,-67,-9,-0.12,-0.69,0.57,FALSE
23,25,male,20,old,a,0,1.3136000000088188,85,24,-45,67,54,-39,21.33333333,27.33333333,-6,53.10576449,47.20404879,5.901715701,-45,-39,-6,-0.08,-0.67,0.59,FALSE
23,25,male,21,old,a,0,0.6104000000059386,56,8,-52,40,33,-43,4,10,-6,44.18144407,37.58545818,6.595985888,-52,-43,-9,-0.14,-0.69,0.55,FALSE
23,25,male,22,old,a,0,0.6527000000030512,65,57,-40,69,18,-32,27.33333333,18.33333333,9,47.72374205,41.23375101,6.489991045,-40,-32,-8,-0.69,0.01,-0.7,FALSE
23,25,male,23,old,a,0,0.6709999999998217,46,32,-39,42,9,-30,13,7,6,37.21110945,29.42787794,7.783231513,-39,-30,-9,-0.63,-0.1,-0.53,FALSE
23,25,male,24,old,a,0,0.6407000000028802,77,69,-21,82,39,-14,41.66666667,35.66666667,6,44.43222054,39.26264835,5.16957219,-21,-14,-7,-0.69,-0.13,-0.56,FALSE
23,25,male,25,old,a,0,0.8164999999999054,79,40,-26,73,13,-20,31,22,9,43.33589736,38.49675311,4.83914425,-26,-20,-6,-0.3,0.34,-0.64,FALSE
23,25,male,26,old,a,0,0.9502000000029512,79,64,-29,81,28,-22,38,29,9,47.77028365,42.05551886,5.714764789,-29,-22,-7,-0.66,0.04,-0.7,FALSE
23,25,male,27,old,b,1,0.8772000000030857,82,31,-53,64,62,-48,20,26,-6,55.6596802,52.33227175,3.327408449,-53,-48,-5,-0.29,-0.71,0.42,FALSE
23,25,male,28,old,b,1,0.604700000002822,78,43,-10,60,54,-3,37,37,0,36.17549815,28.39013913,7.785359021,-10,-3,-7,-0.24,-0.68,0.44,FALSE
23,25,male,29,old,a,0,0.9984000000058586,46,30,-55,47,6,-50,7,1,6,44.32456054,39.75759885,4.566961681,-55,-50,-5,-0.64,-0.19,-0.45,FALSE
23,25,male,30,old,b,1,1.9254000000059928,61,12,-35,44,34,-31,12.66666667,15.66666667,-3,39.19467084,33.24989557,5.944775267,-35,-31,-4,0.03,-0.66,0.69,FALSE
23,25,male,31,old,b,1,0.9983999999910792,92,2,-70,66,50,-65,8,17,-9,66.2721661,58.34952156,7.92264454,-70,-65,-5,0.14,-0.67,0.81,FALSE
23,25,male,33,old,a,0,0.7317999999970652,79,13,-40,74,33,-37,17.33333333,23.33333333,-6,48.67808085,45.82818153,2.849899325,-40,-37,-3,0.13,-0.31,0.44,FALSE
23,25,male,34,old,a,0,0.8648999999911666,64,62,-48,70,29,-39,26,20,6,52.33227175,44.95182607,7.380445685,-48,-39,-9,-0.71,-0.29,-0.42,FALSE
23,25,male,35,old,b,1,1.3924000000060914,99,52,-13,90,75,-9,46,52,-6,45.92022067,43.56604182,2.354178852,-13,-9,-4,-0.19,-0.64,0.45,FALSE
23,25,male,36,old,a,0,0.7381000000091262,57,44,-13,53,29,-3,29.33333333,26.33333333,3,30.40102337,22.93953405,7.461489329,-13,-3,-10,-0.61,-0.17,-0.44,FALSE
23,25,male,37,old,a,0,0.7013999999910538,65,13,-18,61,36,-10,20,29,-9,34.24422092,29.40521496,4.839005967,-18,-10,-8,0.3,-0.34,0.64,FALSE
23,25,male,38,old,a,0,0.6347999999970853,53,8,-35,40,19,-33,8.666666667,8.666666667,0,35.92894222,30.68477726,5.244164957,-35,-33,-2,0.03,-0.47,0.5,FALSE
23,25,male,39,old,b,1,0.762000000000171,48,3,-24,46,23,-15,9,18,-9,29.69848481,25.15286597,4.545618837,-24,-15,-9,0.29,-0.29,0.58,FALSE
23,25,male,40,old,b,1,0.6284000000059677,48,21,-20,41,36,-10,16.33333333,22.33333333,-6,27.95631513,22.9540604,5.002254727,-20,-10,-10,-0.25,-0.68,0.43,FALSE
23,25,male,41,old,a,0,0.3377999999970598,57,19,-12,42,29,-7,21.33333333,21.33333333,0,28.21740991,20.72572208,7.491687838,-12,-7,-5,0.12,-0.5,0.62,FALSE
23,25,male,42,old,a,0,2.755999999999858,96,19,-78,77,43,-74,12.33333333,15.33333333,-3,71.19144768,64.67525716,6.516190515,-78,-74,-4,-0.14,-0.56,0.42,FALSE
23,25,male,0,new,b,1,0.578100000008817,73,45,-52,99,1,-43,22,19,3,53.55993528,59.35205697,-5.792121696,-52,-43,-9,-0.56,0.43,-0.99,FALSE
23,25,male,1,new,a,0,0.5378000000118845,86,32,-13,90,5,-8,35,29,6,40.47221269,43.45879274,-2.986580053,-13,-8,-5,0.11,0.66,-0.55,FALSE
23,25,male,2,new,a,0,9.21660000000884,49,45,-36,87,24,-26,19.33333333,28.33333333,-9,39.16063783,46.23370584,-7.073068005,-36,-26,-10,-0.7,0.14,-0.84,FALSE
23,25,male,3,new,a,0,0.8185000000000855,71,38,-70,91,1,-62,13,10,3,60.21627687,62.78534861,-2.56907174,-70,-62,-8,-0.55,0.21,-0.76,FALSE
23,25,male,4,new,a,0,1.052500000000009,44,31,-57,70,16,-50,6,12,-6,44.86275367,49.07137659,-4.208622918,-57,-50,-7,-0.66,-0.12,-0.54,FALSE
23,25,male,5,new,b,1,0.8589999999999236,62,44,-43,91,27,-37,21,27,-6,45.84757355,52.25578118,-6.408207634,-43,-37,-6,-0.63,0,-0.63,FALSE
23,25,male,6,new,b,1,0.9135000000001128,79,50,-10,95,17,-2,39.66666667,36.66666667,3,37.06151043,41.97088938,-4.90937895,-10,-2,-8,-0.4,0.6,-1,FALSE
23,25,male,7,new,a,0,0.8044999999999618,72,24,-83,93,6,-77,4.333333333,7.333333333,-3,64.78854494,69.40861298,-4.620068037,-83,-77,-6,-0.43,0.03,-0.46,FALSE
23,25,male,8,new,a,0,0.6589000000060423,45,26,-62,73,18,-55,3,12,-9,46.61187259,52.42772803,-5.815855439,-62,-55,-7,-0.62,-0.17,-0.45,FALSE
23,25,male,9,new,b,1,1.3604000000059386,69,45,-22,90,19,-17,30.66666667,30.66666667,0,38.50829636,44.45472103,-5.94642467,-22,-17,-5,-0.51,0.38,-0.89,FALSE
23,25,male,10,new,a,0,1.959500000000162,53,40,-78,88,6,-70,5,8,-3,58.92933621,64.51873113,-5.589394916,-78,-70,-8,-0.68,0.05,-0.73,FALSE
23,25,male,11,new,b,1,1.6529000000059568,42,23,-11,63,18,-9,18,24,-6,21.92411154,29.69848481,-7.774373273,-11,-9,-2,-0.33,0.29,-0.62,FALSE
23,25,male,12,new,a,0,1.695200000002842,73,23,-91,92,2,-89,1.666666667,1.666666667,0,68.63105873,73.89331649,-5.262257764,-91,-89,-2,-0.44,-0.01,-0.43,FALSE
23,25,male,13,new,a,0,1.7782999999969888,87,54,-16,96,14,-12,41.66666667,32.66666667,9,42.94440851,46.02414825,-3.079739742,-16,-12,-4,-0.41,0.54,-0.95,FALSE
23,25,male,14,new,a,0,1.5440000000000964,88,50,-27,96,11,-23,37,28,9,47.84001115,50.04664491,-2.206633761,-27,-23,-4,-0.39,0.47,-0.86,FALSE
23,25,male,15,new,a,0,0.998200000002953,56,21,-48,76,2,-40,9.666666667,12.66666667,-3,43.20750964,47.95368136,-4.74617172,-48,-40,-8,-0.38,0.32,-0.7,FALSE
23,25,male,16,new,a,0,1.028599999994185,69,50,-40,89,13,-32,26.33333333,23.33333333,3,47.54179448,49.93551397,-2.393719493,-40,-32,-8,-0.62,0.3,-0.92,FALSE
23,25,male,17,new,b,1,1.0166000000090207,68,60,-38,99,37,-28,30,36,-6,48.19405219,51.85235449,-3.658302303,-38,-28,-10,-0.69,-0.03,-0.66,FALSE
23,25,male,18,new,a,0,0.9618000000118628,68,52,-62,94,9,-54,19.33333333,16.33333333,3,57.88110419,60.64285247,-2.761748279,-62,-54,-8,-0.67,0.18,-0.85,FALSE
23,25,male,19,new,a,0,0.8650000000000091,89,36,-51,98,7,-49,24.66666667,18.66666667,6,57.71385353,60.5768566,-2.863003074,-51,-49,-2,-0.29,0.28,-0.57,FALSE
23,25,male,20,new,a,0,1.4040999999940595,47,44,-54,78,9,-50,12.33333333,12.33333333,0,46.92073695,52.3089115,-5.388174553,-54,-50,-4,-0.7,0.1,-0.8,FALSE
23,25,male,21,new,b,1,1.1740999999940414,32,24,-44,60,15,-36,4,13,-9,34.09789827,39.2173431,-5.119444829,-44,-36,-8,-0.68,-0.08,-0.6,FALSE
23,25,male,22,new,a,0,1.2708999999911157,80,38,-19,90,6,-15,33,27,6,40.57092555,45.36518489,-4.794259339,-19,-15,-4,-0.18,0.6,-0.78,FALSE
23,25,male,23,new,a,0,1.071600000008857,78,57,-50,98,6,-46,28.33333333,19.33333333,9,56.04958123,59.5389695,-3.489388273,-50,-46,-4,-0.63,0.32,-0.95,FALSE
23,25,male,24,new,a,0,2.645200000003115,58,27,-46,74,5,-40,13,13,0,43.59663596,46.88283268,-3.286196723,-46,-40,-6,-0.45,0.25,-0.7,FALSE
23,25,male,25,new,b,1,1.901400000006106,37,15,-44,59,10,-34,2.666666667,11.66666667,-9,34.19876541,37.9853773,-3.786611894,-44,-34,-10,-0.49,0.07,-0.56,FALSE
23,25,male,26,new,a,0,2.0104000000060296,54,51,-50,87,14,-46,18.33333333,18.33333333,0,48.33448274,54.3834125,-6.048929759,-50,-46,-4,-0.71,0.12,-0.83,FALSE
23,25,male,27,new,b,1,0.8650000000000091,43,31,-49,75,8,-40,8.333333333,14.33333333,-6,40.83571422,47.16166051,-6.325946295,-49,-40,-9,-0.66,0.2,-0.86,FALSE
23,25,male,28,new,b,1,0.7617999999968106,72,42,-20,78,6,-17,31.33333333,22.33333333,9,38.30868773,40.46672158,-2.158033852,-20,-17,-3,-0.4,0.54,-0.94,FALSE
23,25,male,29,new,a,0,1.4529000000059114,31,25,-52,57,4,-48,1.333333333,4.333333333,-3,37.79182745,42.86671851,-5.074891054,-52,-48,-4,-0.69,0.01,-0.7,FALSE
23,25,male,30,new,a,0,1.3317000000029111,75,48,-36,95,7,-33,29,23,6,47.26520919,53.46650042,-6.201291223,-36,-33,-3,-0.54,0.42,-0.96,FALSE
23,25,male,31,new,b,1,1.3740999999940868,38,17,-31,62,16,-27,8,17,-9,28.87905816,36.34097779,-7.461919633,-31,-27,-4,-0.44,0.04,-0.48,FALSE
23,25,male,32,new,a,0,0.7924000000061824,44,36,-47,66,12,-45,11,11,0,41.14203041,45.32107677,-4.17904636,-47,-45,-2,-0.69,-0.03,-0.66,FALSE
23,25,male,33,new,a,0,0.501400000006015,86,41,-34,96,4,-25,31,25,6,49.49747468,51.58165048,-2.084175801,-34,-25,-9,-0.29,0.54,-0.83,FALSE
23,25,male,34,new,b,1,0.5797999999970216,59,30,-17,77,20,-7,24,30,-6,31.31559782,35.0142828,-3.698684983,-17,-7,-10,-0.28,0.41,-0.69,FALSE
23,25,male,35,new,a,0,1.4832000000030805,73,53,-41,99,7,-39,28.33333333,22.33333333,6,49.70133019,57.37207993,-7.670749745,-41,-39,-2,-0.62,0.38,-1,FALSE
23,25,male,36,new,a,0,1.689200000002984,66,47,-58,95,21,-52,18.33333333,21.33333333,-3,54.53031777,60.01296156,-5.482643798,-58,-52,-6,-0.64,0.01,-0.65,FALSE
23,25,male,37,new,b,1,1.113599999993994,85,51,-7,92,14,-4,43,34,9,37.98245209,41.66533331,-3.682881223,-7,-4,-3,-0.31,0.61,-0.92,FALSE
23,25,male,38,new,a,0,1.3675999999938997,82,49,-19,98,16,-11,37.33333333,34.33333333,3,42.05023451,46.34891824,-4.298683734,-19,-11,-8,-0.39,0.53,-0.92,FALSE
23,25,male,39,new,a,0,0.7861000000089007,54,34,-67,84,8,-62,7,10,-3,52.95910372,59.62102537,-6.661921656,-67,-62,-5,-0.63,0.05,-0.68,FALSE
23,25,male,40,new,b,1,0.7740999999941778,80,48,-26,89,7,-21,34,25,9,44.39219151,46.6761895,-2.283997999,-26,-21,-5,-0.44,0.52,-0.96,FALSE
23,25,male,41,new,a,0,0.7862000000029639,38,36,-51,71,20,-41,7.666666667,16.66666667,-9,41.49163236,45.78451946,-4.292887105,-51,-41,-10,-0.71,-0.11,-0.6,FALSE
24,29,male,0,old,b,1,1.4540000000000646,61,54,-82,79,11,-75,11,5,6,65.82299497,63.01322612,2.809768844,-82,-75,-7,-0.7,-0.14,-0.56,FALSE
24,29,male,2,old,a,0,0.5576999999881309,63,2,-47,49,23,-45,6,9,-3,44.99629614,39.63163719,5.36465895,-47,-45,-2,0.13,-0.49,0.62,FALSE
24,29,male,3,old,a,0,0.5193999999761445,77,25,-58,53,45,-54,14.66666667,14.66666667,0,55.59576323,48.66438351,6.93137972,-58,-54,-4,-0.27,-0.69,0.42,FALSE
24,29,male,4,old,a,0,0.5362999999522344,83,23,-56,70,49,-51,16.66666667,22.66666667,-6,56.92294987,52.7909925,4.131957375,-56,-51,-5,-0.17,-0.62,0.45,FALSE
24,29,male,5,old,b,1,0.6833999999761318,80,2,-60,69,30,-50,7.333333333,16.33333333,-9,57.27904406,49.5333782,7.745665868,-60,-50,-10,0.14,-0.39,0.53,FALSE
24,29,male,6,old,a,0,0.43790000003582463,99,51,-13,95,36,-3,45.66666667,42.66666667,3,45.87906809,40.28509512,5.59397297,-13,-3,-10,-0.17,0.24,-0.41,FALSE
24,29,male,7,old,b,1,0.44000000000005457,66,31,-13,68,19,-3,28,28,0,32.3213036,29.67602849,2.645275119,-13,-3,-10,-0.14,0.43,-0.57,FALSE
24,29,male,8,old,b,1,0.5033999999761818,81,24,-16,74,4,-7,29.66666667,23.66666667,6,39.80228916,35.8732336,3.929055559,-16,-7,-9,0.21,0.66,-0.45,FALSE
24,29,male,9,old,b,1,0.5399999999999636,92,60,-21,99,43,-11,43.66666667,43.66666667,0,47.55581516,44.90978611,2.646029045,-21,-11,-10,-0.47,0.02,-0.49,FALSE
24,29,male,10,old,a,0,0.5006000000238373,91,67,-10,95,46,-2,49.33333333,46.33333333,3,43.08389748,39.60078563,3.483111855,-10,-2,-8,-0.55,0.01,-0.56,FALSE
24,29,male,11,old,b,1,0.4711000000238528,97,58,-61,98,20,-51,31.33333333,22.33333333,9,67.20284386,60.85136719,6.351476665,-61,-51,-10,-0.53,0.06,-0.59,FALSE
24,29,male,12,old,b,1,0.4544999999999391,56,42,-72,65,9,-66,8.666666667,2.666666667,6,57.32558087,53.66770185,3.657879018,-72,-66,-6,-0.68,-0.18,-0.5,FALSE
24,29,male,13,old,a,0,0.42479999995225626,67,19,-22,60,38,-16,21.33333333,27.33333333,-6,36.37153955,31.93048004,4.441059506,-22,-16,-6,0.1,-0.46,0.56,FALSE
24,29,male,14,old,b,1,0.3716999999880954,69,24,-23,60,43,-15,23.33333333,29.33333333,-6,37.56180093,32.10745846,5.454342465,-23,-15,-8,-0.03,-0.56,0.53,FALSE
24,29,male,15,old,b,1,2.982400000035682,93,64,-10,95,40,-6,49,43,6,43.36665386,41.28760912,2.079044738,-10,-6,-4,-0.48,0.11,-0.59,FALSE
24,29,male,16,old,a,0,3.267399999976078,80,72,-12,88,45,-2,46.66666667,43.66666667,3,41.61196409,36.7544404,4.857523695,-12,-2,-10,-0.69,-0.05,-0.64,FALSE
24,29,male,17,old,a,0,2.084300000011922,90,44,-48,88,16,-45,28.66666667,19.66666667,9,57.37207993,54.3588897,3.013190235,-48,-45,-3,-0.38,0.1,-0.48,FALSE
24,29,male,18,old,a,0,4.281300000011925,91,54,-88,96,14,-80,19,10,9,77.1535266,71.90734779,5.246178806,-88,-80,-8,-0.59,-0.08,-0.51,FALSE
24,29,male,19,old,a,0,2.385600000023828,67,11,-13,61,36,-5,21.66666667,30.66666667,-9,33.51948024,27.20702524,6.312455003,-13,-5,-8,0.45,-0.29,0.74,FALSE
24,29,male,20,old,b,1,1.4866000000238273,68,25,-12,60,2,-8,27,18,9,32.69046752,29.97776954,2.712697979,-12,-8,-4,0.09,0.65,-0.56,FALSE
24,29,male,21,old,a,0,2.1015999999642645,91,81,-24,99,44,-22,49.33333333,40.33333333,9,52.01495511,49.46603773,2.548917383,-24,-22,-2,-0.69,-0.11,-0.58,FALSE
24,29,male,22,old,b,1,2.916500000000042,80,10,-63,59,46,-60,9,15,-6,58.3837877,53.2979049,5.085882805,-63,-60,-3,-0.03,-0.68,0.65,FALSE
24,29,male,23,old,b,1,4.616499999999974,98,41,-24,75,68,-19,38.33333333,41.33333333,-3,49.8419725,42.75771535,7.084257142,-24,-19,-5,-0.08,-0.69,0.61,FALSE
24,29,male,24,old,a,0,2.141999999999939,93,58,-8,94,41,-1,47.66666667,44.66666667,3,41.87547678,38.87015422,3.005322563,-8,-1,-7,-0.36,0.14,-0.5,FALSE
24,29,male,25,old,a,0,1.5228000000118982,95,48,-30,71,67,-25,37.66666667,37.66666667,0,51.55148451,44.3421044,7.209380118,-30,-25,-5,-0.29,-0.7,0.41,FALSE
24,29,male,26,old,b,1,1.446400000035737,93,31,-8,70,68,-4,38.66666667,44.66666667,-6,41.5879256,34.42221505,7.165710549,-8,-4,-4,0.27,-0.71,0.98,FALSE
24,29,male,27,old,a,0,1.3951999999879945,75,4,-67,57,43,-61,4,13,-9,57.97125725,52.63712252,5.334134731,-67,-61,-6,0,-0.67,0.67,FALSE
24,29,male,28,old,b,1,1.0178000000119027,91,75,-12,94,55,-4,51.33333333,48.33333333,3,45.25728916,40.28509512,4.97219404,-12,-4,-8,-0.64,-0.24,-0.4,FALSE
24,29,male,29,old,b,1,1.33480000001191,55,15,-13,42,31,-7,19,22,-3,27.90459938,20.99206199,6.91253739,-13,-7,-6,0.21,-0.56,0.77,FALSE
24,29,male,30,old,b,1,1.268000000000029,53,8,-34,41,23,-28,9,12,-3,35.52463934,29.22327839,6.301360944,-34,-28,-6,0.04,-0.51,0.55,FALSE
24,29,male,31,old,a,0,3.16050000000007,76,3,-64,59,38,-55,5,14,-9,57.17225434,49.53786431,7.634390037,-64,-55,-9,0.05,-0.61,0.66,FALSE
24,29,male,32,old,b,1,2.077599999964264,64,24,-23,50,35,-20,21.66666667,21.66666667,0,35.55590278,30.09245014,5.463452634,-23,-20,-3,-0.1,-0.58,0.48,FALSE
24,29,male,33,old,b,1,2.484699999988038,88,33,-10,73,59,-3,37,43,-6,40.10818703,33.02524287,7.082944157,-10,-3,-7,0.15,-0.61,0.76,FALSE
24,29,male,34,old,b,1,1.0849000000357591,88,17,-44,82,43,-37,20.33333333,29.33333333,-9,53.94029621,49.5333782,4.406918017,-44,-37,-7,0.09,-0.39,0.48,FALSE
24,29,male,35,old,a,0,1.846599999964269,70,12,-66,45,34,-63,5.333333333,5.333333333,0,55.72152985,48.52719741,7.194332436,-66,-63,-3,-0.18,-0.68,0.5,FALSE
24,29,male,36,old,a,0,1.6902000000476392,74,43,-22,76,14,-13,31.66666667,25.66666667,6,40.00277768,37.25885428,2.743923402,-22,-13,-9,-0.4,0.44,-0.84,FALSE
24,29,male,37,old,a,0,1.4349000000356682,85,2,-81,57,52,-76,2,11,-9,67.76921622,61.55214591,6.217070303,-81,-76,-5,0,-0.7,0.7,FALSE
24,29,male,38,old,b,1,1.9840000000000373,84,27,-36,73,4,-29,25,16,9,49.01020302,42.49705872,6.513144298,-36,-29,-7,-0.06,0.4,-0.46,FALSE
24,29,male,39,old,b,1,1.943599999964249,83,50,-11,85,29,-1,40.66666667,37.66666667,3,38.93869826,35.64017708,3.298521182,-11,-1,-10,-0.35,0.35,-0.7,FALSE
24,29,male,40,old,b,1,0.8196000000237973,94,70,-40,98,38,-30,41.33333333,35.33333333,6,58.33999962,52.2897908,6.050208816,-40,-30,-10,-0.62,-0.08,-0.54,FALSE
24,29,male,41,old,a,0,6.890899999976114,99,35,-16,88,50,-11,39.33333333,42.33333333,-3,47.0484384,40.77853466,6.269903738,-16,-11,-5,0.14,-0.28,0.42,FALSE
24,29,male,42,old,b,1,1.3888000000118836,53,9,-17,37,30,-13,15,18,-3,28.89059824,22.10580618,6.784792065,-17,-13,-4,0.3,-0.65,0.95,FALSE
24,29,male,0,new,b,1,1.900599999964243,76,38,-12,82,9,-7,34,28,6,36.037018,38.73843914,-2.701421131,-12,-7,-5,-0.17,0.62,-0.79,FALSE
24,29,male,1,new,a,0,1.0674999999999957,84,38,-47,98,2,-43,25,19,6,54.26478293,58.80476171,-4.53997878,-47,-43,-4,-0.35,0.41,-0.76,FALSE
24,29,male,2,new,a,0,0.96730000001196,57,33,-39,75,10,-34,17,17,0,40.79215611,44.77350407,-3.981347961,-39,-34,-5,-0.53,0.23,-0.76,FALSE
24,29,male,3,new,a,0,0.9082000000477136,83,52,-36,96,9,-33,33,24,9,50.4050262,53.72150407,-3.31647787,-36,-33,-3,-0.51,0.4,-0.91,FALSE
24,29,male,4,new,b,1,1.03890000003571,35,19,-36,66,5,-26,6,15,-9,30.40833219,38.21866909,-7.810336894,-36,-26,-10,-0.56,0.37,-0.93,FALSE
24,29,male,5,new,a,0,1.0046999999881336,83,36,-11,86,2,-7,36,27,9,38.3753393,41.88078318,-3.505443879,-11,-7,-4,0,0.68,-0.68,FALSE
24,29,male,6,new,a,0,1.2055999999641926,67,34,-14,82,3,-7,29,26,3,33.2565783,39.80787192,-6.551293622,-14,-7,-7,-0.22,0.67,-0.89,FALSE
24,29,male,7,new,a,0,1.0358999999760954,65,35,-38,81,15,-34,20.66666667,20.66666667,0,43.25377312,47.1192341,-3.865460983,-38,-34,-4,-0.46,0.18,-0.64,FALSE
24,29,male,8,new,b,1,1.122000000000071,71,36,-38,93,11,-35,23,23,0,45.43860326,52.94021786,-7.501614591,-38,-35,-3,-0.41,0.33,-0.74,FALSE
24,29,male,9,new,a,0,1.237699999988081,73,35,-13,82,8,-4,31.66666667,28.66666667,3,35.18838192,38.02922853,-2.840846604,-13,-4,-9,-0.14,0.65,-0.79,FALSE
24,29,male,10,new,a,0,1.20439999997609,72,24,-26,91,16,-19,23.33333333,29.33333333,-6,40.01110957,45.88633299,-5.875223425,-26,-19,-7,-0.02,0.41,-0.43,FALSE
24,29,male,11,new,a,0,2.8294000000357755,67,58,-29,93,49,-19,32,41,-9,43.28972164,46.07240678,-2.782685138,-29,-19,-10,-0.68,-0.26,-0.42,FALSE
24,29,male,12,new,a,0,1.7934999999999943,74,29,-58,96,13,-55,15,18,-3,54.79051013,61.74679479,-6.956284661,-58,-55,-3,-0.37,0.12,-0.49,FALSE
24,29,male,13,new,b,1,0.7006000000238828,82,33,-22,91,7,-14,31,28,3,42.48136847,45.36518489,-2.883816424,-22,-14,-8,-0.07,0.6,-0.67,FALSE
24,29,male,14,new,a,0,1.2568999999762127,56,39,-80,86,11,-73,5,8,-3,60.50344343,64.94613152,-4.442688096,-80,-73,-7,-0.67,-0.07,-0.6,FALSE
24,29,male,15,new,b,1,3.3733999999761863,59,53,-70,91,2,-60,14,11,3,59.44745579,61.97311245,-2.525656659,-70,-60,-10,-0.7,0.21,-0.91,FALSE
24,29,male,16,new,a,0,1.37319999998806,82,41,-36,94,3,-28,29,23,6,48.91489207,51.77515492,-2.860262842,-36,-28,-8,-0.35,0.52,-0.87,FALSE
24,29,male,17,new,b,1,1.0194999999999936,65,61,-27,97,23,-21,33,33,0,42.45782221,48.68949236,-6.231670156,-27,-21,-6,-0.7,0.3,-1,FALSE
24,29,male,18,new,a,0,5.459100000023909,86,35,-10,92,6,-5,37,31,6,39.2173431,43.36665386,-4.149310754,-10,-5,-5,0.08,0.67,-0.59,FALSE
24,29,male,19,new,b,1,0.7979000000358383,94,45,-8,97,10,-3,43.66666667,34.66666667,9,41.65199742,44.39469438,-2.74269696,-8,-3,-5,-0.05,0.66,-0.71,FALSE
24,29,male,21,new,b,1,1.0203000000119573,75,60,-69,99,6,-66,22,13,9,64.63745044,67.54257916,-2.905128718,-69,-66,-3,-0.68,0.15,-0.83,FALSE
24,29,male,22,new,b,1,0.9221000000238746,74,56,-98,99,2,-96,10.66666667,1.666666667,9,77.18952145,79.60876557,-2.4192441160000002,-98,-96,-2,-0.68,-0.01,-0.67,FALSE
24,29,male,23,new,b,1,5.557699999988131,70,31,-60,87,5,-51,13.66666667,13.66666667,0,54.46915539,56.6705881,-2.20143271,-60,-51,-9,-0.45,0.23,-0.68,FALSE
24,29,male,24,new,a,0,2.9526999999881127,40,34,-14,62,29,-4,20,29,-9,24.16609195,26.94438717,-2.778295223,-14,-4,-10,-0.67,0,-0.67,FALSE
24,29,male,25,new,b,1,1.1128999999760936,76,31,-39,96,19,-29,22.66666667,28.66666667,-6,47.31689856,51.48678363,-4.169885078,-39,-29,-10,-0.26,0.28,-0.54,FALSE
24,29,male,26,new,b,1,2.48159999996426,62,43,-86,99,27,-80,6.333333333,15.33333333,-9,65.74867975,73.54061614,-7.79193639,-86,-80,-6,-0.66,-0.23,-0.43,FALSE
24,29,male,27,new,b,1,4.161600000023782,66,55,-73,97,23,-63,16,19,-3,63.09252465,65.38093504,-2.28841039,-73,-63,-10,-0.69,-0.09,-0.6,FALSE
24,29,male,28,new,b,1,1.3644000000357437,73,32,-44,95,17,-42,20.33333333,23.33333333,-3,48.47221426,56.10902086,-7.6368066,-44,-42,-2,-0.35,0.17,-0.52,FALSE
24,29,male,29,new,a,0,0.7764999999999418,85,45,-46,95,4,-42,28,19,9,54.81483984,56.92685365,-2.112013812,-46,-42,-4,-0.44,0.38,-0.82,FALSE
24,29,male,30,new,a,0,0.8715999999642463,63,62,-52,88,34,-49,24.33333333,24.33333333,0,53.97736151,56.34615239,-2.368790878,-52,-49,-3,-0.71,-0.25,-0.46,FALSE
24,29,male,31,new,b,1,0.8126000000238491,58,27,-28,78,17,-20,19,25,-6,35.56215217,40.40627014,-4.844117975,-28,-20,-8,-0.33,0.29,-0.62,FALSE
24,29,male,32,new,b,1,0.8582000000476455,59,34,-23,76,30,-18,23.33333333,29.33333333,-6,34.31552936,38.37823457,-4.062705208,-23,-18,-5,-0.44,-0.03,-0.41,FALSE
24,29,male,33,new,b,1,0.6834000000358174,45,40,-49,77,30,-44,12,21,-9,43.18178628,49.80629144,-6.624505153,-49,-44,-5,-0.7,-0.27,-0.43,FALSE
24,29,male,34,new,b,1,1.218499999999949,51,25,-16,72,5,-8,20,23,-3,27.58018612,35.05234181,-7.47215569,-16,-8,-8,-0.27,0.63,-0.9,FALSE
24,29,male,35,new,b,1,0.8066999999880409,59,17,-45,75,4,-39,10.33333333,13.33333333,-3,42.71871825,47.00590979,-4.287191544,-45,-39,-6,-0.23,0.29,-0.52,FALSE
24,29,male,36,new,a,0,1.0643999999761036,56,49,-15,84,31,-7,30,36,-6,31.94787421,37.31844941,-5.370575202,-15,-7,-8,-0.68,0.2,-0.88,FALSE
24,29,male,37,new,a,0,1.788899999976138,61,33,-4,66,7,-1,30,24,6,26.62079388,29.87752779,-3.25673391,-4,-1,-3,-0.17,0.67,-0.84,FALSE
24,29,male,38,new,a,0,0.9304999999999382,62,41,-30,88,24,-21,24.33333333,30.33333333,-6,39.36439452,44.723844,-5.359449486,-30,-21,-9,-0.56,0.21,-0.77,FALSE
24,29,male,39,new,b,1,1.2727999999523265,41,39,-29,73,26,-21,17,26,-9,32.53715825,38.3753393,-5.838181059,-29,-21,-8,-0.71,0,-0.71,FALSE
24,29,male,40,new,b,1,0.6989000000357919,62,55,-78,93,7,-70,13,10,3,64.41014413,66.57827473,-2.168130606,-78,-70,-8,-0.7,0.07,-0.77,FALSE
24,29,male,41,new,b,1,0.6476000000238855,60,59,-71,98,2,-61,16,13,3,61.51964456,65.37583651,-3.856191956,-71,-61,-10,-0.71,0.25,-0.96,FALSE
24,29,male,42,new,a,0,1.0256000000238146,75,51,-33,96,10,-31,31,25,6,46.30334761,52.92132525,-6.617977643,-33,-31,-2,-0.57,0.4,-0.97,FALSE
24,29,male,0,old,b,1,1.7285999999642172,70,57,-28,78,40,-19,33,33,0,43.45879274,39.90822806,3.550564686,-28,-19,-9,-0.66,-0.26,-0.4,FALSE
24,29,male,1,old,b,1,0.7512000000476746,82,31,-53,64,62,-48,20,26,-6,55.6596802,52.33227175,3.327408449,-53,-48,-5,-0.29,-0.71,0.42,FALSE
24,29,male,2,old,a,0,0.6376999999880582,58,38,-11,53,25,-2,28.33333333,25.33333333,3,28.98658694,22.45489306,6.531693879,-11,-2,-9,-0.46,0.02,-0.48,FALSE
24,29,male,3,old,a,0,1.2380000000000564,79,13,-40,74,33,-37,17.33333333,23.33333333,-6,48.67808085,45.82818153,2.849899325,-40,-37,-3,0.13,-0.31,0.44,FALSE
24,29,male,4,old,b,1,0.7872000000477328,73,52,-43,84,13,-33,27.33333333,21.33333333,6,50.4667107,48.12714642,2.339564283,-43,-33,-10,-0.62,0.25,-0.87,FALSE
24,29,male,5,old,b,1,0.9541000000239136,57,19,-12,42,29,-7,21.33333333,21.33333333,0,28.21740991,20.72572208,7.491687838,-12,-7,-5,0.12,-0.5,0.62,FALSE
24,29,male,6,old,b,1,1.1477000000477346,70,51,-43,75,10,-34,26,17,9,49.40310382,44.77350407,4.629599747,-43,-34,-9,-0.63,0.23,-0.86,FALSE
24,29,male,7,old,b,1,0.9393999999762171,79,63,-12,80,36,-4,43.33333333,37.33333333,6,39.6680672,34.30581421,5.362252988,-12,-4,-8,-0.62,0.06,-0.68,FALSE
24,29,male,8,old,a,0,0.8542000000477401,65,57,-40,69,18,-32,27.33333333,18.33333333,9,47.72374205,41.23375101,6.489991045,-40,-32,-8,-0.69,0.01,-0.7,FALSE
24,29,male,9,old,a,0,2.3282999999522644,46,32,-39,42,9,-30,13,7,6,37.21110945,29.42787794,7.783231513,-39,-30,-9,-0.63,-0.1,-0.53,FALSE
24,29,male,10,old,a,0,1.0538999999761245,98,42,-26,70,68,-24,38,38,0,50.70174224,43.84822307,6.853519172,-26,-24,-2,-0.12,-0.71,0.59,FALSE
24,29,male,11,old,b,1,2.502499999999941,82,11,-76,60,51,-67,5.666666667,14.66666667,-9,64.61338011,57.86382482,6.749555292,-76,-67,-9,-0.12,-0.69,0.57,FALSE
24,29,male,12,old,b,1,1.3605000000000018,96,19,-78,77,43,-74,12.33333333,15.33333333,-3,71.19144768,64.67525716,6.516190515,-78,-74,-4,-0.14,-0.56,0.42,FALSE
24,29,male,14,old,a,0,1.4368000000119991,46,30,-55,47,6,-50,7,1,6,44.32456054,39.75759885,4.566961681,-55,-50,-5,-0.64,-0.19,-0.45,FALSE
24,29,male,15,old,a,0,0.92040000003567,60,5,-41,53,30,-32,8,17,-9,41.28760912,35.89800366,5.389605459,-41,-32,-9,0.11,-0.5,0.61,FALSE
24,29,male,16,old,a,0,1.01039999997613,48,21,-20,41,36,-10,16.33333333,22.33333333,-6,27.95631513,22.9540604,5.002254727,-20,-10,-10,-0.25,-0.68,0.43,FALSE
24,29,male,17,old,a,0,1.1242999999523136,64,62,-48,70,29,-39,26,20,6,52.33227175,44.95182607,7.380445685,-48,-39,-9,-0.71,-0.29,-0.42,FALSE
24,29,male,18,old,b,1,1.3052999999523536,56,8,-52,40,33,-43,4,10,-6,44.18144407,37.58545818,6.595985888,-52,-43,-9,-0.14,-0.69,0.55,FALSE
24,29,male,19,old,a,0,0.88830000001200915,98,58,-16,96,41,-6,46.66666667,43.66666667,3,47.22522866,41.6839964,5.541232266,-16,-6,-10,-0.35,0.1,-0.45,FALSE
24,29,male,20,old,b,1,0.8466999999881182,59,9,-67,40,31,-61,0.333333333,3.333333333,-3,51.80304581,45.63867755,6.164368259,-67,-61,-6,-0.25,-0.69,0.44,FALSE
24,29,male,21,old,b,1,11.74059999996416,79,16,-61,58,42,-57,11.33333333,14.33333333,-3,57.24993935,50.86146762,6.388471726,-61,-57,-4,-0.12,-0.65,0.53,FALSE
24,29,male,22,old,b,1,1.6793999999762264,74,21,-46,56,42,-40,16.33333333,19.33333333,-3,49.10080334,42.34251869,6.758284654,-46,-40,-6,-0.14,-0.65,0.51,FALSE
24,29,male,23,old,b,1,3.6943999999762127,99,52,-13,90,75,-9,46,52,-6,45.92022067,43.56604182,2.354178852,-13,-9,-4,-0.19,-0.64,0.45,FALSE
24,29,male,24,old,a,0,0.9358999999761864,74,5,-55,57,19,-52,8,8,0,52.70673581,45.17373868,7.532997129,-55,-52,-3,0.09,-0.35,0.44,FALSE
24,29,male,25,old,a,0,1.6541999999881227,48,3,-24,46,23,-15,9,18,-9,29.69848481,25.15286597,4.545618837,-24,-15,-9,0.29,-0.29,0.58,FALSE
24,29,male,26,old,b,1,1.00440000003573,79,40,-26,73,13,-20,31,22,9,43.33589736,38.49675311,4.83914425,-26,-20,-6,-0.3,0.34,-0.64,FALSE
24,29,male,27,old,a,0,1.421700000047622,85,24,-45,67,54,-39,21.33333333,27.33333333,-6,53.10576449,47.20404879,5.901715701,-45,-39,-6,-0.08,-0.67,0.59,FALSE
24,29,male,28,old,b,1,1.3368000000118627,78,43,-10,60,54,-3,37,37,0,36.17549815,28.39013913,7.785359021,-10,-3,-7,-0.24,-0.68,0.44,FALSE
24,29,male,29,old,b,1,0.8555000000000064,80,43,-35,75,18,-32,29.33333333,20.33333333,9,47.93282336,43.71371511,4.219108251,-35,-32,-3,-0.4,0.08,-0.48,FALSE
24,29,male,30,old,b,1,17.055999999999926,91,79,-11,99,39,-6,53,44,9,45.51922671,43.01162634,2.507600372,-11,-6,-5,-0.67,0.17,-0.84,FALSE
24,29,male,31,old,b,1,1.1951000000238992,53,40,-11,50,25,-2,27.33333333,24.33333333,3,27.62044331,21.23414441,6.386298903,-11,-2,-9,-0.59,-0.05,-0.54,FALSE
24,29,male,32,old,a,0,1.496799999952373,92,2,-70,66,50,-65,8,17,-9,66.2721661,58.34952156,7.92264454,-70,-65,-5,0.14,-0.67,0.81,FALSE
24,29,male,33,old,a,0,1.0976999999880943,53,8,-35,40,19,-33,8.666666667,8.666666667,0,35.92894222,30.68477726,5.244164957,-35,-33,-2,0.03,-0.47,0.5,FALSE
24,29,male,34,old,a,0,1.145899999976109,79,64,-29,81,28,-22,38,29,9,47.77028365,42.05551886,5.714764789,-29,-22,-7,-0.66,0.04,-0.7,FALSE
24,29,male,35,old,a,0,1.3188999999762243,63,16,-47,44,40,-43,10.66666667,13.66666667,-3,45.0653846,40.10264608,4.962738522,-47,-43,-4,-0.18,-0.7,0.52,FALSE
24,29,male,36,old,b,1,1.1304999999999836,61,12,-35,44,34,-31,12.66666667,15.66666667,-3,39.19467084,33.24989557,5.944775267,-35,-31,-4,0.03,-0.66,0.69,FALSE
24,29,male,37,old,b,1,12.720800000011875,57,44,-13,53,29,-3,29.33333333,26.33333333,3,30.40102337,22.93953405,7.461489329,-13,-3,-10,-0.61,-0.17,-0.44,FALSE
24,29,male,38,old,a,0,4.617100000023811,65,13,-18,61,36,-10,20,29,-9,34.24422092,29.40521496,4.839005967,-18,-10,-8,0.3,-0.34,0.64,FALSE
24,29,male,39,old,b,1,1.0973000000119555,87,78,-16,94,52,-6,49.66666667,46.66666667,3,46.57848812,40.99864496,5.579843156,-16,-6,-10,-0.69,-0.19,-0.5,FALSE
24,29,male,40,old,a,0,0.9866000000238272,77,69,-21,82,39,-14,41.66666667,35.66666667,6,44.43222054,39.26264835,5.16957219,-21,-14,-7,-0.69,-0.13,-0.56,FALSE
24,29,male,41,old,b,1,0.6550999999641363,85,68,-15,91,43,-5,46,43,3,43.68828981,39.19183588,4.496453927,-15,-5,-10,-0.63,0,-0.63,FALSE
24,29,male,42,old,a,0,0.5080000000000382,91,22,-54,72,61,-47,19.66666667,28.66666667,-9,59.21899095,53.69254035,5.526450601,-54,-47,-7,-0.06,-0.68,0.62,FALSE
24,29,male,0,new,a,0,2.0186000000238664,73,53,-41,99,7,-39,28.33333333,22.33333333,6,49.70133019,57.37207993,-7.670749745,-41,-39,-2,-0.62,0.38,-1,FALSE
24,29,male,1,new,a,0,1.1337999999523165,72,24,-83,93,6,-77,4.333333333,7.333333333,-3,64.78854494,69.40861298,-4.620068037,-83,-77,-6,-0.43,0.03,-0.46,FALSE
24,29,male,3,new,a,0,0.5561000000238892,73,45,-52,99,1,-43,22,19,3,53.55993528,59.35205697,-5.792121696,-52,-43,-9,-0.56,0.43,-0.99,FALSE
24,29,male,4,new,b,1,0.8318999999761445,44,31,-57,70,16,-50,6,12,-6,44.86275367,49.07137659,-4.208622918,-57,-50,-7,-0.66,-0.12,-0.54,FALSE
24,29,male,5,new,b,1,0.5108999999761181,86,32,-13,90,5,-8,35,29,6,40.47221269,43.45879274,-2.986580053,-13,-8,-5,0.11,0.66,-0.55,FALSE
24,29,male,6,new,a,0,0.6910000000000309,45,26,-62,73,18,-55,3,12,-9,46.61187259,52.42772803,-5.815855439,-62,-55,-7,-0.62,-0.17,-0.45,FALSE
24,29,male,7,new,b,1,0.8501999999880354,69,45,-22,90,19,-17,30.66666667,30.66666667,0,38.50829636,44.45472103,-5.94642467,-22,-17,-5,-0.51,0.38,-0.89,FALSE
24,29,male,8,new,a,0,0.7705999999642472,69,50,-40,89,13,-32,26.33333333,23.33333333,3,47.54179448,49.93551397,-2.393719493,-40,-32,-8,-0.62,0.3,-0.92,FALSE
24,29,male,9,new,a,0,2.295199999988085,75,48,-36,95,7,-33,29,23,6,47.26520919,53.46650042,-6.201291223,-36,-33,-3,-0.54,0.42,-0.96,FALSE
24,29,male,10,new,a,0,1.187699999988013,68,60,-38,99,37,-28,30,36,-6,48.19405219,51.85235449,-3.658302303,-38,-28,-10,-0.69,-0.03,-0.66,FALSE
24,29,male,11,new,a,0,0.9531999999881008,56,21,-48,76,2,-40,9.666666667,12.66666667,-3,43.20750964,47.95368136,-4.74617172,-48,-40,-8,-0.38,0.32,-0.7,FALSE
24,29,male,12,new,b,1,0.7399000000357319,71,38,-70,91,1,-62,13,10,3,60.21627687,62.78534861,-2.56907174,-70,-62,-8,-0.55,0.21,-0.76,FALSE
24,29,male,13,new,b,1,0.7058000000120046,59,30,-17,77,20,-7,24,30,-6,31.31559782,35.0142828,-3.698684983,-17,-7,-10,-0.28,0.41,-0.69,FALSE
24,29,male,14,new,b,1,1.3142000000476628,54,51,-50,87,14,-46,18.33333333,18.33333333,0,48.33448274,54.3834125,-6.048929759,-50,-46,-4,-0.71,0.12,-0.83,FALSE
24,29,male,15,new,a,0,0.7805999999642381,85,51,-7,92,14,-4,43,34,9,37.98245209,41.66533331,-3.682881223,-7,-4,-3,-0.31,0.61,-0.92,FALSE
24,29,male,16,new,a,0,0.7971999999880381,86,41,-34,96,4,-25,31,25,6,49.49747468,51.58165048,-2.084175801,-34,-25,-9,-0.29,0.54,-0.83,FALSE
24,29,male,17,new,b,1,7.961100000023862,80,48,-26,89,7,-21,34,25,9,44.39219151,46.6761895,-2.283997999,-26,-21,-5,-0.44,0.52,-0.96,FALSE
24,29,male,18,new,a,0,1.5047000000477055,54,34,-67,84,8,-62,7,10,-3,52.95910372,59.62102537,-6.661921656,-67,-62,-5,-0.63,0.05,-0.68,FALSE
24,29,male,19,new,b,1,0.7058999999761681,87,54,-16,96,14,-12,41.66666667,32.66666667,9,42.94440851,46.02414825,-3.079739742,-16,-12,-4,-0.41,0.54,-0.95,FALSE
24,29,male,20,new,b,1,0.7526000000239037,88,50,-27,96,11,-23,37,28,9,47.84001115,50.04664491,-2.206633761,-27,-23,-4,-0.39,0.47,-0.86,FALSE
24,29,male,21,new,a,0,1.169200000047681,62,44,-43,91,27,-37,21,27,-6,45.84757355,52.25578118,-6.408207634,-43,-37,-6,-0.63,0,-0.63,FALSE
24,29,male,22,new,a,0,1.0041999999880318,58,27,-46,74,5,-40,13,13,0,43.59663596,46.88283268,-3.286196723,-46,-40,-6,-0.45,0.25,-0.7,FALSE
24,29,male,23,new,a,0,1.0640000000000782,53,40,-78,88,6,-70,5,8,-3,58.92933621,64.51873113,-5.589394916,-78,-70,-8,-0.68,0.05,-0.73,FALSE
24,29,male,24,new,b,1,0.7171999999881109,49,45,-36,87,24,-26,19.33333333,28.33333333,-9,39.16063783,46.23370584,-7.073068005,-36,-26,-10,-0.7,0.14,-0.84,FALSE
24,29,male,25,new,a,0,0.8149000000357773,89,36,-51,98,7,-49,24.66666667,18.66666667,6,57.71385353,60.5768566,-2.863003074,-51,-49,-2,-0.29,0.28,-0.57,FALSE
24,29,male,26,new,b,1,0.6539999999999964,66,47,-58,95,21,-52,18.33333333,21.33333333,-3,54.53031777,60.01296156,-5.482643798,-58,-52,-6,-0.64,0.01,-0.65,FALSE
24,29,male,27,new,b,1,0.8194999999999482,79,50,-10,95,17,-2,39.66666667,36.66666667,3,37.06151043,41.97088938,-4.90937895,-10,-2,-8,-0.4,0.6,-1,FALSE
24,29,male,28,new,a,0,0.6485000000000127,72,42,-20,78,6,-17,31.33333333,22.33333333,9,38.30868773,40.46672158,-2.158033852,-20,-17,-3,-0.4,0.54,-0.94,FALSE
24,29,male,29,new,b,1,0.5648000000119282,44,36,-47,66,12,-45,11,11,0,41.14203041,45.32107677,-4.17904636,-47,-45,-2,-0.69,-0.03,-0.66,FALSE
24,29,male,30,new,b,1,0.79849999999999,80,38,-19,90,6,-15,33,27,6,40.57092555,45.36518489,-4.794259339,-19,-15,-4,-0.18,0.6,-0.78,FALSE
24,29,male,31,new,a,0,0.5883999999762182,73,23,-91,92,2,-89,1.666666667,1.666666667,0,68.63105873,73.89331649,-5.262257764,-91,-89,-2,-0.44,-0.01,-0.43,FALSE
24,29,male,32,new,b,1,0.88819999998816,31,25,-52,57,4,-48,1.333333333,4.333333333,-3,37.79182745,42.86671851,-5.074891054,-52,-48,-4,-0.69,0.01,-0.7,FALSE
24,29,male,33,new,b,1,0.6860999999643127,43,31,-49,75,8,-40,8.333333333,14.33333333,-6,40.83571422,47.16166051,-6.325946295,-49,-40,-9,-0.66,0.2,-0.86,FALSE
24,29,male,34,new,a,0,1.5601999999880718,47,44,-54,78,9,-50,12.33333333,12.33333333,0,46.92073695,52.3089115,-5.388174553,-54,-50,-4,-0.7,0.1,-0.8,FALSE
24,29,male,35,new,a,0,1.147299999952338,32,24,-44,60,15,-36,4,13,-9,34.09789827,39.2173431,-5.119444829,-44,-36,-8,-0.68,-0.08,-0.6,FALSE
24,29,male,36,new,b,1,1.1994999999999436,82,49,-19,98,16,-11,37.33333333,34.33333333,3,42.05023451,46.34891824,-4.298683734,-19,-11,-8,-0.39,0.53,-0.92,FALSE
24,29,male,37,new,a,0,0.8036999999879981,37,15,-44,59,10,-34,2.666666667,11.66666667,-9,34.19876541,37.9853773,-3.786611894,-44,-34,-10,-0.49,0.07,-0.56,FALSE
24,29,male,38,new,b,1,1.6539999999999964,38,17,-31,62,16,-27,8,17,-9,28.87905816,36.34097779,-7.461919633,-31,-27,-4,-0.44,0.04,-0.48,FALSE
24,29,male,39,new,a,0,1.3271999999881243,78,57,-50,98,6,-46,28.33333333,19.33333333,9,56.04958123,59.5389695,-3.489388273,-50,-46,-4,-0.63,0.32,-0.95,FALSE
24,29,male,40,new,a,0,1.0846000000237837,68,52,-62,94,9,-54,19.33333333,16.33333333,3,57.88110419,60.64285247,-2.761748279,-62,-54,-8,-0.67,0.18,-0.85,FALSE
24,29,male,41,new,b,1,1.0417999999523315,38,36,-51,71,20,-41,7.666666667,16.66666667,-9,41.49163236,45.78451946,-4.292887105,-51,-41,-10,-0.71,-0.11,-0.6,FALSE
24,29,male,42,new,b,1,0.9545000000000528,42,23,-11,63,18,-9,18,24,-6,21.92411154,29.69848481,-7.774373273,-11,-9,-2,-0.33,0.29,-0.62,FALSE
25,59,male,0,new,a,0,8.1283999999999,94,45,-8,97,10,-3,43.66666667,34.66666667,9,41.65199742,44.39469438,-2.74269696,-8,-3,-5,-0.05,0.66,-0.71,FALSE
25,59,male,1,new,b,1,2.9435,35,19,-36,66,5,-26,6,15,-9,30.40833219,38.21866909,-7.810336894,-36,-26,-10,-0.56,0.37,-0.93,FALSE
25,59,male,2,new,b,1,2.55980000000028,67,58,-29,93,49,-19,32,41,-9,43.28972164,46.07240678,-2.782685138,-29,-19,-10,-0.68,-0.26,-0.42,FALSE
25,59,male,3,new,a,0,2.5107999999998185,83,52,-36,96,9,-33,33,24,9,50.4050262,53.72150407,-3.31647787,-36,-33,-3,-0.51,0.4,-0.91,FALSE
25,59,male,4,new,a,0,2.75970000000018,82,33,-22,91,7,-14,31,28,3,42.48136847,45.36518489,-2.883816424,-22,-14,-8,-0.07,0.6,-0.67,FALSE
25,59,male,5,new,b,1,2.026900000000367,62,41,-30,88,24,-21,24.33333333,30.33333333,-6,39.36439452,44.723844,-5.359449486,-30,-21,-9,-0.56,0.21,-0.77,FALSE
25,59,male,6,new,b,1,6.237100000000112,40,34,-14,62,29,-4,20,29,-9,24.16609195,26.94438717,-2.778295223,-14,-4,-10,-0.67,0,-0.67,FALSE
25,59,male,7,new,a,0,4.320600000000098,84,38,-47,98,2,-43,25,19,6,54.26478293,58.80476171,-4.53997878,-47,-43,-4,-0.35,0.41,-0.76,FALSE
25,59,male,8,new,a,0,1.1935000000000002,61,33,-4,66,7,-1,30,24,6,26.62079388,29.87752779,-3.25673391,-4,-1,-3,-0.17,0.67,-0.84,FALSE
25,59,male,9,new,a,0,1.5954000000003532,86,35,-10,92,6,-5,37,31,6,39.2173431,43.36665386,-4.149310754,-10,-5,-5,0.08,0.67,-0.59,FALSE
25,59,male,10,new,a,0,2.954600000000113,75,60,-69,99,6,-66,22,13,9,64.63745044,67.54257916,-2.905128718,-69,-66,-3,-0.68,0.15,-0.83,FALSE
25,59,male,11,new,a,0,2.2712999999997976,51,25,-16,72,5,-8,20,23,-3,27.58018612,35.05234181,-7.47215569,-16,-8,-8,-0.27,0.63,-0.9,FALSE
25,59,male,12,new,a,0,6.737800000000277,56,39,-80,86,11,-73,5,8,-3,60.50344343,64.94613152,-4.442688096,-80,-73,-7,-0.67,-0.07,-0.6,FALSE
25,59,male,14,new,b,1,1.609499999999997,56,49,-15,84,31,-7,30,36,-6,31.94787421,37.31844941,-5.370575202,-15,-7,-8,-0.68,0.2,-0.88,FALSE
25,59,male,15,new,b,1,2.53879999999981,74,29,-58,96,13,-55,15,18,-3,54.79051013,61.74679479,-6.956284661,-58,-55,-3,-0.37,0.12,-0.49,FALSE
25,59,male,16,new,a,0,2.0447999999998103,74,56,-98,99,2,-96,10.66666667,1.666666667,9,77.18952145,79.60876557,-2.4192441160000002,-98,-96,-2,-0.68,-0.01,-0.67,FALSE
25,59,male,17,new,a,0,4.42880000000028,65,61,-27,97,23,-21,33,33,0,42.45782221,48.68949236,-6.231670156,-27,-21,-6,-0.7,0.3,-1,FALSE
25,59,male,18,new,b,1,2.6600999999996304,59,34,-23,76,30,-18,23.33333333,29.33333333,-6,34.31552936,38.37823457,-4.062705208,-23,-18,-5,-0.44,-0.03,-0.41,FALSE
25,59,male,19,new,a,0,1.9106000000001016,70,31,-60,87,5,-51,13.66666667,13.66666667,0,54.46915539,56.6705881,-2.20143271,-60,-51,-9,-0.45,0.23,-0.68,FALSE
25,59,male,20,new,b,1,1.628100000000103,41,39,-29,73,26,-21,17,26,-9,32.53715825,38.3753393,-5.838181059,-29,-21,-8,-0.71,0,-0.71,FALSE
25,59,male,21,new,a,0,1.76140000000035,82,41,-36,94,3,-28,29,23,6,48.91489207,51.77515492,-2.860262842,-36,-28,-8,-0.35,0.52,-0.87,FALSE
25,59,male,22,new,a,0,2.839200000000204,59,53,-70,91,2,-60,14,11,3,59.44745579,61.97311245,-2.525656659,-70,-60,-10,-0.7,0.21,-0.91,FALSE
25,59,male,23,new,a,0,1.7953999999999155,58,27,-28,78,17,-20,19,25,-6,35.56215217,40.40627014,-4.844117975,-28,-20,-8,-0.33,0.29,-0.62,FALSE
25,59,male,24,new,b,1,2.05919999999972,66,55,-73,97,23,-63,16,19,-3,63.09252465,65.38093504,-2.28841039,-73,-63,-10,-0.69,-0.09,-0.6,FALSE
25,59,male,25,new,a,0,1.0453999999999155,72,24,-26,91,16,-19,23.33333333,29.33333333,-6,40.01110957,45.88633299,-5.875223425,-26,-19,-7,-0.02,0.41,-0.43,FALSE
25,59,male,26,new,a,0,1.6285000000000025,57,33,-39,75,10,-34,17,17,0,40.79215611,44.77350407,-3.981347961,-39,-34,-5,-0.53,0.23,-0.76,FALSE
25,59,male,27,new,a,0,2.26069999999973,71,36,-38,93,11,-35,23,23,0,45.43860326,52.94021786,-7.501614591,-38,-35,-3,-0.41,0.33,-0.74,FALSE
25,59,male,28,new,a,0,1.907999999999987,65,35,-38,81,15,-34,20.66666667,20.66666667,0,43.25377312,47.1192341,-3.865460983,-38,-34,-4,-0.46,0.18,-0.64,FALSE
25,59,male,29,new,a,0,3.561000000000007,62,55,-78,93,7,-70,13,10,3,64.41014413,66.57827473,-2.168130606,-78,-70,-8,-0.7,0.07,-0.77,FALSE
25,59,male,30,new,a,0,2.245299999999816,59,17,-45,75,4,-39,10.33333333,13.33333333,-3,42.71871825,47.00590979,-4.287191544,-45,-39,-6,-0.23,0.29,-0.52,FALSE
25,59,male,31,new,b,1,1.0228999999999075,63,62,-52,88,34,-49,24.33333333,24.33333333,0,53.97736151,56.34615239,-2.368790878,-52,-49,-3,-0.71,-0.25,-0.46,FALSE
25,59,male,32,new,b,1,3.027399999999915,62,43,-86,99,27,-80,6.333333333,15.33333333,-9,65.74867975,73.54061614,-7.79193639,-86,-80,-6,-0.66,-0.23,-0.43,FALSE
25,59,male,33,new,a,0,1.1434000000003834,83,36,-11,86,2,-7,36,27,9,38.3753393,41.88078318,-3.505443879,-11,-7,-4,0,0.68,-0.68,FALSE
25,59,male,34,new,b,1,1.2940000000000111,76,31,-39,96,19,-29,22.66666667,28.66666667,-6,47.31689856,51.48678363,-4.169885078,-39,-29,-10,-0.26,0.28,-0.54,FALSE
25,59,male,35,new,a,0,1.8106999999997129,67,34,-14,82,3,-7,29,26,3,33.2565783,39.80787192,-6.551293622,-14,-7,-7,-0.22,0.67,-0.89,FALSE
25,59,male,36,new,a,0,2.2062999999998283,60,59,-71,98,2,-61,16,13,3,61.51964456,65.37583651,-3.856191956,-71,-61,-10,-0.71,0.25,-0.96,FALSE
25,59,male,37,new,a,0,1.5740000000000125,76,38,-12,82,9,-7,34,28,6,36.037018,38.73843914,-2.701421131,-12,-7,-5,-0.17,0.62,-0.79,FALSE
25,59,male,38,new,a,0,1.7791999999997188,73,35,-13,82,8,-4,31.66666667,28.66666667,3,35.18838192,38.02922853,-2.840846604,-13,-4,-9,-0.14,0.65,-0.79,FALSE
25,59,male,39,new,b,1,4.027000000000015,45,40,-49,77,30,-44,12,21,-9,43.18178628,49.80629144,-6.624505153,-49,-44,-5,-0.7,-0.27,-0.43,FALSE
25,59,male,40,new,a,0,1.743399999999923,75,51,-33,96,10,-31,31,25,6,46.30334761,52.92132525,-6.617977643,-33,-31,-2,-0.57,0.4,-0.97,FALSE
25,59,male,41,new,a,0,1.878600000000091,85,45,-46,95,4,-42,28,19,9,54.81483984,56.92685365,-2.112013812,-46,-42,-4,-0.44,0.38,-0.82,FALSE
25,59,male,42,new,b,1,5.207900000000393,73,32,-44,95,17,-42,20.33333333,23.33333333,-3,48.47221426,56.10902086,-7.6368066,-44,-42,-2,-0.35,0.17,-0.52,FALSE
25,59,male,0,old,a,0,3.926400000000342,74,43,-22,76,14,-13,31.66666667,25.66666667,6,40.00277768,37.25885428,2.743923402,-22,-13,-9,-0.4,0.44,-0.84,FALSE
25,59,male,1,old,a,0,3.511000000000024,77,25,-58,53,45,-54,14.66666667,14.66666667,0,55.59576323,48.66438351,6.93137972,-58,-54,-4,-0.27,-0.69,0.42,FALSE
25,59,male,2,old,a,0,1.8301999999997065,91,54,-88,96,14,-80,19,10,9,77.1535266,71.90734779,5.246178806,-88,-80,-8,-0.59,-0.08,-0.51,FALSE
25,59,male,3,old,a,0,5.127600000000086,93,58,-8,94,41,-1,47.66666667,44.66666667,3,41.87547678,38.87015422,3.005322563,-8,-1,-7,-0.36,0.14,-0.5,FALSE
25,59,male,4,old,a,0,2.1736000000000786,94,70,-40,98,38,-30,41.33333333,35.33333333,6,58.33999962,52.2897908,6.050208816,-40,-30,-10,-0.62,-0.08,-0.54,FALSE
25,59,male,5,old,a,0,5.561199999999758,61,54,-82,79,11,-75,11,5,6,65.82299497,63.01322612,2.809768844,-82,-75,-7,-0.7,-0.14,-0.56,FALSE
25,59,male,6,old,b,1,1.0968999999998914,75,4,-67,57,43,-61,4,13,-9,57.97125725,52.63712252,5.334134731,-67,-61,-6,0,-0.67,0.67,FALSE
25,59,male,7,old,b,1,6.594100000000083,83,23,-56,70,49,-51,16.66666667,22.66666667,-6,56.92294987,52.7909925,4.131957375,-56,-51,-5,-0.17,-0.62,0.45,FALSE
25,59,male,8,old,a,0,3.550399999999911,66,31,-13,68,19,-3,28,28,0,32.3213036,29.67602849,2.645275119,-13,-3,-10,-0.14,0.43,-0.57,FALSE
25,59,male,9,old,b,1,1.8622999999998344,76,3,-64,59,38,-55,5,14,-9,57.17225434,49.53786431,7.634390037,-64,-55,-9,0.05,-0.61,0.66,FALSE
25,59,male,10,old,b,1,3.7948000000002935,63,2,-47,49,23,-45,6,9,-3,44.99629614,39.63163719,5.36465895,-47,-45,-2,0.13,-0.49,0.62,FALSE
25,59,male,11,old,b,1,2.594899999999882,95,48,-30,71,67,-25,37.66666667,37.66666667,0,51.55148451,44.3421044,7.209380118,-30,-25,-5,-0.29,-0.7,0.41,FALSE
25,59,male,12,old,a,0,3.144700000000171,64,24,-23,50,35,-20,21.66666667,21.66666667,0,35.55590278,30.09245014,5.463452634,-23,-20,-3,-0.1,-0.58,0.48,FALSE
25,59,male,13,old,b,1,1.678899999999942,70,12,-66,45,34,-63,5.333333333,5.333333333,0,55.72152985,48.52719741,7.194332436,-66,-63,-3,-0.18,-0.68,0.5,FALSE
25,59,male,14,old,a,0,4.278100000000052,91,75,-12,94,55,-4,51.33333333,48.33333333,3,45.25728916,40.28509512,4.97219404,-12,-4,-8,-0.64,-0.24,-0.4,FALSE
25,59,male,16,old,b,1,5.244300000000294,80,72,-12,88,45,-2,46.66666667,43.66666667,3,41.61196409,36.7544404,4.857523695,-12,-2,-10,-0.69,-0.05,-0.64,FALSE
25,59,male,17,old,a,0,3.3786000000000627,80,10,-63,59,46,-60,9,15,-6,58.3837877,53.2979049,5.085882805,-63,-60,-3,-0.03,-0.68,0.65,FALSE
25,59,male,18,old,a,0,2.744899999999916,56,42,-72,65,9,-66,8.666666667,2.666666667,6,57.32558087,53.66770185,3.657879018,-72,-66,-6,-0.68,-0.18,-0.5,FALSE
25,59,male,19,old,a,0,2.628500000000031,93,64,-10,95,40,-6,49,43,6,43.36665386,41.28760912,2.079044738,-10,-6,-4,-0.48,0.11,-0.59,FALSE
25,59,male,20,old,b,1,2.461600000000089,55,15,-13,42,31,-7,19,22,-3,27.90459938,20.99206199,6.91253739,-13,-7,-6,0.21,-0.56,0.77,FALSE
25,59,male,21,old,a,0,4.277699999999754,83,50,-11,85,29,-1,40.66666667,37.66666667,3,38.93869826,35.64017708,3.298521182,-11,-1,-10,-0.35,0.35,-0.7,FALSE
25,59,male,22,old,b,1,7.410300000000234,99,35,-16,88,50,-11,39.33333333,42.33333333,-3,47.0484384,40.77853466,6.269903738,-16,-11,-5,0.14,-0.28,0.42,FALSE
25,59,male,23,old,b,1,3.575999999999965,80,2,-60,69,30,-50,7.333333333,16.33333333,-9,57.27904406,49.5333782,7.745665868,-60,-50,-10,0.14,-0.39,0.53,FALSE
25,59,male,24,old,b,1,5.360800000000268,93,31,-8,70,68,-4,38.66666667,44.66666667,-6,41.5879256,34.42221505,7.165710549,-8,-4,-4,0.27,-0.71,0.98,FALSE
25,59,male,25,old,b,1,2.8110000000000355,88,33,-10,73,59,-3,37,43,-6,40.10818703,33.02524287,7.082944157,-10,-3,-7,0.15,-0.61,0.76,FALSE
25,59,male,26,old,b,1,3.842700000000207,53,9,-17,37,30,-13,15,18,-3,28.89059824,22.10580618,6.784792065,-17,-13,-4,0.3,-0.65,0.95,FALSE
25,59,male,27,old,a,0,1.4780000000000086,84,27,-36,73,4,-29,25,16,9,49.01020302,42.49705872,6.513144298,-36,-29,-7,-0.06,0.4,-0.46,FALSE
25,59,male,28,old,b,1,4.16070000000019,67,19,-22,60,38,-16,21.33333333,27.33333333,-6,36.37153955,31.93048004,4.441059506,-22,-16,-6,0.1,-0.46,0.56,FALSE
25,59,male,29,old,a,0,2.7781000000001086,91,67,-10,95,46,-2,49.33333333,46.33333333,3,43.08389748,39.60078563,3.483111855,-10,-2,-8,-0.55,0.01,-0.56,FALSE
25,59,male,30,old,b,1,2.2900000000000205,67,11,-13,61,36,-5,21.66666667,30.66666667,-9,33.51948024,27.20702524,6.312455003,-13,-5,-8,0.45,-0.29,0.74,FALSE
25,59,male,31,old,b,1,2.928099999999631,88,17,-44,82,43,-37,20.33333333,29.33333333,-9,53.94029621,49.5333782,4.406918017,-44,-37,-7,0.09,-0.39,0.48,FALSE
25,59,male,32,old,a,0,2.2783999999998628,91,81,-24,99,44,-22,49.33333333,40.33333333,9,52.01495511,49.46603773,2.548917383,-24,-22,-2,-0.69,-0.11,-0.58,FALSE
25,59,male,33,old,a,0,3.2228000000002908,68,25,-12,60,2,-8,27,18,9,32.69046752,29.97776954,2.712697979,-12,-8,-4,0.09,0.65,-0.56,FALSE
25,59,male,34,old,a,0,9.693800000000238,98,41,-24,75,68,-19,38.33333333,41.33333333,-3,49.8419725,42.75771535,7.084257142,-24,-19,-5,-0.08,-0.69,0.61,FALSE
25,59,male,35,old,a,0,3.97789999999992,81,24,-16,74,4,-7,29.66666667,23.66666667,6,39.80228916,35.8732336,3.929055559,-16,-7,-9,0.21,0.66,-0.45,FALSE
25,59,male,36,old,b,1,1.1786000000001309,85,2,-81,57,52,-76,2,11,-9,67.76921622,61.55214591,6.217070303,-81,-76,-5,0,-0.7,0.7,FALSE
25,59,male,37,old,a,0,2.6507000000001995,97,58,-61,98,20,-51,31.33333333,22.33333333,9,67.20284386,60.85136719,6.351476665,-61,-51,-10,-0.53,0.06,-0.59,FALSE
25,59,male,38,old,a,0,1.994999999999948,99,51,-13,95,36,-3,45.66666667,42.66666667,3,45.87906809,40.28509512,5.59397297,-13,-3,-10,-0.17,0.24,-0.41,FALSE
25,59,male,39,old,b,1,3.794799999999839,69,24,-23,60,43,-15,23.33333333,29.33333333,-6,37.56180093,32.10745846,5.454342465,-23,-15,-8,-0.03,-0.56,0.53,FALSE
25,59,male,40,old,b,1,2.144700000000228,90,44,-48,88,16,-45,28.66666667,19.66666667,9,57.37207993,54.3588897,3.013190235,-48,-45,-3,-0.38,0.1,-0.48,FALSE
25,59,male,41,old,b,1,7.926700000000153,92,60,-21,99,43,-11,43.66666667,43.66666667,0,47.55581516,44.90978611,2.646029045,-21,-11,-10,-0.47,0.02,-0.49,FALSE
25,59,male,42,old,b,1,2.611299999999801,53,8,-34,41,23,-28,9,12,-3,35.52463934,29.22327839,6.301360944,-34,-28,-6,0.04,-0.51,0.55,FALSE
25,59,male,0,new,a,0,7.407799999999838,47,44,-54,78,9,-50,12.33333333,12.33333333,0,46.92073695,52.3089115,-5.388174553,-54,-50,-4,-0.7,0.1,-0.8,FALSE
25,59,male,1,new,b,1,3.9623999999998887,49,45,-36,87,24,-26,19.33333333,28.33333333,-9,39.16063783,46.23370584,-7.073068005,-36,-26,-10,-0.7,0.14,-0.84,FALSE
25,59,male,2,new,a,0,3.644600000000082,80,48,-26,89,7,-21,34,25,9,44.39219151,46.6761895,-2.283997999,-26,-21,-5,-0.44,0.52,-0.96,FALSE
25,59,male,3,new,a,0,5.328799999999831,69,50,-40,89,13,-32,26.33333333,23.33333333,3,47.54179448,49.93551397,-2.393719493,-40,-32,-8,-0.62,0.3,-0.92,FALSE
25,59,male,4,new,b,1,4.442600000000084,45,26,-62,73,18,-55,3,12,-9,46.61187259,52.42772803,-5.815855439,-62,-55,-7,-0.62,-0.17,-0.45,FALSE
25,59,male,5,new,a,0,3.494899999999916,87,54,-16,96,14,-12,41.66666667,32.66666667,9,42.94440851,46.02414825,-3.079739742,-16,-12,-4,-0.41,0.54,-0.95,FALSE
25,59,male,6,new,a,0,1.9735000000000011,72,42,-20,78,6,-17,31.33333333,22.33333333,9,38.30868773,40.46672158,-2.158033852,-20,-17,-3,-0.4,0.54,-0.94,FALSE
25,59,male,7,new,b,1,8.855500000000006,44,36,-47,66,12,-45,11,11,0,41.14203041,45.32107677,-4.17904636,-47,-45,-2,-0.69,-0.03,-0.66,FALSE
25,59,male,8,new,b,1,3.860700000000179,54,34,-67,84,8,-62,7,10,-3,52.95910372,59.62102537,-6.661921656,-67,-62,-5,-0.63,0.05,-0.68,FALSE
25,59,male,9,new,a,0,2.939099999999655,73,53,-41,99,7,-39,28.33333333,22.33333333,6,49.70133019,57.37207993,-7.670749745,-41,-39,-2,-0.62,0.38,-1,FALSE
25,59,male,10,new,a,0,4.011100000000056,68,52,-62,94,9,-54,19.33333333,16.33333333,3,57.88110419,60.64285247,-2.761748279,-62,-54,-8,-0.67,0.18,-0.85,FALSE
25,59,male,11,new,b,1,3.095100000000116,72,24,-83,93,6,-77,4.333333333,7.333333333,-3,64.78854494,69.40861298,-4.620068037,-83,-77,-6,-0.43,0.03,-0.46,FALSE
25,59,male,12,new,a,0,3.711900000000469,75,48,-36,95,7,-33,29,23,6,47.26520919,53.46650042,-6.201291223,-36,-33,-3,-0.54,0.42,-0.96,FALSE
25,59,male,13,new,a,0,3.461700000000178,80,38,-19,90,6,-15,33,27,6,40.57092555,45.36518489,-4.794259339,-19,-15,-4,-0.18,0.6,-0.78,FALSE
25,59,male,14,new,a,0,2.745199999999727,85,51,-7,92,14,-4,43,34,9,37.98245209,41.66533331,-3.682881223,-7,-4,-3,-0.31,0.61,-0.92,FALSE
25,59,male,15,new,a,0,6.177999999999997,82,49,-19,98,16,-11,37.33333333,34.33333333,3,42.05023451,46.34891824,-4.298683734,-19,-11,-8,-0.39,0.53,-0.92,FALSE
25,59,male,16,new,b,1,4.477800000000343,68,60,-38,99,37,-28,30,36,-6,48.19405219,51.85235449,-3.658302303,-38,-28,-10,-0.69,-0.03,-0.66,FALSE
25,59,male,17,new,a,0,2.6787000000001626,71,38,-70,91,1,-62,13,10,3,60.21627687,62.78534861,-2.56907174,-70,-62,-8,-0.55,0.21,-0.76,FALSE
25,59,male,18,new,b,1,6.855200000000082,69,45,-22,90,19,-17,30.66666667,30.66666667,0,38.50829636,44.45472103,-5.94642467,-22,-17,-5,-0.51,0.38,-0.89,FALSE
25,59,male,19,new,b,1,3.9284999999999854,53,40,-78,88,6,-70,5,8,-3,58.92933621,64.51873113,-5.589394916,-78,-70,-8,-0.68,0.05,-0.73,FALSE
25,59,male,20,new,b,1,5.189500000000066,58,27,-46,74,5,-40,13,13,0,43.59663596,46.88283268,-3.286196723,-46,-40,-6,-0.45,0.25,-0.7,FALSE
25,59,male,21,new,b,1,2.978100000000154,66,47,-58,95,21,-52,18.33333333,21.33333333,-3,54.53031777,60.01296156,-5.482643798,-58,-52,-6,-0.64,0.01,-0.65,FALSE
25,59,male,22,new,b,1,3.394300000000271,78,57,-50,98,6,-46,28.33333333,19.33333333,9,56.04958123,59.5389695,-3.489388273,-50,-46,-4,-0.63,0.32,-0.95,FALSE
25,59,male,23,new,b,1,4.244099999999662,37,15,-44,59,10,-34,2.666666667,11.66666667,-9,34.19876541,37.9853773,-3.786611894,-44,-34,-10,-0.49,0.07,-0.56,FALSE
25,59,male,24,new,a,0,5.711999999999989,86,41,-34,96,4,-25,31,25,6,49.49747468,51.58165048,-2.084175801,-34,-25,-9,-0.29,0.54,-0.83,FALSE
25,59,male,25,new,b,1,3.779799999999796,59,30,-17,77,20,-7,24,30,-6,31.31559782,35.0142828,-3.698684983,-17,-7,-10,-0.28,0.41,-0.69,FALSE
25,59,male,26,new,b,1,3.3944999999999936,38,17,-31,62,16,-27,8,17,-9,28.87905816,36.34097779,-7.461919633,-31,-27,-4,-0.44,0.04,-0.48,FALSE
25,59,male,27,new,a,0,6.427399999999807,86,32,-13,90,5,-8,35,29,6,40.47221269,43.45879274,-2.986580053,-13,-8,-5,0.11,0.66,-0.55,FALSE
25,59,male,28,new,a,0,6.201000000000022,54,51,-50,87,14,-46,18.33333333,18.33333333,0,48.33448274,54.3834125,-6.048929759,-50,-46,-4,-0.71,0.12,-0.83,FALSE
25,59,male,29,new,b,1,3.027699999999641,42,23,-11,63,18,-9,18,24,-6,21.92411154,29.69848481,-7.774373273,-11,-9,-2,-0.33,0.29,-0.62,FALSE
25,59,male,30,new,b,1,3.4273999999999205,56,21,-48,76,2,-40,9.666666667,12.66666667,-3,43.20750964,47.95368136,-4.74617172,-48,-40,-8,-0.38,0.32,-0.7,FALSE
25,59,male,31,new,a,0,5.831999999999994,89,36,-51,98,7,-49,24.66666667,18.66666667,6,57.71385353,60.5768566,-2.863003074,-51,-49,-2,-0.29,0.28,-0.57,FALSE
25,59,male,32,new,a,0,9.407900000000382,79,50,-10,95,17,-2,39.66666667,36.66666667,3,37.06151043,41.97088938,-4.90937895,-10,-2,-8,-0.4,0.6,-1,FALSE
25,59,male,33,new,b,1,3.5112999999997783,38,36,-51,71,20,-41,7.666666667,16.66666667,-9,41.49163236,45.78451946,-4.292887105,-51,-41,-10,-0.71,-0.11,-0.6,FALSE
25,59,male,34,new,b,1,3.1782000000001744,31,25,-52,57,4,-48,1.333333333,4.333333333,-3,37.79182745,42.86671851,-5.074891054,-52,-48,-4,-0.69,0.01,-0.7,FALSE
25,59,male,35,new,b,1,3.927599999999643,44,31,-57,70,16,-50,6,12,-6,44.86275367,49.07137659,-4.208622918,-57,-50,-7,-0.66,-0.12,-0.54,FALSE
25,59,male,36,new,a,0,2.8280000000000882,88,50,-27,96,11,-23,37,28,9,47.84001115,50.04664491,-2.206633761,-27,-23,-4,-0.39,0.47,-0.86,FALSE
25,59,male,37,new,b,1,5.77839999999992,62,44,-43,91,27,-37,21,27,-6,45.84757355,52.25578118,-6.408207634,-43,-37,-6,-0.63,0,-0.63,FALSE
25,59,male,38,new,b,1,2.945200000000227,32,24,-44,60,15,-36,4,13,-9,34.09789827,39.2173431,-5.119444829,-44,-36,-8,-0.68,-0.08,-0.6,FALSE
25,59,male,39,new,a,0,7.210899999999924,73,23,-91,92,2,-89,1.666666667,1.666666667,0,68.63105873,73.89331649,-5.262257764,-91,-89,-2,-0.44,-0.01,-0.43,FALSE
25,59,male,40,new,a,0,2.574399999999855,43,31,-49,75,8,-40,8.333333333,14.33333333,-6,40.83571422,47.16166051,-6.325946295,-49,-40,-9,-0.66,0.2,-0.86,FALSE
25,59,male,41,new,a,0,2.211500000000001,73,45,-52,99,1,-43,22,19,3,53.55993528,59.35205697,-5.792121696,-52,-43,-9,-0.56,0.43,-0.99,FALSE
25,59,male,0,old,a,0,4.376100000000065,79,40,-26,73,13,-20,31,22,9,43.33589736,38.49675311,4.83914425,-26,-20,-6,-0.3,0.34,-0.64,FALSE
25,59,male,1,old,a,0,10.62690000000032,85,68,-15,91,43,-5,46,43,3,43.68828981,39.19183588,4.496453927,-15,-5,-10,-0.63,0,-0.63,FALSE
25,59,male,2,old,a,0,2.877999999999929,73,52,-43,84,13,-33,27.33333333,21.33333333,6,50.4667107,48.12714642,2.339564283,-43,-33,-10,-0.62,0.25,-0.87,FALSE
25,59,male,3,old,b,1,2.311500000000024,65,13,-18,61,36,-10,20,29,-9,34.24422092,29.40521496,4.839005967,-18,-10,-8,0.3,-0.34,0.64,FALSE
25,59,male,4,old,b,1,1.5777000000001635,87,78,-16,94,52,-6,49.66666667,46.66666667,3,46.57848812,40.99864496,5.579843156,-16,-6,-10,-0.69,-0.19,-0.5,FALSE
25,59,male,5,old,b,1,2.794399999999996,48,3,-24,46,23,-15,9,18,-9,29.69848481,25.15286597,4.545618837,-24,-15,-9,0.29,-0.29,0.58,FALSE
25,59,male,6,old,a,0,1.8777999999998656,46,30,-55,47,6,-50,7,1,6,44.32456054,39.75759885,4.566961681,-55,-50,-5,-0.64,-0.19,-0.45,FALSE
25,59,male,7,old,b,1,2.612399999999866,58,38,-11,53,25,-2,28.33333333,25.33333333,3,28.98658694,22.45489306,6.531693879,-11,-2,-9,-0.46,0.02,-0.48,FALSE
25,59,male,9,old,a,0,4.111999999999966,80,43,-35,75,18,-32,29.33333333,20.33333333,9,47.93282336,43.71371511,4.219108251,-35,-32,-3,-0.4,0.08,-0.48,FALSE
25,59,male,10,old,b,1,2.2283000000003312,63,16,-47,44,40,-43,10.66666667,13.66666667,-3,45.0653846,40.10264608,4.962738522,-47,-43,-4,-0.18,-0.7,0.52,FALSE
25,59,male,11,old,b,1,3.994200000000205,74,5,-55,57,19,-52,8,8,0,52.70673581,45.17373868,7.532997129,-55,-52,-3,0.09,-0.35,0.44,FALSE
25,59,male,12,old,a,0,4.810800000000313,53,40,-11,50,25,-2,27.33333333,24.33333333,3,27.62044331,21.23414441,6.386298903,-11,-2,-9,-0.59,-0.05,-0.54,FALSE
25,59,male,13,old,b,1,3.8697000000001935,96,19,-78,77,43,-74,12.33333333,15.33333333,-3,71.19144768,64.67525716,6.516190515,-78,-74,-4,-0.14,-0.56,0.42,FALSE
25,59,male,14,old,a,0,5.422699999999736,98,42,-26,70,68,-24,38,38,0,50.70174224,43.84822307,6.853519172,-26,-24,-2,-0.12,-0.71,0.59,FALSE
25,59,male,15,old,b,1,5.544100000000071,82,31,-53,64,62,-48,20,26,-6,55.6596802,52.33227175,3.327408449,-53,-48,-5,-0.29,-0.71,0.42,FALSE
25,59,male,16,old,a,0,7.176999999999907,46,32,-39,42,9,-30,13,7,6,37.21110945,29.42787794,7.783231513,-39,-30,-9,-0.63,-0.1,-0.53,FALSE
25,59,male,17,old,a,0,2.161199999999667,70,51,-43,75,10,-34,26,17,9,49.40310382,44.77350407,4.629599747,-43,-34,-9,-0.63,0.23,-0.86,FALSE
25,59,male,18,old,b,1,2.3942999999998165,99,52,-13,90,75,-9,46,52,-6,45.92022067,43.56604182,2.354178852,-13,-9,-4,-0.19,-0.64,0.45,FALSE
25,59,male,19,old,b,1,2.994399999999928,98,58,-16,96,41,-6,46.66666667,43.66666667,3,47.22522866,41.6839964,5.541232266,-16,-6,-10,-0.35,0.1,-0.45,FALSE
25,59,male,20,old,b,1,3.250200000000177,82,11,-76,60,51,-67,5.666666667,14.66666667,-9,64.61338011,57.86382482,6.749555292,-76,-67,-9,-0.12,-0.69,0.57,FALSE
25,59,male,21,old,a,0,2.2450000000000045,91,79,-11,99,39,-6,53,44,9,45.51922671,43.01162634,2.507600372,-11,-6,-5,-0.67,0.17,-0.84,FALSE
25,59,male,22,old,b,1,2.2948000000002367,48,21,-20,41,36,-10,16.33333333,22.33333333,-6,27.95631513,22.9540604,5.002254727,-20,-10,-10,-0.25,-0.68,0.43,FALSE
25,59,male,23,old,a,0,6.510600000000181,77,69,-21,82,39,-14,41.66666667,35.66666667,6,44.43222054,39.26264835,5.16957219,-21,-14,-7,-0.69,-0.13,-0.56,FALSE
25,59,male,24,old,b,1,3.2897000000001526,57,19,-12,42,29,-7,21.33333333,21.33333333,0,28.21740991,20.72572208,7.491687838,-12,-7,-5,0.12,-0.5,0.62,FALSE
25,59,male,25,old,a,0,3.777199999999653,57,44,-13,53,29,-3,29.33333333,26.33333333,3,30.40102337,22.93953405,7.461489329,-13,-3,-10,-0.61,-0.17,-0.44,FALSE
25,59,male,26,old,b,1,2.694499999999948,70,57,-28,78,40,-19,33,33,0,43.45879274,39.90822806,3.550564686,-28,-19,-9,-0.66,-0.26,-0.4,FALSE
25,59,male,27,old,a,0,2.0281999999997424,65,57,-40,69,18,-32,27.33333333,18.33333333,9,47.72374205,41.23375101,6.489991045,-40,-32,-8,-0.69,0.01,-0.7,FALSE
25,59,male,28,old,b,1,2.529299999999808,61,12,-35,44,34,-31,12.66666667,15.66666667,-3,39.19467084,33.24989557,5.944775267,-35,-31,-4,0.03,-0.66,0.69,FALSE
25,59,male,29,old,b,1,3.644299999999817,78,43,-10,60,54,-3,37,37,0,36.17549815,28.39013913,7.785359021,-10,-3,-7,-0.24,-0.68,0.44,FALSE
25,59,male,30,old,a,0,4.015900000000443,64,62,-48,70,29,-39,26,20,6,52.33227175,44.95182607,7.380445685,-48,-39,-9,-0.71,-0.29,-0.42,FALSE
25,59,male,31,old,b,1,4.673399999999901,79,16,-61,58,42,-57,11.33333333,14.33333333,-3,57.24993935,50.86146762,6.388471726,-61,-57,-4,-0.12,-0.65,0.53,FALSE
25,59,male,32,old,b,1,1.528299999999831,91,22,-54,72,61,-47,19.66666667,28.66666667,-9,59.21899095,53.69254035,5.526450601,-54,-47,-7,-0.06,-0.68,0.62,FALSE
25,59,male,33,old,b,1,4.794200000000274,53,8,-35,40,19,-33,8.666666667,8.666666667,0,35.92894222,30.68477726,5.244164957,-35,-33,-2,0.03,-0.47,0.5,FALSE
25,59,male,34,old,b,1,4.395600000000059,59,9,-67,40,31,-61,0.333333333,3.333333333,-3,51.80304581,45.63867755,6.164368259,-67,-61,-6,-0.25,-0.69,0.44,FALSE
25,59,male,35,old,b,1,2.6118000000003576,60,5,-41,53,30,-32,8,17,-9,41.28760912,35.89800366,5.389605459,-41,-32,-9,0.11,-0.5,0.61,FALSE
25,59,male,36,old,b,1,2.9292999999997846,56,8,-52,40,33,-43,4,10,-6,44.18144407,37.58545818,6.595985888,-52,-43,-9,-0.14,-0.69,0.55,FALSE
25,59,male,37,old,a,0,5.461699999999723,79,64,-29,81,28,-22,38,29,9,47.77028365,42.05551886,5.714764789,-29,-22,-7,-0.66,0.04,-0.7,FALSE
25,59,male,38,old,b,1,3.227600000000052,79,13,-40,74,33,-37,17.33333333,23.33333333,-6,48.67808085,45.82818153,2.849899325,-40,-37,-3,0.13,-0.31,0.44,FALSE
25,59,male,39,old,b,1,2.7234999999999445,92,2,-70,66,50,-65,8,17,-9,66.2721661,58.34952156,7.92264454,-70,-65,-5,0.14,-0.67,0.81,FALSE
25,59,male,40,old,a,0,10.610400000000368,79,63,-12,80,36,-4,43.33333333,37.33333333,6,39.6680672,34.30581421,5.362252988,-12,-4,-8,-0.62,0.06,-0.68,FALSE
25,59,male,41,old,b,1,4.261299999999778,74,21,-46,56,42,-40,16.33333333,19.33333333,-3,49.10080334,42.34251869,6.758284654,-46,-40,-6,-0.14,-0.65,0.51,FALSE
25,59,male,42,old,b,1,1.4510000000000218,85,24,-45,67,54,-39,21.33333333,27.33333333,-6,53.10576449,47.20404879,5.901715701,-45,-39,-6,-0.08,-0.67,0.59,FALSE
26,50,male,1,old,b,1,8.295599999904624,76,3,-64,59,38,-55,5,14,-9,57.17225434,49.53786431,7.634390037,-64,-55,-9,0.05,-0.61,0.66,FALSE
26,50,male,2,old,a,0,12.396999999999991,64,24,-23,50,35,-20,21.66666667,21.66666667,0,35.55590278,30.09245014,5.463452634,-23,-20,-3,-0.1,-0.58,0.48,FALSE
26,50,male,3,old,a,0,12.15960000014303,61,54,-82,79,11,-75,11,5,6,65.82299497,63.01322612,2.809768844,-82,-75,-7,-0.7,-0.14,-0.56,FALSE
26,50,male,4,old,b,1,6.5419000000953815,75,4,-67,57,43,-61,4,13,-9,57.97125725,52.63712252,5.334134731,-67,-61,-6,0,-0.67,0.67,FALSE
26,50,male,5,old,a,0,12.746299999952328,94,70,-40,98,38,-30,41.33333333,35.33333333,6,58.33999962,52.2897908,6.050208816,-40,-30,-10,-0.62,-0.08,-0.54,FALSE
26,50,male,6,old,a,0,13.613200000047698,70,12,-66,45,34,-63,5.333333333,5.333333333,0,55.72152985,48.52719741,7.194332436,-66,-63,-3,-0.18,-0.68,0.5,FALSE
26,50,male,7,old,b,1,13.34689999985693,77,25,-58,53,45,-54,14.66666667,14.66666667,0,55.59576323,48.66438351,6.93137972,-58,-54,-4,-0.27,-0.69,0.42,FALSE
26,50,male,8,old,a,0,12.579499999999996,91,75,-12,94,55,-4,51.33333333,48.33333333,3,45.25728916,40.28509512,4.97219404,-12,-4,-8,-0.64,-0.24,-0.4,FALSE
26,50,male,9,old,b,1,16.180499999999995,85,2,-81,57,52,-76,2,11,-9,67.76921622,61.55214591,6.217070303,-81,-76,-5,0,-0.7,0.7,FALSE
26,50,male,10,old,a,0,6.144200000047704,91,81,-24,99,44,-22,49.33333333,40.33333333,9,52.01495511,49.46603773,2.548917383,-24,-22,-2,-0.69,-0.11,-0.58,FALSE
26,50,male,11,old,a,0,10.28049999999996,91,67,-10,95,46,-2,49.33333333,46.33333333,3,43.08389748,39.60078563,3.483111855,-10,-2,-8,-0.55,0.01,-0.56,FALSE
26,50,male,12,old,a,0,5.480599999904655,92,60,-21,99,43,-11,43.66666667,43.66666667,0,47.55581516,44.90978611,2.646029045,-21,-11,-10,-0.47,0.02,-0.49,FALSE
26,50,male,13,old,b,1,10.47980000019072,83,23,-56,70,49,-51,16.66666667,22.66666667,-6,56.92294987,52.7909925,4.131957375,-56,-51,-5,-0.17,-0.62,0.45,FALSE
26,50,male,14,old,b,1,13.962600000143029,95,48,-30,71,67,-25,37.66666667,37.66666667,0,51.55148451,44.3421044,7.209380118,-30,-25,-5,-0.29,-0.7,0.41,FALSE
26,50,male,15,old,b,1,14.47990000009537,98,41,-24,75,68,-19,38.33333333,41.33333333,-3,49.8419725,42.75771535,7.084257142,-24,-19,-5,-0.08,-0.69,0.61,FALSE
26,50,male,16,old,b,1,7.930099999904655,88,17,-44,82,43,-37,20.33333333,29.33333333,-9,53.94029621,49.5333782,4.406918017,-44,-37,-7,0.09,-0.39,0.48,FALSE
26,50,male,17,old,a,0,19.446599999904663,84,27,-36,73,4,-29,25,16,9,49.01020302,42.49705872,6.513144298,-36,-29,-7,-0.06,0.4,-0.46,FALSE
26,50,male,18,old,a,0,8.463700000047652,53,8,-34,41,23,-28,9,12,-3,35.52463934,29.22327839,6.301360944,-34,-28,-6,0.04,-0.51,0.55,FALSE
26,50,male,19,old,a,0,9.145400000095322,93,64,-10,95,40,-6,49,43,6,43.36665386,41.28760912,2.079044738,-10,-6,-4,-0.48,0.11,-0.59,FALSE
26,50,male,20,old,a,0,4.047200000047724,80,72,-12,88,45,-2,46.66666667,43.66666667,3,41.61196409,36.7544404,4.857523695,-12,-2,-10,-0.69,-0.05,-0.64,FALSE
26,50,male,21,old,b,1,10.061500000000024,69,24,-23,60,43,-15,23.33333333,29.33333333,-6,37.56180093,32.10745846,5.454342465,-23,-15,-8,-0.03,-0.56,0.53,FALSE
26,50,male,22,old,a,0,7.180700000047693,56,42,-72,65,9,-66,8.666666667,2.666666667,6,57.32558087,53.66770185,3.657879018,-72,-66,-6,-0.68,-0.18,-0.5,FALSE
26,50,male,23,old,b,1,12.430600000143045,99,35,-16,88,50,-11,39.33333333,42.33333333,-3,47.0484384,40.77853466,6.269903738,-16,-11,-5,0.14,-0.28,0.42,FALSE
26,50,male,24,old,a,0,16.1635,97,58,-61,98,20,-51,31.33333333,22.33333333,9,67.20284386,60.85136719,6.351476665,-61,-51,-10,-0.53,0.06,-0.59,FALSE
26,50,male,25,old,b,1,9.597199999809275,93,58,-8,94,41,-1,47.66666667,44.66666667,3,41.87547678,38.87015422,3.005322563,-8,-1,-7,-0.36,0.14,-0.5,FALSE
26,50,male,26,old,b,1,9.2476999998093,55,15,-13,42,31,-7,19,22,-3,27.90459938,20.99206199,6.91253739,-13,-7,-6,0.21,-0.56,0.77,FALSE
26,50,male,27,old,b,1,7.21350000000001,93,31,-8,70,68,-4,38.66666667,44.66666667,-6,41.5879256,34.42221505,7.165710549,-8,-4,-4,0.27,-0.71,0.98,FALSE
26,50,male,28,old,b,1,6.130400000095392,80,2,-60,69,30,-50,7.333333333,16.33333333,-9,57.27904406,49.5333782,7.745665868,-60,-50,-10,0.14,-0.39,0.53,FALSE
26,50,male,29,old,a,0,10.279999999999973,91,54,-88,96,14,-80,19,10,9,77.1535266,71.90734779,5.246178806,-88,-80,-8,-0.59,-0.08,-0.51,FALSE
26,50,male,30,old,a,0,15.16330000019076,83,50,-11,85,29,-1,40.66666667,37.66666667,3,38.93869826,35.64017708,3.298521182,-11,-1,-10,-0.35,0.35,-0.7,FALSE
26,50,male,31,old,a,0,10.930700000047691,66,31,-13,68,19,-3,28,28,0,32.3213036,29.67602849,2.645275119,-13,-3,-10,-0.14,0.43,-0.57,FALSE
26,50,male,32,old,b,1,11.62749999999994,63,2,-47,49,23,-45,6,9,-3,44.99629614,39.63163719,5.36465895,-47,-45,-2,0.13,-0.49,0.62,FALSE
26,50,male,33,old,b,1,20.16379999995229,67,19,-22,60,38,-16,21.33333333,27.33333333,-6,36.37153955,31.93048004,4.441059506,-22,-16,-6,0.1,-0.46,0.56,FALSE
26,50,male,34,old,a,0,5.029299999952286,81,24,-16,74,4,-7,29.66666667,23.66666667,6,39.80228916,35.8732336,3.929055559,-16,-7,-9,0.21,0.66,-0.45,FALSE
26,50,male,35,old,b,1,6.296700000047622,67,11,-13,61,36,-5,21.66666667,30.66666667,-9,33.51948024,27.20702524,6.312455003,-13,-5,-8,0.45,-0.29,0.74,FALSE
26,50,male,36,old,a,0,6.996700000047667,68,25,-12,60,2,-8,27,18,9,32.69046752,29.97776954,2.712697979,-12,-8,-4,0.09,0.65,-0.56,FALSE
26,50,male,37,old,b,1,8.546499999999924,88,33,-10,73,59,-3,37,43,-6,40.10818703,33.02524287,7.082944157,-10,-3,-7,0.15,-0.61,0.76,FALSE
26,50,male,38,old,b,1,13.396599999904538,80,10,-63,59,46,-60,9,15,-6,58.3837877,53.2979049,5.085882805,-63,-60,-3,-0.03,-0.68,0.65,FALSE
26,50,male,39,old,a,0,10.829799999952227,90,44,-48,88,16,-45,28.66666667,19.66666667,9,57.37207993,54.3588897,3.013190235,-48,-45,-3,-0.38,0.1,-0.48,FALSE
26,50,male,40,old,a,0,10.663099999904604,74,43,-22,76,14,-13,31.66666667,25.66666667,6,40.00277768,37.25885428,2.743923402,-22,-13,-9,-0.4,0.44,-0.84,FALSE
26,50,male,41,old,b,1,9.99430000019072,53,9,-17,37,30,-13,15,18,-3,28.89059824,22.10580618,6.784792065,-17,-13,-4,0.3,-0.65,0.95,FALSE
26,50,male,42,old,a,0,24.347400000095263,99,51,-13,95,36,-3,45.66666667,42.66666667,3,45.87906809,40.28509512,5.59397297,-13,-3,-10,-0.17,0.24,-0.41,FALSE
26,50,male,0,new,a,0,11.459100000143051,65,61,-27,97,23,-21,33,33,0,42.45782221,48.68949236,-6.231670156,-27,-21,-6,-0.7,0.3,-1,FALSE
26,50,male,1,new,b,1,4.146899999856942,45,40,-49,77,30,-44,12,21,-9,43.18178628,49.80629144,-6.624505153,-49,-44,-5,-0.7,-0.27,-0.43,FALSE
26,50,male,2,new,a,0,8.598900000095341,82,41,-36,94,3,-28,29,23,6,48.91489207,51.77515492,-2.860262842,-36,-28,-8,-0.35,0.52,-0.87,FALSE
26,50,male,3,new,a,0,6.180200000047648,75,51,-33,96,10,-31,31,25,6,46.30334761,52.92132525,-6.617977643,-33,-31,-2,-0.57,0.4,-0.97,FALSE
26,50,male,4,new,a,0,4.030400000095369,83,36,-11,86,2,-7,36,27,9,38.3753393,41.88078318,-3.505443879,-11,-7,-4,0,0.68,-0.68,FALSE
26,50,male,5,new,b,1,11.26400000000001,51,25,-16,72,5,-8,20,23,-3,27.58018612,35.05234181,-7.47215569,-16,-8,-8,-0.27,0.63,-0.9,FALSE
26,50,male,6,new,b,1,4.01370000004772,41,39,-29,73,26,-21,17,26,-9,32.53715825,38.3753393,-5.838181059,-29,-21,-8,-0.71,0,-0.71,FALSE
26,50,male,7,new,b,1,8.346600000143098,67,58,-29,93,49,-19,32,41,-9,43.28972164,46.07240678,-2.782685138,-29,-19,-10,-0.68,-0.26,-0.42,FALSE
26,50,male,8,new,b,1,6.547500000000014,75,60,-69,99,6,-66,22,13,9,64.63745044,67.54257916,-2.905128718,-69,-66,-3,-0.68,0.15,-0.83,FALSE
26,50,male,9,new,a,0,5.03980000019078,74,29,-58,96,13,-55,15,18,-3,54.79051013,61.74679479,-6.956284661,-58,-55,-3,-0.37,0.12,-0.49,FALSE
26,50,male,10,new,a,0,13.525499999999964,71,36,-38,93,11,-35,23,23,0,45.43860326,52.94021786,-7.501614591,-38,-35,-3,-0.41,0.33,-0.74,FALSE
26,50,male,11,new,b,1,10.462799999952267,72,24,-26,91,16,-19,23.33333333,29.33333333,-6,40.01110957,45.88633299,-5.875223425,-26,-19,-7,-0.02,0.41,-0.43,FALSE
26,50,male,12,new,a,0,4.264700000047696,83,52,-36,96,9,-33,33,24,9,50.4050262,53.72150407,-3.31647787,-36,-33,-3,-0.51,0.4,-0.91,FALSE
26,50,male,13,new,a,0,8.42439999985686,67,34,-14,82,3,-7,29,26,3,33.2565783,39.80787192,-6.551293622,-14,-7,-7,-0.22,0.67,-0.89,FALSE
26,50,male,14,new,a,0,4.603400000095462,76,38,-12,82,9,-7,34,28,6,36.037018,38.73843914,-2.701421131,-12,-7,-5,-0.17,0.62,-0.79,FALSE
26,50,male,15,new,a,0,5.763100000143027,62,55,-78,93,7,-70,13,10,3,64.41014413,66.57827473,-2.168130606,-78,-70,-8,-0.7,0.07,-0.77,FALSE
26,50,male,16,new,b,1,9.8992000000477,73,32,-44,95,17,-42,20.33333333,23.33333333,-3,48.47221426,56.10902086,-7.6368066,-44,-42,-2,-0.35,0.17,-0.52,FALSE
26,50,male,17,new,b,1,8.514200000047708,59,34,-23,76,30,-18,23.33333333,29.33333333,-6,34.31552936,38.37823457,-4.062705208,-23,-18,-5,-0.44,-0.03,-0.41,FALSE
26,50,male,18,new,b,1,9.857400000095367,56,49,-15,84,31,-7,30,36,-6,31.94787421,37.31844941,-5.370575202,-15,-7,-8,-0.68,0.2,-0.88,FALSE
26,50,male,19,new,b,1,9.070499999999925,62,43,-86,99,27,-80,6.333333333,15.33333333,-9,65.74867975,73.54061614,-7.79193639,-86,-80,-6,-0.66,-0.23,-0.43,FALSE
26,50,male,20,new,b,1,7.329900000095336,40,34,-14,62,29,-4,20,29,-9,24.16609195,26.94438717,-2.778295223,-14,-4,-10,-0.67,0,-0.67,FALSE
26,50,male,21,new,b,1,4.282299999952329,35,19,-36,66,5,-26,6,15,-9,30.40833219,38.21866909,-7.810336894,-36,-26,-10,-0.56,0.37,-0.93,FALSE
26,50,male,22,new,a,0,7.104300000190733,63,62,-52,88,34,-49,24.33333333,24.33333333,0,53.97736151,56.34615239,-2.368790878,-52,-49,-3,-0.71,-0.25,-0.46,FALSE
26,50,male,23,new,a,0,4.065999999999917,73,35,-13,82,8,-4,31.66666667,28.66666667,3,35.18838192,38.02922853,-2.840846604,-13,-4,-9,-0.14,0.65,-0.79,FALSE
26,50,male,24,new,b,1,11.131299999952262,57,33,-39,75,10,-34,17,17,0,40.79215611,44.77350407,-3.981347961,-39,-34,-5,-0.53,0.23,-0.76,FALSE
26,50,male,25,new,a,0,7.280299999952263,59,53,-70,91,2,-60,14,11,3,59.44745579,61.97311245,-2.525656659,-70,-60,-10,-0.7,0.21,-0.91,FALSE
26,50,male,26,new,a,0,6.737100000143073,85,45,-46,95,4,-42,28,19,9,54.81483984,56.92685365,-2.112013812,-46,-42,-4,-0.44,0.38,-0.82,FALSE
26,50,male,27,new,b,1,7.631399999856853,59,17,-45,75,4,-39,10.33333333,13.33333333,-3,42.71871825,47.00590979,-4.287191544,-45,-39,-6,-0.23,0.29,-0.52,FALSE
26,50,male,28,new,b,1,11.681699999809323,76,31,-39,96,19,-29,22.66666667,28.66666667,-6,47.31689856,51.48678363,-4.169885078,-39,-29,-10,-0.26,0.28,-0.54,FALSE
26,50,male,29,new,b,1,5.870799999952283,56,39,-80,86,11,-73,5,8,-3,60.50344343,64.94613152,-4.442688096,-80,-73,-7,-0.67,-0.07,-0.6,FALSE
26,50,male,30,new,b,1,11.75750000000005,66,55,-73,97,23,-63,16,19,-3,63.09252465,65.38093504,-2.28841039,-73,-63,-10,-0.69,-0.09,-0.6,FALSE
26,50,male,32,new,a,0,4.480900000095403,74,56,-98,99,2,-96,10.66666667,1.666666667,9,77.18952145,79.60876557,-2.4192441160000002,-98,-96,-2,-0.68,-0.01,-0.67,FALSE
26,50,male,33,new,a,0,3.2404999999999973,94,45,-8,97,10,-3,43.66666667,34.66666667,9,41.65199742,44.39469438,-2.74269696,-8,-3,-5,-0.05,0.66,-0.71,FALSE
26,50,male,34,new,a,0,4.297299999952315,62,41,-30,88,24,-21,24.33333333,30.33333333,-6,39.36439452,44.723844,-5.359449486,-30,-21,-9,-0.56,0.21,-0.77,FALSE
26,50,male,35,new,a,0,3.304599999904667,61,33,-4,66,7,-1,30,24,6,26.62079388,29.87752779,-3.25673391,-4,-1,-3,-0.17,0.67,-0.84,FALSE
26,50,male,36,new,b,1,5.9488999998569625,60,59,-71,98,2,-61,16,13,3,61.51964456,65.37583651,-3.856191956,-71,-61,-10,-0.71,0.25,-0.96,FALSE
26,50,male,37,new,b,1,11.988000000000056,58,27,-28,78,17,-20,19,25,-6,35.56215217,40.40627014,-4.844117975,-28,-20,-8,-0.33,0.29,-0.62,FALSE
26,50,male,38,new,a,0,5.814600000142946,84,38,-47,98,2,-43,25,19,6,54.26478293,58.80476171,-4.53997878,-47,-43,-4,-0.35,0.41,-0.76,FALSE
26,50,male,39,new,b,1,6.581299999952307,70,31,-60,87,5,-51,13.66666667,13.66666667,0,54.46915539,56.6705881,-2.20143271,-60,-51,-9,-0.45,0.23,-0.68,FALSE
26,50,male,40,new,a,0,5.536400000095455,65,35,-38,81,15,-34,20.66666667,20.66666667,0,43.25377312,47.1192341,-3.865460983,-38,-34,-4,-0.46,0.18,-0.64,FALSE
26,50,male,41,new,a,0,2.766399999856958,86,35,-10,92,6,-5,37,31,6,39.2173431,43.36665386,-4.149310754,-10,-5,-5,0.08,0.67,-0.59,FALSE
26,50,male,42,new,a,0,6.144700000047692,82,33,-22,91,7,-14,31,28,3,42.48136847,45.36518489,-2.883816424,-22,-14,-8,-0.07,0.6,-0.67,FALSE
26,50,male,0,old,b,1,14.350000000000025,92,2,-70,66,50,-65,8,17,-9,66.2721661,58.34952156,7.92264454,-70,-65,-5,0.14,-0.67,0.81,FALSE
26,50,male,1,old,b,1,7.542499999999904,85,24,-45,67,54,-39,21.33333333,27.33333333,-6,53.10576449,47.20404879,5.901715701,-45,-39,-6,-0.08,-0.67,0.59,FALSE
26,50,male,2,old,a,0,4.998099999904639,78,43,-10,60,54,-3,37,37,0,36.17549815,28.39013913,7.785359021,-10,-3,-7,-0.24,-0.68,0.44,FALSE
26,50,male,3,old,b,1,4.592599999904678,59,9,-67,40,31,-61,0.333333333,3.333333333,-3,51.80304581,45.63867755,6.164368259,-67,-61,-6,-0.25,-0.69,0.44,FALSE
26,50,male,4,old,a,0,10.46400000000017,98,58,-16,96,41,-6,46.66666667,43.66666667,3,47.22522866,41.6839964,5.541232266,-16,-6,-10,-0.35,0.1,-0.45,FALSE
26,50,male,5,old,b,1,8.297400000095195,82,11,-76,60,51,-67,5.666666667,14.66666667,-9,64.61338011,57.86382482,6.749555292,-76,-67,-9,-0.12,-0.69,0.57,FALSE
26,50,male,6,old,b,1,10.49109999990469,79,13,-40,74,33,-37,17.33333333,23.33333333,-6,48.67808085,45.82818153,2.849899325,-40,-37,-3,0.13,-0.31,0.44,FALSE
26,50,male,7,old,b,1,9.997700000047644,96,19,-78,77,43,-74,12.33333333,15.33333333,-3,71.19144768,64.67525716,6.516190515,-78,-74,-4,-0.14,-0.56,0.42,FALSE
26,50,male,8,old,a,0,8.113699999809114,98,42,-26,70,68,-24,38,38,0,50.70174224,43.84822307,6.853519172,-26,-24,-2,-0.12,-0.71,0.59,FALSE
26,50,male,9,old,a,0,10.780500000000076,46,32,-39,42,9,-30,13,7,6,37.21110945,29.42787794,7.783231513,-39,-30,-9,-0.63,-0.1,-0.53,FALSE
26,50,male,10,old,a,0,5.230400000095415,91,79,-11,99,39,-6,53,44,9,45.51922671,43.01162634,2.507600372,-11,-6,-5,-0.67,0.17,-0.84,FALSE
26,50,male,11,old,b,1,3.820599999904516,57,44,-13,53,29,-3,29.33333333,26.33333333,3,30.40102337,22.93953405,7.461489329,-13,-3,-10,-0.61,-0.17,-0.44,FALSE
26,50,male,12,old,a,0,8.881899999857069,57,19,-12,42,29,-7,21.33333333,21.33333333,0,28.21740991,20.72572208,7.491687838,-12,-7,-5,0.12,-0.5,0.62,FALSE
26,50,male,13,old,a,0,8.002699999809238,85,68,-15,91,43,-5,46,43,3,43.68828981,39.19183588,4.496453927,-15,-5,-10,-0.63,0,-0.63,FALSE
26,50,male,14,old,b,1,24.10400000000004,82,31,-53,64,62,-48,20,26,-6,55.6596802,52.33227175,3.327408449,-53,-48,-5,-0.29,-0.71,0.42,FALSE
26,50,male,15,old,b,1,6.371000000000095,56,8,-52,40,33,-43,4,10,-6,44.18144407,37.58545818,6.595985888,-52,-43,-9,-0.14,-0.69,0.55,FALSE
26,50,male,16,old,a,0,7.215300000190609,46,30,-55,47,6,-50,7,1,6,44.32456054,39.75759885,4.566961681,-55,-50,-5,-0.64,-0.19,-0.45,FALSE
26,50,male,17,old,b,1,12.164099999904693,73,52,-43,84,13,-33,27.33333333,21.33333333,6,50.4667107,48.12714642,2.339564283,-43,-33,-10,-0.62,0.25,-0.87,FALSE
26,50,male,18,old,a,0,5.0470000000000255,70,57,-28,78,40,-19,33,33,0,43.45879274,39.90822806,3.550564686,-28,-19,-9,-0.66,-0.26,-0.4,FALSE
26,50,male,19,old,b,1,6.31379999995238,53,8,-35,40,19,-33,8.666666667,8.666666667,0,35.92894222,30.68477726,5.244164957,-35,-33,-2,0.03,-0.47,0.5,FALSE
26,50,male,20,old,a,0,8.464199999809352,77,69,-21,82,39,-14,41.66666667,35.66666667,6,44.43222054,39.26264835,5.16957219,-21,-14,-7,-0.69,-0.13,-0.56,FALSE
26,50,male,21,old,a,0,6.030999999999949,80,43,-35,75,18,-32,29.33333333,20.33333333,9,47.93282336,43.71371511,4.219108251,-35,-32,-3,-0.4,0.08,-0.48,FALSE
26,50,male,22,old,a,0,4.5470000000000255,79,63,-12,80,36,-4,43.33333333,37.33333333,6,39.6680672,34.30581421,5.362252988,-12,-4,-8,-0.62,0.06,-0.68,FALSE
26,50,male,23,old,a,0,5.830999999999904,65,57,-40,69,18,-32,27.33333333,18.33333333,9,47.72374205,41.23375101,6.489991045,-40,-32,-8,-0.69,0.01,-0.7,FALSE
26,50,male,24,old,b,1,4.980900000095517,65,13,-18,61,36,-10,20,29,-9,34.24422092,29.40521496,4.839005967,-18,-10,-8,0.3,-0.34,0.64,FALSE
26,50,male,25,old,b,1,11.011799999952473,53,40,-11,50,25,-2,27.33333333,24.33333333,3,27.62044331,21.23414441,6.386298903,-11,-2,-9,-0.59,-0.05,-0.54,FALSE
26,50,male,26,old,b,1,5.147200000047633,48,21,-20,41,36,-10,16.33333333,22.33333333,-6,27.95631513,22.9540604,5.002254727,-20,-10,-10,-0.25,-0.68,0.43,FALSE
26,50,male,27,old,b,1,3.1615999999044107,99,52,-13,90,75,-9,46,52,-6,45.92022067,43.56604182,2.354178852,-13,-9,-4,-0.19,-0.64,0.45,FALSE
26,50,male,28,old,b,1,3.3812999999522617,60,5,-41,53,30,-32,8,17,-9,41.28760912,35.89800366,5.389605459,-41,-32,-9,0.11,-0.5,0.61,FALSE
26,50,male,29,old,a,0,2.4479000000953874,87,78,-16,94,52,-6,49.66666667,46.66666667,3,46.57848812,40.99864496,5.579843156,-16,-6,-10,-0.69,-0.19,-0.5,FALSE
26,50,male,30,old,b,1,2.4971999998092542,74,21,-46,56,42,-40,16.33333333,19.33333333,-3,49.10080334,42.34251869,6.758284654,-46,-40,-6,-0.14,-0.65,0.51,FALSE
26,50,male,31,old,a,0,3.214099999904647,64,62,-48,70,29,-39,26,20,6,52.33227175,44.95182607,7.380445685,-48,-39,-9,-0.71,-0.29,-0.42,FALSE
26,50,male,33,old,a,0,4.728299999952242,79,40,-26,73,13,-20,31,22,9,43.33589736,38.49675311,4.83914425,-26,-20,-6,-0.3,0.34,-0.64,FALSE
26,50,male,34,old,b,1,6.430499999999938,74,5,-55,57,19,-52,8,8,0,52.70673581,45.17373868,7.532997129,-55,-52,-3,0.09,-0.35,0.44,FALSE
26,50,male,35,old,b,1,3.911400000095455,63,16,-47,44,40,-43,10.66666667,13.66666667,-3,45.0653846,40.10264608,4.962738522,-47,-43,-4,-0.18,-0.7,0.52,FALSE
26,50,male,36,old,a,0,3.3811000001430784,61,12,-35,44,34,-31,12.66666667,15.66666667,-3,39.19467084,33.24989557,5.944775267,-35,-31,-4,0.03,-0.66,0.69,FALSE
26,50,male,37,old,b,1,4.813900000095373,48,3,-24,46,23,-15,9,18,-9,29.69848481,25.15286597,4.545618837,-24,-15,-9,0.29,-0.29,0.58,FALSE
26,50,male,38,old,a,0,4.495300000190582,58,38,-11,53,25,-2,28.33333333,25.33333333,3,28.98658694,22.45489306,6.531693879,-11,-2,-9,-0.46,0.02,-0.48,FALSE
26,50,male,39,old,b,1,3.847999999999956,70,51,-43,75,10,-34,26,17,9,49.40310382,44.77350407,4.629599747,-43,-34,-9,-0.63,0.23,-0.86,FALSE
26,50,male,40,old,b,1,5.8961000001431785,91,22,-54,72,61,-47,19.66666667,28.66666667,-9,59.21899095,53.69254035,5.526450601,-54,-47,-7,-0.06,-0.68,0.62,FALSE
26,50,male,41,old,b,1,7.52870000004782,79,16,-61,58,42,-57,11.33333333,14.33333333,-3,57.24993935,50.86146762,6.388471726,-61,-57,-4,-0.12,-0.65,0.53,FALSE
26,50,male,42,old,a,0,4.8098999998569525,79,64,-29,81,28,-22,38,29,9,47.77028365,42.05551886,5.714764789,-29,-22,-7,-0.66,0.04,-0.7,FALSE
26,50,male,0,new,a,0,5.1772000000476055,80,48,-26,89,7,-21,34,25,9,44.39219151,46.6761895,-2.283997999,-26,-21,-5,-0.44,0.52,-0.96,FALSE
26,50,male,1,new,a,0,2.444799999952465,88,50,-27,96,11,-23,37,28,9,47.84001115,50.04664491,-2.206633761,-27,-23,-4,-0.39,0.47,-0.86,FALSE
26,50,male,2,new,b,1,3.895000000000209,49,45,-36,87,24,-26,19.33333333,28.33333333,-9,39.16063783,46.23370584,-7.073068005,-36,-26,-10,-0.7,0.14,-0.84,FALSE
26,50,male,3,new,a,0,1.745599999904698,85,51,-7,92,14,-4,43,34,9,37.98245209,41.66533331,-3.682881223,-7,-4,-3,-0.31,0.61,-0.92,FALSE
26,50,male,4,new,a,0,5.810799999952224,71,38,-70,91,1,-62,13,10,3,60.21627687,62.78534861,-2.56907174,-70,-62,-8,-0.55,0.21,-0.76,FALSE
26,50,male,5,new,a,0,2.4607999999523145,86,32,-13,90,5,-8,35,29,6,40.47221269,43.45879274,-2.986580053,-13,-8,-5,0.11,0.66,-0.55,FALSE
26,50,male,6,new,b,1,3.012199999809127,68,60,-38,99,37,-28,30,36,-6,48.19405219,51.85235449,-3.658302303,-38,-28,-10,-0.69,-0.03,-0.66,FALSE
26,50,male,7,new,b,1,5.545499999999947,62,44,-43,91,27,-37,21,27,-6,45.84757355,52.25578118,-6.408207634,-43,-37,-6,-0.63,0,-0.63,FALSE
26,50,male,8,new,b,1,2.979099999904747,72,42,-20,78,6,-17,31.33333333,22.33333333,9,38.30868773,40.46672158,-2.158033852,-20,-17,-3,-0.4,0.54,-0.94,FALSE
26,50,male,9,new,b,1,4.963999999999942,56,21,-48,76,2,-40,9.666666667,12.66666667,-3,43.20750964,47.95368136,-4.74617172,-48,-40,-8,-0.38,0.32,-0.7,FALSE
26,50,male,10,new,b,1,3.2617000000477674,44,31,-57,70,16,-50,6,12,-6,44.86275367,49.07137659,-4.208622918,-57,-50,-7,-0.66,-0.12,-0.54,FALSE
26,50,male,11,new,b,1,4.230799999952296,66,47,-58,95,21,-52,18.33333333,21.33333333,-3,54.53031777,60.01296156,-5.482643798,-58,-52,-6,-0.64,0.01,-0.65,FALSE
26,50,male,12,new,a,0,3.144899999856989,82,49,-19,98,16,-11,37.33333333,34.33333333,3,42.05023451,46.34891824,-4.298683734,-19,-11,-8,-0.39,0.53,-0.92,FALSE
26,50,male,13,new,b,1,4.547199999809209,73,23,-91,92,2,-89,1.666666667,1.666666667,0,68.63105873,73.89331649,-5.262257764,-91,-89,-2,-0.44,-0.01,-0.43,FALSE
26,50,male,14,new,b,1,3.413799999952289,54,51,-50,87,14,-46,18.33333333,18.33333333,0,48.33448274,54.3834125,-6.048929759,-50,-46,-4,-0.71,0.12,-0.83,FALSE
26,50,male,15,new,a,0,6.297400000095422,75,48,-36,95,7,-33,29,23,6,47.26520919,53.46650042,-6.201291223,-36,-33,-3,-0.54,0.42,-0.96,FALSE
26,50,male,16,new,b,1,6.112099999904558,42,23,-11,63,18,-9,18,24,-6,21.92411154,29.69848481,-7.774373273,-11,-9,-2,-0.33,0.29,-0.62,FALSE
26,50,male,17,new,b,1,4.494299999952318,38,17,-31,62,16,-27,8,17,-9,28.87905816,36.34097779,-7.461919633,-31,-27,-4,-0.44,0.04,-0.48,FALSE
26,50,male,18,new,a,0,8.497300000190762,68,52,-62,94,9,-54,19.33333333,16.33333333,3,57.88110419,60.64285247,-2.761748279,-62,-54,-8,-0.67,0.18,-0.85,FALSE
26,50,male,19,new,a,0,10.87870000004773,78,57,-50,98,6,-46,28.33333333,19.33333333,9,56.04958123,59.5389695,-3.489388273,-50,-46,-4,-0.63,0.32,-0.95,FALSE
26,50,male,20,new,b,1,3.5312999999523527,37,15,-44,59,10,-34,2.666666667,11.66666667,-9,34.19876541,37.9853773,-3.786611894,-44,-34,-10,-0.49,0.07,-0.56,FALSE
26,50,male,21,new,b,1,2.544399999856978,38,36,-51,71,20,-41,7.666666667,16.66666667,-9,41.49163236,45.78451946,-4.292887105,-51,-41,-10,-0.71,-0.11,-0.6,FALSE
26,50,male,22,new,a,0,2.797299999952429,44,36,-47,66,12,-45,11,11,0,41.14203041,45.32107677,-4.17904636,-47,-45,-2,-0.69,-0.03,-0.66,FALSE
26,50,male,23,new,b,1,6.547299999952202,31,25,-52,57,4,-48,1.333333333,4.333333333,-3,37.79182745,42.86671851,-5.074891054,-52,-48,-4,-0.69,0.01,-0.7,FALSE
26,50,male,24,new,b,1,4.612899999856836,73,45,-52,99,1,-43,22,19,3,53.55993528,59.35205697,-5.792121696,-52,-43,-9,-0.56,0.43,-0.99,FALSE
26,50,male,25,new,a,0,3.414599999904567,53,40,-78,88,6,-70,5,8,-3,58.92933621,64.51873113,-5.589394916,-78,-70,-8,-0.68,0.05,-0.73,FALSE
26,50,male,26,new,b,1,5.7449000000951855,32,24,-44,60,15,-36,4,13,-9,34.09789827,39.2173431,-5.119444829,-44,-36,-8,-0.68,-0.08,-0.6,FALSE
26,50,male,27,new,b,1,4.561400000095318,73,53,-41,99,7,-39,28.33333333,22.33333333,6,49.70133019,57.37207993,-7.670749745,-41,-39,-2,-0.62,0.38,-1,FALSE
26,50,male,28,new,a,0,4.497000000000071,69,45,-22,90,19,-17,30.66666667,30.66666667,0,38.50829636,44.45472103,-5.94642467,-22,-17,-5,-0.51,0.38,-0.89,FALSE
26,50,male,29,new,b,1,4.193800000190777,72,24,-83,93,6,-77,4.333333333,7.333333333,-3,64.78854494,69.40861298,-4.620068037,-83,-77,-6,-0.43,0.03,-0.46,FALSE
26,50,male,30,new,a,0,5.031399999857058,54,34,-67,84,8,-62,7,10,-3,52.95910372,59.62102537,-6.661921656,-67,-62,-5,-0.63,0.05,-0.68,FALSE
26,50,male,31,new,b,1,3.598200000047882,45,26,-62,73,18,-55,3,12,-9,46.61187259,52.42772803,-5.815855439,-62,-55,-7,-0.62,-0.17,-0.45,FALSE
26,50,male,32,new,a,0,5.628700000047729,58,27,-46,74,5,-40,13,13,0,43.59663596,46.88283268,-3.286196723,-46,-40,-6,-0.45,0.25,-0.7,FALSE
26,50,male,33,new,a,0,4.077600000142866,79,50,-10,95,17,-2,39.66666667,36.66666667,3,37.06151043,41.97088938,-4.90937895,-10,-2,-8,-0.4,0.6,-1,FALSE
26,50,male,34,new,b,1,3.9477999999523945,59,30,-17,77,20,-7,24,30,-6,31.31559782,35.0142828,-3.698684983,-17,-7,-10,-0.28,0.41,-0.69,FALSE
26,50,male,35,new,a,0,3.3789000000954275,87,54,-16,96,14,-12,41.66666667,32.66666667,9,42.94440851,46.02414825,-3.079739742,-16,-12,-4,-0.41,0.54,-0.95,FALSE
26,50,male,36,new,a,0,3.013699999809205,89,36,-51,98,7,-49,24.66666667,18.66666667,6,57.71385353,60.5768566,-2.863003074,-51,-49,-2,-0.29,0.28,-0.57,FALSE
26,50,male,37,new,b,1,4.5955999999048345,43,31,-49,75,8,-40,8.333333333,14.33333333,-6,40.83571422,47.16166051,-6.325946295,-49,-40,-9,-0.66,0.2,-0.86,FALSE
26,50,male,38,new,b,1,3.2459000000953893,86,41,-34,96,4,-25,31,25,6,49.49747468,51.58165048,-2.084175801,-34,-25,-9,-0.29,0.54,-0.83,FALSE
26,50,male,39,new,a,0,5.214600000143037,69,50,-40,89,13,-32,26.33333333,23.33333333,3,47.54179448,49.93551397,-2.393719493,-40,-32,-8,-0.62,0.3,-0.92,FALSE
26,50,male,40,new,b,1,5.511299999952371,47,44,-54,78,9,-50,12.33333333,12.33333333,0,46.92073695,52.3089115,-5.388174553,-54,-50,-4,-0.7,0.1,-0.8,FALSE
26,50,male,41,new,a,0,6.394200000047704,80,38,-19,90,6,-15,33,27,6,40.57092555,45.36518489,-4.794259339,-19,-15,-4,-0.18,0.6,-0.78,FALSE
27,49,male,0,old,a,0,13.711600000023822,74,43,-22,76,14,-13,31.66666667,25.66666667,6,40.00277768,37.25885428,2.743923402,-22,-13,-9,-0.4,0.44,-0.84,FALSE
27,49,male,1,old,a,0,3.48590000009537,93,64,-10,95,40,-6,49,43,6,43.36665386,41.28760912,2.079044738,-10,-6,-4,-0.48,0.11,-0.59,FALSE
27,49,male,2,old,a,0,6.419899999976167,93,58,-8,94,41,-1,47.66666667,44.66666667,3,41.87547678,38.87015422,3.005322563,-8,-1,-7,-0.36,0.14,-0.5,FALSE
27,49,male,3,old,b,1,8.749600000023833,99,35,-16,88,50,-11,39.33333333,42.33333333,-3,47.0484384,40.77853466,6.269903738,-16,-11,-5,0.14,-0.28,0.42,FALSE
27,49,male,4,old,a,0,4.956399999976156,91,75,-12,94,55,-4,51.33333333,48.33333333,3,45.25728916,40.28509512,4.97219404,-12,-4,-8,-0.64,-0.24,-0.4,FALSE
27,49,male,5,old,b,1,5.988700000047686,69,24,-23,60,43,-15,23.33333333,29.33333333,-6,37.56180093,32.10745846,5.454342465,-23,-15,-8,-0.03,-0.56,0.53,FALSE
27,49,male,6,old,b,1,14.648399999976164,53,8,-34,41,23,-28,9,12,-3,35.52463934,29.22327839,6.301360944,-34,-28,-6,0.04,-0.51,0.55,FALSE
27,49,male,7,old,a,0,10.23779999995233,95,48,-30,71,67,-25,37.66666667,37.66666667,0,51.55148451,44.3421044,7.209380118,-30,-25,-5,-0.29,-0.7,0.41,FALSE
27,49,male,8,old,a,0,19.938899999976144,66,31,-13,68,19,-3,28,28,0,32.3213036,29.67602849,2.645275119,-13,-3,-10,-0.14,0.43,-0.57,FALSE
27,49,male,9,old,b,1,8.154800000071532,88,17,-44,82,43,-37,20.33333333,29.33333333,-9,53.94029621,49.5333782,4.406918017,-44,-37,-7,0.09,-0.39,0.48,FALSE
27,49,male,10,old,a,0,4.87509999990462,97,58,-61,98,20,-51,31.33333333,22.33333333,9,67.20284386,60.85136719,6.351476665,-61,-51,-10,-0.53,0.06,-0.59,FALSE
27,49,male,11,old,a,0,5.006699999928458,83,50,-11,85,29,-1,40.66666667,37.66666667,3,38.93869826,35.64017708,3.298521182,-11,-1,-10,-0.35,0.35,-0.7,FALSE
27,49,male,12,old,b,1,7.0562000000476814,63,2,-47,49,23,-45,6,9,-3,44.99629614,39.63163719,5.36465895,-47,-45,-2,0.13,-0.49,0.62,FALSE
27,49,male,13,old,a,0,10.2717000000477,91,54,-88,96,14,-80,19,10,9,77.1535266,71.90734779,5.246178806,-88,-80,-8,-0.59,-0.08,-0.51,FALSE
27,49,male,14,old,a,0,4.085200000047735,90,44,-48,88,16,-45,28.66666667,19.66666667,9,57.37207993,54.3588897,3.013190235,-48,-45,-3,-0.38,0.1,-0.48,FALSE
27,49,male,15,old,b,1,16.051899999976115,76,3,-64,59,38,-55,5,14,-9,57.17225434,49.53786431,7.634390037,-64,-55,-9,0.05,-0.61,0.66,FALSE
27,49,male,16,old,a,0,4.256799999952307,56,42,-72,65,9,-66,8.666666667,2.666666667,6,57.32558087,53.66770185,3.657879018,-72,-66,-6,-0.68,-0.18,-0.5,FALSE
27,49,male,17,old,a,0,3.7411000000238346,99,51,-13,95,36,-3,45.66666667,42.66666667,3,45.87906809,40.28509512,5.59397297,-13,-3,-10,-0.17,0.24,-0.41,FALSE
27,49,male,18,old,b,1,8.389199999928508,80,10,-63,59,46,-60,9,15,-6,58.3837877,53.2979049,5.085882805,-63,-60,-3,-0.03,-0.68,0.65,FALSE
27,49,male,19,old,b,1,8.988199999928497,77,25,-58,53,45,-54,14.66666667,14.66666667,0,55.59576323,48.66438351,6.93137972,-58,-54,-4,-0.27,-0.69,0.42,FALSE
27,49,male,20,old,a,0,6.51830000007152,81,24,-16,74,4,-7,29.66666667,23.66666667,6,39.80228916,35.8732336,3.929055559,-16,-7,-9,0.21,0.66,-0.45,FALSE
27,49,male,21,old,a,0,4.6751000000238605,91,81,-24,99,44,-22,49.33333333,40.33333333,9,52.01495511,49.46603773,2.548917383,-24,-22,-2,-0.69,-0.11,-0.58,FALSE
27,49,male,22,old,b,1,9.289000000000044,67,19,-22,60,38,-16,21.33333333,27.33333333,-6,36.37153955,31.93048004,4.441059506,-22,-16,-6,0.1,-0.46,0.56,FALSE
27,49,male,23,old,b,1,6.742600000023856,53,9,-17,37,30,-13,15,18,-3,28.89059824,22.10580618,6.784792065,-17,-13,-4,0.3,-0.65,0.95,FALSE
27,49,male,24,old,a,0,9.70539999997618,61,54,-82,79,11,-75,11,5,6,65.82299497,63.01322612,2.809768844,-82,-75,-7,-0.7,-0.14,-0.56,FALSE
27,49,male,25,old,b,1,6.849700000047676,67,11,-13,61,36,-5,21.66666667,30.66666667,-9,33.51948024,27.20702524,6.312455003,-13,-5,-8,0.45,-0.29,0.74,FALSE
27,49,male,26,old,b,1,10.423100000023853,70,12,-66,45,34,-63,5.333333333,5.333333333,0,55.72152985,48.52719741,7.194332436,-66,-63,-3,-0.18,-0.68,0.5,FALSE
27,49,male,27,old,a,0,7.281100000023855,80,72,-12,88,45,-2,46.66666667,43.66666667,3,41.61196409,36.7544404,4.857523695,-12,-2,-10,-0.69,-0.05,-0.64,FALSE
27,49,male,28,old,a,0,4.859200000047679,91,67,-10,95,46,-2,49.33333333,46.33333333,3,43.08389748,39.60078563,3.483111855,-10,-2,-8,-0.55,0.01,-0.56,FALSE
27,49,male,29,old,a,0,2.9603999999761186,68,25,-12,60,2,-8,27,18,9,32.69046752,29.97776954,2.712697979,-12,-8,-4,0.09,0.65,-0.56,FALSE
27,49,male,30,old,a,0,2.461100000023805,84,27,-36,73,4,-29,25,16,9,49.01020302,42.49705872,6.513144298,-36,-29,-7,-0.06,0.4,-0.46,FALSE
27,49,male,31,old,b,1,3.8586000000238414,93,31,-8,70,68,-4,38.66666667,44.66666667,-6,41.5879256,34.42221505,7.165710549,-8,-4,-4,0.27,-0.71,0.98,FALSE
27,49,male,32,old,b,1,3.45770000004768,80,2,-60,69,30,-50,7.333333333,16.33333333,-9,57.27904406,49.5333782,7.745665868,-60,-50,-10,0.14,-0.39,0.53,FALSE
27,49,male,33,old,b,1,5.924199999928476,88,33,-10,73,59,-3,37,43,-6,40.10818703,33.02524287,7.082944157,-10,-3,-7,0.15,-0.61,0.76,FALSE
27,49,male,34,old,a,0,3.842700000047671,55,15,-13,42,31,-7,19,22,-3,27.90459938,20.99206199,6.91253739,-13,-7,-6,0.21,-0.56,0.77,FALSE
27,49,male,35,old,b,1,3.260000000000048,75,4,-67,57,43,-61,4,13,-9,57.97125725,52.63712252,5.334134731,-67,-61,-6,0,-0.67,0.67,FALSE
27,49,male,37,old,a,0,6.523399999976164,94,70,-40,98,38,-30,41.33333333,35.33333333,6,58.33999962,52.2897908,6.050208816,-40,-30,-10,-0.62,-0.08,-0.54,FALSE
27,49,male,38,old,b,1,9.123300000071538,92,60,-21,99,43,-11,43.66666667,43.66666667,0,47.55581516,44.90978611,2.646029045,-21,-11,-10,-0.47,0.02,-0.49,FALSE
27,49,male,39,old,b,1,12.406100000023798,64,24,-23,50,35,-20,21.66666667,21.66666667,0,35.55590278,30.09245014,5.463452634,-23,-20,-3,-0.1,-0.58,0.48,FALSE
27,49,male,40,old,b,1,28.084799999952335,98,41,-24,75,68,-19,38.33333333,41.33333333,-3,49.8419725,42.75771535,7.084257142,-24,-19,-5,-0.08,-0.69,0.61,FALSE
27,49,male,41,old,b,1,5.608899999976131,85,2,-81,57,52,-76,2,11,-9,67.76921622,61.55214591,6.217070303,-81,-76,-5,0,-0.7,0.7,FALSE
27,49,male,42,old,b,1,9.50389999997617,83,23,-56,70,49,-51,16.66666667,22.66666667,-6,56.92294987,52.7909925,4.131957375,-56,-51,-5,-0.17,-0.62,0.45,FALSE
27,49,male,1,new,b,1,8.275500000000022,58,27,-28,78,17,-20,19,25,-6,35.56215217,40.40627014,-4.844117975,-28,-20,-8,-0.33,0.29,-0.62,FALSE
27,49,male,2,new,a,0,3.926199999928485,83,36,-11,86,2,-7,36,27,9,38.3753393,41.88078318,-3.505443879,-11,-7,-4,0,0.68,-0.68,FALSE
27,49,male,3,new,a,0,3.777600000023881,75,51,-33,96,10,-31,31,25,6,46.30334761,52.92132525,-6.617977643,-33,-31,-2,-0.57,0.4,-0.97,FALSE
27,49,male,4,new,a,0,3.4603999999761754,51,25,-16,72,5,-8,20,23,-3,27.58018612,35.05234181,-7.47215569,-16,-8,-8,-0.27,0.63,-0.9,FALSE
27,49,male,5,new,b,1,6.643100000023878,56,49,-15,84,31,-7,30,36,-6,31.94787421,37.31844941,-5.370575202,-15,-7,-8,-0.68,0.2,-0.88,FALSE
27,49,male,6,new,b,1,5.0753999999761845,56,39,-80,86,11,-73,5,8,-3,60.50344343,64.94613152,-4.442688096,-80,-73,-7,-0.67,-0.07,-0.6,FALSE
27,49,male,7,new,a,0,4.026700000047754,75,60,-69,99,6,-66,22,13,9,64.63745044,67.54257916,-2.905128718,-69,-66,-3,-0.68,0.15,-0.83,FALSE
27,49,male,8,new,a,0,9.757000000000062,65,61,-27,97,23,-21,33,33,0,42.45782221,48.68949236,-6.231670156,-27,-21,-6,-0.7,0.3,-1,FALSE
27,49,male,9,new,a,0,6.190399999976194,85,45,-46,95,4,-42,28,19,9,54.81483984,56.92685365,-2.112013812,-46,-42,-4,-0.44,0.38,-0.82,FALSE
27,49,male,10,new,a,0,3.290800000071499,84,38,-47,98,2,-43,25,19,6,54.26478293,58.80476171,-4.53997878,-47,-43,-4,-0.35,0.41,-0.76,FALSE
27,49,male,11,new,a,0,7.223200000047655,59,17,-45,75,4,-39,10.33333333,13.33333333,-3,42.71871825,47.00590979,-4.287191544,-45,-39,-6,-0.23,0.29,-0.52,FALSE
27,49,male,12,new,a,0,4.224699999928475,94,45,-8,97,10,-3,43.66666667,34.66666667,9,41.65199742,44.39469438,-2.74269696,-8,-3,-5,-0.05,0.66,-0.71,FALSE
27,49,male,13,new,b,1,4.075599999904739,35,19,-36,66,5,-26,6,15,-9,30.40833219,38.21866909,-7.810336894,-36,-26,-10,-0.56,0.37,-0.93,FALSE
27,49,male,14,new,a,0,3.6586000000238528,74,56,-98,99,2,-96,10.66666667,1.666666667,9,77.18952145,79.60876557,-2.4192441160000002,-98,-96,-2,-0.68,-0.01,-0.67,FALSE
27,49,male,15,new,b,1,9.557200000047716,76,31,-39,96,19,-29,22.66666667,28.66666667,-6,47.31689856,51.48678363,-4.169885078,-39,-29,-10,-0.26,0.28,-0.54,FALSE
27,49,male,16,new,a,0,8.739800000071568,73,35,-13,82,8,-4,31.66666667,28.66666667,3,35.18838192,38.02922853,-2.840846604,-13,-4,-9,-0.14,0.65,-0.79,FALSE
27,49,male,17,new,b,1,10.189700000047653,73,32,-44,95,17,-42,20.33333333,23.33333333,-3,48.47221426,56.10902086,-7.6368066,-44,-42,-2,-0.35,0.17,-0.52,FALSE
27,49,male,18,new,b,1,4.507299999952352,40,34,-14,62,29,-4,20,29,-9,24.16609195,26.94438717,-2.778295223,-14,-4,-10,-0.67,0,-0.67,FALSE
27,49,male,19,new,b,1,4.2409999999999854,41,39,-29,73,26,-21,17,26,-9,32.53715825,38.3753393,-5.838181059,-29,-21,-8,-0.71,0,-0.71,FALSE
27,49,male,20,new,a,0,6.456799999952409,57,33,-39,75,10,-34,17,17,0,40.79215611,44.77350407,-3.981347961,-39,-34,-5,-0.53,0.23,-0.76,FALSE
27,49,male,21,new,a,0,4.075899999976173,82,41,-36,94,3,-28,29,23,6,48.91489207,51.77515492,-2.860262842,-36,-28,-8,-0.35,0.52,-0.87,FALSE
27,49,male,22,new,a,0,2.909000000000105,83,52,-36,96,9,-33,33,24,9,50.4050262,53.72150407,-3.31647787,-36,-33,-3,-0.51,0.4,-0.91,FALSE
27,49,male,23,new,a,0,4.274299999952291,60,59,-71,98,2,-61,16,13,3,61.51964456,65.37583651,-3.856191956,-71,-61,-10,-0.71,0.25,-0.96,FALSE
27,49,male,24,new,a,0,6.549199999928533,63,62,-52,88,34,-49,24.33333333,24.33333333,0,53.97736151,56.34615239,-2.368790878,-52,-49,-3,-0.71,-0.25,-0.46,FALSE
27,49,male,25,new,a,0,5.323499999999967,67,34,-14,82,3,-7,29,26,3,33.2565783,39.80787192,-6.551293622,-14,-7,-7,-0.22,0.67,-0.89,FALSE
27,49,male,26,new,b,1,5.257899999976075,66,55,-73,97,23,-63,16,19,-3,63.09252465,65.38093504,-2.28841039,-73,-63,-10,-0.69,-0.09,-0.6,FALSE
27,49,male,27,new,b,1,8.040099999904669,67,58,-29,93,49,-19,32,41,-9,43.28972164,46.07240678,-2.782685138,-29,-19,-10,-0.68,-0.26,-0.42,FALSE
27,49,male,28,new,a,0,4.691500000000019,59,53,-70,91,2,-60,14,11,3,59.44745579,61.97311245,-2.525656659,-70,-60,-10,-0.7,0.21,-0.91,FALSE
27,49,male,29,new,a,0,5.399999999999977,76,38,-12,82,9,-7,34,28,6,36.037018,38.73843914,-2.701421131,-12,-7,-5,-0.17,0.62,-0.79,FALSE
27,49,male,30,new,a,0,6.82360000002393,71,36,-38,93,11,-35,23,23,0,45.43860326,52.94021786,-7.501614591,-38,-35,-3,-0.41,0.33,-0.74,FALSE
27,49,male,31,new,a,0,10.189699999928507,74,29,-58,96,13,-55,15,18,-3,54.79051013,61.74679479,-6.956284661,-58,-55,-3,-0.37,0.12,-0.49,FALSE
27,49,male,32,new,b,1,7.1082000000476455,62,41,-30,88,24,-21,24.33333333,30.33333333,-6,39.36439452,44.723844,-5.359449486,-30,-21,-9,-0.56,0.21,-0.77,FALSE
27,49,male,33,new,b,1,5.14130000007151,62,43,-86,99,27,-80,6.333333333,15.33333333,-9,65.74867975,73.54061614,-7.79193639,-86,-80,-6,-0.66,-0.23,-0.43,FALSE
27,49,male,34,new,b,1,2.775299999952267,45,40,-49,77,30,-44,12,21,-9,43.18178628,49.80629144,-6.624505153,-49,-44,-5,-0.7,-0.27,-0.43,FALSE
27,49,male,35,new,a,0,9.215199999928473,82,33,-22,91,7,-14,31,28,3,42.48136847,45.36518489,-2.883816424,-22,-14,-8,-0.07,0.6,-0.67,FALSE
27,49,male,36,new,b,1,6.543999999999983,72,24,-26,91,16,-19,23.33333333,29.33333333,-6,40.01110957,45.88633299,-5.875223425,-26,-19,-7,-0.02,0.41,-0.43,FALSE
27,49,male,37,new,a,0,4.925800000071604,62,55,-78,93,7,-70,13,10,3,64.41014413,66.57827473,-2.168130606,-78,-70,-8,-0.7,0.07,-0.77,FALSE
27,49,male,38,new,a,0,2.999600000023861,61,33,-4,66,7,-1,30,24,6,26.62079388,29.87752779,-3.25673391,-4,-1,-3,-0.17,0.67,-0.84,FALSE
27,49,male,39,new,a,0,5.219899999976178,65,35,-38,81,15,-34,20.66666667,20.66666667,0,43.25377312,47.1192341,-3.865460983,-38,-34,-4,-0.46,0.18,-0.64,FALSE
27,49,male,40,new,b,1,9.472800000071516,59,34,-23,76,30,-18,23.33333333,29.33333333,-6,34.31552936,38.37823457,-4.062705208,-23,-18,-5,-0.44,-0.03,-0.41,FALSE
27,49,male,41,new,a,0,5.725100000023872,86,35,-10,92,6,-5,37,31,6,39.2173431,43.36665386,-4.149310754,-10,-5,-5,0.08,0.67,-0.59,FALSE
27,49,male,42,new,a,0,3.676199999928485,70,31,-60,87,5,-51,13.66666667,13.66666667,0,54.46915539,56.6705881,-2.20143271,-60,-51,-9,-0.45,0.23,-0.68,FALSE
27,49,male,0,old,b,1,4.913800000071433,61,12,-35,44,34,-31,12.66666667,15.66666667,-3,39.19467084,33.24989557,5.944775267,-35,-31,-4,0.03,-0.66,0.69,FALSE
27,49,male,1,old,a,0,2.609500000000025,53,8,-35,40,19,-33,8.666666667,8.666666667,0,35.92894222,30.68477726,5.244164957,-35,-33,-2,0.03,-0.47,0.5,FALSE
27,49,male,2,old,a,0,5.95770000004768,57,19,-12,42,29,-7,21.33333333,21.33333333,0,28.21740991,20.72572208,7.491687838,-12,-7,-5,0.12,-0.5,0.62,FALSE
27,49,male,3,old,a,0,7.256400000095368,85,68,-15,91,43,-5,46,43,3,43.68828981,39.19183588,4.496453927,-15,-5,-10,-0.63,0,-0.63,FALSE
27,49,male,4,old,b,1,6.658500000000004,98,42,-26,70,68,-24,38,38,0,50.70174224,43.84822307,6.853519172,-26,-24,-2,-0.12,-0.71,0.59,FALSE
27,49,male,5,old,a,0,7.281600000023786,79,13,-40,74,33,-37,17.33333333,23.33333333,-6,48.67808085,45.82818153,2.849899325,-40,-37,-3,0.13,-0.31,0.44,FALSE
27,49,male,6,old,b,1,6.57590000009543,91,22,-54,72,61,-47,19.66666667,28.66666667,-9,59.21899095,53.69254035,5.526450601,-54,-47,-7,-0.06,-0.68,0.62,FALSE
27,49,male,7,old,a,0,4.0685000000000855,79,63,-12,80,36,-4,43.33333333,37.33333333,6,39.6680672,34.30581421,5.362252988,-12,-4,-8,-0.62,0.06,-0.68,FALSE
27,49,male,8,old,a,0,4.608400000095344,73,52,-43,84,13,-33,27.33333333,21.33333333,6,50.4667107,48.12714642,2.339564283,-43,-33,-10,-0.62,0.25,-0.87,FALSE
27,49,male,9,old,a,0,3.2425999999046557,64,62,-48,70,29,-39,26,20,6,52.33227175,44.95182607,7.380445685,-48,-39,-9,-0.71,-0.29,-0.42,FALSE
27,49,male,10,old,a,0,4.156799999952341,65,57,-40,69,18,-32,27.33333333,18.33333333,9,47.72374205,41.23375101,6.489991045,-40,-32,-8,-0.69,0.01,-0.7,FALSE
27,49,male,12,old,b,1,3.731400000095391,82,31,-53,64,62,-48,20,26,-6,55.6596802,52.33227175,3.327408449,-53,-48,-5,-0.29,-0.71,0.42,FALSE
27,49,male,13,old,b,1,4.489200000047617,78,43,-10,60,54,-3,37,37,0,36.17549815,28.39013913,7.785359021,-10,-3,-7,-0.24,-0.68,0.44,FALSE
27,49,male,14,old,b,1,7.442999999999984,85,24,-45,67,54,-39,21.33333333,27.33333333,-6,53.10576449,47.20404879,5.901715701,-45,-39,-6,-0.08,-0.67,0.59,FALSE
27,49,male,15,old,b,1,4.42610000002378,56,8,-52,40,33,-43,4,10,-6,44.18144407,37.58545818,6.595985888,-52,-43,-9,-0.14,-0.69,0.55,FALSE
27,49,male,16,old,b,1,2.4745000000000346,60,5,-41,53,30,-32,8,17,-9,41.28760912,35.89800366,5.389605459,-41,-32,-9,0.11,-0.5,0.61,FALSE
27,49,male,17,old,b,1,5.640099999904578,99,52,-13,90,75,-9,46,52,-6,45.92022067,43.56604182,2.354178852,-13,-9,-4,-0.19,-0.64,0.45,FALSE
27,49,male,18,old,a,0,3.7832000000477137,53,40,-11,50,25,-2,27.33333333,24.33333333,3,27.62044331,21.23414441,6.386298903,-11,-2,-9,-0.59,-0.05,-0.54,FALSE
27,49,male,19,old,a,0,4.260200000047689,58,38,-11,53,25,-2,28.33333333,25.33333333,3,28.98658694,22.45489306,6.531693879,-11,-2,-9,-0.46,0.02,-0.48,FALSE
27,49,male,20,old,a,0,7.5577999999522945,80,43,-35,75,18,-32,29.33333333,20.33333333,9,47.93282336,43.71371511,4.219108251,-35,-32,-3,-0.4,0.08,-0.48,FALSE
27,49,male,21,old,a,0,4.557100000023752,77,69,-21,82,39,-14,41.66666667,35.66666667,6,44.43222054,39.26264835,5.16957219,-21,-14,-7,-0.69,-0.13,-0.56,FALSE
27,49,male,22,old,a,0,4.222399999976119,87,78,-16,94,52,-6,49.66666667,46.66666667,3,46.57848812,40.99864496,5.579843156,-16,-6,-10,-0.69,-0.19,-0.5,FALSE
27,49,male,23,old,a,0,3.2797999999522744,91,79,-11,99,39,-6,53,44,9,45.51922671,43.01162634,2.507600372,-11,-6,-5,-0.67,0.17,-0.84,FALSE
27,49,male,24,old,a,0,9.474199999928487,70,57,-28,78,40,-19,33,33,0,43.45879274,39.90822806,3.550564686,-28,-19,-9,-0.66,-0.26,-0.4,FALSE
27,49,male,25,old,a,0,2.4745000000000346,98,58,-16,96,41,-6,46.66666667,43.66666667,3,47.22522866,41.6839964,5.541232266,-16,-6,-10,-0.35,0.1,-0.45,FALSE
27,49,male,26,old,b,1,3.5772000000476964,96,19,-78,77,43,-74,12.33333333,15.33333333,-3,71.19144768,64.67525716,6.516190515,-78,-74,-4,-0.14,-0.56,0.42,FALSE
27,49,male,27,old,a,0,3.1418000000714983,79,64,-29,81,28,-22,38,29,9,47.77028365,42.05551886,5.714764789,-29,-22,-7,-0.66,0.04,-0.7,FALSE
27,49,male,28,old,a,0,2.325000000000045,46,30,-55,47,6,-50,7,1,6,44.32456054,39.75759885,4.566961681,-55,-50,-5,-0.64,-0.19,-0.45,FALSE
27,49,male,29,old,b,1,3.8916000000239137,48,21,-20,41,36,-10,16.33333333,22.33333333,-6,27.95631513,22.9540604,5.002254727,-20,-10,-10,-0.25,-0.68,0.43,FALSE
27,49,male,30,old,b,1,7.041000000000054,63,16,-47,44,40,-43,10.66666667,13.66666667,-3,45.0653846,40.10264608,4.962738522,-47,-43,-4,-0.18,-0.7,0.52,FALSE
27,49,male,31,old,b,1,5.641999999999939,48,3,-24,46,23,-15,9,18,-9,29.69848481,25.15286597,4.545618837,-24,-15,-9,0.29,-0.29,0.58,FALSE
27,49,male,32,old,b,1,4.907899999976166,74,21,-46,56,42,-40,16.33333333,19.33333333,-3,49.10080334,42.34251869,6.758284654,-46,-40,-6,-0.14,-0.65,0.51,FALSE
27,49,male,33,old,a,0,3.147299999952338,79,40,-26,73,13,-20,31,22,9,43.33589736,38.49675311,4.83914425,-26,-20,-6,-0.3,0.34,-0.64,FALSE
27,49,male,34,old,b,1,4.459499999999935,59,9,-67,40,31,-61,0.333333333,3.333333333,-3,51.80304581,45.63867755,6.164368259,-67,-61,-6,-0.25,-0.69,0.44,FALSE
27,49,male,35,old,b,1,3.8352999999522126,65,13,-18,61,36,-10,20,29,-9,34.24422092,29.40521496,4.839005967,-18,-10,-8,0.3,-0.34,0.64,FALSE
27,49,male,36,old,a,0,2.3101999999285,70,51,-43,75,10,-34,26,17,9,49.40310382,44.77350407,4.629599747,-43,-34,-9,-0.63,0.23,-0.86,FALSE
27,49,male,37,old,a,0,2.076000000000022,46,32,-39,42,9,-30,13,7,6,37.21110945,29.42787794,7.783231513,-39,-30,-9,-0.63,-0.1,-0.53,FALSE
27,49,male,38,old,b,1,8.091099999904714,74,5,-55,57,19,-52,8,8,0,52.70673581,45.17373868,7.532997129,-55,-52,-3,0.09,-0.35,0.44,FALSE
27,49,male,39,old,b,1,6.208000000000084,79,16,-61,58,42,-57,11.33333333,14.33333333,-3,57.24993935,50.86146762,6.388471726,-61,-57,-4,-0.12,-0.65,0.53,FALSE
27,49,male,40,old,b,1,5.242600000023913,82,11,-76,60,51,-67,5.666666667,14.66666667,-9,64.61338011,57.86382482,6.749555292,-76,-67,-9,-0.12,-0.69,0.57,FALSE
27,49,male,41,old,b,1,2.4394999999999527,92,2,-70,66,50,-65,8,17,-9,66.2721661,58.34952156,7.92264454,-70,-65,-5,0.14,-0.67,0.81,FALSE
27,49,male,42,old,a,0,12.132599999904867,57,44,-13,53,29,-3,29.33333333,26.33333333,3,30.40102337,22.93953405,7.461489329,-13,-3,-10,-0.61,-0.17,-0.44,FALSE
27,49,male,0,new,a,0,6.925000000000182,47,44,-54,78,9,-50,12.33333333,12.33333333,0,46.92073695,52.3089115,-5.388174553,-54,-50,-4,-0.7,0.1,-0.8,FALSE
27,49,male,1,new,a,0,6.991699999928642,58,27,-46,74,5,-40,13,13,0,43.59663596,46.88283268,-3.286196723,-46,-40,-6,-0.45,0.25,-0.7,FALSE
27,49,male,2,new,a,0,5.824700000047869,54,51,-50,87,14,-46,18.33333333,18.33333333,0,48.33448274,54.3834125,-6.048929759,-50,-46,-4,-0.71,0.12,-0.83,FALSE
27,49,male,3,new,a,0,4.6083999999762,88,50,-27,96,11,-23,37,28,9,47.84001115,50.04664491,-2.206633761,-27,-23,-4,-0.39,0.47,-0.86,FALSE
27,49,male,4,new,a,0,3.292000000000144,72,42,-20,78,6,-17,31.33333333,22.33333333,9,38.30868773,40.46672158,-2.158033852,-20,-17,-3,-0.4,0.54,-0.94,FALSE
27,49,male,5,new,a,0,2.7590000000000146,87,54,-16,96,14,-12,41.66666667,32.66666667,9,42.94440851,46.02414825,-3.079739742,-16,-12,-4,-0.41,0.54,-0.95,FALSE
27,49,male,6,new,a,0,4.624800000071673,69,50,-40,89,13,-32,26.33333333,23.33333333,3,47.54179448,49.93551397,-2.393719493,-40,-32,-8,-0.62,0.3,-0.92,FALSE
27,49,male,7,new,b,1,9.57420000004754,43,31,-49,75,8,-40,8.333333333,14.33333333,-6,40.83571422,47.16166051,-6.325946295,-49,-40,-9,-0.66,0.2,-0.86,FALSE
27,49,male,8,new,b,1,7.456500000000005,45,26,-62,73,18,-55,3,12,-9,46.61187259,52.42772803,-5.815855439,-62,-55,-7,-0.62,-0.17,-0.45,FALSE
27,49,male,9,new,a,0,15.654799999952274,44,36,-47,66,12,-45,11,11,0,41.14203041,45.32107677,-4.17904636,-47,-45,-2,-0.69,-0.03,-0.66,FALSE
27,49,male,10,new,a,0,2.575399999976071,80,38,-19,90,6,-15,33,27,6,40.57092555,45.36518489,-4.794259339,-19,-15,-4,-0.18,0.6,-0.78,FALSE
27,49,male,11,new,b,1,5.46550000000002,62,44,-43,91,27,-37,21,27,-6,45.84757355,52.25578118,-6.408207634,-43,-37,-6,-0.63,0,-0.63,FALSE
27,49,male,12,new,b,1,4.940700000047855,32,24,-44,60,15,-36,4,13,-9,34.09789827,39.2173431,-5.119444829,-44,-36,-8,-0.68,-0.08,-0.6,FALSE
27,49,male,13,new,a,0,4.624900000095295,73,45,-52,99,1,-43,22,19,3,53.55993528,59.35205697,-5.792121696,-52,-43,-9,-0.56,0.43,-0.99,FALSE
27,49,male,14,new,a,0,3.0761999999285763,71,38,-70,91,1,-62,13,10,3,60.21627687,62.78534861,-2.56907174,-70,-62,-8,-0.55,0.21,-0.76,FALSE
27,49,male,15,new,a,0,2.1753999999762077,86,41,-34,96,4,-25,31,25,6,49.49747468,51.58165048,-2.084175801,-34,-25,-9,-0.29,0.54,-0.83,FALSE
27,49,male,16,new,a,0,4.0750000000000455,75,48,-36,95,7,-33,29,23,6,47.26520919,53.46650042,-6.201291223,-36,-33,-3,-0.54,0.42,-0.96,FALSE
27,49,male,17,new,b,1,9.038300000071558,31,25,-52,57,4,-48,1.333333333,4.333333333,-3,37.79182745,42.86671851,-5.074891054,-52,-48,-4,-0.69,0.01,-0.7,FALSE
27,49,male,18,new,a,0,6.257800000071484,79,50,-10,95,17,-2,39.66666667,36.66666667,3,37.06151043,41.97088938,-4.90937895,-10,-2,-8,-0.4,0.6,-1,FALSE
27,49,male,19,new,a,0,12.87210000002392,54,34,-67,84,8,-62,7,10,-3,52.95910372,59.62102537,-6.661921656,-67,-62,-5,-0.63,0.05,-0.68,FALSE
27,49,male,20,new,b,1,9.457000000000107,38,17,-31,62,16,-27,8,17,-9,28.87905816,36.34097779,-7.461919633,-31,-27,-4,-0.44,0.04,-0.48,FALSE
27,49,male,21,new,b,1,5.27380000007156,72,24,-83,93,6,-77,4.333333333,7.333333333,-3,64.78854494,69.40861298,-4.620068037,-83,-77,-6,-0.43,0.03,-0.46,FALSE
27,49,male,22,new,b,1,3.474999999999909,42,23,-11,63,18,-9,18,24,-6,21.92411154,29.69848481,-7.774373273,-11,-9,-2,-0.33,0.29,-0.62,FALSE
27,49,male,23,new,a,0,5.508300000071586,68,52,-62,94,9,-54,19.33333333,16.33333333,3,57.88110419,60.64285247,-2.761748279,-62,-54,-8,-0.67,0.18,-0.85,FALSE
27,49,male,24,new,a,0,3.142100000023902,86,32,-13,90,5,-8,35,29,6,40.47221269,43.45879274,-2.986580053,-13,-8,-5,0.11,0.66,-0.55,FALSE
27,49,male,25,new,b,1,4.108899999976302,53,40,-78,88,6,-70,5,8,-3,58.92933621,64.51873113,-5.589394916,-78,-70,-8,-0.68,0.05,-0.73,FALSE
27,49,male,26,new,b,1,2.808100000023842,37,15,-44,59,10,-34,2.666666667,11.66666667,-9,34.19876541,37.9853773,-3.786611894,-44,-34,-10,-0.49,0.07,-0.56,FALSE
27,49,male,27,new,a,0,2.942400000095404,78,57,-50,98,6,-46,28.33333333,19.33333333,9,56.04958123,59.5389695,-3.489388273,-50,-46,-4,-0.63,0.32,-0.95,FALSE
27,49,male,28,new,a,0,5.241500000000087,82,49,-19,98,16,-11,37.33333333,34.33333333,3,42.05023451,46.34891824,-4.298683734,-19,-11,-8,-0.39,0.53,-0.92,FALSE
27,49,male,29,new,b,1,3.341000000000122,59,30,-17,77,20,-7,24,30,-6,31.31559782,35.0142828,-3.698684983,-17,-7,-10,-0.28,0.41,-0.69,FALSE
27,49,male,30,new,a,0,3.67509999990466,85,51,-7,92,14,-4,43,34,9,37.98245209,41.66533331,-3.682881223,-7,-4,-3,-0.31,0.61,-0.92,FALSE
27,49,male,31,new,a,0,3.875800000071422,73,53,-41,99,7,-39,28.33333333,22.33333333,6,49.70133019,57.37207993,-7.670749745,-41,-39,-2,-0.62,0.38,-1,FALSE
27,49,male,32,new,b,1,4.242000000000189,68,60,-38,99,37,-28,30,36,-6,48.19405219,51.85235449,-3.658302303,-38,-28,-10,-0.69,-0.03,-0.66,FALSE
27,49,male,33,new,a,0,5.690499999999929,73,23,-91,92,2,-89,1.666666667,1.666666667,0,68.63105873,73.89331649,-5.262257764,-91,-89,-2,-0.44,-0.01,-0.43,FALSE
27,49,male,34,new,a,0,5.907299999952329,69,45,-22,90,19,-17,30.66666667,30.66666667,0,38.50829636,44.45472103,-5.94642467,-22,-17,-5,-0.51,0.38,-0.89,FALSE
27,49,male,35,new,a,0,3.109799999952429,80,48,-26,89,7,-21,34,25,9,44.39219151,46.6761895,-2.283997999,-26,-21,-5,-0.44,0.52,-0.96,FALSE
27,49,male,36,new,b,1,7.272700000047735,66,47,-58,95,21,-52,18.33333333,21.33333333,-3,54.53031777,60.01296156,-5.482643798,-58,-52,-6,-0.64,0.01,-0.65,FALSE
27,49,male,37,new,b,1,3.375899999976127,44,31,-57,70,16,-50,6,12,-6,44.86275367,49.07137659,-4.208622918,-57,-50,-7,-0.66,-0.12,-0.54,FALSE
27,49,male,38,new,b,1,3.525000000000091,49,45,-36,87,24,-26,19.33333333,28.33333333,-9,39.16063783,46.23370584,-7.073068005,-36,-26,-10,-0.7,0.14,-0.84,FALSE
27,49,male,39,new,b,1,3.758399999976291,38,36,-51,71,20,-41,7.666666667,16.66666667,-9,41.49163236,45.78451946,-4.292887105,-51,-41,-10,-0.71,-0.11,-0.6,FALSE
27,49,male,40,new,a,0,4.626300000071524,89,36,-51,98,7,-49,24.66666667,18.66666667,6,57.71385353,60.5768566,-2.863003074,-51,-49,-2,-0.29,0.28,-0.57,FALSE
27,49,male,41,new,b,1,6.840100000023767,56,21,-48,76,2,-40,9.666666667,12.66666667,-3,43.20750964,47.95368136,-4.74617172,-48,-40,-8,-0.38,0.32,-0.7,FALSE
28,22,male,0,new,a,0,10.781499999999994,59,17,-45,75,4,-39,10.33333333,13.33333333,-3,42.71871825,47.00590979,-4.287191544,-45,-39,-6,-0.23,0.29,-0.52,FALSE
28,22,male,1,new,b,1,3.0608999999910798,57,33,-39,75,10,-34,17,17,0,40.79215611,44.77350407,-3.981347961,-39,-34,-5,-0.53,0.23,-0.76,FALSE
28,22,male,2,new,a,0,4.313900000005958,70,31,-60,87,5,-51,13.66666667,13.66666667,0,54.46915539,56.6705881,-2.20143271,-60,-51,-9,-0.45,0.23,-0.68,FALSE
28,22,male,3,new,b,1,22.398900000005938,82,33,-22,91,7,-14,31,28,3,42.48136847,45.36518489,-2.883816424,-22,-14,-8,-0.07,0.6,-0.67,FALSE
28,22,male,4,new,b,1,4.127199999988079,75,51,-33,96,10,-31,31,25,6,46.30334761,52.92132525,-6.617977643,-33,-31,-2,-0.57,0.4,-0.97,FALSE
28,22,male,5,new,b,1,2.195299999997019,86,35,-10,92,6,-5,37,31,6,39.2173431,43.36665386,-4.149310754,-10,-5,-5,0.08,0.67,-0.59,FALSE
28,22,male,6,new,b,1,3.562200000003031,84,38,-47,98,2,-43,25,19,6,54.26478293,58.80476171,-4.53997878,-47,-43,-4,-0.35,0.41,-0.76,FALSE
28,22,male,7,new,b,1,4.163200000002973,45,40,-49,77,30,-44,12,21,-9,43.18178628,49.80629144,-6.624505153,-49,-44,-5,-0.7,-0.27,-0.43,FALSE
28,22,male,8,new,b,1,3.0071999999880745,51,25,-16,72,5,-8,20,23,-3,27.58018612,35.05234181,-7.47215569,-16,-8,-8,-0.27,0.63,-0.9,FALSE
28,22,male,9,new,b,1,2.4624999999999773,66,55,-73,97,23,-63,16,19,-3,63.09252465,65.38093504,-2.28841039,-73,-63,-10,-0.69,-0.09,-0.6,FALSE
28,22,male,10,new,a,0,2.6292000000029816,72,24,-26,91,16,-19,23.33333333,29.33333333,-6,40.01110957,45.88633299,-5.875223425,-26,-19,-7,-0.02,0.41,-0.43,FALSE
28,22,male,11,new,a,0,7.2292000000029475,94,45,-8,97,10,-3,43.66666667,34.66666667,9,41.65199742,44.39469438,-2.74269696,-8,-3,-5,-0.05,0.66,-0.71,FALSE
28,22,male,12,new,a,0,3.02890000000599,63,62,-52,88,34,-49,24.33333333,24.33333333,0,53.97736151,56.34615239,-2.368790878,-52,-49,-3,-0.71,-0.25,-0.46,FALSE
28,22,male,14,new,b,1,5.745499999999993,71,36,-38,93,11,-35,23,23,0,45.43860326,52.94021786,-7.501614591,-38,-35,-3,-0.41,0.33,-0.74,FALSE
28,22,male,15,new,b,1,25.240599999994004,58,27,-28,78,17,-20,19,25,-6,35.56215217,40.40627014,-4.844117975,-28,-20,-8,-0.33,0.29,-0.62,FALSE
28,22,male,16,new,a,0,3.2580999999940445,83,36,-11,86,2,-7,36,27,9,38.3753393,41.88078318,-3.505443879,-11,-7,-4,0,0.68,-0.68,FALSE
28,22,male,17,new,a,0,18.13840000000596,76,31,-39,96,19,-29,22.66666667,28.66666667,-6,47.31689856,51.48678363,-4.169885078,-39,-29,-10,-0.26,0.28,-0.54,FALSE
28,22,male,18,new,a,0,6.629099999994025,73,35,-13,82,8,-4,31.66666667,28.66666667,3,35.18838192,38.02922853,-2.840846604,-13,-4,-9,-0.14,0.65,-0.79,FALSE
28,22,male,19,new,b,1,2.127600000008954,73,32,-44,95,17,-42,20.33333333,23.33333333,-3,48.47221426,56.10902086,-7.6368066,-44,-42,-2,-0.35,0.17,-0.52,FALSE
28,22,male,20,new,a,0,5.395799999996996,59,53,-70,91,2,-60,14,11,3,59.44745579,61.97311245,-2.525656659,-70,-60,-10,-0.7,0.21,-0.91,FALSE
28,22,male,21,new,b,1,2.5106999999880486,60,59,-71,98,2,-61,16,13,3,61.51964456,65.37583651,-3.856191956,-71,-61,-10,-0.71,0.25,-0.96,FALSE
28,22,male,22,new,a,0,2.961999999999989,82,41,-36,94,3,-28,29,23,6,48.91489207,51.77515492,-2.860262842,-36,-28,-8,-0.35,0.52,-0.87,FALSE
28,22,male,23,new,a,0,2.41240000000596,76,38,-12,82,9,-7,34,28,6,36.037018,38.73843914,-2.701421131,-12,-7,-5,-0.17,0.62,-0.79,FALSE
28,22,male,24,new,b,1,4.828000000000031,62,41,-30,88,24,-21,24.33333333,30.33333333,-6,39.36439452,44.723844,-5.359449486,-30,-21,-9,-0.56,0.21,-0.77,FALSE
28,22,male,25,new,b,1,1.760499999999979,67,58,-29,93,49,-19,32,41,-9,43.28972164,46.07240678,-2.782685138,-29,-19,-10,-0.68,-0.26,-0.42,FALSE
28,22,male,26,new,a,0,3.029699999988054,35,19,-36,66,5,-26,6,15,-9,30.40833219,38.21866909,-7.810336894,-36,-26,-10,-0.56,0.37,-0.93,FALSE
28,22,male,27,new,b,1,2.2100999999940427,65,61,-27,97,23,-21,33,33,0,42.45782221,48.68949236,-6.231670156,-27,-21,-6,-0.7,0.3,-1,FALSE
28,22,male,28,new,b,1,4.244400000005953,56,39,-80,86,11,-73,5,8,-3,60.50344343,64.94613152,-4.442688096,-80,-73,-7,-0.67,-0.07,-0.6,FALSE
28,22,male,29,new,a,0,1.911200000002964,62,43,-86,99,27,-80,6.333333333,15.33333333,-9,65.74867975,73.54061614,-7.79193639,-86,-80,-6,-0.66,-0.23,-0.43,FALSE
28,22,male,30,new,a,0,4.04559999999401,61,33,-4,66,7,-1,30,24,6,26.62079388,29.87752779,-3.25673391,-4,-1,-3,-0.17,0.67,-0.84,FALSE
28,22,male,31,new,b,1,3.2280000000000086,56,49,-15,84,31,-7,30,36,-6,31.94787421,37.31844941,-5.370575202,-15,-7,-8,-0.68,0.2,-0.88,FALSE
28,22,male,32,new,a,0,1.8608999999910336,59,34,-23,76,30,-18,23.33333333,29.33333333,-6,34.31552936,38.37823457,-4.062705208,-23,-18,-5,-0.44,-0.03,-0.41,FALSE
28,22,male,33,new,b,1,3.529400000005978,40,34,-14,62,29,-4,20,29,-9,24.16609195,26.94438717,-2.778295223,-14,-4,-10,-0.67,0,-0.67,FALSE
28,22,male,34,new,b,1,2.64730000001191,75,60,-69,99,6,-66,22,13,9,64.63745044,67.54257916,-2.905128718,-69,-66,-3,-0.68,0.15,-0.83,FALSE
28,22,male,35,new,b,1,4.033999999999992,74,29,-58,96,13,-55,15,18,-3,54.79051013,61.74679479,-6.956284661,-58,-55,-3,-0.37,0.12,-0.49,FALSE
28,22,male,36,new,b,1,4.058700000002943,62,55,-78,93,7,-70,13,10,3,64.41014413,66.57827473,-2.168130606,-78,-70,-8,-0.7,0.07,-0.77,FALSE
28,22,male,37,new,b,1,7.59520000000299,41,39,-29,73,26,-21,17,26,-9,32.53715825,38.3753393,-5.838181059,-29,-21,-8,-0.71,0,-0.71,FALSE
28,22,male,38,new,a,0,5.199799999997026,83,52,-36,96,9,-33,33,24,9,50.4050262,53.72150407,-3.31647787,-36,-33,-3,-0.51,0.4,-0.91,FALSE
28,22,male,39,new,a,0,4.346299999997029,85,45,-46,95,4,-42,28,19,9,54.81483984,56.92685365,-2.112013812,-46,-42,-4,-0.44,0.38,-0.82,FALSE
28,22,male,40,new,a,0,2.7117999999969697,67,34,-14,82,3,-7,29,26,3,33.2565783,39.80787192,-6.551293622,-14,-7,-7,-0.22,0.67,-0.89,FALSE
28,22,male,41,new,a,0,3.393200000002992,65,35,-38,81,15,-34,20.66666667,20.66666667,0,43.25377312,47.1192341,-3.865460983,-38,-34,-4,-0.46,0.18,-0.64,FALSE
28,22,male,42,new,b,1,4.295100000008915,74,56,-98,99,2,-96,10.66666667,1.666666667,9,77.18952145,79.60876557,-2.4192441160000002,-98,-96,-2,-0.68,-0.01,-0.67,FALSE
28,22,male,0,old,a,0,2.655499999999961,84,27,-36,73,4,-29,25,16,9,49.01020302,42.49705872,6.513144298,-36,-29,-7,-0.06,0.4,-0.46,FALSE
28,22,male,1,old,a,0,1.896000000000015,97,58,-61,98,20,-51,31.33333333,22.33333333,9,67.20284386,60.85136719,6.351476665,-61,-51,-10,-0.53,0.06,-0.59,FALSE
28,22,male,2,old,a,0,1.861299999997016,68,25,-12,60,2,-8,27,18,9,32.69046752,29.97776954,2.712697979,-12,-8,-4,0.09,0.65,-0.56,FALSE
28,22,male,3,old,a,0,3.3647000000029834,74,43,-22,76,14,-13,31.66666667,25.66666667,6,40.00277768,37.25885428,2.743923402,-22,-13,-9,-0.4,0.44,-0.84,FALSE
28,22,male,4,old,b,1,2.9119000000059714,69,24,-23,60,43,-15,23.33333333,29.33333333,-6,37.56180093,32.10745846,5.454342465,-23,-15,-8,-0.03,-0.56,0.53,FALSE
28,22,male,5,old,b,1,2.97290000000595,63,2,-47,49,23,-45,6,9,-3,44.99629614,39.63163719,5.36465895,-47,-45,-2,0.13,-0.49,0.62,FALSE
28,22,male,6,old,b,1,4.9442999999970425,77,25,-58,53,45,-54,14.66666667,14.66666667,0,55.59576323,48.66438351,6.93137972,-58,-54,-4,-0.27,-0.69,0.42,FALSE
28,22,male,7,old,b,1,2.578300000011893,85,2,-81,57,52,-76,2,11,-9,67.76921622,61.55214591,6.217070303,-81,-76,-5,0,-0.7,0.7,FALSE
28,22,male,8,old,a,0,3.3131999999880577,91,75,-12,94,55,-4,51.33333333,48.33333333,3,45.25728916,40.28509512,4.97219404,-12,-4,-8,-0.64,-0.24,-0.4,FALSE
28,22,male,9,old,a,0,3.5959000000059973,94,70,-40,98,38,-30,41.33333333,35.33333333,6,58.33999962,52.2897908,6.050208816,-40,-30,-10,-0.62,-0.08,-0.54,FALSE
28,22,male,10,old,b,1,3.677900000006048,88,33,-10,73,59,-3,37,43,-6,40.10818703,33.02524287,7.082944157,-10,-3,-7,0.15,-0.61,0.76,FALSE
28,22,male,11,old,a,0,2.612900000005993,91,81,-24,99,44,-22,49.33333333,40.33333333,9,52.01495511,49.46603773,2.548917383,-24,-22,-2,-0.69,-0.11,-0.58,FALSE
28,22,male,12,old,a,0,3.042399999991062,56,42,-72,65,9,-66,8.666666667,2.666666667,6,57.32558087,53.66770185,3.657879018,-72,-66,-6,-0.68,-0.18,-0.5,FALSE
28,22,male,13,old,b,1,3.228400000005877,53,8,-34,41,23,-28,9,12,-3,35.52463934,29.22327839,6.301360944,-34,-28,-6,0.04,-0.51,0.55,FALSE
28,22,male,14,old,b,1,2.5627000000029057,80,10,-63,59,46,-60,9,15,-6,58.3837877,53.2979049,5.085882805,-63,-60,-3,-0.03,-0.68,0.65,FALSE
28,22,male,15,old,a,0,5.028999999999996,88,17,-44,82,43,-37,20.33333333,29.33333333,-9,53.94029621,49.5333782,4.406918017,-44,-37,-7,0.09,-0.39,0.48,FALSE
28,22,male,16,old,a,0,1.8624999999999543,93,64,-10,95,40,-6,49,43,6,43.36665386,41.28760912,2.079044738,-10,-6,-4,-0.48,0.11,-0.59,FALSE
28,22,male,17,old,b,1,1.6455999999940332,93,58,-8,94,41,-1,47.66666667,44.66666667,3,41.87547678,38.87015422,3.005322563,-8,-1,-7,-0.36,0.14,-0.5,FALSE
28,22,male,18,old,b,1,8.594499999999925,55,15,-13,42,31,-7,19,22,-3,27.90459938,20.99206199,6.91253739,-13,-7,-6,0.21,-0.56,0.77,FALSE
28,22,male,19,old,a,0,2.6777000000030284,66,31,-13,68,19,-3,28,28,0,32.3213036,29.67602849,2.645275119,-13,-3,-10,-0.14,0.43,-0.57,FALSE
28,22,male,20,old,a,0,2.412799999996992,90,44,-48,88,16,-45,28.66666667,19.66666667,9,57.37207993,54.3588897,3.013190235,-48,-45,-3,-0.38,0.1,-0.48,FALSE
28,22,male,21,old,b,1,4.497499999999945,75,4,-67,57,43,-61,4,13,-9,57.97125725,52.63712252,5.334134731,-67,-61,-6,0,-0.67,0.67,FALSE
28,22,male,22,old,b,1,3.3964999999999463,93,31,-8,70,68,-4,38.66666667,44.66666667,-6,41.5879256,34.42221505,7.165710549,-8,-4,-4,0.27,-0.71,0.98,FALSE
28,22,male,23,old,b,1,4.797900000005939,53,9,-17,37,30,-13,15,18,-3,28.89059824,22.10580618,6.784792065,-17,-13,-4,0.3,-0.65,0.95,FALSE
28,22,male,24,old,b,1,2.8141000000089207,83,50,-11,85,29,-1,40.66666667,37.66666667,3,38.93869826,35.64017708,3.298521182,-11,-1,-10,-0.35,0.35,-0.7,FALSE
28,22,male,25,old,b,1,4.83029999999701,67,19,-22,60,38,-16,21.33333333,27.33333333,-6,36.37153955,31.93048004,4.441059506,-22,-16,-6,0.1,-0.46,0.56,FALSE
28,22,male,26,old,a,0,1.5631000000088306,80,72,-12,88,45,-2,46.66666667,43.66666667,3,41.61196409,36.7544404,4.857523695,-12,-2,-10,-0.69,-0.05,-0.64,FALSE
28,22,male,27,old,b,1,4.733400000005986,95,48,-30,71,67,-25,37.66666667,37.66666667,0,51.55148451,44.3421044,7.209380118,-30,-25,-5,-0.29,-0.7,0.41,FALSE
28,22,male,28,old,a,0,4.262400000005982,99,51,-13,95,36,-3,45.66666667,42.66666667,3,45.87906809,40.28509512,5.59397297,-13,-3,-10,-0.17,0.24,-0.41,FALSE
28,22,male,29,old,b,1,5.279200000003016,61,54,-82,79,11,-75,11,5,6,65.82299497,63.01322612,2.809768844,-82,-75,-7,-0.7,-0.14,-0.56,FALSE
28,22,male,30,old,b,1,3.4634999999999536,83,23,-56,70,49,-51,16.66666667,22.66666667,-6,56.92294987,52.7909925,4.131957375,-56,-51,-5,-0.17,-0.62,0.45,FALSE
28,22,male,31,old,b,1,3.310799999997016,80,2,-60,69,30,-50,7.333333333,16.33333333,-9,57.27904406,49.5333782,7.745665868,-60,-50,-10,0.14,-0.39,0.53,FALSE
28,22,male,32,old,b,1,3.177000000000021,70,12,-66,45,34,-63,5.333333333,5.333333333,0,55.72152985,48.52719741,7.194332436,-66,-63,-3,-0.18,-0.68,0.5,FALSE
28,22,male,33,old,b,1,3.8624999999999545,81,24,-16,74,4,-7,29.66666667,23.66666667,6,39.80228916,35.8732336,3.929055559,-16,-7,-9,0.21,0.66,-0.45,FALSE
28,22,male,34,old,b,1,4.90949999999998,67,11,-13,61,36,-5,21.66666667,30.66666667,-9,33.51948024,27.20702524,6.312455003,-13,-5,-8,0.45,-0.29,0.74,FALSE
28,22,male,35,old,a,0,4.296100000008892,64,24,-23,50,35,-20,21.66666667,21.66666667,0,35.55590278,30.09245014,5.463452634,-23,-20,-3,-0.1,-0.58,0.48,FALSE
28,22,male,36,old,a,0,2.3132999999970707,91,67,-10,95,46,-2,49.33333333,46.33333333,3,43.08389748,39.60078563,3.483111855,-10,-2,-8,-0.55,0.01,-0.56,FALSE
28,22,male,38,old,a,0,1.8622999999969352,98,41,-24,75,68,-19,38.33333333,41.33333333,-3,49.8419725,42.75771535,7.084257142,-24,-19,-5,-0.08,-0.69,0.61,FALSE
28,22,male,39,old,b,1,1.8627000000029736,92,60,-21,99,43,-11,43.66666667,43.66666667,0,47.55581516,44.90978611,2.646029045,-21,-11,-10,-0.47,0.02,-0.49,FALSE
28,22,male,40,old,b,1,1.5792000000029702,76,3,-64,59,38,-55,5,14,-9,57.17225434,49.53786431,7.634390037,-64,-55,-9,0.05,-0.61,0.66,FALSE
28,22,male,41,old,b,1,2.5792999999970334,99,35,-16,88,50,-11,39.33333333,42.33333333,-3,47.0484384,40.77853466,6.269903738,-16,-11,-5,0.14,-0.28,0.42,FALSE
28,22,male,42,old,a,0,4.311799999997106,91,54,-88,96,14,-80,19,10,9,77.1535266,71.90734779,5.246178806,-88,-80,-8,-0.59,-0.08,-0.51,FALSE
28,22,male,0,new,b,1,5.250700000003008,31,25,-52,57,4,-48,1.333333333,4.333333333,-3,37.79182745,42.86671851,-5.074891054,-52,-48,-4,-0.69,0.01,-0.7,FALSE
28,22,male,1,new,a,0,4.413000000000011,47,44,-54,78,9,-50,12.33333333,12.33333333,0,46.92073695,52.3089115,-5.388174553,-54,-50,-4,-0.7,0.1,-0.8,FALSE
28,22,male,2,new,b,1,3.178700000003005,44,31,-57,70,16,-50,6,12,-6,44.86275367,49.07137659,-4.208622918,-57,-50,-7,-0.66,-0.12,-0.54,FALSE
28,22,male,3,new,b,1,3.7969000000059614,82,49,-19,98,16,-11,37.33333333,34.33333333,3,42.05023451,46.34891824,-4.298683734,-19,-11,-8,-0.39,0.53,-0.92,FALSE
28,22,male,4,new,a,0,4.628900000005956,73,23,-91,92,2,-89,1.666666667,1.666666667,0,68.63105873,73.89331649,-5.262257764,-91,-89,-2,-0.44,-0.01,-0.43,FALSE
28,22,male,5,new,a,0,3.529200000003016,71,38,-70,91,1,-62,13,10,3,60.21627687,62.78534861,-2.56907174,-70,-62,-8,-0.55,0.21,-0.76,FALSE
28,22,male,6,new,a,0,4.344000000000051,78,57,-50,98,6,-46,28.33333333,19.33333333,9,56.04958123,59.5389695,-3.489388273,-50,-46,-4,-0.63,0.32,-0.95,FALSE
28,22,male,7,new,a,0,3.0434999999999945,69,50,-40,89,13,-32,26.33333333,23.33333333,3,47.54179448,49.93551397,-2.393719493,-40,-32,-8,-0.62,0.3,-0.92,FALSE
28,22,male,8,new,a,0,2.780099999994036,75,48,-36,95,7,-33,29,23,6,47.26520919,53.46650042,-6.201291223,-36,-33,-3,-0.54,0.42,-0.96,FALSE
28,22,male,9,new,a,0,3.878799999997,86,41,-34,96,4,-25,31,25,6,49.49747468,51.58165048,-2.084175801,-34,-25,-9,-0.29,0.54,-0.83,FALSE
28,22,male,10,new,b,1,3.0631999999881145,72,24,-83,93,6,-77,4.333333333,7.333333333,-3,64.78854494,69.40861298,-4.620068037,-83,-77,-6,-0.43,0.03,-0.46,FALSE
28,22,male,11,new,a,0,7.808700000003,85,51,-7,92,14,-4,43,34,9,37.98245209,41.66533331,-3.682881223,-7,-4,-3,-0.31,0.61,-0.92,FALSE
28,22,male,12,new,b,1,3.678700000003005,38,17,-31,62,16,-27,8,17,-9,28.87905816,36.34097779,-7.461919633,-31,-27,-4,-0.44,0.04,-0.48,FALSE
28,22,male,13,new,a,0,3.98039999999105,89,36,-51,98,7,-49,24.66666667,18.66666667,6,57.71385353,60.5768566,-2.863003074,-51,-49,-2,-0.29,0.28,-0.57,FALSE
28,22,male,14,new,b,1,4.295800000011923,45,26,-62,73,18,-55,3,12,-9,46.61187259,52.42772803,-5.815855439,-62,-55,-7,-0.62,-0.17,-0.45,FALSE
28,22,male,15,new,b,1,2.7545000000000077,80,38,-19,90,6,-15,33,27,6,40.57092555,45.36518489,-4.794259339,-19,-15,-4,-0.18,0.6,-0.78,FALSE
28,22,male,16,new,b,1,5.229799999996999,38,36,-51,71,20,-41,7.666666667,16.66666667,-9,41.49163236,45.78451946,-4.292887105,-51,-41,-10,-0.71,-0.11,-0.6,FALSE
28,22,male,17,new,a,0,2.927900000005934,49,45,-36,87,24,-26,19.33333333,28.33333333,-9,39.16063783,46.23370584,-7.073068005,-36,-26,-10,-0.7,0.14,-0.84,FALSE
28,22,male,18,new,b,1,4.961999999999989,87,54,-16,96,14,-12,41.66666667,32.66666667,9,42.94440851,46.02414825,-3.079739742,-16,-12,-4,-0.41,0.54,-0.95,FALSE
28,22,male,19,new,a,0,2.0455999999940104,72,42,-20,78,6,-17,31.33333333,22.33333333,9,38.30868773,40.46672158,-2.158033852,-20,-17,-3,-0.4,0.54,-0.94,FALSE
28,22,male,20,new,a,0,3.711999999999989,58,27,-46,74,5,-40,13,13,0,43.59663596,46.88283268,-3.286196723,-46,-40,-6,-0.45,0.25,-0.7,FALSE
28,22,male,21,new,a,0,2.6615999999941096,80,48,-26,89,7,-21,34,25,9,44.39219151,46.6761895,-2.283997999,-26,-21,-5,-0.44,0.52,-0.96,FALSE
28,22,male,22,new,b,1,5.162200000003054,66,47,-58,95,21,-52,18.33333333,21.33333333,-3,54.53031777,60.01296156,-5.482643798,-58,-52,-6,-0.64,0.01,-0.65,FALSE
28,22,male,24,new,a,0,3.2121999999881155,56,21,-48,76,2,-40,9.666666667,12.66666667,-3,43.20750964,47.95368136,-4.74617172,-48,-40,-8,-0.38,0.32,-0.7,FALSE
28,22,male,25,new,a,0,2.5447000000029902,88,50,-27,96,11,-23,37,28,9,47.84001115,50.04664491,-2.206633761,-27,-23,-4,-0.39,0.47,-0.86,FALSE
28,22,male,26,new,b,1,4.646700000002966,68,60,-38,99,37,-28,30,36,-6,48.19405219,51.85235449,-3.658302303,-38,-28,-10,-0.69,-0.03,-0.66,FALSE
28,22,male,27,new,b,1,3.3131000000089443,59,30,-17,77,20,-7,24,30,-6,31.31559782,35.0142828,-3.698684983,-17,-7,-10,-0.28,0.41,-0.69,FALSE
28,22,male,28,new,a,0,2.917700000003037,86,32,-13,90,5,-8,35,29,6,40.47221269,43.45879274,-2.986580053,-13,-8,-5,0.11,0.66,-0.55,FALSE
28,22,male,29,new,a,0,3.078700000002982,73,53,-41,99,7,-39,28.33333333,22.33333333,6,49.70133019,57.37207993,-7.670749745,-41,-39,-2,-0.62,0.38,-1,FALSE
28,22,male,30,new,a,0,4.379799999996976,44,36,-47,66,12,-45,11,11,0,41.14203041,45.32107677,-4.17904636,-47,-45,-2,-0.69,-0.03,-0.66,FALSE
28,22,male,31,new,a,0,5.412599999994086,54,51,-50,87,14,-46,18.33333333,18.33333333,0,48.33448274,54.3834125,-6.048929759,-50,-46,-4,-0.71,0.12,-0.83,FALSE
28,22,male,32,new,b,1,6.425799999997025,62,44,-43,91,27,-37,21,27,-6,45.84757355,52.25578118,-6.408207634,-43,-37,-6,-0.63,0,-0.63,FALSE
28,22,male,33,new,a,0,5.041900000005967,69,45,-22,90,19,-17,30.66666667,30.66666667,0,38.50829636,44.45472103,-5.94642467,-22,-17,-5,-0.51,0.38,-0.89,FALSE
28,22,male,34,new,a,0,5.779799999996953,43,31,-49,75,8,-40,8.333333333,14.33333333,-6,40.83571422,47.16166051,-6.325946295,-49,-40,-9,-0.66,0.2,-0.86,FALSE
28,22,male,35,new,b,1,3.749900000005937,53,40,-78,88,6,-70,5,8,-3,58.92933621,64.51873113,-5.589394916,-78,-70,-8,-0.68,0.05,-0.73,FALSE
28,22,male,36,new,b,1,4.060599999994111,68,52,-62,94,9,-54,19.33333333,16.33333333,3,57.88110419,60.64285247,-2.761748279,-62,-54,-8,-0.67,0.18,-0.85,FALSE
28,22,male,37,new,a,0,1.4570999999940568,79,50,-10,95,17,-2,39.66666667,36.66666667,3,37.06151043,41.97088938,-4.90937895,-10,-2,-8,-0.4,0.6,-1,FALSE
28,22,male,38,new,b,1,2.746499999999969,37,15,-44,59,10,-34,2.666666667,11.66666667,-9,34.19876541,37.9853773,-3.786611894,-44,-34,-10,-0.49,0.07,-0.56,FALSE
28,22,male,39,new,b,1,3.761799999997038,42,23,-11,63,18,-9,18,24,-6,21.92411154,29.69848481,-7.774373273,-11,-9,-2,-0.33,0.29,-0.62,FALSE
28,22,male,40,new,a,0,3.3622000000029857,73,45,-52,99,1,-43,22,19,3,53.55993528,59.35205697,-5.792121696,-52,-43,-9,-0.56,0.43,-0.99,FALSE
28,22,male,41,new,a,0,3.561200000002941,54,34,-67,84,8,-62,7,10,-3,52.95910372,59.62102537,-6.661921656,-67,-62,-5,-0.63,0.05,-0.68,FALSE
28,22,male,42,new,b,1,5.078900000005888,32,24,-44,60,15,-36,4,13,-9,34.09789827,39.2173431,-5.119444829,-44,-36,-8,-0.68,-0.08,-0.6,FALSE
28,22,male,0,old,a,0,1.923099999994065,98,42,-26,70,68,-24,38,38,0,50.70174224,43.84822307,6.853519172,-26,-24,-2,-0.12,-0.71,0.59,FALSE
28,22,male,1,old,b,1,2.7282999999970343,46,30,-55,47,6,-50,7,1,6,44.32456054,39.75759885,4.566961681,-55,-50,-5,-0.64,-0.19,-0.45,FALSE
28,22,male,2,old,a,0,2.563799999997059,46,32,-39,42,9,-30,13,7,6,37.21110945,29.42787794,7.783231513,-39,-30,-9,-0.63,-0.1,-0.53,FALSE
28,22,male,3,old,b,1,1.9801000000089743,63,16,-47,44,40,-43,10.66666667,13.66666667,-3,45.0653846,40.10264608,4.962738522,-47,-43,-4,-0.18,-0.7,0.52,FALSE
28,22,male,4,old,b,1,2.4119000000059714,53,40,-11,50,25,-2,27.33333333,24.33333333,3,27.62044331,21.23414441,6.386298903,-11,-2,-9,-0.59,-0.05,-0.54,FALSE
28,22,male,5,old,a,0,3.660099999994032,79,63,-12,80,36,-4,43.33333333,37.33333333,6,39.6680672,34.30581421,5.362252988,-12,-4,-8,-0.62,0.06,-0.68,FALSE
28,22,male,6,old,b,1,4.579900000005978,85,24,-45,67,54,-39,21.33333333,27.33333333,-6,53.10576449,47.20404879,5.901715701,-45,-39,-6,-0.08,-0.67,0.59,FALSE
28,22,male,7,old,a,0,2.484499999999912,99,52,-13,90,75,-9,46,52,-6,45.92022067,43.56604182,2.354178852,-13,-9,-4,-0.19,-0.64,0.45,FALSE
28,22,male,8,old,b,1,3.228999999999928,96,19,-78,77,43,-74,12.33333333,15.33333333,-3,71.19144768,64.67525716,6.516190515,-78,-74,-4,-0.14,-0.56,0.42,FALSE
28,22,male,9,old,a,0,4.461600000008957,58,38,-11,53,25,-2,28.33333333,25.33333333,3,28.98658694,22.45489306,6.531693879,-11,-2,-9,-0.46,0.02,-0.48,FALSE
28,22,male,10,old,b,1,2.179200000002993,65,57,-40,69,18,-32,27.33333333,18.33333333,9,47.72374205,41.23375101,6.489991045,-40,-32,-8,-0.69,0.01,-0.7,FALSE
28,22,male,11,old,a,0,2.5950999999940905,78,43,-10,60,54,-3,37,37,0,36.17549815,28.39013913,7.785359021,-10,-3,-7,-0.24,-0.68,0.44,FALSE
28,22,male,12,old,a,0,3.897500000000037,57,44,-13,53,29,-3,29.33333333,26.33333333,3,30.40102337,22.93953405,7.461489329,-13,-3,-10,-0.61,-0.17,-0.44,FALSE
28,22,male,13,old,a,0,3.1487999999970957,91,79,-11,99,39,-6,53,44,9,45.51922671,43.01162634,2.507600372,-11,-6,-5,-0.67,0.17,-0.84,FALSE
28,22,male,14,old,a,0,7.058599999994044,61,12,-35,44,34,-31,12.66666667,15.66666667,-3,39.19467084,33.24989557,5.944775267,-35,-31,-4,0.03,-0.66,0.69,FALSE
28,22,male,15,old,a,0,1.8659999999999852,98,58,-16,96,41,-6,46.66666667,43.66666667,3,47.22522866,41.6839964,5.541232266,-16,-6,-10,-0.35,0.1,-0.45,FALSE
28,22,male,16,old,b,1,3.5779999999999745,48,21,-20,41,36,-10,16.33333333,22.33333333,-6,27.95631513,22.9540604,5.002254727,-20,-10,-10,-0.25,-0.68,0.43,FALSE
28,22,male,17,old,b,1,2.127600000008897,85,68,-15,91,43,-5,46,43,3,43.68828981,39.19183588,4.496453927,-15,-5,-10,-0.63,0,-0.63,FALSE
28,22,male,19,old,a,0,2.398200000003044,79,64,-29,81,28,-22,38,29,9,47.77028365,42.05551886,5.714764789,-29,-22,-7,-0.66,0.04,-0.7,FALSE
28,22,male,20,old,a,0,2.2957000000029666,80,43,-35,75,18,-32,29.33333333,20.33333333,9,47.93282336,43.71371511,4.219108251,-35,-32,-3,-0.4,0.08,-0.48,FALSE
28,22,male,21,old,b,1,3.797099999993975,74,5,-55,57,19,-52,8,8,0,52.70673581,45.17373868,7.532997129,-55,-52,-3,0.09,-0.35,0.44,FALSE
28,22,male,22,old,b,1,1.9120000000000343,79,13,-40,74,33,-37,17.33333333,23.33333333,-6,48.67808085,45.82818153,2.849899325,-40,-37,-3,0.13,-0.31,0.44,FALSE
28,22,male,23,old,a,0,4.146800000011922,91,22,-54,72,61,-47,19.66666667,28.66666667,-9,59.21899095,53.69254035,5.526450601,-54,-47,-7,-0.06,-0.68,0.62,FALSE
28,22,male,24,old,b,1,4.829199999988077,65,13,-18,61,36,-10,20,29,-9,34.24422092,29.40521496,4.839005967,-18,-10,-8,0.3,-0.34,0.64,FALSE
28,22,male,25,old,b,1,3.01310000000899,82,31,-53,64,62,-48,20,26,-6,55.6596802,52.33227175,3.327408449,-53,-48,-5,-0.29,-0.71,0.42,FALSE
28,22,male,26,old,b,1,3.1604999999999563,56,8,-52,40,33,-43,4,10,-6,44.18144407,37.58545818,6.595985888,-52,-43,-9,-0.14,-0.69,0.55,FALSE
28,22,male,27,old,a,0,2.312099999994075,79,40,-26,73,13,-20,31,22,9,43.33589736,38.49675311,4.83914425,-26,-20,-6,-0.3,0.34,-0.64,FALSE
28,22,male,28,old,a,0,1.866199999988112,77,69,-21,82,39,-14,41.66666667,35.66666667,6,44.43222054,39.26264835,5.16957219,-21,-14,-7,-0.69,-0.13,-0.56,FALSE
28,22,male,29,old,a,0,5.911899999991078,79,16,-61,58,42,-57,11.33333333,14.33333333,-3,57.24993935,50.86146762,6.388471726,-61,-57,-4,-0.12,-0.65,0.53,FALSE
28,22,male,30,old,b,1,3.1489000000059377,70,57,-28,78,40,-19,33,33,0,43.45879274,39.90822806,3.550564686,-28,-19,-9,-0.66,-0.26,-0.4,FALSE
28,22,male,31,old,b,1,3.4959000000059177,53,8,-35,40,19,-33,8.666666667,8.666666667,0,35.92894222,30.68477726,5.244164957,-35,-33,-2,0.03,-0.47,0.5,FALSE
28,22,male,32,old,b,1,4.54559999999401,74,21,-46,56,42,-40,16.33333333,19.33333333,-3,49.10080334,42.34251869,6.758284654,-46,-40,-6,-0.14,-0.65,0.51,FALSE
28,22,male,33,old,b,1,2.81160000000898,82,11,-76,60,51,-67,5.666666667,14.66666667,-9,64.61338011,57.86382482,6.749555292,-76,-67,-9,-0.12,-0.69,0.57,FALSE
28,22,male,34,old,a,0,4.881900000005885,70,51,-43,75,10,-34,26,17,9,49.40310382,44.77350407,4.629599747,-43,-34,-9,-0.63,0.23,-0.86,FALSE
28,22,male,35,old,b,1,3.2627999999970143,60,5,-41,53,30,-32,8,17,-9,41.28760912,35.89800366,5.389605459,-41,-32,-9,0.11,-0.5,0.61,FALSE
28,22,male,36,old,a,0,4.230500000000006,73,52,-43,84,13,-33,27.33333333,21.33333333,6,50.4667107,48.12714642,2.339564283,-43,-33,-10,-0.62,0.25,-0.87,FALSE
28,22,male,37,old,b,1,3.4787000000029598,48,3,-24,46,23,-15,9,18,-9,29.69848481,25.15286597,4.545618837,-24,-15,-9,0.29,-0.29,0.58,FALSE
28,22,male,38,old,b,1,2.3124000000060505,87,78,-16,94,52,-6,49.66666667,46.66666667,3,46.57848812,40.99864496,5.579843156,-16,-6,-10,-0.69,-0.19,-0.5,FALSE
28,22,male,39,old,b,1,6.763799999996991,57,19,-12,42,29,-7,21.33333333,21.33333333,0,28.21740991,20.72572208,7.491687838,-12,-7,-5,0.12,-0.5,0.62,FALSE
28,22,male,40,old,b,1,3.613399999991088,59,9,-67,40,31,-61,0.333333333,3.333333333,-3,51.80304581,45.63867755,6.164368259,-67,-61,-6,-0.25,-0.69,0.44,FALSE
28,22,male,41,old,b,1,3.846099999994067,92,2,-70,66,50,-65,8,17,-9,66.2721661,58.34952156,7.92264454,-70,-65,-5,0.14,-0.67,0.81,FALSE
28,22,male,42,old,b,1,3.561999999999898,64,62,-48,70,29,-39,26,20,6,52.33227175,44.95182607,7.380445685,-48,-39,-9,-0.71,-0.29,-0.42,FALSE
29,55,male,0,old,b,1,4.459100000023796,75,4,-67,57,43,-61,4,13,-9,57.97125725,52.63712252,5.334134731,-67,-61,-6,0,-0.67,0.67,FALSE
29,55,male,1,old,b,1,6.117000000000019,67,19,-22,60,38,-16,21.33333333,27.33333333,-6,36.37153955,31.93048004,4.441059506,-22,-16,-6,0.1,-0.46,0.56,FALSE
29,55,male,2,old,a,0,8.487200000047721,92,60,-21,99,43,-11,43.66666667,43.66666667,0,47.55581516,44.90978611,2.646029045,-21,-11,-10,-0.47,0.02,-0.49,FALSE
29,55,male,3,old,b,1,3.8659999999999854,85,2,-81,57,52,-76,2,11,-9,67.76921622,61.55214591,6.217070303,-81,-76,-5,0,-0.7,0.7,FALSE
29,55,male,4,old,b,1,7.737699999988081,66,31,-13,68,19,-3,28,28,0,32.3213036,29.67602849,2.645275119,-13,-3,-10,-0.14,0.43,-0.57,FALSE
29,55,male,5,old,b,1,10.608899999976188,77,25,-58,53,45,-54,14.66666667,14.66666667,0,55.59576323,48.66438351,6.93137972,-58,-54,-4,-0.27,-0.69,0.42,FALSE
29,55,male,6,old,a,0,9.730899999976144,94,70,-40,98,38,-30,41.33333333,35.33333333,6,58.33999962,52.2897908,6.050208816,-40,-30,-10,-0.62,-0.08,-0.54,FALSE
29,55,male,7,old,b,1,7.351599999964264,69,24,-23,60,43,-15,23.33333333,29.33333333,-6,37.56180093,32.10745846,5.454342465,-23,-15,-8,-0.03,-0.56,0.53,FALSE
29,55,male,8,old,b,1,6.900000000000034,80,2,-60,69,30,-50,7.333333333,16.33333333,-9,57.27904406,49.5333782,7.745665868,-60,-50,-10,0.14,-0.39,0.53,FALSE
29,55,male,9,old,b,1,6.771000000000015,80,10,-63,59,46,-60,9,15,-6,58.3837877,53.2979049,5.085882805,-63,-60,-3,-0.03,-0.68,0.65,FALSE
29,55,male,10,old,a,0,8.80430000001195,74,43,-22,76,14,-13,31.66666667,25.66666667,6,40.00277768,37.25885428,2.743923402,-22,-13,-9,-0.4,0.44,-0.84,FALSE
29,55,male,11,old,a,0,8.450900000035858,97,58,-61,98,20,-51,31.33333333,22.33333333,9,67.20284386,60.85136719,6.351476665,-61,-51,-10,-0.53,0.06,-0.59,FALSE
29,55,male,12,old,a,0,5.552699999988136,83,50,-11,85,29,-1,40.66666667,37.66666667,3,38.93869826,35.64017708,3.298521182,-11,-1,-10,-0.35,0.35,-0.7,FALSE
29,55,male,13,old,a,0,17.650400000035802,91,75,-12,94,55,-4,51.33333333,48.33333333,3,45.25728916,40.28509512,4.97219404,-12,-4,-8,-0.64,-0.24,-0.4,FALSE
29,55,male,14,old,a,0,4.5999000000357455,68,25,-12,60,2,-8,27,18,9,32.69046752,29.97776954,2.712697979,-12,-8,-4,0.09,0.65,-0.56,FALSE
29,55,male,15,old,a,0,18.100800000011876,61,54,-82,79,11,-75,11,5,6,65.82299497,63.01322612,2.809768844,-82,-75,-7,-0.7,-0.14,-0.56,FALSE
29,55,male,16,old,b,1,5.719100000023786,99,35,-16,88,50,-11,39.33333333,42.33333333,-3,47.0484384,40.77853466,6.269903738,-16,-11,-5,0.14,-0.28,0.42,FALSE
29,55,male,17,old,a,0,11.860200000047712,91,67,-10,95,46,-2,49.33333333,46.33333333,3,43.08389748,39.60078563,3.483111855,-10,-2,-8,-0.55,0.01,-0.56,FALSE
29,55,male,18,old,b,1,7.987999999999943,88,33,-10,73,59,-3,37,43,-6,40.10818703,33.02524287,7.082944157,-10,-3,-7,0.15,-0.61,0.76,FALSE
29,55,male,19,old,b,1,7.871299999952271,98,41,-24,75,68,-19,38.33333333,41.33333333,-3,49.8419725,42.75771535,7.084257142,-24,-19,-5,-0.08,-0.69,0.61,FALSE
29,55,male,20,old,a,0,6.503199999988169,91,81,-24,99,44,-22,49.33333333,40.33333333,9,52.01495511,49.46603773,2.548917383,-24,-22,-2,-0.69,-0.11,-0.58,FALSE
29,55,male,22,old,b,1,11.958300000011944,55,15,-13,42,31,-7,19,22,-3,27.90459938,20.99206199,6.91253739,-13,-7,-6,0.21,-0.56,0.77,FALSE
29,55,male,23,old,a,0,5.500800000011964,81,24,-16,74,4,-7,29.66666667,23.66666667,6,39.80228916,35.8732336,3.929055559,-16,-7,-9,0.21,0.66,-0.45,FALSE
29,55,male,24,old,b,1,3.7322999999523754,53,8,-34,41,23,-28,9,12,-3,35.52463934,29.22327839,6.301360944,-34,-28,-6,0.04,-0.51,0.55,FALSE
29,55,male,25,old,a,0,4.230400000035843,91,54,-88,96,14,-80,19,10,9,77.1535266,71.90734779,5.246178806,-88,-80,-8,-0.59,-0.08,-0.51,FALSE
29,55,male,26,old,b,1,5.502000000000066,83,23,-56,70,49,-51,16.66666667,22.66666667,-6,56.92294987,52.7909925,4.131957375,-56,-51,-5,-0.17,-0.62,0.45,FALSE
29,55,male,27,old,a,0,3.198100000023828,93,58,-8,94,41,-1,47.66666667,44.66666667,3,41.87547678,38.87015422,3.005322563,-8,-1,-7,-0.36,0.14,-0.5,FALSE
29,55,male,28,old,a,0,6.986399999976129,93,64,-10,95,40,-6,49,43,6,43.36665386,41.28760912,2.079044738,-10,-6,-4,-0.48,0.11,-0.59,FALSE
29,55,male,29,old,b,1,22.10450000000003,64,24,-23,50,35,-20,21.66666667,21.66666667,0,35.55590278,30.09245014,5.463452634,-23,-20,-3,-0.1,-0.58,0.48,FALSE
29,55,male,30,old,b,1,9.457600000023833,70,12,-66,45,34,-63,5.333333333,5.333333333,0,55.72152985,48.52719741,7.194332436,-66,-63,-3,-0.18,-0.68,0.5,FALSE
29,55,male,31,old,b,1,10.124599999964175,53,9,-17,37,30,-13,15,18,-3,28.89059824,22.10580618,6.784792065,-17,-13,-4,0.3,-0.65,0.95,FALSE
29,55,male,32,old,a,0,12.125199999988126,99,51,-13,95,36,-3,45.66666667,42.66666667,3,45.87906809,40.28509512,5.59397297,-13,-3,-10,-0.17,0.24,-0.41,FALSE
29,55,male,33,old,a,0,5.033200000047714,56,42,-72,65,9,-66,8.666666667,2.666666667,6,57.32558087,53.66770185,3.657879018,-72,-66,-6,-0.68,-0.18,-0.5,FALSE
29,55,male,34,old,b,1,14.763900000035733,95,48,-30,71,67,-25,37.66666667,37.66666667,0,51.55148451,44.3421044,7.209380118,-30,-25,-5,-0.29,-0.7,0.41,FALSE
29,55,male,35,old,b,1,8.50489999997626,67,11,-13,61,36,-5,21.66666667,30.66666667,-9,33.51948024,27.20702524,6.312455003,-13,-5,-8,0.45,-0.29,0.74,FALSE
29,55,male,36,old,b,1,7.486399999976129,88,17,-44,82,43,-37,20.33333333,29.33333333,-9,53.94029621,49.5333782,4.406918017,-44,-37,-7,0.09,-0.39,0.48,FALSE
29,55,male,37,old,a,0,22.43909999996424,80,72,-12,88,45,-2,46.66666667,43.66666667,3,41.61196409,36.7544404,4.857523695,-12,-2,-10,-0.69,-0.05,-0.64,FALSE
29,55,male,38,old,a,0,6.418600000023844,84,27,-36,73,4,-29,25,16,9,49.01020302,42.49705872,6.513144298,-36,-29,-7,-0.06,0.4,-0.46,FALSE
29,55,male,39,old,b,1,10.006400000035685,63,2,-47,49,23,-45,6,9,-3,44.99629614,39.63163719,5.36465895,-47,-45,-2,0.13,-0.49,0.62,FALSE
29,55,male,40,old,b,1,6.868700000047738,76,3,-64,59,38,-55,5,14,-9,57.17225434,49.53786431,7.634390037,-64,-55,-9,0.05,-0.61,0.66,FALSE
29,55,male,41,old,b,1,19.03540000003568,93,31,-8,70,68,-4,38.66666667,44.66666667,-6,41.5879256,34.42221505,7.165710549,-8,-4,-4,0.27,-0.71,0.98,FALSE
29,55,male,42,old,a,0,4.967600000023822,90,44,-48,88,16,-45,28.66666667,19.66666667,9,57.37207993,54.3588897,3.013190235,-48,-45,-3,-0.38,0.1,-0.48,FALSE
29,55,male,0,new,b,1,19.845300000012003,71,36,-38,93,11,-35,23,23,0,45.43860326,52.94021786,-7.501614591,-38,-35,-3,-0.41,0.33,-0.74,FALSE
29,55,male,1,new,b,1,24.96120000004771,57,33,-39,75,10,-34,17,17,0,40.79215611,44.77350407,-3.981347961,-39,-34,-5,-0.53,0.23,-0.76,FALSE
29,55,male,2,new,a,0,7.583599999964235,94,45,-8,97,10,-3,43.66666667,34.66666667,9,41.65199742,44.39469438,-2.74269696,-8,-3,-5,-0.05,0.66,-0.71,FALSE
29,55,male,3,new,a,0,8.271800000011922,67,34,-14,82,3,-7,29,26,3,33.2565783,39.80787192,-6.551293622,-14,-7,-7,-0.22,0.67,-0.89,FALSE
29,55,male,4,new,a,0,12.143000000000027,62,43,-86,99,27,-80,6.333333333,15.33333333,-9,65.74867975,73.54061614,-7.79193639,-86,-80,-6,-0.66,-0.23,-0.43,FALSE
29,55,male,5,new,a,0,7.587499999999977,62,55,-78,93,7,-70,13,10,3,64.41014413,66.57827473,-2.168130606,-78,-70,-8,-0.7,0.07,-0.77,FALSE
29,55,male,6,new,a,0,29.180699999988175,59,17,-45,75,4,-39,10.33333333,13.33333333,-3,42.71871825,47.00590979,-4.287191544,-45,-39,-6,-0.23,0.29,-0.52,FALSE
29,55,male,7,new,a,0,3.899299999952291,82,41,-36,94,3,-28,29,23,6,48.91489207,51.77515492,-2.860262842,-36,-28,-8,-0.35,0.52,-0.87,FALSE
29,55,male,8,new,a,0,18.8343999999762,74,29,-58,96,13,-55,15,18,-3,54.79051013,61.74679479,-6.956284661,-58,-55,-3,-0.37,0.12,-0.49,FALSE
29,55,male,9,new,a,0,5.102000000000089,61,33,-4,66,7,-1,30,24,6,26.62079388,29.87752779,-3.25673391,-4,-1,-3,-0.17,0.67,-0.84,FALSE
29,55,male,10,new,b,1,12.8284000000358,56,49,-15,84,31,-7,30,36,-6,31.94787421,37.31844941,-5.370575202,-15,-7,-8,-0.68,0.2,-0.88,FALSE
29,55,male,11,new,b,1,6.469499999999925,76,31,-39,96,19,-29,22.66666667,28.66666667,-6,47.31689856,51.48678363,-4.169885078,-39,-29,-10,-0.26,0.28,-0.54,FALSE
29,55,male,13,new,a,0,8.873600000023998,73,35,-13,82,8,-4,31.66666667,28.66666667,3,35.18838192,38.02922853,-2.840846604,-13,-4,-9,-0.14,0.65,-0.79,FALSE
29,55,male,14,new,a,0,8.99069999998801,65,61,-27,97,23,-21,33,33,0,42.45782221,48.68949236,-6.231670156,-27,-21,-6,-0.7,0.3,-1,FALSE
29,55,male,15,new,a,0,7.487999999999829,85,45,-46,95,4,-42,28,19,9,54.81483984,56.92685365,-2.112013812,-46,-42,-4,-0.44,0.38,-0.82,FALSE
29,55,male,16,new,a,0,8.256300000012061,65,35,-38,81,15,-34,20.66666667,20.66666667,0,43.25377312,47.1192341,-3.865460983,-38,-34,-4,-0.46,0.18,-0.64,FALSE
29,55,male,17,new,b,1,15.295800000011925,62,41,-30,88,24,-21,24.33333333,30.33333333,-6,39.36439452,44.723844,-5.359449486,-30,-21,-9,-0.56,0.21,-0.77,FALSE
29,55,male,18,new,a,0,4.849500000000035,84,38,-47,98,2,-43,25,19,6,54.26478293,58.80476171,-4.53997878,-47,-43,-4,-0.35,0.41,-0.76,FALSE
29,55,male,19,new,a,0,4.634500000000116,83,36,-11,86,2,-7,36,27,9,38.3753393,41.88078318,-3.505443879,-11,-7,-4,0,0.68,-0.68,FALSE
29,55,male,20,new,a,0,6.704300000011926,76,38,-12,82,9,-7,34,28,6,36.037018,38.73843914,-2.701421131,-12,-7,-5,-0.17,0.62,-0.79,FALSE
29,55,male,21,new,b,1,17.233300000011923,35,19,-36,66,5,-26,6,15,-9,30.40833219,38.21866909,-7.810336894,-36,-26,-10,-0.56,0.37,-0.93,FALSE
29,55,male,22,new,a,0,10.07459999996422,70,31,-60,87,5,-51,13.66666667,13.66666667,0,54.46915539,56.6705881,-2.20143271,-60,-51,-9,-0.45,0.23,-0.68,FALSE
29,55,male,23,new,b,1,9.756600000024036,73,32,-44,95,17,-42,20.33333333,23.33333333,-3,48.47221426,56.10902086,-7.6368066,-44,-42,-2,-0.35,0.17,-0.52,FALSE
29,55,male,24,new,b,1,6.73619999998823,67,58,-29,93,49,-19,32,41,-9,43.28972164,46.07240678,-2.782685138,-29,-19,-10,-0.68,-0.26,-0.42,FALSE
29,55,male,25,new,b,1,18.98560000002385,72,24,-26,91,16,-19,23.33333333,29.33333333,-6,40.01110957,45.88633299,-5.875223425,-26,-19,-7,-0.02,0.41,-0.43,FALSE
29,55,male,26,new,b,1,12.443599999964364,58,27,-28,78,17,-20,19,25,-6,35.56215217,40.40627014,-4.844117975,-28,-20,-8,-0.33,0.29,-0.62,FALSE
29,55,male,27,new,a,0,21.53880000001186,51,25,-16,72,5,-8,20,23,-3,27.58018612,35.05234181,-7.47215569,-16,-8,-8,-0.27,0.63,-0.9,FALSE
29,55,male,28,new,a,0,20.80330000001186,56,39,-80,86,11,-73,5,8,-3,60.50344343,64.94613152,-4.442688096,-80,-73,-7,-0.67,-0.07,-0.6,FALSE
29,55,male,29,new,a,0,4.5641000000237,83,52,-36,96,9,-33,33,24,9,50.4050262,53.72150407,-3.31647787,-36,-33,-3,-0.51,0.4,-0.91,FALSE
29,55,male,30,new,a,0,8.35479999995232,75,51,-33,96,10,-31,31,25,6,46.30334761,52.92132525,-6.617977643,-33,-31,-2,-0.57,0.4,-0.97,FALSE
29,55,male,31,new,a,0,11.007200000047533,45,40,-49,77,30,-44,12,21,-9,43.18178628,49.80629144,-6.624505153,-49,-44,-5,-0.7,-0.27,-0.43,FALSE
29,55,male,32,new,a,0,4.518300000012005,75,60,-69,99,6,-66,22,13,9,64.63745044,67.54257916,-2.905128718,-69,-66,-3,-0.68,0.15,-0.83,FALSE
29,55,male,33,new,a,0,26.17679999995221,66,55,-73,97,23,-63,16,19,-3,63.09252465,65.38093504,-2.28841039,-73,-63,-10,-0.69,-0.09,-0.6,FALSE
29,55,male,34,new,b,1,9.906800000012026,40,34,-14,62,29,-4,20,29,-9,24.16609195,26.94438717,-2.778295223,-14,-4,-10,-0.67,0,-0.67,FALSE
29,55,male,35,new,b,1,10.4074999999998,59,34,-23,76,30,-18,23.33333333,29.33333333,-6,34.31552936,38.37823457,-4.062705208,-23,-18,-5,-0.44,-0.03,-0.41,FALSE
29,55,male,36,new,a,0,5.985800000011977,74,56,-98,99,2,-96,10.66666667,1.666666667,9,77.18952145,79.60876557,-2.4192441160000002,-98,-96,-2,-0.68,-0.01,-0.67,FALSE
29,55,male,37,new,a,0,10.1090999999642,63,62,-52,88,34,-49,24.33333333,24.33333333,0,53.97736151,56.34615239,-2.368790878,-52,-49,-3,-0.71,-0.25,-0.46,FALSE
29,55,male,38,new,a,0,10.375699999988,86,35,-10,92,6,-5,37,31,6,39.2173431,43.36665386,-4.149310754,-10,-5,-5,0.08,0.67,-0.59,FALSE
29,55,male,39,new,a,0,69.59680000001185,82,33,-22,91,7,-14,31,28,3,42.48136847,45.36518489,-2.883816424,-22,-14,-8,-0.07,0.6,-0.67,FALSE
29,55,male,40,new,b,1,12.260899999976118,41,39,-29,73,26,-21,17,26,-9,32.53715825,38.3753393,-5.838181059,-29,-21,-8,-0.71,0,-0.71,FALSE
29,55,male,41,new,a,0,8.35339999997609,60,59,-71,98,2,-61,16,13,3,61.51964456,65.37583651,-3.856191956,-71,-61,-10,-0.71,0.25,-0.96,FALSE
29,55,male,42,new,a,0,3.149699999987888,59,53,-70,91,2,-60,14,11,3,59.44745579,61.97311245,-2.525656659,-70,-60,-10,-0.7,0.21,-0.91,FALSE
29,55,male,0,old,b,1,6.115000000000009,59,9,-67,40,31,-61,0.333333333,3.333333333,-3,51.80304581,45.63867755,6.164368259,-67,-61,-6,-0.25,-0.69,0.44,FALSE
29,55,male,1,old,b,1,3.649200000047813,63,16,-47,44,40,-43,10.66666667,13.66666667,-3,45.0653846,40.10264608,4.962738522,-47,-43,-4,-0.18,-0.7,0.52,FALSE
29,55,male,2,old,b,1,6.036000000000058,56,8,-52,40,33,-43,4,10,-6,44.18144407,37.58545818,6.595985888,-52,-43,-9,-0.14,-0.69,0.55,FALSE
29,55,male,3,old,a,0,9.522299999952338,79,63,-12,80,36,-4,43.33333333,37.33333333,6,39.6680672,34.30581421,5.362252988,-12,-4,-8,-0.62,0.06,-0.68,FALSE
29,55,male,4,old,b,1,5.635999999999967,82,11,-76,60,51,-67,5.666666667,14.66666667,-9,64.61338011,57.86382482,6.749555292,-76,-67,-9,-0.12,-0.69,0.57,FALSE
29,55,male,5,old,a,0,9.282599999964305,79,64,-29,81,28,-22,38,29,9,47.77028365,42.05551886,5.714764789,-29,-22,-7,-0.66,0.04,-0.7,FALSE
29,55,male,6,old,b,1,4.936199999988048,60,5,-41,53,30,-32,8,17,-9,41.28760912,35.89800366,5.389605459,-41,-32,-9,0.11,-0.5,0.61,FALSE
29,55,male,7,old,a,0,13.263000000000147,53,8,-35,40,19,-33,8.666666667,8.666666667,0,35.92894222,30.68477726,5.244164957,-35,-33,-2,0.03,-0.47,0.5,FALSE
29,55,male,8,old,b,1,6.439499999999953,85,24,-45,67,54,-39,21.33333333,27.33333333,-6,53.10576449,47.20404879,5.901715701,-45,-39,-6,-0.08,-0.67,0.59,FALSE
29,55,male,9,old,b,1,8.391800000011926,74,5,-55,57,19,-52,8,8,0,52.70673581,45.17373868,7.532997129,-55,-52,-3,0.09,-0.35,0.44,FALSE
29,55,male,10,old,b,1,5.929000000000087,92,2,-70,66,50,-65,8,17,-9,66.2721661,58.34952156,7.92264454,-70,-65,-5,0.14,-0.67,0.81,FALSE
29,55,male,11,old,a,0,7.454500000000053,64,62,-48,70,29,-39,26,20,6,52.33227175,44.95182607,7.380445685,-48,-39,-9,-0.71,-0.29,-0.42,FALSE
29,55,male,13,old,b,1,12.277800000011894,78,43,-10,60,54,-3,37,37,0,36.17549815,28.39013913,7.785359021,-10,-3,-7,-0.24,-0.68,0.44,FALSE
29,55,male,14,old,a,0,12.677800000011985,46,32,-39,42,9,-30,13,7,6,37.21110945,29.42787794,7.783231513,-39,-30,-9,-0.63,-0.1,-0.53,FALSE
29,55,male,15,old,a,0,14.5798000000118,57,44,-13,53,29,-3,29.33333333,26.33333333,3,30.40102337,22.93953405,7.461489329,-13,-3,-10,-0.61,-0.17,-0.44,FALSE
29,55,male,16,old,a,0,12.45969999998806,98,58,-16,96,41,-6,46.66666667,43.66666667,3,47.22522866,41.6839964,5.541232266,-16,-6,-10,-0.35,0.1,-0.45,FALSE
29,55,male,17,old,b,1,6.753300000011905,48,3,-24,46,23,-15,9,18,-9,29.69848481,25.15286597,4.545618837,-24,-15,-9,0.29,-0.29,0.58,FALSE
29,55,male,18,old,b,1,9.138699999988148,91,22,-54,72,61,-47,19.66666667,28.66666667,-9,59.21899095,53.69254035,5.526450601,-54,-47,-7,-0.06,-0.68,0.62,FALSE
29,55,male,19,old,a,0,14.9707000000476,91,79,-11,99,39,-6,53,44,9,45.51922671,43.01162634,2.507600372,-11,-6,-5,-0.67,0.17,-0.84,FALSE
29,55,male,20,old,b,1,5.084499999999935,79,13,-40,74,33,-37,17.33333333,23.33333333,-6,48.67808085,45.82818153,2.849899325,-40,-37,-3,0.13,-0.31,0.44,FALSE
29,55,male,21,old,a,0,9.440499999999927,77,69,-21,82,39,-14,41.66666667,35.66666667,6,44.43222054,39.26264835,5.16957219,-21,-14,-7,-0.69,-0.13,-0.56,FALSE
29,55,male,22,old,b,1,18.50059999996438,96,19,-78,77,43,-74,12.33333333,15.33333333,-3,71.19144768,64.67525716,6.516190515,-78,-74,-4,-0.14,-0.56,0.42,FALSE
29,55,male,23,old,a,0,6.369899999976042,79,40,-26,73,13,-20,31,22,9,43.33589736,38.49675311,4.83914425,-26,-20,-6,-0.3,0.34,-0.64,FALSE
29,55,male,24,old,a,0,12.674100000023827,85,68,-15,91,43,-5,46,43,3,43.68828981,39.19183588,4.496453927,-15,-5,-10,-0.63,0,-0.63,FALSE
29,55,male,25,old,a,0,10.674600000023702,80,43,-35,75,18,-32,29.33333333,20.33333333,9,47.93282336,43.71371511,4.219108251,-35,-32,-3,-0.4,0.08,-0.48,FALSE
29,55,male,26,old,a,0,26.40289999997617,70,57,-28,78,40,-19,33,33,0,43.45879274,39.90822806,3.550564686,-28,-19,-9,-0.66,-0.26,-0.4,FALSE
29,55,male,27,old,b,1,10.125,82,31,-53,64,62,-48,20,26,-6,55.6596802,52.33227175,3.327408449,-53,-48,-5,-0.29,-0.71,0.42,FALSE
29,55,male,28,old,b,1,10.04019999998809,87,78,-16,94,52,-6,49.66666667,46.66666667,3,46.57848812,40.99864496,5.579843156,-16,-6,-10,-0.69,-0.19,-0.5,FALSE
29,55,male,29,old,b,1,6.437399999976151,99,52,-13,90,75,-9,46,52,-6,45.92022067,43.56604182,2.354178852,-13,-9,-4,-0.19,-0.64,0.45,FALSE
29,55,male,30,old,b,1,18.86890000003564,48,21,-20,41,36,-10,16.33333333,22.33333333,-6,27.95631513,22.9540604,5.002254727,-20,-10,-10,-0.25,-0.68,0.43,FALSE
29,55,male,31,old,b,1,9.072499999999993,58,38,-11,53,25,-2,28.33333333,25.33333333,3,28.98658694,22.45489306,6.531693879,-11,-2,-9,-0.46,0.02,-0.48,FALSE
29,55,male,32,old,b,1,17.466800000011972,98,42,-26,70,68,-24,38,38,0,50.70174224,43.84822307,6.853519172,-26,-24,-2,-0.12,-0.71,0.59,FALSE
29,55,male,33,old,b,1,16.731800000011845,74,21,-46,56,42,-40,16.33333333,19.33333333,-3,49.10080334,42.34251869,6.758284654,-46,-40,-6,-0.14,-0.65,0.51,FALSE
29,55,male,34,old,a,0,7.532900000035852,70,51,-43,75,10,-34,26,17,9,49.40310382,44.77350407,4.629599747,-43,-34,-9,-0.63,0.23,-0.86,FALSE
29,55,male,35,old,b,1,6.570800000012014,65,13,-18,61,36,-10,20,29,-9,34.24422092,29.40521496,4.839005967,-18,-10,-8,0.3,-0.34,0.64,FALSE
29,55,male,36,old,a,0,3.749000000000024,46,30,-55,47,6,-50,7,1,6,44.32456054,39.75759885,4.566961681,-55,-50,-5,-0.64,-0.19,-0.45,FALSE
29,55,male,37,old,b,1,25.842400000035692,61,12,-35,44,34,-31,12.66666667,15.66666667,-3,39.19467084,33.24989557,5.944775267,-35,-31,-4,0.03,-0.66,0.69,FALSE
29,55,male,38,old,a,0,22.222800000012057,53,40,-11,50,25,-2,27.33333333,24.33333333,3,27.62044331,21.23414441,6.386298903,-11,-2,-9,-0.59,-0.05,-0.54,FALSE
29,55,male,39,old,a,0,7.104300000012017,73,52,-43,84,13,-33,27.33333333,21.33333333,6,50.4667107,48.12714642,2.339564283,-43,-33,-10,-0.62,0.25,-0.87,FALSE
29,55,male,40,old,a,0,6.219400000035876,65,57,-40,69,18,-32,27.33333333,18.33333333,9,47.72374205,41.23375101,6.489991045,-40,-32,-8,-0.69,0.01,-0.7,FALSE
29,55,male,41,old,b,1,19.702300000011974,57,19,-12,42,29,-7,21.33333333,21.33333333,0,28.21740991,20.72572208,7.491687838,-12,-7,-5,0.12,-0.5,0.62,FALSE
29,55,male,42,old,b,1,15.716200000047593,79,16,-61,58,42,-57,11.33333333,14.33333333,-3,57.24993935,50.86146762,6.388471726,-61,-57,-4,-0.12,-0.65,0.53,FALSE
29,55,male,0,new,a,0,5.463300000011941,80,48,-26,89,7,-21,34,25,9,44.39219151,46.6761895,-2.283997999,-26,-21,-5,-0.44,0.52,-0.96,FALSE
29,55,male,1,new,a,0,8.171800000011899,82,49,-19,98,16,-11,37.33333333,34.33333333,3,42.05023451,46.34891824,-4.298683734,-19,-11,-8,-0.39,0.53,-0.92,FALSE
29,55,male,2,new,b,1,14.524000000000116,59,30,-17,77,20,-7,24,30,-6,31.31559782,35.0142828,-3.698684983,-17,-7,-10,-0.28,0.41,-0.69,FALSE
29,55,male,3,new,a,0,14.046300000012025,54,34,-67,84,8,-62,7,10,-3,52.95910372,59.62102537,-6.661921656,-67,-62,-5,-0.63,0.05,-0.68,FALSE
29,55,male,4,new,a,0,17.43389999997612,79,50,-10,95,17,-2,39.66666667,36.66666667,3,37.06151043,41.97088938,-4.90937895,-10,-2,-8,-0.4,0.6,-1,FALSE
29,55,male,5,new,a,0,40.94549999999958,44,36,-47,66,12,-45,11,11,0,41.14203041,45.32107677,-4.17904636,-47,-45,-2,-0.69,-0.03,-0.66,FALSE
29,55,male,6,new,b,1,7.087500000000091,37,15,-44,59,10,-34,2.666666667,11.66666667,-9,34.19876541,37.9853773,-3.786611894,-44,-34,-10,-0.49,0.07,-0.56,FALSE
29,55,male,7,new,a,0,3.3150000000000546,86,41,-34,96,4,-25,31,25,6,49.49747468,51.58165048,-2.084175801,-34,-25,-9,-0.29,0.54,-0.83,FALSE
29,55,male,8,new,a,0,11.857199999988095,31,25,-52,57,4,-48,1.333333333,4.333333333,-3,37.79182745,42.86671851,-5.074891054,-52,-48,-4,-0.69,0.01,-0.7,FALSE
29,55,male,9,new,a,0,10.207800000011956,56,21,-48,76,2,-40,9.666666667,12.66666667,-3,43.20750964,47.95368136,-4.74617172,-48,-40,-8,-0.38,0.32,-0.7,FALSE
29,55,male,10,new,b,1,6.520699999987755,42,23,-11,63,18,-9,18,24,-6,21.92411154,29.69848481,-7.774373273,-11,-9,-2,-0.33,0.29,-0.62,FALSE
29,55,male,11,new,a,0,6.286299999952462,54,51,-50,87,14,-46,18.33333333,18.33333333,0,48.33448274,54.3834125,-6.048929759,-50,-46,-4,-0.71,0.12,-0.83,FALSE
29,55,male,12,new,a,0,12.242999999999938,68,60,-38,99,37,-28,30,36,-6,48.19405219,51.85235449,-3.658302303,-38,-28,-10,-0.69,-0.03,-0.66,FALSE
29,55,male,13,new,b,1,20.053600000023835,53,40,-78,88,6,-70,5,8,-3,58.92933621,64.51873113,-5.589394916,-78,-70,-8,-0.68,0.05,-0.73,FALSE
29,55,male,14,new,b,1,15.962800000011612,49,45,-36,87,24,-26,19.33333333,28.33333333,-9,39.16063783,46.23370584,-7.073068005,-36,-26,-10,-0.7,0.14,-0.84,FALSE
29,55,male,15,new,a,0,3.833800000012161,78,57,-50,98,6,-46,28.33333333,19.33333333,9,56.04958123,59.5389695,-3.489388273,-50,-46,-4,-0.63,0.32,-0.95,FALSE
29,55,male,16,new,a,0,7.069500000000062,47,44,-54,78,9,-50,12.33333333,12.33333333,0,46.92073695,52.3089115,-5.388174553,-54,-50,-4,-0.7,0.1,-0.8,FALSE
29,55,male,17,new,a,0,13.493899999976293,73,23,-91,92,2,-89,1.666666667,1.666666667,0,68.63105873,73.89331649,-5.262257764,-91,-89,-2,-0.44,-0.01,-0.43,FALSE
29,55,male,18,new,a,0,11.57549999999992,62,44,-43,91,27,-37,21,27,-6,45.84757355,52.25578118,-6.408207634,-43,-37,-6,-0.63,0,-0.63,FALSE
29,55,male,19,new,b,1,11.124700000047596,38,17,-31,62,16,-27,8,17,-9,28.87905816,36.34097779,-7.461919633,-31,-27,-4,-0.44,0.04,-0.48,FALSE
29,55,male,20,new,a,0,22.405199999988326,69,50,-40,89,13,-32,26.33333333,23.33333333,3,47.54179448,49.93551397,-2.393719493,-40,-32,-8,-0.62,0.3,-0.92,FALSE
29,55,male,21,new,a,0,8.947100000023966,69,45,-22,90,19,-17,30.66666667,30.66666667,0,38.50829636,44.45472103,-5.94642467,-22,-17,-5,-0.51,0.38,-0.89,FALSE
29,55,male,22,new,a,0,10.267199999987952,85,51,-7,92,14,-4,43,34,9,37.98245209,41.66533331,-3.682881223,-7,-4,-3,-0.31,0.61,-0.92,FALSE
29,55,male,23,new,a,0,4.450800000011896,72,42,-20,78,6,-17,31.33333333,22.33333333,9,38.30868773,40.46672158,-2.158033852,-20,-17,-3,-0.4,0.54,-0.94,FALSE
29,55,male,24,new,a,0,3.181999999999789,80,38,-19,90,6,-15,33,27,6,40.57092555,45.36518489,-4.794259339,-19,-15,-4,-0.18,0.6,-0.78,FALSE
29,55,male,25,new,a,0,34.85350000000017,66,47,-58,95,21,-52,18.33333333,21.33333333,-3,54.53031777,60.01296156,-5.482643798,-58,-52,-6,-0.64,0.01,-0.65,FALSE
29,55,male,26,new,a,0,7.220099999964532,73,53,-41,99,7,-39,28.33333333,22.33333333,6,49.70133019,57.37207993,-7.670749745,-41,-39,-2,-0.62,0.38,-1,FALSE
29,55,male,27,new,b,1,9.02200000000039,32,24,-44,60,15,-36,4,13,-9,34.09789827,39.2173431,-5.119444829,-44,-36,-8,-0.68,-0.08,-0.6,FALSE
29,55,male,28,new,a,0,4.211499999999887,73,45,-52,99,1,-43,22,19,3,53.55993528,59.35205697,-5.792121696,-52,-43,-9,-0.56,0.43,-0.99,FALSE
29,55,male,29,new,a,0,7.724499999999807,43,31,-49,75,8,-40,8.333333333,14.33333333,-6,40.83571422,47.16166051,-6.325946295,-49,-40,-9,-0.66,0.2,-0.86,FALSE
29,55,male,30,new,a,0,4.31739999997626,87,54,-16,96,14,-12,41.66666667,32.66666667,9,42.94440851,46.02414825,-3.079739742,-16,-12,-4,-0.41,0.54,-0.95,FALSE
29,55,male,31,new,a,0,4.701100000023871,68,52,-62,94,9,-54,19.33333333,16.33333333,3,57.88110419,60.64285247,-2.761748279,-62,-54,-8,-0.67,0.18,-0.85,FALSE
29,55,male,32,new,a,0,6.403599999964172,88,50,-27,96,11,-23,37,28,9,47.84001115,50.04664491,-2.206633761,-27,-23,-4,-0.39,0.47,-0.86,FALSE
29,55,male,33,new,a,0,5.102199999987988,89,36,-51,98,7,-49,24.66666667,18.66666667,6,57.71385353,60.5768566,-2.863003074,-51,-49,-2,-0.29,0.28,-0.57,FALSE
29,55,male,34,new,a,0,6.003500000000258,58,27,-46,74,5,-40,13,13,0,43.59663596,46.88283268,-3.286196723,-46,-40,-6,-0.45,0.25,-0.7,FALSE
29,55,male,35,new,b,1,22.38939999997592,44,31,-57,70,16,-50,6,12,-6,44.86275367,49.07137659,-4.208622918,-57,-50,-7,-0.66,-0.12,-0.54,FALSE
29,55,male,36,new,b,1,11.876199999987875,72,24,-83,93,6,-77,4.333333333,7.333333333,-3,64.78854494,69.40861298,-4.620068037,-83,-77,-6,-0.43,0.03,-0.46,FALSE
29,55,male,37,new,a,0,9.00729999995201,75,48,-36,95,7,-33,29,23,6,47.26520919,53.46650042,-6.201291223,-36,-33,-3,-0.54,0.42,-0.96,FALSE
29,55,male,38,new,b,1,12.228199999988192,38,36,-51,71,20,-41,7.666666667,16.66666667,-9,41.49163236,45.78451946,-4.292887105,-51,-41,-10,-0.71,-0.11,-0.6,FALSE
29,55,male,39,new,b,1,7.054499999999734,45,26,-62,73,18,-55,3,12,-9,46.61187259,52.42772803,-5.815855439,-62,-55,-7,-0.62,-0.17,-0.45,FALSE
29,55,male,40,new,a,0,9.873999999999796,71,38,-70,91,1,-62,13,10,3,60.21627687,62.78534861,-2.56907174,-70,-62,-8,-0.55,0.21,-0.76,FALSE
29,55,male,41,new,a,0,4.651800000011917,86,32,-13,90,5,-8,35,29,6,40.47221269,43.45879274,-2.986580053,-13,-8,-5,0.11,0.66,-0.55,FALSE
30,48,female,0,old,a,0,11.337199999988115,93,64,-10,95,40,-6,49,43,6,43.36665386,41.28760912,2.079044738,-10,-6,-4,-0.48,0.11,-0.59,FALSE
30,48,female,1,old,b,1,4.395199999988108,80,10,-63,59,46,-60,9,15,-6,58.3837877,53.2979049,5.085882805,-63,-60,-3,-0.03,-0.68,0.65,FALSE
30,48,female,2,old,b,1,3.625200000017912,75,4,-67,57,43,-61,4,13,-9,57.97125725,52.63712252,5.334134731,-67,-61,-6,0,-0.67,0.67,FALSE
30,48,female,3,old,b,1,5.380100000023845,77,25,-58,53,45,-54,14.66666667,14.66666667,0,55.59576323,48.66438351,6.93137972,-58,-54,-4,-0.27,-0.69,0.42,FALSE
30,48,female,4,old,b,1,4.36489999997616,83,23,-56,70,49,-51,16.66666667,22.66666667,-6,56.92294987,52.7909925,4.131957375,-56,-51,-5,-0.17,-0.62,0.45,FALSE
30,48,female,5,old,b,1,4.331999999999994,88,33,-10,73,59,-3,37,43,-6,40.10818703,33.02524287,7.082944157,-10,-3,-7,0.15,-0.61,0.76,FALSE
30,48,female,6,old,a,0,3.089099999994062,99,51,-13,95,36,-3,45.66666667,42.66666667,3,45.87906809,40.28509512,5.59397297,-13,-3,-10,-0.17,0.24,-0.41,FALSE
30,48,female,7,old,a,0,6.034200000017904,70,12,-66,45,34,-63,5.333333333,5.333333333,0,55.72152985,48.52719741,7.194332436,-66,-63,-3,-0.18,-0.68,0.5,FALSE
30,48,female,8,old,a,0,2.947599999994054,83,50,-11,85,29,-1,40.66666667,37.66666667,3,38.93869826,35.64017708,3.298521182,-11,-1,-10,-0.35,0.35,-0.7,FALSE
30,48,female,9,old,b,1,4.462900000005959,53,8,-34,41,23,-28,9,12,-3,35.52463934,29.22327839,6.301360944,-34,-28,-6,0.04,-0.51,0.55,FALSE
30,48,female,10,old,a,0,4.166900000005967,91,75,-12,94,55,-4,51.33333333,48.33333333,3,45.25728916,40.28509512,4.97219404,-12,-4,-8,-0.64,-0.24,-0.4,FALSE
30,48,female,11,old,a,0,2.7684999999999604,91,81,-24,99,44,-22,49.33333333,40.33333333,9,52.01495511,49.46603773,2.548917383,-24,-22,-2,-0.69,-0.11,-0.58,FALSE
30,48,female,12,old,b,1,4.900799999982155,61,54,-82,79,11,-75,11,5,6,65.82299497,63.01322612,2.809768844,-82,-75,-7,-0.7,-0.14,-0.56,FALSE
30,48,female,13,old,a,0,4.436700000017879,66,31,-13,68,19,-3,28,28,0,32.3213036,29.67602849,2.645275119,-13,-3,-10,-0.14,0.43,-0.57,FALSE
30,48,female,14,old,a,0,5.295599999994067,81,24,-16,74,4,-7,29.66666667,23.66666667,6,39.80228916,35.8732336,3.929055559,-16,-7,-9,0.21,0.66,-0.45,FALSE
30,48,female,15,old,a,0,3.323100000023828,80,72,-12,88,45,-2,46.66666667,43.66666667,3,41.61196409,36.7544404,4.857523695,-12,-2,-10,-0.69,-0.05,-0.64,FALSE
30,48,female,16,old,a,0,5.305400000005932,92,60,-21,99,43,-11,43.66666667,43.66666667,0,47.55581516,44.90978611,2.646029045,-21,-11,-10,-0.47,0.02,-0.49,FALSE
30,48,female,17,old,a,0,2.127000000000009,84,27,-36,73,4,-29,25,16,9,49.01020302,42.49705872,6.513144298,-36,-29,-7,-0.06,0.4,-0.46,FALSE
30,48,female,18,old,b,1,2.6014999999999877,63,2,-47,49,23,-45,6,9,-3,44.99629614,39.63163719,5.36465895,-47,-45,-2,0.13,-0.49,0.62,FALSE
30,48,female,19,old,b,1,4.693199999988053,93,31,-8,70,68,-4,38.66666667,44.66666667,-6,41.5879256,34.42221505,7.165710549,-8,-4,-4,0.27,-0.71,0.98,FALSE
30,48,female,20,old,a,0,6.594800000011901,56,42,-72,65,9,-66,8.666666667,2.666666667,6,57.32558087,53.66770185,3.657879018,-72,-66,-6,-0.68,-0.18,-0.5,FALSE
30,48,female,21,old,a,0,2.670000000000016,94,70,-40,98,38,-30,41.33333333,35.33333333,6,58.33999962,52.2897908,6.050208816,-40,-30,-10,-0.62,-0.08,-0.54,FALSE
30,48,female,22,old,a,0,4.208700000017871,74,43,-22,76,14,-13,31.66666667,25.66666667,6,40.00277768,37.25885428,2.743923402,-22,-13,-9,-0.4,0.44,-0.84,FALSE
30,48,female,23,old,a,0,2.4919000000059555,68,25,-12,60,2,-8,27,18,9,32.69046752,29.97776954,2.712697979,-12,-8,-4,0.09,0.65,-0.56,FALSE
30,48,female,24,old,b,1,3.9609000000059496,76,3,-64,59,38,-55,5,14,-9,57.17225434,49.53786431,7.634390037,-64,-55,-9,0.05,-0.61,0.66,FALSE
30,48,female,25,old,b,1,2.409599999994043,88,17,-44,82,43,-37,20.33333333,29.33333333,-9,53.94029621,49.5333782,4.406918017,-44,-37,-7,0.09,-0.39,0.48,FALSE
30,48,female,26,old,b,1,3.049800000011942,98,41,-24,75,68,-19,38.33333333,41.33333333,-3,49.8419725,42.75771535,7.084257142,-24,-19,-5,-0.08,-0.69,0.61,FALSE
30,48,female,27,old,a,0,4.724099999994053,90,44,-48,88,16,-45,28.66666667,19.66666667,9,57.37207993,54.3588897,3.013190235,-48,-45,-3,-0.38,0.1,-0.48,FALSE
30,48,female,28,old,a,0,2.7949000000059527,91,54,-88,96,14,-80,19,10,9,77.1535266,71.90734779,5.246178806,-88,-80,-8,-0.59,-0.08,-0.51,FALSE
30,48,female,29,old,b,1,3.600999999999999,80,2,-60,69,30,-50,7.333333333,16.33333333,-9,57.27904406,49.5333782,7.745665868,-60,-50,-10,0.14,-0.39,0.53,FALSE
30,48,female,30,old,b,1,3.94290000000592,64,24,-23,50,35,-20,21.66666667,21.66666667,0,35.55590278,30.09245014,5.463452634,-23,-20,-3,-0.1,-0.58,0.48,FALSE
30,48,female,31,old,b,1,3.956000000000017,53,9,-17,37,30,-13,15,18,-3,28.89059824,22.10580618,6.784792065,-17,-13,-4,0.3,-0.65,0.95,FALSE
30,48,female,32,old,b,1,3.0064000000059536,91,67,-10,95,46,-2,49.33333333,46.33333333,3,43.08389748,39.60078563,3.483111855,-10,-2,-8,-0.55,0.01,-0.56,FALSE
30,48,female,33,old,a,0,7.327099999994061,99,35,-16,88,50,-11,39.33333333,42.33333333,-3,47.0484384,40.77853466,6.269903738,-16,-11,-5,0.14,-0.28,0.42,FALSE
30,48,female,34,old,a,0,2.322199999988072,97,58,-61,98,20,-51,31.33333333,22.33333333,9,67.20284386,60.85136719,6.351476665,-61,-51,-10,-0.53,0.06,-0.59,FALSE
30,48,female,35,old,b,1,2.4562000000178728,69,24,-23,60,43,-15,23.33333333,29.33333333,-6,37.56180093,32.10745846,5.454342465,-23,-15,-8,-0.03,-0.56,0.53,FALSE
30,48,female,37,old,b,1,4.565100000023847,85,2,-81,57,52,-76,2,11,-9,67.76921622,61.55214591,6.217070303,-81,-76,-5,0,-0.7,0.7,FALSE
30,48,female,38,old,b,1,2.0341999999880613,67,19,-22,60,38,-16,21.33333333,27.33333333,-6,36.37153955,31.93048004,4.441059506,-22,-16,-6,0.1,-0.46,0.56,FALSE
30,48,female,39,old,b,1,5.000099999994063,95,48,-30,71,67,-25,37.66666667,37.66666667,0,51.55148451,44.3421044,7.209380118,-30,-25,-5,-0.29,-0.7,0.41,FALSE
30,48,female,40,old,b,1,3.156400000005988,67,11,-13,61,36,-5,21.66666667,30.66666667,-9,33.51948024,27.20702524,6.312455003,-13,-5,-8,0.45,-0.29,0.74,FALSE
30,48,female,41,old,b,1,3.0184999999999604,55,15,-13,42,31,-7,19,22,-3,27.90459938,20.99206199,6.91253739,-13,-7,-6,0.21,-0.56,0.77,FALSE
30,48,female,42,old,b,1,3.859699999988038,93,58,-8,94,41,-1,47.66666667,44.66666667,3,41.87547678,38.87015422,3.005322563,-8,-1,-7,-0.36,0.14,-0.5,FALSE
30,48,female,0,new,a,0,7.406299999982139,41,39,-29,73,26,-21,17,26,-9,32.53715825,38.3753393,-5.838181059,-29,-21,-8,-0.71,0,-0.71,FALSE
30,48,female,1,new,a,0,2.491599999994037,63,62,-52,88,34,-49,24.33333333,24.33333333,0,53.97736151,56.34615239,-2.368790878,-52,-49,-3,-0.71,-0.25,-0.46,FALSE
30,48,female,2,new,a,0,2.2393000000119514,83,52,-36,96,9,-33,33,24,9,50.4050262,53.72150407,-3.31647787,-36,-33,-3,-0.51,0.4,-0.91,FALSE
30,48,female,3,new,b,1,4.839200000017854,62,41,-30,88,24,-21,24.33333333,30.33333333,-6,39.36439452,44.723844,-5.359449486,-30,-21,-9,-0.56,0.21,-0.77,FALSE
30,48,female,4,new,b,1,3.3061999999880527,85,45,-46,95,4,-42,28,19,9,54.81483984,56.92685365,-2.112013812,-46,-42,-4,-0.44,0.38,-0.82,FALSE
30,48,female,5,new,a,0,3.3564999999999827,71,36,-38,93,11,-35,23,23,0,45.43860326,52.94021786,-7.501614591,-38,-35,-3,-0.41,0.33,-0.74,FALSE
30,48,female,6,new,a,0,2.715099999994038,65,61,-27,97,23,-21,33,33,0,42.45782221,48.68949236,-6.231670156,-27,-21,-6,-0.7,0.3,-1,FALSE
30,48,female,8,new,a,0,2.8895999999940614,86,35,-10,92,6,-5,37,31,6,39.2173431,43.36665386,-4.149310754,-10,-5,-5,0.08,0.67,-0.59,FALSE
30,48,female,9,new,a,0,3.851999999999976,76,38,-12,82,9,-7,34,28,6,36.037018,38.73843914,-2.701421131,-12,-7,-5,-0.17,0.62,-0.79,FALSE
30,48,female,10,new,a,0,5.550799999982132,75,51,-33,96,10,-31,31,25,6,46.30334761,52.92132525,-6.617977643,-33,-31,-2,-0.57,0.4,-0.97,FALSE
30,48,female,11,new,a,0,4.254400000005944,57,33,-39,75,10,-34,17,17,0,40.79215611,44.77350407,-3.981347961,-39,-34,-5,-0.53,0.23,-0.76,FALSE
30,48,female,12,new,b,1,2.1651000000238696,59,17,-45,75,4,-39,10.33333333,13.33333333,-3,42.71871825,47.00590979,-4.287191544,-45,-39,-6,-0.23,0.29,-0.52,FALSE
30,48,female,13,new,a,0,2.814300000011883,82,33,-22,91,7,-14,31,28,3,42.48136847,45.36518489,-2.883816424,-22,-14,-8,-0.07,0.6,-0.67,FALSE
30,48,female,14,new,b,1,5.159099999994055,70,31,-60,87,5,-51,13.66666667,13.66666667,0,54.46915539,56.6705881,-2.20143271,-60,-51,-9,-0.45,0.23,-0.68,FALSE
30,48,female,15,new,b,1,1.5694000000059989,56,39,-80,86,11,-73,5,8,-3,60.50344343,64.94613152,-4.442688096,-80,-73,-7,-0.67,-0.07,-0.6,FALSE
30,48,female,16,new,b,1,3.023799999982145,67,58,-29,93,49,-19,32,41,-9,43.28972164,46.07240678,-2.782685138,-29,-19,-10,-0.68,-0.26,-0.42,FALSE
30,48,female,17,new,b,1,4.251700000017877,75,60,-69,99,6,-66,22,13,9,64.63745044,67.54257916,-2.905128718,-69,-66,-3,-0.68,0.15,-0.83,FALSE
30,48,female,18,new,b,1,6.0190000000000055,58,27,-28,78,17,-20,19,25,-6,35.56215217,40.40627014,-4.844117975,-28,-20,-8,-0.33,0.29,-0.62,FALSE
30,48,female,19,new,a,0,3.518300000011948,84,38,-47,98,2,-43,25,19,6,54.26478293,58.80476171,-4.53997878,-47,-43,-4,-0.35,0.41,-0.76,FALSE
30,48,female,20,new,b,1,3.019199999988075,40,34,-14,62,29,-4,20,29,-9,24.16609195,26.94438717,-2.778295223,-14,-4,-10,-0.67,0,-0.67,FALSE
30,48,female,21,new,b,1,4.652500000000032,66,55,-73,97,23,-63,16,19,-3,63.09252465,65.38093504,-2.28841039,-73,-63,-10,-0.69,-0.09,-0.6,FALSE
30,48,female,22,new,b,1,1.936999999999955,45,40,-49,77,30,-44,12,21,-9,43.18178628,49.80629144,-6.624505153,-49,-44,-5,-0.7,-0.27,-0.43,FALSE
30,48,female,23,new,b,1,3.1568000000119127,65,35,-38,81,15,-34,20.66666667,20.66666667,0,43.25377312,47.1192341,-3.865460983,-38,-34,-4,-0.46,0.18,-0.64,FALSE
30,48,female,24,new,b,1,2.7073999999761327,62,43,-86,99,27,-80,6.333333333,15.33333333,-9,65.74867975,73.54061614,-7.79193639,-86,-80,-6,-0.66,-0.23,-0.43,FALSE
30,48,female,25,new,b,1,2.718999999999994,74,29,-58,96,13,-55,15,18,-3,54.79051013,61.74679479,-6.956284661,-58,-55,-3,-0.37,0.12,-0.49,FALSE
30,48,female,26,new,a,0,3.4132000000178664,94,45,-8,97,10,-3,43.66666667,34.66666667,9,41.65199742,44.39469438,-2.74269696,-8,-3,-5,-0.05,0.66,-0.71,FALSE
30,48,female,27,new,b,1,8.115500000000054,73,35,-13,82,8,-4,31.66666667,28.66666667,3,35.18838192,38.02922853,-2.840846604,-13,-4,-9,-0.14,0.65,-0.79,FALSE
30,48,female,28,new,b,1,2.434300000011888,35,19,-36,66,5,-26,6,15,-9,30.40833219,38.21866909,-7.810336894,-36,-26,-10,-0.56,0.37,-0.93,FALSE
30,48,female,29,new,a,0,2.9599000000059164,61,33,-4,66,7,-1,30,24,6,26.62079388,29.87752779,-3.25673391,-4,-1,-3,-0.17,0.67,-0.84,FALSE
30,48,female,30,new,b,1,1.8254999999999768,73,32,-44,95,17,-42,20.33333333,23.33333333,-3,48.47221426,56.10902086,-7.6368066,-44,-42,-2,-0.35,0.17,-0.52,FALSE
30,48,female,31,new,b,1,4.455499999999972,62,55,-78,93,7,-70,13,10,3,64.41014413,66.57827473,-2.168130606,-78,-70,-8,-0.7,0.07,-0.77,FALSE
30,48,female,32,new,b,1,2.639800000011917,76,31,-39,96,19,-29,22.66666667,28.66666667,-6,47.31689856,51.48678363,-4.169885078,-39,-29,-10,-0.26,0.28,-0.54,FALSE
30,48,female,33,new,b,1,1.7240999999940527,82,41,-36,94,3,-28,29,23,6,48.91489207,51.77515492,-2.860262842,-36,-28,-8,-0.35,0.52,-0.87,FALSE
30,48,female,34,new,a,0,18.17819999998801,67,34,-14,82,3,-7,29,26,3,33.2565783,39.80787192,-6.551293622,-14,-7,-7,-0.22,0.67,-0.89,FALSE
30,48,female,35,new,b,1,4.139400000006049,60,59,-71,98,2,-61,16,13,3,61.51964456,65.37583651,-3.856191956,-71,-61,-10,-0.71,0.25,-0.96,FALSE
30,48,female,36,new,b,1,6.966699999988123,51,25,-16,72,5,-8,20,23,-3,27.58018612,35.05234181,-7.47215569,-16,-8,-8,-0.27,0.63,-0.9,FALSE
30,48,female,37,new,b,1,2.247500000000059,72,24,-26,91,16,-19,23.33333333,29.33333333,-6,40.01110957,45.88633299,-5.875223425,-26,-19,-7,-0.02,0.41,-0.43,FALSE
30,48,female,38,new,b,1,2.5015999999941414,74,56,-98,99,2,-96,10.66666667,1.666666667,9,77.18952145,79.60876557,-2.4192441160000002,-98,-96,-2,-0.68,-0.01,-0.67,FALSE
30,48,female,39,new,a,0,2.381000000000085,59,53,-70,91,2,-60,14,11,3,59.44745579,61.97311245,-2.525656659,-70,-60,-10,-0.7,0.21,-0.91,FALSE
30,48,female,40,new,b,1,2.7725999999941,56,49,-15,84,31,-7,30,36,-6,31.94787421,37.31844941,-5.370575202,-15,-7,-8,-0.68,0.2,-0.88,FALSE
30,48,female,41,new,b,1,1.5223999999761872,59,34,-23,76,30,-18,23.33333333,29.33333333,-6,34.31552936,38.37823457,-4.062705208,-23,-18,-5,-0.44,-0.03,-0.41,FALSE
30,48,female,42,new,a,0,2.9880000000000564,83,36,-11,86,2,-7,36,27,9,38.3753393,41.88078318,-3.505443879,-11,-7,-4,0,0.68,-0.68,FALSE
30,48,female,0,old,b,1,2.655099999994036,92,2,-70,66,50,-65,8,17,-9,66.2721661,58.34952156,7.92264454,-70,-65,-5,0.14,-0.67,0.81,FALSE
30,48,female,1,old,b,1,2.2829999999999018,79,13,-40,74,33,-37,17.33333333,23.33333333,-6,48.67808085,45.82818153,2.849899325,-40,-37,-3,0.13,-0.31,0.44,FALSE
30,48,female,2,old,a,0,4.029600000023834,46,30,-55,47,6,-50,7,1,6,44.32456054,39.75759885,4.566961681,-55,-50,-5,-0.64,-0.19,-0.45,FALSE
30,48,female,3,old,b,1,1.4953000000118664,82,11,-76,60,51,-67,5.666666667,14.66666667,-9,64.61338011,57.86382482,6.749555292,-76,-67,-9,-0.12,-0.69,0.57,FALSE
30,48,female,4,old,b,1,1.6409000000058995,53,40,-11,50,25,-2,27.33333333,24.33333333,3,27.62044331,21.23414441,6.386298903,-11,-2,-9,-0.59,-0.05,-0.54,FALSE
30,48,female,5,old,b,1,2.375099999993949,46,32,-39,42,9,-30,13,7,6,37.21110945,29.42787794,7.783231513,-39,-30,-9,-0.63,-0.1,-0.53,FALSE
30,48,female,6,old,b,1,2.742400000005887,58,38,-11,53,25,-2,28.33333333,25.33333333,3,28.98658694,22.45489306,6.531693879,-11,-2,-9,-0.46,0.02,-0.48,FALSE
30,48,female,7,old,b,1,1.7893999999761263,79,64,-29,81,28,-22,38,29,9,47.77028365,42.05551886,5.714764789,-29,-22,-7,-0.66,0.04,-0.7,FALSE
30,48,female,8,old,a,0,2.1531999999880327,91,79,-11,99,39,-6,53,44,9,45.51922671,43.01162634,2.507600372,-11,-6,-5,-0.67,0.17,-0.84,FALSE
30,48,female,9,old,b,1,3.910000000000082,79,40,-26,73,13,-20,31,22,9,43.33589736,38.49675311,4.83914425,-26,-20,-6,-0.3,0.34,-0.64,FALSE
30,48,female,10,old,a,0,4.206599999994069,57,19,-12,42,29,-7,21.33333333,21.33333333,0,28.21740991,20.72572208,7.491687838,-12,-7,-5,0.12,-0.5,0.62,FALSE
30,48,female,11,old,a,0,2.4105999999940195,74,21,-46,56,42,-40,16.33333333,19.33333333,-3,49.10080334,42.34251869,6.758284654,-46,-40,-6,-0.14,-0.65,0.51,FALSE
30,48,female,12,old,b,1,1.774099999994064,79,63,-12,80,36,-4,43.33333333,37.33333333,6,39.6680672,34.30581421,5.362252988,-12,-4,-8,-0.62,0.06,-0.68,FALSE
30,48,female,13,old,b,1,1.825200000017844,85,24,-45,67,54,-39,21.33333333,27.33333333,-6,53.10576449,47.20404879,5.901715701,-45,-39,-6,-0.08,-0.67,0.59,FALSE
30,48,female,14,old,b,1,1.2568000000119357,91,22,-54,72,61,-47,19.66666667,28.66666667,-9,59.21899095,53.69254035,5.526450601,-54,-47,-7,-0.06,-0.68,0.62,FALSE
30,48,female,15,old,b,1,1.7362000000179023,77,69,-21,82,39,-14,41.66666667,35.66666667,6,44.43222054,39.26264835,5.16957219,-21,-14,-7,-0.69,-0.13,-0.56,FALSE
30,48,female,16,old,b,1,4.719199999988064,99,52,-13,90,75,-9,46,52,-6,45.92022067,43.56604182,2.354178852,-13,-9,-4,-0.19,-0.64,0.45,FALSE
30,48,female,17,old,b,1,3.472500000000082,73,52,-43,84,13,-33,27.33333333,21.33333333,6,50.4667107,48.12714642,2.339564283,-43,-33,-10,-0.62,0.25,-0.87,FALSE
30,48,female,18,old,b,1,2.040099999994027,65,13,-18,61,36,-10,20,29,-9,34.24422092,29.40521496,4.839005967,-18,-10,-8,0.3,-0.34,0.64,FALSE
30,48,female,19,old,b,1,3.525400000006016,63,16,-47,44,40,-43,10.66666667,13.66666667,-3,45.0653846,40.10264608,4.962738522,-47,-43,-4,-0.18,-0.7,0.52,FALSE
30,48,female,20,old,b,1,7.126400000006015,98,58,-16,96,41,-6,46.66666667,43.66666667,3,47.22522866,41.6839964,5.541232266,-16,-6,-10,-0.35,0.1,-0.45,FALSE
30,48,female,21,old,a,0,2.320399999976189,79,16,-61,58,42,-57,11.33333333,14.33333333,-3,57.24993935,50.86146762,6.388471726,-61,-57,-4,-0.12,-0.65,0.53,FALSE
30,48,female,22,old,b,1,2.4565999999940686,64,62,-48,70,29,-39,26,20,6,52.33227175,44.95182607,7.380445685,-48,-39,-9,-0.71,-0.29,-0.42,FALSE
30,48,female,23,old,b,1,2.456199999988144,85,68,-15,91,43,-5,46,43,3,43.68828981,39.19183588,4.496453927,-15,-5,-10,-0.63,0,-0.63,FALSE
30,48,female,24,old,b,1,2.3249000000059823,96,19,-78,77,43,-74,12.33333333,15.33333333,-3,71.19144768,64.67525716,6.516190515,-78,-74,-4,-0.14,-0.56,0.42,FALSE
30,48,female,25,old,b,1,1.5394999999999754,48,21,-20,41,36,-10,16.33333333,22.33333333,-6,27.95631513,22.9540604,5.002254727,-20,-10,-10,-0.25,-0.68,0.43,FALSE
30,48,female,26,old,b,1,2.2414000000059104,48,3,-24,46,23,-15,9,18,-9,29.69848481,25.15286597,4.545618837,-24,-15,-9,0.29,-0.29,0.58,FALSE
30,48,female,27,old,b,1,1.8995999999940525,60,5,-41,53,30,-32,8,17,-9,41.28760912,35.89800366,5.389605459,-41,-32,-9,0.11,-0.5,0.61,FALSE
30,48,female,28,old,b,1,1.3830000000000382,98,42,-26,70,68,-24,38,38,0,50.70174224,43.84822307,6.853519172,-26,-24,-2,-0.12,-0.71,0.59,FALSE
30,48,female,29,old,b,1,3.455699999988042,59,9,-67,40,31,-61,0.333333333,3.333333333,-3,51.80304581,45.63867755,6.164368259,-67,-61,-6,-0.25,-0.69,0.44,FALSE
30,48,female,30,old,b,1,2.8054000000059887,70,57,-28,78,40,-19,33,33,0,43.45879274,39.90822806,3.550564686,-28,-19,-9,-0.66,-0.26,-0.4,FALSE
30,48,female,31,old,b,1,2.2580999999941014,65,57,-40,69,18,-32,27.33333333,18.33333333,9,47.72374205,41.23375101,6.489991045,-40,-32,-8,-0.69,0.01,-0.7,FALSE
30,48,female,32,old,a,0,2.8249000000059823,80,43,-35,75,18,-32,29.33333333,20.33333333,9,47.93282336,43.71371511,4.219108251,-35,-32,-3,-0.4,0.08,-0.48,FALSE
30,48,female,33,old,b,1,3.638099999994097,87,78,-16,94,52,-6,49.66666667,46.66666667,3,46.57848812,40.99864496,5.579843156,-16,-6,-10,-0.69,-0.19,-0.5,FALSE
30,48,female,34,old,a,0,2.3734000000059723,82,31,-53,64,62,-48,20,26,-6,55.6596802,52.33227175,3.327408449,-53,-48,-5,-0.29,-0.71,0.42,FALSE
30,48,female,35,old,b,1,1.5564999999999145,56,8,-52,40,33,-43,4,10,-6,44.18144407,37.58545818,6.595985888,-52,-43,-9,-0.14,-0.69,0.55,FALSE
30,48,female,36,old,b,1,1.8424999999999727,57,44,-13,53,29,-3,29.33333333,26.33333333,3,30.40102337,22.93953405,7.461489329,-13,-3,-10,-0.61,-0.17,-0.44,FALSE
30,48,female,38,old,a,0,1.391199999988089,61,12,-35,44,34,-31,12.66666667,15.66666667,-3,39.19467084,33.24989557,5.944775267,-35,-31,-4,0.03,-0.66,0.69,FALSE
30,48,female,39,old,a,0,2.839599999993993,70,51,-43,75,10,-34,26,17,9,49.40310382,44.77350407,4.629599747,-43,-34,-9,-0.63,0.23,-0.86,FALSE
30,48,female,40,old,b,1,2.5740999999940186,78,43,-10,60,54,-3,37,37,0,36.17549815,28.39013913,7.785359021,-10,-3,-7,-0.24,-0.68,0.44,FALSE
30,48,female,41,old,b,1,3.272299999982124,53,8,-35,40,19,-33,8.666666667,8.666666667,0,35.92894222,30.68477726,5.244164957,-35,-33,-2,0.03,-0.47,0.5,FALSE
30,48,female,42,old,b,1,3.4189999999999827,74,5,-55,57,19,-52,8,8,0,52.70673581,45.17373868,7.532997129,-55,-52,-3,0.09,-0.35,0.44,FALSE
30,48,female,0,new,a,0,3.5761999999880345,75,48,-36,95,7,-33,29,23,6,47.26520919,53.46650042,-6.201291223,-36,-33,-3,-0.54,0.42,-0.96,FALSE
30,48,female,1,new,a,0,2.274200000017913,44,31,-57,70,16,-50,6,12,-6,44.86275367,49.07137659,-4.208622918,-57,-50,-7,-0.66,-0.12,-0.54,FALSE
30,48,female,2,new,b,1,2.457400000005918,86,41,-34,96,4,-25,31,25,6,49.49747468,51.58165048,-2.084175801,-34,-25,-9,-0.29,0.54,-0.83,FALSE
30,48,female,3,new,b,1,1.4904999999999973,73,23,-91,92,2,-89,1.666666667,1.666666667,0,68.63105873,73.89331649,-5.262257764,-91,-89,-2,-0.44,-0.01,-0.43,FALSE
30,48,female,4,new,b,1,1.4739000000059832,72,42,-20,78,6,-17,31.33333333,22.33333333,9,38.30868773,40.46672158,-2.158033852,-20,-17,-3,-0.4,0.54,-0.94,FALSE
30,48,female,5,new,a,0,2.73809999999412,68,52,-62,94,9,-54,19.33333333,16.33333333,3,57.88110419,60.64285247,-2.761748279,-62,-54,-8,-0.67,0.18,-0.85,FALSE
30,48,female,6,new,b,1,1.3744000000059486,89,36,-51,98,7,-49,24.66666667,18.66666667,6,57.71385353,60.5768566,-2.863003074,-51,-49,-2,-0.29,0.28,-0.57,FALSE
30,48,female,7,new,b,1,2.9061999999880754,54,34,-67,84,8,-62,7,10,-3,52.95910372,59.62102537,-6.661921656,-67,-62,-5,-0.63,0.05,-0.68,FALSE
30,48,female,8,new,a,0,2.972299999982056,71,38,-70,91,1,-62,13,10,3,60.21627687,62.78534861,-2.56907174,-70,-62,-8,-0.55,0.21,-0.76,FALSE
30,48,female,9,new,a,0,4.002199999988079,58,27,-46,74,5,-40,13,13,0,43.59663596,46.88283268,-3.286196723,-46,-40,-6,-0.45,0.25,-0.7,FALSE
30,48,female,10,new,b,1,2.0594999999999573,68,60,-38,99,37,-28,30,36,-6,48.19405219,51.85235449,-3.658302303,-38,-28,-10,-0.69,-0.03,-0.66,FALSE
30,48,female,11,new,b,1,1.363199999988069,42,23,-11,63,18,-9,18,24,-6,21.92411154,29.69848481,-7.774373273,-11,-9,-2,-0.33,0.29,-0.62,FALSE
30,48,female,12,new,a,0,4.987100000023816,43,31,-49,75,8,-40,8.333333333,14.33333333,-6,40.83571422,47.16166051,-6.325946295,-49,-40,-9,-0.66,0.2,-0.86,FALSE
30,48,female,13,new,b,1,3.3394000000059805,73,53,-41,99,7,-39,28.33333333,22.33333333,6,49.70133019,57.37207993,-7.670749745,-41,-39,-2,-0.62,0.38,-1,FALSE
30,48,female,14,new,b,1,2.2605000000000928,88,50,-27,96,11,-23,37,28,9,47.84001115,50.04664491,-2.206633761,-27,-23,-4,-0.39,0.47,-0.86,FALSE
30,48,female,15,new,b,1,1.572499999999991,80,38,-19,90,6,-15,33,27,6,40.57092555,45.36518489,-4.794259339,-19,-15,-4,-0.18,0.6,-0.78,FALSE
30,48,female,16,new,a,0,2.780300000011948,56,21,-48,76,2,-40,9.666666667,12.66666667,-3,43.20750964,47.95368136,-4.74617172,-48,-40,-8,-0.38,0.32,-0.7,FALSE
30,48,female,17,new,a,0,4.08869999998808,79,50,-10,95,17,-2,39.66666667,36.66666667,3,37.06151043,41.97088938,-4.90937895,-10,-2,-8,-0.4,0.6,-1,FALSE
30,48,female,18,new,b,1,2.5558000000119137,38,17,-31,62,16,-27,8,17,-9,28.87905816,36.34097779,-7.461919633,-31,-27,-4,-0.44,0.04,-0.48,FALSE
30,48,female,19,new,b,1,1.2530000000000427,69,50,-40,89,13,-32,26.33333333,23.33333333,3,47.54179448,49.93551397,-2.393719493,-40,-32,-8,-0.62,0.3,-0.92,FALSE
30,48,female,20,new,b,1,3.0203999999762345,73,45,-52,99,1,-43,22,19,3,53.55993528,59.35205697,-5.792121696,-52,-43,-9,-0.56,0.43,-0.99,FALSE
30,48,female,21,new,b,1,1.322999999999979,69,45,-22,90,19,-17,30.66666667,30.66666667,0,38.50829636,44.45472103,-5.94642467,-22,-17,-5,-0.51,0.38,-0.89,FALSE
30,48,female,22,new,b,1,1.871099999994044,80,48,-26,89,7,-21,34,25,9,44.39219151,46.6761895,-2.283997999,-26,-21,-5,-0.44,0.52,-0.96,FALSE
30,48,female,23,new,b,1,1.4580999999940332,31,25,-52,57,4,-48,1.333333333,4.333333333,-3,37.79182745,42.86671851,-5.074891054,-52,-48,-4,-0.69,0.01,-0.7,FALSE
30,48,female,24,new,b,1,1.7583999999761772,32,24,-44,60,15,-36,4,13,-9,34.09789827,39.2173431,-5.119444829,-44,-36,-8,-0.68,-0.08,-0.6,FALSE
30,48,female,25,new,b,1,1.4738999999760836,59,30,-17,77,20,-7,24,30,-6,31.31559782,35.0142828,-3.698684983,-17,-7,-10,-0.28,0.41,-0.69,FALSE
30,48,female,26,new,b,1,1.7350000000000136,66,47,-58,95,21,-52,18.33333333,21.33333333,-3,54.53031777,60.01296156,-5.482643798,-58,-52,-6,-0.64,0.01,-0.65,FALSE
30,48,female,27,new,a,0,2.359300000011899,72,24,-83,93,6,-77,4.333333333,7.333333333,-3,64.78854494,69.40861298,-4.620068037,-83,-77,-6,-0.43,0.03,-0.46,FALSE
30,48,female,28,new,b,1,5.008500000000026,86,32,-13,90,5,-8,35,29,6,40.47221269,43.45879274,-2.986580053,-13,-8,-5,0.11,0.66,-0.55,FALSE
30,48,female,29,new,b,1,1.6619000000059714,87,54,-16,96,14,-12,41.66666667,32.66666667,9,42.94440851,46.02414825,-3.079739742,-16,-12,-4,-0.41,0.54,-0.95,FALSE
30,48,female,30,new,b,1,2.568099999994047,82,49,-19,98,16,-11,37.33333333,34.33333333,3,42.05023451,46.34891824,-4.298683734,-19,-11,-8,-0.39,0.53,-0.92,FALSE
30,48,female,31,new,b,1,1.1905000000000427,54,51,-50,87,14,-46,18.33333333,18.33333333,0,48.33448274,54.3834125,-6.048929759,-50,-46,-4,-0.71,0.12,-0.83,FALSE
30,48,female,32,new,a,0,3.8482000000178687,53,40,-78,88,6,-70,5,8,-3,58.92933621,64.51873113,-5.589394916,-78,-70,-8,-0.68,0.05,-0.73,FALSE
30,48,female,33,new,b,1,2.8267000000179223,37,15,-44,59,10,-34,2.666666667,11.66666667,-9,34.19876541,37.9853773,-3.786611894,-44,-34,-10,-0.49,0.07,-0.56,FALSE
30,48,female,34,new,a,0,1.479799999982106,47,44,-54,78,9,-50,12.33333333,12.33333333,0,46.92073695,52.3089115,-5.388174553,-54,-50,-4,-0.7,0.1,-0.8,FALSE
30,48,female,35,new,a,0,4.982900000005998,49,45,-36,87,24,-26,19.33333333,28.33333333,-9,39.16063783,46.23370584,-7.073068005,-36,-26,-10,-0.7,0.14,-0.84,FALSE
30,48,female,36,new,b,1,3.2029999999999745,45,26,-62,73,18,-55,3,12,-9,46.61187259,52.42772803,-5.815855439,-62,-55,-7,-0.62,-0.17,-0.45,FALSE
30,48,female,37,new,b,1,4.474299999982122,62,44,-43,91,27,-37,21,27,-6,45.84757355,52.25578118,-6.408207634,-43,-37,-6,-0.63,0,-0.63,FALSE
30,48,female,38,new,a,0,2.2204000000059523,85,51,-7,92,14,-4,43,34,9,37.98245209,41.66533331,-3.682881223,-7,-4,-3,-0.31,0.61,-0.92,FALSE
30,48,female,39,new,a,0,3.852099999994039,78,57,-50,98,6,-46,28.33333333,19.33333333,9,56.04958123,59.5389695,-3.489388273,-50,-46,-4,-0.63,0.32,-0.95,FALSE
30,48,female,40,new,a,0,2.8540999999939918,44,36,-47,66,12,-45,11,11,0,41.14203041,45.32107677,-4.17904636,-47,-45,-2,-0.69,-0.03,-0.66,FALSE
30,48,female,41,new,b,1,1.0890000000000557,38,36,-51,71,20,-41,7.666666667,16.66666667,-9,41.49163236,45.78451946,-4.292887105,-51,-41,-10,-0.71,-0.11,-0.6,FALSE
31,56,female,0,new,a,0,8.37990000000599,75,51,-33,96,10,-31,31,25,6,46.30334761,52.92132525,-6.617977643,-33,-31,-2,-0.57,0.4,-0.97,FALSE
31,56,female,1,new,a,0,5.093000000000018,61,33,-4,66,7,-1,30,24,6,26.62079388,29.87752779,-3.25673391,-4,-1,-3,-0.17,0.67,-0.84,FALSE
31,56,female,2,new,a,0,5.658999999999992,62,55,-78,93,7,-70,13,10,3,64.41014413,66.57827473,-2.168130606,-78,-70,-8,-0.7,0.07,-0.77,FALSE
31,56,female,3,new,a,0,6.466100000001518,63,62,-52,88,34,-49,24.33333333,24.33333333,0,53.97736151,56.34615239,-2.368790878,-52,-49,-3,-0.71,-0.25,-0.46,FALSE
31,56,female,4,new,a,0,7.400399999998513,82,33,-22,91,7,-14,31,28,3,42.48136847,45.36518489,-2.883816424,-22,-14,-8,-0.07,0.6,-0.67,FALSE
31,56,female,5,new,b,1,3.349200000003009,72,24,-26,91,16,-19,23.33333333,29.33333333,-6,40.01110957,45.88633299,-5.875223425,-26,-19,-7,-0.02,0.41,-0.43,FALSE
31,56,female,7,new,b,1,8.373999999999967,57,33,-39,75,10,-34,17,17,0,40.79215611,44.77350407,-3.981347961,-39,-34,-5,-0.53,0.23,-0.76,FALSE
31,56,female,8,new,a,0,2.4227999999970398,71,36,-38,93,11,-35,23,23,0,45.43860326,52.94021786,-7.501614591,-38,-35,-3,-0.41,0.33,-0.74,FALSE
31,56,female,9,new,b,1,2.57189999999855,65,61,-27,97,23,-21,33,33,0,42.45782221,48.68949236,-6.231670156,-27,-21,-6,-0.7,0.3,-1,FALSE
31,56,female,10,new,a,0,2.595299999996996,83,36,-11,86,2,-7,36,27,9,38.3753393,41.88078318,-3.505443879,-11,-7,-4,0,0.68,-0.68,FALSE
31,56,female,11,new,b,1,5.772700000002942,66,55,-73,97,23,-63,16,19,-3,63.09252465,65.38093504,-2.28841039,-73,-63,-10,-0.69,-0.09,-0.6,FALSE
31,56,female,12,new,b,1,1.733000000000004,67,58,-29,93,49,-19,32,41,-9,43.28972164,46.07240678,-2.782685138,-29,-19,-10,-0.68,-0.26,-0.42,FALSE
31,56,female,13,new,b,1,3.942899999998531,35,19,-36,66,5,-26,6,15,-9,30.40833219,38.21866909,-7.810336894,-36,-26,-10,-0.56,0.37,-0.93,FALSE
31,56,female,14,new,b,1,3.0082000000030007,62,43,-86,99,27,-80,6.333333333,15.33333333,-9,65.74867975,73.54061614,-7.79193639,-86,-80,-6,-0.66,-0.23,-0.43,FALSE
31,56,female,15,new,b,1,2.699700000002963,40,34,-14,62,29,-4,20,29,-9,24.16609195,26.94438717,-2.778295223,-14,-4,-10,-0.67,0,-0.67,FALSE
31,56,female,16,new,b,1,1.6309000000059657,84,38,-47,98,2,-43,25,19,6,54.26478293,58.80476171,-4.53997878,-47,-43,-4,-0.35,0.41,-0.76,FALSE
31,56,female,17,new,a,0,2.319000000000017,94,45,-8,97,10,-3,43.66666667,34.66666667,9,41.65199742,44.39469438,-2.74269696,-8,-3,-5,-0.05,0.66,-0.71,FALSE
31,56,female,18,new,b,1,6.299700000002986,62,41,-30,88,24,-21,24.33333333,30.33333333,-6,39.36439452,44.723844,-5.359449486,-30,-21,-9,-0.56,0.21,-0.77,FALSE
31,56,female,19,new,a,0,2.398899999998548,76,38,-12,82,9,-7,34,28,6,36.037018,38.73843914,-2.701421131,-12,-7,-5,-0.17,0.62,-0.79,FALSE
31,56,female,20,new,a,0,4.164700000002995,85,45,-46,95,4,-42,28,19,9,54.81483984,56.92685365,-2.112013812,-46,-42,-4,-0.44,0.38,-0.82,FALSE
31,56,female,21,new,b,1,2.381399999998507,76,31,-39,96,19,-29,22.66666667,28.66666667,-6,47.31689856,51.48678363,-4.169885078,-39,-29,-10,-0.26,0.28,-0.54,FALSE
31,56,female,22,new,b,1,4.007600000001503,56,39,-80,86,11,-73,5,8,-3,60.50344343,64.94613152,-4.442688096,-80,-73,-7,-0.67,-0.07,-0.6,FALSE
31,56,female,23,new,a,0,4.153999999999996,60,59,-71,98,2,-61,16,13,3,61.51964456,65.37583651,-3.856191956,-71,-61,-10,-0.71,0.25,-0.96,FALSE
31,56,female,24,new,b,1,1.8444999999999825,67,34,-14,82,3,-7,29,26,3,33.2565783,39.80787192,-6.551293622,-14,-7,-7,-0.22,0.67,-0.89,FALSE
31,56,female,25,new,b,1,2.7162000000029707,75,60,-69,99,6,-66,22,13,9,64.63745044,67.54257916,-2.905128718,-69,-66,-3,-0.68,0.15,-0.83,FALSE
31,56,female,26,new,b,1,2.147899999998515,45,40,-49,77,30,-44,12,21,-9,43.18178628,49.80629144,-6.624505153,-49,-44,-5,-0.7,-0.27,-0.43,FALSE
31,56,female,27,new,b,1,2.419200000002945,73,32,-44,95,17,-42,20.33333333,23.33333333,-3,48.47221426,56.10902086,-7.6368066,-44,-42,-2,-0.35,0.17,-0.52,FALSE
31,56,female,28,new,b,1,2.307699999995521,59,53,-70,91,2,-60,14,11,3,59.44745579,61.97311245,-2.525656659,-70,-60,-10,-0.7,0.21,-0.91,FALSE
31,56,female,29,new,b,1,1.2216999999955078,41,39,-29,73,26,-21,17,26,-9,32.53715825,38.3753393,-5.838181059,-29,-21,-8,-0.71,0,-0.71,FALSE
31,56,female,30,new,b,1,2.204399999998543,70,31,-60,87,5,-51,13.66666667,13.66666667,0,54.46915539,56.6705881,-2.20143271,-60,-51,-9,-0.45,0.23,-0.68,FALSE
31,56,female,31,new,a,0,1.484899999998504,82,41,-36,94,3,-28,29,23,6,48.91489207,51.77515492,-2.860262842,-36,-28,-8,-0.35,0.52,-0.87,FALSE
31,56,female,32,new,b,1,1.3614999999999782,58,27,-28,78,17,-20,19,25,-6,35.56215217,40.40627014,-4.844117975,-28,-20,-8,-0.33,0.29,-0.62,FALSE
31,56,female,33,new,a,0,1.633299999997007,74,56,-98,99,2,-96,10.66666667,1.666666667,9,77.18952145,79.60876557,-2.4192441160000002,-98,-96,-2,-0.68,-0.01,-0.67,FALSE
31,56,female,34,new,b,1,2.0322000000030016,59,34,-23,76,30,-18,23.33333333,29.33333333,-6,34.31552936,38.37823457,-4.062705208,-23,-18,-5,-0.44,-0.03,-0.41,FALSE
31,56,female,35,new,b,1,1.577100000001508,56,49,-15,84,31,-7,30,36,-6,31.94787421,37.31844941,-5.370575202,-15,-7,-8,-0.68,0.2,-0.88,FALSE
31,56,female,36,new,b,1,2.4914999999999736,51,25,-16,72,5,-8,20,23,-3,27.58018612,35.05234181,-7.47215569,-16,-8,-8,-0.27,0.63,-0.9,FALSE
31,56,female,37,new,b,1,1.937999999999988,65,35,-38,81,15,-34,20.66666667,20.66666667,0,43.25377312,47.1192341,-3.865460983,-38,-34,-4,-0.46,0.18,-0.64,FALSE
31,56,female,38,new,b,1,3.065699999995502,74,29,-58,96,13,-55,15,18,-3,54.79051013,61.74679479,-6.956284661,-58,-55,-3,-0.37,0.12,-0.49,FALSE
31,56,female,39,new,b,1,2.2831999999955315,59,17,-45,75,4,-39,10.33333333,13.33333333,-3,42.71871825,47.00590979,-4.287191544,-45,-39,-6,-0.23,0.29,-0.52,FALSE
31,56,female,40,new,a,0,2.192600000001505,86,35,-10,92,6,-5,37,31,6,39.2173431,43.36665386,-4.149310754,-10,-5,-5,0.08,0.67,-0.59,FALSE
31,56,female,41,new,a,0,2.038000000000011,83,52,-36,96,9,-33,33,24,9,50.4050262,53.72150407,-3.31647787,-36,-33,-3,-0.51,0.4,-0.91,FALSE
31,56,female,42,new,b,1,1.5004999999999882,73,35,-13,82,8,-4,31.66666667,28.66666667,3,35.18838192,38.02922853,-2.840846604,-13,-4,-9,-0.14,0.65,-0.79,FALSE
31,56,female,0,old,b,1,2.999700000003031,67,19,-22,60,38,-16,21.33333333,27.33333333,-6,36.37153955,31.93048004,4.441059506,-22,-16,-6,0.1,-0.46,0.56,FALSE
31,56,female,1,old,a,0,2.316200000002937,97,58,-61,98,20,-51,31.33333333,22.33333333,9,67.20284386,60.85136719,6.351476665,-61,-51,-10,-0.53,0.06,-0.59,FALSE
31,56,female,2,old,b,1,2.283800000004476,88,17,-44,82,43,-37,20.33333333,29.33333333,-9,53.94029621,49.5333782,4.406918017,-44,-37,-7,0.09,-0.39,0.48,FALSE
31,56,female,3,old,b,1,1.2992999999970607,61,54,-82,79,11,-75,11,5,6,65.82299497,63.01322612,2.809768844,-82,-75,-7,-0.7,-0.14,-0.56,FALSE
31,56,female,4,old,a,0,1.0879999999999654,92,60,-21,99,43,-11,43.66666667,43.66666667,0,47.55581516,44.90978611,2.646029045,-21,-11,-10,-0.47,0.02,-0.49,FALSE
31,56,female,5,old,b,1,3.7930000000000064,67,11,-13,61,36,-5,21.66666667,30.66666667,-9,33.51948024,27.20702524,6.312455003,-13,-5,-8,0.45,-0.29,0.74,FALSE
31,56,female,6,old,a,0,1.8606000000014544,95,48,-30,71,67,-25,37.66666667,37.66666667,0,51.55148451,44.3421044,7.209380118,-30,-25,-5,-0.29,-0.7,0.41,FALSE
31,56,female,7,old,b,1,1.3113999999984571,56,42,-72,65,9,-66,8.666666667,2.666666667,6,57.32558087,53.66770185,3.657879018,-72,-66,-6,-0.68,-0.18,-0.5,FALSE
31,56,female,8,old,a,0,0.8352999999970052,77,25,-58,53,45,-54,14.66666667,14.66666667,0,55.59576323,48.66438351,6.93137972,-58,-54,-4,-0.27,-0.69,0.42,FALSE
31,56,female,9,old,b,1,0.5410999999941168,69,24,-23,60,43,-15,23.33333333,29.33333333,-6,37.56180093,32.10745846,5.454342465,-23,-15,-8,-0.03,-0.56,0.53,FALSE
31,56,female,10,old,a,0,0.903600000001461,93,58,-8,94,41,-1,47.66666667,44.66666667,3,41.87547678,38.87015422,3.005322563,-8,-1,-7,-0.36,0.14,-0.5,FALSE
31,56,female,11,old,a,0,2.422900000005938,98,41,-24,75,68,-19,38.33333333,41.33333333,-3,49.8419725,42.75771535,7.084257142,-24,-19,-5,-0.08,-0.69,0.61,FALSE
31,56,female,12,old,b,1,3.012899999998467,75,4,-67,57,43,-61,4,13,-9,57.97125725,52.63712252,5.334134731,-67,-61,-6,0,-0.67,0.67,FALSE
31,56,female,13,old,b,1,3.549400000005903,85,2,-81,57,52,-76,2,11,-9,67.76921622,61.55214591,6.217070303,-81,-76,-5,0,-0.7,0.7,FALSE
31,56,female,14,old,a,0,2.5990000000000464,99,51,-13,95,36,-3,45.66666667,42.66666667,3,45.87906809,40.28509512,5.59397297,-13,-3,-10,-0.17,0.24,-0.41,FALSE
31,56,female,15,old,b,1,3.315900000005968,94,70,-40,98,38,-30,41.33333333,35.33333333,6,58.33999962,52.2897908,6.050208816,-40,-30,-10,-0.62,-0.08,-0.54,FALSE
31,56,female,16,old,a,0,1.13250000000005,76,3,-64,59,38,-55,5,14,-9,57.17225434,49.53786431,7.634390037,-64,-55,-9,0.05,-0.61,0.66,FALSE
31,56,female,17,old,a,0,1.6749999999999543,80,72,-12,88,45,-2,46.66666667,43.66666667,3,41.61196409,36.7544404,4.857523695,-12,-2,-10,-0.69,-0.05,-0.64,FALSE
31,56,female,18,old,a,0,1.207399999998529,68,25,-12,60,2,-8,27,18,9,32.69046752,29.97776954,2.712697979,-12,-8,-4,0.09,0.65,-0.56,FALSE
31,56,female,19,old,b,1,2.3617999999970607,53,8,-34,41,23,-28,9,12,-3,35.52463934,29.22327839,6.301360944,-34,-28,-6,0.04,-0.51,0.55,FALSE
31,56,female,20,old,a,0,4.7650999999940495,93,64,-10,95,40,-6,49,43,6,43.36665386,41.28760912,2.079044738,-10,-6,-4,-0.48,0.11,-0.59,FALSE
31,56,female,21,old,a,0,3.22760000000153,74,43,-22,76,14,-13,31.66666667,25.66666667,6,40.00277768,37.25885428,2.743923402,-22,-13,-9,-0.4,0.44,-0.84,FALSE
31,56,female,22,old,a,0,2.21639999999843,80,10,-63,59,46,-60,9,15,-6,58.3837877,53.2979049,5.085882805,-63,-60,-3,-0.03,-0.68,0.65,FALSE
31,56,female,23,old,a,0,1.9243999999985133,90,44,-48,88,16,-45,28.66666667,19.66666667,9,57.37207993,54.3588897,3.013190235,-48,-45,-3,-0.38,0.1,-0.48,FALSE
31,56,female,24,old,a,0,2.4914999999999736,83,23,-56,70,49,-51,16.66666667,22.66666667,-6,56.92294987,52.7909925,4.131957375,-56,-51,-5,-0.17,-0.62,0.45,FALSE
31,56,female,25,old,b,1,3.319299999996929,55,15,-13,42,31,-7,19,22,-3,27.90459938,20.99206199,6.91253739,-13,-7,-6,0.21,-0.56,0.77,FALSE
31,56,female,26,old,a,0,1.4987000000030548,99,35,-16,88,50,-11,39.33333333,42.33333333,-3,47.0484384,40.77853466,6.269903738,-16,-11,-5,0.14,-0.28,0.42,FALSE
31,56,female,27,old,a,0,1.424100000001545,91,54,-88,96,14,-80,19,10,9,77.1535266,71.90734779,5.246178806,-88,-80,-8,-0.59,-0.08,-0.51,FALSE
31,56,female,28,old,a,0,1.5667000000030384,91,81,-24,99,44,-22,49.33333333,40.33333333,9,52.01495511,49.46603773,2.548917383,-24,-22,-2,-0.69,-0.11,-0.58,FALSE
31,56,female,29,old,a,0,1.022700000002942,63,2,-47,49,23,-45,6,9,-3,44.99629614,39.63163719,5.36465895,-47,-45,-2,0.13,-0.49,0.62,FALSE
31,56,female,30,old,b,1,0.9921999999955916,84,27,-36,73,4,-29,25,16,9,49.01020302,42.49705872,6.513144298,-36,-29,-7,-0.06,0.4,-0.46,FALSE
31,56,female,31,old,a,0,1.4054000000058977,83,50,-11,85,29,-1,40.66666667,37.66666667,3,38.93869826,35.64017708,3.298521182,-11,-1,-10,-0.35,0.35,-0.7,FALSE
31,56,female,33,old,a,0,0.980599999993956,88,33,-10,73,59,-3,37,43,-6,40.10818703,33.02524287,7.082944157,-10,-3,-7,0.15,-0.61,0.76,FALSE
31,56,female,34,old,a,0,1.1947000000029675,66,31,-13,68,19,-3,28,28,0,32.3213036,29.67602849,2.645275119,-13,-3,-10,-0.14,0.43,-0.57,FALSE
31,56,female,35,old,a,0,1.19860000000142,80,2,-60,69,30,-50,7.333333333,16.33333333,-9,57.27904406,49.5333782,7.745665868,-60,-50,-10,0.14,-0.39,0.53,FALSE
31,56,female,36,old,a,0,1.0596000000015238,93,31,-8,70,68,-4,38.66666667,44.66666667,-6,41.5879256,34.42221505,7.165710549,-8,-4,-4,0.27,-0.71,0.98,FALSE
31,56,female,37,old,b,1,1.052500000000009,64,24,-23,50,35,-20,21.66666667,21.66666667,0,35.55590278,30.09245014,5.463452634,-23,-20,-3,-0.1,-0.58,0.48,FALSE
31,56,female,38,old,a,0,1.6400999999940495,81,24,-16,74,4,-7,29.66666667,23.66666667,6,39.80228916,35.8732336,3.929055559,-16,-7,-9,0.21,0.66,-0.45,FALSE
31,56,female,39,old,a,0,1.3282999999969434,53,9,-17,37,30,-13,15,18,-3,28.89059824,22.10580618,6.784792065,-17,-13,-4,0.3,-0.65,0.95,FALSE
31,56,female,40,old,a,0,2.039899999998511,91,67,-10,95,46,-2,49.33333333,46.33333333,3,43.08389748,39.60078563,3.483111855,-10,-2,-8,-0.55,0.01,-0.56,FALSE
31,56,female,41,old,a,0,2.363800000004403,70,12,-66,45,34,-63,5.333333333,5.333333333,0,55.72152985,48.52719741,7.194332436,-66,-63,-3,-0.18,-0.68,0.5,FALSE
31,56,female,42,old,b,1,0.8555000000000064,91,75,-12,94,55,-4,51.33333333,48.33333333,3,45.25728916,40.28509512,4.97219404,-12,-4,-8,-0.64,-0.24,-0.4,FALSE
31,56,female,0,new,a,0,5.886000000000081,89,36,-51,98,7,-49,24.66666667,18.66666667,6,57.71385353,60.5768566,-2.863003074,-51,-49,-2,-0.29,0.28,-0.57,FALSE
31,56,female,1,new,b,1,6.112600000001407,54,34,-67,84,8,-62,7,10,-3,52.95910372,59.62102537,-6.661921656,-67,-62,-5,-0.63,0.05,-0.68,FALSE
31,56,female,2,new,a,0,2.24729999999704,85,51,-7,92,14,-4,43,34,9,37.98245209,41.66533331,-3.682881223,-7,-4,-3,-0.31,0.61,-0.92,FALSE
31,56,female,3,new,b,1,1.4862999999970723,32,24,-44,60,15,-36,4,13,-9,34.09789827,39.2173431,-5.119444829,-44,-36,-8,-0.68,-0.08,-0.6,FALSE
31,56,female,4,new,b,1,1.1763999999984662,66,47,-58,95,21,-52,18.33333333,21.33333333,-3,54.53031777,60.01296156,-5.482643798,-58,-52,-6,-0.64,0.01,-0.65,FALSE
31,56,female,5,new,a,0,2.104600000001483,72,42,-20,78,6,-17,31.33333333,22.33333333,9,38.30868773,40.46672158,-2.158033852,-20,-17,-3,-0.4,0.54,-0.94,FALSE
31,56,female,6,new,b,1,1.4607999999969934,44,31,-57,70,16,-50,6,12,-6,44.86275367,49.07137659,-4.208622918,-57,-50,-7,-0.66,-0.12,-0.54,FALSE
31,56,female,7,new,b,1,1.5037999999969998,44,36,-47,66,12,-45,11,11,0,41.14203041,45.32107677,-4.17904636,-47,-45,-2,-0.69,-0.03,-0.66,FALSE
31,56,female,8,new,b,1,1.1987000000029866,86,41,-34,96,4,-25,31,25,6,49.49747468,51.58165048,-2.084175801,-34,-25,-9,-0.29,0.54,-0.83,FALSE
31,56,female,9,new,b,1,3.4541000000015174,79,50,-10,95,17,-2,39.66666667,36.66666667,3,37.06151043,41.97088938,-4.90937895,-10,-2,-8,-0.4,0.6,-1,FALSE
31,56,female,10,new,b,1,3.091700000003016,37,15,-44,59,10,-34,2.666666667,11.66666667,-9,34.19876541,37.9853773,-3.786611894,-44,-34,-10,-0.49,0.07,-0.56,FALSE
31,56,female,11,new,b,1,1.743100000001391,62,44,-43,91,27,-37,21,27,-6,45.84757355,52.25578118,-6.408207634,-43,-37,-6,-0.63,0,-0.63,FALSE
31,56,female,12,new,b,1,1.205900000005954,31,25,-52,57,4,-48,1.333333333,4.333333333,-3,37.79182745,42.86671851,-5.074891054,-52,-48,-4,-0.69,0.01,-0.7,FALSE
31,56,female,13,new,b,1,1.5173000000044112,49,45,-36,87,24,-26,19.33333333,28.33333333,-9,39.16063783,46.23370584,-7.073068005,-36,-26,-10,-0.7,0.14,-0.84,FALSE
31,56,female,14,new,b,1,15.583200000002876,73,53,-41,99,7,-39,28.33333333,22.33333333,6,49.70133019,57.37207993,-7.670749745,-41,-39,-2,-0.62,0.38,-1,FALSE
31,56,female,15,new,b,1,1.6224999999999454,59,30,-17,77,20,-7,24,30,-6,31.31559782,35.0142828,-3.698684983,-17,-7,-10,-0.28,0.41,-0.69,FALSE
31,56,female,16,new,b,1,1.841000000000008,56,21,-48,76,2,-40,9.666666667,12.66666667,-3,43.20750964,47.95368136,-4.74617172,-48,-40,-8,-0.38,0.32,-0.7,FALSE
31,56,female,17,new,a,0,2.610700000003021,75,48,-36,95,7,-33,29,23,6,47.26520919,53.46650042,-6.201291223,-36,-33,-3,-0.54,0.42,-0.96,FALSE
31,56,female,18,new,b,1,4.623299999997016,72,24,-83,93,6,-77,4.333333333,7.333333333,-3,64.78854494,69.40861298,-4.620068037,-83,-77,-6,-0.43,0.03,-0.46,FALSE
31,56,female,19,new,b,1,0.9928000000045358,42,23,-11,63,18,-9,18,24,-6,21.92411154,29.69848481,-7.774373273,-11,-9,-2,-0.33,0.29,-0.62,FALSE
31,56,female,20,new,a,0,0.797899999998549,73,45,-52,99,1,-43,22,19,3,53.55993528,59.35205697,-5.792121696,-52,-43,-9,-0.56,0.43,-0.99,FALSE
31,56,female,21,new,a,0,2.2271999999954915,80,38,-19,90,6,-15,33,27,6,40.57092555,45.36518489,-4.794259339,-19,-15,-4,-0.18,0.6,-0.78,FALSE
31,56,female,22,new,a,0,1.4721999999956097,78,57,-50,98,6,-46,28.33333333,19.33333333,9,56.04958123,59.5389695,-3.489388273,-50,-46,-4,-0.63,0.32,-0.95,FALSE
31,56,female,23,new,b,1,1.3262000000029277,58,27,-46,74,5,-40,13,13,0,43.59663596,46.88283268,-3.286196723,-46,-40,-6,-0.45,0.25,-0.7,FALSE
31,56,female,24,new,a,0,2.765700000002994,69,45,-22,90,19,-17,30.66666667,30.66666667,0,38.50829636,44.45472103,-5.94642467,-22,-17,-5,-0.51,0.38,-0.89,FALSE
31,56,female,25,new,b,1,1.9814999999999827,73,23,-91,92,2,-89,1.666666667,1.666666667,0,68.63105873,73.89331649,-5.262257764,-91,-89,-2,-0.44,-0.01,-0.43,FALSE
31,56,female,26,new,b,1,0.914799999997058,53,40,-78,88,6,-70,5,8,-3,58.92933621,64.51873113,-5.589394916,-78,-70,-8,-0.68,0.05,-0.73,FALSE
31,56,female,27,new,b,1,1.080799999996998,38,36,-51,71,20,-41,7.666666667,16.66666667,-9,41.49163236,45.78451946,-4.292887105,-51,-41,-10,-0.71,-0.11,-0.6,FALSE
31,56,female,28,new,b,1,1.0188000000043758,47,44,-54,78,9,-50,12.33333333,12.33333333,0,46.92073695,52.3089115,-5.388174553,-54,-50,-4,-0.7,0.1,-0.8,FALSE
31,56,female,29,new,b,1,1.489699999995537,68,52,-62,94,9,-54,19.33333333,16.33333333,3,57.88110419,60.64285247,-2.761748279,-62,-54,-8,-0.67,0.18,-0.85,FALSE
31,56,female,30,new,b,1,1.688100000001441,38,17,-31,62,16,-27,8,17,-9,28.87905816,36.34097779,-7.461919633,-31,-27,-4,-0.44,0.04,-0.48,FALSE
31,56,female,31,new,b,1,1.0708000000045104,88,50,-27,96,11,-23,37,28,9,47.84001115,50.04664491,-2.206633761,-27,-23,-4,-0.39,0.47,-0.86,FALSE
31,56,female,32,new,b,1,1.0154999999999743,45,26,-62,73,18,-55,3,12,-9,46.61187259,52.42772803,-5.815855439,-62,-55,-7,-0.62,-0.17,-0.45,FALSE
31,56,female,33,new,b,1,0.840300000004504,69,50,-40,89,13,-32,26.33333333,23.33333333,3,47.54179448,49.93551397,-2.393719493,-40,-32,-8,-0.62,0.3,-0.92,FALSE
31,56,female,34,new,a,0,0.7497999999969807,80,48,-26,89,7,-21,34,25,9,44.39219151,46.6761895,-2.283997999,-26,-21,-5,-0.44,0.52,-0.96,FALSE
31,56,female,35,new,a,0,3.639499999999998,71,38,-70,91,1,-62,13,10,3,60.21627687,62.78534861,-2.56907174,-70,-62,-8,-0.55,0.21,-0.76,FALSE
31,56,female,36,new,b,1,3.0136000000014747,54,51,-50,87,14,-46,18.33333333,18.33333333,0,48.33448274,54.3834125,-6.048929759,-50,-46,-4,-0.71,0.12,-0.83,FALSE
31,56,female,37,new,b,1,2.116700000002993,68,60,-38,99,37,-28,30,36,-6,48.19405219,51.85235449,-3.658302303,-38,-28,-10,-0.69,-0.03,-0.66,FALSE
31,56,female,38,new,a,0,1.833799999997041,82,49,-19,98,16,-11,37.33333333,34.33333333,3,42.05023451,46.34891824,-4.298683734,-19,-11,-8,-0.39,0.53,-0.92,FALSE
31,56,female,39,new,a,0,0.801300000004403,43,31,-49,75,8,-40,8.333333333,14.33333333,-6,40.83571422,47.16166051,-6.325946295,-49,-40,-9,-0.66,0.2,-0.86,FALSE
31,56,female,40,new,a,0,0.925200000002974,87,54,-16,96,14,-12,41.66666667,32.66666667,9,42.94440851,46.02414825,-3.079739742,-16,-12,-4,-0.41,0.54,-0.95,FALSE
31,56,female,41,new,a,0,1.7098000000045204,86,32,-13,90,5,-8,35,29,6,40.47221269,43.45879274,-2.986580053,-13,-8,-5,0.11,0.66,-0.55,FALSE
31,56,female,0,old,a,0,1.3310999999940805,74,5,-55,57,19,-52,8,8,0,52.70673581,45.17373868,7.532997129,-55,-52,-3,0.09,-0.35,0.44,FALSE
31,56,female,1,old,b,1,0.9680000000000746,48,3,-24,46,23,-15,9,18,-9,29.69848481,25.15286597,4.545618837,-24,-15,-9,0.29,-0.29,0.58,FALSE
31,56,female,2,old,a,0,1.008599999993976,78,43,-10,60,54,-3,37,37,0,36.17549815,28.39013913,7.785359021,-10,-3,-7,-0.24,-0.68,0.44,FALSE
31,56,female,3,old,a,0,1.0246000000015556,77,69,-21,82,39,-14,41.66666667,35.66666667,6,44.43222054,39.26264835,5.16957219,-21,-14,-7,-0.69,-0.13,-0.56,FALSE
31,56,female,4,old,b,1,0.90949999999998,48,21,-20,41,36,-10,16.33333333,22.33333333,-6,27.95631513,22.9540604,5.002254727,-20,-10,-10,-0.25,-0.68,0.43,FALSE
31,56,female,5,old,a,0,1.461900000005926,46,30,-55,47,6,-50,7,1,6,44.32456054,39.75759885,4.566961681,-55,-50,-5,-0.64,-0.19,-0.45,FALSE
31,56,female,6,old,a,0,1.805399999998485,79,16,-61,58,42,-57,11.33333333,14.33333333,-3,57.24993935,50.86146762,6.388471726,-61,-57,-4,-0.12,-0.65,0.53,FALSE
31,56,female,7,old,a,0,1.9921000000014144,85,24,-45,67,54,-39,21.33333333,27.33333333,-6,53.10576449,47.20404879,5.901715701,-45,-39,-6,-0.08,-0.67,0.59,FALSE
31,56,female,8,old,a,0,1.6589999999999918,57,19,-12,42,29,-7,21.33333333,21.33333333,0,28.21740991,20.72572208,7.491687838,-12,-7,-5,0.12,-0.5,0.62,FALSE
31,56,female,9,old,a,0,1.9483999999985144,91,79,-11,99,39,-6,53,44,9,45.51922671,43.01162634,2.507600372,-11,-6,-5,-0.67,0.17,-0.84,FALSE
31,56,female,10,old,a,0,2.061899999998559,98,42,-26,70,68,-24,38,38,0,50.70174224,43.84822307,6.853519172,-26,-24,-2,-0.12,-0.71,0.59,FALSE
31,56,female,11,old,a,0,3.009899999998538,98,58,-16,96,41,-6,46.66666667,43.66666667,3,47.22522866,41.6839964,5.541232266,-16,-6,-10,-0.35,0.1,-0.45,FALSE
31,56,female,12,old,a,0,2.010099999994054,64,62,-48,70,29,-39,26,20,6,52.33227175,44.95182607,7.380445685,-48,-39,-9,-0.71,-0.29,-0.42,FALSE
31,56,female,13,old,a,0,0.9108999999984916,74,21,-46,56,42,-40,16.33333333,19.33333333,-3,49.10080334,42.34251869,6.758284654,-46,-40,-6,-0.14,-0.65,0.51,FALSE
31,56,female,14,old,a,0,1.7370999999940295,65,57,-40,69,18,-32,27.33333333,18.33333333,9,47.72374205,41.23375101,6.489991045,-40,-32,-8,-0.69,0.01,-0.7,FALSE
31,56,female,15,old,a,0,2.1124999999999545,53,40,-11,50,25,-2,27.33333333,24.33333333,3,27.62044331,21.23414441,6.386298903,-11,-2,-9,-0.59,-0.05,-0.54,FALSE
31,56,female,16,old,b,1,1.0136000000014749,63,16,-47,44,40,-43,10.66666667,13.66666667,-3,45.0653846,40.10264608,4.962738522,-47,-43,-4,-0.18,-0.7,0.52,FALSE
31,56,female,17,old,a,0,1.28910000000144,80,43,-35,75,18,-32,29.33333333,20.33333333,9,47.93282336,43.71371511,4.219108251,-35,-32,-3,-0.4,0.08,-0.48,FALSE
31,56,female,18,old,a,0,1.2742000000029066,91,22,-54,72,61,-47,19.66666667,28.66666667,-9,59.21899095,53.69254035,5.526450601,-54,-47,-7,-0.06,-0.68,0.62,FALSE
31,56,female,19,old,a,0,0.8812000000029911,87,78,-16,94,52,-6,49.66666667,46.66666667,3,46.57848812,40.99864496,5.579843156,-16,-6,-10,-0.69,-0.19,-0.5,FALSE
31,56,female,20,old,b,1,0.7990000000000919,56,8,-52,40,33,-43,4,10,-6,44.18144407,37.58545818,6.595985888,-52,-43,-9,-0.14,-0.69,0.55,FALSE
31,56,female,21,old,a,0,1.1341000000014674,61,12,-35,44,34,-31,12.66666667,15.66666667,-3,39.19467084,33.24989557,5.944775267,-35,-31,-4,0.03,-0.66,0.69,FALSE
31,56,female,22,old,b,1,1.208199999995486,79,63,-12,80,36,-4,43.33333333,37.33333333,6,39.6680672,34.30581421,5.362252988,-12,-4,-8,-0.62,0.06,-0.68,FALSE
31,56,female,24,old,b,1,2.373499999999922,79,13,-40,74,33,-37,17.33333333,23.33333333,-6,48.67808085,45.82818153,2.849899325,-40,-37,-3,0.13,-0.31,0.44,FALSE
31,56,female,25,old,a,0,0.7842000000030112,46,32,-39,42,9,-30,13,7,6,37.21110945,29.42787794,7.783231513,-39,-30,-9,-0.63,-0.1,-0.53,FALSE
31,56,female,26,old,a,0,1.242700000002969,82,31,-53,64,62,-48,20,26,-6,55.6596802,52.33227175,3.327408449,-53,-48,-5,-0.29,-0.71,0.42,FALSE
31,56,female,27,old,a,0,1.539600000001542,96,19,-78,77,43,-74,12.33333333,15.33333333,-3,71.19144768,64.67525716,6.516190515,-78,-74,-4,-0.14,-0.56,0.42,FALSE
31,56,female,28,old,a,0,1.5132999999971162,59,9,-67,40,31,-61,0.333333333,3.333333333,-3,51.80304581,45.63867755,6.164368259,-67,-61,-6,-0.25,-0.69,0.44,FALSE
31,56,female,29,old,b,1,1.1313999999985072,73,52,-43,84,13,-33,27.33333333,21.33333333,6,50.4667107,48.12714642,2.339564283,-43,-33,-10,-0.62,0.25,-0.87,FALSE
31,56,female,30,old,b,1,0.8776000000015074,65,13,-18,61,36,-10,20,29,-9,34.24422092,29.40521496,4.839005967,-18,-10,-8,0.3,-0.34,0.64,FALSE
31,56,female,31,old,a,0,1.432700000003024,79,40,-26,73,13,-20,31,22,9,43.33589736,38.49675311,4.83914425,-26,-20,-6,-0.3,0.34,-0.64,FALSE
31,56,female,32,old,b,1,1.5077000000029557,79,64,-29,81,28,-22,38,29,9,47.77028365,42.05551886,5.714764789,-29,-22,-7,-0.66,0.04,-0.7,FALSE
31,56,female,33,old,a,0,1.4913000000044576,85,68,-15,91,43,-5,46,43,3,43.68828981,39.19183588,4.496453927,-15,-5,-10,-0.63,0,-0.63,FALSE
31,56,female,34,old,b,1,1.209600000001501,60,5,-41,53,30,-32,8,17,-9,41.28760912,35.89800366,5.389605459,-41,-32,-9,0.11,-0.5,0.61,FALSE
31,56,female,35,old,a,0,3.1580000000000155,57,44,-13,53,29,-3,29.33333333,26.33333333,3,30.40102337,22.93953405,7.461489329,-13,-3,-10,-0.61,-0.17,-0.44,FALSE
31,56,female,36,old,a,0,2.1575000000000277,70,51,-43,75,10,-34,26,17,9,49.40310382,44.77350407,4.629599747,-43,-34,-9,-0.63,0.23,-0.86,FALSE
31,56,female,37,old,b,1,1.8229000000060296,82,11,-76,60,51,-67,5.666666667,14.66666667,-9,64.61338011,57.86382482,6.749555292,-76,-67,-9,-0.12,-0.69,0.57,FALSE
31,56,female,38,old,a,0,1.6580000000000157,70,57,-28,78,40,-19,33,33,0,43.45879274,39.90822806,3.550564686,-28,-19,-9,-0.66,-0.26,-0.4,FALSE
31,56,female,39,old,a,0,1.6458999999985051,92,2,-70,66,50,-65,8,17,-9,66.2721661,58.34952156,7.92264454,-70,-65,-5,0.14,-0.67,0.81,FALSE
31,56,female,40,old,b,1,1.5712000000030455,58,38,-11,53,25,-2,28.33333333,25.33333333,3,28.98658694,22.45489306,6.531693879,-11,-2,-9,-0.46,0.02,-0.48,FALSE
31,56,female,41,old,b,1,1.8595000000000252,99,52,-13,90,75,-9,46,52,-6,45.92022067,43.56604182,2.354178852,-13,-9,-4,-0.19,-0.64,0.45,FALSE
31,56,female,42,old,a,0,1.7042999999970334,53,8,-35,40,19,-33,8.666666667,8.666666667,0,35.92894222,30.68477726,5.244164957,-35,-33,-2,0.03,-0.47,0.5,FALSE
32,33,female,0,new,a,0,35.277699999988045,59,53,-70,91,2,-60,14,11,3,59.44745579,61.97311245,-2.525656659,-70,-60,-10,-0.7,0.21,-0.91,FALSE
32,33,female,1,new,a,0,5.025799999952312,73,35,-13,82,8,-4,31.66666667,28.66666667,3,35.18838192,38.02922853,-2.840846604,-13,-4,-9,-0.14,0.65,-0.79,FALSE
32,33,female,2,new,b,1,3.8431999999880873,63,62,-52,88,34,-49,24.33333333,24.33333333,0,53.97736151,56.34615239,-2.368790878,-52,-49,-3,-0.71,-0.25,-0.46,FALSE
32,33,female,3,new,a,0,4.760500000000036,67,34,-14,82,3,-7,29,26,3,33.2565783,39.80787192,-6.551293622,-14,-7,-7,-0.22,0.67,-0.89,FALSE
32,33,female,4,new,a,0,8.308499999999981,60,59,-71,98,2,-61,16,13,3,61.51964456,65.37583651,-3.856191956,-71,-61,-10,-0.71,0.25,-0.96,FALSE
32,33,female,5,new,a,0,30.18740000003578,72,24,-26,91,16,-19,23.33333333,29.33333333,-6,40.01110957,45.88633299,-5.875223425,-26,-19,-7,-0.02,0.41,-0.43,FALSE
32,33,female,6,new,a,0,17.24000000000001,73,32,-44,95,17,-42,20.33333333,23.33333333,-3,48.47221426,56.10902086,-7.6368066,-44,-42,-2,-0.35,0.17,-0.52,FALSE
32,33,female,7,new,b,1,6.94199999999995,62,55,-78,93,7,-70,13,10,3,64.41014413,66.57827473,-2.168130606,-78,-70,-8,-0.7,0.07,-0.77,FALSE
32,33,female,8,new,b,1,3.859700000047667,59,17,-45,75,4,-39,10.33333333,13.33333333,-3,42.71871825,47.00590979,-4.287191544,-45,-39,-6,-0.23,0.29,-0.52,FALSE
32,33,female,9,new,b,1,3.241599999964194,58,27,-28,78,17,-20,19,25,-6,35.56215217,40.40627014,-4.844117975,-28,-20,-8,-0.33,0.29,-0.62,FALSE
32,33,female,10,new,a,0,14.440699999988055,86,35,-10,92,6,-5,37,31,6,39.2173431,43.36665386,-4.149310754,-10,-5,-5,0.08,0.67,-0.59,FALSE
32,33,female,11,new,a,0,11.191300000011893,57,33,-39,75,10,-34,17,17,0,40.79215611,44.77350407,-3.981347961,-39,-34,-5,-0.53,0.23,-0.76,FALSE
32,33,female,12,new,a,0,3.626699999988091,83,52,-36,96,9,-33,33,24,9,50.4050262,53.72150407,-3.31647787,-36,-33,-3,-0.51,0.4,-0.91,FALSE
32,33,female,13,new,b,1,2.5101999999881173,41,39,-29,73,26,-21,17,26,-9,32.53715825,38.3753393,-5.838181059,-29,-21,-8,-0.71,0,-0.71,FALSE
32,33,female,14,new,a,0,2.6920000000000077,76,38,-12,82,9,-7,34,28,6,36.037018,38.73843914,-2.701421131,-12,-7,-5,-0.17,0.62,-0.79,FALSE
32,33,female,15,new,b,1,4.442100000023856,75,60,-69,99,6,-66,22,13,9,64.63745044,67.54257916,-2.905128718,-69,-66,-3,-0.68,0.15,-0.83,FALSE
32,33,female,16,new,b,1,6.259800000011921,56,49,-15,84,31,-7,30,36,-6,31.94787421,37.31844941,-5.370575202,-15,-7,-8,-0.68,0.2,-0.88,FALSE
32,33,female,17,new,b,1,8.275899999976161,51,25,-16,72,5,-8,20,23,-3,27.58018612,35.05234181,-7.47215569,-16,-8,-8,-0.27,0.63,-0.9,FALSE
32,33,female,18,new,b,1,7.824699999988127,76,31,-39,96,19,-29,22.66666667,28.66666667,-6,47.31689856,51.48678363,-4.169885078,-39,-29,-10,-0.26,0.28,-0.54,FALSE
32,33,female,19,new,b,1,3.126399999976172,56,39,-80,86,11,-73,5,8,-3,60.50344343,64.94613152,-4.442688096,-80,-73,-7,-0.67,-0.07,-0.6,FALSE
32,33,female,20,new,a,0,4.0434999999999945,83,36,-11,86,2,-7,36,27,9,38.3753393,41.88078318,-3.505443879,-11,-7,-4,0,0.68,-0.68,FALSE
32,33,female,21,new,b,1,5.3421000000238905,40,34,-14,62,29,-4,20,29,-9,24.16609195,26.94438717,-2.778295223,-14,-4,-10,-0.67,0,-0.67,FALSE
32,33,female,22,new,a,0,11.473199999988084,65,61,-27,97,23,-21,33,33,0,42.45782221,48.68949236,-6.231670156,-27,-21,-6,-0.7,0.3,-1,FALSE
32,33,female,23,new,b,1,9.092899999976169,62,41,-30,88,24,-21,24.33333333,30.33333333,-6,39.36439452,44.723844,-5.359449486,-30,-21,-9,-0.56,0.21,-0.77,FALSE
32,33,female,24,new,b,1,5.02430000001192,45,40,-49,77,30,-44,12,21,-9,43.18178628,49.80629144,-6.624505153,-49,-44,-5,-0.7,-0.27,-0.43,FALSE
32,33,female,25,new,b,1,11.807999999999993,71,36,-38,93,11,-35,23,23,0,45.43860326,52.94021786,-7.501614591,-38,-35,-3,-0.41,0.33,-0.74,FALSE
32,33,female,26,new,b,1,1.2778000000118936,82,33,-22,91,7,-14,31,28,3,42.48136847,45.36518489,-2.883816424,-22,-14,-8,-0.07,0.6,-0.67,FALSE
32,33,female,27,new,b,1,1.8272000000476964,66,55,-73,97,23,-63,16,19,-3,63.09252465,65.38093504,-2.28841039,-73,-63,-10,-0.69,-0.09,-0.6,FALSE
32,33,female,28,new,a,0,5.043000000000006,61,33,-4,66,7,-1,30,24,6,26.62079388,29.87752779,-3.25673391,-4,-1,-3,-0.17,0.67,-0.84,FALSE
32,33,female,29,new,b,1,3.243000000000052,65,35,-38,81,15,-34,20.66666667,20.66666667,0,43.25377312,47.1192341,-3.865460983,-38,-34,-4,-0.46,0.18,-0.64,FALSE
32,33,female,30,new,a,0,3.1593999999762445,94,45,-8,97,10,-3,43.66666667,34.66666667,9,41.65199742,44.39469438,-2.74269696,-8,-3,-5,-0.05,0.66,-0.71,FALSE
32,33,female,31,new,a,0,2.8266999999880227,85,45,-46,95,4,-42,28,19,9,54.81483984,56.92685365,-2.112013812,-46,-42,-4,-0.44,0.38,-0.82,FALSE
32,33,female,33,new,a,0,5.543400000035717,74,56,-98,99,2,-96,10.66666667,1.666666667,9,77.18952145,79.60876557,-2.4192441160000002,-98,-96,-2,-0.68,-0.01,-0.67,FALSE
32,33,female,34,new,b,1,3.827199999988125,59,34,-23,76,30,-18,23.33333333,29.33333333,-6,34.31552936,38.37823457,-4.062705208,-23,-18,-5,-0.44,-0.03,-0.41,FALSE
32,33,female,35,new,b,1,6.65949999999998,35,19,-36,66,5,-26,6,15,-9,30.40833219,38.21866909,-7.810336894,-36,-26,-10,-0.56,0.37,-0.93,FALSE
32,33,female,36,new,b,1,3.07730000001186,82,41,-36,94,3,-28,29,23,6,48.91489207,51.77515492,-2.860262842,-36,-28,-8,-0.35,0.52,-0.87,FALSE
32,33,female,37,new,a,0,1.8936000000238664,75,51,-33,96,10,-31,31,25,6,46.30334761,52.92132525,-6.617977643,-33,-31,-2,-0.57,0.4,-0.97,FALSE
32,33,female,38,new,b,1,2.8101000000237946,74,29,-58,96,13,-55,15,18,-3,54.79051013,61.74679479,-6.956284661,-58,-55,-3,-0.37,0.12,-0.49,FALSE
32,33,female,39,new,b,1,9.840699999988146,62,43,-86,99,27,-80,6.333333333,15.33333333,-9,65.74867975,73.54061614,-7.79193639,-86,-80,-6,-0.66,-0.23,-0.43,FALSE
32,33,female,40,new,a,0,3.5770999999642754,70,31,-60,87,5,-51,13.66666667,13.66666667,0,54.46915539,56.6705881,-2.20143271,-60,-51,-9,-0.45,0.23,-0.68,FALSE
32,33,female,41,new,a,0,20.42450000000008,84,38,-47,98,2,-43,25,19,6,54.26478293,58.80476171,-4.53997878,-47,-43,-4,-0.35,0.41,-0.76,FALSE
32,33,female,42,new,b,1,5.276599999964333,67,58,-29,93,49,-19,32,41,-9,43.28972164,46.07240678,-2.782685138,-29,-19,-10,-0.68,-0.26,-0.42,FALSE
32,33,female,0,old,a,0,4.682399999976155,84,27,-36,73,4,-29,25,16,9,49.01020302,42.49705872,6.513144298,-36,-29,-7,-0.06,0.4,-0.46,FALSE
32,33,female,1,old,a,0,2.70980000001191,80,72,-12,88,45,-2,46.66666667,43.66666667,3,41.61196409,36.7544404,4.857523695,-12,-2,-10,-0.69,-0.05,-0.64,FALSE
32,33,female,2,old,b,1,2.810399999976198,83,23,-56,70,49,-51,16.66666667,22.66666667,-6,56.92294987,52.7909925,4.131957375,-56,-51,-5,-0.17,-0.62,0.45,FALSE
32,33,female,4,old,a,0,2.175099999964232,99,35,-16,88,50,-11,39.33333333,42.33333333,-3,47.0484384,40.77853466,6.269903738,-16,-11,-5,0.14,-0.28,0.42,FALSE
32,33,female,5,old,b,1,4.043700000047693,63,2,-47,49,23,-45,6,9,-3,44.99629614,39.63163719,5.36465895,-47,-45,-2,0.13,-0.49,0.62,FALSE
32,33,female,6,old,b,1,3.7930000000000064,93,64,-10,95,40,-6,49,43,6,43.36665386,41.28760912,2.079044738,-10,-6,-4,-0.48,0.11,-0.59,FALSE
32,33,female,7,old,a,0,9.926000000000045,95,48,-30,71,67,-25,37.66666667,37.66666667,0,51.55148451,44.3421044,7.209380118,-30,-25,-5,-0.29,-0.7,0.41,FALSE
32,33,female,8,old,a,0,17.757300000011924,83,50,-11,85,29,-1,40.66666667,37.66666667,3,38.93869826,35.64017708,3.298521182,-11,-1,-10,-0.35,0.35,-0.7,FALSE
32,33,female,9,old,a,0,3.026300000011929,88,33,-10,73,59,-3,37,43,-6,40.10818703,33.02524287,7.082944157,-10,-3,-7,0.15,-0.61,0.76,FALSE
32,33,female,10,old,b,1,4.526900000035766,76,3,-64,59,38,-55,5,14,-9,57.17225434,49.53786431,7.634390037,-64,-55,-9,0.05,-0.61,0.66,FALSE
32,33,female,11,old,b,1,2.843499999999949,70,12,-66,45,34,-63,5.333333333,5.333333333,0,55.72152985,48.52719741,7.194332436,-66,-63,-3,-0.18,-0.68,0.5,FALSE
32,33,female,12,old,b,1,3.726400000035824,98,41,-24,75,68,-19,38.33333333,41.33333333,-3,49.8419725,42.75771535,7.084257142,-24,-19,-5,-0.08,-0.69,0.61,FALSE
32,33,female,13,old,b,1,10.492900000035776,93,31,-8,70,68,-4,38.66666667,44.66666667,-6,41.5879256,34.42221505,7.165710549,-8,-4,-4,0.27,-0.71,0.98,FALSE
32,33,female,14,old,a,0,4.592999999999961,64,24,-23,50,35,-20,21.66666667,21.66666667,0,35.55590278,30.09245014,5.463452634,-23,-20,-3,-0.1,-0.58,0.48,FALSE
32,33,female,15,old,a,0,4.526399999976093,91,75,-12,94,55,-4,51.33333333,48.33333333,3,45.25728916,40.28509512,4.97219404,-12,-4,-8,-0.64,-0.24,-0.4,FALSE
32,33,female,16,old,a,0,4.760899999976118,91,67,-10,95,46,-2,49.33333333,46.33333333,3,43.08389748,39.60078563,3.483111855,-10,-2,-8,-0.55,0.01,-0.56,FALSE
32,33,female,17,old,b,1,5.210899999976164,77,25,-58,53,45,-54,14.66666667,14.66666667,0,55.59576323,48.66438351,6.93137972,-58,-54,-4,-0.27,-0.69,0.42,FALSE
32,33,female,18,old,a,0,2.610099999964177,99,51,-13,95,36,-3,45.66666667,42.66666667,3,45.87906809,40.28509512,5.59397297,-13,-3,-10,-0.17,0.24,-0.41,FALSE
32,33,female,19,old,a,0,2.8271999999881245,68,25,-12,60,2,-8,27,18,9,32.69046752,29.97776954,2.712697979,-12,-8,-4,0.09,0.65,-0.56,FALSE
32,33,female,20,old,a,0,3.877199999988079,92,60,-21,99,43,-11,43.66666667,43.66666667,0,47.55581516,44.90978611,2.646029045,-21,-11,-10,-0.47,0.02,-0.49,FALSE
32,33,female,21,old,a,0,5.460099999964314,97,58,-61,98,20,-51,31.33333333,22.33333333,9,67.20284386,60.85136719,6.351476665,-61,-51,-10,-0.53,0.06,-0.59,FALSE
32,33,female,22,old,a,0,5.510099999964268,74,43,-22,76,14,-13,31.66666667,25.66666667,6,40.00277768,37.25885428,2.743923402,-22,-13,-9,-0.4,0.44,-0.84,FALSE
32,33,female,23,old,a,0,2.7437000000477383,93,58,-8,94,41,-1,47.66666667,44.66666667,3,41.87547678,38.87015422,3.005322563,-8,-1,-7,-0.36,0.14,-0.5,FALSE
32,33,female,24,old,a,0,6.226399999976138,91,81,-24,99,44,-22,49.33333333,40.33333333,9,52.01495511,49.46603773,2.548917383,-24,-22,-2,-0.69,-0.11,-0.58,FALSE
32,33,female,25,old,b,1,3.327800000011848,67,19,-22,60,38,-16,21.33333333,27.33333333,-6,36.37153955,31.93048004,4.441059506,-22,-16,-6,0.1,-0.46,0.56,FALSE
32,33,female,26,old,a,0,4.376599999964128,81,24,-16,74,4,-7,29.66666667,23.66666667,6,39.80228916,35.8732336,3.929055559,-16,-7,-9,0.21,0.66,-0.45,FALSE
32,33,female,27,old,a,0,3.977100000023711,91,54,-88,96,14,-80,19,10,9,77.1535266,71.90734779,5.246178806,-88,-80,-8,-0.59,-0.08,-0.51,FALSE
32,33,female,28,old,a,0,3.461199999987912,56,42,-72,65,9,-66,8.666666667,2.666666667,6,57.32558087,53.66770185,3.657879018,-72,-66,-6,-0.68,-0.18,-0.5,FALSE
32,33,female,29,old,b,1,8.025799999952369,69,24,-23,60,43,-15,23.33333333,29.33333333,-6,37.56180093,32.10745846,5.454342465,-23,-15,-8,-0.03,-0.56,0.53,FALSE
32,33,female,30,old,b,1,4.327300000011974,80,2,-60,69,30,-50,7.333333333,16.33333333,-9,57.27904406,49.5333782,7.745665868,-60,-50,-10,0.14,-0.39,0.53,FALSE
32,33,female,31,old,b,1,5.809999999999945,80,10,-63,59,46,-60,9,15,-6,58.3837877,53.2979049,5.085882805,-63,-60,-3,-0.03,-0.68,0.65,FALSE
32,33,female,32,old,a,0,2.310399999976198,61,54,-82,79,11,-75,11,5,6,65.82299497,63.01322612,2.809768844,-82,-75,-7,-0.7,-0.14,-0.56,FALSE
32,33,female,33,old,b,1,5.243600000023889,67,11,-13,61,36,-5,21.66666667,30.66666667,-9,33.51948024,27.20702524,6.312455003,-13,-5,-8,0.45,-0.29,0.74,FALSE
32,33,female,34,old,b,1,6.175700000047527,55,15,-13,42,31,-7,19,22,-3,27.90459938,20.99206199,6.91253739,-13,-7,-6,0.21,-0.56,0.77,FALSE
32,33,female,35,old,a,0,20.073600000023816,88,17,-44,82,43,-37,20.33333333,29.33333333,-9,53.94029621,49.5333782,4.406918017,-44,-37,-7,0.09,-0.39,0.48,FALSE
32,33,female,36,old,a,0,1.59419999998795,75,4,-67,57,43,-61,4,13,-9,57.97125725,52.63712252,5.334134731,-67,-61,-6,0,-0.67,0.67,FALSE
32,33,female,37,old,a,0,3.4764999999999877,94,70,-40,98,38,-30,41.33333333,35.33333333,6,58.33999962,52.2897908,6.050208816,-40,-30,-10,-0.62,-0.08,-0.54,FALSE
32,33,female,38,old,b,1,4.610199999988254,53,9,-17,37,30,-13,15,18,-3,28.89059824,22.10580618,6.784792065,-17,-13,-4,0.3,-0.65,0.95,FALSE
32,33,female,39,old,a,0,4.87709999996423,53,8,-34,41,23,-28,9,12,-3,35.52463934,29.22327839,6.301360944,-34,-28,-6,0.04,-0.51,0.55,FALSE
32,33,female,40,old,b,1,1.1941000000238091,85,2,-81,57,52,-76,2,11,-9,67.76921622,61.55214591,6.217070303,-81,-76,-5,0,-0.7,0.7,FALSE
32,33,female,41,old,a,0,2.526699999988068,90,44,-48,88,16,-45,28.66666667,19.66666667,9,57.37207993,54.3588897,3.013190235,-48,-45,-3,-0.38,0.1,-0.48,FALSE
32,33,female,42,old,a,0,3.610500000000002,66,31,-13,68,19,-3,28,28,0,32.3213036,29.67602849,2.645275119,-13,-3,-10,-0.14,0.43,-0.57,FALSE
32,33,female,0,new,b,1,19.80029999995236,89,36,-51,98,7,-49,24.66666667,18.66666667,6,57.71385353,60.5768566,-2.863003074,-51,-49,-2,-0.29,0.28,-0.57,FALSE
32,33,female,1,new,b,1,7.025399999976116,80,38,-19,90,6,-15,33,27,6,40.57092555,45.36518489,-4.794259339,-19,-15,-4,-0.18,0.6,-0.78,FALSE
32,33,female,2,new,b,1,4.960300000012012,56,21,-48,76,2,-40,9.666666667,12.66666667,-3,43.20750964,47.95368136,-4.74617172,-48,-40,-8,-0.38,0.32,-0.7,FALSE
32,33,female,3,new,a,0,4.609799999952429,82,49,-19,98,16,-11,37.33333333,34.33333333,3,42.05023451,46.34891824,-4.298683734,-19,-11,-8,-0.39,0.53,-0.92,FALSE
32,33,female,4,new,a,0,2.7595000000001164,80,48,-26,89,7,-21,34,25,9,44.39219151,46.6761895,-2.283997999,-26,-21,-5,-0.44,0.52,-0.96,FALSE
32,33,female,5,new,a,0,3.3106999999881737,69,45,-22,90,19,-17,30.66666667,30.66666667,0,38.50829636,44.45472103,-5.94642467,-22,-17,-5,-0.51,0.38,-0.89,FALSE
32,33,female,6,new,b,1,7.926500000000033,72,24,-83,93,6,-77,4.333333333,7.333333333,-3,64.78854494,69.40861298,-4.620068037,-83,-77,-6,-0.43,0.03,-0.46,FALSE
32,33,female,7,new,a,0,3.027399999976069,58,27,-46,74,5,-40,13,13,0,43.59663596,46.88283268,-3.286196723,-46,-40,-6,-0.45,0.25,-0.7,FALSE
32,33,female,8,new,b,1,37.07019999998806,45,26,-62,73,18,-55,3,12,-9,46.61187259,52.42772803,-5.815855439,-62,-55,-7,-0.62,-0.17,-0.45,FALSE
32,33,female,9,new,b,1,3.7934999999999945,71,38,-70,91,1,-62,13,10,3,60.21627687,62.78534861,-2.56907174,-70,-62,-8,-0.55,0.21,-0.76,FALSE
32,33,female,10,new,a,0,10.74189999997634,68,60,-38,99,37,-28,30,36,-6,48.19405219,51.85235449,-3.658302303,-38,-28,-10,-0.69,-0.03,-0.66,FALSE
32,33,female,11,new,a,0,17.457900000035806,73,45,-52,99,1,-43,22,19,3,53.55993528,59.35205697,-5.792121696,-52,-43,-9,-0.56,0.43,-0.99,FALSE
32,33,female,12,new,b,1,3.8270999999642754,47,44,-54,78,9,-50,12.33333333,12.33333333,0,46.92073695,52.3089115,-5.388174553,-54,-50,-4,-0.7,0.1,-0.8,FALSE
32,33,female,13,new,b,1,2.926800000012008,49,45,-36,87,24,-26,19.33333333,28.33333333,-9,39.16063783,46.23370584,-7.073068005,-36,-26,-10,-0.7,0.14,-0.84,FALSE
32,33,female,14,new,b,1,3.676799999952209,69,50,-40,89,13,-32,26.33333333,23.33333333,3,47.54179448,49.93551397,-2.393719493,-40,-32,-8,-0.62,0.3,-0.92,FALSE
32,33,female,15,new,a,0,19.94019999998818,78,57,-50,98,6,-46,28.33333333,19.33333333,9,56.04958123,59.5389695,-3.489388273,-50,-46,-4,-0.63,0.32,-0.95,FALSE
32,33,female,16,new,a,0,7.326300000011997,85,51,-7,92,14,-4,43,34,9,37.98245209,41.66533331,-3.682881223,-7,-4,-3,-0.31,0.61,-0.92,FALSE
32,33,female,17,new,a,0,4.193800000012061,54,51,-50,87,14,-46,18.33333333,18.33333333,0,48.33448274,54.3834125,-6.048929759,-50,-46,-4,-0.71,0.12,-0.83,FALSE
32,33,female,18,new,a,0,3.2439999999999145,87,54,-16,96,14,-12,41.66666667,32.66666667,9,42.94440851,46.02414825,-3.079739742,-16,-12,-4,-0.41,0.54,-0.95,FALSE
32,33,female,20,new,b,1,5.2934999999999945,43,31,-49,75,8,-40,8.333333333,14.33333333,-6,40.83571422,47.16166051,-6.325946295,-49,-40,-9,-0.66,0.2,-0.86,FALSE
32,33,female,21,new,a,0,2.31049999999982,73,53,-41,99,7,-39,28.33333333,22.33333333,6,49.70133019,57.37207993,-7.670749745,-41,-39,-2,-0.62,0.38,-1,FALSE
32,33,female,22,new,b,1,3.126600000023928,38,36,-51,71,20,-41,7.666666667,16.66666667,-9,41.49163236,45.78451946,-4.292887105,-51,-41,-10,-0.71,-0.11,-0.6,FALSE
32,33,female,23,new,a,0,3.744000000000142,62,44,-43,91,27,-37,21,27,-6,45.84757355,52.25578118,-6.408207634,-43,-37,-6,-0.63,0,-0.63,FALSE
32,33,female,24,new,b,1,2.877200000047651,42,23,-11,63,18,-9,18,24,-6,21.92411154,29.69848481,-7.774373273,-11,-9,-2,-0.33,0.29,-0.62,FALSE
32,33,female,25,new,a,0,4.509799999952293,44,36,-47,66,12,-45,11,11,0,41.14203041,45.32107677,-4.17904636,-47,-45,-2,-0.69,-0.03,-0.66,FALSE
32,33,female,26,new,a,0,1.7773000000120192,53,40,-78,88,6,-70,5,8,-3,58.92933621,64.51873113,-5.589394916,-78,-70,-8,-0.68,0.05,-0.73,FALSE
32,33,female,27,new,b,1,4.509000000000015,37,15,-44,59,10,-34,2.666666667,11.66666667,-9,34.19876541,37.9853773,-3.786611894,-44,-34,-10,-0.49,0.07,-0.56,FALSE
32,33,female,28,new,b,1,4.0765999999641735,59,30,-17,77,20,-7,24,30,-6,31.31559782,35.0142828,-3.698684983,-17,-7,-10,-0.28,0.41,-0.69,FALSE
32,33,female,29,new,a,0,2.808999999999969,86,32,-13,90,5,-8,35,29,6,40.47221269,43.45879274,-2.986580053,-13,-8,-5,0.11,0.66,-0.55,FALSE
32,33,female,30,new,b,1,11.608800000011795,73,23,-91,92,2,-89,1.666666667,1.666666667,0,68.63105873,73.89331649,-5.262257764,-91,-89,-2,-0.44,-0.01,-0.43,FALSE
32,33,female,31,new,b,1,12.775399999976116,72,42,-20,78,6,-17,31.33333333,22.33333333,9,38.30868773,40.46672158,-2.158033852,-20,-17,-3,-0.4,0.54,-0.94,FALSE
32,33,female,32,new,b,1,7.2590000000000146,44,31,-57,70,16,-50,6,12,-6,44.86275367,49.07137659,-4.208622918,-57,-50,-7,-0.66,-0.12,-0.54,FALSE
32,33,female,33,new,b,1,5.6604000000359065,54,34,-67,84,8,-62,7,10,-3,52.95910372,59.62102537,-6.661921656,-67,-62,-5,-0.63,0.05,-0.68,FALSE
32,33,female,34,new,a,0,3.944100000023809,79,50,-10,95,17,-2,39.66666667,36.66666667,3,37.06151043,41.97088938,-4.90937895,-10,-2,-8,-0.4,0.6,-1,FALSE
32,33,female,35,new,a,0,4.161499999999933,88,50,-27,96,11,-23,37,28,9,47.84001115,50.04664491,-2.206633761,-27,-23,-4,-0.39,0.47,-0.86,FALSE
32,33,female,36,new,a,0,2.0279000000357428,32,24,-44,60,15,-36,4,13,-9,34.09789827,39.2173431,-5.119444829,-44,-36,-8,-0.68,-0.08,-0.6,FALSE
32,33,female,37,new,a,0,2.95980000001191,68,52,-62,94,9,-54,19.33333333,16.33333333,3,57.88110419,60.64285247,-2.761748279,-62,-54,-8,-0.67,0.18,-0.85,FALSE
32,33,female,38,new,a,0,3.026699999988068,86,41,-34,96,4,-25,31,25,6,49.49747468,51.58165048,-2.084175801,-34,-25,-9,-0.29,0.54,-0.83,FALSE
32,33,female,39,new,a,0,1.944600000023911,75,48,-36,95,7,-33,29,23,6,47.26520919,53.46650042,-6.201291223,-36,-33,-3,-0.54,0.42,-0.96,FALSE
32,33,female,40,new,a,0,6.009399999976267,31,25,-52,57,4,-48,1.333333333,4.333333333,-3,37.79182745,42.86671851,-5.074891054,-52,-48,-4,-0.69,0.01,-0.7,FALSE
32,33,female,41,new,b,1,3.0933000000118227,66,47,-58,95,21,-52,18.33333333,21.33333333,-3,54.53031777,60.01296156,-5.482643798,-58,-52,-6,-0.64,0.01,-0.65,FALSE
32,33,female,42,new,b,1,3.543699999988121,38,17,-31,62,16,-27,8,17,-9,28.87905816,36.34097779,-7.461919633,-31,-27,-4,-0.44,0.04,-0.48,FALSE
32,33,female,0,old,a,0,7.3889000000358465,46,30,-55,47,6,-50,7,1,6,44.32456054,39.75759885,4.566961681,-55,-50,-5,-0.64,-0.19,-0.45,FALSE
32,33,female,1,old,b,1,3.4105999999642336,99,52,-13,90,75,-9,46,52,-6,45.92022067,43.56604182,2.354178852,-13,-9,-4,-0.19,-0.64,0.45,FALSE
32,33,female,2,old,a,0,2.0446999999880973,70,51,-43,75,10,-34,26,17,9,49.40310382,44.77350407,4.629599747,-43,-34,-9,-0.63,0.23,-0.86,FALSE
32,33,female,3,old,b,1,3.02670000004764,79,63,-12,80,36,-4,43.33333333,37.33333333,6,39.6680672,34.30581421,5.362252988,-12,-4,-8,-0.62,0.06,-0.68,FALSE
32,33,female,4,old,b,1,2.5771000000238478,65,13,-18,61,36,-10,20,29,-9,34.24422092,29.40521496,4.839005967,-18,-10,-8,0.3,-0.34,0.64,FALSE
32,33,female,5,old,a,0,4.792399999976169,57,44,-13,53,29,-3,29.33333333,26.33333333,3,30.40102337,22.93953405,7.461489329,-13,-3,-10,-0.61,-0.17,-0.44,FALSE
32,33,female,6,old,b,1,3.742600000023685,82,11,-76,60,51,-67,5.666666667,14.66666667,-9,64.61338011,57.86382482,6.749555292,-76,-67,-9,-0.12,-0.69,0.57,FALSE
32,33,female,7,old,a,0,3.0606999999879463,74,21,-46,56,42,-40,16.33333333,19.33333333,-3,49.10080334,42.34251869,6.758284654,-46,-40,-6,-0.14,-0.65,0.51,FALSE
32,33,female,8,old,b,1,2.760099999964268,58,38,-11,53,25,-2,28.33333333,25.33333333,3,28.98658694,22.45489306,6.531693879,-11,-2,-9,-0.46,0.02,-0.48,FALSE
32,33,female,9,old,a,0,19.69040000003588,79,40,-26,73,13,-20,31,22,9,43.33589736,38.49675311,4.83914425,-26,-20,-6,-0.3,0.34,-0.64,FALSE
32,33,female,10,old,b,1,5.010500000000093,53,8,-35,40,19,-33,8.666666667,8.666666667,0,35.92894222,30.68477726,5.244164957,-35,-33,-2,0.03,-0.47,0.5,FALSE
32,33,female,11,old,b,1,2.892399999976078,65,57,-40,69,18,-32,27.33333333,18.33333333,9,47.72374205,41.23375101,6.489991045,-40,-32,-8,-0.69,0.01,-0.7,FALSE
32,33,female,12,old,b,1,3.6769999999999072,48,21,-20,41,36,-10,16.33333333,22.33333333,-6,27.95631513,22.9540604,5.002254727,-20,-10,-10,-0.25,-0.68,0.43,FALSE
32,33,female,13,old,b,1,3.342600000023822,85,24,-45,67,54,-39,21.33333333,27.33333333,-6,53.10576449,47.20404879,5.901715701,-45,-39,-6,-0.08,-0.67,0.59,FALSE
32,33,female,14,old,b,1,2.127199999988079,85,68,-15,91,43,-5,46,43,3,43.68828981,39.19183588,4.496453927,-15,-5,-10,-0.63,0,-0.63,FALSE
32,33,female,15,old,b,1,4.276800000011917,61,12,-35,44,34,-31,12.66666667,15.66666667,-3,39.19467084,33.24989557,5.944775267,-35,-31,-4,0.03,-0.66,0.69,FALSE
32,33,female,16,old,b,1,3.058699999988221,73,52,-43,84,13,-33,27.33333333,21.33333333,6,50.4667107,48.12714642,2.339564283,-43,-33,-10,-0.62,0.25,-0.87,FALSE
32,33,female,17,old,b,1,1.844099999964328,56,8,-52,40,33,-43,4,10,-6,44.18144407,37.58545818,6.595985888,-52,-43,-9,-0.14,-0.69,0.55,FALSE
32,33,female,18,old,a,0,1.4772000000477874,79,64,-29,81,28,-22,38,29,9,47.77028365,42.05551886,5.714764789,-29,-22,-7,-0.66,0.04,-0.7,FALSE
32,33,female,19,old,b,1,0.5258999999762182,63,16,-47,44,40,-43,10.66666667,13.66666667,-3,45.0653846,40.10264608,4.962738522,-47,-43,-4,-0.18,-0.7,0.52,FALSE
32,33,female,20,old,a,0,1.0924000000356957,82,31,-53,64,62,-48,20,26,-6,55.6596802,52.33227175,3.327408449,-53,-48,-5,-0.29,-0.71,0.42,FALSE
32,33,female,21,old,b,1,1.0772999999524018,98,42,-26,70,68,-24,38,38,0,50.70174224,43.84822307,6.853519172,-26,-24,-2,-0.12,-0.71,0.59,FALSE
32,33,female,22,old,a,0,2.0442999999522726,48,3,-24,46,23,-15,9,18,-9,29.69848481,25.15286597,4.545618837,-24,-15,-9,0.29,-0.29,0.58,FALSE
32,33,female,24,old,a,0,1.8938999999761563,96,19,-78,77,43,-74,12.33333333,15.33333333,-3,71.19144768,64.67525716,6.516190515,-78,-74,-4,-0.14,-0.56,0.42,FALSE
32,33,female,25,old,a,0,3.127399999976205,70,57,-28,78,40,-19,33,33,0,43.45879274,39.90822806,3.550564686,-28,-19,-9,-0.66,-0.26,-0.4,FALSE
32,33,female,26,old,b,1,1.9600000000000364,59,9,-67,40,31,-61,0.333333333,3.333333333,-3,51.80304581,45.63867755,6.164368259,-67,-61,-6,-0.25,-0.69,0.44,FALSE
32,33,female,27,old,b,1,2.210400000035861,92,2,-70,66,50,-65,8,17,-9,66.2721661,58.34952156,7.92264454,-70,-65,-5,0.14,-0.67,0.81,FALSE
32,33,female,28,old,a,0,3.1388000000119973,98,58,-16,96,41,-6,46.66666667,43.66666667,3,47.22522866,41.6839964,5.541232266,-16,-6,-10,-0.35,0.1,-0.45,FALSE
32,33,female,29,old,b,1,4.159599999964257,64,62,-48,70,29,-39,26,20,6,52.33227175,44.95182607,7.380445685,-48,-39,-9,-0.71,-0.29,-0.42,FALSE
32,33,female,30,old,b,1,7.1916000000237545,77,69,-21,82,39,-14,41.66666667,35.66666667,6,44.43222054,39.26264835,5.16957219,-21,-14,-7,-0.69,-0.13,-0.56,FALSE
32,33,female,31,old,a,0,6.84290000003557,79,13,-40,74,33,-37,17.33333333,23.33333333,-6,48.67808085,45.82818153,2.849899325,-40,-37,-3,0.13,-0.31,0.44,FALSE
32,33,female,32,old,a,0,2.943699999988212,57,19,-12,42,29,-7,21.33333333,21.33333333,0,28.21740991,20.72572208,7.491687838,-12,-7,-5,0.12,-0.5,0.62,FALSE
32,33,female,33,old,a,0,2.027599999964196,87,78,-16,94,52,-6,49.66666667,46.66666667,3,46.57848812,40.99864496,5.579843156,-16,-6,-10,-0.69,-0.19,-0.5,FALSE
32,33,female,34,old,b,1,2.660899999976209,53,40,-11,50,25,-2,27.33333333,24.33333333,3,27.62044331,21.23414441,6.386298903,-11,-2,-9,-0.59,-0.05,-0.54,FALSE
32,33,female,35,old,b,1,0.9780000000000656,91,79,-11,99,39,-6,53,44,9,45.51922671,43.01162634,2.507600372,-11,-6,-5,-0.67,0.17,-0.84,FALSE
32,33,female,36,old,b,1,3.2104000000356336,79,16,-61,58,42,-57,11.33333333,14.33333333,-3,57.24993935,50.86146762,6.388471726,-61,-57,-4,-0.12,-0.65,0.53,FALSE
32,33,female,37,old,b,1,2.6104000000357246,60,5,-41,53,30,-32,8,17,-9,41.28760912,35.89800366,5.389605459,-41,-32,-9,0.11,-0.5,0.61,FALSE
32,33,female,38,old,a,0,2.542699999988145,74,5,-55,57,19,-52,8,8,0,52.70673581,45.17373868,7.532997129,-55,-52,-3,0.09,-0.35,0.44,FALSE
32,33,female,39,old,a,0,2.643000000000029,80,43,-35,75,18,-32,29.33333333,20.33333333,9,47.93282336,43.71371511,4.219108251,-35,-32,-3,-0.4,0.08,-0.48,FALSE
32,33,female,40,old,a,0,3.4943999999761672,46,32,-39,42,9,-30,13,7,6,37.21110945,29.42787794,7.783231513,-39,-30,-9,-0.63,-0.1,-0.53,FALSE
32,33,female,41,old,b,1,3.9606999999882646,78,43,-10,60,54,-3,37,37,0,36.17549815,28.39013913,7.785359021,-10,-3,-7,-0.24,-0.68,0.44,FALSE
32,33,female,42,old,b,1,4.493800000012016,91,22,-54,72,61,-47,19.66666667,28.66666667,-9,59.21899095,53.69254035,5.526450601,-54,-47,-7,-0.06,-0.68,0.62,FALSE
33,22,female,0,old,b,1,6.240399999998516,56,42,-72,65,9,-66,8.666666667,2.666666667,6,57.32558087,53.66770185,3.657879018,-72,-66,-6,-0.68,-0.18,-0.5,FALSE
33,22,female,1,old,b,1,4.72480000000445,91,67,-10,95,46,-2,49.33333333,46.33333333,3,43.08389748,39.60078563,3.483111855,-10,-2,-8,-0.55,0.01,-0.56,FALSE
33,22,female,2,old,a,0,2.3431000000014706,70,12,-66,45,34,-63,5.333333333,5.333333333,0,55.72152985,48.52719741,7.194332436,-66,-63,-3,-0.18,-0.68,0.5,FALSE
33,22,female,3,old,b,1,3.2047000000029584,61,54,-82,79,11,-75,11,5,6,65.82299497,63.01322612,2.809768844,-82,-75,-7,-0.7,-0.14,-0.56,FALSE
33,22,female,4,old,a,0,2.48410000000149,80,2,-60,69,30,-50,7.333333333,16.33333333,-9,57.27904406,49.5333782,7.745665868,-60,-50,-10,0.14,-0.39,0.53,FALSE
33,22,female,5,old,b,1,4.098000000000013,68,25,-12,60,2,-8,27,18,9,32.69046752,29.97776954,2.712697979,-12,-8,-4,0.09,0.65,-0.56,FALSE
33,22,female,6,old,a,0,2.322300000004475,80,10,-63,59,46,-60,9,15,-6,58.3837877,53.2979049,5.085882805,-63,-60,-3,-0.03,-0.68,0.65,FALSE
33,22,female,7,old,b,1,2.254600000001517,66,31,-13,68,19,-3,28,28,0,32.3213036,29.67602849,2.645275119,-13,-3,-10,-0.14,0.43,-0.57,FALSE
33,22,female,8,old,a,0,2.762599999993995,91,81,-24,99,44,-22,49.33333333,40.33333333,9,52.01495511,49.46603773,2.548917383,-24,-22,-2,-0.69,-0.11,-0.58,FALSE
33,22,female,9,old,b,1,1.607900000005941,91,54,-88,96,14,-80,19,10,9,77.1535266,71.90734779,5.246178806,-88,-80,-8,-0.59,-0.08,-0.51,FALSE
33,22,female,10,old,a,0,2.0891000000015083,95,48,-30,71,67,-25,37.66666667,37.66666667,0,51.55148451,44.3421044,7.209380118,-30,-25,-5,-0.29,-0.7,0.41,FALSE
33,22,female,11,old,b,1,3.0173999999985317,75,4,-67,57,43,-61,4,13,-9,57.97125725,52.63712252,5.334134731,-67,-61,-6,0,-0.67,0.67,FALSE
33,22,female,12,old,b,1,2.769999999999982,92,60,-21,99,43,-11,43.66666667,43.66666667,0,47.55581516,44.90978611,2.646029045,-21,-11,-10,-0.47,0.02,-0.49,FALSE
33,22,female,13,old,b,1,5.821899999998493,97,58,-61,98,20,-51,31.33333333,22.33333333,9,67.20284386,60.85136719,6.351476665,-61,-51,-10,-0.53,0.06,-0.59,FALSE
33,22,female,14,old,a,0,2.2346000000014783,94,70,-40,98,38,-30,41.33333333,35.33333333,6,58.33999962,52.2897908,6.050208816,-40,-30,-10,-0.62,-0.08,-0.54,FALSE
33,22,female,15,old,a,0,5.421200000002955,55,15,-13,42,31,-7,19,22,-3,27.90459938,20.99206199,6.91253739,-13,-7,-6,0.21,-0.56,0.77,FALSE
33,22,female,16,old,b,1,2.016300000004435,93,64,-10,95,40,-6,49,43,6,43.36665386,41.28760912,2.079044738,-10,-6,-4,-0.48,0.11,-0.59,FALSE
33,22,female,18,old,b,1,4.649700000002952,99,35,-16,88,50,-11,39.33333333,42.33333333,-3,47.0484384,40.77853466,6.269903738,-16,-11,-5,0.14,-0.28,0.42,FALSE
33,22,female,19,old,b,1,0.8779999999999859,81,24,-16,74,4,-7,29.66666667,23.66666667,6,39.80228916,35.8732336,3.929055559,-16,-7,-9,0.21,0.66,-0.45,FALSE
33,22,female,20,old,b,1,1.7554999999999836,63,2,-47,49,23,-45,6,9,-3,44.99629614,39.63163719,5.36465895,-47,-45,-2,0.13,-0.49,0.62,FALSE
33,22,female,21,old,a,0,0.8162000000029366,91,75,-12,94,55,-4,51.33333333,48.33333333,3,45.25728916,40.28509512,4.97219404,-12,-4,-8,-0.64,-0.24,-0.4,FALSE
33,22,female,22,old,a,0,3.2869999999999777,53,9,-17,37,30,-13,15,18,-3,28.89059824,22.10580618,6.784792065,-17,-13,-4,0.3,-0.65,0.95,FALSE
33,22,female,23,old,b,1,21.506699999995533,99,51,-13,95,36,-3,45.66666667,42.66666667,3,45.87906809,40.28509512,5.59397297,-13,-3,-10,-0.17,0.24,-0.41,FALSE
33,22,female,24,old,b,1,4.679300000004503,76,3,-64,59,38,-55,5,14,-9,57.17225434,49.53786431,7.634390037,-64,-55,-9,0.05,-0.61,0.66,FALSE
33,22,female,25,old,b,1,7.579399999998543,93,31,-8,70,68,-4,38.66666667,44.66666667,-6,41.5879256,34.42221505,7.165710549,-8,-4,-4,0.27,-0.71,0.98,FALSE
33,22,female,26,old,b,1,4.002399999998545,77,25,-58,53,45,-54,14.66666667,14.66666667,0,55.59576323,48.66438351,6.93137972,-58,-54,-4,-0.27,-0.69,0.42,FALSE
33,22,female,27,old,b,1,7.788700000002962,88,17,-44,82,43,-37,20.33333333,29.33333333,-9,53.94029621,49.5333782,4.406918017,-44,-37,-7,0.09,-0.39,0.48,FALSE
33,22,female,28,old,b,1,4.24350000000004,80,72,-12,88,45,-2,46.66666667,43.66666667,3,41.61196409,36.7544404,4.857523695,-12,-2,-10,-0.69,-0.05,-0.64,FALSE
33,22,female,29,old,b,1,4.375700000003008,53,8,-34,41,23,-28,9,12,-3,35.52463934,29.22327839,6.301360944,-34,-28,-6,0.04,-0.51,0.55,FALSE
33,22,female,30,old,b,1,2.1007000000029734,93,58,-8,94,41,-1,47.66666667,44.66666667,3,41.87547678,38.87015422,3.005322563,-8,-1,-7,-0.36,0.14,-0.5,FALSE
33,22,female,31,old,a,0,50.64039999999852,90,44,-48,88,16,-45,28.66666667,19.66666667,9,57.37207993,54.3588897,3.013190235,-48,-45,-3,-0.38,0.1,-0.48,FALSE
33,22,female,32,old,b,1,12.318799999996996,64,24,-23,50,35,-20,21.66666667,21.66666667,0,35.55590278,30.09245014,5.463452634,-23,-20,-3,-0.1,-0.58,0.48,FALSE
33,22,female,33,old,a,0,4.269600000001447,83,50,-11,85,29,-1,40.66666667,37.66666667,3,38.93869826,35.64017708,3.298521182,-11,-1,-10,-0.35,0.35,-0.7,FALSE
33,22,female,34,old,b,1,6.929000000000031,85,2,-81,57,52,-76,2,11,-9,67.76921622,61.55214591,6.217070303,-81,-76,-5,0,-0.7,0.7,FALSE
33,22,female,35,old,b,1,6.708299999996996,67,19,-22,60,38,-16,21.33333333,27.33333333,-6,36.37153955,31.93048004,4.441059506,-22,-16,-6,0.1,-0.46,0.56,FALSE
33,22,female,36,old,a,0,3.361500000000035,83,23,-56,70,49,-51,16.66666667,22.66666667,-6,56.92294987,52.7909925,4.131957375,-56,-51,-5,-0.17,-0.62,0.45,FALSE
33,22,female,37,old,a,0,3.617299999997044,98,41,-24,75,68,-19,38.33333333,41.33333333,-3,49.8419725,42.75771535,7.084257142,-24,-19,-5,-0.08,-0.69,0.61,FALSE
33,22,female,38,old,a,0,3.891300000004492,88,33,-10,73,59,-3,37,43,-6,40.10818703,33.02524287,7.082944157,-10,-3,-7,0.15,-0.61,0.76,FALSE
33,22,female,39,old,a,0,10.009600000001512,84,27,-36,73,4,-29,25,16,9,49.01020302,42.49705872,6.513144298,-36,-29,-7,-0.06,0.4,-0.46,FALSE
33,22,female,40,old,a,0,9.907200000003058,69,24,-23,60,43,-15,23.33333333,29.33333333,-6,37.56180093,32.10745846,5.454342465,-23,-15,-8,-0.03,-0.56,0.53,FALSE
33,22,female,41,old,a,0,6.069000000000074,74,43,-22,76,14,-13,31.66666667,25.66666667,6,40.00277768,37.25885428,2.743923402,-22,-13,-9,-0.4,0.44,-0.84,FALSE
33,22,female,42,old,b,1,7.71089999999856,67,11,-13,61,36,-5,21.66666667,30.66666667,-9,33.51948024,27.20702524,6.312455003,-13,-5,-8,0.45,-0.29,0.74,FALSE
33,22,female,0,new,a,0,16.126699999995594,71,36,-38,93,11,-35,23,23,0,45.43860326,52.94021786,-7.501614591,-38,-35,-3,-0.41,0.33,-0.74,FALSE
33,22,female,1,new,a,0,2.4402999999970234,70,31,-60,87,5,-51,13.66666667,13.66666667,0,54.46915539,56.6705881,-2.20143271,-60,-51,-9,-0.45,0.23,-0.68,FALSE
33,22,female,3,new,a,0,0.32489999999847896,85,45,-46,95,4,-42,28,19,9,54.81483984,56.92685365,-2.112013812,-46,-42,-4,-0.44,0.38,-0.82,FALSE
33,22,female,4,new,b,1,5.544100000001549,40,34,-14,62,29,-4,20,29,-9,24.16609195,26.94438717,-2.778295223,-14,-4,-10,-0.67,0,-0.67,FALSE
33,22,female,5,new,b,1,2.647600000001489,63,62,-52,88,34,-49,24.33333333,24.33333333,0,53.97736151,56.34615239,-2.368790878,-52,-49,-3,-0.71,-0.25,-0.46,FALSE
33,22,female,6,new,b,1,7.580600000001482,66,55,-73,97,23,-63,16,19,-3,63.09252465,65.38093504,-2.28841039,-73,-63,-10,-0.69,-0.09,-0.6,FALSE
33,22,female,7,new,b,1,8.87019999999552,45,40,-49,77,30,-44,12,21,-9,43.18178628,49.80629144,-6.624505153,-49,-44,-5,-0.7,-0.27,-0.43,FALSE
33,22,female,8,new,a,0,12.738399999998478,76,38,-12,82,9,-7,34,28,6,36.037018,38.73843914,-2.701421131,-12,-7,-5,-0.17,0.62,-0.79,FALSE
33,22,female,9,new,a,0,5.787100000001487,62,55,-78,93,7,-70,13,10,3,64.41014413,66.57827473,-2.168130606,-78,-70,-8,-0.7,0.07,-0.77,FALSE
33,22,female,10,new,a,0,3.109799999997108,59,17,-45,75,4,-39,10.33333333,13.33333333,-3,42.71871825,47.00590979,-4.287191544,-45,-39,-6,-0.23,0.29,-0.52,FALSE
33,22,female,11,new,b,1,7.397500000000036,74,29,-58,96,13,-55,15,18,-3,54.79051013,61.74679479,-6.956284661,-58,-55,-3,-0.37,0.12,-0.49,FALSE
33,22,female,12,new,a,0,4.39920000000302,62,41,-30,88,24,-21,24.33333333,30.33333333,-6,39.36439452,44.723844,-5.359449486,-30,-21,-9,-0.56,0.21,-0.77,FALSE
33,22,female,13,new,b,1,3.729999999999905,58,27,-28,78,17,-20,19,25,-6,35.56215217,40.40627014,-4.844117975,-28,-20,-8,-0.33,0.29,-0.62,FALSE
33,22,female,14,new,b,1,3.435999999999922,94,45,-8,97,10,-3,43.66666667,34.66666667,9,41.65199742,44.39469438,-2.74269696,-8,-3,-5,-0.05,0.66,-0.71,FALSE
33,22,female,15,new,b,1,26.501799999996933,62,43,-86,99,27,-80,6.333333333,15.33333333,-9,65.74867975,73.54061614,-7.79193639,-86,-80,-6,-0.66,-0.23,-0.43,FALSE
33,22,female,16,new,b,1,2.775499999999965,76,31,-39,96,19,-29,22.66666667,28.66666667,-6,47.31689856,51.48678363,-4.169885078,-39,-29,-10,-0.26,0.28,-0.54,FALSE
33,22,female,17,new,b,1,2.602999999999952,56,39,-80,86,11,-73,5,8,-3,60.50344343,64.94613152,-4.442688096,-80,-73,-7,-0.67,-0.07,-0.6,FALSE
33,22,female,18,new,b,1,2.3063999999984617,83,52,-36,96,9,-33,33,24,9,50.4050262,53.72150407,-3.31647787,-36,-33,-3,-0.51,0.4,-0.91,FALSE
33,22,female,19,new,b,1,2.887700000002951,56,49,-15,84,31,-7,30,36,-6,31.94787421,37.31844941,-5.370575202,-15,-7,-8,-0.68,0.2,-0.88,FALSE
33,22,female,20,new,a,0,3.038199999995527,74,56,-98,99,2,-96,10.66666667,1.666666667,9,77.18952145,79.60876557,-2.4192441160000002,-98,-96,-2,-0.68,-0.01,-0.67,FALSE
33,22,female,21,new,a,0,3.8313000000044894,75,60,-69,99,6,-66,22,13,9,64.63745044,67.54257916,-2.905128718,-69,-66,-3,-0.68,0.15,-0.83,FALSE
33,22,female,22,new,a,0,3.63529999999696,61,33,-4,66,7,-1,30,24,6,26.62079388,29.87752779,-3.25673391,-4,-1,-3,-0.17,0.67,-0.84,FALSE
33,22,female,23,new,a,0,2.9441000000015265,59,53,-70,91,2,-60,14,11,3,59.44745579,61.97311245,-2.525656659,-70,-60,-10,-0.7,0.21,-0.91,FALSE
33,22,female,24,new,a,0,47.26339999999857,84,38,-47,98,2,-43,25,19,6,54.26478293,58.80476171,-4.53997878,-47,-43,-4,-0.35,0.41,-0.76,FALSE
33,22,female,25,new,a,0,10.996200000003,73,35,-13,82,8,-4,31.66666667,28.66666667,3,35.18838192,38.02922853,-2.840846604,-13,-4,-9,-0.14,0.65,-0.79,FALSE
33,22,female,26,new,a,0,4.304699999995592,65,35,-38,81,15,-34,20.66666667,20.66666667,0,43.25377312,47.1192341,-3.865460983,-38,-34,-4,-0.46,0.18,-0.64,FALSE
33,22,female,27,new,a,0,1.7503999999985351,41,39,-29,73,26,-21,17,26,-9,32.53715825,38.3753393,-5.838181059,-29,-21,-8,-0.71,0,-0.71,FALSE
33,22,female,28,new,a,0,3.9981000000015,60,59,-71,98,2,-61,16,13,3,61.51964456,65.37583651,-3.856191956,-71,-61,-10,-0.71,0.25,-0.96,FALSE
33,22,female,29,new,a,0,3.76860000000147,75,51,-33,96,10,-31,31,25,6,46.30334761,52.92132525,-6.617977643,-33,-31,-2,-0.57,0.4,-0.97,FALSE
33,22,female,30,new,a,0,4.544799999997053,51,25,-16,72,5,-8,20,23,-3,27.58018612,35.05234181,-7.47215569,-16,-8,-8,-0.27,0.63,-0.9,FALSE
33,22,female,31,new,a,0,3.7631000000014874,73,32,-44,95,17,-42,20.33333333,23.33333333,-3,48.47221426,56.10902086,-7.6368066,-44,-42,-2,-0.35,0.17,-0.52,FALSE
33,22,female,32,new,a,0,1.8161000000015972,86,35,-10,92,6,-5,37,31,6,39.2173431,43.36665386,-4.149310754,-10,-5,-5,0.08,0.67,-0.59,FALSE
33,22,female,33,new,b,1,4.098100000001409,67,58,-29,93,49,-19,32,41,-9,43.28972164,46.07240678,-2.782685138,-29,-19,-10,-0.68,-0.26,-0.42,FALSE
33,22,female,34,new,a,0,1.853999999999928,83,36,-11,86,2,-7,36,27,9,38.3753393,41.88078318,-3.505443879,-11,-7,-4,0,0.68,-0.68,FALSE
33,22,female,35,new,a,0,1.5024999999999409,57,33,-39,75,10,-34,17,17,0,40.79215611,44.77350407,-3.981347961,-39,-34,-5,-0.53,0.23,-0.76,FALSE
33,22,female,36,new,b,1,2.803499999999985,72,24,-26,91,16,-19,23.33333333,29.33333333,-6,40.01110957,45.88633299,-5.875223425,-26,-19,-7,-0.02,0.41,-0.43,FALSE
33,22,female,37,new,a,0,4.265200000003006,67,34,-14,82,3,-7,29,26,3,33.2565783,39.80787192,-6.551293622,-14,-7,-7,-0.22,0.67,-0.89,FALSE
33,22,female,38,new,a,0,6.190899999998464,35,19,-36,66,5,-26,6,15,-9,30.40833219,38.21866909,-7.810336894,-36,-26,-10,-0.56,0.37,-0.93,FALSE
33,22,female,39,new,a,0,1.3859999999999673,82,41,-36,94,3,-28,29,23,6,48.91489207,51.77515492,-2.860262842,-36,-28,-8,-0.35,0.52,-0.87,FALSE
33,22,female,40,new,b,1,4.216699999995626,59,34,-23,76,30,-18,23.33333333,29.33333333,-6,34.31552936,38.37823457,-4.062705208,-23,-18,-5,-0.44,-0.03,-0.41,FALSE
33,22,female,41,new,a,0,3.517399999998588,82,33,-22,91,7,-14,31,28,3,42.48136847,45.36518489,-2.883816424,-22,-14,-8,-0.07,0.6,-0.67,FALSE
33,22,female,42,new,b,1,2.000300000004472,65,61,-27,97,23,-21,33,33,0,42.45782221,48.68949236,-6.231670156,-27,-21,-6,-0.7,0.3,-1,FALSE
33,22,female,0,old,b,1,5.187100000001465,85,68,-15,91,43,-5,46,43,3,43.68828981,39.19183588,4.496453927,-15,-5,-10,-0.63,0,-0.63,FALSE
33,22,female,1,old,b,1,2.0168000000045367,74,21,-46,56,42,-40,16.33333333,19.33333333,-3,49.10080334,42.34251869,6.758284654,-46,-40,-6,-0.14,-0.65,0.51,FALSE
33,22,female,2,old,a,0,5.136100000001534,77,69,-21,82,39,-14,41.66666667,35.66666667,6,44.43222054,39.26264835,5.16957219,-21,-14,-7,-0.69,-0.13,-0.56,FALSE
33,22,female,3,old,b,1,12.001199999995492,70,57,-28,78,40,-19,33,33,0,43.45879274,39.90822806,3.550564686,-28,-19,-9,-0.66,-0.26,-0.4,FALSE
33,22,female,4,old,a,0,1.6101000000014665,82,11,-76,60,51,-67,5.666666667,14.66666667,-9,64.61338011,57.86382482,6.749555292,-76,-67,-9,-0.12,-0.69,0.57,FALSE
33,22,female,5,old,b,1,4.931100000001493,48,21,-20,41,36,-10,16.33333333,22.33333333,-6,27.95631513,22.9540604,5.002254727,-20,-10,-10,-0.25,-0.68,0.43,FALSE
33,22,female,6,old,b,1,2.820399999998472,57,19,-12,42,29,-7,21.33333333,21.33333333,0,28.21740991,20.72572208,7.491687838,-12,-7,-5,0.12,-0.5,0.62,FALSE
33,22,female,7,old,b,1,4.700999999999908,96,19,-78,77,43,-74,12.33333333,15.33333333,-3,71.19144768,64.67525716,6.516190515,-78,-74,-4,-0.14,-0.56,0.42,FALSE
33,22,female,8,old,a,0,1.854299999997011,70,51,-43,75,10,-34,26,17,9,49.40310382,44.77350407,4.629599747,-43,-34,-9,-0.63,0.23,-0.86,FALSE
33,22,female,9,old,a,0,3.82839999999851,65,57,-40,69,18,-32,27.33333333,18.33333333,9,47.72374205,41.23375101,6.489991045,-40,-32,-8,-0.69,0.01,-0.7,FALSE
33,22,female,10,old,a,0,3.1096000000014783,98,42,-26,70,68,-24,38,38,0,50.70174224,43.84822307,6.853519172,-26,-24,-2,-0.12,-0.71,0.59,FALSE
33,22,female,11,old,b,1,2.373399999998582,79,13,-40,74,33,-37,17.33333333,23.33333333,-6,48.67808085,45.82818153,2.849899325,-40,-37,-3,0.13,-0.31,0.44,FALSE
33,22,female,12,old,a,0,4.829999999999927,53,40,-11,50,25,-2,27.33333333,24.33333333,3,27.62044331,21.23414441,6.386298903,-11,-2,-9,-0.59,-0.05,-0.54,FALSE
33,22,female,13,old,a,0,6.525899999998501,82,31,-53,64,62,-48,20,26,-6,55.6596802,52.33227175,3.327408449,-53,-48,-5,-0.29,-0.71,0.42,FALSE
33,22,female,14,old,b,1,11.602799999997046,59,9,-67,40,31,-61,0.333333333,3.333333333,-3,51.80304581,45.63867755,6.164368259,-67,-61,-6,-0.25,-0.69,0.44,FALSE
33,22,female,15,old,b,1,6.8338999999984935,92,2,-70,66,50,-65,8,17,-9,66.2721661,58.34952156,7.92264454,-70,-65,-5,0.14,-0.67,0.81,FALSE
33,22,female,16,old,a,0,4.215100000001485,57,44,-13,53,29,-3,29.33333333,26.33333333,3,30.40102337,22.93953405,7.461489329,-13,-3,-10,-0.61,-0.17,-0.44,FALSE
33,22,female,17,old,a,0,3.460699999995541,98,58,-16,96,41,-6,46.66666667,43.66666667,3,47.22522866,41.6839964,5.541232266,-16,-6,-10,-0.35,0.1,-0.45,FALSE
33,22,female,18,old,a,0,2.740400000005934,64,62,-48,70,29,-39,26,20,6,52.33227175,44.95182607,7.380445685,-48,-39,-9,-0.71,-0.29,-0.42,FALSE
33,22,female,19,old,a,0,4.686100000001488,79,40,-26,73,13,-20,31,22,9,43.33589736,38.49675311,4.83914425,-26,-20,-6,-0.3,0.34,-0.64,FALSE
33,22,female,20,old,a,0,2.983000000000061,58,38,-11,53,25,-2,28.33333333,25.33333333,3,28.98658694,22.45489306,6.531693879,-11,-2,-9,-0.46,0.02,-0.48,FALSE
33,22,female,21,old,b,1,2.2573000000044203,99,52,-13,90,75,-9,46,52,-6,45.92022067,43.56604182,2.354178852,-13,-9,-4,-0.19,-0.64,0.45,FALSE
33,22,female,22,old,b,1,4.003300000004515,74,5,-55,57,19,-52,8,8,0,52.70673581,45.17373868,7.532997129,-55,-52,-3,0.09,-0.35,0.44,FALSE
33,22,female,23,old,b,1,3.0025000000000546,48,3,-24,46,23,-15,9,18,-9,29.69848481,25.15286597,4.545618837,-24,-15,-9,0.29,-0.29,0.58,FALSE
33,22,female,24,old,b,1,1.7998000000044383,61,12,-35,44,34,-31,12.66666667,15.66666667,-3,39.19467084,33.24989557,5.944775267,-35,-31,-4,0.03,-0.66,0.69,FALSE
33,22,female,25,old,a,0,4.816700000003038,87,78,-16,94,52,-6,49.66666667,46.66666667,3,46.57848812,40.99864496,5.579843156,-16,-6,-10,-0.69,-0.19,-0.5,FALSE
33,22,female,26,old,a,0,8.094799999997008,53,8,-35,40,19,-33,8.666666667,8.666666667,0,35.92894222,30.68477726,5.244164957,-35,-33,-2,0.03,-0.47,0.5,FALSE
33,22,female,27,old,a,0,2.183999999999969,46,32,-39,42,9,-30,13,7,6,37.21110945,29.42787794,7.783231513,-39,-30,-9,-0.63,-0.1,-0.53,FALSE
33,22,female,28,old,b,1,4.850800000004369,79,16,-61,58,42,-57,11.33333333,14.33333333,-3,57.24993935,50.86146762,6.388471726,-61,-57,-4,-0.12,-0.65,0.53,FALSE
33,22,female,29,old,a,0,1.3852000000030102,46,30,-55,47,6,-50,7,1,6,44.32456054,39.75759885,4.566961681,-55,-50,-5,-0.64,-0.19,-0.45,FALSE
33,22,female,30,old,b,1,1.3477000000029875,91,79,-11,99,39,-6,53,44,9,45.51922671,43.01162634,2.507600372,-11,-6,-5,-0.67,0.17,-0.84,FALSE
33,22,female,31,old,a,0,2.909399999998527,79,64,-29,81,28,-22,38,29,9,47.77028365,42.05551886,5.714764789,-29,-22,-7,-0.66,0.04,-0.7,FALSE
33,22,female,32,old,b,1,1.971000000000004,60,5,-41,53,30,-32,8,17,-9,41.28760912,35.89800366,5.389605459,-41,-32,-9,0.11,-0.5,0.61,FALSE
33,22,female,34,old,a,0,1.9202999999970416,73,52,-43,84,13,-33,27.33333333,21.33333333,6,50.4667107,48.12714642,2.339564283,-43,-33,-10,-0.62,0.25,-0.87,FALSE
33,22,female,35,old,a,0,1.5531000000015638,80,43,-35,75,18,-32,29.33333333,20.33333333,9,47.93282336,43.71371511,4.219108251,-35,-32,-3,-0.4,0.08,-0.48,FALSE
33,22,female,36,old,a,0,1.9171000000014828,63,16,-47,44,40,-43,10.66666667,13.66666667,-3,45.0653846,40.10264608,4.962738522,-47,-43,-4,-0.18,-0.7,0.52,FALSE
33,22,female,37,old,b,1,2.407700000003046,56,8,-52,40,33,-43,4,10,-6,44.18144407,37.58545818,6.595985888,-52,-43,-9,-0.14,-0.69,0.55,FALSE
33,22,female,38,old,b,1,3.1358999999985144,65,13,-18,61,36,-10,20,29,-9,34.24422092,29.40521496,4.839005967,-18,-10,-8,0.3,-0.34,0.64,FALSE
33,22,female,39,old,a,0,2.205500000000029,78,43,-10,60,54,-3,37,37,0,36.17549815,28.39013913,7.785359021,-10,-3,-7,-0.24,-0.68,0.44,FALSE
33,22,female,40,old,a,0,1.447499999999991,91,22,-54,72,61,-47,19.66666667,28.66666667,-9,59.21899095,53.69254035,5.526450601,-54,-47,-7,-0.06,-0.68,0.62,FALSE
33,22,female,41,old,b,1,6.157100000001492,85,24,-45,67,54,-39,21.33333333,27.33333333,-6,53.10576449,47.20404879,5.901715701,-45,-39,-6,-0.08,-0.67,0.59,FALSE
33,22,female,42,old,b,1,4.801500000000146,79,63,-12,80,36,-4,43.33333333,37.33333333,6,39.6680672,34.30581421,5.362252988,-12,-4,-8,-0.62,0.06,-0.68,FALSE
33,22,female,0,new,a,0,1.5153999999986354,71,38,-70,91,1,-62,13,10,3,60.21627687,62.78534861,-2.56907174,-70,-62,-8,-0.55,0.21,-0.76,FALSE
33,22,female,1,new,a,0,1.5528999999985444,54,34,-67,84,8,-62,7,10,-3,52.95910372,59.62102537,-6.661921656,-67,-62,-5,-0.63,0.05,-0.68,FALSE
33,22,female,2,new,b,1,1.1289999999999054,73,53,-41,99,7,-39,28.33333333,22.33333333,6,49.70133019,57.37207993,-7.670749745,-41,-39,-2,-0.62,0.38,-1,FALSE
33,22,female,3,new,a,0,2.3556999999955224,69,50,-40,89,13,-32,26.33333333,23.33333333,3,47.54179448,49.93551397,-2.393719493,-40,-32,-8,-0.62,0.3,-0.92,FALSE
33,22,female,4,new,b,1,5.6053999999985535,43,31,-49,75,8,-40,8.333333333,14.33333333,-6,40.83571422,47.16166051,-6.325946295,-49,-40,-9,-0.66,0.2,-0.86,FALSE
33,22,female,5,new,a,0,1.920399999998608,69,45,-22,90,19,-17,30.66666667,30.66666667,0,38.50829636,44.45472103,-5.94642467,-22,-17,-5,-0.51,0.38,-0.89,FALSE
33,22,female,6,new,a,0,8.580000000000155,53,40,-78,88,6,-70,5,8,-3,58.92933621,64.51873113,-5.589394916,-78,-70,-8,-0.68,0.05,-0.73,FALSE
33,22,female,7,new,a,0,1.4902000000029147,72,42,-20,78,6,-17,31.33333333,22.33333333,9,38.30868773,40.46672158,-2.158033852,-20,-17,-3,-0.4,0.54,-0.94,FALSE
33,22,female,8,new,a,0,2.664700000002995,44,36,-47,66,12,-45,11,11,0,41.14203041,45.32107677,-4.17904636,-47,-45,-2,-0.69,-0.03,-0.66,FALSE
33,22,female,9,new,a,0,4.750400000006039,45,26,-62,73,18,-55,3,12,-9,46.61187259,52.42772803,-5.815855439,-62,-55,-7,-0.62,-0.17,-0.45,FALSE
33,22,female,10,new,a,0,2.6027000000028693,87,54,-16,96,14,-12,41.66666667,32.66666667,9,42.94440851,46.02414825,-3.079739742,-16,-12,-4,-0.41,0.54,-0.95,FALSE
33,22,female,11,new,a,0,5.082100000001447,47,44,-54,78,9,-50,12.33333333,12.33333333,0,46.92073695,52.3089115,-5.388174553,-54,-50,-4,-0.7,0.1,-0.8,FALSE
33,22,female,12,new,a,0,6.743199999995568,79,50,-10,95,17,-2,39.66666667,36.66666667,3,37.06151043,41.97088938,-4.90937895,-10,-2,-8,-0.4,0.6,-1,FALSE
33,22,female,13,new,b,1,3.3233999999984007,31,25,-52,57,4,-48,1.333333333,4.333333333,-3,37.79182745,42.86671851,-5.074891054,-52,-48,-4,-0.69,0.01,-0.7,FALSE
33,22,female,14,new,a,0,3.087999999999965,82,49,-19,98,16,-11,37.33333333,34.33333333,3,42.05023451,46.34891824,-4.298683734,-19,-11,-8,-0.39,0.53,-0.92,FALSE
33,22,female,15,new,b,1,1.8686000000013792,59,30,-17,77,20,-7,24,30,-6,31.31559782,35.0142828,-3.698684983,-17,-7,-10,-0.28,0.41,-0.69,FALSE
33,22,female,16,new,b,1,2.892300000004525,86,41,-34,96,4,-25,31,25,6,49.49747468,51.58165048,-2.084175801,-34,-25,-9,-0.29,0.54,-0.83,FALSE
33,22,female,17,new,b,1,1.3947999999970762,37,15,-44,59,10,-34,2.666666667,11.66666667,-9,34.19876541,37.9853773,-3.786611894,-44,-34,-10,-0.49,0.07,-0.56,FALSE
33,22,female,18,new,a,0,1.7487000000030548,72,24,-83,93,6,-77,4.333333333,7.333333333,-3,64.78854494,69.40861298,-4.620068037,-83,-77,-6,-0.43,0.03,-0.46,FALSE
33,22,female,19,new,a,0,3.3748000000043703,78,57,-50,98,6,-46,28.33333333,19.33333333,9,56.04958123,59.5389695,-3.489388273,-50,-46,-4,-0.63,0.32,-0.95,FALSE
33,22,female,20,new,a,0,2.0836999999953605,68,52,-62,94,9,-54,19.33333333,16.33333333,3,57.88110419,60.64285247,-2.761748279,-62,-54,-8,-0.67,0.18,-0.85,FALSE
33,22,female,22,new,a,0,1.2646000000015647,80,48,-26,89,7,-21,34,25,9,44.39219151,46.6761895,-2.283997999,-26,-21,-5,-0.44,0.52,-0.96,FALSE
33,22,female,23,new,b,1,1.029800000004343,38,36,-51,71,20,-41,7.666666667,16.66666667,-9,41.49163236,45.78451946,-4.292887105,-51,-41,-10,-0.71,-0.11,-0.6,FALSE
33,22,female,24,new,a,0,1.4132999999969795,42,23,-11,63,18,-9,18,24,-6,21.92411154,29.69848481,-7.774373273,-11,-9,-2,-0.33,0.29,-0.62,FALSE
33,22,female,25,new,a,0,2.469900000005964,73,23,-91,92,2,-89,1.666666667,1.666666667,0,68.63105873,73.89331649,-5.262257764,-91,-89,-2,-0.44,-0.01,-0.43,FALSE
33,22,female,26,new,a,0,1.2120999999940525,89,36,-51,98,7,-49,24.66666667,18.66666667,6,57.71385353,60.5768566,-2.863003074,-51,-49,-2,-0.29,0.28,-0.57,FALSE
33,22,female,27,new,a,0,1.5087000000030455,80,38,-19,90,6,-15,33,27,6,40.57092555,45.36518489,-4.794259339,-19,-15,-4,-0.18,0.6,-0.78,FALSE
33,22,female,28,new,a,0,5.504700000002913,58,27,-46,74,5,-40,13,13,0,43.59663596,46.88283268,-3.286196723,-46,-40,-6,-0.45,0.25,-0.7,FALSE
33,22,female,29,new,b,1,1.917600000001357,66,47,-58,95,21,-52,18.33333333,21.33333333,-3,54.53031777,60.01296156,-5.482643798,-58,-52,-6,-0.64,0.01,-0.65,FALSE
33,22,female,30,new,a,0,1.6703000000043176,86,32,-13,90,5,-8,35,29,6,40.47221269,43.45879274,-2.986580053,-13,-8,-5,0.11,0.66,-0.55,FALSE
33,22,female,31,new,b,1,2.066699999995535,49,45,-36,87,24,-26,19.33333333,28.33333333,-9,39.16063783,46.23370584,-7.073068005,-36,-26,-10,-0.7,0.14,-0.84,FALSE
33,22,female,32,new,a,0,1.4013999999986029,88,50,-27,96,11,-23,37,28,9,47.84001115,50.04664491,-2.206633761,-27,-23,-4,-0.39,0.47,-0.86,FALSE
33,22,female,33,new,b,1,1.7038999999983844,62,44,-43,91,27,-37,21,27,-6,45.84757355,52.25578118,-6.408207634,-43,-37,-6,-0.63,0,-0.63,FALSE
33,22,female,34,new,a,0,2.1716999999955533,73,45,-52,99,1,-43,22,19,3,53.55993528,59.35205697,-5.792121696,-52,-43,-9,-0.56,0.43,-0.99,FALSE
33,22,female,35,new,a,0,25.369300000004387,75,48,-36,95,7,-33,29,23,6,47.26520919,53.46650042,-6.201291223,-36,-33,-3,-0.54,0.42,-0.96,FALSE
33,22,female,36,new,b,1,1.5015000000000782,32,24,-44,60,15,-36,4,13,-9,34.09789827,39.2173431,-5.119444829,-44,-36,-8,-0.68,-0.08,-0.6,FALSE
33,22,female,37,new,b,1,1.497900000005984,68,60,-38,99,37,-28,30,36,-6,48.19405219,51.85235449,-3.658302303,-38,-28,-10,-0.69,-0.03,-0.66,FALSE
33,22,female,38,new,b,1,1.402399999998579,85,51,-7,92,14,-4,43,34,9,37.98245209,41.66533331,-3.682881223,-7,-4,-3,-0.31,0.61,-0.92,FALSE
33,22,female,39,new,b,1,3.054699999995364,38,17,-31,62,16,-27,8,17,-9,28.87905816,36.34097779,-7.461919633,-31,-27,-4,-0.44,0.04,-0.48,FALSE
33,22,female,40,new,b,1,2.1558999999983826,44,31,-57,70,16,-50,6,12,-6,44.86275367,49.07137659,-4.208622918,-57,-50,-7,-0.66,-0.12,-0.54,FALSE
33,22,female,41,new,a,0,2.189299999997047,54,51,-50,87,14,-46,18.33333333,18.33333333,0,48.33448274,54.3834125,-6.048929759,-50,-46,-4,-0.71,0.12,-0.83,FALSE
33,22,female,42,new,a,0,1.0671999999954096,56,21,-48,76,2,-40,9.666666667,12.66666667,-3,43.20750964,47.95368136,-4.74617172,-48,-40,-8,-0.38,0.32,-0.7,FALSE
34,24,female,0,new,a,0,7.467999999999996,75,60,-69,99,6,-66,22,13,9,64.63745044,67.54257916,-2.905128718,-69,-66,-3,-0.68,0.15,-0.83,FALSE
34,24,female,1,new,b,1,7.599000000000004,59,34,-23,76,30,-18,23.33333333,29.33333333,-6,34.31552936,38.37823457,-4.062705208,-23,-18,-5,-0.44,-0.03,-0.41,FALSE
34,24,female,2,new,b,1,11.802000000000008,67,58,-29,93,49,-19,32,41,-9,43.28972164,46.07240678,-2.782685138,-29,-19,-10,-0.68,-0.26,-0.42,FALSE
34,24,female,4,new,a,0,7.244,83,36,-11,86,2,-7,36,27,9,38.3753393,41.88078318,-3.505443879,-11,-7,-4,0,0.68,-0.68,FALSE
34,24,female,5,new,b,1,8.800999999999988,72,24,-26,91,16,-19,23.33333333,29.33333333,-6,40.01110957,45.88633299,-5.875223425,-26,-19,-7,-0.02,0.41,-0.43,FALSE
34,24,female,6,new,a,0,8.71499999999999,82,41,-36,94,3,-28,29,23,6,48.91489207,51.77515492,-2.860262842,-36,-28,-8,-0.35,0.52,-0.87,FALSE
34,24,female,7,new,b,1,8.77000000000001,41,39,-29,73,26,-21,17,26,-9,32.53715825,38.3753393,-5.838181059,-29,-21,-8,-0.71,0,-0.71,FALSE
34,24,female,8,new,a,0,7.306000000000012,74,56,-98,99,2,-96,10.66666667,1.666666667,9,77.18952145,79.60876557,-2.4192441160000002,-98,-96,-2,-0.68,-0.01,-0.67,FALSE
34,24,female,9,new,b,1,7.324000000000012,73,32,-44,95,17,-42,20.33333333,23.33333333,-3,48.47221426,56.10902086,-7.6368066,-44,-42,-2,-0.35,0.17,-0.52,FALSE
34,24,female,10,new,a,0,8.251000000000005,94,45,-8,97,10,-3,43.66666667,34.66666667,9,41.65199742,44.39469438,-2.74269696,-8,-3,-5,-0.05,0.66,-0.71,FALSE
34,24,female,11,new,a,0,6.52200000000002,56,39,-80,86,11,-73,5,8,-3,60.50344343,64.94613152,-4.442688096,-80,-73,-7,-0.67,-0.07,-0.6,FALSE
34,24,female,12,new,a,0,4.669999999999988,66,55,-73,97,23,-63,16,19,-3,63.09252465,65.38093504,-2.28841039,-73,-63,-10,-0.69,-0.09,-0.6,FALSE
34,24,female,13,new,a,0,7.661000000000001,60,59,-71,98,2,-61,16,13,3,61.51964456,65.37583651,-3.856191956,-71,-61,-10,-0.71,0.25,-0.96,FALSE
34,24,female,14,new,b,1,23.861999999999995,63,62,-52,88,34,-49,24.33333333,24.33333333,0,53.97736151,56.34615239,-2.368790878,-52,-49,-3,-0.71,-0.25,-0.46,FALSE
34,24,female,15,new,a,0,8.177999999999997,84,38,-47,98,2,-43,25,19,6,54.26478293,58.80476171,-4.53997878,-47,-43,-4,-0.35,0.41,-0.76,FALSE
34,24,female,16,new,b,1,12.598000000000011,35,19,-36,66,5,-26,6,15,-9,30.40833219,38.21866909,-7.810336894,-36,-26,-10,-0.56,0.37,-0.93,FALSE
34,24,female,17,new,b,1,7.137999999999977,62,41,-30,88,24,-21,24.33333333,30.33333333,-6,39.36439452,44.723844,-5.359449486,-30,-21,-9,-0.56,0.21,-0.77,FALSE
34,24,female,18,new,a,0,7.3799999999999955,59,17,-45,75,4,-39,10.33333333,13.33333333,-3,42.71871825,47.00590979,-4.287191544,-45,-39,-6,-0.23,0.29,-0.52,FALSE
34,24,female,19,new,b,1,5.8370000000000175,57,33,-39,75,10,-34,17,17,0,40.79215611,44.77350407,-3.981347961,-39,-34,-5,-0.53,0.23,-0.76,FALSE
34,24,female,20,new,b,1,5.64500000000001,65,35,-38,81,15,-34,20.66666667,20.66666667,0,43.25377312,47.1192341,-3.865460983,-38,-34,-4,-0.46,0.18,-0.64,FALSE
34,24,female,21,new,a,0,3.179000000000002,75,51,-33,96,10,-31,31,25,6,46.30334761,52.92132525,-6.617977643,-33,-31,-2,-0.57,0.4,-0.97,FALSE
34,24,female,22,new,a,0,6.412000000000006,73,35,-13,82,8,-4,31.66666667,28.66666667,3,35.18838192,38.02922853,-2.840846604,-13,-4,-9,-0.14,0.65,-0.79,FALSE
34,24,female,23,new,a,0,3.192000000000036,59,53,-70,91,2,-60,14,11,3,59.44745579,61.97311245,-2.525656659,-70,-60,-10,-0.7,0.21,-0.91,FALSE
34,24,female,24,new,b,1,7.652000000000044,45,40,-49,77,30,-44,12,21,-9,43.18178628,49.80629144,-6.624505153,-49,-44,-5,-0.7,-0.27,-0.43,FALSE
34,24,female,25,new,a,0,2.552000000000021,65,61,-27,97,23,-21,33,33,0,42.45782221,48.68949236,-6.231670156,-27,-21,-6,-0.7,0.3,-1,FALSE
34,24,female,26,new,a,0,5.624000000000024,85,45,-46,95,4,-42,28,19,9,54.81483984,56.92685365,-2.112013812,-46,-42,-4,-0.44,0.38,-0.82,FALSE
34,24,female,27,new,a,0,3.0370000000000346,86,35,-10,92,6,-5,37,31,6,39.2173431,43.36665386,-4.149310754,-10,-5,-5,0.08,0.67,-0.59,FALSE
34,24,female,28,new,a,0,3.673000000000002,76,38,-12,82,9,-7,34,28,6,36.037018,38.73843914,-2.701421131,-12,-7,-5,-0.17,0.62,-0.79,FALSE
34,24,female,29,new,a,0,2.3520000000000323,61,33,-4,66,7,-1,30,24,6,26.62079388,29.87752779,-3.25673391,-4,-1,-3,-0.17,0.67,-0.84,FALSE
34,24,female,30,new,a,0,3.152999999999963,67,34,-14,82,3,-7,29,26,3,33.2565783,39.80787192,-6.551293622,-14,-7,-7,-0.22,0.67,-0.89,FALSE
34,24,female,31,new,a,0,7.394000000000005,70,31,-60,87,5,-51,13.66666667,13.66666667,0,54.46915539,56.6705881,-2.20143271,-60,-51,-9,-0.45,0.23,-0.68,FALSE
34,24,female,32,new,a,0,6.83299999999997,62,55,-78,93,7,-70,13,10,3,64.41014413,66.57827473,-2.168130606,-78,-70,-8,-0.7,0.07,-0.77,FALSE
34,24,female,33,new,a,0,4.534999999999968,51,25,-16,72,5,-8,20,23,-3,27.58018612,35.05234181,-7.47215569,-16,-8,-8,-0.27,0.63,-0.9,FALSE
34,24,female,34,new,a,0,7.40100000000001,62,43,-86,99,27,-80,6.333333333,15.33333333,-9,65.74867975,73.54061614,-7.79193639,-86,-80,-6,-0.66,-0.23,-0.43,FALSE
34,24,female,35,new,b,1,5.998000000000047,40,34,-14,62,29,-4,20,29,-9,24.16609195,26.94438717,-2.778295223,-14,-4,-10,-0.67,0,-0.67,FALSE
34,24,female,36,new,a,0,7.039000000000044,82,33,-22,91,7,-14,31,28,3,42.48136847,45.36518489,-2.883816424,-22,-14,-8,-0.07,0.6,-0.67,FALSE
34,24,female,37,new,b,1,9.927999999999995,56,49,-15,84,31,-7,30,36,-6,31.94787421,37.31844941,-5.370575202,-15,-7,-8,-0.68,0.2,-0.88,FALSE
34,24,female,38,new,b,1,5.807000000000016,74,29,-58,96,13,-55,15,18,-3,54.79051013,61.74679479,-6.956284661,-58,-55,-3,-0.37,0.12,-0.49,FALSE
34,24,female,39,new,b,1,14.92700000000002,58,27,-28,78,17,-20,19,25,-6,35.56215217,40.40627014,-4.844117975,-28,-20,-8,-0.33,0.29,-0.62,FALSE
34,24,female,40,new,b,1,8.076999999999998,71,36,-38,93,11,-35,23,23,0,45.43860326,52.94021786,-7.501614591,-38,-35,-3,-0.41,0.33,-0.74,FALSE
34,24,female,41,new,b,1,6.807999999999993,76,31,-39,96,19,-29,22.66666667,28.66666667,-6,47.31689856,51.48678363,-4.169885078,-39,-29,-10,-0.26,0.28,-0.54,FALSE
34,24,female,42,new,a,0,2.4400000000000546,83,52,-36,96,9,-33,33,24,9,50.4050262,53.72150407,-3.31647787,-36,-33,-3,-0.51,0.4,-0.91,FALSE
34,24,female,0,old,b,1,4.744000000000028,53,8,-34,41,23,-28,9,12,-3,35.52463934,29.22327839,6.301360944,-34,-28,-6,0.04,-0.51,0.55,FALSE
34,24,female,1,old,b,1,2.004000000000019,85,2,-81,57,52,-76,2,11,-9,67.76921622,61.55214591,6.217070303,-81,-76,-5,0,-0.7,0.7,FALSE
34,24,female,2,old,b,1,17.748999999999967,66,31,-13,68,19,-3,28,28,0,32.3213036,29.67602849,2.645275119,-13,-3,-10,-0.14,0.43,-0.57,FALSE
34,24,female,3,old,b,1,8.650000000000034,95,48,-30,71,67,-25,37.66666667,37.66666667,0,51.55148451,44.3421044,7.209380118,-30,-25,-5,-0.29,-0.7,0.41,FALSE
34,24,female,4,old,b,1,3.228999999999985,80,2,-60,69,30,-50,7.333333333,16.33333333,-9,57.27904406,49.5333782,7.745665868,-60,-50,-10,0.14,-0.39,0.53,FALSE
34,24,female,5,old,b,1,32.86099999999999,55,15,-13,42,31,-7,19,22,-3,27.90459938,20.99206199,6.91253739,-13,-7,-6,0.21,-0.56,0.77,FALSE
34,24,female,6,old,a,0,1.9500000000000453,69,24,-23,60,43,-15,23.33333333,29.33333333,-6,37.56180093,32.10745846,5.454342465,-23,-15,-8,-0.03,-0.56,0.53,FALSE
34,24,female,7,old,b,1,3.705000000000041,75,4,-67,57,43,-61,4,13,-9,57.97125725,52.63712252,5.334134731,-67,-61,-6,0,-0.67,0.67,FALSE
34,24,female,8,old,b,1,4.716000000000008,99,51,-13,95,36,-3,45.66666667,42.66666667,3,45.87906809,40.28509512,5.59397297,-13,-3,-10,-0.17,0.24,-0.41,FALSE
34,24,female,9,old,b,1,2.0579999999999927,91,75,-12,94,55,-4,51.33333333,48.33333333,3,45.25728916,40.28509512,4.97219404,-12,-4,-8,-0.64,-0.24,-0.4,FALSE
34,24,female,10,old,b,1,1.440999999999974,99,35,-16,88,50,-11,39.33333333,42.33333333,-3,47.0484384,40.77853466,6.269903738,-16,-11,-5,0.14,-0.28,0.42,FALSE
34,24,female,11,old,a,0,1.891999999999996,74,43,-22,76,14,-13,31.66666667,25.66666667,6,40.00277768,37.25885428,2.743923402,-22,-13,-9,-0.4,0.44,-0.84,FALSE
34,24,female,12,old,b,1,4.488999999999976,88,33,-10,73,59,-3,37,43,-6,40.10818703,33.02524287,7.082944157,-10,-3,-7,0.15,-0.61,0.76,FALSE
34,24,female,13,old,a,0,6.107000000000028,97,58,-61,98,20,-51,31.33333333,22.33333333,9,67.20284386,60.85136719,6.351476665,-61,-51,-10,-0.53,0.06,-0.59,FALSE
34,24,female,14,old,a,0,5.553999999999974,93,64,-10,95,40,-6,49,43,6,43.36665386,41.28760912,2.079044738,-10,-6,-4,-0.48,0.11,-0.59,FALSE
34,24,female,15,old,b,1,24.92899999999992,80,10,-63,59,46,-60,9,15,-6,58.3837877,53.2979049,5.085882805,-63,-60,-3,-0.03,-0.68,0.65,FALSE
34,24,female,16,old,b,1,4.543999999999983,80,72,-12,88,45,-2,46.66666667,43.66666667,3,41.61196409,36.7544404,4.857523695,-12,-2,-10,-0.69,-0.05,-0.64,FALSE
34,24,female,17,old,b,1,2.268000000000029,90,44,-48,88,16,-45,28.66666667,19.66666667,9,57.37207993,54.3588897,3.013190235,-48,-45,-3,-0.38,0.1,-0.48,FALSE
34,24,female,19,old,b,1,4.921000000000049,92,60,-21,99,43,-11,43.66666667,43.66666667,0,47.55581516,44.90978611,2.646029045,-21,-11,-10,-0.47,0.02,-0.49,FALSE
34,24,female,20,old,b,1,2.84699999999998,63,2,-47,49,23,-45,6,9,-3,44.99629614,39.63163719,5.36465895,-47,-45,-2,0.13,-0.49,0.62,FALSE
34,24,female,21,old,a,0,7.206000000000017,91,67,-10,95,46,-2,49.33333333,46.33333333,3,43.08389748,39.60078563,3.483111855,-10,-2,-8,-0.55,0.01,-0.56,FALSE
34,24,female,22,old,b,1,6.4950000000000045,70,12,-66,45,34,-63,5.333333333,5.333333333,0,55.72152985,48.52719741,7.194332436,-66,-63,-3,-0.18,-0.68,0.5,FALSE
34,24,female,23,old,b,1,3.900000000000091,94,70,-40,98,38,-30,41.33333333,35.33333333,6,58.33999962,52.2897908,6.050208816,-40,-30,-10,-0.62,-0.08,-0.54,FALSE
34,24,female,24,old,b,1,4.653999999999996,81,24,-16,74,4,-7,29.66666667,23.66666667,6,39.80228916,35.8732336,3.929055559,-16,-7,-9,0.21,0.66,-0.45,FALSE
34,24,female,25,old,b,1,1.22300000000007,67,19,-22,60,38,-16,21.33333333,27.33333333,-6,36.37153955,31.93048004,4.441059506,-22,-16,-6,0.1,-0.46,0.56,FALSE
34,24,female,26,old,b,1,2.0570000000000164,98,41,-24,75,68,-19,38.33333333,41.33333333,-3,49.8419725,42.75771535,7.084257142,-24,-19,-5,-0.08,-0.69,0.61,FALSE
34,24,female,27,old,a,0,1.01400000000001,67,11,-13,61,36,-5,21.66666667,30.66666667,-9,33.51948024,27.20702524,6.312455003,-13,-5,-8,0.45,-0.29,0.74,FALSE
34,24,female,28,old,a,0,0.6699999999999591,53,9,-17,37,30,-13,15,18,-3,28.89059824,22.10580618,6.784792065,-17,-13,-4,0.3,-0.65,0.95,FALSE
34,24,female,29,old,b,1,0.6430000000000291,61,54,-82,79,11,-75,11,5,6,65.82299497,63.01322612,2.809768844,-82,-75,-7,-0.7,-0.14,-0.56,FALSE
34,24,female,30,old,a,0,0.5780000000000882,93,58,-8,94,41,-1,47.66666667,44.66666667,3,41.87547678,38.87015422,3.005322563,-8,-1,-7,-0.36,0.14,-0.5,FALSE
34,24,female,31,old,b,1,0.6569999999999254,84,27,-36,73,4,-29,25,16,9,49.01020302,42.49705872,6.513144298,-36,-29,-7,-0.06,0.4,-0.46,FALSE
34,24,female,32,old,b,1,0.3830000000000382,76,3,-64,59,38,-55,5,14,-9,57.17225434,49.53786431,7.634390037,-64,-55,-9,0.05,-0.61,0.66,FALSE
34,24,female,33,old,b,1,0.6490000000000009,91,81,-24,99,44,-22,49.33333333,40.33333333,9,52.01495511,49.46603773,2.548917383,-24,-22,-2,-0.69,-0.11,-0.58,FALSE
34,24,female,34,old,b,1,1.163000000000011,93,31,-8,70,68,-4,38.66666667,44.66666667,-6,41.5879256,34.42221505,7.165710549,-8,-4,-4,0.27,-0.71,0.98,FALSE
34,24,female,35,old,b,1,0.9909999999999854,83,50,-11,85,29,-1,40.66666667,37.66666667,3,38.93869826,35.64017708,3.298521182,-11,-1,-10,-0.35,0.35,-0.7,FALSE
34,24,female,36,old,a,0,1.0049999999999957,91,54,-88,96,14,-80,19,10,9,77.1535266,71.90734779,5.246178806,-88,-80,-8,-0.59,-0.08,-0.51,FALSE
34,24,female,37,old,b,1,1.1929999999999836,77,25,-58,53,45,-54,14.66666667,14.66666667,0,55.59576323,48.66438351,6.93137972,-58,-54,-4,-0.27,-0.69,0.42,FALSE
34,24,female,38,old,a,0,1.2339999999999236,88,17,-44,82,43,-37,20.33333333,29.33333333,-9,53.94029621,49.5333782,4.406918017,-44,-37,-7,0.09,-0.39,0.48,FALSE
34,24,female,39,old,b,1,1.410000000000082,56,42,-72,65,9,-66,8.666666667,2.666666667,6,57.32558087,53.66770185,3.657879018,-72,-66,-6,-0.68,-0.18,-0.5,FALSE
34,24,female,40,old,a,0,0.97199999999998,64,24,-23,50,35,-20,21.66666667,21.66666667,0,35.55590278,30.09245014,5.463452634,-23,-20,-3,-0.1,-0.58,0.48,FALSE
34,24,female,41,old,b,1,0.77800000000002,83,23,-56,70,49,-51,16.66666667,22.66666667,-6,56.92294987,52.7909925,4.131957375,-56,-51,-5,-0.17,-0.62,0.45,FALSE
34,24,female,42,old,a,0,0.9479999999999792,68,25,-12,60,2,-8,27,18,9,32.69046752,29.97776954,2.712697979,-12,-8,-4,0.09,0.65,-0.56,FALSE
34,24,female,0,new,b,1,0.6349999999999909,54,51,-50,87,14,-46,18.33333333,18.33333333,0,48.33448274,54.3834125,-6.048929759,-50,-46,-4,-0.71,0.12,-0.83,FALSE
34,24,female,1,new,a,0,1.0229999999999109,68,60,-38,99,37,-28,30,36,-6,48.19405219,51.85235449,-3.658302303,-38,-28,-10,-0.69,-0.03,-0.66,FALSE
34,24,female,2,new,a,0,0.7700000000000955,32,24,-44,60,15,-36,4,13,-9,34.09789827,39.2173431,-5.119444829,-44,-36,-8,-0.68,-0.08,-0.6,FALSE
34,24,female,3,new,b,1,0.4900000000000091,37,15,-44,59,10,-34,2.666666667,11.66666667,-9,34.19876541,37.9853773,-3.786611894,-44,-34,-10,-0.49,0.07,-0.56,FALSE
34,24,female,4,new,b,1,0.5370000000000346,85,51,-7,92,14,-4,43,34,9,37.98245209,41.66533331,-3.682881223,-7,-4,-3,-0.31,0.61,-0.92,FALSE
34,24,female,5,new,b,1,0.5219999999999345,58,27,-46,74,5,-40,13,13,0,43.59663596,46.88283268,-3.286196723,-46,-40,-6,-0.45,0.25,-0.7,FALSE
34,24,female,6,new,a,0,0.45799999999997,73,45,-52,99,1,-43,22,19,3,53.55993528,59.35205697,-5.792121696,-52,-43,-9,-0.56,0.43,-0.99,FALSE
34,24,female,7,new,b,1,0.5839999999999463,49,45,-36,87,24,-26,19.33333333,28.33333333,-9,39.16063783,46.23370584,-7.073068005,-36,-26,-10,-0.7,0.14,-0.84,FALSE
34,24,female,8,new,a,0,0.4889999999999191,38,17,-31,62,16,-27,8,17,-9,28.87905816,36.34097779,-7.461919633,-31,-27,-4,-0.44,0.04,-0.48,FALSE
34,24,female,9,new,b,1,0.6779999999999973,72,24,-83,93,6,-77,4.333333333,7.333333333,-3,64.78854494,69.40861298,-4.620068037,-83,-77,-6,-0.43,0.03,-0.46,FALSE
34,24,female,10,new,a,0,0.5800000000000409,80,38,-19,90,6,-15,33,27,6,40.57092555,45.36518489,-4.794259339,-19,-15,-4,-0.18,0.6,-0.78,FALSE
34,24,female,11,new,a,0,0.7430000000000518,71,38,-70,91,1,-62,13,10,3,60.21627687,62.78534861,-2.56907174,-70,-62,-8,-0.55,0.21,-0.76,FALSE
34,24,female,12,new,a,0,0.7670000000000528,69,50,-40,89,13,-32,26.33333333,23.33333333,3,47.54179448,49.93551397,-2.393719493,-40,-32,-8,-0.62,0.3,-0.92,FALSE
34,24,female,13,new,b,1,1.3410000000000082,66,47,-58,95,21,-52,18.33333333,21.33333333,-3,54.53031777,60.01296156,-5.482643798,-58,-52,-6,-0.64,0.01,-0.65,FALSE
34,24,female,14,new,b,1,0.3550000000000182,47,44,-54,78,9,-50,12.33333333,12.33333333,0,46.92073695,52.3089115,-5.388174553,-54,-50,-4,-0.7,0.1,-0.8,FALSE
34,24,female,15,new,a,0,0.6299999999999955,62,44,-43,91,27,-37,21,27,-6,45.84757355,52.25578118,-6.408207634,-43,-37,-6,-0.63,0,-0.63,FALSE
34,24,female,16,new,b,1,1.002999999999929,80,48,-26,89,7,-21,34,25,9,44.39219151,46.6761895,-2.283997999,-26,-21,-5,-0.44,0.52,-0.96,FALSE
34,24,female,17,new,b,1,1.0399999999999636,53,40,-78,88,6,-70,5,8,-3,58.92933621,64.51873113,-5.589394916,-78,-70,-8,-0.68,0.05,-0.73,FALSE
34,24,female,18,new,b,1,1.752999999999929,82,49,-19,98,16,-11,37.33333333,34.33333333,3,42.05023451,46.34891824,-4.298683734,-19,-11,-8,-0.39,0.53,-0.92,FALSE
34,24,female,19,new,a,0,0.9130000000000108,86,32,-13,90,5,-8,35,29,6,40.47221269,43.45879274,-2.986580053,-13,-8,-5,0.11,0.66,-0.55,FALSE
34,24,female,20,new,a,0,1.5349999999999682,79,50,-10,95,17,-2,39.66666667,36.66666667,3,37.06151043,41.97088938,-4.90937895,-10,-2,-8,-0.4,0.6,-1,FALSE
34,24,female,21,new,b,1,0.8640000000000327,87,54,-16,96,14,-12,41.66666667,32.66666667,9,42.94440851,46.02414825,-3.079739742,-16,-12,-4,-0.41,0.54,-0.95,FALSE
34,24,female,22,new,b,1,0.9370000000000118,75,48,-36,95,7,-33,29,23,6,47.26520919,53.46650042,-6.201291223,-36,-33,-3,-0.54,0.42,-0.96,FALSE
34,24,female,23,new,b,1,0.8310000000000173,43,31,-49,75,8,-40,8.333333333,14.33333333,-6,40.83571422,47.16166051,-6.325946295,-49,-40,-9,-0.66,0.2,-0.86,FALSE
34,24,female,24,new,b,1,0.80499999999995,72,42,-20,78,6,-17,31.33333333,22.33333333,9,38.30868773,40.46672158,-2.158033852,-20,-17,-3,-0.4,0.54,-0.94,FALSE
34,24,female,25,new,a,0,0.8729999999999336,73,53,-41,99,7,-39,28.33333333,22.33333333,6,49.70133019,57.37207993,-7.670749745,-41,-39,-2,-0.62,0.38,-1,FALSE
34,24,female,26,new,b,1,2.0819999999999936,44,36,-47,66,12,-45,11,11,0,41.14203041,45.32107677,-4.17904636,-47,-45,-2,-0.69,-0.03,-0.66,FALSE
34,24,female,27,new,a,0,1.2290000000000418,42,23,-11,63,18,-9,18,24,-6,21.92411154,29.69848481,-7.774373273,-11,-9,-2,-0.33,0.29,-0.62,FALSE
34,24,female,28,new,b,1,0.7430000000000518,31,25,-52,57,4,-48,1.333333333,4.333333333,-3,37.79182745,42.86671851,-5.074891054,-52,-48,-4,-0.69,0.01,-0.7,FALSE
34,24,female,29,new,b,1,1.474999999999909,86,41,-34,96,4,-25,31,25,6,49.49747468,51.58165048,-2.084175801,-34,-25,-9,-0.29,0.54,-0.83,FALSE
34,24,female,30,new,a,0,0.7690000000000055,44,31,-57,70,16,-50,6,12,-6,44.86275367,49.07137659,-4.208622918,-57,-50,-7,-0.66,-0.12,-0.54,FALSE
34,24,female,31,new,a,0,1.0799999999999272,54,34,-67,84,8,-62,7,10,-3,52.95910372,59.62102537,-6.661921656,-67,-62,-5,-0.63,0.05,-0.68,FALSE
34,24,female,32,new,a,0,1.0199999999999818,69,45,-22,90,19,-17,30.66666667,30.66666667,0,38.50829636,44.45472103,-5.94642467,-22,-17,-5,-0.51,0.38,-0.89,FALSE
34,24,female,33,new,a,0,0.8399999999999181,78,57,-50,98,6,-46,28.33333333,19.33333333,9,56.04958123,59.5389695,-3.489388273,-50,-46,-4,-0.63,0.32,-0.95,FALSE
34,24,female,34,new,a,0,0.6960000000000264,73,23,-91,92,2,-89,1.666666667,1.666666667,0,68.63105873,73.89331649,-5.262257764,-91,-89,-2,-0.44,-0.01,-0.43,FALSE
34,24,female,35,new,b,1,0.72199999999998,89,36,-51,98,7,-49,24.66666667,18.66666667,6,57.71385353,60.5768566,-2.863003074,-51,-49,-2,-0.29,0.28,-0.57,FALSE
34,24,female,36,new,a,0,0.6129999999999427,56,21,-48,76,2,-40,9.666666667,12.66666667,-3,43.20750964,47.95368136,-4.74617172,-48,-40,-8,-0.38,0.32,-0.7,FALSE
34,24,female,37,new,b,1,0.5879999999999654,88,50,-27,96,11,-23,37,28,9,47.84001115,50.04664491,-2.206633761,-27,-23,-4,-0.39,0.47,-0.86,FALSE
34,24,female,38,new,b,1,0.7410000000000991,45,26,-62,73,18,-55,3,12,-9,46.61187259,52.42772803,-5.815855439,-62,-55,-7,-0.62,-0.17,-0.45,FALSE
34,24,female,39,new,b,1,0.8319999999999936,68,52,-62,94,9,-54,19.33333333,16.33333333,3,57.88110419,60.64285247,-2.761748279,-62,-54,-8,-0.67,0.18,-0.85,FALSE
34,24,female,40,new,b,1,1.092999999999961,59,30,-17,77,20,-7,24,30,-6,31.31559782,35.0142828,-3.698684983,-17,-7,-10,-0.28,0.41,-0.69,FALSE
34,24,female,41,new,b,1,0.8009999999999309,38,36,-51,71,20,-41,7.666666667,16.66666667,-9,41.49163236,45.78451946,-4.292887105,-51,-41,-10,-0.71,-0.11,-0.6,FALSE
34,24,female,0,old,b,1,0.6319999999999482,46,30,-55,47,6,-50,7,1,6,44.32456054,39.75759885,4.566961681,-55,-50,-5,-0.64,-0.19,-0.45,FALSE
34,24,female,1,old,b,1,0.6699999999999591,78,43,-10,60,54,-3,37,37,0,36.17549815,28.39013913,7.785359021,-10,-3,-7,-0.24,-0.68,0.44,FALSE
34,24,female,2,old,b,1,0.6589999999999918,60,5,-41,53,30,-32,8,17,-9,41.28760912,35.89800366,5.389605459,-41,-32,-9,0.11,-0.5,0.61,FALSE
34,24,female,4,old,b,1,0.7520000000000664,58,38,-11,53,25,-2,28.33333333,25.33333333,3,28.98658694,22.45489306,6.531693879,-11,-2,-9,-0.46,0.02,-0.48,FALSE
34,24,female,5,old,a,0,5.945999999999913,98,42,-26,70,68,-24,38,38,0,50.70174224,43.84822307,6.853519172,-26,-24,-2,-0.12,-0.71,0.59,FALSE
34,24,female,6,old,a,0,1.370999999999981,53,8,-35,40,19,-33,8.666666667,8.666666667,0,35.92894222,30.68477726,5.244164957,-35,-33,-2,0.03,-0.47,0.5,FALSE
34,24,female,7,old,a,0,0.636000000000081,79,64,-29,81,28,-22,38,29,9,47.77028365,42.05551886,5.714764789,-29,-22,-7,-0.66,0.04,-0.7,FALSE
34,24,female,8,old,b,1,0.72300000000007,61,12,-35,44,34,-31,12.66666667,15.66666667,-3,39.19467084,33.24989557,5.944775267,-35,-31,-4,0.03,-0.66,0.69,FALSE
34,24,female,9,old,b,1,0.4919999999999618,87,78,-16,94,52,-6,49.66666667,46.66666667,3,46.57848812,40.99864496,5.579843156,-16,-6,-10,-0.69,-0.19,-0.5,FALSE
34,24,female,10,old,a,0,0.988999999999919,46,32,-39,42,9,-30,13,7,6,37.21110945,29.42787794,7.783231513,-39,-30,-9,-0.63,-0.1,-0.53,FALSE
34,24,female,11,old,a,0,0.7690000000000055,82,31,-53,64,62,-48,20,26,-6,55.6596802,52.33227175,3.327408449,-53,-48,-5,-0.29,-0.71,0.42,FALSE
34,24,female,12,old,b,1,0.55499999999995,79,63,-12,80,36,-4,43.33333333,37.33333333,6,39.6680672,34.30581421,5.362252988,-12,-4,-8,-0.62,0.06,-0.68,FALSE
34,24,female,13,old,a,0,0.8300000000000409,73,52,-43,84,13,-33,27.33333333,21.33333333,6,50.4667107,48.12714642,2.339564283,-43,-33,-10,-0.62,0.25,-0.87,FALSE
34,24,female,14,old,b,1,3.757999999999925,79,13,-40,74,33,-37,17.33333333,23.33333333,-6,48.67808085,45.82818153,2.849899325,-40,-37,-3,0.13,-0.31,0.44,FALSE
34,24,female,15,old,b,1,0.5209999999999582,79,16,-61,58,42,-57,11.33333333,14.33333333,-3,57.24993935,50.86146762,6.388471726,-61,-57,-4,-0.12,-0.65,0.53,FALSE
34,24,female,16,old,b,1,0.5579999999999927,74,5,-55,57,19,-52,8,8,0,52.70673581,45.17373868,7.532997129,-55,-52,-3,0.09,-0.35,0.44,FALSE
34,24,female,17,old,b,1,0.68100000000004,77,69,-21,82,39,-14,41.66666667,35.66666667,6,44.43222054,39.26264835,5.16957219,-21,-14,-7,-0.69,-0.13,-0.56,FALSE
34,24,female,18,old,b,1,0.6499999999999773,48,3,-24,46,23,-15,9,18,-9,29.69848481,25.15286597,4.545618837,-24,-15,-9,0.29,-0.29,0.58,FALSE
34,24,female,19,old,b,1,0.37799999999992906,70,57,-28,78,40,-19,33,33,0,43.45879274,39.90822806,3.550564686,-28,-19,-9,-0.66,-0.26,-0.4,FALSE
34,24,female,20,old,b,1,0.6770000000000209,99,52,-13,90,75,-9,46,52,-6,45.92022067,43.56604182,2.354178852,-13,-9,-4,-0.19,-0.64,0.45,FALSE
34,24,female,21,old,b,1,0.4869999999999664,82,11,-76,60,51,-67,5.666666667,14.66666667,-9,64.61338011,57.86382482,6.749555292,-76,-67,-9,-0.12,-0.69,0.57,FALSE
34,24,female,22,old,a,0,0.7970000000000255,80,43,-35,75,18,-32,29.33333333,20.33333333,9,47.93282336,43.71371511,4.219108251,-35,-32,-3,-0.4,0.08,-0.48,FALSE
34,24,female,23,old,a,0,1.4460000000000264,85,68,-15,91,43,-5,46,43,3,43.68828981,39.19183588,4.496453927,-15,-5,-10,-0.63,0,-0.63,FALSE
34,24,female,24,old,a,0,1.7590000000000146,64,62,-48,70,29,-39,26,20,6,52.33227175,44.95182607,7.380445685,-48,-39,-9,-0.71,-0.29,-0.42,FALSE
34,24,female,25,old,b,1,1.490000000000009,53,40,-11,50,25,-2,27.33333333,24.33333333,3,27.62044331,21.23414441,6.386298903,-11,-2,-9,-0.59,-0.05,-0.54,FALSE
34,24,female,26,old,b,1,1.1720000000000257,57,44,-13,53,29,-3,29.33333333,26.33333333,3,30.40102337,22.93953405,7.461489329,-13,-3,-10,-0.61,-0.17,-0.44,FALSE
34,24,female,27,old,a,0,0.9300000000000636,59,9,-67,40,31,-61,0.333333333,3.333333333,-3,51.80304581,45.63867755,6.164368259,-67,-61,-6,-0.25,-0.69,0.44,FALSE
34,24,female,28,old,b,1,0.6779999999999973,96,19,-78,77,43,-74,12.33333333,15.33333333,-3,71.19144768,64.67525716,6.516190515,-78,-74,-4,-0.14,-0.56,0.42,FALSE
34,24,female,29,old,b,1,1.455000000000041,92,2,-70,66,50,-65,8,17,-9,66.2721661,58.34952156,7.92264454,-70,-65,-5,0.14,-0.67,0.81,FALSE
34,24,female,30,old,b,1,0.8400000000000318,85,24,-45,67,54,-39,21.33333333,27.33333333,-6,53.10576449,47.20404879,5.901715701,-45,-39,-6,-0.08,-0.67,0.59,FALSE
34,24,female,31,old,b,1,1.5720000000000027,63,16,-47,44,40,-43,10.66666667,13.66666667,-3,45.0653846,40.10264608,4.962738522,-47,-43,-4,-0.18,-0.7,0.52,FALSE
34,24,female,32,old,a,0,0.7949999999999591,57,19,-12,42,29,-7,21.33333333,21.33333333,0,28.21740991,20.72572208,7.491687838,-12,-7,-5,0.12,-0.5,0.62,FALSE
34,24,female,33,old,b,1,1.0579999999999927,91,22,-54,72,61,-47,19.66666667,28.66666667,-9,59.21899095,53.69254035,5.526450601,-54,-47,-7,-0.06,-0.68,0.62,FALSE
34,24,female,34,old,b,1,2.124000000000024,48,21,-20,41,36,-10,16.33333333,22.33333333,-6,27.95631513,22.9540604,5.002254727,-20,-10,-10,-0.25,-0.68,0.43,FALSE
34,24,female,35,old,b,1,0.9740000000000464,98,58,-16,96,41,-6,46.66666667,43.66666667,3,47.22522866,41.6839964,5.541232266,-16,-6,-10,-0.35,0.1,-0.45,FALSE
34,24,female,36,old,a,0,2.4489999999999554,91,79,-11,99,39,-6,53,44,9,45.51922671,43.01162634,2.507600372,-11,-6,-5,-0.67,0.17,-0.84,FALSE
34,24,female,37,old,b,1,1.3629999999999427,70,51,-43,75,10,-34,26,17,9,49.40310382,44.77350407,4.629599747,-43,-34,-9,-0.63,0.23,-0.86,FALSE
34,24,female,38,old,b,1,2.173999999999978,79,40,-26,73,13,-20,31,22,9,43.33589736,38.49675311,4.83914425,-26,-20,-6,-0.3,0.34,-0.64,FALSE
34,24,female,39,old,b,1,4.018000000000029,74,21,-46,56,42,-40,16.33333333,19.33333333,-3,49.10080334,42.34251869,6.758284654,-46,-40,-6,-0.14,-0.65,0.51,FALSE
34,24,female,40,old,a,0,1.6509999999999536,65,57,-40,69,18,-32,27.33333333,18.33333333,9,47.72374205,41.23375101,6.489991045,-40,-32,-8,-0.69,0.01,-0.7,FALSE
34,24,female,41,old,b,1,3.3769999999999527,65,13,-18,61,36,-10,20,29,-9,34.24422092,29.40521496,4.839005967,-18,-10,-8,0.3,-0.34,0.64,FALSE
34,24,female,42,old,b,1,3.6700000000000728,56,8,-52,40,33,-43,4,10,-6,44.18144407,37.58545818,6.595985888,-52,-43,-9,-0.14,-0.69,0.55,FALSE
35,24,male,0,new,a,0,84.60820000001786,57,33,-39,75,10,-34,17,17,0,40.79215611,44.77350407,-3.981347961,-39,-34,-5,-0.53,0.23,-0.76,FALSE
35,24,male,1,new,a,0,150.4831999999882,86,35,-10,92,6,-5,37,31,6,39.2173431,43.36665386,-4.149310754,-10,-5,-5,0.08,0.67,-0.59,FALSE
35,24,male,2,new,a,0,2.452699999987999,94,45,-8,97,10,-3,43.66666667,34.66666667,9,41.65199742,44.39469438,-2.74269696,-8,-3,-5,-0.05,0.66,-0.71,FALSE
35,24,male,3,new,b,1,1.2932999999820822,76,31,-39,96,19,-29,22.66666667,28.66666667,-6,47.31689856,51.48678363,-4.169885078,-39,-29,-10,-0.26,0.28,-0.54,FALSE
35,24,male,4,new,b,1,1.169999999999959,63,62,-52,88,34,-49,24.33333333,24.33333333,0,53.97736151,56.34615239,-2.368790878,-52,-49,-3,-0.71,-0.25,-0.46,FALSE
35,24,male,5,new,a,0,2.6166999999881,62,55,-78,93,7,-70,13,10,3,64.41014413,66.57827473,-2.168130606,-78,-70,-8,-0.7,0.07,-0.77,FALSE
35,24,male,6,new,b,1,1.187899999976139,70,31,-60,87,5,-51,13.66666667,13.66666667,0,54.46915539,56.6705881,-2.20143271,-60,-51,-9,-0.45,0.23,-0.68,FALSE
35,24,male,7,new,a,0,1.4408999999761818,74,56,-98,99,2,-96,10.66666667,1.666666667,9,77.18952145,79.60876557,-2.4192441160000002,-98,-96,-2,-0.68,-0.01,-0.67,FALSE
35,24,male,8,new,a,0,88.65729999998211,67,34,-14,82,3,-7,29,26,3,33.2565783,39.80787192,-6.551293622,-14,-7,-7,-0.22,0.67,-0.89,FALSE
35,24,male,9,new,a,0,99.95950000000003,59,53,-70,91,2,-60,14,11,3,59.44745579,61.97311245,-2.525656659,-70,-60,-10,-0.7,0.21,-0.91,FALSE
35,24,male,10,new,a,0,105.30880000001184,73,35,-13,82,8,-4,31.66666667,28.66666667,3,35.18838192,38.02922853,-2.840846604,-13,-4,-9,-0.14,0.65,-0.79,FALSE
35,24,male,11,new,b,1,5.990300000011757,59,34,-23,76,30,-18,23.33333333,29.33333333,-6,34.31552936,38.37823457,-4.062705208,-23,-18,-5,-0.44,-0.03,-0.41,FALSE
35,24,male,12,new,a,0,1.1513000000118154,59,17,-45,75,4,-39,10.33333333,13.33333333,-3,42.71871825,47.00590979,-4.287191544,-45,-39,-6,-0.23,0.29,-0.52,FALSE
35,24,male,13,new,b,1,2.821400000005952,72,24,-26,91,16,-19,23.33333333,29.33333333,-6,40.01110957,45.88633299,-5.875223425,-26,-19,-7,-0.02,0.41,-0.43,FALSE
35,24,male,14,new,b,1,1.4035999999939577,75,51,-33,96,10,-31,31,25,6,46.30334761,52.92132525,-6.617977643,-33,-31,-2,-0.57,0.4,-0.97,FALSE
35,24,male,15,new,a,0,2.736799999982168,85,45,-46,95,4,-42,28,19,9,54.81483984,56.92685365,-2.112013812,-46,-42,-4,-0.44,0.38,-0.82,FALSE
35,24,male,16,new,a,0,0.8874000000059823,75,60,-69,99,6,-66,22,13,9,64.63745044,67.54257916,-2.905128718,-69,-66,-3,-0.68,0.15,-0.83,FALSE
35,24,male,17,new,b,1,23.93490000000588,66,55,-73,97,23,-63,16,19,-3,63.09252465,65.38093504,-2.28841039,-73,-63,-10,-0.69,-0.09,-0.6,FALSE
35,24,male,18,new,a,0,1.4549999999999272,82,33,-22,91,7,-14,31,28,3,42.48136847,45.36518489,-2.883816424,-22,-14,-8,-0.07,0.6,-0.67,FALSE
35,24,male,19,new,b,1,0.8400000000001455,82,41,-36,94,3,-28,29,23,6,48.91489207,51.77515492,-2.860262842,-36,-28,-8,-0.35,0.52,-0.87,FALSE
35,24,male,21,new,b,1,0.8726999999880718,45,40,-49,77,30,-44,12,21,-9,43.18178628,49.80629144,-6.624505153,-49,-44,-5,-0.7,-0.27,-0.43,FALSE
35,24,male,22,new,a,0,0.8539000000059787,62,41,-30,88,24,-21,24.33333333,30.33333333,-6,39.36439452,44.723844,-5.359449486,-30,-21,-9,-0.56,0.21,-0.77,FALSE
35,24,male,23,new,b,1,0.8059000000059768,71,36,-38,93,11,-35,23,23,0,45.43860326,52.94021786,-7.501614591,-38,-35,-3,-0.41,0.33,-0.74,FALSE
35,24,male,24,new,a,0,0.8224999999999909,76,38,-12,82,9,-7,34,28,6,36.037018,38.73843914,-2.701421131,-12,-7,-5,-0.17,0.62,-0.79,FALSE
35,24,male,25,new,a,0,0.755099999993945,67,58,-29,93,49,-19,32,41,-9,43.28972164,46.07240678,-2.782685138,-29,-19,-10,-0.68,-0.26,-0.42,FALSE
35,24,male,26,new,b,1,2.58849999999984,35,19,-36,66,5,-26,6,15,-9,30.40833219,38.21866909,-7.810336894,-36,-26,-10,-0.56,0.37,-0.93,FALSE
35,24,male,27,new,a,0,0.953800000012052,83,52,-36,96,9,-33,33,24,9,50.4050262,53.72150407,-3.31647787,-36,-33,-3,-0.51,0.4,-0.91,FALSE
35,24,male,28,new,a,0,1.171800000011899,73,32,-44,95,17,-42,20.33333333,23.33333333,-3,48.47221426,56.10902086,-7.6368066,-44,-42,-2,-0.35,0.17,-0.52,FALSE
35,24,male,29,new,a,0,1.6382999999821095,51,25,-16,72,5,-8,20,23,-3,27.58018612,35.05234181,-7.47215569,-16,-8,-8,-0.27,0.63,-0.9,FALSE
35,24,male,30,new,b,1,1.9055999999941375,65,61,-27,97,23,-21,33,33,0,42.45782221,48.68949236,-6.231670156,-27,-21,-6,-0.7,0.3,-1,FALSE
35,24,male,31,new,a,0,65.55650000000014,74,29,-58,96,13,-55,15,18,-3,54.79051013,61.74679479,-6.956284661,-58,-55,-3,-0.37,0.12,-0.49,FALSE
35,24,male,32,new,b,1,1.5654000000060933,62,43,-86,99,27,-80,6.333333333,15.33333333,-9,65.74867975,73.54061614,-7.79193639,-86,-80,-6,-0.66,-0.23,-0.43,FALSE
35,24,male,33,new,b,1,3.536599999993996,41,39,-29,73,26,-21,17,26,-9,32.53715825,38.3753393,-5.838181059,-29,-21,-8,-0.71,0,-0.71,FALSE
35,24,male,34,new,a,0,4.421799999982113,60,59,-71,98,2,-61,16,13,3,61.51964456,65.37583651,-3.856191956,-71,-61,-10,-0.71,0.25,-0.96,FALSE
35,24,male,35,new,b,1,1.4885000000001585,56,49,-15,84,31,-7,30,36,-6,31.94787421,37.31844941,-5.370575202,-15,-7,-8,-0.68,0.2,-0.88,FALSE
35,24,male,36,new,a,0,3.709099999993896,40,34,-14,62,29,-4,20,29,-9,24.16609195,26.94438717,-2.778295223,-14,-4,-10,-0.67,0,-0.67,FALSE
35,24,male,37,new,a,0,13.717800000011948,61,33,-4,66,7,-1,30,24,6,26.62079388,29.87752779,-3.25673391,-4,-1,-3,-0.17,0.67,-0.84,FALSE
35,24,male,38,new,b,1,1.5823000000118554,58,27,-28,78,17,-20,19,25,-6,35.56215217,40.40627014,-4.844117975,-28,-20,-8,-0.33,0.29,-0.62,FALSE
35,24,male,39,new,a,0,1.2527000000177395,56,39,-80,86,11,-73,5,8,-3,60.50344343,64.94613152,-4.442688096,-80,-73,-7,-0.67,-0.07,-0.6,FALSE
35,24,male,40,new,b,1,0.9225000000001272,65,35,-38,81,15,-34,20.66666667,20.66666667,0,43.25377312,47.1192341,-3.865460983,-38,-34,-4,-0.46,0.18,-0.64,FALSE
35,24,male,41,new,a,0,0.939599999994016,84,38,-47,98,2,-43,25,19,6,54.26478293,58.80476171,-4.53997878,-47,-43,-4,-0.35,0.41,-0.76,FALSE
35,24,male,42,new,a,0,1.0744000000058804,83,36,-11,86,2,-7,36,27,9,38.3753393,41.88078318,-3.505443879,-11,-7,-4,0,0.68,-0.68,FALSE
35,24,male,0,old,b,1,1.61649999999986,80,72,-12,88,45,-2,46.66666667,43.66666667,3,41.61196409,36.7544404,4.857523695,-12,-2,-10,-0.69,-0.05,-0.64,FALSE
35,24,male,1,old,b,1,2.071200000017825,83,23,-56,70,49,-51,16.66666667,22.66666667,-6,56.92294987,52.7909925,4.131957375,-56,-51,-5,-0.17,-0.62,0.45,FALSE
35,24,male,2,old,b,1,1.005700000017896,80,10,-63,59,46,-60,9,15,-6,58.3837877,53.2979049,5.085882805,-63,-60,-3,-0.03,-0.68,0.65,FALSE
35,24,male,3,old,a,0,0.7223000000119555,55,15,-13,42,31,-7,19,22,-3,27.90459938,20.99206199,6.91253739,-13,-7,-6,0.21,-0.56,0.77,FALSE
35,24,male,4,old,a,0,0.5731999999879918,92,60,-21,99,43,-11,43.66666667,43.66666667,0,47.55581516,44.90978611,2.646029045,-21,-11,-10,-0.47,0.02,-0.49,FALSE
35,24,male,5,old,a,0,0.6565999999941141,83,50,-11,85,29,-1,40.66666667,37.66666667,3,38.93869826,35.64017708,3.298521182,-11,-1,-10,-0.35,0.35,-0.7,FALSE
35,24,male,6,old,b,1,0.45630000001210647,91,54,-88,96,14,-80,19,10,9,77.1535266,71.90734779,5.246178806,-88,-80,-8,-0.59,-0.08,-0.51,FALSE
35,24,male,7,old,b,1,0.5731999999879918,88,33,-10,73,59,-3,37,43,-6,40.10818703,33.02524287,7.082944157,-10,-3,-7,0.15,-0.61,0.76,FALSE
35,24,male,8,old,b,1,0.5725999999940541,63,2,-47,49,23,-45,6,9,-3,44.99629614,39.63163719,5.36465895,-47,-45,-2,0.13,-0.49,0.62,FALSE
35,24,male,9,old,a,0,0.47149999999987813,98,41,-24,75,68,-19,38.33333333,41.33333333,-3,49.8419725,42.75771535,7.084257142,-24,-19,-5,-0.08,-0.69,0.61,FALSE
35,24,male,10,old,a,0,0.4717000000180178,81,24,-16,74,4,-7,29.66666667,23.66666667,6,39.80228916,35.8732336,3.929055559,-16,-7,-9,0.21,0.66,-0.45,FALSE
35,24,male,12,old,b,1,80.48709999999392,80,2,-60,69,30,-50,7.333333333,16.33333333,-9,57.27904406,49.5333782,7.745665868,-60,-50,-10,0.14,-0.39,0.53,FALSE
35,24,male,13,old,b,1,5.396899999976085,75,4,-67,57,43,-61,4,13,-9,57.97125725,52.63712252,5.334134731,-67,-61,-6,0,-0.67,0.67,FALSE
35,24,male,14,old,b,1,45.45019999998817,85,2,-81,57,52,-76,2,11,-9,67.76921622,61.55214591,6.217070303,-81,-76,-5,0,-0.7,0.7,FALSE
35,24,male,15,old,b,1,73.96859999999401,64,24,-23,50,35,-20,21.66666667,21.66666667,0,35.55590278,30.09245014,5.463452634,-23,-20,-3,-0.1,-0.58,0.48,FALSE
35,24,male,16,old,b,1,3.2640999999939595,88,17,-44,82,43,-37,20.33333333,29.33333333,-9,53.94029621,49.5333782,4.406918017,-44,-37,-7,0.09,-0.39,0.48,FALSE
35,24,male,17,old,b,1,24.984099999993987,91,67,-10,95,46,-2,49.33333333,46.33333333,3,43.08389748,39.60078563,3.483111855,-10,-2,-8,-0.55,0.01,-0.56,FALSE
35,24,male,18,old,b,1,11.321500000000016,76,3,-64,59,38,-55,5,14,-9,57.17225434,49.53786431,7.634390037,-64,-55,-9,0.05,-0.61,0.66,FALSE
35,24,male,19,old,a,0,5.438000000000102,68,25,-12,60,2,-8,27,18,9,32.69046752,29.97776954,2.712697979,-12,-8,-4,0.09,0.65,-0.56,FALSE
35,24,male,20,old,a,0,4.6054000000058295,95,48,-30,71,67,-25,37.66666667,37.66666667,0,51.55148451,44.3421044,7.209380118,-30,-25,-5,-0.29,-0.7,0.41,FALSE
35,24,male,21,old,a,0,15.069900000005871,99,51,-13,95,36,-3,45.66666667,42.66666667,3,45.87906809,40.28509512,5.59397297,-13,-3,-10,-0.17,0.24,-0.41,FALSE
35,24,male,22,old,b,1,2.5889000000058786,53,8,-34,41,23,-28,9,12,-3,35.52463934,29.22327839,6.301360944,-34,-28,-6,0.04,-0.51,0.55,FALSE
35,24,male,23,old,a,0,3.005099999993945,99,35,-16,88,50,-11,39.33333333,42.33333333,-3,47.0484384,40.77853466,6.269903738,-16,-11,-5,0.14,-0.28,0.42,FALSE
35,24,male,24,old,a,0,3.938099999994165,93,58,-8,94,41,-1,47.66666667,44.66666667,3,41.87547678,38.87015422,3.005322563,-8,-1,-7,-0.36,0.14,-0.5,FALSE
35,24,male,25,old,a,0,5.205700000017714,94,70,-40,98,38,-30,41.33333333,35.33333333,6,58.33999962,52.2897908,6.050208816,-40,-30,-10,-0.62,-0.08,-0.54,FALSE
35,24,male,26,old,b,1,4.67359999999394,67,19,-22,60,38,-16,21.33333333,27.33333333,-6,36.37153955,31.93048004,4.441059506,-22,-16,-6,0.1,-0.46,0.56,FALSE
35,24,male,27,old,a,0,2.1052000000179305,90,44,-48,88,16,-45,28.66666667,19.66666667,9,57.37207993,54.3588897,3.013190235,-48,-45,-3,-0.38,0.1,-0.48,FALSE
35,24,male,28,old,a,0,1.3732999999822368,56,42,-72,65,9,-66,8.666666667,2.666666667,6,57.32558087,53.66770185,3.657879018,-72,-66,-6,-0.68,-0.18,-0.5,FALSE
35,24,male,29,old,b,1,20.537000000000035,53,9,-17,37,30,-13,15,18,-3,28.89059824,22.10580618,6.784792065,-17,-13,-4,0.3,-0.65,0.95,FALSE
35,24,male,30,old,a,0,18.38580000001184,70,12,-66,45,34,-63,5.333333333,5.333333333,0,55.72152985,48.52719741,7.194332436,-66,-63,-3,-0.18,-0.68,0.5,FALSE
35,24,male,31,old,a,0,5.655900000005886,97,58,-61,98,20,-51,31.33333333,22.33333333,9,67.20284386,60.85136719,6.351476665,-61,-51,-10,-0.53,0.06,-0.59,FALSE
35,24,male,32,old,a,0,3.0561999999881664,91,81,-24,99,44,-22,49.33333333,40.33333333,9,52.01495511,49.46603773,2.548917383,-24,-22,-2,-0.69,-0.11,-0.58,FALSE
35,24,male,33,old,a,0,1.5556999999880643,77,25,-58,53,45,-54,14.66666667,14.66666667,0,55.59576323,48.66438351,6.93137972,-58,-54,-4,-0.27,-0.69,0.42,FALSE
35,24,male,34,old,a,0,2.206299999982093,93,31,-8,70,68,-4,38.66666667,44.66666667,-6,41.5879256,34.42221505,7.165710549,-8,-4,-4,0.27,-0.71,0.98,FALSE
35,24,male,35,old,a,0,27.534899999976005,84,27,-36,73,4,-29,25,16,9,49.01020302,42.49705872,6.513144298,-36,-29,-7,-0.06,0.4,-0.46,FALSE
35,24,male,36,old,b,1,4.138300000011896,66,31,-13,68,19,-3,28,28,0,32.3213036,29.67602849,2.645275119,-13,-3,-10,-0.14,0.43,-0.57,FALSE
35,24,male,37,old,b,1,6.221000000000004,93,64,-10,95,40,-6,49,43,6,43.36665386,41.28760912,2.079044738,-10,-6,-4,-0.48,0.11,-0.59,FALSE
35,24,male,38,old,a,0,5.888400000005959,74,43,-22,76,14,-13,31.66666667,25.66666667,6,40.00277768,37.25885428,2.743923402,-22,-13,-9,-0.4,0.44,-0.84,FALSE
35,24,male,39,old,b,1,2.088999999999942,61,54,-82,79,11,-75,11,5,6,65.82299497,63.01322612,2.809768844,-82,-75,-7,-0.7,-0.14,-0.56,FALSE
35,24,male,40,old,a,0,1.1394999999999982,67,11,-13,61,36,-5,21.66666667,30.66666667,-9,33.51948024,27.20702524,6.312455003,-13,-5,-8,0.45,-0.29,0.74,FALSE
35,24,male,41,old,b,1,7.288699999988239,69,24,-23,60,43,-15,23.33333333,29.33333333,-6,37.56180093,32.10745846,5.454342465,-23,-15,-8,-0.03,-0.56,0.53,FALSE
35,24,male,42,old,a,0,2.7898000000118373,91,75,-12,94,55,-4,51.33333333,48.33333333,3,45.25728916,40.28509512,4.97219404,-12,-4,-8,-0.64,-0.24,-0.4,FALSE
35,24,male,0,new,a,0,16.880099999994172,54,34,-67,84,8,-62,7,10,-3,52.95910372,59.62102537,-6.661921656,-67,-62,-5,-0.63,0.05,-0.68,FALSE
35,24,male,1,new,a,0,0.8721999999881973,78,57,-50,98,6,-46,28.33333333,19.33333333,9,56.04958123,59.5389695,-3.489388273,-50,-46,-4,-0.63,0.32,-0.95,FALSE
35,24,male,2,new,a,0,2.288900000005924,69,50,-40,89,13,-32,26.33333333,23.33333333,3,47.54179448,49.93551397,-2.393719493,-40,-32,-8,-0.62,0.3,-0.92,FALSE
35,24,male,3,new,b,1,1.955400000005966,66,47,-58,95,21,-52,18.33333333,21.33333333,-3,54.53031777,60.01296156,-5.482643798,-58,-52,-6,-0.64,0.01,-0.65,FALSE
35,24,male,4,new,a,0,5.488499999999931,89,36,-51,98,7,-49,24.66666667,18.66666667,6,57.71385353,60.5768566,-2.863003074,-51,-49,-2,-0.29,0.28,-0.57,FALSE
35,24,male,5,new,b,1,67.06390000000602,47,44,-54,78,9,-50,12.33333333,12.33333333,0,46.92073695,52.3089115,-5.388174553,-54,-50,-4,-0.7,0.1,-0.8,FALSE
35,24,male,6,new,a,0,7.372200000017756,68,52,-62,94,9,-54,19.33333333,16.33333333,3,57.88110419,60.64285247,-2.761748279,-62,-54,-8,-0.67,0.18,-0.85,FALSE
35,24,male,7,new,b,1,28.36979999998221,38,36,-51,71,20,-41,7.666666667,16.66666667,-9,41.49163236,45.78451946,-4.292887105,-51,-41,-10,-0.71,-0.11,-0.6,FALSE
35,24,male,8,new,b,1,1.6706999999880736,68,60,-38,99,37,-28,30,36,-6,48.19405219,51.85235449,-3.658302303,-38,-28,-10,-0.69,-0.03,-0.66,FALSE
35,24,male,9,new,a,0,8.404999999999973,72,42,-20,78,6,-17,31.33333333,22.33333333,9,38.30868773,40.46672158,-2.158033852,-20,-17,-3,-0.4,0.54,-0.94,FALSE
35,24,male,10,new,b,1,2.308300000011968,72,24,-83,93,6,-77,4.333333333,7.333333333,-3,64.78854494,69.40861298,-4.620068037,-83,-77,-6,-0.43,0.03,-0.46,FALSE
35,24,male,11,new,a,0,5.622099999993907,86,32,-13,90,5,-8,35,29,6,40.47221269,43.45879274,-2.986580053,-13,-8,-5,0.11,0.66,-0.55,FALSE
35,24,male,12,new,a,0,1.2063000000121065,80,48,-26,89,7,-21,34,25,9,44.39219151,46.6761895,-2.283997999,-26,-21,-5,-0.44,0.52,-0.96,FALSE
35,24,male,13,new,b,1,1.489099999994096,37,15,-44,59,10,-34,2.666666667,11.66666667,-9,34.19876541,37.9853773,-3.786611894,-44,-34,-10,-0.49,0.07,-0.56,FALSE
35,24,male,14,new,a,0,1.839200000017854,88,50,-27,96,11,-23,37,28,9,47.84001115,50.04664491,-2.206633761,-27,-23,-4,-0.39,0.47,-0.86,FALSE
35,24,male,15,new,b,1,9.4203000000118209,49,45,-36,87,24,-26,19.33333333,28.33333333,-9,39.16063783,46.23370584,-7.073068005,-36,-26,-10,-0.7,0.14,-0.84,FALSE
35,24,male,16,new,b,1,3.190200000017967,54,51,-50,87,14,-46,18.33333333,18.33333333,0,48.33448274,54.3834125,-6.048929759,-50,-46,-4,-0.71,0.12,-0.83,FALSE
35,24,male,17,new,b,1,1.42169999998805,87,54,-16,96,14,-12,41.66666667,32.66666667,9,42.94440851,46.02414825,-3.079739742,-16,-12,-4,-0.41,0.54,-0.95,FALSE
35,24,male,18,new,b,1,8.588800000012043,42,23,-11,63,18,-9,18,24,-6,21.92411154,29.69848481,-7.774373273,-11,-9,-2,-0.33,0.29,-0.62,FALSE
35,24,male,19,new,b,1,11.222300000011955,45,26,-62,73,18,-55,3,12,-9,46.61187259,52.42772803,-5.815855439,-62,-55,-7,-0.62,-0.17,-0.45,FALSE
35,24,male,20,new,b,1,1.438299999982064,62,44,-43,91,27,-37,21,27,-6,45.84757355,52.25578118,-6.408207634,-43,-37,-6,-0.63,0,-0.63,FALSE
35,24,male,21,new,b,1,1.272899999976289,82,49,-19,98,16,-11,37.33333333,34.33333333,3,42.05023451,46.34891824,-4.298683734,-19,-11,-8,-0.39,0.53,-0.92,FALSE
35,24,male,22,new,b,1,14.23780000001193,73,45,-52,99,1,-43,22,19,3,53.55993528,59.35205697,-5.792121696,-52,-43,-9,-0.56,0.43,-0.99,FALSE
35,24,male,23,new,b,1,1.5545000000001892,56,21,-48,76,2,-40,9.666666667,12.66666667,-3,43.20750964,47.95368136,-4.74617172,-48,-40,-8,-0.38,0.32,-0.7,FALSE
35,24,male,24,new,b,1,4.922700000017812,44,31,-57,70,16,-50,6,12,-6,44.86275367,49.07137659,-4.208622918,-57,-50,-7,-0.66,-0.12,-0.54,FALSE
35,24,male,25,new,b,1,1.1224000000058822,80,38,-19,90,6,-15,33,27,6,40.57092555,45.36518489,-4.794259339,-19,-15,-4,-0.18,0.6,-0.78,FALSE
35,24,male,26,new,b,1,0.8896999999881245,73,53,-41,99,7,-39,28.33333333,22.33333333,6,49.70133019,57.37207993,-7.670749745,-41,-39,-2,-0.62,0.38,-1,FALSE
35,24,male,28,new,b,1,0.9887000000178432,86,41,-34,96,4,-25,31,25,6,49.49747468,51.58165048,-2.084175801,-34,-25,-9,-0.29,0.54,-0.83,FALSE
35,24,male,29,new,a,0,2.823299999982055,53,40,-78,88,6,-70,5,8,-3,58.92933621,64.51873113,-5.589394916,-78,-70,-8,-0.68,0.05,-0.73,FALSE
35,24,male,30,new,b,1,3.4056999999879736,73,23,-91,92,2,-89,1.666666667,1.666666667,0,68.63105873,73.89331649,-5.262257764,-91,-89,-2,-0.44,-0.01,-0.43,FALSE
35,24,male,31,new,b,1,5.740900000005922,85,51,-7,92,14,-4,43,34,9,37.98245209,41.66533331,-3.682881223,-7,-4,-3,-0.31,0.61,-0.92,FALSE
35,24,male,32,new,b,1,4.9394000000058895,79,50,-10,95,17,-2,39.66666667,36.66666667,3,37.06151043,41.97088938,-4.90937895,-10,-2,-8,-0.4,0.6,-1,FALSE
35,24,male,33,new,a,0,1.9716000000239544,58,27,-46,74,5,-40,13,13,0,43.59663596,46.88283268,-3.286196723,-46,-40,-6,-0.45,0.25,-0.7,FALSE
35,24,male,34,new,b,1,3.7884000000058222,44,36,-47,66,12,-45,11,11,0,41.14203041,45.32107677,-4.17904636,-47,-45,-2,-0.69,-0.03,-0.66,FALSE
35,24,male,35,new,b,1,1.821999999999889,75,48,-36,95,7,-33,29,23,6,47.26520919,53.46650042,-6.201291223,-36,-33,-3,-0.54,0.42,-0.96,FALSE
35,24,male,36,new,a,0,0.8215999999940777,31,25,-52,57,4,-48,1.333333333,4.333333333,-3,37.79182745,42.86671851,-5.074891054,-52,-48,-4,-0.69,0.01,-0.7,FALSE
35,24,male,37,new,b,1,0.6886999999881027,69,45,-22,90,19,-17,30.66666667,30.66666667,0,38.50829636,44.45472103,-5.94642467,-22,-17,-5,-0.51,0.38,-0.89,FALSE
35,24,male,38,new,b,1,1.0386999999882391,38,17,-31,62,16,-27,8,17,-9,28.87905816,36.34097779,-7.461919633,-31,-27,-4,-0.44,0.04,-0.48,FALSE
35,24,male,39,new,b,1,4.772699999988163,59,30,-17,77,20,-7,24,30,-6,31.31559782,35.0142828,-3.698684983,-17,-7,-10,-0.28,0.41,-0.69,FALSE
35,24,male,40,new,b,1,1.4562999999820931,71,38,-70,91,1,-62,13,10,3,60.21627687,62.78534861,-2.56907174,-70,-62,-8,-0.55,0.21,-0.76,FALSE
35,24,male,41,new,b,1,1.6395999999940614,43,31,-49,75,8,-40,8.333333333,14.33333333,-6,40.83571422,47.16166051,-6.325946295,-49,-40,-9,-0.66,0.2,-0.86,FALSE
35,24,male,42,new,b,1,1.4897999999820968,32,24,-44,60,15,-36,4,13,-9,34.09789827,39.2173431,-5.119444829,-44,-36,-8,-0.68,-0.08,-0.6,FALSE
35,24,male,0,old,b,1,1.2259000000058222,70,57,-28,78,40,-19,33,33,0,43.45879274,39.90822806,3.550564686,-28,-19,-9,-0.66,-0.26,-0.4,FALSE
35,24,male,1,old,a,0,0.5715999999940777,87,78,-16,94,52,-6,49.66666667,46.66666667,3,46.57848812,40.99864496,5.579843156,-16,-6,-10,-0.69,-0.19,-0.5,FALSE
35,24,male,2,old,a,0,2.204799999982015,79,16,-61,58,42,-57,11.33333333,14.33333333,-3,57.24993935,50.86146762,6.388471726,-61,-57,-4,-0.12,-0.65,0.53,FALSE
35,24,male,3,old,a,0,2.8226999999881173,80,43,-35,75,18,-32,29.33333333,20.33333333,9,47.93282336,43.71371511,4.219108251,-35,-32,-3,-0.4,0.08,-0.48,FALSE
35,24,male,4,old,a,0,5.821900000006053,48,21,-20,41,36,-10,16.33333333,22.33333333,-6,27.95631513,22.9540604,5.002254727,-20,-10,-10,-0.25,-0.68,0.43,FALSE
35,24,male,5,old,b,1,2.675400000005993,65,13,-18,61,36,-10,20,29,-9,34.24422092,29.40521496,4.839005967,-18,-10,-8,0.3,-0.34,0.64,FALSE
35,24,male,6,old,a,0,1.1900999999941178,57,44,-13,53,29,-3,29.33333333,26.33333333,3,30.40102337,22.93953405,7.461489329,-13,-3,-10,-0.61,-0.17,-0.44,FALSE
35,24,male,7,old,a,0,4.5556999999880645,65,57,-40,69,18,-32,27.33333333,18.33333333,9,47.72374205,41.23375101,6.489991045,-40,-32,-8,-0.69,0.01,-0.7,FALSE
35,24,male,8,old,b,1,0.956099999994194,91,22,-54,72,61,-47,19.66666667,28.66666667,-9,59.21899095,53.69254035,5.526450601,-54,-47,-7,-0.06,-0.68,0.62,FALSE
35,24,male,9,old,b,1,6.521899999976313,85,24,-45,67,54,-39,21.33333333,27.33333333,-6,53.10576449,47.20404879,5.901715701,-45,-39,-6,-0.08,-0.67,0.59,FALSE
35,24,male,10,old,b,1,6.220900000005713,82,11,-76,60,51,-67,5.666666667,14.66666667,-9,64.61338011,57.86382482,6.749555292,-76,-67,-9,-0.12,-0.69,0.57,FALSE
35,24,male,11,old,a,0,1.6410999999939122,78,43,-10,60,54,-3,37,37,0,36.17549815,28.39013913,7.785359021,-10,-3,-7,-0.24,-0.68,0.44,FALSE
35,24,male,12,old,a,0,1.77230000001191,46,32,-39,42,9,-30,13,7,6,37.21110945,29.42787794,7.783231513,-39,-30,-9,-0.63,-0.1,-0.53,FALSE
35,24,male,13,old,b,1,1.7891999999878865,92,2,-70,66,50,-65,8,17,-9,66.2721661,58.34952156,7.92264454,-70,-65,-5,0.14,-0.67,0.81,FALSE
35,24,male,14,old,a,0,2.6890999999941414,58,38,-11,53,25,-2,28.33333333,25.33333333,3,28.98658694,22.45489306,6.531693879,-11,-2,-9,-0.46,0.02,-0.48,FALSE
35,24,male,15,old,a,0,1.322200000018256,96,19,-78,77,43,-74,12.33333333,15.33333333,-3,71.19144768,64.67525716,6.516190515,-78,-74,-4,-0.14,-0.56,0.42,FALSE
35,24,male,16,old,a,0,2.1907000000178414,85,68,-15,91,43,-5,46,43,3,43.68828981,39.19183588,4.496453927,-15,-5,-10,-0.63,0,-0.63,FALSE
35,24,male,18,old,b,1,1.4210999999936575,53,40,-11,50,25,-2,27.33333333,24.33333333,3,27.62044331,21.23414441,6.386298903,-11,-2,-9,-0.59,-0.05,-0.54,FALSE
35,24,male,19,old,a,0,1.2725999999938722,74,5,-55,57,19,-52,8,8,0,52.70673581,45.17373868,7.532997129,-55,-52,-3,0.09,-0.35,0.44,FALSE
35,24,male,20,old,a,0,0.9722000000178924,61,12,-35,44,34,-31,12.66666667,15.66666667,-3,39.19467084,33.24989557,5.944775267,-35,-31,-4,0.03,-0.66,0.69,FALSE
35,24,male,21,old,a,0,1.1895999999942433,73,52,-43,84,13,-33,27.33333333,21.33333333,6,50.4667107,48.12714642,2.339564283,-43,-33,-10,-0.62,0.25,-0.87,FALSE
35,24,male,22,old,a,0,5.00649999999996,77,69,-21,82,39,-14,41.66666667,35.66666667,6,44.43222054,39.26264835,5.16957219,-21,-14,-7,-0.69,-0.13,-0.56,FALSE
35,24,male,23,old,b,1,1.107400000006237,91,79,-11,99,39,-6,53,44,9,45.51922671,43.01162634,2.507600372,-11,-6,-5,-0.67,0.17,-0.84,FALSE
35,24,male,24,old,a,0,1.1564000000057604,64,62,-48,70,29,-39,26,20,6,52.33227175,44.95182607,7.380445685,-48,-39,-9,-0.71,-0.29,-0.42,FALSE
35,24,male,25,old,b,1,1.2058000000120046,79,13,-40,74,33,-37,17.33333333,23.33333333,-6,48.67808085,45.82818153,2.849899325,-40,-37,-3,0.13,-0.31,0.44,FALSE
35,24,male,26,old,a,0,0.7563000000118336,98,58,-16,96,41,-6,46.66666667,43.66666667,3,47.22522866,41.6839964,5.541232266,-16,-6,-10,-0.35,0.1,-0.45,FALSE
35,24,male,27,old,a,0,1.1906999999882828,46,30,-55,47,6,-50,7,1,6,44.32456054,39.75759885,4.566961681,-55,-50,-5,-0.64,-0.19,-0.45,FALSE
35,24,male,28,old,a,0,1.4904999999998836,60,5,-41,53,30,-32,8,17,-9,41.28760912,35.89800366,5.389605459,-41,-32,-9,0.11,-0.5,0.61,FALSE
35,24,male,29,old,a,0,1.2451999999880172,53,8,-35,40,19,-33,8.666666667,8.666666667,0,35.92894222,30.68477726,5.244164957,-35,-33,-2,0.03,-0.47,0.5,FALSE
35,24,male,30,old,b,1,0.8727000000176304,70,51,-43,75,10,-34,26,17,9,49.40310382,44.77350407,4.629599747,-43,-34,-9,-0.63,0.23,-0.86,FALSE
35,24,male,31,old,b,1,0.6879000000058113,82,31,-53,64,62,-48,20,26,-6,55.6596802,52.33227175,3.327408449,-53,-48,-5,-0.29,-0.71,0.42,FALSE
35,24,male,32,old,a,0,1.6561999999880754,59,9,-67,40,31,-61,0.333333333,3.333333333,-3,51.80304581,45.63867755,6.164368259,-67,-61,-6,-0.25,-0.69,0.44,FALSE
35,24,male,33,old,b,1,0.8386999999879663,57,19,-12,42,29,-7,21.33333333,21.33333333,0,28.21740991,20.72572208,7.491687838,-12,-7,-5,0.12,-0.5,0.62,FALSE
35,24,male,34,old,b,1,0.8900999999937085,48,3,-24,46,23,-15,9,18,-9,29.69848481,25.15286597,4.545618837,-24,-15,-9,0.29,-0.29,0.58,FALSE
35,24,male,35,old,b,1,1.2224999999998545,63,16,-47,44,40,-43,10.66666667,13.66666667,-3,45.0653846,40.10264608,4.962738522,-47,-43,-4,-0.18,-0.7,0.52,FALSE
35,24,male,36,old,a,0,0.9059000000061131,79,64,-29,81,28,-22,38,29,9,47.77028365,42.05551886,5.714764789,-29,-22,-7,-0.66,0.04,-0.7,FALSE
35,24,male,37,old,b,1,1.4412999999817655,79,63,-12,80,36,-4,43.33333333,37.33333333,6,39.6680672,34.30581421,5.362252988,-12,-4,-8,-0.62,0.06,-0.68,FALSE
35,24,male,38,old,a,0,1.1400000000003274,74,21,-46,56,42,-40,16.33333333,19.33333333,-3,49.10080334,42.34251869,6.758284654,-46,-40,-6,-0.14,-0.65,0.51,FALSE
35,24,male,39,old,a,0,0.7889999999997599,56,8,-52,40,33,-43,4,10,-6,44.18144407,37.58545818,6.595985888,-52,-43,-9,-0.14,-0.69,0.55,FALSE
35,24,male,40,old,a,0,0.5245999999942796,98,42,-26,70,68,-24,38,38,0,50.70174224,43.84822307,6.853519172,-26,-24,-2,-0.12,-0.71,0.59,FALSE
35,24,male,41,old,b,1,0.9580000000000836,79,40,-26,73,13,-20,31,22,9,43.33589736,38.49675311,4.83914425,-26,-20,-6,-0.3,0.34,-0.64,FALSE
35,24,male,42,old,b,1,0.8215000000000146,99,52,-13,90,75,-9,46,52,-6,45.92022067,43.56604182,2.354178852,-13,-9,-4,-0.19,-0.64,0.45,FALSE
36,33,male,0,old,a,0,38.093500000000006,64,24,-23,50,35,-20,21.66666667,21.66666667,0,35.55590278,30.09245014,5.463452634,-23,-20,-3,-0.1,-0.58,0.48,FALSE
36,33,male,1,old,a,0,30.277200000047685,91,75,-12,94,55,-4,51.33333333,48.33333333,3,45.25728916,40.28509512,4.97219404,-12,-4,-8,-0.64,-0.24,-0.4,FALSE
36,33,male,2,old,a,0,29.93549999999999,74,43,-22,76,14,-13,31.66666667,25.66666667,6,40.00277768,37.25885428,2.743923402,-22,-13,-9,-0.4,0.44,-0.84,FALSE
36,33,male,3,old,a,0,24.969299999952284,77,25,-58,53,45,-54,14.66666667,14.66666667,0,55.59576323,48.66438351,6.93137972,-58,-54,-4,-0.27,-0.69,0.42,FALSE
36,33,male,4,old,a,0,29.855500000000006,99,51,-13,95,36,-3,45.66666667,42.66666667,3,45.87906809,40.28509512,5.59397297,-13,-3,-10,-0.17,0.24,-0.41,FALSE
36,33,male,5,old,a,0,19.606600000023832,68,25,-12,60,2,-8,27,18,9,32.69046752,29.97776954,2.712697979,-12,-8,-4,0.09,0.65,-0.56,FALSE
36,33,male,6,old,a,0,21.83260000002383,55,15,-13,42,31,-7,19,22,-3,27.90459938,20.99206199,6.91253739,-13,-7,-6,0.21,-0.56,0.77,FALSE
36,33,male,7,old,a,0,16.634399999976154,80,72,-12,88,45,-2,46.66666667,43.66666667,3,41.61196409,36.7544404,4.857523695,-12,-2,-10,-0.69,-0.05,-0.64,FALSE
36,33,male,8,old,b,1,20.1853999999762,69,24,-23,60,43,-15,23.33333333,29.33333333,-6,37.56180093,32.10745846,5.454342465,-23,-15,-8,-0.03,-0.56,0.53,FALSE
36,33,male,9,old,b,1,23.61349999999993,83,23,-56,70,49,-51,16.66666667,22.66666667,-6,56.92294987,52.7909925,4.131957375,-56,-51,-5,-0.17,-0.62,0.45,FALSE
36,33,male,10,old,a,0,16.893600000023696,91,81,-24,99,44,-22,49.33333333,40.33333333,9,52.01495511,49.46603773,2.548917383,-24,-22,-2,-0.69,-0.11,-0.58,FALSE
36,33,male,11,old,a,0,16.296200000047747,91,54,-88,96,14,-80,19,10,9,77.1535266,71.90734779,5.246178806,-88,-80,-8,-0.59,-0.08,-0.51,FALSE
36,33,male,12,old,b,1,15.367899999976204,99,35,-16,88,50,-11,39.33333333,42.33333333,-3,47.0484384,40.77853466,6.269903738,-16,-11,-5,0.14,-0.28,0.42,FALSE
36,33,male,13,old,b,1,46.90010000002383,97,58,-61,98,20,-51,31.33333333,22.33333333,9,67.20284386,60.85136719,6.351476665,-61,-51,-10,-0.53,0.06,-0.59,FALSE
36,33,male,14,old,b,1,33.217299999952274,88,33,-10,73,59,-3,37,43,-6,40.10818703,33.02524287,7.082944157,-10,-3,-7,0.15,-0.61,0.76,FALSE
36,33,male,15,old,a,0,21.981099999904583,93,58,-8,94,41,-1,47.66666667,44.66666667,3,41.87547678,38.87015422,3.005322563,-8,-1,-7,-0.36,0.14,-0.5,FALSE
36,33,male,16,old,a,0,16.460399999976175,61,54,-82,79,11,-75,11,5,6,65.82299497,63.01322612,2.809768844,-82,-75,-7,-0.7,-0.14,-0.56,FALSE
36,33,male,17,old,b,1,16.086299999952303,80,2,-60,69,30,-50,7.333333333,16.33333333,-9,57.27904406,49.5333782,7.745665868,-60,-50,-10,0.14,-0.39,0.53,FALSE
36,33,male,18,old,a,0,20.423899999976243,81,24,-16,74,4,-7,29.66666667,23.66666667,6,39.80228916,35.8732336,3.929055559,-16,-7,-9,0.21,0.66,-0.45,FALSE
36,33,male,19,old,b,1,20.12799999999993,53,8,-34,41,23,-28,9,12,-3,35.52463934,29.22327839,6.301360944,-34,-28,-6,0.04,-0.51,0.55,FALSE
36,33,male,20,old,b,1,35.44550000000004,85,2,-81,57,52,-76,2,11,-9,67.76921622,61.55214591,6.217070303,-81,-76,-5,0,-0.7,0.7,FALSE
36,33,male,21,old,b,1,27.053899999976124,67,11,-13,61,36,-5,21.66666667,30.66666667,-9,33.51948024,27.20702524,6.312455003,-13,-5,-8,0.45,-0.29,0.74,FALSE
36,33,male,22,old,a,0,22.692499999999995,90,44,-48,88,16,-45,28.66666667,19.66666667,9,57.37207993,54.3588897,3.013190235,-48,-45,-3,-0.38,0.1,-0.48,FALSE
36,33,male,23,old,b,1,24.623299999952337,93,64,-10,95,40,-6,49,43,6,43.36665386,41.28760912,2.079044738,-10,-6,-4,-0.48,0.11,-0.59,FALSE
36,33,male,24,old,a,0,25.276600000023905,92,60,-21,99,43,-11,43.66666667,43.66666667,0,47.55581516,44.90978611,2.646029045,-21,-11,-10,-0.47,0.02,-0.49,FALSE
36,33,male,25,old,b,1,69.87989999997626,88,17,-44,82,43,-37,20.33333333,29.33333333,-9,53.94029621,49.5333782,4.406918017,-44,-37,-7,0.09,-0.39,0.48,FALSE
36,33,male,26,old,b,1,27.58920000004764,70,12,-66,45,34,-63,5.333333333,5.333333333,0,55.72152985,48.52719741,7.194332436,-66,-63,-3,-0.18,-0.68,0.5,FALSE
36,33,male,27,old,a,0,18.71589999997616,83,50,-11,85,29,-1,40.66666667,37.66666667,3,38.93869826,35.64017708,3.298521182,-11,-1,-10,-0.35,0.35,-0.7,FALSE
36,33,male,29,old,b,1,15.737699999928624,67,19,-22,60,38,-16,21.33333333,27.33333333,-6,36.37153955,31.93048004,4.441059506,-22,-16,-6,0.1,-0.46,0.56,FALSE
36,33,male,30,old,b,1,17.901799999952345,53,9,-17,37,30,-13,15,18,-3,28.89059824,22.10580618,6.784792065,-17,-13,-4,0.3,-0.65,0.95,FALSE
36,33,male,31,old,b,1,20.86520000004748,56,42,-72,65,9,-66,8.666666667,2.666666667,6,57.32558087,53.66770185,3.657879018,-72,-66,-6,-0.68,-0.18,-0.5,FALSE
36,33,male,32,old,a,0,15.132700000047636,66,31,-13,68,19,-3,28,28,0,32.3213036,29.67602849,2.645275119,-13,-3,-10,-0.14,0.43,-0.57,FALSE
36,33,male,33,old,b,1,17.042800000071566,95,48,-30,71,67,-25,37.66666667,37.66666667,0,51.55148451,44.3421044,7.209380118,-30,-25,-5,-0.29,-0.7,0.41,FALSE
36,33,male,34,old,b,1,18.323499999999967,76,3,-64,59,38,-55,5,14,-9,57.17225434,49.53786431,7.634390037,-64,-55,-9,0.05,-0.61,0.66,FALSE
36,33,male,35,old,a,0,19.544799999952147,84,27,-36,73,4,-29,25,16,9,49.01020302,42.49705872,6.513144298,-36,-29,-7,-0.06,0.4,-0.46,FALSE
36,33,male,36,old,a,0,18.651099999904545,94,70,-40,98,38,-30,41.33333333,35.33333333,6,58.33999962,52.2897908,6.050208816,-40,-30,-10,-0.62,-0.08,-0.54,FALSE
36,33,male,37,old,b,1,16.91419999992854,98,41,-24,75,68,-19,38.33333333,41.33333333,-3,49.8419725,42.75771535,7.084257142,-24,-19,-5,-0.08,-0.69,0.61,FALSE
36,33,male,38,old,b,1,16.73989999997616,93,31,-8,70,68,-4,38.66666667,44.66666667,-6,41.5879256,34.42221505,7.165710549,-8,-4,-4,0.27,-0.71,0.98,FALSE
36,33,male,39,old,a,0,18.333500000000186,80,10,-63,59,46,-60,9,15,-6,58.3837877,53.2979049,5.085882805,-63,-60,-3,-0.03,-0.68,0.65,FALSE
36,33,male,40,old,a,0,44.34239999997635,91,67,-10,95,46,-2,49.33333333,46.33333333,3,43.08389748,39.60078563,3.483111855,-10,-2,-8,-0.55,0.01,-0.56,FALSE
36,33,male,41,old,b,1,49.77489999997624,75,4,-67,57,43,-61,4,13,-9,57.97125725,52.63712252,5.334134731,-67,-61,-6,0,-0.67,0.67,FALSE
36,33,male,42,old,b,1,15.259499999999887,63,2,-47,49,23,-45,6,9,-3,44.99629614,39.63163719,5.36465895,-47,-45,-2,0.13,-0.49,0.62,FALSE
36,33,male,0,new,a,0,25.779300000071544,61,33,-4,66,7,-1,30,24,6,26.62079388,29.87752779,-3.25673391,-4,-1,-3,-0.17,0.67,-0.84,FALSE
36,33,male,1,new,b,1,65.35269999992852,84,38,-47,98,2,-43,25,19,6,54.26478293,58.80476171,-4.53997878,-47,-43,-4,-0.35,0.41,-0.76,FALSE
36,33,male,2,new,a,0,46.40890000009517,73,35,-13,82,8,-4,31.66666667,28.66666667,3,35.18838192,38.02922853,-2.840846604,-13,-4,-9,-0.14,0.65,-0.79,FALSE
36,33,male,4,new,b,1,24.91960000002382,62,41,-30,88,24,-21,24.33333333,30.33333333,-6,39.36439452,44.723844,-5.359449486,-30,-21,-9,-0.56,0.21,-0.77,FALSE
36,33,male,5,new,a,0,19.902500000000146,83,52,-36,96,9,-33,33,24,9,50.4050262,53.72150407,-3.31647787,-36,-33,-3,-0.51,0.4,-0.91,FALSE
36,33,male,6,new,a,0,49.1287000000475,73,32,-44,95,17,-42,20.33333333,23.33333333,-3,48.47221426,56.10902086,-7.6368066,-44,-42,-2,-0.35,0.17,-0.52,FALSE
36,33,male,7,new,a,0,25.02079999995226,58,27,-28,78,17,-20,19,25,-6,35.56215217,40.40627014,-4.844117975,-28,-20,-8,-0.33,0.29,-0.62,FALSE
36,33,male,8,new,b,1,38.40200000000005,60,59,-71,98,2,-61,16,13,3,61.51964456,65.37583651,-3.856191956,-71,-61,-10,-0.71,0.25,-0.96,FALSE
36,33,male,9,new,b,1,15.5957000000476,72,24,-26,91,16,-19,23.33333333,29.33333333,-6,40.01110957,45.88633299,-5.875223425,-26,-19,-7,-0.02,0.41,-0.43,FALSE
36,33,male,10,new,b,1,17.945500000000038,66,55,-73,97,23,-63,16,19,-3,63.09252465,65.38093504,-2.28841039,-73,-63,-10,-0.69,-0.09,-0.6,FALSE
36,33,male,11,new,a,0,36.42960000002404,82,41,-36,94,3,-28,29,23,6,48.91489207,51.77515492,-2.860262842,-36,-28,-8,-0.35,0.52,-0.87,FALSE
36,33,male,12,new,a,0,22.306099999904745,83,36,-11,86,2,-7,36,27,9,38.3753393,41.88078318,-3.505443879,-11,-7,-4,0,0.68,-0.68,FALSE
36,33,male,13,new,b,1,35.29300000000012,67,58,-29,93,49,-19,32,41,-9,43.28972164,46.07240678,-2.782685138,-29,-19,-10,-0.68,-0.26,-0.42,FALSE
36,33,male,14,new,b,1,40.06090000009544,76,31,-39,96,19,-29,22.66666667,28.66666667,-6,47.31689856,51.48678363,-4.169885078,-39,-29,-10,-0.26,0.28,-0.54,FALSE
36,33,male,15,new,a,0,67.22389999997608,67,34,-14,82,3,-7,29,26,3,33.2565783,39.80787192,-6.551293622,-14,-7,-7,-0.22,0.67,-0.89,FALSE
36,33,male,16,new,b,1,26.38510000002384,82,33,-22,91,7,-14,31,28,3,42.48136847,45.36518489,-2.883816424,-22,-14,-8,-0.07,0.6,-0.67,FALSE
36,33,male,17,new,b,1,14.919899999976224,59,34,-23,76,30,-18,23.33333333,29.33333333,-6,34.31552936,38.37823457,-4.062705208,-23,-18,-5,-0.44,-0.03,-0.41,FALSE
36,33,male,18,new,a,0,17.59050000000002,65,35,-38,81,15,-34,20.66666667,20.66666667,0,43.25377312,47.1192341,-3.865460983,-38,-34,-4,-0.46,0.18,-0.64,FALSE
36,33,male,19,new,a,0,24.97589999997604,59,53,-70,91,2,-60,14,11,3,59.44745579,61.97311245,-2.525656659,-70,-60,-10,-0.7,0.21,-0.91,FALSE
36,33,male,20,new,b,1,14.137500000000044,56,39,-80,86,11,-73,5,8,-3,60.50344343,64.94613152,-4.442688096,-80,-73,-7,-0.67,-0.07,-0.6,FALSE
36,33,male,21,new,a,0,19.89360000002398,74,56,-98,99,2,-96,10.66666667,1.666666667,9,77.18952145,79.60876557,-2.4192441160000002,-98,-96,-2,-0.68,-0.01,-0.67,FALSE
36,33,male,22,new,a,0,16.646700000047304,85,45,-46,95,4,-42,28,19,9,54.81483984,56.92685365,-2.112013812,-46,-42,-4,-0.44,0.38,-0.82,FALSE
36,33,male,23,new,a,0,41.18580000007114,62,43,-86,99,27,-80,6.333333333,15.33333333,-9,65.74867975,73.54061614,-7.79193639,-86,-80,-6,-0.66,-0.23,-0.43,FALSE
36,33,male,24,new,b,1,34.11240000009548,40,34,-14,62,29,-4,20,29,-9,24.16609195,26.94438717,-2.778295223,-14,-4,-10,-0.67,0,-0.67,FALSE
36,33,male,25,new,a,0,23.0018000000714,63,62,-52,88,34,-49,24.33333333,24.33333333,0,53.97736151,56.34615239,-2.368790878,-52,-49,-3,-0.71,-0.25,-0.46,FALSE
36,33,male,26,new,a,0,16.05539999997609,94,45,-8,97,10,-3,43.66666667,34.66666667,9,41.65199742,44.39469438,-2.74269696,-8,-3,-5,-0.05,0.66,-0.71,FALSE
36,33,male,27,new,a,0,17.487399999976333,65,61,-27,97,23,-21,33,33,0,42.45782221,48.68949236,-6.231670156,-27,-21,-6,-0.7,0.3,-1,FALSE
36,33,male,28,new,b,1,17.043100000023514,56,49,-15,84,31,-7,30,36,-6,31.94787421,37.31844941,-5.370575202,-15,-7,-8,-0.68,0.2,-0.88,FALSE
36,33,male,29,new,b,1,15.027399999976296,59,17,-45,75,4,-39,10.33333333,13.33333333,-3,42.71871825,47.00590979,-4.287191544,-45,-39,-6,-0.23,0.29,-0.52,FALSE
36,33,male,30,new,a,0,14.656100000023798,86,35,-10,92,6,-5,37,31,6,39.2173431,43.36665386,-4.149310754,-10,-5,-5,0.08,0.67,-0.59,FALSE
36,33,male,31,new,a,0,15.421199999928376,62,55,-78,93,7,-70,13,10,3,64.41014413,66.57827473,-2.168130606,-78,-70,-8,-0.7,0.07,-0.77,FALSE
36,33,male,32,new,a,0,22.452399999976024,35,19,-36,66,5,-26,6,15,-9,30.40833219,38.21866909,-7.810336894,-36,-26,-10,-0.56,0.37,-0.93,FALSE
36,33,male,33,new,a,0,30.67529999995213,57,33,-39,75,10,-34,17,17,0,40.79215611,44.77350407,-3.981347961,-39,-34,-5,-0.53,0.23,-0.76,FALSE
36,33,male,34,new,b,1,13.052500000000236,45,40,-49,77,30,-44,12,21,-9,43.18178628,49.80629144,-6.624505153,-49,-44,-5,-0.7,-0.27,-0.43,FALSE
36,33,male,35,new,a,0,14.495299999952294,76,38,-12,82,9,-7,34,28,6,36.037018,38.73843914,-2.701421131,-12,-7,-5,-0.17,0.62,-0.79,FALSE
36,33,male,36,new,a,0,13.272399999976187,71,36,-38,93,11,-35,23,23,0,45.43860326,52.94021786,-7.501614591,-38,-35,-3,-0.41,0.33,-0.74,FALSE
36,33,male,37,new,b,1,17.082099999904585,41,39,-29,73,26,-21,17,26,-9,32.53715825,38.3753393,-5.838181059,-29,-21,-8,-0.71,0,-0.71,FALSE
36,33,male,38,new,a,0,27.10769999992817,75,60,-69,99,6,-66,22,13,9,64.63745044,67.54257916,-2.905128718,-69,-66,-3,-0.68,0.15,-0.83,FALSE
36,33,male,39,new,a,0,23.293799999952626,74,29,-58,96,13,-55,15,18,-3,54.79051013,61.74679479,-6.956284661,-58,-55,-3,-0.37,0.12,-0.49,FALSE
36,33,male,40,new,b,1,18.23929999995244,51,25,-16,72,5,-8,20,23,-3,27.58018612,35.05234181,-7.47215569,-16,-8,-8,-0.27,0.63,-0.9,FALSE
36,33,male,41,new,b,1,14.785600000023804,75,51,-33,96,10,-31,31,25,6,46.30334761,52.92132525,-6.617977643,-33,-31,-2,-0.57,0.4,-0.97,FALSE
36,33,male,42,new,a,0,14.244700000047942,70,31,-60,87,5,-51,13.66666667,13.66666667,0,54.46915539,56.6705881,-2.20143271,-60,-51,-9,-0.45,0.23,-0.68,FALSE
36,33,male,0,old,b,1,7.568700000047556,77,69,-21,82,39,-14,41.66666667,35.66666667,6,44.43222054,39.26264835,5.16957219,-21,-14,-7,-0.69,-0.13,-0.56,FALSE
36,33,male,1,old,a,0,11.880500000000213,78,43,-10,60,54,-3,37,37,0,36.17549815,28.39013913,7.785359021,-10,-3,-7,-0.24,-0.68,0.44,FALSE
36,33,male,2,old,a,0,27.14110000002347,64,62,-48,70,29,-39,26,20,6,52.33227175,44.95182607,7.380445685,-48,-39,-9,-0.71,-0.29,-0.42,FALSE
36,33,male,3,old,a,0,14.451500000000124,79,40,-26,73,13,-20,31,22,9,43.33589736,38.49675311,4.83914425,-26,-20,-6,-0.3,0.34,-0.64,FALSE
36,33,male,4,old,b,1,19.97229999995216,79,63,-12,80,36,-4,43.33333333,37.33333333,6,39.6680672,34.30581421,5.362252988,-12,-4,-8,-0.62,0.06,-0.68,FALSE
36,33,male,5,old,a,0,19.223600000023907,57,44,-13,53,29,-3,29.33333333,26.33333333,3,30.40102337,22.93953405,7.461489329,-13,-3,-10,-0.61,-0.17,-0.44,FALSE
36,33,male,6,old,b,1,16.462300000071536,82,31,-53,64,62,-48,20,26,-6,55.6596802,52.33227175,3.327408449,-53,-48,-5,-0.29,-0.71,0.42,FALSE
36,33,male,7,old,a,0,17.245799999952396,63,16,-47,44,40,-43,10.66666667,13.66666667,-3,45.0653846,40.10264608,4.962738522,-47,-43,-4,-0.18,-0.7,0.52,FALSE
36,33,male,8,old,a,0,15.867100000024038,98,42,-26,70,68,-24,38,38,0,50.70174224,43.84822307,6.853519172,-26,-24,-2,-0.12,-0.71,0.59,FALSE
36,33,male,9,old,b,1,32.71900000000005,61,12,-35,44,34,-31,12.66666667,15.66666667,-3,39.19467084,33.24989557,5.944775267,-35,-31,-4,0.03,-0.66,0.69,FALSE
36,33,male,10,old,b,1,16.197200000047815,59,9,-67,40,31,-61,0.333333333,3.333333333,-3,51.80304581,45.63867755,6.164368259,-67,-61,-6,-0.25,-0.69,0.44,FALSE
36,33,male,11,old,a,0,38.39889999997604,87,78,-16,94,52,-6,49.66666667,46.66666667,3,46.57848812,40.99864496,5.579843156,-16,-6,-10,-0.69,-0.19,-0.5,FALSE
36,33,male,12,old,b,1,22.965399999975944,48,21,-20,41,36,-10,16.33333333,22.33333333,-6,27.95631513,22.9540604,5.002254727,-20,-10,-10,-0.25,-0.68,0.43,FALSE
36,33,male,13,old,b,1,22.3108999999763,96,19,-78,77,43,-74,12.33333333,15.33333333,-3,71.19144768,64.67525716,6.516190515,-78,-74,-4,-0.14,-0.56,0.42,FALSE
36,33,male,14,old,b,1,41.17470000004733,74,5,-55,57,19,-52,8,8,0,52.70673581,45.17373868,7.532997129,-55,-52,-3,0.09,-0.35,0.44,FALSE
36,33,male,15,old,b,1,20.93310000002384,98,58,-16,96,41,-6,46.66666667,43.66666667,3,47.22522866,41.6839964,5.541232266,-16,-6,-10,-0.35,0.1,-0.45,FALSE
36,33,male,16,old,a,0,22.432999999999996,46,30,-55,47,6,-50,7,1,6,44.32456054,39.75759885,4.566961681,-55,-50,-5,-0.64,-0.19,-0.45,FALSE
36,33,male,17,old,a,0,9.871599999904449,85,24,-45,67,54,-39,21.33333333,27.33333333,-6,53.10576449,47.20404879,5.901715701,-45,-39,-6,-0.08,-0.67,0.59,FALSE
36,33,male,18,old,b,1,17.6858999999763,91,22,-54,72,61,-47,19.66666667,28.66666667,-9,59.21899095,53.69254035,5.526450601,-54,-47,-7,-0.06,-0.68,0.62,FALSE
36,33,male,19,old,b,1,13.282899999976053,82,11,-76,60,51,-67,5.666666667,14.66666667,-9,64.61338011,57.86382482,6.749555292,-76,-67,-9,-0.12,-0.69,0.57,FALSE
36,33,male,20,old,b,1,17.8433999999761,57,19,-12,42,29,-7,21.33333333,21.33333333,0,28.21740991,20.72572208,7.491687838,-12,-7,-5,0.12,-0.5,0.62,FALSE
36,33,male,22,old,a,0,7.299200000047676,70,51,-43,75,10,-34,26,17,9,49.40310382,44.77350407,4.629599747,-43,-34,-9,-0.63,0.23,-0.86,FALSE
36,33,male,23,old,b,1,4.877600000023904,79,64,-29,81,28,-22,38,29,9,47.77028365,42.05551886,5.714764789,-29,-22,-7,-0.66,0.04,-0.7,FALSE
36,33,male,24,old,b,1,5.293900000095164,99,52,-13,90,75,-9,46,52,-6,45.92022067,43.56604182,2.354178852,-13,-9,-4,-0.19,-0.64,0.45,FALSE
36,33,male,25,old,a,0,4.961500000000342,80,43,-35,75,18,-32,29.33333333,20.33333333,9,47.93282336,43.71371511,4.219108251,-35,-32,-3,-0.4,0.08,-0.48,FALSE
36,33,male,26,old,b,1,21.38689999997632,74,21,-46,56,42,-40,16.33333333,19.33333333,-3,49.10080334,42.34251869,6.758284654,-46,-40,-6,-0.14,-0.65,0.51,FALSE
36,33,male,27,old,b,1,24.408299999952305,92,2,-70,66,50,-65,8,17,-9,66.2721661,58.34952156,7.92264454,-70,-65,-5,0.14,-0.67,0.81,FALSE
36,33,male,28,old,b,1,4.343799999952353,65,13,-18,61,36,-10,20,29,-9,34.24422092,29.40521496,4.839005967,-18,-10,-8,0.3,-0.34,0.64,FALSE
36,33,male,29,old,a,0,4.754299999952309,79,16,-61,58,42,-57,11.33333333,14.33333333,-3,57.24993935,50.86146762,6.388471726,-61,-57,-4,-0.12,-0.65,0.53,FALSE
36,33,male,30,old,b,1,20.949399999975867,46,32,-39,42,9,-30,13,7,6,37.21110945,29.42787794,7.783231513,-39,-30,-9,-0.63,-0.1,-0.53,FALSE
36,33,male,31,old,a,0,15.432799999952294,91,79,-11,99,39,-6,53,44,9,45.51922671,43.01162634,2.507600372,-11,-6,-5,-0.67,0.17,-0.84,FALSE
36,33,male,32,old,b,1,3.427099999904385,48,3,-24,46,23,-15,9,18,-9,29.69848481,25.15286597,4.545618837,-24,-15,-9,0.29,-0.29,0.58,FALSE
36,33,male,33,old,a,0,9.666199999928269,73,52,-43,84,13,-33,27.33333333,21.33333333,6,50.4667107,48.12714642,2.339564283,-43,-33,-10,-0.62,0.25,-0.87,FALSE
36,33,male,34,old,b,1,18.35559999990437,60,5,-41,53,30,-32,8,17,-9,41.28760912,35.89800366,5.389605459,-41,-32,-9,0.11,-0.5,0.61,FALSE
36,33,male,35,old,b,1,18.64629999995259,56,8,-52,40,33,-43,4,10,-6,44.18144407,37.58545818,6.595985888,-52,-43,-9,-0.14,-0.69,0.55,FALSE
36,33,male,36,old,b,1,13.402000000000044,79,13,-40,74,33,-37,17.33333333,23.33333333,-6,48.67808085,45.82818153,2.849899325,-40,-37,-3,0.13,-0.31,0.44,FALSE
36,33,male,37,old,b,1,15.084699999928487,85,68,-15,91,43,-5,46,43,3,43.68828981,39.19183588,4.496453927,-15,-5,-10,-0.63,0,-0.63,FALSE
36,33,male,38,old,a,0,14.466799999951943,58,38,-11,53,25,-2,28.33333333,25.33333333,3,28.98658694,22.45489306,6.531693879,-11,-2,-9,-0.46,0.02,-0.48,FALSE
36,33,male,39,old,b,1,14.454299999952582,70,57,-28,78,40,-19,33,33,0,43.45879274,39.90822806,3.550564686,-28,-19,-9,-0.66,-0.26,-0.4,FALSE
36,33,male,40,old,a,0,6.041499999999815,65,57,-40,69,18,-32,27.33333333,18.33333333,9,47.72374205,41.23375101,6.489991045,-40,-32,-8,-0.69,0.01,-0.7,FALSE
36,33,male,41,old,a,0,6.626100000024053,53,8,-35,40,19,-33,8.666666667,8.666666667,0,35.92894222,30.68477726,5.244164957,-35,-33,-2,0.03,-0.47,0.5,FALSE
36,33,male,42,old,a,0,14.104299999952218,53,40,-11,50,25,-2,27.33333333,24.33333333,3,27.62044331,21.23414441,6.386298903,-11,-2,-9,-0.59,-0.05,-0.54,FALSE
36,33,male,0,new,a,0,18.379500000000007,71,38,-70,91,1,-62,13,10,3,60.21627687,62.78534861,-2.56907174,-70,-62,-8,-0.55,0.21,-0.76,FALSE
36,33,male,1,new,a,0,15.802399999976387,85,51,-7,92,14,-4,43,34,9,37.98245209,41.66533331,-3.682881223,-7,-4,-3,-0.31,0.61,-0.92,FALSE
36,33,male,2,new,b,1,16.783699999928558,72,24,-83,93,6,-77,4.333333333,7.333333333,-3,64.78854494,69.40861298,-4.620068037,-83,-77,-6,-0.43,0.03,-0.46,FALSE
36,33,male,3,new,b,1,33.70720000004758,44,31,-57,70,16,-50,6,12,-6,44.86275367,49.07137659,-4.208622918,-57,-50,-7,-0.66,-0.12,-0.54,FALSE
36,33,male,4,new,b,1,3.166199999928267,75,48,-36,95,7,-33,29,23,6,47.26520919,53.46650042,-6.201291223,-36,-33,-3,-0.54,0.42,-0.96,FALSE
36,33,male,5,new,a,0,4.785299999952258,79,50,-10,95,17,-2,39.66666667,36.66666667,3,37.06151043,41.97088938,-4.90937895,-10,-2,-8,-0.4,0.6,-1,FALSE
36,33,male,6,new,b,1,18.2171999999282,31,25,-52,57,4,-48,1.333333333,4.333333333,-3,37.79182745,42.86671851,-5.074891054,-52,-48,-4,-0.69,0.01,-0.7,FALSE
36,33,male,7,new,a,0,16.28960000002371,82,49,-19,98,16,-11,37.33333333,34.33333333,3,42.05023451,46.34891824,-4.298683734,-19,-11,-8,-0.39,0.53,-0.92,FALSE
36,33,male,8,new,b,1,15.030500000000302,89,36,-51,98,7,-49,24.66666667,18.66666667,6,57.71385353,60.5768566,-2.863003074,-51,-49,-2,-0.29,0.28,-0.57,FALSE
36,33,male,9,new,a,0,15.20619999992823,73,23,-91,92,2,-89,1.666666667,1.666666667,0,68.63105873,73.89331649,-5.262257764,-91,-89,-2,-0.44,-0.01,-0.43,FALSE
36,33,male,10,new,b,1,5.969899999975951,58,27,-46,74,5,-40,13,13,0,43.59663596,46.88283268,-3.286196723,-46,-40,-6,-0.45,0.25,-0.7,FALSE
36,33,male,11,new,b,1,4.063300000071649,86,41,-34,96,4,-25,31,25,6,49.49747468,51.58165048,-2.084175801,-34,-25,-9,-0.29,0.54,-0.83,FALSE
36,33,male,12,new,b,1,7.828699999928631,49,45,-36,87,24,-26,19.33333333,28.33333333,-9,39.16063783,46.23370584,-7.073068005,-36,-26,-10,-0.7,0.14,-0.84,FALSE
36,33,male,13,new,a,0,13.470200000047951,88,50,-27,96,11,-23,37,28,9,47.84001115,50.04664491,-2.206633761,-27,-23,-4,-0.39,0.47,-0.86,FALSE
36,33,male,14,new,b,1,18.8438999999762,62,44,-43,91,27,-37,21,27,-6,45.84757355,52.25578118,-6.408207634,-43,-37,-6,-0.63,0,-0.63,FALSE
36,33,male,15,new,a,0,18.39289999997618,80,48,-26,89,7,-21,34,25,9,44.39219151,46.6761895,-2.283997999,-26,-21,-5,-0.44,0.52,-0.96,FALSE
36,33,male,16,new,b,1,5.789700000048015,38,36,-51,71,20,-41,7.666666667,16.66666667,-9,41.49163236,45.78451946,-4.292887105,-51,-41,-10,-0.71,-0.11,-0.6,FALSE
36,33,male,17,new,b,1,3.358599999904527,56,21,-48,76,2,-40,9.666666667,12.66666667,-3,43.20750964,47.95368136,-4.74617172,-48,-40,-8,-0.38,0.32,-0.7,FALSE
36,33,male,18,new,b,1,2.8625999999048872,66,47,-58,95,21,-52,18.33333333,21.33333333,-3,54.53031777,60.01296156,-5.482643798,-58,-52,-6,-0.64,0.01,-0.65,FALSE
36,33,male,20,new,a,0,23.1875,54,34,-67,84,8,-62,7,10,-3,52.95910372,59.62102537,-6.661921656,-67,-62,-5,-0.63,0.05,-0.68,FALSE
36,33,male,21,new,b,1,4.114999999999782,59,30,-17,77,20,-7,24,30,-6,31.31559782,35.0142828,-3.698684983,-17,-7,-10,-0.28,0.41,-0.69,FALSE
36,33,male,22,new,a,0,8.689700000047651,80,38,-19,90,6,-15,33,27,6,40.57092555,45.36518489,-4.794259339,-19,-15,-4,-0.18,0.6,-0.78,FALSE
36,33,male,23,new,a,0,22.44739999997637,78,57,-50,98,6,-46,28.33333333,19.33333333,9,56.04958123,59.5389695,-3.489388273,-50,-46,-4,-0.63,0.32,-0.95,FALSE
36,33,male,24,new,b,1,5.403100000023642,68,52,-62,94,9,-54,19.33333333,16.33333333,3,57.88110419,60.64285247,-2.761748279,-62,-54,-8,-0.67,0.18,-0.85,FALSE
36,33,male,25,new,b,1,5.778700000047593,54,51,-50,87,14,-46,18.33333333,18.33333333,0,48.33448274,54.3834125,-6.048929759,-50,-46,-4,-0.71,0.12,-0.83,FALSE
36,33,male,26,new,b,1,30.378499999999804,53,40,-78,88,6,-70,5,8,-3,58.92933621,64.51873113,-5.589394916,-78,-70,-8,-0.68,0.05,-0.73,FALSE
36,33,male,27,new,a,0,4.318500000000313,37,15,-44,59,10,-34,2.666666667,11.66666667,-9,34.19876541,37.9853773,-3.786611894,-44,-34,-10,-0.49,0.07,-0.56,FALSE
36,33,male,28,new,b,1,4.3092999999526,87,54,-16,96,14,-12,41.66666667,32.66666667,9,42.94440851,46.02414825,-3.079739742,-16,-12,-4,-0.41,0.54,-0.95,FALSE
36,33,male,29,new,b,1,6.4623000000715365,44,36,-47,66,12,-45,11,11,0,41.14203041,45.32107677,-4.17904636,-47,-45,-2,-0.69,-0.03,-0.66,FALSE
36,33,male,30,new,b,1,16.71900000000005,42,23,-11,63,18,-9,18,24,-6,21.92411154,29.69848481,-7.774373273,-11,-9,-2,-0.33,0.29,-0.62,FALSE
36,33,male,31,new,b,1,16.049899999975878,68,60,-38,99,37,-28,30,36,-6,48.19405219,51.85235449,-3.658302303,-38,-28,-10,-0.69,-0.03,-0.66,FALSE
36,33,male,32,new,b,1,3.5046000000238564,45,26,-62,73,18,-55,3,12,-9,46.61187259,52.42772803,-5.815855439,-62,-55,-7,-0.62,-0.17,-0.45,FALSE
36,33,male,33,new,a,0,18.32129999995232,86,32,-13,90,5,-8,35,29,6,40.47221269,43.45879274,-2.986580053,-13,-8,-5,0.11,0.66,-0.55,FALSE
36,33,male,34,new,b,1,18.786800000071253,38,17,-31,62,16,-27,8,17,-9,28.87905816,36.34097779,-7.461919633,-31,-27,-4,-0.44,0.04,-0.48,FALSE
36,33,male,35,new,b,1,18.23609999990458,69,45,-22,90,19,-17,30.66666667,30.66666667,0,38.50829636,44.45472103,-5.94642467,-22,-17,-5,-0.51,0.38,-0.89,FALSE
36,33,male,36,new,b,1,4.535499999999956,43,31,-49,75,8,-40,8.333333333,14.33333333,-6,40.83571422,47.16166051,-6.325946295,-49,-40,-9,-0.66,0.2,-0.86,FALSE
36,33,male,37,new,a,0,7.133200000047509,72,42,-20,78,6,-17,31.33333333,22.33333333,9,38.30868773,40.46672158,-2.158033852,-20,-17,-3,-0.4,0.54,-0.94,FALSE
36,33,male,38,new,a,0,17.264100000023973,47,44,-54,78,9,-50,12.33333333,12.33333333,0,46.92073695,52.3089115,-5.388174553,-54,-50,-4,-0.7,0.1,-0.8,FALSE
36,33,male,39,new,a,0,13.462500000000093,73,53,-41,99,7,-39,28.33333333,22.33333333,6,49.70133019,57.37207993,-7.670749745,-41,-39,-2,-0.62,0.38,-1,FALSE
36,33,male,40,new,b,1,15.287499999999907,73,45,-52,99,1,-43,22,19,3,53.55993528,59.35205697,-5.792121696,-52,-43,-9,-0.56,0.43,-0.99,FALSE
36,33,male,41,new,a,0,17.413299999952415,69,50,-40,89,13,-32,26.33333333,23.33333333,3,47.54179448,49.93551397,-2.393719493,-40,-32,-8,-0.62,0.3,-0.92,FALSE
36,33,male,42,new,b,1,15.050799999952233,32,24,-44,60,15,-36,4,13,-9,34.09789827,39.2173431,-5.119444829,-44,-36,-8,-0.68,-0.08,-0.6,FALSE
37,26,female,0,new,a,0,6.464500000000044,51,25,-16,72,5,-8,20,23,-3,27.58018612,35.05234181,-7.47215569,-16,-8,-8,-0.27,0.63,-0.9,FALSE
37,26,female,1,new,b,1,4.107899999998551,71,36,-38,93,11,-35,23,23,0,45.43860326,52.94021786,-7.501614591,-38,-35,-3,-0.41,0.33,-0.74,FALSE
37,26,female,2,new,a,0,3.413499999999999,84,38,-47,98,2,-43,25,19,6,54.26478293,58.80476171,-4.53997878,-47,-43,-4,-0.35,0.41,-0.76,FALSE
37,26,female,3,new,a,0,3.414600000001485,62,55,-78,93,7,-70,13,10,3,64.41014413,66.57827473,-2.168130606,-78,-70,-8,-0.7,0.07,-0.77,FALSE
37,26,female,4,new,a,0,4.184400000005951,70,31,-60,87,5,-51,13.66666667,13.66666667,0,54.46915539,56.6705881,-2.20143271,-60,-51,-9,-0.45,0.23,-0.68,FALSE
37,26,female,5,new,a,0,8.708500000000015,75,51,-33,96,10,-31,31,25,6,46.30334761,52.92132525,-6.617977643,-33,-31,-2,-0.57,0.4,-0.97,FALSE
37,26,female,6,new,b,1,9.652100000001496,76,31,-39,96,19,-29,22.66666667,28.66666667,-6,47.31689856,51.48678363,-4.169885078,-39,-29,-10,-0.26,0.28,-0.54,FALSE
37,26,female,7,new,a,0,12.495900000005976,73,35,-13,82,8,-4,31.66666667,28.66666667,3,35.18838192,38.02922853,-2.840846604,-13,-4,-9,-0.14,0.65,-0.79,FALSE
37,26,female,8,new,b,1,8.351100000001452,72,24,-26,91,16,-19,23.33333333,29.33333333,-6,40.01110957,45.88633299,-5.875223425,-26,-19,-7,-0.02,0.41,-0.43,FALSE
37,26,female,9,new,b,1,6.025000000000034,83,52,-36,96,9,-33,33,24,9,50.4050262,53.72150407,-3.31647787,-36,-33,-3,-0.51,0.4,-0.91,FALSE
37,26,female,10,new,a,0,5.777399999998465,83,36,-11,86,2,-7,36,27,9,38.3753393,41.88078318,-3.505443879,-11,-7,-4,0,0.68,-0.68,FALSE
37,26,female,11,new,b,1,3.9372000000029743,56,49,-15,84,31,-7,30,36,-6,31.94787421,37.31844941,-5.370575202,-15,-7,-8,-0.68,0.2,-0.88,FALSE
37,26,female,12,new,b,1,6.15479999999701,85,45,-46,95,4,-42,28,19,9,54.81483984,56.92685365,-2.112013812,-46,-42,-4,-0.44,0.38,-0.82,FALSE
37,26,female,13,new,b,1,3.4272000000029834,35,19,-36,66,5,-26,6,15,-9,30.40833219,38.21866909,-7.810336894,-36,-26,-10,-0.56,0.37,-0.93,FALSE
37,26,female,14,new,a,0,5.760200000002953,76,38,-12,82,9,-7,34,28,6,36.037018,38.73843914,-2.701421131,-12,-7,-5,-0.17,0.62,-0.79,FALSE
37,26,female,15,new,a,0,4.8700000000000045,75,60,-69,99,6,-66,22,13,9,64.63745044,67.54257916,-2.905128718,-69,-66,-3,-0.68,0.15,-0.83,FALSE
37,26,female,16,new,b,1,4.888300000004449,66,55,-73,97,23,-63,16,19,-3,63.09252465,65.38093504,-2.28841039,-73,-63,-10,-0.69,-0.09,-0.6,FALSE
37,26,female,17,new,b,1,2.7736000000015224,62,43,-86,99,27,-80,6.333333333,15.33333333,-9,65.74867975,73.54061614,-7.79193639,-86,-80,-6,-0.66,-0.23,-0.43,FALSE
37,26,female,18,new,a,0,4.755400000005977,74,56,-98,99,2,-96,10.66666667,1.666666667,9,77.18952145,79.60876557,-2.4192441160000002,-98,-96,-2,-0.68,-0.01,-0.67,FALSE
37,26,female,19,new,b,1,3.853200000002971,94,45,-8,97,10,-3,43.66666667,34.66666667,9,41.65199742,44.39469438,-2.74269696,-8,-3,-5,-0.05,0.66,-0.71,FALSE
37,26,female,20,new,b,1,4.985899999998537,40,34,-14,62,29,-4,20,29,-9,24.16609195,26.94438717,-2.778295223,-14,-4,-10,-0.67,0,-0.67,FALSE
37,26,female,21,new,b,1,3.5873999999985244,73,32,-44,95,17,-42,20.33333333,23.33333333,-3,48.47221426,56.10902086,-7.6368066,-44,-42,-2,-0.35,0.17,-0.52,FALSE
37,26,female,22,new,a,0,3.935999999999978,61,33,-4,66,7,-1,30,24,6,26.62079388,29.87752779,-3.25673391,-4,-1,-3,-0.17,0.67,-0.84,FALSE
37,26,female,23,new,a,0,6.48599999999999,65,35,-38,81,15,-34,20.66666667,20.66666667,0,43.25377312,47.1192341,-3.865460983,-38,-34,-4,-0.46,0.18,-0.64,FALSE
37,26,female,24,new,b,1,4.757399999998484,62,41,-30,88,24,-21,24.33333333,30.33333333,-6,39.36439452,44.723844,-5.359449486,-30,-21,-9,-0.56,0.21,-0.77,FALSE
37,26,female,26,new,a,0,5.753799999997,82,33,-22,91,7,-14,31,28,3,42.48136847,45.36518489,-2.883816424,-22,-14,-8,-0.07,0.6,-0.67,FALSE
37,26,female,27,new,b,1,11.57460000000151,56,39,-80,86,11,-73,5,8,-3,60.50344343,64.94613152,-4.442688096,-80,-73,-7,-0.67,-0.07,-0.6,FALSE
37,26,female,28,new,b,1,7.294599999994034,74,29,-58,96,13,-55,15,18,-3,54.79051013,61.74679479,-6.956284661,-58,-55,-3,-0.37,0.12,-0.49,FALSE
37,26,female,29,new,a,0,5.374000000000024,59,53,-70,91,2,-60,14,11,3,59.44745579,61.97311245,-2.525656659,-70,-60,-10,-0.7,0.21,-0.91,FALSE
37,26,female,30,new,a,0,5.372900000005984,82,41,-36,94,3,-28,29,23,6,48.91489207,51.77515492,-2.860262842,-36,-28,-8,-0.35,0.52,-0.87,FALSE
37,26,female,31,new,b,1,7.176000000000045,58,27,-28,78,17,-20,19,25,-6,35.56215217,40.40627014,-4.844117975,-28,-20,-8,-0.33,0.29,-0.62,FALSE
37,26,female,32,new,b,1,14.52109999999402,60,59,-71,98,2,-61,16,13,3,61.51964456,65.37583651,-3.856191956,-71,-61,-10,-0.71,0.25,-0.96,FALSE
37,26,female,33,new,b,1,5.586500000000001,67,34,-14,82,3,-7,29,26,3,33.2565783,39.80787192,-6.551293622,-14,-7,-7,-0.22,0.67,-0.89,FALSE
37,26,female,34,new,b,1,3.2718000000044185,67,58,-29,93,49,-19,32,41,-9,43.28972164,46.07240678,-2.782685138,-29,-19,-10,-0.68,-0.26,-0.42,FALSE
37,26,female,35,new,b,1,3.71449999999993,63,62,-52,88,34,-49,24.33333333,24.33333333,0,53.97736151,56.34615239,-2.368790878,-52,-49,-3,-0.71,-0.25,-0.46,FALSE
37,26,female,36,new,b,1,4.225999999999999,59,34,-23,76,30,-18,23.33333333,29.33333333,-6,34.31552936,38.37823457,-4.062705208,-23,-18,-5,-0.44,-0.03,-0.41,FALSE
37,26,female,37,new,b,1,4.603699999995456,59,17,-45,75,4,-39,10.33333333,13.33333333,-3,42.71871825,47.00590979,-4.287191544,-45,-39,-6,-0.23,0.29,-0.52,FALSE
37,26,female,38,new,b,1,3.9355000000000473,45,40,-49,77,30,-44,12,21,-9,43.18178628,49.80629144,-6.624505153,-49,-44,-5,-0.7,-0.27,-0.43,FALSE
37,26,female,39,new,a,0,4.058199999995509,86,35,-10,92,6,-5,37,31,6,39.2173431,43.36665386,-4.149310754,-10,-5,-5,0.08,0.67,-0.59,FALSE
37,26,female,40,new,b,1,13.509899999998538,41,39,-29,73,26,-21,17,26,-9,32.53715825,38.3753393,-5.838181059,-29,-21,-8,-0.71,0,-0.71,FALSE
37,26,female,41,new,b,1,23.194399999998492,65,61,-27,97,23,-21,33,33,0,42.45782221,48.68949236,-6.231670156,-27,-21,-6,-0.7,0.3,-1,FALSE
37,26,female,42,new,b,1,4.044399999998518,57,33,-39,75,10,-34,17,17,0,40.79215611,44.77350407,-3.981347961,-39,-34,-5,-0.53,0.23,-0.76,FALSE
37,26,female,0,old,a,0,2.392500000000041,55,15,-13,42,31,-7,19,22,-3,27.90459938,20.99206199,6.91253739,-13,-7,-6,0.21,-0.56,0.77,FALSE
37,26,female,1,old,b,1,0.3703000000044767,56,42,-72,65,9,-66,8.666666667,2.666666667,6,57.32558087,53.66770185,3.657879018,-72,-66,-6,-0.68,-0.18,-0.5,FALSE
37,26,female,2,old,b,1,6.438299999997071,66,31,-13,68,19,-3,28,28,0,32.3213036,29.67602849,2.645275119,-13,-3,-10,-0.14,0.43,-0.57,FALSE
37,26,female,3,old,a,0,8.105899999998542,93,58,-8,94,41,-1,47.66666667,44.66666667,3,41.87547678,38.87015422,3.005322563,-8,-1,-7,-0.36,0.14,-0.5,FALSE
37,26,female,4,old,a,0,5.826299999996991,91,54,-88,96,14,-80,19,10,9,77.1535266,71.90734779,5.246178806,-88,-80,-8,-0.59,-0.08,-0.51,FALSE
37,26,female,6,old,b,1,3.048199999995518,53,8,-34,41,23,-28,9,12,-3,35.52463934,29.22327839,6.301360944,-34,-28,-6,0.04,-0.51,0.55,FALSE
37,26,female,7,old,b,1,7.529200000002902,83,23,-56,70,49,-51,16.66666667,22.66666667,-6,56.92294987,52.7909925,4.131957375,-56,-51,-5,-0.17,-0.62,0.45,FALSE
37,26,female,8,old,a,0,13.212900000005902,93,31,-8,70,68,-4,38.66666667,44.66666667,-6,41.5879256,34.42221505,7.165710549,-8,-4,-4,0.27,-0.71,0.98,FALSE
37,26,female,9,old,a,0,16.102500000000077,74,43,-22,76,14,-13,31.66666667,25.66666667,6,40.00277768,37.25885428,2.743923402,-22,-13,-9,-0.4,0.44,-0.84,FALSE
37,26,female,10,old,b,1,4.477299999997058,64,24,-23,50,35,-20,21.66666667,21.66666667,0,35.55590278,30.09245014,5.463452634,-23,-20,-3,-0.1,-0.58,0.48,FALSE
37,26,female,11,old,b,1,4.470500000000016,85,2,-81,57,52,-76,2,11,-9,67.76921622,61.55214591,6.217070303,-81,-76,-5,0,-0.7,0.7,FALSE
37,26,female,12,old,a,0,6.437899999998422,93,64,-10,95,40,-6,49,43,6,43.36665386,41.28760912,2.079044738,-10,-6,-4,-0.48,0.11,-0.59,FALSE
37,26,female,13,old,a,0,5.270999999999958,94,70,-40,98,38,-30,41.33333333,35.33333333,6,58.33999962,52.2897908,6.050208816,-40,-30,-10,-0.62,-0.08,-0.54,FALSE
37,26,female,14,old,b,1,16.30309999999406,92,60,-21,99,43,-11,43.66666667,43.66666667,0,47.55581516,44.90978611,2.646029045,-21,-11,-10,-0.47,0.02,-0.49,FALSE
37,26,female,15,old,a,0,13.015299999997069,91,75,-12,94,55,-4,51.33333333,48.33333333,3,45.25728916,40.28509512,4.97219404,-12,-4,-8,-0.64,-0.24,-0.4,FALSE
37,26,female,16,old,a,0,4.139399999998545,81,24,-16,74,4,-7,29.66666667,23.66666667,6,39.80228916,35.8732336,3.929055559,-16,-7,-9,0.21,0.66,-0.45,FALSE
37,26,female,17,old,b,1,5.108699999995565,67,19,-22,60,38,-16,21.33333333,27.33333333,-6,36.37153955,31.93048004,4.441059506,-22,-16,-6,0.1,-0.46,0.56,FALSE
37,26,female,18,old,a,0,2.7542999999971016,91,67,-10,95,46,-2,49.33333333,46.33333333,3,43.08389748,39.60078563,3.483111855,-10,-2,-8,-0.55,0.01,-0.56,FALSE
37,26,female,19,old,b,1,8.003899999998453,63,2,-47,49,23,-45,6,9,-3,44.99629614,39.63163719,5.36465895,-47,-45,-2,0.13,-0.49,0.62,FALSE
37,26,female,20,old,b,1,3.686200000002941,75,4,-67,57,43,-61,4,13,-9,57.97125725,52.63712252,5.334134731,-67,-61,-6,0,-0.67,0.67,FALSE
37,26,female,21,old,b,1,7.153599999994071,99,35,-16,88,50,-11,39.33333333,42.33333333,-3,47.0484384,40.77853466,6.269903738,-16,-11,-5,0.14,-0.28,0.42,FALSE
37,26,female,22,old,b,1,6.698499999999967,69,24,-23,60,43,-15,23.33333333,29.33333333,-6,37.56180093,32.10745846,5.454342465,-23,-15,-8,-0.03,-0.56,0.53,FALSE
37,26,female,23,old,a,0,5.829399999998486,80,10,-63,59,46,-60,9,15,-6,58.3837877,53.2979049,5.085882805,-63,-60,-3,-0.03,-0.68,0.65,FALSE
37,26,female,24,old,a,0,5.087899999998513,70,12,-66,45,34,-63,5.333333333,5.333333333,0,55.72152985,48.52719741,7.194332436,-66,-63,-3,-0.18,-0.68,0.5,FALSE
37,26,female,25,old,b,1,8.539200000002893,76,3,-64,59,38,-55,5,14,-9,57.17225434,49.53786431,7.634390037,-64,-55,-9,0.05,-0.61,0.66,FALSE
37,26,female,26,old,b,1,5.33969999999556,67,11,-13,61,36,-5,21.66666667,30.66666667,-9,33.51948024,27.20702524,6.312455003,-13,-5,-8,0.45,-0.29,0.74,FALSE
37,26,female,27,old,b,1,13.571199999995542,88,33,-10,73,59,-3,37,43,-6,40.10818703,33.02524287,7.082944157,-10,-3,-7,0.15,-0.61,0.76,FALSE
37,26,female,28,old,b,1,6.464899999998465,88,17,-44,82,43,-37,20.33333333,29.33333333,-9,53.94029621,49.5333782,4.406918017,-44,-37,-7,0.09,-0.39,0.48,FALSE
37,26,female,29,old,b,1,5.214000000000056,68,25,-12,60,2,-8,27,18,9,32.69046752,29.97776954,2.712697979,-12,-8,-4,0.09,0.65,-0.56,FALSE
37,26,female,30,old,a,0,5.369499999999903,83,50,-11,85,29,-1,40.66666667,37.66666667,3,38.93869826,35.64017708,3.298521182,-11,-1,-10,-0.35,0.35,-0.7,FALSE
37,26,female,31,old,a,0,5.154399999998532,80,72,-12,88,45,-2,46.66666667,43.66666667,3,41.61196409,36.7544404,4.857523695,-12,-2,-10,-0.69,-0.05,-0.64,FALSE
37,26,female,32,old,b,1,9.205600000001596,98,41,-24,75,68,-19,38.33333333,41.33333333,-3,49.8419725,42.75771535,7.084257142,-24,-19,-5,-0.08,-0.69,0.61,FALSE
37,26,female,33,old,b,1,6.842499999999973,80,2,-60,69,30,-50,7.333333333,16.33333333,-9,57.27904406,49.5333782,7.745665868,-60,-50,-10,0.14,-0.39,0.53,FALSE
37,26,female,34,old,a,0,9.658200000003037,95,48,-30,71,67,-25,37.66666667,37.66666667,0,51.55148451,44.3421044,7.209380118,-30,-25,-5,-0.29,-0.7,0.41,FALSE
37,26,female,35,old,a,0,11.448300000004451,90,44,-48,88,16,-45,28.66666667,19.66666667,9,57.37207993,54.3588897,3.013190235,-48,-45,-3,-0.38,0.1,-0.48,FALSE
37,26,female,36,old,b,1,10.110600000001456,53,9,-17,37,30,-13,15,18,-3,28.89059824,22.10580618,6.784792065,-17,-13,-4,0.3,-0.65,0.95,FALSE
37,26,female,37,old,b,1,28.806500000000028,97,58,-61,98,20,-51,31.33333333,22.33333333,9,67.20284386,60.85136719,6.351476665,-61,-51,-10,-0.53,0.06,-0.59,FALSE
37,26,female,38,old,a,0,5.479499999999916,91,81,-24,99,44,-22,49.33333333,40.33333333,9,52.01495511,49.46603773,2.548917383,-24,-22,-2,-0.69,-0.11,-0.58,FALSE
37,26,female,39,old,b,1,13.003899999998566,99,51,-13,95,36,-3,45.66666667,42.66666667,3,45.87906809,40.28509512,5.59397297,-13,-3,-10,-0.17,0.24,-0.41,FALSE
37,26,female,40,old,a,0,22.25239999999837,61,54,-82,79,11,-75,11,5,6,65.82299497,63.01322612,2.809768844,-82,-75,-7,-0.7,-0.14,-0.56,FALSE
37,26,female,41,old,a,0,10.620299999997089,84,27,-36,73,4,-29,25,16,9,49.01020302,42.49705872,6.513144298,-36,-29,-7,-0.06,0.4,-0.46,FALSE
37,26,female,42,old,b,1,9.451699999995526,77,25,-58,53,45,-54,14.66666667,14.66666667,0,55.59576323,48.66438351,6.93137972,-58,-54,-4,-0.27,-0.69,0.42,FALSE
37,26,female,0,new,b,1,7.739500000000135,72,24,-83,93,6,-77,4.333333333,7.333333333,-3,64.78854494,69.40861298,-4.620068037,-83,-77,-6,-0.43,0.03,-0.46,FALSE
37,26,female,1,new,a,0,4.66340000000605,69,50,-40,89,13,-32,26.33333333,23.33333333,3,47.54179448,49.93551397,-2.393719493,-40,-32,-8,-0.62,0.3,-0.92,FALSE
37,26,female,2,new,b,1,3.4785999999942305,37,15,-44,59,10,-34,2.666666667,11.66666667,-9,34.19876541,37.9853773,-3.786611894,-44,-34,-10,-0.49,0.07,-0.56,FALSE
37,26,female,3,new,b,1,3.5063000000043303,32,24,-44,60,15,-36,4,13,-9,34.09789827,39.2173431,-5.119444829,-44,-36,-8,-0.68,-0.08,-0.6,FALSE
37,26,female,4,new,b,1,3.254100000001472,66,47,-58,95,21,-52,18.33333333,21.33333333,-3,54.53031777,60.01296156,-5.482643798,-58,-52,-6,-0.64,0.01,-0.65,FALSE
37,26,female,5,new,b,1,4.821100000001479,68,60,-38,99,37,-28,30,36,-6,48.19405219,51.85235449,-3.658302303,-38,-28,-10,-0.69,-0.03,-0.66,FALSE
37,26,female,6,new,b,1,6.569799999997031,31,25,-52,57,4,-48,1.333333333,4.333333333,-3,37.79182745,42.86671851,-5.074891054,-52,-48,-4,-0.69,0.01,-0.7,FALSE
37,26,female,7,new,b,1,26.04679999999689,54,51,-50,87,14,-46,18.33333333,18.33333333,0,48.33448274,54.3834125,-6.048929759,-50,-46,-4,-0.71,0.12,-0.83,FALSE
37,26,female,8,new,a,0,3.552600000001576,86,32,-13,90,5,-8,35,29,6,40.47221269,43.45879274,-2.986580053,-13,-8,-5,0.11,0.66,-0.55,FALSE
37,26,female,9,new,b,1,6.620700000002898,68,52,-62,94,9,-54,19.33333333,16.33333333,3,57.88110419,60.64285247,-2.761748279,-62,-54,-8,-0.67,0.18,-0.85,FALSE
37,26,female,10,new,b,1,7.587999999999965,58,27,-46,74,5,-40,13,13,0,43.59663596,46.88283268,-3.286196723,-46,-40,-6,-0.45,0.25,-0.7,FALSE
37,26,female,11,new,b,1,0.9657999999969888,85,51,-7,92,14,-4,43,34,9,37.98245209,41.66533331,-3.682881223,-7,-4,-3,-0.31,0.61,-0.92,FALSE
37,26,female,12,new,b,1,6.024799999997185,73,23,-91,92,2,-89,1.666666667,1.666666667,0,68.63105873,73.89331649,-5.262257764,-91,-89,-2,-0.44,-0.01,-0.43,FALSE
37,26,female,13,new,b,1,5.903899999998657,44,31,-57,70,16,-50,6,12,-6,44.86275367,49.07137659,-4.208622918,-57,-50,-7,-0.66,-0.12,-0.54,FALSE
37,26,female,14,new,b,1,2.974699999995437,89,36,-51,98,7,-49,24.66666667,18.66666667,6,57.71385353,60.5768566,-2.863003074,-51,-49,-2,-0.29,0.28,-0.57,FALSE
37,26,female,15,new,b,1,4.373000000000047,43,31,-49,75,8,-40,8.333333333,14.33333333,-6,40.83571422,47.16166051,-6.325946295,-49,-40,-9,-0.66,0.2,-0.86,FALSE
37,26,female,16,new,b,1,3.938700000002882,38,36,-51,71,20,-41,7.666666667,16.66666667,-9,41.49163236,45.78451946,-4.292887105,-51,-41,-10,-0.71,-0.11,-0.6,FALSE
37,26,female,17,new,b,1,3.8379000000059023,56,21,-48,76,2,-40,9.666666667,12.66666667,-3,43.20750964,47.95368136,-4.74617172,-48,-40,-8,-0.38,0.32,-0.7,FALSE
37,26,female,18,new,b,1,8.053300000004583,53,40,-78,88,6,-70,5,8,-3,58.92933621,64.51873113,-5.589394916,-78,-70,-8,-0.68,0.05,-0.73,FALSE
37,26,female,19,new,b,1,4.048299999996971,42,23,-11,63,18,-9,18,24,-6,21.92411154,29.69848481,-7.774373273,-11,-9,-2,-0.33,0.29,-0.62,FALSE
37,26,female,20,new,a,0,3.382000000000062,73,53,-41,99,7,-39,28.33333333,22.33333333,6,49.70133019,57.37207993,-7.670749745,-41,-39,-2,-0.62,0.38,-1,FALSE
37,26,female,21,new,b,1,7.214799999997012,54,34,-67,84,8,-62,7,10,-3,52.95910372,59.62102537,-6.661921656,-67,-62,-5,-0.63,0.05,-0.68,FALSE
37,26,female,22,new,a,0,6.62030000000459,82,49,-19,98,16,-11,37.33333333,34.33333333,3,42.05023451,46.34891824,-4.298683734,-19,-11,-8,-0.39,0.53,-0.92,FALSE
37,26,female,23,new,a,0,5.301500000000033,80,38,-19,90,6,-15,33,27,6,40.57092555,45.36518489,-4.794259339,-19,-15,-4,-0.18,0.6,-0.78,FALSE
37,26,female,24,new,b,1,3.571999999999889,69,45,-22,90,19,-17,30.66666667,30.66666667,0,38.50829636,44.45472103,-5.94642467,-22,-17,-5,-0.51,0.38,-0.89,FALSE
37,26,female,25,new,b,1,2.904399999998532,80,48,-26,89,7,-21,34,25,9,44.39219151,46.6761895,-2.283997999,-26,-21,-5,-0.44,0.52,-0.96,FALSE
37,26,female,26,new,b,1,4.387799999997014,73,45,-52,99,1,-43,22,19,3,53.55993528,59.35205697,-5.792121696,-52,-43,-9,-0.56,0.43,-0.99,FALSE
37,26,female,27,new,b,1,4.114699999995537,62,44,-43,91,27,-37,21,27,-6,45.84757355,52.25578118,-6.408207634,-43,-37,-6,-0.63,0,-0.63,FALSE
37,26,female,28,new,b,1,5.02150000000006,45,26,-62,73,18,-55,3,12,-9,46.61187259,52.42772803,-5.815855439,-62,-55,-7,-0.62,-0.17,-0.45,FALSE
37,26,female,29,new,b,1,7.339299999997138,71,38,-70,91,1,-62,13,10,3,60.21627687,62.78534861,-2.56907174,-70,-62,-8,-0.55,0.21,-0.76,FALSE
37,26,female,30,new,b,1,2.804899999998497,86,41,-34,96,4,-25,31,25,6,49.49747468,51.58165048,-2.084175801,-34,-25,-9,-0.29,0.54,-0.83,FALSE
37,26,female,31,new,a,0,6.06539999999859,44,36,-47,66,12,-45,11,11,0,41.14203041,45.32107677,-4.17904636,-47,-45,-2,-0.69,-0.03,-0.66,FALSE
37,26,female,32,new,a,0,3.719099999993887,72,42,-20,78,6,-17,31.33333333,22.33333333,9,38.30868773,40.46672158,-2.158033852,-20,-17,-3,-0.4,0.54,-0.94,FALSE
37,26,female,33,new,b,1,8.489800000004607,49,45,-36,87,24,-26,19.33333333,28.33333333,-9,39.16063783,46.23370584,-7.073068005,-36,-26,-10,-0.7,0.14,-0.84,FALSE
37,26,female,34,new,b,1,6.347999999999956,59,30,-17,77,20,-7,24,30,-6,31.31559782,35.0142828,-3.698684983,-17,-7,-10,-0.28,0.41,-0.69,FALSE
37,26,female,35,new,a,0,5.838399999998501,88,50,-27,96,11,-23,37,28,9,47.84001115,50.04664491,-2.206633761,-27,-23,-4,-0.39,0.47,-0.86,FALSE
37,26,female,36,new,a,0,3.9393000000045504,79,50,-10,95,17,-2,39.66666667,36.66666667,3,37.06151043,41.97088938,-4.90937895,-10,-2,-8,-0.4,0.6,-1,FALSE
37,26,female,37,new,b,1,13.804000000000087,47,44,-54,78,9,-50,12.33333333,12.33333333,0,46.92073695,52.3089115,-5.388174553,-54,-50,-4,-0.7,0.1,-0.8,FALSE
37,26,female,38,new,b,1,3.254899999998542,38,17,-31,62,16,-27,8,17,-9,28.87905816,36.34097779,-7.461919633,-31,-27,-4,-0.44,0.04,-0.48,FALSE
37,26,female,39,new,a,0,7.703700000002982,78,57,-50,98,6,-46,28.33333333,19.33333333,9,56.04958123,59.5389695,-3.489388273,-50,-46,-4,-0.63,0.32,-0.95,FALSE
37,26,female,40,new,a,0,5.298899999998412,75,48,-36,95,7,-33,29,23,6,47.26520919,53.46650042,-6.201291223,-36,-33,-3,-0.54,0.42,-0.96,FALSE
37,26,female,41,new,a,0,3.421299999997018,87,54,-16,96,14,-12,41.66666667,32.66666667,9,42.94440851,46.02414825,-3.079739742,-16,-12,-4,-0.41,0.54,-0.95,FALSE
37,26,female,0,old,b,1,9.408100000001468,92,2,-70,66,50,-65,8,17,-9,66.2721661,58.34952156,7.92264454,-70,-65,-5,0.14,-0.67,0.81,FALSE
37,26,female,1,old,a,0,5.170800000004419,64,62,-48,70,29,-39,26,20,6,52.33227175,44.95182607,7.380445685,-48,-39,-9,-0.71,-0.29,-0.42,FALSE
37,26,female,2,old,a,0,16.683300000004465,82,31,-53,64,62,-48,20,26,-6,55.6596802,52.33227175,3.327408449,-53,-48,-5,-0.29,-0.71,0.42,FALSE
37,26,female,3,old,a,0,7.282600000001594,98,58,-16,96,41,-6,46.66666667,43.66666667,3,47.22522866,41.6839964,5.541232266,-16,-6,-10,-0.35,0.1,-0.45,FALSE
37,26,female,4,old,b,1,17.737700000003088,48,21,-20,41,36,-10,16.33333333,22.33333333,-6,27.95631513,22.9540604,5.002254727,-20,-10,-10,-0.25,-0.68,0.43,FALSE
37,26,female,5,old,b,1,6.669599999994034,82,11,-76,60,51,-67,5.666666667,14.66666667,-9,64.61338011,57.86382482,6.749555292,-76,-67,-9,-0.12,-0.69,0.57,FALSE
37,26,female,6,old,a,0,1.4329999999999927,79,13,-40,74,33,-37,17.33333333,23.33333333,-6,48.67808085,45.82818153,2.849899325,-40,-37,-3,0.13,-0.31,0.44,FALSE
37,26,female,7,old,b,1,2.220899999991161,85,24,-45,67,54,-39,21.33333333,27.33333333,-6,53.10576449,47.20404879,5.901715701,-45,-39,-6,-0.08,-0.67,0.59,FALSE
37,26,female,8,old,a,0,2.2047999999970216,79,16,-61,58,42,-57,11.33333333,14.33333333,-3,57.24993935,50.86146762,6.388471726,-61,-57,-4,-0.12,-0.65,0.53,FALSE
37,26,female,9,old,a,0,6.006700000002866,63,16,-47,44,40,-43,10.66666667,13.66666667,-3,45.0653846,40.10264608,4.962738522,-47,-43,-4,-0.18,-0.7,0.52,FALSE
37,26,female,10,old,a,0,5.37109999999393,80,43,-35,75,18,-32,29.33333333,20.33333333,9,47.93282336,43.71371511,4.219108251,-35,-32,-3,-0.4,0.08,-0.48,FALSE
37,26,female,11,old,b,1,4.839500000000044,60,5,-41,53,30,-32,8,17,-9,41.28760912,35.89800366,5.389605459,-41,-32,-9,0.11,-0.5,0.61,FALSE
37,26,female,12,old,a,0,9.187400000005937,70,51,-43,75,10,-34,26,17,9,49.40310382,44.77350407,4.629599747,-43,-34,-9,-0.63,0.23,-0.86,FALSE
37,26,female,13,old,b,1,1.623399999991079,77,69,-21,82,39,-14,41.66666667,35.66666667,6,44.43222054,39.26264835,5.16957219,-21,-14,-7,-0.69,-0.13,-0.56,FALSE
37,26,female,14,old,a,0,4.08779999999706,57,44,-13,53,29,-3,29.33333333,26.33333333,3,30.40102337,22.93953405,7.461489329,-13,-3,-10,-0.61,-0.17,-0.44,FALSE
37,26,female,15,old,b,1,6.18100000000004,59,9,-67,40,31,-61,0.333333333,3.333333333,-3,51.80304581,45.63867755,6.164368259,-67,-61,-6,-0.25,-0.69,0.44,FALSE
37,26,female,16,old,a,0,6.829900000006091,61,12,-35,44,34,-31,12.66666667,15.66666667,-3,39.19467084,33.24989557,5.944775267,-35,-31,-4,0.03,-0.66,0.69,FALSE
37,26,female,17,old,b,1,5.378999999999905,65,13,-18,61,36,-10,20,29,-9,34.24422092,29.40521496,4.839005967,-18,-10,-8,0.3,-0.34,0.64,FALSE
37,26,female,18,old,a,0,2.9184999999999945,78,43,-10,60,54,-3,37,37,0,36.17549815,28.39013913,7.785359021,-10,-3,-7,-0.24,-0.68,0.44,FALSE
37,26,female,19,old,a,0,3.0074999999999363,91,79,-11,99,39,-6,53,44,9,45.51922671,43.01162634,2.507600372,-11,-6,-5,-0.67,0.17,-0.84,FALSE
37,26,female,20,old,a,0,4.943099999994047,53,8,-35,40,19,-33,8.666666667,8.666666667,0,35.92894222,30.68477726,5.244164957,-35,-33,-2,0.03,-0.47,0.5,FALSE
37,26,female,21,old,a,0,5.074000000000069,79,64,-29,81,28,-22,38,29,9,47.77028365,42.05551886,5.714764789,-29,-22,-7,-0.66,0.04,-0.7,FALSE
37,26,female,22,old,b,1,6.853299999997034,70,57,-28,78,40,-19,33,33,0,43.45879274,39.90822806,3.550564686,-28,-19,-9,-0.66,-0.26,-0.4,FALSE
37,26,female,23,old,b,1,4.955700000002935,56,8,-52,40,33,-43,4,10,-6,44.18144407,37.58545818,6.595985888,-52,-43,-9,-0.14,-0.69,0.55,FALSE
37,26,female,24,old,b,1,8.761999999999944,91,22,-54,72,61,-47,19.66666667,28.66666667,-9,59.21899095,53.69254035,5.526450601,-54,-47,-7,-0.06,-0.68,0.62,FALSE
37,26,female,25,old,a,0,6.595700000003035,79,40,-26,73,13,-20,31,22,9,43.33589736,38.49675311,4.83914425,-26,-20,-6,-0.3,0.34,-0.64,FALSE
37,26,female,26,old,a,0,7.938599999994039,98,42,-26,70,68,-24,38,38,0,50.70174224,43.84822307,6.853519172,-26,-24,-2,-0.12,-0.71,0.59,FALSE
37,26,female,27,old,a,0,4.132200000002968,85,68,-15,91,43,-5,46,43,3,43.68828981,39.19183588,4.496453927,-15,-5,-10,-0.63,0,-0.63,FALSE
37,26,female,28,old,a,0,3.6877000000029057,53,40,-11,50,25,-2,27.33333333,24.33333333,3,27.62044331,21.23414441,6.386298903,-11,-2,-9,-0.59,-0.05,-0.54,FALSE
37,26,female,29,old,a,0,11.892499999999927,87,78,-16,94,52,-6,49.66666667,46.66666667,3,46.57848812,40.99864496,5.579843156,-16,-6,-10,-0.69,-0.19,-0.5,FALSE
37,26,female,30,old,b,1,5.52059999999392,96,19,-78,77,43,-74,12.33333333,15.33333333,-3,71.19144768,64.67525716,6.516190515,-78,-74,-4,-0.14,-0.56,0.42,FALSE
37,26,female,32,old,b,1,5.598700000002964,48,3,-24,46,23,-15,9,18,-9,29.69848481,25.15286597,4.545618837,-24,-15,-9,0.29,-0.29,0.58,FALSE
37,26,female,33,old,b,1,3.471700000003011,99,52,-13,90,75,-9,46,52,-6,45.92022067,43.56604182,2.354178852,-13,-9,-4,-0.19,-0.64,0.45,FALSE
37,26,female,34,old,a,0,3.985500000000002,65,57,-40,69,18,-32,27.33333333,18.33333333,9,47.72374205,41.23375101,6.489991045,-40,-32,-8,-0.69,0.01,-0.7,FALSE
37,26,female,35,old,a,0,3.5549999999998363,46,30,-55,47,6,-50,7,1,6,44.32456054,39.75759885,4.566961681,-55,-50,-5,-0.64,-0.19,-0.45,FALSE
37,26,female,36,old,a,0,15.022799999997003,74,5,-55,57,19,-52,8,8,0,52.70673581,45.17373868,7.532997129,-55,-52,-3,0.09,-0.35,0.44,FALSE
37,26,female,37,old,b,1,0.9872999999970488,79,63,-12,80,36,-4,43.33333333,37.33333333,6,39.6680672,34.30581421,5.362252988,-12,-4,-8,-0.62,0.06,-0.68,FALSE
37,26,female,38,old,a,0,6.71550000000002,46,32,-39,42,9,-30,13,7,6,37.21110945,29.42787794,7.783231513,-39,-30,-9,-0.63,-0.1,-0.53,FALSE
37,26,female,39,old,a,0,6.872399999991103,57,19,-12,42,29,-7,21.33333333,21.33333333,0,28.21740991,20.72572208,7.491687838,-12,-7,-5,0.12,-0.5,0.62,FALSE
37,26,female,40,old,b,1,4.741599999993923,58,38,-11,53,25,-2,28.33333333,25.33333333,3,28.98658694,22.45489306,6.531693879,-11,-2,-9,-0.46,0.02,-0.48,FALSE
37,26,female,41,old,b,1,3.896599999994123,74,21,-46,56,42,-40,16.33333333,19.33333333,-3,49.10080334,42.34251869,6.758284654,-46,-40,-6,-0.14,-0.65,0.51,FALSE
37,26,female,42,old,b,1,11.071600000009084,73,52,-43,84,13,-33,27.33333333,21.33333333,6,50.4667107,48.12714642,2.339564283,-43,-33,-10,-0.62,0.25,-0.87,FALSE
38,30,male,0,new,a,0,3.950500000000005,62,55,-78,93,7,-70,13,10,3,64.41014413,66.57827473,-2.168130606,-78,-70,-8,-0.7,0.07,-0.77,FALSE
38,30,male,1,new,b,1,4.33250000000001,59,34,-23,76,30,-18,23.33333333,29.33333333,-6,34.31552936,38.37823457,-4.062705208,-23,-18,-5,-0.44,-0.03,-0.41,FALSE
38,30,male,2,new,b,1,5.608800000000741,72,24,-26,91,16,-19,23.33333333,29.33333333,-6,40.01110957,45.88633299,-5.875223425,-26,-19,-7,-0.02,0.41,-0.43,FALSE
38,30,male,3,new,b,1,5.651800000000748,67,34,-14,82,3,-7,29,26,3,33.2565783,39.80787192,-6.551293622,-14,-7,-7,-0.22,0.67,-0.89,FALSE
38,30,male,4,new,a,0,1.9224999999999848,74,56,-98,99,2,-96,10.66666667,1.666666667,9,77.18952145,79.60876557,-2.4192441160000002,-98,-96,-2,-0.68,-0.01,-0.67,FALSE
38,30,male,5,new,a,0,6.730499999999978,71,36,-38,93,11,-35,23,23,0,45.43860326,52.94021786,-7.501614591,-38,-35,-3,-0.41,0.33,-0.74,FALSE
38,30,male,6,new,b,1,10.761699999999225,70,31,-60,87,5,-51,13.66666667,13.66666667,0,54.46915539,56.6705881,-2.20143271,-60,-51,-9,-0.45,0.23,-0.68,FALSE
38,30,male,7,new,b,1,9.27369999999928,67,58,-29,93,49,-19,32,41,-9,43.28972164,46.07240678,-2.782685138,-29,-19,-10,-0.68,-0.26,-0.42,FALSE
38,30,male,8,new,a,0,3.988,82,33,-22,91,7,-14,31,28,3,42.48136847,45.36518489,-2.883816424,-22,-14,-8,-0.07,0.6,-0.67,FALSE
38,30,male,9,new,b,1,3.010400000002221,74,29,-58,96,13,-55,15,18,-3,54.79051013,61.74679479,-6.956284661,-58,-55,-3,-0.37,0.12,-0.49,FALSE
38,30,male,10,new,b,1,1.549000000000035,57,33,-39,75,10,-34,17,17,0,40.79215611,44.77350407,-3.981347961,-39,-34,-5,-0.53,0.23,-0.76,FALSE
38,30,male,11,new,a,0,2.4776999999992317,83,36,-11,86,2,-7,36,27,9,38.3753393,41.88078318,-3.505443879,-11,-7,-4,0,0.68,-0.68,FALSE
38,30,male,12,new,b,1,4.164199999999255,56,39,-80,86,11,-73,5,8,-3,60.50344343,64.94613152,-4.442688096,-80,-73,-7,-0.67,-0.07,-0.6,FALSE
38,30,male,13,new,a,0,2.1036999999992645,76,38,-12,82,9,-7,34,28,6,36.037018,38.73843914,-2.701421131,-12,-7,-5,-0.17,0.62,-0.79,FALSE
38,30,male,14,new,a,0,3.5138000000007423,59,53,-70,91,2,-60,14,11,3,59.44745579,61.97311245,-2.525656659,-70,-60,-10,-0.7,0.21,-0.91,FALSE
38,30,male,15,new,a,0,2.43980000000073,83,52,-36,96,9,-33,33,24,9,50.4050262,53.72150407,-3.31647787,-36,-33,-3,-0.51,0.4,-0.91,FALSE
38,30,male,16,new,b,1,1.8356000000014772,41,39,-29,73,26,-21,17,26,-9,32.53715825,38.3753393,-5.838181059,-29,-21,-8,-0.71,0,-0.71,FALSE
38,30,male,17,new,b,1,3.0301000000014824,62,43,-86,99,27,-80,6.333333333,15.33333333,-9,65.74867975,73.54061614,-7.79193639,-86,-80,-6,-0.66,-0.23,-0.43,FALSE
38,30,male,18,new,b,1,1.1902999999970234,66,55,-73,97,23,-63,16,19,-3,63.09252465,65.38093504,-2.28841039,-73,-63,-10,-0.69,-0.09,-0.6,FALSE
38,30,male,19,new,b,1,2.50590000000227,56,49,-15,84,31,-7,30,36,-6,31.94787421,37.31844941,-5.370575202,-15,-7,-8,-0.68,0.2,-0.88,FALSE
38,30,male,20,new,a,0,3.293300000000727,85,45,-46,95,4,-42,28,19,9,54.81483984,56.92685365,-2.112013812,-46,-42,-4,-0.44,0.38,-0.82,FALSE
38,30,male,21,new,b,1,3.809399999998504,45,40,-49,77,30,-44,12,21,-9,43.18178628,49.80629144,-6.624505153,-49,-44,-5,-0.7,-0.27,-0.43,FALSE
38,30,male,22,new,b,1,0.6094999999999686,59,17,-45,75,4,-39,10.33333333,13.33333333,-3,42.71871825,47.00590979,-4.287191544,-45,-39,-6,-0.23,0.29,-0.52,FALSE
38,30,male,23,new,a,0,0.8764000000022065,82,41,-36,94,3,-28,29,23,6,48.91489207,51.77515492,-2.860262842,-36,-28,-8,-0.35,0.52,-0.87,FALSE
38,30,male,24,new,b,1,1.0509000000022295,58,27,-28,78,17,-20,19,25,-6,35.56215217,40.40627014,-4.844117975,-28,-20,-8,-0.33,0.29,-0.62,FALSE
38,30,male,25,new,a,0,2.8810999999977867,76,31,-39,96,19,-29,22.66666667,28.66666667,-6,47.31689856,51.48678363,-4.169885078,-39,-29,-10,-0.26,0.28,-0.54,FALSE
38,30,male,26,new,a,0,3.6208999999984712,63,62,-52,88,34,-49,24.33333333,24.33333333,0,53.97736151,56.34615239,-2.368790878,-52,-49,-3,-0.71,-0.25,-0.46,FALSE
38,30,male,27,new,b,1,2.4948000000007937,86,35,-10,92,6,-5,37,31,6,39.2173431,43.36665386,-4.149310754,-10,-5,-5,0.08,0.67,-0.59,FALSE
38,30,male,28,new,b,1,2.0751999999992563,65,35,-38,81,15,-34,20.66666667,20.66666667,0,43.25377312,47.1192341,-3.865460983,-38,-34,-4,-0.46,0.18,-0.64,FALSE
38,30,male,29,new,a,0,0.7889000000022293,51,25,-16,72,5,-8,20,23,-3,27.58018612,35.05234181,-7.47215569,-16,-8,-8,-0.27,0.63,-0.9,FALSE
38,30,male,30,new,b,1,0.6413000000007401,60,59,-71,98,2,-61,16,13,3,61.51964456,65.37583651,-3.856191956,-71,-61,-10,-0.71,0.25,-0.96,FALSE
38,30,male,31,new,b,1,0.7751999999992449,65,61,-27,97,23,-21,33,33,0,42.45782221,48.68949236,-6.231670156,-27,-21,-6,-0.7,0.3,-1,FALSE
38,30,male,32,new,b,1,0.866800000000751,84,38,-47,98,2,-43,25,19,6,54.26478293,58.80476171,-4.53997878,-47,-43,-4,-0.35,0.41,-0.76,FALSE
38,30,male,33,new,b,1,1.847199999999248,73,35,-13,82,8,-4,31.66666667,28.66666667,3,35.18838192,38.02922853,-2.840846604,-13,-4,-9,-0.14,0.65,-0.79,FALSE
38,30,male,34,new,a,0,1.1293999999985544,73,32,-44,95,17,-42,20.33333333,23.33333333,-3,48.47221426,56.10902086,-7.6368066,-44,-42,-2,-0.35,0.17,-0.52,FALSE
38,30,male,36,new,a,0,0.9278999999984876,61,33,-4,66,7,-1,30,24,6,26.62079388,29.87752779,-3.25673391,-4,-1,-3,-0.17,0.67,-0.84,FALSE
38,30,male,37,new,a,0,0.6735999999978048,62,41,-30,88,24,-21,24.33333333,30.33333333,-6,39.36439452,44.723844,-5.359449486,-30,-21,-9,-0.56,0.21,-0.77,FALSE
38,30,male,38,new,a,0,2.585300000000757,75,51,-33,96,10,-31,31,25,6,46.30334761,52.92132525,-6.617977643,-33,-31,-2,-0.57,0.4,-0.97,FALSE
38,30,male,39,new,b,1,0.85450000000003,75,60,-69,99,6,-66,22,13,9,64.63745044,67.54257916,-2.905128718,-69,-66,-3,-0.68,0.15,-0.83,FALSE
38,30,male,40,new,a,0,0.03990000000226246,35,19,-36,66,5,-26,6,15,-9,30.40833219,38.21866909,-7.810336894,-36,-26,-10,-0.56,0.37,-0.93,FALSE
38,30,male,41,new,b,1,7.012600000001498,40,34,-14,62,29,-4,20,29,-9,24.16609195,26.94438717,-2.778295223,-14,-4,-10,-0.67,0,-0.67,FALSE
38,30,male,42,new,a,0,4.44719999999927,94,45,-8,97,10,-3,43.66666667,34.66666667,9,41.65199742,44.39469438,-2.74269696,-8,-3,-5,-0.05,0.66,-0.71,FALSE
38,30,male,0,old,b,1,5.287899999998501,80,72,-12,88,45,-2,46.66666667,43.66666667,3,41.61196409,36.7544404,4.857523695,-12,-2,-10,-0.69,-0.05,-0.64,FALSE
38,30,male,1,old,a,0,3.983399999998539,83,50,-11,85,29,-1,40.66666667,37.66666667,3,38.93869826,35.64017708,3.298521182,-11,-1,-10,-0.35,0.35,-0.7,FALSE
38,30,male,2,old,b,1,9.457200000003011,53,9,-17,37,30,-13,15,18,-3,28.89059824,22.10580618,6.784792065,-17,-13,-4,0.3,-0.65,0.95,FALSE
38,30,male,3,old,a,0,8.710300000000757,84,27,-36,73,4,-29,25,16,9,49.01020302,42.49705872,6.513144298,-36,-29,-7,-0.06,0.4,-0.46,FALSE
38,30,male,4,old,a,0,7.459800000000769,91,54,-88,96,14,-80,19,10,9,77.1535266,71.90734779,5.246178806,-88,-80,-8,-0.59,-0.08,-0.51,FALSE
38,30,male,5,old,b,1,6.933799999997063,67,11,-13,61,36,-5,21.66666667,30.66666667,-9,33.51948024,27.20702524,6.312455003,-13,-5,-8,0.45,-0.29,0.74,FALSE
38,30,male,6,old,a,0,2.25649999999996,81,24,-16,74,4,-7,29.66666667,23.66666667,6,39.80228916,35.8732336,3.929055559,-16,-7,-9,0.21,0.66,-0.45,FALSE
38,30,male,7,old,b,1,2.4791999999992527,99,35,-16,88,50,-11,39.33333333,42.33333333,-3,47.0484384,40.77853466,6.269903738,-16,-11,-5,0.14,-0.28,0.42,FALSE
38,30,male,8,old,a,0,4.62909999999772,91,81,-24,99,44,-22,49.33333333,40.33333333,9,52.01495511,49.46603773,2.548917383,-24,-22,-2,-0.69,-0.11,-0.58,FALSE
38,30,male,9,old,b,1,4.032699999999295,85,2,-81,57,52,-76,2,11,-9,67.76921622,61.55214591,6.217070303,-81,-76,-5,0,-0.7,0.7,FALSE
38,30,male,10,old,a,0,1.5266000000014517,74,43,-22,76,14,-13,31.66666667,25.66666667,6,40.00277768,37.25885428,2.743923402,-22,-13,-9,-0.4,0.44,-0.84,FALSE
38,30,male,11,old,b,1,4.299599999997724,75,4,-67,57,43,-61,4,13,-9,57.97125725,52.63712252,5.334134731,-67,-61,-6,0,-0.67,0.67,FALSE
38,30,male,12,old,b,1,3.73150000000004,93,31,-8,70,68,-4,38.66666667,44.66666667,-6,41.5879256,34.42221505,7.165710549,-8,-4,-4,0.27,-0.71,0.98,FALSE
38,30,male,13,old,a,0,1.3944000000022356,93,58,-8,94,41,-1,47.66666667,44.66666667,3,41.87547678,38.87015422,3.005322563,-8,-1,-7,-0.36,0.14,-0.5,FALSE
38,30,male,14,old,b,1,0.7000999999978035,88,33,-10,73,59,-3,37,43,-6,40.10818703,33.02524287,7.082944157,-10,-3,-7,0.15,-0.61,0.76,FALSE
38,30,male,15,old,b,1,0.8256999999992445,92,60,-21,99,43,-11,43.66666667,43.66666667,0,47.55581516,44.90978611,2.646029045,-21,-11,-10,-0.47,0.02,-0.49,FALSE
38,30,male,16,old,a,0,0.6986999999992918,55,15,-13,42,31,-7,19,22,-3,27.90459938,20.99206199,6.91253739,-13,-7,-6,0.21,-0.56,0.77,FALSE
38,30,male,17,old,b,1,0.6436999999992281,91,75,-12,94,55,-4,51.33333333,48.33333333,3,45.25728916,40.28509512,4.97219404,-12,-4,-8,-0.64,-0.24,-0.4,FALSE
38,30,male,18,old,b,1,1.4718000000007692,91,67,-10,95,46,-2,49.33333333,46.33333333,3,43.08389748,39.60078563,3.483111855,-10,-2,-8,-0.55,0.01,-0.56,FALSE
38,30,male,19,old,b,1,0.9766999999992548,56,42,-72,65,9,-66,8.666666667,2.666666667,6,57.32558087,53.66770185,3.657879018,-72,-66,-6,-0.68,-0.18,-0.5,FALSE
38,30,male,20,old,b,1,1.3254000000022188,95,48,-30,71,67,-25,37.66666667,37.66666667,0,51.55148451,44.3421044,7.209380118,-30,-25,-5,-0.29,-0.7,0.41,FALSE
38,30,male,21,old,b,1,8.946399999998505,98,41,-24,75,68,-19,38.33333333,41.33333333,-3,49.8419725,42.75771535,7.084257142,-24,-19,-5,-0.08,-0.69,0.61,FALSE
38,30,male,22,old,b,1,6.026399999998489,88,17,-44,82,43,-37,20.33333333,29.33333333,-9,53.94029621,49.5333782,4.406918017,-44,-37,-7,0.09,-0.39,0.48,FALSE
38,30,male,23,old,a,0,6.735200000003033,61,54,-82,79,11,-75,11,5,6,65.82299497,63.01322612,2.809768844,-82,-75,-7,-0.7,-0.14,-0.56,FALSE
38,30,male,24,old,b,1,2.5440999999977976,76,3,-64,59,38,-55,5,14,-9,57.17225434,49.53786431,7.634390037,-64,-55,-9,0.05,-0.61,0.66,FALSE
38,30,male,25,old,b,1,0.5998000000007551,80,2,-60,69,30,-50,7.333333333,16.33333333,-9,57.27904406,49.5333782,7.745665868,-60,-50,-10,0.14,-0.39,0.53,FALSE
38,30,male,27,old,a,0,0.44310000000143646,90,44,-48,88,16,-45,28.66666667,19.66666667,9,57.37207993,54.3588897,3.013190235,-48,-45,-3,-0.38,0.1,-0.48,FALSE
38,30,male,28,old,a,0,0.4633999999985008,77,25,-58,53,45,-54,14.66666667,14.66666667,0,55.59576323,48.66438351,6.93137972,-58,-54,-4,-0.27,-0.69,0.42,FALSE
38,30,male,29,old,b,1,0.4868000000006987,83,23,-56,70,49,-51,16.66666667,22.66666667,-6,56.92294987,52.7909925,4.131957375,-56,-51,-5,-0.17,-0.62,0.45,FALSE
38,30,male,30,old,a,0,0.47360000000139735,97,58,-61,98,20,-51,31.33333333,22.33333333,9,67.20284386,60.85136719,6.351476665,-61,-51,-10,-0.53,0.06,-0.59,FALSE
38,30,male,31,old,a,0,1.6304999999999836,70,12,-66,45,34,-63,5.333333333,5.333333333,0,55.72152985,48.52719741,7.194332436,-66,-63,-3,-0.18,-0.68,0.5,FALSE
38,30,male,32,old,b,1,1.7568000000007942,67,19,-22,60,38,-16,21.33333333,27.33333333,-6,36.37153955,31.93048004,4.441059506,-22,-16,-6,0.1,-0.46,0.56,FALSE
38,30,male,33,old,b,1,1.5850999999977375,69,24,-23,60,43,-15,23.33333333,29.33333333,-6,37.56180093,32.10745846,5.454342465,-23,-15,-8,-0.03,-0.56,0.53,FALSE
38,30,male,34,old,a,0,0.651399999998489,68,25,-12,60,2,-8,27,18,9,32.69046752,29.97776954,2.712697979,-12,-8,-4,0.09,0.65,-0.56,FALSE
38,30,male,35,old,a,0,0.6670999999977312,94,70,-40,98,38,-30,41.33333333,35.33333333,6,58.33999962,52.2897908,6.050208816,-40,-30,-10,-0.62,-0.08,-0.54,FALSE
38,30,male,36,old,b,1,1.7754999999999654,63,2,-47,49,23,-45,6,9,-3,44.99629614,39.63163719,5.36465895,-47,-45,-2,0.13,-0.49,0.62,FALSE
38,30,male,37,old,a,0,1.1119000000022652,80,10,-63,59,46,-60,9,15,-6,58.3837877,53.2979049,5.085882805,-63,-60,-3,-0.03,-0.68,0.65,FALSE
38,30,male,38,old,b,1,0.4489999999999554,93,64,-10,95,40,-6,49,43,6,43.36665386,41.28760912,2.079044738,-10,-6,-4,-0.48,0.11,-0.59,FALSE
38,30,male,39,old,a,0,0.31479999999703523,66,31,-13,68,19,-3,28,28,0,32.3213036,29.67602849,2.645275119,-13,-3,-10,-0.14,0.43,-0.57,FALSE
38,30,male,40,old,a,0,5.857300000000691,99,51,-13,95,36,-3,45.66666667,42.66666667,3,45.87906809,40.28509512,5.59397297,-13,-3,-10,-0.17,0.24,-0.41,FALSE
38,30,male,41,old,a,0,8.544999999999959,64,24,-23,50,35,-20,21.66666667,21.66666667,0,35.55590278,30.09245014,5.463452634,-23,-20,-3,-0.1,-0.58,0.48,FALSE
38,30,male,42,old,b,1,10.363300000000775,53,8,-34,41,23,-28,9,12,-3,35.52463934,29.22327839,6.301360944,-34,-28,-6,0.04,-0.51,0.55,FALSE
38,30,male,0,new,b,1,6.767000000000053,69,45,-22,90,19,-17,30.66666667,30.66666667,0,38.50829636,44.45472103,-5.94642467,-22,-17,-5,-0.51,0.38,-0.89,FALSE
38,30,male,1,new,a,0,6.20369999999923,66,47,-58,95,21,-52,18.33333333,21.33333333,-3,54.53031777,60.01296156,-5.482643798,-58,-52,-6,-0.64,0.01,-0.65,FALSE
38,30,male,2,new,b,1,2.63060000000155,42,23,-11,63,18,-9,18,24,-6,21.92411154,29.69848481,-7.774373273,-11,-9,-2,-0.33,0.29,-0.62,FALSE
38,30,male,3,new,a,0,6.134000000000015,44,31,-57,70,16,-50,6,12,-6,44.86275367,49.07137659,-4.208622918,-57,-50,-7,-0.66,-0.12,-0.54,FALSE
38,30,male,4,new,b,1,0.7923000000007505,85,51,-7,92,14,-4,43,34,9,37.98245209,41.66533331,-3.682881223,-7,-4,-3,-0.31,0.61,-0.92,FALSE
38,30,male,5,new,a,0,0.6150000000000091,73,45,-52,99,1,-43,22,19,3,53.55993528,59.35205697,-5.792121696,-52,-43,-9,-0.56,0.43,-0.99,FALSE
38,30,male,6,new,a,0,0.7726000000014892,86,32,-13,90,5,-8,35,29,6,40.47221269,43.45879274,-2.986580053,-13,-8,-5,0.11,0.66,-0.55,FALSE
38,30,male,7,new,a,0,1.0264999999999418,80,48,-26,89,7,-21,34,25,9,44.39219151,46.6761895,-2.283997999,-26,-21,-5,-0.44,0.52,-0.96,FALSE
38,30,male,8,new,a,0,0.539799999997058,72,24,-83,93,6,-77,4.333333333,7.333333333,-3,64.78854494,69.40861298,-4.620068037,-83,-77,-6,-0.43,0.03,-0.46,FALSE
38,30,male,9,new,a,0,0.6490999999978158,89,36,-51,98,7,-49,24.66666667,18.66666667,6,57.71385353,60.5768566,-2.863003074,-51,-49,-2,-0.29,0.28,-0.57,FALSE
38,30,male,10,new,b,1,0.46449999999993,69,50,-40,89,13,-32,26.33333333,23.33333333,3,47.54179448,49.93551397,-2.393719493,-40,-32,-8,-0.62,0.3,-0.92,FALSE
38,30,male,11,new,b,1,0.5065000000000737,58,27,-46,74,5,-40,13,13,0,43.59663596,46.88283268,-3.286196723,-46,-40,-6,-0.45,0.25,-0.7,FALSE
38,30,male,12,new,b,1,0.527200000003063,80,38,-19,90,6,-15,33,27,6,40.57092555,45.36518489,-4.794259339,-19,-15,-4,-0.18,0.6,-0.78,FALSE
38,30,male,13,new,b,1,0.8747000000029175,44,36,-47,66,12,-45,11,11,0,41.14203041,45.32107677,-4.17904636,-47,-45,-2,-0.69,-0.03,-0.66,FALSE
38,30,male,14,new,b,1,1.2878000000007432,32,24,-44,60,15,-36,4,13,-9,34.09789827,39.2173431,-5.119444829,-44,-36,-8,-0.68,-0.08,-0.6,FALSE
38,30,male,15,new,a,0,0.581600000001572,86,41,-34,96,4,-25,31,25,6,49.49747468,51.58165048,-2.084175801,-34,-25,-9,-0.29,0.54,-0.83,FALSE
38,30,male,16,new,b,1,2.716199999999276,56,21,-48,76,2,-40,9.666666667,12.66666667,-3,43.20750964,47.95368136,-4.74617172,-48,-40,-8,-0.38,0.32,-0.7,FALSE
38,30,male,17,new,b,1,0.6698999999985062,49,45,-36,87,24,-26,19.33333333,28.33333333,-9,39.16063783,46.23370584,-7.073068005,-36,-26,-10,-0.7,0.14,-0.84,FALSE
38,30,male,18,new,b,1,0.5898999999984653,79,50,-10,95,17,-2,39.66666667,36.66666667,3,37.06151043,41.97088938,-4.90937895,-10,-2,-8,-0.4,0.6,-1,FALSE
38,30,male,19,new,a,0,0.821199999999294,43,31,-49,75,8,-40,8.333333333,14.33333333,-6,40.83571422,47.16166051,-6.325946295,-49,-40,-9,-0.66,0.2,-0.86,FALSE
38,30,male,20,new,b,1,0.5914000000022952,54,34,-67,84,8,-62,7,10,-3,52.95910372,59.62102537,-6.661921656,-67,-62,-5,-0.63,0.05,-0.68,FALSE
38,30,male,21,new,a,0,1.2586000000014792,37,15,-44,59,10,-34,2.666666667,11.66666667,-9,34.19876541,37.9853773,-3.786611894,-44,-34,-10,-0.49,0.07,-0.56,FALSE
38,30,male,22,new,a,0,1.0511999999993122,38,36,-51,71,20,-41,7.666666667,16.66666667,-9,41.49163236,45.78451946,-4.292887105,-51,-41,-10,-0.71,-0.11,-0.6,FALSE
38,30,male,23,new,a,0,0.8514000000022861,87,54,-16,96,14,-12,41.66666667,32.66666667,9,42.94440851,46.02414825,-3.079739742,-16,-12,-4,-0.41,0.54,-0.95,FALSE
38,30,male,24,new,b,1,0.75,82,49,-19,98,16,-11,37.33333333,34.33333333,3,42.05023451,46.34891824,-4.298683734,-19,-11,-8,-0.39,0.53,-0.92,FALSE
38,30,male,25,new,b,1,0.8419000000021697,53,40,-78,88,6,-70,5,8,-3,58.92933621,64.51873113,-5.589394916,-78,-70,-8,-0.68,0.05,-0.73,FALSE
38,30,male,27,new,b,1,0.6243000000007441,75,48,-36,95,7,-33,29,23,6,47.26520919,53.46650042,-6.201291223,-36,-33,-3,-0.54,0.42,-0.96,FALSE
38,30,male,28,new,b,1,0.8515999999978021,54,51,-50,87,14,-46,18.33333333,18.33333333,0,48.33448274,54.3834125,-6.048929759,-50,-46,-4,-0.71,0.12,-0.83,FALSE
38,30,male,29,new,b,1,0.5734000000021524,38,17,-31,62,16,-27,8,17,-9,28.87905816,36.34097779,-7.461919633,-31,-27,-4,-0.44,0.04,-0.48,FALSE
38,30,male,30,new,a,0,0.7640999999977112,73,23,-91,92,2,-89,1.666666667,1.666666667,0,68.63105873,73.89331649,-5.262257764,-91,-89,-2,-0.44,-0.01,-0.43,FALSE
38,30,male,31,new,a,0,0.75,68,52,-62,94,9,-54,19.33333333,16.33333333,3,57.88110419,60.64285247,-2.761748279,-62,-54,-8,-0.67,0.18,-0.85,FALSE
38,30,male,32,new,b,1,0.6237999999970043,73,53,-41,99,7,-39,28.33333333,22.33333333,6,49.70133019,57.37207993,-7.670749745,-41,-39,-2,-0.62,0.38,-1,FALSE
38,30,male,33,new,b,1,0.4697000000029448,68,60,-38,99,37,-28,30,36,-6,48.19405219,51.85235449,-3.658302303,-38,-28,-10,-0.69,-0.03,-0.66,FALSE
38,30,male,34,new,b,1,0.5238999999984344,59,30,-17,77,20,-7,24,30,-6,31.31559782,35.0142828,-3.698684983,-17,-7,-10,-0.28,0.41,-0.69,FALSE
38,30,male,35,new,a,0,0.4733000000007905,62,44,-43,91,27,-37,21,27,-6,45.84757355,52.25578118,-6.408207634,-43,-37,-6,-0.63,0,-0.63,FALSE
38,30,male,36,new,b,1,0.7010999999978367,78,57,-50,98,6,-46,28.33333333,19.33333333,9,56.04958123,59.5389695,-3.489388273,-50,-46,-4,-0.63,0.32,-0.95,FALSE
38,30,male,37,new,b,1,1.8810999999977869,88,50,-27,96,11,-23,37,28,9,47.84001115,50.04664491,-2.206633761,-27,-23,-4,-0.39,0.47,-0.86,FALSE
38,30,male,38,new,a,0,0.3898000000007187,72,42,-20,78,6,-17,31.33333333,22.33333333,9,38.30868773,40.46672158,-2.158033852,-20,-17,-3,-0.4,0.54,-0.94,FALSE
38,30,male,39,new,a,0,10.05659999999773,71,38,-70,91,1,-62,13,10,3,60.21627687,62.78534861,-2.56907174,-70,-62,-8,-0.55,0.21,-0.76,FALSE
38,30,male,40,new,b,1,25.18449999999996,47,44,-54,78,9,-50,12.33333333,12.33333333,0,46.92073695,52.3089115,-5.388174553,-54,-50,-4,-0.7,0.1,-0.8,FALSE
38,30,male,41,new,b,1,17.882200000002967,45,26,-62,73,18,-55,3,12,-9,46.61187259,52.42772803,-5.815855439,-62,-55,-7,-0.62,-0.17,-0.45,FALSE
38,30,male,42,new,b,1,14.738699999999312,31,25,-52,57,4,-48,1.333333333,4.333333333,-3,37.79182745,42.86671851,-5.074891054,-52,-48,-4,-0.69,0.01,-0.7,FALSE
38,30,male,0,old,a,0,3.553600000001552,96,19,-78,77,43,-74,12.33333333,15.33333333,-3,71.19144768,64.67525716,6.516190515,-78,-74,-4,-0.14,-0.56,0.42,FALSE
38,30,male,1,old,a,0,0.5358000000006768,74,21,-46,56,42,-40,16.33333333,19.33333333,-3,49.10080334,42.34251869,6.758284654,-46,-40,-6,-0.14,-0.65,0.51,FALSE
38,30,male,2,old,a,0,0.5181999999992968,70,57,-28,78,40,-19,33,33,0,43.45879274,39.90822806,3.550564686,-28,-19,-9,-0.66,-0.26,-0.4,FALSE
38,30,male,3,old,b,1,0.7001999999993131,65,13,-18,61,36,-10,20,29,-9,34.24422092,29.40521496,4.839005967,-18,-10,-8,0.3,-0.34,0.64,FALSE
38,30,male,4,old,b,1,0.6429000000022143,80,43,-35,75,18,-32,29.33333333,20.33333333,9,47.93282336,43.71371511,4.219108251,-35,-32,-3,-0.4,0.08,-0.48,FALSE
38,30,male,5,old,a,0,0.6256999999992559,98,42,-26,70,68,-24,38,38,0,50.70174224,43.84822307,6.853519172,-26,-24,-2,-0.12,-0.71,0.59,FALSE
38,30,male,6,old,b,1,1.7326999999992267,56,8,-52,40,33,-43,4,10,-6,44.18144407,37.58545818,6.595985888,-52,-43,-9,-0.14,-0.69,0.55,FALSE
38,30,male,7,old,b,1,0.452899999998408,59,9,-67,40,31,-61,0.333333333,3.333333333,-3,51.80304581,45.63867755,6.164368259,-67,-61,-6,-0.25,-0.69,0.44,FALSE
38,30,male,8,old,a,0,2.7058999999985645,65,57,-40,69,18,-32,27.33333333,18.33333333,9,47.72374205,41.23375101,6.489991045,-40,-32,-8,-0.69,0.01,-0.7,FALSE
38,30,male,10,old,b,1,2.463199999999233,58,38,-11,53,25,-2,28.33333333,25.33333333,3,28.98658694,22.45489306,6.531693879,-11,-2,-9,-0.46,0.02,-0.48,FALSE
38,30,male,11,old,a,0,2.377200000002972,79,40,-26,73,13,-20,31,22,9,43.33589736,38.49675311,4.83914425,-26,-20,-6,-0.3,0.34,-0.64,FALSE
38,30,male,12,old,a,0,7.77049999999997,85,68,-15,91,43,-5,46,43,3,43.68828981,39.19183588,4.496453927,-15,-5,-10,-0.63,0,-0.63,FALSE
38,30,male,13,old,b,1,1.51589999999851,79,64,-29,81,28,-22,38,29,9,47.77028365,42.05551886,5.714764789,-29,-22,-7,-0.66,0.04,-0.7,FALSE
38,30,male,14,old,b,1,3.646000000000072,61,12,-35,44,34,-31,12.66666667,15.66666667,-3,39.19467084,33.24989557,5.944775267,-35,-31,-4,0.03,-0.66,0.69,FALSE
38,30,male,15,old,b,1,0.5944000000022243,73,52,-43,84,13,-33,27.33333333,21.33333333,6,50.4667107,48.12714642,2.339564283,-43,-33,-10,-0.62,0.25,-0.87,FALSE
38,30,male,16,old,b,1,0.5135000000000218,92,2,-70,66,50,-65,8,17,-9,66.2721661,58.34952156,7.92264454,-70,-65,-5,0.14,-0.67,0.81,FALSE
38,30,male,17,old,b,1,0.4171999999992977,78,43,-10,60,54,-3,37,37,0,36.17549815,28.39013913,7.785359021,-10,-3,-7,-0.24,-0.68,0.44,FALSE
38,30,male,18,old,a,0,0.4480000000000928,82,11,-76,60,51,-67,5.666666667,14.66666667,-9,64.61338011,57.86382482,6.749555292,-76,-67,-9,-0.12,-0.69,0.57,FALSE
38,30,male,19,old,b,1,0.8778999999985899,53,8,-35,40,19,-33,8.666666667,8.666666667,0,35.92894222,30.68477726,5.244164957,-35,-33,-2,0.03,-0.47,0.5,FALSE
38,30,male,20,old,b,1,2.050299999997037,57,19,-12,42,29,-7,21.33333333,21.33333333,0,28.21740991,20.72572208,7.491687838,-12,-7,-5,0.12,-0.5,0.62,FALSE
38,30,male,21,old,a,0,0.720199999999295,53,40,-11,50,25,-2,27.33333333,24.33333333,3,27.62044331,21.23414441,6.386298903,-11,-2,-9,-0.59,-0.05,-0.54,FALSE
38,30,male,22,old,b,1,0.6953000000007705,79,63,-12,80,36,-4,43.33333333,37.33333333,6,39.6680672,34.30581421,5.362252988,-12,-4,-8,-0.62,0.06,-0.68,FALSE
38,30,male,23,old,b,1,0.66700000000003,98,58,-16,96,41,-6,46.66666667,43.66666667,3,47.22522866,41.6839964,5.541232266,-16,-6,-10,-0.35,0.1,-0.45,FALSE
38,30,male,24,old,b,1,0.2877000000030421,63,16,-47,44,40,-43,10.66666667,13.66666667,-3,45.0653846,40.10264608,4.962738522,-47,-43,-4,-0.18,-0.7,0.52,FALSE
38,30,male,25,old,b,1,8.052400000002194,48,21,-20,41,36,-10,16.33333333,22.33333333,-6,27.95631513,22.9540604,5.002254727,-20,-10,-10,-0.25,-0.68,0.43,FALSE
38,30,male,26,old,b,1,12.84669999999926,79,16,-61,58,42,-57,11.33333333,14.33333333,-3,57.24993935,50.86146762,6.388471726,-61,-57,-4,-0.12,-0.65,0.53,FALSE
38,30,male,27,old,a,0,9.906399999998598,70,51,-43,75,10,-34,26,17,9,49.40310382,44.77350407,4.629599747,-43,-34,-9,-0.63,0.23,-0.86,FALSE
38,30,male,28,old,b,1,11.90709999999774,82,31,-53,64,62,-48,20,26,-6,55.6596802,52.33227175,3.327408449,-53,-48,-5,-0.29,-0.71,0.42,FALSE
38,30,male,29,old,b,1,4.854400000002215,74,5,-55,57,19,-52,8,8,0,52.70673581,45.17373868,7.532997129,-55,-52,-3,0.09,-0.35,0.44,FALSE
38,30,male,30,old,b,1,0.8153999999985899,46,30,-55,47,6,-50,7,1,6,44.32456054,39.75759885,4.566961681,-55,-50,-5,-0.64,-0.19,-0.45,FALSE
38,30,male,31,old,a,0,1.8000999999977694,87,78,-16,94,52,-6,49.66666667,46.66666667,3,46.57848812,40.99864496,5.579843156,-16,-6,-10,-0.69,-0.19,-0.5,FALSE
38,30,male,32,old,b,1,7.244800000000737,77,69,-21,82,39,-14,41.66666667,35.66666667,6,44.43222054,39.26264835,5.16957219,-21,-14,-7,-0.69,-0.13,-0.56,FALSE
38,30,male,33,old,b,1,6.583399999998505,79,13,-40,74,33,-37,17.33333333,23.33333333,-6,48.67808085,45.82818153,2.849899325,-40,-37,-3,0.13,-0.31,0.44,FALSE
38,30,male,34,old,a,0,6.808800000000701,91,79,-11,99,39,-6,53,44,9,45.51922671,43.01162634,2.507600372,-11,-6,-5,-0.67,0.17,-0.84,FALSE
38,30,male,35,old,b,1,9.379500000000007,85,24,-45,67,54,-39,21.33333333,27.33333333,-6,53.10576449,47.20404879,5.901715701,-45,-39,-6,-0.08,-0.67,0.59,FALSE
38,30,male,36,old,b,1,7.515700000002994,48,3,-24,46,23,-15,9,18,-9,29.69848481,25.15286597,4.545618837,-24,-15,-9,0.29,-0.29,0.58,FALSE
38,30,male,37,old,b,1,3.505800000000704,99,52,-13,90,75,-9,46,52,-6,45.92022067,43.56604182,2.354178852,-13,-9,-4,-0.19,-0.64,0.45,FALSE
38,30,male,38,old,a,0,2.859699999999293,46,32,-39,42,9,-30,13,7,6,37.21110945,29.42787794,7.783231513,-39,-30,-9,-0.63,-0.1,-0.53,FALSE
38,30,male,39,old,b,1,1.4203999999984944,64,62,-48,70,29,-39,26,20,6,52.33227175,44.95182607,7.380445685,-48,-39,-9,-0.71,-0.29,-0.42,FALSE
38,30,male,40,old,b,1,1.0446000000014235,91,22,-54,72,61,-47,19.66666667,28.66666667,-9,59.21899095,53.69254035,5.526450601,-54,-47,-7,-0.06,-0.68,0.62,FALSE
38,30,male,41,old,b,1,0.549100000001431,57,44,-13,53,29,-3,29.33333333,26.33333333,3,30.40102337,22.93953405,7.461489329,-13,-3,-10,-0.61,-0.17,-0.44,FALSE
38,30,male,42,old,a,0,0.5493000000008124,60,5,-41,53,30,-32,8,17,-9,41.28760912,35.89800366,5.389605459,-41,-32,-9,0.11,-0.5,0.61,FALSE
