id,age,sex,trial,condition,choice,resp,rt,outcome_a1,outcome_a2,outcome_a3,outcome_b1,outcome_b2,outcome_b3,ev_a,ev_b,ev_diff,var_a,var_b,var_diff,loss_a,loss_b,loss_diff,skew_a,skew_b,skew_diff
1,37,male,1,new,a,0,3.301699999999244,49,34,-14,65,1,-6,23,20,3,26.87005769,31.94787421,-5.077816527,-14,-6,-8,-0.55,0.68,-1.23
1,37,male,2,new,a,0,2.440499999999986,69,47,-23,96,10,-13,31,31,0,39.22584182,46.91126375,-7.685421928,-23,-13,-10,-0.54,0.58,-1.12
1,37,male,3,new,a,0,2.395700000001113,75,40,-15,94,14,-8,33.33333333,33.33333333,0,37.04351795,43.82794644,-6.784428486,-15,-8,-7,-0.26,0.58,-0.84
1,37,male,4,new,a,0,1.879099999999653,45,44,-23,80,3,-17,22,22,0,31.82242396,41.81706191,-9.994637949,-23,-17,-6,-0.71,0.59,-1.3
1,37,male,5,new,a,0,1.645200000001125,71,34,-28,85,10,-18,25.66666667,25.66666667,0,40.84387619,43.48435223,-2.64047604,-28,-18,-10,-0.3,0.49,-0.79
1,37,male,6,new,a,0,1.6620999999996116,61,39,-94,93,10,-88,2,5,-3,68.47383929,73.97747405,-5.503634762,-94,-88,-6,-0.65,-0.1,-0.55
1,37,male,7,new,a,0,2.5954000000003816,77,47,-21,99,18,-14,34.33333333,34.33333333,0,40.99864496,47.55581516,-6.557170196,-21,-14,-7,-0.43,0.47,-0.9
1,37,male,8,new,a,0,2.879099999999596,79,49,-50,98,25,-45,26,26,0,55.11805512,58.3837877,-3.265732586,-50,-45,-5,-0.55,0.03,-0.58
1,37,male,9,new,a,0,1.4613000000007332,66,50,-48,92,14,-38,22.66666667,22.66666667,0,50.39400317,53.42492136,-3.030918188,-48,-38,-10,-0.65,0.24,-0.89
1,37,male,10,new,a,0,1.4286999999992531,69,68,-17,94,19,-11,40,34,6,40.30715404,44.15880433,-3.851650293,-17,-11,-6,-0.71,0.47,-1.18
1,37,male,11,new,a,0,2.6625999999996,72,36,-85,88,16,-81,7.666666667,7.666666667,0,67.15322446,69.24513621,-2.09191175,-85,-81,-4,-0.56,-0.18,-0.38
1,37,male,12,new,a,0,2.205899999998508,45,18,-24,62,5,-19,13,16,-3,28.39013913,33.9705755,-5.58043637,-24,-19,-5,-0.26,0.45,-0.71
1,37,male,13,new,a,0,1.421700000001124,50,30,-9,60,16,-5,23.66666667,23.66666667,0,24.4994331,27.08423075,-2.584797654,-9,-5,-4,-0.37,0.4,-0.77
1,37,male,14,new,a,0,1.496500000000026,79,60,-16,98,12,-5,41,35,6,41.04469109,45.08510471,-4.04041362,-16,-5,-11,-0.6,0.63,-1.23
1,37,male,15,new,a,0,2.445700000001125,50,31,-44,73,9,-36,12.33333333,15.33333333,-3,40.58187882,44.723844,-4.141965177,-44,-36,-8,-0.59,0.21,-0.8
1,37,male,16,new,a,0,1.2987000000011335,56,54,-15,82,21,-8,31.66666667,31.66666667,0,33.00841644,37.50851755,-4.500101116,-15,-8,-7,-0.71,0.4,-1.11
1,37,male,17,new,a,0,1.0790000000000075,48,46,-67,77,10,-60,9,9,0,53.7463177,55.93448549,-2.188167783,-67,-60,-7,-0.71,-0.03,-0.68
1,37,male,18,new,a,0,1.1132000000010862,48,35,-20,67,3,-7,21,21,0,29.47315162,32.78210894,-3.308957317,-20,-7,-13,-0.61,0.66,-1.27
1,37,male,19,new,a,0,1.7127000000011208,69,48,-66,95,23,-58,17,20,-3,59.31273051,62.49799997,-3.185269463,-66,-58,-8,-0.64,-0.07,-0.57
1,37,male,20,new,a,0,1.329499999999996,57,37,-63,90,9,-59,10.33333333,13.33333333,-3,52.49338583,60.90612084,-8.412735011,-63,-59,-4,-0.63,0.11,-0.74
1,37,male,21,new,a,0,1.2790999999996302,83,49,-12,97,11,-6,40,34,6,39.3022476,45.08510471,-5.782857106,-12,-6,-6,-0.33,0.63,-0.96
1,37,male,22,new,a,0,3.14629999999886,91,16,-26,99,1,-19,27,27,0,48.39421453,51.5622601,-3.16804557,-26,-19,-7,0.33,0.63,-0.3
1,37,male,23,new,a,0,1.313099999999622,55,16,-30,64,2,-25,13.66666667,13.66666667,0,34.7403064,37.25885428,-2.518547878,-30,-25,-5,-0.1,0.44,-0.54
1,37,male,24,new,a,0,1.0795999999996295,66,44,-27,85,4,-15,27.66666667,24.66666667,3,39.68486977,43.36152929,-3.676659515,-27,-15,-12,-0.55,0.61,-1.16
1,37,male,25,new,a,0,1.5626999999992677,64,41,-26,87,14,-22,26.33333333,26.33333333,0,38.17794593,45.34558658,-7.167640648,-26,-22,-4,-0.52,0.39,-0.91
1,37,male,26,new,a,0,1.3296999999992636,61,45,-48,87,13,-42,19.33333333,19.33333333,0,48.05783553,52.85409687,-4.796261339,-48,-42,-6,-0.65,0.18,-0.83
1,37,male,27,new,a,0,1.146599999999637,74,47,-15,86,19,-8,35.33333333,32.33333333,3,37.25885428,39.51652256,-2.257668285,-15,-8,-7,-0.44,0.47,-0.91
1,37,male,28,new,a,0,1.0463999999985276,64,55,-60,94,8,-52,19.66666667,16.66666667,3,56.4525366,59.91846312,-3.465926514,-60,-52,-8,-0.69,0.21,-0.9
1,37,male,29,new,a,0,1.1294000000003734,59,44,-37,88,14,-27,22,25,-3,42.16633728,47.58851402,-5.422176736,-37,-27,-10,-0.64,0.33,-0.97
1,37,male,30,new,a,0,1.029799999998886,64,53,-37,92,1,-31,26.66666667,20.66666667,6,45.24255617,52.10459566,-6.862039489,-37,-31,-6,-0.68,0.51,-1.19
1,37,male,31,new,a,0,1.0132000000011203,58,47,-74,97,2,-68,10.33333333,10.33333333,0,59.80152358,67.61820925,-7.816685673,-74,-68,-6,-0.69,0.18,-0.87
1,37,male,32,new,a,0,0.8730999999996243,63,56,-8,78,18,-3,37,31,6,31.94787421,34.3220046,-2.374130391,-8,-3,-5,-0.68,0.51,-1.19
1,37,male,33,new,a,0,0.9123000000007552,64,52,-58,93,11,-46,19.33333333,19.33333333,0,54.90193277,57.05163353,-2.149700761,-58,-46,-12,-0.68,0.22,-0.9
1,37,male,34,new,a,0,0.8629000000003657,47,44,-9,67,8,-2,27.33333333,24.33333333,3,25.7207223,30.44484996,-4.724127658,-9,-2,-7,-0.7,0.65,-1.35
1,37,male,35,new,a,0,1.046099999999626,85,30,-10,93,17,-5,35,35,0,38.94440482,41.98412398,-3.039719165,-10,-5,-5,0.19,0.56,-0.37
1,37,male,36,new,a,0,1.2665000000000075,69,40,-28,95,8,-22,27,27,0,40.65300317,49.61854492,-8.965541751,-28,-22,-6,-0.45,0.52,-0.97
1,37,male,37,new,a,0,1.8295999999996295,63,50,-48,99,27,-43,21.66666667,27.66666667,-6,49.54683531,57.97317387,-8.426338566,-48,-43,-5,-0.67,0.02,-0.69
1,37,male,38,new,a,0,1.620399999998483,55,44,-34,91,3,-29,21.66666667,21.66666667,0,39.61761673,50.73679357,-11.11917684,-34,-29,-5,-0.67,0.5,-1.17
1,37,male,39,new,a,0,1.1125000000000114,52,40,-47,82,1,-38,15,15,0,44.11349,49.979996,-5.866505998,-47,-38,-9,-0.67,0.4,-1.07
1,37,male,40,new,a,0,0.8959000000003812,57,54,-20,83,2,-3,30.33333333,27.33333333,3,35.6121078,39.4151691,-3.803061301,-20,-3,-17,-0.7,0.7,-1.4
1,37,male,41,new,a,0,1.163499999999999,59,50,-48,83,10,-41,20.33333333,17.33333333,3,48.45845873,50.88767587,-2.429217144,-48,-41,-7,-0.69,0.21,-0.9
1,37,male,42,new,a,0,0.9132000000010976,55,38,-27,78,8,-20,22,22,0,35.33647785,41.21488404,-5.878406195,-27,-20,-7,-0.59,0.47,-1.06
1,37,male,43,new,a,0,1.296099999999626,30,23,-7,44,5,-3,15.33333333,15.33333333,0,16.04853749,20.53181813,-4.483280636,-7,-3,-4,-0.61,0.63,-1.24
1,37,male,44,new,a,0,1.696400000000324,53,44,-12,76,17,-8,28.33333333,28.33333333,0,28.75567577,35.21678893,-6.461113157,-12,-8,-4,-0.66,0.45,-1.11
1,37,male,45,new,a,0,0.9797999999988748,70,30,-62,87,8,-57,12.66666667,12.66666667,0,55.265018070000004,58.88029287,-3.615274804,-62,-57,-5,-0.44,0.12,-0.56
1,37,male,46,new,a,0,1.1631999999992215,47,30,-26,67,16,-14,17,23,-6,31.18760438,33.43650699,-2.248902619,-26,-14,-12,-0.55,0.3,-0.85
1,37,male,47,new,a,0,1.04619999999926,37,25,-44,56,2,-40,6,6,0,35.6931366,39.29376541,-3.600628814,-44,-40,-4,-0.65,0.15,-0.8
1,37,male,48,new,a,0,1.2206000000015251,64,41,-14,77,10,-5,30.33333333,27.33333333,3,32.72443871,35.64952859,-2.925089883,-14,-5,-9,-0.45,0.61,-1.06
1,37,male,49,new,a,0,0.8966000000015129,65,47,-77,94,10,-69,11.66666667,11.66666667,0,63.12597634,66.55490632,-3.428929982,-77,-69,-8,-0.66,0.04,-0.7
1,37,male,50,new,a,0,7.272900000000334,60,39,-81,87,8,-77,6,6,0,62.11280061,66.96765388,-4.8548532700000004,-81,-77,-4,-0.65,-0.04,-0.61
1,37,male,51,new,a,0,4.08970000000113,32,20,-50,54,6,-40,0.666666667,6.666666667,-6,36.16013766,38.37823457,-2.218096913,-50,-40,-10,-0.65,0.03,-0.68
1,37,male,52,new,a,0,2.6130999999996334,77,36,-47,94,14,-42,22,22,0,51.58165048,55.80919876,-4.22754828,-47,-42,-5,-0.39,0.21,-0.6
1,37,male,53,new,a,0,1.5960999999996377,85,18,-17,93,4,-11,28.66666667,28.66666667,0,42.31889518,45.90085935,-3.581964172,-17,-11,-6,0.36,0.65,-0.29
1,37,male,54,new,a,0,2.0295999999996184,79,32,-39,94,13,-35,24,24,0,48.50429534,53.23532662,-4.731031274,-39,-35,-4,-0.24,0.3,-0.54
1,37,male,55,new,a,0,1.4131999999992215,60,24,-63,84,3,-57,7,10,-3,51.63332257,57.7754273,-6.142104729,-63,-57,-6,-0.46,0.18,-0.64
1,37,male,56,new,a,0,1.637199999999268,69,37,-33,94,9,-21,24.33333333,27.33333333,-3,42.59368759,48.70546399,-6.111776401,-33,-21,-12,-0.42,0.51,-0.93
1,37,male,57,new,a,0,1.3734000000003448,67,61,-10,90,14,-4,39.33333333,33.33333333,6,34.96982827,40.73764298,-5.767814715,-10,-4,-6,-0.69,0.6,-1.29
1,37,male,58,new,a,0,2.846300000000781,76,21,-90,94,13,-82,2.333333333,8.333333333,-6,69.04265992,71.92743257,-2.884772646,-90,-82,-8,-0.39,-0.1,-0.29
1,37,male,59,new,a,0,1.346400000000358,68,19,-54,79,4,-50,11,11,0,50.12650663,52.89612462,-2.769617994,-54,-50,-4,-0.24,0.2,-0.44
1,37,male,60,new,a,0,1.5206999999992377,63,26,-14,81,1,-7,25,25,0,31.44307025,39.73243847,-8.28936822,-14,-7,-7,-0.05,0.69,-0.74
1,37,male,61,new,a,0,2.8967999999989047,66,42,-35,90,1,-18,24.33333333,24.33333333,0,43.08389748,47.07676945,-3.992871972,-35,-18,-17,-0.55,0.62,-1.17
1,37,male,62,new,a,0,4.79619999999926,38,34,-15,62,2,-7,19,19,0,24.0970261,30.62678566,-6.529759566,-15,-7,-8,-0.69,0.66,-1.35
1,37,male,63,new,a,0,1.3630999999996334,69,44,-23,81,8,-17,30,24,6,38.8415585,41.57723736,-2.735678863,-23,-17,-6,-0.49,0.52,-1.01
1,37,male,64,new,a,0,1.0797999999988974,73,38,-33,97,1,-20,26,26,0,44.09837488,50.93132631,-6.832951437,-33,-20,-13,-0.39,0.62,-1.01
1,37,male,65,new,a,0,2.9792999999988865,76,46,-41,95,20,-34,27,27,0,49.61854492,52.89612462,-3.277579702,-41,-34,-7,-0.52,0.2,-0.72
1,37,male,66,new,a,0,1.8040999999996643,76,47,-63,93,8,-59,20,14,6,59.87208587,62.19860663,-2.326520758,-63,-59,-4,-0.58,0.14,-0.72
1,37,male,67,new,a,0,1.4103000000007455,90,21,-34,99,7,-29,25.66666667,25.66666667,0,50.73022329,53.89702115,-3.166797855,-34,-29,-5,0.14,0.48,-0.34
1,37,male,68,new,a,0,0.8629000000003657,84,36,-9,88,6,-1,37,31,6,37.97367509,40.40627014,-2.432595048,-9,-1,-8,0.04,0.69,-0.65
1,37,male,69,new,a,0,1.1465000000000032,68,40,-24,83,5,-13,28,25,3,38.50541088,41.66533331,-3.159922437,-24,-13,-11,-0.44,0.61,-1.05
1,37,male,70,new,a,0,1.3464999999999918,63,47,-15,89,7,-1,31.66666667,31.66666667,0,33.63860216,40.67213078,-7.033528616,-15,-1,-14,-0.59,0.69,-1.28
1,37,male,71,new,a,0,1.0469000000003916,81,22,-15,91,3,-6,29.33333333,29.33333333,0,39.53338954,43.75944343,-4.226053881,-15,-6,-9,0.27,0.68,-0.41
1,37,male,72,new,b,1,2.970700000001159,38,33,-50,58,27,-46,7,13,-6,40.35674252,43.59663596,-3.239893438,-50,-46,-4,-0.7,-0.45,-0.25
1,37,male,73,new,a,0,1.529700000001128,63,60,-7,87,12,-1,38.66666667,32.66666667,6,32.31442746,38.78430381,-6.46987635,-7,-1,-6,-0.7,0.65,-1.35
1,37,male,74,new,a,0,2.0463000000007696,51,45,-78,80,11,-73,6,6,0,59.44745579,62.56196928,-3.114513488,-78,-73,-5,-0.7,-0.12,-0.58
1,37,male,75,new,a,0,1.6797000000011053,63,37,-54,90,4,-48,15.33333333,15.33333333,0,50.16195991,56.90537955,-6.743419642,-54,-48,-6,-0.57,0.29,-0.86
1,37,male,76,new,a,0,1.2500999999996338,73,32,-52,92,3,-42,17.66666667,17.66666667,0,52.02777036,55.67963921,-3.651868845,-52,-42,-10,-0.39,0.38,-0.77
1,37,male,77,new,a,0,2.74659999999966,66,16,-25,85,5,-15,19,25,-6,37.21110945,43.20493799,-5.993828537,-25,-15,-10,0.12,0.6,-0.48
1,37,male,78,new,a,0,1.3629999999999995,53,51,-96,93,17,-84,2.666666667,8.666666667,-6,69.77264666,72.49980843,-2.727161767,-96,-84,-12,-0.71,-0.17,-0.54
1,37,male,79,new,a,0,1.2464000000003352,54,46,-53,77,18,-48,15.66666667,15.66666667,0,48.66438351,51.05770156,-2.393318055,-53,-48,-5,-0.69,-0.07,-0.62
1,37,male,80,new,a,0,1.679900000000373,52,43,-65,75,16,-61,10,10,0,53.16013544,55.68363015,-2.52349471,-65,-61,-4,-0.69,-0.16,-0.53
1,37,male,81,new,a,0,1.412900000000377,70,24,-76,92,8,-64,6,12,-6,60.94806532,63.7495098,-2.801444479,-76,-64,-12,-0.42,0.09,-0.51
1,37,male,82,new,a,0,1.063199999999256,41,32,-42,64,5,-38,10.33333333,10.33333333,0,37.18721405,41.81174742,-4.624533368,-42,-38,-4,-0.68,0.19,-0.87
1,37,male,83,new,a,0,0.956199999999228,54,23,-50,70,3,-46,9,9,0,43.59663596,47.5464685,-3.949832543,-50,-46,-4,-0.45,0.19,-0.64
1,37,male,84,new,a,0,1.379699999999275,71,31,-47,94,2,-32,18.33333333,21.33333333,-3,48.9988662,53.22488975,-4.22602355,-47,-32,-15,-0.37,0.5,-0.87
1,37,male,85,new,a,0,1.8133000000007653,56,46,-28,85,8,-19,24.66666667,24.66666667,0,37.46405685,44.06308609,-6.599029239,-28,-19,-9,-0.67,0.51,-1.18
1,37,male,86,new,a,0,0.8629999999999995,79,41,-38,99,6,-23,27.33333333,27.33333333,0,48.73283173,52.04058245,-3.30775072,-38,-23,-15,-0.4,0.55,-0.95
1,37,male,87,new,a,0,2.0792000000011512,88,22,-23,94,12,-19,29,29,0,45.58508528,47.67249382,-2.087408536,-23,-19,-4,0.23,0.49,-0.26
1,37,male,88,new,a,0,1.663499999999999,64,45,-19,85,10,-5,30,30,0,35.50586806,39.37003937,-3.86417131,-19,-5,-14,-0.56,0.63,-1.19
1,37,male,89,new,a,0,1.7501999999992108,52,45,-43,79,10,-35,18,18,0,43.2280773,46.88283268,-3.654755383,-43,-35,-8,-0.69,0.25,-0.94
1,37,male,90,new,b,1,7.112699999999279,73,48,-72,98,34,-65,16.33333333,22.33333333,-6,63.28945849,67.05387552,-3.764417033,-72,-65,-7,-0.63,-0.26,-0.37
1,37,male,91,new,a,0,1.0802000000011276,59,50,-96,98,6,-91,4.333333333,4.333333333,0,71.04145894,77.16792656,-6.126467612,-96,-91,-5,-0.7,-0.03,-0.67
1,37,male,92,new,a,0,1.6894000000003189,74,38,-25,94,11,-18,29,29,0,40.91454509,47.46226571,-6.547720623,-25,-18,-7,-0.32,0.51,-0.83
1,37,male,93,new,b,1,3.5293000000007737,50,46,-84,74,36,-80,4,10,-6,62.24682053,65.50318058,-3.25636005,-84,-80,-4,-0.7,-0.53,-0.17
1,37,male,94,new,a,0,4.063100000001498,68,39,-23,88,15,-19,28,28,0,37.95611501,44.6392951,-6.683180086,-23,-19,-4,-0.41,0.41,-0.82
1,37,male,95,new,a,0,1.9062999999988504,59,49,-17,81,20,-10,30.33333333,30.33333333,0,33.71778298,37.86232369,-4.144540718,-17,-10,-7,-0.66,0.39,-1.05
1,37,male,96,new,a,0,1.546200000001079,73,53,-40,92,18,-33,28.66666667,25.66666667,3,49.23639124,51.31817958,-2.081788343,-40,-33,-7,-0.62,0.22,-0.84
1,37,male,97,new,a,0,1.0965999999996257,46,39,-47,76,2,-40,12.66666667,12.66666667,0,42.28737663,47.95368136,-5.666304726,-47,-40,-7,-0.69,0.32,-1.01
1,37,male,98,new,a,0,1.2130999999995993,69,51,-21,95,8,-4,33,33,0,38.88444419,44.11349,-5.22904581,-21,-4,-17,-0.6,0.67,-1.27
1,37,male,99,new,a,0,1.2964000000004037,52,40,-57,82,4,-42,11.66666667,14.66666667,-3,48.80118396,51.18159391,-2.380409957,-57,-42,-15,-0.68,0.3,-0.98
1,37,male,100,new,a,0,1.519899999998529,44,39,-75,72,4,-68,2.666666667,2.666666667,0,54.95654849,57.16253629,-2.205987801,-75,-68,-7,-0.7,-0.03,-0.67
1,37,male,101,old,b,1,7.848700000001145,60,35,-20,63,33,-12,25,28,-3,33.41656276,30.82207001,2.594492745,-20,-12,-8,-0.42,-0.24,-0.18
1,37,male,102,old,b,1,5.563199999999256,78,60,-46,63,61,-32,30.66666667,30.66666667,0,54.70730197,44.31954673,10.38775524,-46,-32,-14,-0.65,-0.71,0.06
1,37,male,103,old,b,1,4.279599999999618,63,24,-59,39,36,-47,9.333333333,9.333333333,0,50.87457344,39.85250585,11.02206759,-59,-47,-12,-0.41,-0.7,0.29
1,37,male,104,old,b,1,6.196500000000015,84,75,-47,83,60,-31,37.33333333,37.33333333,0,59.74575764,49.22284926,10.52290838,-47,-31,-16,-0.7,-0.59,-0.11
1,37,male,105,old,b,1,3.92990000000043,75,27,-60,59,34,-51,14,14,0,55.87486018,47.08148964,8.793370539,-60,-51,-9,-0.34,-0.56,0.22
1,37,male,106,old,b,1,2.263500000000022,75,73,-48,83,65,-30,33.33333333,39.33333333,-6,57.5171472,49.57373857,7.943408634,-48,-30,-18,-0.71,-0.64,-0.07
1,37,male,107,old,a,0,4.463200000001052,96,32,-13,92,15,-1,38.33333333,35.33333333,3,44.723844,40.59830319,4.125540807,-13,-1,-12,0.21,0.63,-0.42
1,37,male,108,old,b,1,4.6954999999999245,96,27,-44,64,55,-40,26.33333333,26.33333333,0,57.15670467,47.0484384,10.10826627,-44,-40,-4,-0.02,-0.69,0.67
1,37,male,109,old,b,1,4.146400000000426,82,60,-65,69,63,-55,25.66666667,25.66666667,0,64.73707507,57.09251751,7.644557563,-65,-55,-10,-0.65,-0.7,0.05
1,37,male,110,old,b,1,4.429499999999962,76,15,-33,63,23,-28,19.33333333,19.33333333,0,44.60443426,37.24095714,7.363477116,-33,-28,-5,0.14,-0.15,0.29
1,37,male,111,old,b,1,3.362700000001155,83,41,-57,84,47,-46,22.33333333,28.33333333,-6,58.65909042,54.68901982,3.9700706,-57,-46,-11,-0.45,-0.47,0.02
1,37,male,112,old,b,1,2.5131999999993013,76,15,-21,57,42,-11,23.33333333,29.33333333,-6,40.03609483,29.16999981,10.86609502,-21,-11,-10,0.3,-0.57,0.87
1,37,male,113,old,b,1,3.5130999999996675,94,58,-17,96,40,-1,45,45,0,46.23851209,39.75759885,6.480913232,-17,-1,-16,-0.4,0.19,-0.59
1,37,male,114,old,b,1,3.7298000000007514,78,66,-11,64,61,-1,44.33333333,41.33333333,3,39.43207944,29.95923156,9.472847881,-11,-1,-10,-0.66,-0.7,0.04
1,37,male,115,old,b,1,3.046199999999203,55,29,-25,52,42,-17,19.66666667,25.66666667,-6,33.31999733,30.44484996,2.875147376,-25,-17,-8,-0.4,-0.65,0.25
1,37,male,116,old,b,1,3.1626999999991767,70,22,-42,58,18,-26,16.66666667,16.66666667,0,45.87906809,34.30581421,11.57325388,-42,-26,-16,-0.17,-0.06,-0.11
1,37,male,117,old,a,0,1.946400000000267,53,43,-8,49,31,-1,29.33333333,26.33333333,3,26.71246068,20.67741656,6.035044121,-8,-1,-7,-0.63,-0.33,-0.3
1,37,male,118,old,b,1,2.7127999999988788,60,14,-23,64,12,-7,17,23,-6,33.950945,30.01110905,3.93983595,-23,-7,-16,0.13,0.5,-0.37
1,37,male,119,old,b,1,2.2964000000004035,51,40,-31,42,41,-23,20,20,0,36.34097779,30.40833219,5.932645598,-31,-23,-8,-0.66,-0.71,0.05
1,37,male,120,old,b,1,4.562900000000354,90,28,-61,83,25,-51,19,19,0,61.97311245,54.86954225,7.1035702,-61,-51,-10,-0.21,-0.16,-0.05
1,37,male,121,old,b,1,2.7629000000004,78,21,-82,61,26,-70,5.666666667,5.666666667,0,66.21345952,55.37949881,10.83396071,-82,-70,-12,-0.33,-0.5,0.17
1,37,male,122,old,b,1,2.64650000000006,88,66,-26,87,52,-11,42.66666667,42.66666667,0,49.37835783,40.54901013,8.829347706,-26,-11,-15,-0.6,-0.33,-0.27
1,37,male,123,old,b,1,2.7466999999992368,88,21,-90,58,41,-80,6.333333333,6.333333333,0,73.40451091,61.44012442,11.96438649,-90,-80,-10,-0.29,-0.67,0.38
1,37,male,124,old,b,1,2.2801999999992404,36,21,-30,39,17,-20,9,12,-3,28.24889378,24.34474618,3.904147602,-30,-20,-10,-0.56,-0.3,-0.26
1,37,male,125,old,a,0,1.64650000000006,85,53,-67,66,63,-58,23.66666667,23.66666667,0,65.42850211,57.76004001,7.668462102,-67,-58,-9,-0.58,-0.71,0.13
1,37,male,126,old,b,1,2.1965000000000146,72,17,-27,51,31,-20,20.66666667,20.66666667,0,40.49965706,29.89239963,10.60725743,-27,-20,-7,0.14,-0.48,0.62
1,37,male,127,old,b,1,1.9799000000003844,77,41,-37,76,27,-22,27,27,0,47.58150901,40.00833247,7.573176548,-37,-22,-15,-0.42,0,-0.42
1,37,male,128,old,b,1,2.0629000000003543,86,27,-87,69,30,-73,8.666666667,8.666666667,0,71.80683966,59.90177144,11.90506822,-87,-73,-14,-0.37,-0.49,0.12
1,37,male,129,old,a,0,1.830000000000041,70,13,-28,63,8,-16,18.33333333,18.33333333,0,40.18568015,33.06895153,7.116728613,-28,-16,-12,0.2,0.44,-0.24
1,37,male,130,old,b,1,1.89659999999958,67,50,-25,66,32,-6,30.66666667,30.66666667,0,39.96943276,29.40899333,10.56043943,-25,-6,-19,-0.61,-0.07,-0.54
1,37,male,131,old,b,1,1.5298000000008187,96,33,-14,80,42,-7,38.33333333,38.33333333,0,45.0653846,35.6121078,9.453276793,-14,-7,-7,0.18,-0.15,0.33
1,37,male,132,old,b,1,3.829900000000407,73,41,-12,65,47,-1,34,37,-3,35.05234181,27.85677655,7.19556526,-12,-1,-11,-0.29,-0.49,0.2
1,37,male,133,old,b,1,7.146300000000679,95,25,-45,69,46,-40,25,25,0,57.15476066,46.91126375,10.24349691,-45,-40,-5,0,-0.58,0.58
1,37,male,134,old,b,1,2.113199999999324,89,61,-86,90,63,-71,21.33333333,27.33333333,-6,76.75212628,70.40044192,6.351684365,-86,-71,-15,-0.64,-0.63,-0.01
1,37,male,135,old,b,1,2.4120999999996684,83,39,-20,88,37,-5,34,40,-6,42.19794624,38.02630668,4.171639554,-20,-5,-15,-0.18,0.12,-0.3
1,37,male,136,old,b,1,6.229900000000384,94,36,-54,66,41,-49,25.33333333,19.33333333,6,60.88969991,49.38510797,11.50459195,-54,-49,-5,-0.26,-0.57,0.31
1,37,male,137,old,b,1,1.3798999999985426,76,36,-11,65,40,-4,33.66666667,33.66666667,0,35.55590278,28.52289529,7.033007489,-11,-4,-7,-0.1,-0.32,0.22
1,37,male,138,old,b,1,1.995999999999981,77,47,-55,89,39,-41,23,29,-6,56.49778757,53.54126135,2.95652622,-55,-41,-14,-0.56,-0.27,-0.29
1,37,male,139,old,b,1,1.6299999999999957,89,46,-19,85,23,-1,38.66666667,35.66666667,3,44.39469438,36.23380864,8.160885733,-19,-1,-18,-0.24,0.48,-0.72
1,37,male,140,old,b,1,2.9461999999991804,83,69,-20,73,72,-13,44,44,0,45.61432524,40.30715404,5.307171197,-20,-13,-7,-0.66,-0.71,0.05
1,37,male,141,old,b,1,2.39629999999886,58,9,-18,53,10,-14,16.33333333,16.33333333,0,31.45720197,27.71682201,3.740379958,-18,-14,-4,0.34,0.33,0.01
1,37,male,142,old,a,0,4.896700000001147,50,11,-57,35,13,-44,1.333333333,1.333333333,0,44.21412545,33.289971799999996,10.92415365,-57,-44,-13,-0.32,-0.48,0.16
1,37,male,143,old,b,1,2.8128000000007205,85,73,-22,97,49,-10,45.33333333,45.33333333,0,47.86323107,43.75944343,4.103787649,-22,-10,-12,-0.67,-0.13,-0.54
1,37,male,144,old,a,0,6.0960999999996375,92,37,-21,95,22,-9,36,36,0,46.13747573,43.59663596,2.540839773,-21,-9,-12,-0.03,0.45,-0.48
1,37,male,145,old,b,1,2.42990000000043,94,19,-17,81,8,-2,32,29,3,46.23851209,36.99549522,9.243016866,-17,-2,-15,0.4,0.67,-0.27
1,37,male,146,old,b,1,2.7631999999993013,83,34,-85,62,50,-80,10.66666667,10.66666667,0,70.54234347,64.29791771,6.244425757,-85,-80,-5,-0.46,-0.69,0.23
1,37,male,147,old,b,1,4.129200000001106,78,23,-44,60,33,-36,19,19,0,49.88653793,40.42276586,9.463772067,-44,-36,-8,-0.12,-0.48,0.36
1,37,male,148,old,b,1,4.179900000000316,96,7,-31,90,8,-26,24,24,0,53.22280213,48.68949236,4.533309767,-31,-26,-5,0.45,0.46,-0.01
1,37,male,149,old,a,0,3.063199999999256,78,38,-68,84,24,-51,16,19,-3,61.60086579,55.22680509,6.374060709,-68,-51,-17,-0.49,-0.14,-0.35
1,37,male,150,old,b,1,2.6299000000003616,74,64,-60,72,67,-43,26,32,-6,60.94806532,53.07227776,7.875787563,-60,-43,-17,-0.69,-0.7,0.01
1,37,male,151,old,a,0,2.363900000000399,83,77,-23,99,33,-4,45.66666667,42.66666667,3,48.61641241,42.60151275,6.014899656,-23,-4,-19,-0.7,0.33,-1.03
1,37,male,152,old,b,1,2.412400000000389,37,20,-43,33,26,-36,4.666666667,7.666666667,-3,34.41253002,31.00895928,3.403570739,-43,-36,-7,-0.58,-0.68,0.1
1,37,male,153,old,b,1,2.8630999999995765,89,74,-13,90,55,-4,50,47,3,44.96665431,38.79003308,6.176621228,-13,-4,-9,-0.65,-0.3,-0.35
1,37,male,154,old,a,0,5.196500000000015,58,32,-27,41,25,-21,21,15,6,35.56215217,26.28053779,9.281614373,-27,-21,-6,-0.43,-0.52,0.09
1,37,male,155,old,b,1,2.5798000000007733,57,18,-72,61,10,-59,1,4,-3,54.01851534,49.17316341,4.845351932,-72,-59,-13,-0.44,-0.18,-0.26
1,37,male,156,old,a,0,3.89659999999958,91,6,-27,80,2,-12,23.33333333,23.33333333,0,49.70803646,40.47495796,9.233078497,-27,-12,-15,0.48,0.64,-0.16
1,37,male,157,old,b,1,2.9796999999992977,92,42,-56,66,60,-48,26,26,0,61.47086031,52.38320341,9.08765689,-56,-48,-8,-0.37,-0.7,0.33
1,37,male,158,old,a,0,7.163199999999165,90,63,-64,89,40,-58,29.66666667,23.66666667,6,67.14329618,61.11373732,6.029558865,-64,-58,-6,-0.62,-0.38,-0.24
1,37,male,159,old,a,0,2.279800000000705,75,28,-55,47,46,-45,16,16,0,53.7463177,43.13544559,10.61087211,-55,-45,-10,-0.32,-0.71,0.39
1,37,male,160,old,a,0,1.6127000000011549,87,70,-27,80,50,-18,43.33333333,37.33333333,6,50.21509291,40.99864496,9.216447942,-27,-18,-9,-0.65,-0.43,-0.22
1,37,male,161,old,b,1,2.579599999999573,89,20,-61,76,18,-46,16,16,0,61.3025285,49.82636518,11.47616332,-61,-46,-15,-0.1,-0.06,-0.04
1,37,male,162,old,a,0,2.796299999998837,77,36,-10,56,52,-5,34.33333333,34.33333333,0,35.53714801,27.86076493,7.676383088,-10,-5,-5,-0.07,-0.7,0.63
1,37,male,163,old,a,0,5.246400000000449,74,55,-56,64,61,-52,24.33333333,24.33333333,0,57.33139532,53.98971095,3.341684362,-56,-52,-4,-0.65,-0.71,0.06
1,37,male,164,old,b,1,2.630499999999984,96,80,-56,99,42,-39,40,34,6,68.19579655,56.62155067,11.57424588,-56,-39,-17,-0.68,-0.21,-0.47
1,37,male,165,old,a,0,1.863300000000777,98,82,-10,87,77,-3,56.66666667,53.66666667,3,47.59084879,40.27681991,7.314028882,-10,-3,-7,-0.65,-0.67,0.02
1,37,male,166,old,b,1,3.196499999999901,81,17,-68,69,21,-51,10,13,-3,61.03004724,49.31531202,11.71473522,-68,-51,-17,-0.17,-0.24,0.07
1,37,male,167,old,a,0,3.1131999999992104,92,82,-79,91,65,-61,31.66666667,31.66666667,0,78.35957007,66.379381,11.98018907,-79,-61,-18,-0.7,-0.63,-0.07
1,37,male,168,old,a,0,2.42880000000082,62,55,-47,57,37,-42,23.33333333,17.33333333,6,49.8152141,42.74212078,7.073093316,-47,-42,-5,-0.7,-0.59,-0.11
1,37,male,169,old,a,0,2.1625000000000227,99,15,-82,88,18,-74,10.66666667,10.66666667,0,73.95644364,66.33919572,7.617247917,-82,-74,-8,-0.09,-0.16,0.07
1,37,male,170,old,b,1,3.146099999999592,62,43,-30,52,48,-25,25,25,0,39.65686153,35.39303133,4.263830204,-30,-25,-5,-0.59,-0.7,0.11
1,37,male,171,old,a,0,1.6463000000007924,64,37,-54,65,7,-43,15.66666667,9.666666667,6,50.479919,44.13111777,6.348801231,-54,-43,-11,-0.56,0.09,-0.65
1,37,male,172,old,b,1,2.6464999999999463,64,24,-48,52,23,-35,13.33333333,13.33333333,0,46.34172586,36.16935474,10.17237112,-48,-35,-13,-0.33,-0.38,0.05
1,37,male,173,old,b,1,4.379599999999641,67,46,-24,68,38,-17,29.66666667,29.66666667,0,38.90444133,35.19785347,3.706587865,-24,-17,-7,-0.56,-0.34,-0.22
1,37,male,174,old,b,1,2.6960000000000264,73,16,-47,50,33,-41,14,14,0,49.01020302,39.50527391,9.50492911,-47,-41,-6,-0.06,-0.61,0.55
1,37,male,175,old,b,1,2.9298000000006823,94,31,-45,90,39,-40,26.66666667,29.66666667,-3,56.82917873,53.48104545,3.348133286,-45,-40,-5,-0.11,-0.26,0.15
1,37,male,176,old,b,1,3.529700000001185,65,54,-91,69,19,-78,9.333333333,3.333333333,6,71.08836442,61.02640594,10.06195848,-91,-78,-13,-0.69,-0.37,-0.32
1,37,male,177,old,b,1,4.245599999999627,88,18,-15,83,9,-1,30.33333333,30.33333333,0,42.94440851,37.46405685,5.480351661,-15,-1,-14,0.41,0.67,-0.26
1,37,male,178,old,a,0,3.278599999999642,84,58,-66,68,60,-52,25.33333333,25.33333333,0,65.44887742,54.78036956,10.66850786,-66,-52,-14,-0.62,-0.7,0.08
1,37,male,179,old,b,1,2.963299999998867,83,77,-71,76,70,-57,29.66666667,29.66666667,0,71.22421561,61.33152171,9.892693895,-71,-57,-14,-0.7,-0.7,0
1,37,male,180,old,a,0,4.746399999998516,91,61,-33,66,59,-24,39.66666667,33.66666667,6,52.82255411,40.87650779,11.94604632,-33,-24,-9,-0.54,-0.69,0.15
1,37,male,181,old,a,0,3.329900000000407,62,22,-65,45,27,-53,6.333333333,6.333333333,0,53.01781671,42.59368759,10.42412913,-65,-53,-12,-0.42,-0.61,0.19
1,37,male,182,old,b,1,1.1458999999985051,74,10,-57,50,28,-51,9,9,0,53.48520045,43.36665386,10.11854659,-57,-51,-6,-0.03,-0.57,0.54
1,37,male,183,old,b,1,2.5457999999988488,93,92,-16,86,78,-4,56.33333333,53.33333333,3,51.14901976,40.67213078,10.47688898,-16,-4,-12,-0.71,-0.69,-0.02
1,37,male,184,old,b,1,2.146699999999328,98,57,-67,91,49,-52,29.33333333,29.33333333,0,70.14429572,60.01296156,10.13133416,-67,-52,-15,-0.53,-0.46,-0.07
1,37,male,185,old,b,1,1.7296999999992977,36,7,-38,19,18,-32,1.666666667,1.666666667,0,30.44484996,23.80942857,6.635421386,-38,-32,-6,-0.26,-0.71,0.45
1,37,male,186,old,b,1,1.2789999999999964,74,59,-14,72,54,-7,39.66666667,39.66666667,0,38.43898484,33.80663972,4.632345124,-14,-7,-7,-0.63,-0.56,-0.07
1,37,male,187,old,b,1,1.5299999999999727,81,41,-34,61,54,-27,29.33333333,29.33333333,0,47.66783215,39.93606001,7.731772147,-34,-27,-7,-0.35,-0.69,0.34
1,37,male,188,old,b,1,1.579499999999939,67,46,-21,65,36,-9,30.66666667,30.66666667,0,37.52628708,30.44484996,7.081437126,-21,-9,-12,-0.54,-0.26,-0.28
1,37,male,189,old,b,1,4.330000000000041,91,17,-48,90,12,-33,20,23,-3,56.78614855,50.81338406,5.972764482,-48,-33,-15,0.08,0.31,-0.23
1,37,male,190,old,b,1,2.029200000001083,80,41,-11,67,46,-3,36.66666667,36.66666667,0,37.27674282,29.32954521,7.947197614,-11,-3,-8,-0.17,-0.45,0.28
1,37,male,191,old,b,1,2.096499999999992,72,21,-90,54,35,-86,1,1,0,67.63135368,62.00537611,5.625977565,-90,-86,-4,-0.42,-0.66,0.24
1,37,male,192,old,b,1,2.9459000000003925,96,4,-46,81,12,-39,18,18,0,58.81042991,49.17316341,9.637266501,-46,-39,-7,0.34,0.18,0.16
1,37,male,193,old,b,1,1.495999999999981,90,42,-24,83,22,-6,36,33,3,46.73328578,37.15732319,9.575962592,-24,-6,-18,-0.19,0.42,-0.61
1,37,male,194,old,b,1,1.846799999998893,87,73,-46,79,78,-34,38,41,-3,59.67132198,53.03457991,6.636742064,-46,-34,-12,-0.68,-0.71,0.03
1,37,male,195,old,b,1,1.830000000000041,87,30,-64,70,56,-55,17.66666667,23.66666667,-6,62.25931434,55.91859162,6.34072272,-64,-55,-9,-0.29,-0.67,0.38
1,37,male,196,old,a,0,2.513299999998935,82,35,-17,58,49,-7,33.33333333,33.33333333,0,40.43375927,28.75567577,11.6780835,-17,-7,-10,-0.06,-0.66,0.6
1,37,male,197,old,b,1,2.546699999999305,39,5,-20,23,9,-8,8,8,0,24.17988144,12.67543556,11.50444588,-20,-8,-12,0.18,-0.12,0.3
1,37,male,198,old,b,1,2.8629999999999427,56,51,-81,67,14,-73,8.666666667,2.666666667,6,63.43675766,57.71385353,5.722904132,-81,-73,-8,-0.7,-0.29,-0.41
1,37,male,199,old,a,0,2.262700000001132,99,34,-24,83,38,-12,36.33333333,36.33333333,0,50.24163833,38.80148909,11.44014924,-24,-12,-12,0.07,-0.06,0.13
1,37,male,200,old,a,0,2.2794000000004644,77,55,-64,66,50,-48,22.66666667,22.66666667,0,61.93724423,50.39400317,11.54324105,-64,-48,-16,-0.64,-0.65,0.01
2,36,female,1,old,a,0,3.4896000000089344,98,82,-10,87,77,-3,56.66666667,53.66666667,3,47.59084879,40.27681991,7.314028882,-10,-3,-7,-0.65,-0.67,0.02
2,36,female,2,old,b,1,11.10680000001193,90,28,-61,83,25,-51,19,19,0,61.97311245,54.86954225,7.1035702,-61,-51,-10,-0.21,-0.16,-0.05
2,36,female,3,old,a,0,7.629800000011926,74,10,-57,50,28,-51,9,9,0,53.48520045,43.36665386,10.11854659,-57,-51,-6,-0.03,-0.57,0.54
2,36,female,4,old,a,0,1.6467999999970289,74,64,-60,72,67,-43,26,32,-6,60.94806532,53.07227776,7.875787563,-60,-43,-17,-0.69,-0.7,0.01
2,36,female,5,old,a,0,3.146200000002977,99,15,-82,88,18,-74,10.66666667,10.66666667,0,73.95644364,66.33919572,7.617247917,-82,-74,-8,-0.09,-0.16,0.07
2,36,female,6,old,a,0,6.462799999997031,56,51,-81,67,14,-73,8.666666667,2.666666667,6,63.43675766,57.71385353,5.722904132,-81,-73,-8,-0.7,-0.29,-0.41
2,36,female,7,old,b,1,11.996499999999996,78,21,-82,61,26,-70,5.666666667,5.666666667,0,66.21345952,55.37949881,10.83396071,-82,-70,-12,-0.33,-0.5,0.17
2,36,female,8,old,a,0,3.96329999999702,62,55,-47,57,37,-42,23.33333333,17.33333333,6,49.8152141,42.74212078,7.073093316,-47,-42,-5,-0.7,-0.59,-0.11
2,36,female,9,old,b,1,6.312599999994063,67,50,-25,66,32,-6,30.66666667,30.66666667,0,39.96943276,29.40899333,10.56043943,-25,-6,-19,-0.61,-0.07,-0.54
2,36,female,10,old,a,0,3.2948000000119464,92,42,-56,66,60,-48,26,26,0,61.47086031,52.38320341,9.08765689,-56,-48,-8,-0.37,-0.7,0.33
2,36,female,11,old,a,0,8.830199999988082,78,60,-46,63,61,-32,30.66666667,30.66666667,0,54.70730197,44.31954673,10.38775524,-46,-32,-14,-0.65,-0.71,0.06
2,36,female,12,old,b,1,2.1805999999940298,55,29,-25,52,42,-17,19.66666667,25.66666667,-6,33.31999733,30.44484996,2.875147376,-25,-17,-8,-0.4,-0.65,0.25
2,36,female,13,old,a,0,3.0805999999940354,95,25,-45,69,46,-40,25,25,0,57.15476066,46.91126375,10.24349691,-45,-40,-5,0,-0.58,0.58
2,36,female,14,old,b,1,2.632599999994028,98,57,-67,91,49,-52,29.33333333,29.33333333,0,70.14429572,60.01296156,10.13133416,-67,-52,-15,-0.53,-0.46,-0.07
2,36,female,15,old,b,1,15.751900000005977,83,39,-20,88,37,-5,34,40,-6,42.19794624,38.02630668,4.171639554,-20,-5,-15,-0.18,0.12,-0.3
2,36,female,16,old,b,1,8.561200000002998,77,41,-37,76,27,-22,27,27,0,47.58150901,40.00833247,7.573176548,-37,-22,-15,-0.42,0,-0.42
2,36,female,17,old,b,1,3.996899999991058,62,43,-30,52,48,-25,25,25,0,39.65686153,35.39303133,4.263830204,-30,-25,-5,-0.59,-0.7,0.11
2,36,female,18,old,b,1,6.662200000002969,58,9,-18,53,10,-14,16.33333333,16.33333333,0,31.45720197,27.71682201,3.740379958,-18,-14,-4,0.34,0.33,0.01
2,36,female,19,old,b,1,14.980299999997015,63,24,-59,39,36,-47,9.333333333,9.333333333,0,50.87457344,39.85250585,11.02206759,-59,-47,-12,-0.41,-0.7,0.29
2,36,female,20,old,a,0,1.7135000000000105,94,31,-45,90,39,-40,26.66666667,29.66666667,-3,56.82917873,53.48104545,3.348133286,-45,-40,-5,-0.11,-0.26,0.15
2,36,female,21,old,a,0,4.446900000005996,91,61,-33,66,59,-24,39.66666667,33.66666667,6,52.82255411,40.87650779,11.94604632,-33,-24,-9,-0.54,-0.69,0.15
2,36,female,22,old,b,1,212.657799999997,73,41,-12,65,47,-1,34,37,-3,35.05234181,27.85677655,7.19556526,-12,-1,-11,-0.29,-0.49,0.2
2,36,female,23,old,a,0,1.5637000000029957,81,41,-34,61,54,-27,29.33333333,29.33333333,0,47.66783215,39.93606001,7.731772147,-34,-27,-7,-0.35,-0.69,0.34
2,36,female,24,old,b,1,2.665700000002971,67,46,-24,68,38,-17,29.66666667,29.66666667,0,38.90444133,35.19785347,3.706587865,-24,-17,-7,-0.56,-0.34,-0.22
2,36,female,25,old,b,1,5.5136999999880345,88,18,-15,83,9,-1,30.33333333,30.33333333,0,42.94440851,37.46405685,5.480351661,-15,-1,-14,0.41,0.67,-0.26
2,36,female,26,old,a,0,2.913099999994074,62,22,-65,45,27,-53,6.333333333,6.333333333,0,53.01781671,42.59368759,10.42412913,-65,-53,-12,-0.42,-0.61,0.19
2,36,female,27,old,a,0,2.1089000000059173,78,23,-44,60,33,-36,19,19,0,49.88653793,40.42276586,9.463772067,-44,-36,-8,-0.12,-0.48,0.36
2,36,female,28,old,a,0,3.130599999994047,72,17,-27,51,31,-20,20.66666667,20.66666667,0,40.49965706,29.89239963,10.60725743,-27,-20,-7,0.14,-0.48,0.62
2,36,female,29,old,b,1,3.547399999991057,84,75,-47,83,60,-31,37.33333333,37.33333333,0,59.74575764,49.22284926,10.52290838,-47,-31,-16,-0.7,-0.59,-0.11
2,36,female,30,old,a,0,7.682700000002967,78,66,-11,64,61,-1,44.33333333,41.33333333,3,39.43207944,29.95923156,9.472847881,-11,-1,-10,-0.66,-0.7,0.04
2,36,female,31,old,b,1,2.3284999999999627,76,15,-33,63,23,-28,19.33333333,19.33333333,0,44.60443426,37.24095714,7.363477116,-33,-28,-5,0.14,-0.15,0.29
2,36,female,32,old,b,1,14.071500000000016,87,30,-64,70,56,-55,17.66666667,23.66666667,-6,62.25931434,55.91859162,6.34072272,-64,-55,-9,-0.29,-0.67,0.38
2,36,female,33,old,b,1,8.75359999999398,75,73,-48,83,65,-30,33.33333333,39.33333333,-6,57.5171472,49.57373857,7.943408634,-48,-30,-18,-0.71,-0.64,-0.07
2,36,female,34,old,b,1,3.9272999999969898,89,61,-86,90,63,-71,21.33333333,27.33333333,-6,76.75212628,70.40044192,6.351684365,-86,-71,-15,-0.64,-0.63,-0.01
2,36,female,35,old,b,1,2.0915999999940595,92,37,-21,95,22,-9,36,36,0,46.13747573,43.59663596,2.540839773,-21,-9,-12,-0.03,0.45,-0.48
2,36,female,36,old,a,0,21.054299999997056,89,46,-19,85,23,-1,38.66666667,35.66666667,3,44.39469438,36.23380864,8.160885733,-19,-1,-18,-0.24,0.48,-0.72
2,36,female,37,old,b,1,8.187700000002906,75,28,-55,47,46,-45,16,16,0,53.7463177,43.13544559,10.61087211,-55,-45,-10,-0.32,-0.71,0.39
2,36,female,38,old,b,1,3.026299999997036,65,54,-91,69,19,-78,9.333333333,3.333333333,6,71.08836442,61.02640594,10.06195848,-91,-78,-13,-0.69,-0.37,-0.32
2,36,female,39,old,a,0,3.0431999999881327,74,59,-14,72,54,-7,39.66666667,39.66666667,0,38.43898484,33.80663972,4.632345124,-14,-7,-7,-0.63,-0.56,-0.07
2,36,female,40,old,b,1,1.999899999991044,67,46,-21,65,36,-9,30.66666667,30.66666667,0,37.52628708,30.44484996,7.081437126,-21,-9,-12,-0.54,-0.26,-0.28
2,36,female,41,old,b,1,2.953799999997045,77,55,-64,66,50,-48,22.66666667,22.66666667,0,61.93724423,50.39400317,11.54324105,-64,-48,-16,-0.64,-0.65,0.01
2,36,female,42,old,a,0,19.531000000000063,86,27,-87,69,30,-73,8.666666667,8.666666667,0,71.80683966,59.90177144,11.90506822,-87,-73,-14,-0.37,-0.49,0.12
2,36,female,43,old,b,1,32.27800000000002,87,73,-46,79,78,-34,38,41,-3,59.67132198,53.03457991,6.636742064,-46,-34,-12,-0.68,-0.71,0.03
2,36,female,44,old,b,1,6.338700000002973,96,33,-14,80,42,-7,38.33333333,38.33333333,0,45.0653846,35.6121078,9.453276793,-14,-7,-7,0.18,-0.15,0.33
2,36,female,45,old,a,0,2.9135999999940623,96,7,-31,90,8,-26,24,24,0,53.22280213,48.68949236,4.533309767,-31,-26,-5,0.45,0.46,-0.01
2,36,female,46,old,b,1,17.832900000005907,73,16,-47,50,33,-41,14,14,0,49.01020302,39.50527391,9.50492911,-47,-41,-6,-0.06,-0.61,0.55
2,36,female,47,old,b,1,5.923099999994065,64,37,-54,65,7,-43,15.66666667,9.666666667,6,50.479919,44.13111777,6.348801231,-54,-43,-11,-0.56,0.09,-0.65
2,36,female,48,old,b,1,1.9097999999969488,83,69,-20,73,72,-13,44,44,0,45.61432524,40.30715404,5.307171197,-20,-13,-7,-0.66,-0.71,0.05
2,36,female,49,old,b,1,2.059299999997052,96,32,-13,92,15,-1,38.33333333,35.33333333,3,44.723844,40.59830319,4.125540807,-13,-1,-12,0.21,0.63,-0.42
2,36,female,50,old,b,1,5.962400000006028,76,15,-21,57,42,-11,23.33333333,29.33333333,-6,40.03609483,29.16999981,10.86609502,-21,-11,-10,0.3,-0.57,0.87
2,36,female,51,old,b,1,4.346499999999992,58,32,-27,41,25,-21,21,15,6,35.56215217,26.28053779,9.281614373,-27,-21,-6,-0.43,-0.52,0.09
2,36,female,52,old,b,1,7.354799999996999,96,27,-44,64,55,-40,26.33333333,26.33333333,0,57.15670467,47.0484384,10.10826627,-44,-40,-4,-0.02,-0.69,0.67
2,36,female,53,old,b,1,1.6982000000029984,90,42,-24,83,22,-6,36,33,3,46.73328578,37.15732319,9.575962592,-24,-6,-18,-0.19,0.42,-0.61
2,36,female,54,old,a,0,2.248300000012023,70,22,-42,58,18,-26,16.66666667,16.66666667,0,45.87906809,34.30581421,11.57325388,-42,-26,-16,-0.17,-0.06,-0.11
2,36,female,55,old,a,0,1.3649000000060596,53,43,-8,49,31,-1,29.33333333,26.33333333,3,26.71246068,20.67741656,6.035044121,-8,-1,-7,-0.63,-0.33,-0.3
2,36,female,56,old,a,0,1.8977999999970048,94,36,-54,66,41,-49,25.33333333,19.33333333,6,60.88969991,49.38510797,11.50459195,-54,-49,-5,-0.26,-0.57,0.31
2,36,female,57,old,a,0,3.196200000002932,92,82,-79,91,65,-61,31.66666667,31.66666667,0,78.35957007,66.379381,11.98018907,-79,-61,-18,-0.7,-0.63,-0.07
2,36,female,58,old,b,1,1.92999999999995,85,53,-67,66,63,-58,23.66666667,23.66666667,0,65.42850211,57.76004001,7.668462102,-67,-58,-9,-0.58,-0.71,0.13
2,36,female,59,old,a,0,4.148099999994088,80,41,-11,67,46,-3,36.66666667,36.66666667,0,37.27674282,29.32954521,7.947197614,-11,-3,-8,-0.17,-0.45,0.28
2,36,female,60,old,a,0,4.848299999997039,96,80,-56,99,42,-39,40,34,6,68.19579655,56.62155067,11.57424588,-56,-39,-17,-0.68,-0.21,-0.47
2,36,female,61,old,b,1,2.5806000000089853,60,35,-20,63,33,-12,25,28,-3,33.41656276,30.82207001,2.594492745,-20,-12,-8,-0.42,-0.24,-0.18
2,36,female,62,old,b,1,5.465800000011882,64,24,-48,52,23,-35,13.33333333,13.33333333,0,46.34172586,36.16935474,10.17237112,-48,-35,-13,-0.33,-0.38,0.05
2,36,female,63,old,a,0,1.748599999993985,70,13,-28,63,8,-16,18.33333333,18.33333333,0,40.18568015,33.06895153,7.116728613,-28,-16,-12,0.2,0.44,-0.24
2,36,female,64,old,a,0,6.648500000000013,82,60,-65,69,63,-55,25.66666667,25.66666667,0,64.73707507,57.09251751,7.644557563,-65,-55,-10,-0.65,-0.7,0.05
2,36,female,65,old,a,0,1.5804000000058522,85,73,-22,97,49,-10,45.33333333,45.33333333,0,47.86323107,43.75944343,4.103787649,-22,-10,-12,-0.67,-0.13,-0.54
2,36,female,66,old,a,0,17.56329999999707,75,27,-60,59,34,-51,14,14,0,55.87486018,47.08148964,8.793370539,-60,-51,-9,-0.34,-0.56,0.22
2,36,female,67,old,a,0,3.380400000006034,74,55,-56,64,61,-52,24.33333333,24.33333333,0,57.33139532,53.98971095,3.341684362,-56,-52,-4,-0.65,-0.71,0.06
2,36,female,68,old,a,0,1.3137999999970589,83,41,-57,84,47,-46,22.33333333,28.33333333,-6,58.65909042,54.68901982,3.9700706,-57,-46,-11,-0.45,-0.47,0.02
2,36,female,69,old,a,0,2.3304999999999154,84,58,-66,68,60,-52,25.33333333,25.33333333,0,65.44887742,54.78036956,10.66850786,-66,-52,-14,-0.62,-0.7,0.08
2,36,female,70,old,b,1,1.0812000000030366,83,77,-71,76,70,-57,29.66666667,29.66666667,0,71.22421561,61.33152171,9.892693895,-71,-57,-14,-0.7,-0.7,0
2,36,female,71,old,a,0,1.097200000002999,37,20,-43,33,26,-36,4.666666667,7.666666667,-3,34.41253002,31.00895928,3.403570739,-43,-36,-7,-0.58,-0.68,0.1
2,36,female,72,old,b,1,2.6802000000029693,94,19,-17,81,8,-2,32,29,3,46.23851209,36.99549522,9.243016866,-17,-2,-15,0.4,0.67,-0.27
2,36,female,73,old,a,0,3.797200000003045,96,4,-46,81,12,-39,18,18,0,58.81042991,49.17316341,9.637266501,-46,-39,-7,0.34,0.18,0.16
2,36,female,74,old,a,0,2.5639999999999645,88,66,-26,87,52,-11,42.66666667,42.66666667,0,49.37835783,40.54901013,8.829347706,-26,-11,-15,-0.6,-0.33,-0.27
2,36,female,75,old,b,1,2.897299999997017,36,7,-38,19,18,-32,1.666666667,1.666666667,0,30.44484996,23.80942857,6.635421386,-38,-32,-6,-0.26,-0.71,0.45
2,36,female,76,old,b,1,0.6779000000059341,72,21,-90,54,35,-86,1,1,0,67.63135368,62.00537611,5.625977565,-90,-86,-4,-0.42,-0.66,0.24
2,36,female,77,old,a,0,5.244299999996997,83,34,-85,62,50,-80,10.66666667,10.66666667,0,70.54234347,64.29791771,6.244425757,-85,-80,-5,-0.46,-0.69,0.23
2,36,female,78,old,b,1,4.995200000003024,39,5,-20,23,9,-8,8,8,0,24.17988144,12.67543556,11.50444588,-20,-8,-12,0.18,-0.12,0.3
2,36,female,79,old,a,0,4.613899999991077,36,21,-30,39,17,-20,9,12,-3,28.24889378,24.34474618,3.904147602,-30,-20,-10,-0.56,-0.3,-0.26
2,36,female,80,old,a,0,1.446799999997097,81,17,-68,69,21,-51,10,13,-3,61.03004724,49.31531202,11.71473522,-68,-51,-17,-0.17,-0.24,0.07
2,36,female,81,old,a,0,3.180900000005863,76,36,-11,65,40,-4,33.66666667,33.66666667,0,35.55590278,28.52289529,7.033007489,-11,-4,-7,-0.1,-0.32,0.22
2,36,female,82,old,b,1,5.480600000008849,83,77,-23,99,33,-4,45.66666667,42.66666667,3,48.61641241,42.60151275,6.014899656,-23,-4,-19,-0.7,0.33,-1.03
2,36,female,83,old,a,0,3.197299999996972,94,58,-17,96,40,-1,45,45,0,46.23851209,39.75759885,6.480913232,-17,-1,-16,-0.4,0.19,-0.59
2,36,female,84,old,b,1,3.31339999999102,87,70,-27,80,50,-18,43.33333333,37.33333333,6,50.21509291,40.99864496,9.216447942,-27,-18,-9,-0.65,-0.43,-0.22
2,36,female,85,old,b,1,1.497299999996926,91,6,-27,80,2,-12,23.33333333,23.33333333,0,49.70803646,40.47495796,9.233078497,-27,-12,-15,0.48,0.64,-0.16
2,36,female,86,old,b,1,1.247799999997028,51,40,-31,42,41,-23,20,20,0,36.34097779,30.40833219,5.932645598,-31,-23,-8,-0.66,-0.71,0.05
2,36,female,87,old,a,0,2.113100000008899,93,92,-16,86,78,-4,56.33333333,53.33333333,3,51.14901976,40.67213078,10.47688898,-16,-4,-12,-0.71,-0.69,-0.02
2,36,female,88,old,b,1,6.66409999999405,78,38,-68,84,24,-51,16,19,-3,61.60086579,55.22680509,6.374060709,-68,-51,-17,-0.49,-0.14,-0.35
2,36,female,89,old,a,0,2.6283999999910748,50,11,-57,35,13,-44,1.333333333,1.333333333,0,44.21412545,33.289971799999996,10.92415365,-57,-44,-13,-0.32,-0.48,0.16
2,36,female,90,old,a,0,3.626599999994028,99,34,-24,83,38,-12,36.33333333,36.33333333,0,50.24163833,38.80148909,11.44014924,-24,-12,-12,0.07,-0.06,0.13
2,36,female,91,old,b,1,1.3445999999941023,91,17,-48,90,12,-33,20,23,-3,56.78614855,50.81338406,5.972764482,-48,-33,-15,0.08,0.31,-0.23
2,36,female,92,old,a,0,2.728899999990972,77,36,-10,56,52,-5,34.33333333,34.33333333,0,35.53714801,27.86076493,7.676383088,-10,-5,-5,-0.07,-0.7,0.63
2,36,female,93,old,b,1,2.627200000002972,77,47,-55,89,39,-41,23,29,-6,56.49778757,53.54126135,2.95652622,-55,-41,-14,-0.56,-0.27,-0.29
2,36,female,94,old,a,0,10.69479999999703,89,20,-61,76,18,-46,16,16,0,61.3025285,49.82636518,11.47616332,-61,-46,-15,-0.1,-0.06,-0.04
2,36,female,95,old,b,1,2.875599999994052,89,74,-13,90,55,-4,50,47,3,44.96665431,38.79003308,6.176621228,-13,-4,-9,-0.65,-0.3,-0.35
2,36,female,96,old,a,0,0.9121000000089908,82,35,-17,58,49,-7,33.33333333,33.33333333,0,40.43375927,28.75567577,11.6780835,-17,-7,-10,-0.06,-0.66,0.6
2,36,female,97,old,b,1,2.36200000000008,90,63,-64,89,40,-58,29.66666667,23.66666667,6,67.14329618,61.11373732,6.029558865,-64,-58,-6,-0.62,-0.38,-0.24
2,36,female,98,old,b,1,0.995700000003012,57,18,-72,61,10,-59,1,4,-3,54.01851534,49.17316341,4.845351932,-72,-59,-13,-0.44,-0.18,-0.26
2,36,female,99,old,b,1,2.01129999999705,88,21,-90,58,41,-80,6.333333333,6.333333333,0,73.40451091,61.44012442,11.96438649,-90,-80,-10,-0.29,-0.67,0.38
2,36,female,100,old,b,1,1.161700000002952,60,14,-23,64,12,-7,17,23,-6,33.950945,30.01110905,3.93983595,-23,-7,-16,0.13,0.5,-0.37
2,36,female,101,new,b,1,3.407000000000039,37,25,-44,56,2,-40,6,6,0,35.6931366,39.29376541,-3.600628814,-44,-40,-4,-0.65,0.15,-0.8
2,36,female,102,new,b,1,1.0605999999939968,59,49,-17,81,20,-10,30.33333333,30.33333333,0,33.71778298,37.86232369,-4.144540718,-17,-10,-7,-0.66,0.39,-1.05
2,36,female,103,new,a,0,1.1287999999969998,55,38,-27,78,8,-20,22,22,0,35.33647785,41.21488404,-5.878406195,-27,-20,-7,-0.59,0.47,-1.06
2,36,female,104,new,b,1,1.027799999997001,56,54,-15,82,21,-8,31.66666667,31.66666667,0,33.00841644,37.50851755,-4.500101116,-15,-8,-7,-0.71,0.4,-1.11
2,36,female,105,new,b,1,2.712100000008945,46,39,-47,76,2,-40,12.66666667,12.66666667,0,42.28737663,47.95368136,-5.666304726,-47,-40,-7,-0.69,0.32,-1.01
2,36,female,106,new,b,1,1.2614000000058925,63,26,-14,81,1,-7,25,25,0,31.44307025,39.73243847,-8.28936822,-14,-7,-7,-0.05,0.69,-0.74
2,36,female,107,new,b,1,4.346000000000004,69,51,-21,95,8,-4,33,33,0,38.88444419,44.11349,-5.22904581,-21,-4,-17,-0.6,0.67,-1.27
2,36,female,108,new,a,0,5.245600000008949,64,45,-19,85,10,-5,30,30,0,35.50586806,39.37003937,-3.86417131,-19,-5,-14,-0.56,0.63,-1.19
2,36,female,109,new,b,1,1.761800000011931,77,47,-21,99,18,-14,34.33333333,34.33333333,0,40.99864496,47.55581516,-6.557170196,-21,-14,-7,-0.43,0.47,-0.9
2,36,female,110,new,b,1,5.511399999991113,30,23,-7,44,5,-3,15.33333333,15.33333333,0,16.04853749,20.53181813,-4.483280636,-7,-3,-4,-0.61,0.63,-1.24
2,36,female,111,new,b,1,2.161799999997015,59,50,-96,98,6,-91,4.333333333,4.333333333,0,71.04145894,77.16792656,-6.126467612,-96,-91,-5,-0.7,-0.03,-0.67
2,36,female,112,new,a,0,3.144900000005918,50,31,-44,73,9,-36,12.33333333,15.33333333,-3,40.58187882,44.723844,-4.141965177,-44,-36,-8,-0.59,0.21,-0.8
2,36,female,113,new,b,1,1.845200000002933,68,40,-24,83,5,-13,28,25,3,38.50541088,41.66533331,-3.159922437,-24,-13,-11,-0.44,0.61,-1.05
2,36,female,114,new,b,1,2.394900000005918,38,33,-50,58,27,-46,7,13,-6,40.35674252,43.59663596,-3.239893438,-50,-46,-4,-0.7,-0.45,-0.25
2,36,female,115,new,a,0,55.641299999997045,64,53,-37,92,1,-31,26.66666667,20.66666667,6,45.24255617,52.10459566,-6.862039489,-37,-31,-6,-0.68,0.51,-1.19
2,36,female,116,new,a,0,1.1732999999969709,54,23,-50,70,3,-46,9,9,0,43.59663596,47.5464685,-3.949832543,-50,-46,-4,-0.45,0.19,-0.64
2,36,female,117,new,a,0,1.6477999999970052,64,41,-26,87,14,-22,26.33333333,26.33333333,0,38.17794593,45.34558658,-7.167640648,-26,-22,-4,-0.52,0.39,-0.91
2,36,female,118,new,a,0,0.963400000006004,83,49,-12,97,11,-6,40,34,6,39.3022476,45.08510471,-5.782857106,-12,-6,-6,-0.33,0.63,-0.96
2,36,female,119,new,b,1,1.3975999999940996,68,19,-54,79,4,-50,11,11,0,50.12650663,52.89612462,-2.769617994,-54,-50,-4,-0.24,0.2,-0.44
2,36,female,120,new,a,0,4.0310000000001764,48,46,-67,77,10,-60,9,9,0,53.7463177,55.93448549,-2.188167783,-67,-60,-7,-0.71,-0.03,-0.68
2,36,female,121,new,a,0,2.1637999999970816,79,32,-39,94,13,-35,24,24,0,48.50429534,53.23532662,-4.731031274,-39,-35,-4,-0.24,0.3,-0.54
2,36,female,122,new,a,0,1.4750000000001364,85,30,-10,93,17,-5,35,35,0,38.94440482,41.98412398,-3.039719165,-10,-5,-5,0.19,0.56,-0.37
2,36,female,123,new,a,0,1.1980000000000928,70,24,-76,92,8,-64,6,12,-6,60.94806532,63.7495098,-2.801444479,-76,-64,-12,-0.42,0.09,-0.51
2,36,female,124,new,b,1,5.880900000006022,66,50,-48,92,14,-38,22.66666667,22.66666667,0,50.39400317,53.42492136,-3.030918188,-48,-38,-10,-0.65,0.24,-0.89
2,36,female,125,new,b,1,1.8639000000057424,56,46,-28,85,8,-19,24.66666667,24.66666667,0,37.46405685,44.06308609,-6.599029239,-28,-19,-9,-0.67,0.51,-1.18
2,36,female,126,new,b,1,1.8884000000059584,66,44,-27,85,4,-15,27.66666667,24.66666667,3,39.68486977,43.36152929,-3.676659515,-27,-15,-12,-0.55,0.61,-1.16
2,36,female,127,new,b,1,2.9137999999970816,85,18,-17,93,4,-11,28.66666667,28.66666667,0,42.31889518,45.90085935,-3.581964172,-17,-11,-6,0.36,0.65,-0.29
2,36,female,128,new,b,1,2.93110000000911,57,37,-63,90,9,-59,10.33333333,13.33333333,-3,52.49338583,60.90612084,-8.412735011,-63,-59,-4,-0.63,0.11,-0.74
2,36,female,129,new,a,0,3.2806999999879736,63,60,-7,87,12,-1,38.66666667,32.66666667,6,32.31442746,38.78430381,-6.46987635,-7,-1,-6,-0.7,0.65,-1.35
2,36,female,130,new,b,1,4.645400000005793,71,31,-47,94,2,-32,18.33333333,21.33333333,-3,48.9988662,53.22488975,-4.22602355,-47,-32,-15,-0.37,0.5,-0.87
2,36,female,131,new,b,1,18.963700000002973,79,49,-50,98,25,-45,26,26,0,55.11805512,58.3837877,-3.265732586,-50,-45,-5,-0.55,0.03,-0.58
2,36,female,132,new,a,0,6.258200000002944,38,34,-15,62,2,-7,19,19,0,24.0970261,30.62678566,-6.529759566,-15,-7,-8,-0.69,0.66,-1.35
2,36,female,133,new,b,1,1.0968999999911375,63,56,-8,78,18,-3,37,31,6,31.94787421,34.3220046,-2.374130391,-8,-3,-5,-0.68,0.51,-1.19
2,36,female,134,new,a,0,1.2636000000088643,55,16,-30,64,2,-25,13.66666667,13.66666667,0,34.7403064,37.25885428,-2.518547878,-30,-25,-5,-0.1,0.44,-0.54
2,36,female,135,new,b,1,0.95699999999988,73,38,-33,97,1,-20,26,26,0,44.09837488,50.93132631,-6.832951437,-33,-20,-13,-0.39,0.62,-1.01
2,36,female,136,new,b,1,2.3800999999941723,69,40,-28,95,8,-22,27,27,0,40.65300317,49.61854492,-8.965541751,-28,-22,-6,-0.45,0.52,-0.97
2,36,female,137,new,b,1,2.7761000000089098,63,47,-15,89,7,-1,31.66666667,31.66666667,0,33.63860216,40.67213078,-7.033528616,-15,-1,-14,-0.59,0.69,-1.28
2,36,female,138,new,b,1,2.0475000000001278,91,16,-26,99,1,-19,27,27,0,48.39421453,51.5622601,-3.16804557,-26,-19,-7,0.33,0.63,-0.3
2,36,female,139,new,b,1,2.5629999999998745,63,37,-54,90,4,-48,15.33333333,15.33333333,0,50.16195991,56.90537955,-6.743419642,-54,-48,-6,-0.57,0.29,-0.86
2,36,female,140,new,b,1,1.961900000005926,52,45,-43,79,10,-35,18,18,0,43.2280773,46.88283268,-3.654755383,-43,-35,-8,-0.69,0.25,-0.94
2,36,female,141,new,a,0,1.3962000000028638,52,40,-47,82,1,-38,15,15,0,44.11349,49.979996,-5.866505998,-47,-38,-9,-0.67,0.4,-1.07
2,36,female,142,new,a,0,2.105800000011868,54,46,-53,77,18,-48,15.66666667,15.66666667,0,48.66438351,51.05770156,-2.393318055,-53,-48,-5,-0.69,-0.07,-0.62
2,36,female,143,new,b,1,3.72959999999398,69,48,-66,95,23,-58,17,20,-3,59.31273051,62.49799997,-3.185269463,-66,-58,-8,-0.64,-0.07,-0.57
2,36,female,144,new,a,0,3.712599999993927,81,22,-15,91,3,-6,29.33333333,29.33333333,0,39.53338954,43.75944343,-4.226053881,-15,-6,-9,0.27,0.68,-0.41
2,36,female,145,new,b,1,1.1127000000028602,59,50,-48,83,10,-41,20.33333333,17.33333333,3,48.45845873,50.88767587,-2.429217144,-48,-41,-7,-0.69,0.21,-0.9
2,36,female,146,new,a,0,3.212299999996958,41,32,-42,64,5,-38,10.33333333,10.33333333,0,37.18721405,41.81174742,-4.624533368,-42,-38,-4,-0.68,0.19,-0.87
2,36,female,147,new,b,1,1.912100000008877,60,24,-63,84,3,-57,7,10,-3,51.63332257,57.7754273,-6.142104729,-63,-57,-6,-0.46,0.18,-0.64
2,36,female,148,new,b,1,1.2127999999970598,61,45,-48,87,13,-42,19.33333333,19.33333333,0,48.05783553,52.85409687,-4.796261339,-48,-42,-6,-0.65,0.18,-0.83
2,36,female,149,new,b,1,2.8458000000118773,69,47,-23,96,10,-13,31,31,0,39.22584182,46.91126375,-7.685421928,-23,-13,-10,-0.54,0.58,-1.12
2,36,female,150,new,b,1,6.682999999999993,52,40,-57,82,4,-42,11.66666667,14.66666667,-3,48.80118396,51.18159391,-2.380409957,-57,-42,-15,-0.68,0.3,-0.98
2,36,female,151,new,a,0,3.753500000000031,74,47,-15,86,19,-8,35.33333333,32.33333333,3,37.25885428,39.51652256,-2.257668285,-15,-8,-7,-0.44,0.47,-0.91
2,36,female,152,new,a,0,2.341700000002902,72,36,-85,88,16,-81,7.666666667,7.666666667,0,67.15322446,69.24513621,-2.09191175,-85,-81,-4,-0.56,-0.18,-0.38
2,36,female,153,new,b,1,3.4761000000089552,69,37,-33,94,9,-21,24.33333333,27.33333333,-3,42.59368759,48.70546399,-6.111776401,-33,-21,-12,-0.42,0.51,-0.93
2,36,female,154,new,b,1,4.769200000002911,32,20,-50,54,6,-40,0.666666667,6.666666667,-6,36.16013766,38.37823457,-2.218096913,-50,-40,-10,-0.65,0.03,-0.68
2,36,female,155,new,a,0,1.5829999999998563,79,41,-38,99,6,-23,27.33333333,27.33333333,0,48.73283173,52.04058245,-3.30775072,-38,-23,-15,-0.4,0.55,-0.95
2,36,female,156,new,a,0,2.325799999997116,76,47,-63,93,8,-59,20,14,6,59.87208587,62.19860663,-2.326520758,-63,-59,-4,-0.58,0.14,-0.72
2,36,female,157,new,b,1,1.4067000000029566,53,44,-12,76,17,-8,28.33333333,28.33333333,0,28.75567577,35.21678893,-6.461113157,-12,-8,-4,-0.66,0.45,-1.11
2,36,female,158,new,a,0,0.630500000000211,45,18,-24,62,5,-19,13,16,-3,28.39013913,33.9705755,-5.58043637,-24,-19,-5,-0.26,0.45,-0.71
2,36,female,159,new,a,0,1.909899999991012,64,55,-60,94,8,-52,19.66666667,16.66666667,3,56.4525366,59.91846312,-3.465926514,-60,-52,-8,-0.69,0.21,-0.9
2,36,female,160,new,b,1,2.878899999991063,66,16,-25,85,5,-15,19,25,-6,37.21110945,43.20493799,-5.993828537,-25,-15,-10,0.12,0.6,-0.48
2,36,female,161,new,b,1,2.247499999999945,52,43,-65,75,16,-61,10,10,0,53.16013544,55.68363015,-2.52349471,-65,-61,-4,-0.69,-0.16,-0.53
2,36,female,162,new,b,1,1.563099999994165,47,30,-26,67,16,-14,17,23,-6,31.18760438,33.43650699,-2.248902619,-26,-14,-12,-0.55,0.3,-0.85
2,36,female,163,new,a,0,3.930400000005875,48,35,-20,67,3,-7,21,21,0,29.47315162,32.78210894,-3.308957317,-20,-7,-13,-0.61,0.66,-1.27
2,36,female,164,new,b,1,1.5417000000029475,45,44,-23,80,3,-17,22,22,0,31.82242396,41.81706191,-9.994637949,-23,-17,-6,-0.71,0.59,-1.3
2,36,female,165,new,a,0,1.3447999999971216,50,46,-84,74,36,-80,4,10,-6,62.24682053,65.50318058,-3.25636005,-84,-80,-4,-0.7,-0.53,-0.17
2,36,female,166,new,a,0,0.9946000000088588,88,22,-23,94,12,-19,29,29,0,45.58508528,47.67249382,-2.087408536,-23,-19,-4,0.23,0.49,-0.26
2,36,female,167,new,b,1,1.3444000000060896,61,39,-94,93,10,-88,2,5,-3,68.47383929,73.97747405,-5.503634762,-94,-88,-6,-0.65,-0.1,-0.55
2,36,female,168,new,b,1,1.811899999991056,79,60,-16,98,12,-5,41,35,6,41.04469109,45.08510471,-4.04041362,-16,-5,-11,-0.6,0.63,-1.23
2,36,female,169,new,b,1,3.4957000000028984,64,52,-58,93,11,-46,19.33333333,19.33333333,0,54.90193277,57.05163353,-2.149700761,-58,-46,-12,-0.68,0.22,-0.9
2,36,female,170,new,b,1,3.095599999993965,51,45,-78,80,11,-73,6,6,0,59.44745579,62.56196928,-3.114513488,-78,-73,-5,-0.7,-0.12,-0.58
2,36,female,171,new,b,1,0.6782000000030166,73,53,-40,92,18,-33,28.66666667,25.66666667,3,49.23639124,51.31817958,-2.081788343,-40,-33,-7,-0.62,0.22,-0.84
2,36,female,172,new,b,1,0.911899999991192,55,44,-34,91,3,-29,21.66666667,21.66666667,0,39.61761673,50.73679357,-11.11917684,-34,-29,-5,-0.67,0.5,-1.17
2,36,female,173,new,b,1,1.228700000003073,60,39,-81,87,8,-77,6,6,0,62.11280061,66.96765388,-4.8548532700000004,-81,-77,-4,-0.65,-0.04,-0.61
2,36,female,174,new,a,0,1.6945000000000618,73,32,-52,92,3,-42,17.66666667,17.66666667,0,52.02777036,55.67963921,-3.651868845,-52,-42,-10,-0.39,0.38,-0.77
2,36,female,175,new,a,0,10.594400000005862,73,48,-72,98,34,-65,16.33333333,22.33333333,-6,63.28945849,67.05387552,-3.764417033,-72,-65,-7,-0.63,-0.26,-0.37
2,36,female,176,new,a,0,1.2789000000059332,57,54,-20,83,2,-3,30.33333333,27.33333333,3,35.6121078,39.4151691,-3.803061301,-20,-3,-17,-0.7,0.7,-1.4
2,36,female,177,new,a,0,0.9615000000001146,64,41,-14,77,10,-5,30.33333333,27.33333333,3,32.72443871,35.64952859,-2.925089883,-14,-5,-9,-0.45,0.61,-1.06
2,36,female,178,new,a,0,0.8457000000030348,53,51,-96,93,17,-84,2.666666667,8.666666667,-6,69.77264666,72.49980843,-2.727161767,-96,-84,-12,-0.71,-0.17,-0.54
2,36,female,179,new,b,1,4.128299999996898,90,21,-34,99,7,-29,25.66666667,25.66666667,0,50.73022329,53.89702115,-3.166797855,-34,-29,-5,0.14,0.48,-0.34
2,36,female,180,new,a,0,1.86200000000008,69,44,-23,81,8,-17,30,24,6,38.8415585,41.57723736,-2.735678863,-23,-17,-6,-0.49,0.52,-1.01
2,36,female,181,new,a,0,6.628200000002835,84,36,-9,88,6,-1,37,31,6,37.97367509,40.40627014,-2.432595048,-9,-1,-8,0.04,0.69,-0.65
2,36,female,182,new,a,0,1.0946999999880518,66,42,-35,90,1,-18,24.33333333,24.33333333,0,43.08389748,47.07676945,-3.992871972,-35,-18,-17,-0.55,0.62,-1.17
2,36,female,183,new,b,1,4.511400000006006,71,34,-28,85,10,-18,25.66666667,25.66666667,0,40.84387619,43.48435223,-2.64047604,-28,-18,-10,-0.3,0.49,-0.79
2,36,female,184,new,a,0,3.8280999999940377,75,40,-15,94,14,-8,33.33333333,33.33333333,0,37.04351795,43.82794644,-6.784428486,-15,-8,-7,-0.26,0.58,-0.84
2,36,female,185,new,a,0,4.028900000005933,65,47,-77,94,10,-69,11.66666667,11.66666667,0,63.12597634,66.55490632,-3.428929982,-77,-69,-8,-0.66,0.04,-0.7
2,36,female,186,new,a,0,2.8939000000059423,76,21,-90,94,13,-82,2.333333333,8.333333333,-6,69.04265992,71.92743257,-2.884772646,-90,-82,-8,-0.39,-0.1,-0.29
2,36,female,187,new,b,1,3.193700000002764,59,44,-37,88,14,-27,22,25,-3,42.16633728,47.58851402,-5.422176736,-37,-27,-10,-0.64,0.33,-0.97
2,36,female,188,new,a,0,3.0944999999999254,77,36,-47,94,14,-42,22,22,0,51.58165048,55.80919876,-4.22754828,-47,-42,-5,-0.39,0.21,-0.6
2,36,female,189,new,a,0,3.3444000000058622,47,44,-9,67,8,-2,27.33333333,24.33333333,3,25.7207223,30.44484996,-4.724127658,-9,-2,-7,-0.7,0.65,-1.35
2,36,female,190,new,a,0,5.709899999990967,74,38,-25,94,11,-18,29,29,0,40.91454509,47.46226571,-6.547720623,-25,-18,-7,-0.32,0.51,-0.83
2,36,female,191,new,a,0,2.6952000000030694,68,39,-23,88,15,-19,28,28,0,37.95611501,44.6392951,-6.683180086,-23,-19,-4,-0.41,0.41,-0.82
2,36,female,192,new,a,0,1.5947999999968945,49,34,-14,65,1,-6,23,20,3,26.87005769,31.94787421,-5.077816527,-14,-6,-8,-0.55,0.68,-1.23
2,36,female,193,new,b,1,2.0632000000030075,50,30,-9,60,16,-5,23.66666667,23.66666667,0,24.4994331,27.08423075,-2.584797654,-9,-5,-4,-0.37,0.4,-0.77
2,36,female,194,new,b,1,7.23050000000012,58,47,-74,97,2,-68,10.33333333,10.33333333,0,59.80152358,67.61820925,-7.816685673,-74,-68,-6,-0.69,0.18,-0.87
2,36,female,195,new,a,0,3.328400000006013,70,30,-62,87,8,-57,12.66666667,12.66666667,0,55.265018070000004,58.88029287,-3.615274804,-62,-57,-5,-0.44,0.12,-0.56
2,36,female,196,new,a,0,3.944299999996929,63,50,-48,99,27,-43,21.66666667,27.66666667,-6,49.54683531,57.97317387,-8.426338566,-48,-43,-5,-0.67,0.02,-0.69
2,36,female,197,new,b,1,2.0762999999969907,69,68,-17,94,19,-11,40,34,6,40.30715404,44.15880433,-3.851650293,-17,-11,-6,-0.71,0.47,-1.18
2,36,female,198,new,a,0,2.8607999999969707,44,39,-75,72,4,-68,2.666666667,2.666666667,0,54.95654849,57.16253629,-2.205987801,-75,-68,-7,-0.7,-0.03,-0.67
2,36,female,199,new,a,0,7.0614000000059605,76,46,-41,95,20,-34,27,27,0,49.61854492,52.89612462,-3.277579702,-41,-34,-7,-0.52,0.2,-0.72
2,36,female,200,new,a,0,2.1442999999969743,67,61,-10,90,14,-4,39.33333333,33.33333333,6,34.96982827,40.73764298,-5.767814715,-10,-4,-6,-0.69,0.6,-1.29
3,29,female,1,new,b,1,3.6752999999523297,68,19,-54,79,4,-50,11,11,0,50.12650663,52.89612462,-2.769617994,-54,-50,-4,-0.24,0.2,-0.44
3,29,female,2,new,b,1,1.4636999998092506,74,38,-25,94,11,-18,29,29,0,40.91454509,47.46226571,-6.547720623,-25,-18,-7,-0.32,0.51,-0.83
3,29,female,3,new,b,1,3.724299999952308,91,16,-26,99,1,-19,27,27,0,48.39421453,51.5622601,-3.16804557,-26,-19,-7,0.33,0.63,-0.3
3,29,female,4,new,b,1,1.273399999856963,85,30,-10,93,17,-5,35,35,0,38.94440482,41.98412398,-3.039719165,-10,-5,-5,0.19,0.56,-0.37
3,29,female,5,new,b,1,2.573400000095376,60,39,-81,87,8,-77,6,6,0,62.11280061,66.96765388,-4.8548532700000004,-81,-77,-4,-0.65,-0.04,-0.61
3,29,female,6,new,b,1,1.1552000000476994,69,48,-66,95,23,-58,17,20,-3,59.31273051,62.49799997,-3.185269463,-66,-58,-8,-0.64,-0.07,-0.57
3,29,female,7,new,a,0,4.050000000000011,64,41,-26,87,14,-22,26.33333333,26.33333333,0,38.17794593,45.34558658,-7.167640648,-26,-22,-4,-0.52,0.39,-0.91
3,29,female,8,new,a,0,3.425200000047681,69,51,-21,95,8,-4,33,33,0,38.88444419,44.11349,-5.22904581,-21,-4,-17,-0.6,0.67,-1.27
3,29,female,9,new,a,0,3.629299999952309,59,50,-48,83,10,-41,20.33333333,17.33333333,3,48.45845873,50.88767587,-2.429217144,-48,-41,-7,-0.69,0.21,-0.9
3,29,female,10,new,a,0,4.57660000014306,79,32,-39,94,13,-35,24,24,0,48.50429534,53.23532662,-4.731031274,-39,-35,-4,-0.24,0.3,-0.54
3,29,female,11,new,b,1,5.960499999999996,50,30,-9,60,16,-5,23.66666667,23.66666667,0,24.4994331,27.08423075,-2.584797654,-9,-5,-4,-0.37,0.4,-0.77
3,29,female,12,new,a,0,2.830999999999989,52,40,-47,82,1,-38,15,15,0,44.11349,49.979996,-5.866505998,-47,-38,-9,-0.67,0.4,-1.07
3,29,female,13,new,a,0,6.466599999904616,63,50,-48,99,27,-43,21.66666667,27.66666667,-6,49.54683531,57.97317387,-8.426338566,-48,-43,-5,-0.67,0.02,-0.69
3,29,female,14,new,a,0,2.317099999904628,63,47,-15,89,7,-1,31.66666667,31.66666667,0,33.63860216,40.67213078,-7.033528616,-15,-1,-14,-0.59,0.69,-1.28
3,29,female,15,new,a,0,4.376000000000005,70,24,-76,92,8,-64,6,12,-6,60.94806532,63.7495098,-2.801444479,-76,-64,-12,-0.42,0.09,-0.51
3,29,female,16,new,a,0,2.424700000047693,59,49,-17,81,20,-10,30.33333333,30.33333333,0,33.71778298,37.86232369,-4.144540718,-17,-10,-7,-0.66,0.39,-1.05
3,29,female,17,new,a,0,5.72790000009536,79,60,-16,98,12,-5,41,35,6,41.04469109,45.08510471,-4.04041362,-16,-5,-11,-0.6,0.63,-1.23
3,29,female,18,new,a,0,4.632099999904625,73,38,-33,97,1,-20,26,26,0,44.09837488,50.93132631,-6.832951437,-33,-20,-13,-0.39,0.62,-1.01
3,29,female,19,new,a,0,3.8790999999046103,61,45,-48,87,13,-42,19.33333333,19.33333333,0,48.05783553,52.85409687,-4.796261339,-48,-42,-6,-0.65,0.18,-0.83
3,29,female,20,new,a,0,3.011099999904644,56,54,-15,82,21,-8,31.66666667,31.66666667,0,33.00841644,37.50851755,-4.500101116,-15,-8,-7,-0.71,0.4,-1.11
3,29,female,21,new,a,0,94.17529999995236,85,18,-17,93,4,-11,28.66666667,28.66666667,0,42.31889518,45.90085935,-3.581964172,-17,-11,-6,0.36,0.65,-0.29
3,29,female,22,new,a,0,2.4999000000954084,72,36,-85,88,16,-81,7.666666667,7.666666667,0,67.15322446,69.24513621,-2.09191175,-85,-81,-4,-0.56,-0.18,-0.38
3,29,female,23,new,a,0,14.735099999904662,84,36,-9,88,6,-1,37,31,6,37.97367509,40.40627014,-2.432595048,-9,-1,-8,0.04,0.69,-0.65
3,29,female,24,new,b,1,4.164299999952277,73,53,-40,92,18,-33,28.66666667,25.66666667,3,49.23639124,51.31817958,-2.081788343,-40,-33,-7,-0.62,0.22,-0.84
3,29,female,25,new,b,1,1.059500000000014,46,39,-47,76,2,-40,12.66666667,12.66666667,0,42.28737663,47.95368136,-5.666304726,-47,-40,-7,-0.69,0.32,-1.01
3,29,female,26,new,b,1,1.6247999999523015,68,39,-23,88,15,-19,28,28,0,37.95611501,44.6392951,-6.683180086,-23,-19,-4,-0.41,0.41,-0.82
3,29,female,27,new,b,1,3.163699999809239,66,50,-48,92,14,-38,22.66666667,22.66666667,0,50.39400317,53.42492136,-3.030918188,-48,-38,-10,-0.65,0.24,-0.89
3,29,female,28,new,a,0,2.081299999952364,73,32,-52,92,3,-42,17.66666667,17.66666667,0,52.02777036,55.67963921,-3.651868845,-52,-42,-10,-0.39,0.38,-0.77
3,29,female,29,new,a,0,1.890400000095383,47,44,-9,67,8,-2,27.33333333,24.33333333,3,25.7207223,30.44484996,-4.724127658,-9,-2,-7,-0.7,0.65,-1.35
3,29,female,30,new,b,1,3.191300000190722,38,33,-50,58,27,-46,7,13,-6,40.35674252,43.59663596,-3.239893438,-50,-46,-4,-0.7,-0.45,-0.25
3,29,female,31,new,a,0,1.9413999998569125,63,60,-7,87,12,-1,38.66666667,32.66666667,6,32.31442746,38.78430381,-6.46987635,-7,-1,-6,-0.7,0.65,-1.35
3,29,female,32,new,a,0,2.047400000095365,77,47,-21,99,18,-14,34.33333333,34.33333333,0,40.99864496,47.55581516,-6.557170196,-21,-14,-7,-0.43,0.47,-0.9
3,29,female,33,new,b,1,3.267499999999984,79,41,-38,99,6,-23,27.33333333,27.33333333,0,48.73283173,52.04058245,-3.30775072,-38,-23,-15,-0.4,0.55,-0.95
3,29,female,34,new,b,1,0.7925000000000182,67,61,-10,90,14,-4,39.33333333,33.33333333,6,34.96982827,40.73764298,-5.767814715,-10,-4,-6,-0.69,0.6,-1.29
3,29,female,35,new,a,0,3.165899999856947,51,45,-78,80,11,-73,6,6,0,59.44745579,62.56196928,-3.114513488,-78,-73,-5,-0.7,-0.12,-0.58
3,29,female,36,new,b,1,2.093199999809258,88,22,-23,94,12,-19,29,29,0,45.58508528,47.67249382,-2.087408536,-23,-19,-4,0.23,0.49,-0.26
3,29,female,37,new,b,1,2.1605999999046617,57,54,-20,83,2,-3,30.33333333,27.33333333,3,35.6121078,39.4151691,-3.803061301,-20,-3,-17,-0.7,0.7,-1.4
3,29,female,38,new,a,0,3.492200000047717,76,47,-63,93,8,-59,20,14,6,59.87208587,62.19860663,-2.326520758,-63,-59,-4,-0.58,0.14,-0.72
3,29,female,39,new,a,0,2.2172999999523317,52,43,-65,75,16,-61,10,10,0,53.16013544,55.68363015,-2.52349471,-65,-61,-4,-0.69,-0.16,-0.53
3,29,female,40,new,a,0,11.15320000004766,45,44,-23,80,3,-17,22,22,0,31.82242396,41.81706191,-9.994637949,-23,-17,-6,-0.71,0.59,-1.3
3,29,female,41,new,b,1,5.579399999856946,53,51,-96,93,17,-84,2.666666667,8.666666667,-6,69.77264666,72.49980843,-2.727161767,-96,-84,-12,-0.71,-0.17,-0.54
3,29,female,42,new,a,0,5.47979999995232,61,39,-94,93,10,-88,2,5,-3,68.47383929,73.97747405,-5.503634762,-94,-88,-6,-0.65,-0.1,-0.55
3,29,female,43,new,a,0,1.5577000000477028,63,37,-54,90,4,-48,15.33333333,15.33333333,0,50.16195991,56.90537955,-6.743419642,-54,-48,-6,-0.57,0.29,-0.86
3,29,female,44,new,a,0,2.965599999904612,77,36,-47,94,14,-42,22,22,0,51.58165048,55.80919876,-4.22754828,-47,-42,-5,-0.39,0.21,-0.6
3,29,female,45,new,a,0,4.311000000000036,70,30,-62,87,8,-57,12.66666667,12.66666667,0,55.265018070000004,58.88029287,-3.615274804,-62,-57,-5,-0.44,0.12,-0.56
3,29,female,46,new,b,1,2.275499999999965,79,49,-50,98,25,-45,26,26,0,55.11805512,58.3837877,-3.265732586,-50,-45,-5,-0.55,0.03,-0.58
3,29,female,47,new,b,1,1.00620000004767,56,46,-28,85,8,-19,24.66666667,24.66666667,0,37.46405685,44.06308609,-6.599029239,-28,-19,-9,-0.67,0.51,-1.18
3,29,female,48,new,b,1,1.109899999856964,71,34,-28,85,10,-18,25.66666667,25.66666667,0,40.84387619,43.48435223,-2.64047604,-28,-18,-10,-0.3,0.49,-0.79
3,29,female,49,new,b,1,1.1469999999999914,32,20,-50,54,6,-40,0.666666667,6.666666667,-6,36.16013766,38.37823457,-2.218096913,-50,-40,-10,-0.65,0.03,-0.68
3,29,female,50,new,a,0,1.9599999999999795,63,56,-8,78,18,-3,37,31,6,31.94787421,34.3220046,-2.374130391,-8,-3,-5,-0.68,0.51,-1.19
3,29,female,51,new,b,1,1.6795000000000186,69,47,-23,96,10,-13,31,31,0,39.22584182,46.91126375,-7.685421928,-23,-13,-10,-0.54,0.58,-1.12
3,29,female,52,new,a,0,1.5579999999999927,64,53,-37,92,1,-31,26.66666667,20.66666667,6,45.24255617,52.10459566,-6.862039489,-37,-31,-6,-0.68,0.51,-1.19
3,29,female,53,new,a,0,2.296299999952282,81,22,-15,91,3,-6,29.33333333,29.33333333,0,39.53338954,43.75944343,-4.226053881,-15,-6,-9,0.27,0.68,-0.41
3,29,female,54,new,b,1,4.761300000190772,55,38,-27,78,8,-20,22,22,0,35.33647785,41.21488404,-5.878406195,-27,-20,-7,-0.59,0.47,-1.06
3,29,female,55,new,b,1,2.1963000001907176,74,47,-15,86,19,-8,35.33333333,32.33333333,3,37.25885428,39.51652256,-2.257668285,-15,-8,-7,-0.44,0.47,-0.91
3,29,female,56,new,b,1,0.9764000000953956,69,40,-28,95,8,-22,27,27,0,40.65300317,49.61854492,-8.965541751,-28,-22,-6,-0.45,0.52,-0.97
3,29,female,57,new,b,1,0.8468000001907399,64,45,-19,85,10,-5,30,30,0,35.50586806,39.37003937,-3.86417131,-19,-5,-14,-0.56,0.63,-1.19
3,29,female,58,new,b,1,1.027499999999975,48,35,-20,67,3,-7,21,21,0,29.47315162,32.78210894,-3.308957317,-20,-7,-13,-0.61,0.66,-1.27
3,29,female,59,new,a,0,2.3426000001430225,59,50,-96,98,6,-91,4.333333333,4.333333333,0,71.04145894,77.16792656,-6.126467612,-96,-91,-5,-0.7,-0.03,-0.67
3,29,female,60,new,b,1,2.741899999856912,69,68,-17,94,19,-11,40,34,6,40.30715404,44.15880433,-3.851650293,-17,-11,-6,-0.71,0.47,-1.18
3,29,female,61,new,b,1,2.442900000095392,59,44,-37,88,14,-27,22,25,-3,42.16633728,47.58851402,-5.422176736,-37,-27,-10,-0.64,0.33,-0.97
3,29,female,62,new,b,1,1.32490000009534,66,44,-27,85,4,-15,27.66666667,24.66666667,3,39.68486977,43.36152929,-3.676659515,-27,-15,-12,-0.55,0.61,-1.16
3,29,female,63,new,b,1,1.6767000000476742,65,47,-77,94,10,-69,11.66666667,11.66666667,0,63.12597634,66.55490632,-3.428929982,-77,-69,-8,-0.66,0.04,-0.7
3,29,female,64,new,b,1,1.473599999904593,64,52,-58,93,11,-46,19.33333333,19.33333333,0,54.90193277,57.05163353,-2.149700761,-58,-46,-12,-0.68,0.22,-0.9
3,29,female,65,new,b,1,0.9407000000476842,48,46,-67,77,10,-60,9,9,0,53.7463177,55.93448549,-2.188167783,-67,-60,-7,-0.71,-0.03,-0.68
3,29,female,66,new,b,1,1.1582000000477135,50,31,-44,73,9,-36,12.33333333,15.33333333,-3,40.58187882,44.723844,-4.141965177,-44,-36,-8,-0.59,0.21,-0.8
3,29,female,67,new,a,0,1.676499999999976,37,25,-44,56,2,-40,6,6,0,35.6931366,39.29376541,-3.600628814,-44,-40,-4,-0.65,0.15,-0.8
3,29,female,68,new,a,0,1.7417000000477287,83,49,-12,97,11,-6,40,34,6,39.3022476,45.08510471,-5.782857106,-12,-6,-6,-0.33,0.63,-0.96
3,29,female,69,new,a,0,2.6260999999046817,69,44,-23,81,8,-17,30,24,6,38.8415585,41.57723736,-2.735678863,-23,-17,-6,-0.49,0.52,-1.01
3,29,female,70,new,a,0,2.7766000001430484,44,39,-75,72,4,-68,2.666666667,2.666666667,0,54.95654849,57.16253629,-2.205987801,-75,-68,-7,-0.7,-0.03,-0.67
3,29,female,71,new,a,0,2.0252000000476755,68,40,-24,83,5,-13,28,25,3,38.50541088,41.66533331,-3.159922437,-24,-13,-11,-0.44,0.61,-1.05
3,29,female,72,new,b,1,3.4956999998092897,53,44,-12,76,17,-8,28.33333333,28.33333333,0,28.75567577,35.21678893,-6.461113157,-12,-8,-4,-0.66,0.45,-1.11
3,29,female,73,new,b,1,0.790899999856947,64,41,-14,77,10,-5,30.33333333,27.33333333,3,32.72443871,35.64952859,-2.925089883,-14,-5,-9,-0.45,0.61,-1.06
3,29,female,74,new,b,1,8.648299999952314,73,48,-72,98,34,-65,16.33333333,22.33333333,-6,63.28945849,67.05387552,-3.764417033,-72,-65,-7,-0.63,-0.26,-0.37
3,29,female,75,new,b,1,1.8748999998568932,76,21,-90,94,13,-82,2.333333333,8.333333333,-6,69.04265992,71.92743257,-2.884772646,-90,-82,-8,-0.39,-0.1,-0.29
3,29,female,76,new,b,1,0.9405999999046344,41,32,-42,64,5,-38,10.33333333,10.33333333,0,37.18721405,41.81174742,-4.624533368,-42,-38,-4,-0.68,0.19,-0.87
3,29,female,77,new,b,1,1.0105999999045707,47,30,-26,67,16,-14,17,23,-6,31.18760438,33.43650699,-2.248902619,-26,-14,-12,-0.55,0.3,-0.85
3,29,female,78,new,a,0,1.5748000001907485,54,23,-50,70,3,-46,9,9,0,43.59663596,47.5464685,-3.949832543,-50,-46,-4,-0.45,0.19,-0.64
3,29,female,79,new,a,0,2.063299999952392,52,45,-43,79,10,-35,18,18,0,43.2280773,46.88283268,-3.654755383,-43,-35,-8,-0.69,0.25,-0.94
3,29,female,80,new,b,1,3.061699999809207,71,31,-47,94,2,-32,18.33333333,21.33333333,-3,48.9988662,53.22488975,-4.22602355,-47,-32,-15,-0.37,0.5,-0.87
3,29,female,81,new,b,1,1.0579999999999927,49,34,-14,65,1,-6,23,20,3,26.87005769,31.94787421,-5.077816527,-14,-6,-8,-0.55,0.68,-1.23
3,29,female,82,new,b,1,6.115099999904601,76,46,-41,95,20,-34,27,27,0,49.61854492,52.89612462,-3.277579702,-41,-34,-7,-0.52,0.2,-0.72
3,29,female,83,new,b,1,1.0317000000477492,90,21,-34,99,7,-29,25.66666667,25.66666667,0,50.73022329,53.89702115,-3.166797855,-34,-29,-5,0.14,0.48,-0.34
3,29,female,84,new,b,1,0.8742000000477219,52,40,-57,82,4,-42,11.66666667,14.66666667,-3,48.80118396,51.18159391,-2.380409957,-57,-42,-15,-0.68,0.3,-0.98
3,29,female,85,new,b,1,0.792100000143023,57,37,-63,90,9,-59,10.33333333,13.33333333,-3,52.49338583,60.90612084,-8.412735011,-63,-59,-4,-0.63,0.11,-0.74
3,29,female,86,new,b,1,1.2242000000477449,50,46,-84,74,36,-80,4,10,-6,62.24682053,65.50318058,-3.25636005,-84,-80,-4,-0.7,-0.53,-0.17
3,29,female,87,new,b,1,0.7402000000475937,69,37,-33,94,9,-21,24.33333333,27.33333333,-3,42.59368759,48.70546399,-6.111776401,-33,-21,-12,-0.42,0.51,-0.93
3,29,female,88,new,b,1,1.4761000001431055,55,16,-30,64,2,-25,13.66666667,13.66666667,0,34.7403064,37.25885428,-2.518547878,-30,-25,-5,-0.1,0.44,-0.54
3,29,female,89,new,b,1,0.4900999999047144,75,40,-15,94,14,-8,33.33333333,33.33333333,0,37.04351795,43.82794644,-6.784428486,-15,-8,-7,-0.26,0.58,-0.84
3,29,female,90,new,b,1,0.8754999999999882,38,34,-15,62,2,-7,19,19,0,24.0970261,30.62678566,-6.529759566,-15,-7,-8,-0.69,0.66,-1.35
3,29,female,91,new,b,1,1.1080999999046526,66,16,-25,85,5,-15,19,25,-6,37.21110945,43.20493799,-5.993828537,-25,-15,-10,0.12,0.6,-0.48
3,29,female,92,new,b,1,1.725300000190714,55,44,-34,91,3,-29,21.66666667,21.66666667,0,39.61761673,50.73679357,-11.11917684,-34,-29,-5,-0.67,0.5,-1.17
3,29,female,93,new,b,1,0.9913999998569808,58,47,-74,97,2,-68,10.33333333,10.33333333,0,59.80152358,67.61820925,-7.816685673,-74,-68,-6,-0.69,0.18,-0.87
3,29,female,94,new,b,1,0.7404000000954056,66,42,-35,90,1,-18,24.33333333,24.33333333,0,43.08389748,47.07676945,-3.992871972,-35,-18,-17,-0.55,0.62,-1.17
3,29,female,95,new,b,1,1.4749000000953174,60,24,-63,84,3,-57,7,10,-3,51.63332257,57.7754273,-6.142104729,-63,-57,-6,-0.46,0.18,-0.64
3,29,female,96,new,a,0,2.5592999999523727,45,18,-24,62,5,-19,13,16,-3,28.39013913,33.9705755,-5.58043637,-24,-19,-5,-0.26,0.45,-0.71
3,29,female,97,new,a,0,2.158899999856999,64,55,-60,94,8,-52,19.66666667,16.66666667,3,56.4525366,59.91846312,-3.465926514,-60,-52,-8,-0.69,0.21,-0.9
3,29,female,98,new,a,0,1.7980000000000018,63,26,-14,81,1,-7,25,25,0,31.44307025,39.73243847,-8.28936822,-14,-7,-7,-0.05,0.69,-0.74
3,29,female,99,new,a,0,1.5915999999047017,30,23,-7,44,5,-3,15.33333333,15.33333333,0,16.04853749,20.53181813,-4.483280636,-7,-3,-4,-0.61,0.63,-1.24
3,29,female,100,new,a,0,3.660900000095353,54,46,-53,77,18,-48,15.66666667,15.66666667,0,48.66438351,51.05770156,-2.393318055,-53,-48,-5,-0.69,-0.07,-0.62
3,29,female,101,old,b,1,1.7595000000000027,63,24,-59,39,36,-47,9.333333333,9.333333333,0,50.87457344,39.85250585,11.02206759,-59,-47,-12,-0.41,-0.7,0.29
3,29,female,102,old,b,1,0.5277999999523217,96,27,-44,64,55,-40,26.33333333,26.33333333,0,57.15670467,47.0484384,10.10826627,-44,-40,-4,-0.02,-0.69,0.67
3,29,female,103,old,b,1,0.6731999998092988,64,37,-54,65,7,-43,15.66666667,9.666666667,6,50.479919,44.13111777,6.348801231,-54,-43,-11,-0.56,0.09,-0.65
3,29,female,104,old,b,1,0.8090999999045607,81,17,-68,69,21,-51,10,13,-3,61.03004724,49.31531202,11.71473522,-68,-51,-17,-0.17,-0.24,0.07
3,29,female,105,old,b,1,0.7614000000953638,73,16,-47,50,33,-41,14,14,0,49.01020302,39.50527391,9.50492911,-47,-41,-6,-0.06,-0.61,0.55
3,29,female,106,old,b,1,0.6492999999524045,77,36,-10,56,52,-5,34.33333333,34.33333333,0,35.53714801,27.86076493,7.676383088,-10,-5,-5,-0.07,-0.7,0.63
3,29,female,107,old,b,1,0.5126000001430384,53,43,-8,49,31,-1,29.33333333,26.33333333,3,26.71246068,20.67741656,6.035044121,-8,-1,-7,-0.63,-0.33,-0.3
3,29,female,108,old,b,1,0.7572999999523518,57,18,-72,61,10,-59,1,4,-3,54.01851534,49.17316341,4.845351932,-72,-59,-13,-0.44,-0.18,-0.26
3,29,female,109,old,b,1,1.413300000190702,75,27,-60,59,34,-51,14,14,0,55.87486018,47.08148964,8.793370539,-60,-51,-9,-0.34,-0.56,0.22
3,29,female,110,old,b,1,1.4372999999523015,36,7,-38,19,18,-32,1.666666667,1.666666667,0,30.44484996,23.80942857,6.635421386,-38,-32,-6,-0.26,-0.71,0.45
3,29,female,111,old,a,0,0.7242999999523363,94,19,-17,81,8,-2,32,29,3,46.23851209,36.99549522,9.243016866,-17,-2,-15,0.4,0.67,-0.27
3,29,female,112,old,b,1,0.92450000000008,72,17,-27,51,31,-20,20.66666667,20.66666667,0,40.49965706,29.89239963,10.60725743,-27,-20,-7,0.14,-0.48,0.62
3,29,female,113,old,a,0,0.7415000000000873,88,21,-90,58,41,-80,6.333333333,6.333333333,0,73.40451091,61.44012442,11.96438649,-90,-80,-10,-0.29,-0.67,0.38
3,29,female,114,old,b,1,1.4612999999523026,87,73,-46,79,78,-34,38,41,-3,59.67132198,53.03457991,6.636742064,-46,-34,-12,-0.68,-0.71,0.03
3,29,female,115,old,a,0,0.7236999998092415,60,35,-20,63,33,-12,25,28,-3,33.41656276,30.82207001,2.594492745,-20,-12,-8,-0.42,-0.24,-0.18
3,29,female,116,old,b,1,1.6078999998569543,60,14,-23,64,12,-7,17,23,-6,33.950945,30.01110905,3.93983595,-23,-7,-16,0.13,0.5,-0.37
3,29,female,117,old,b,1,4.579099999904656,74,55,-56,64,61,-52,24.33333333,24.33333333,0,57.33139532,53.98971095,3.341684362,-56,-52,-4,-0.65,-0.71,0.06
3,29,female,118,old,b,1,4.144600000142987,83,34,-85,62,50,-80,10.66666667,10.66666667,0,70.54234347,64.29791771,6.244425757,-85,-80,-5,-0.46,-0.69,0.23
3,29,female,119,old,b,1,0.9662000000477065,96,7,-31,90,8,-26,24,24,0,53.22280213,48.68949236,4.533309767,-31,-26,-5,0.45,0.46,-0.01
3,29,female,120,old,b,1,0.5468000001907285,58,32,-27,41,25,-21,21,15,6,35.56215217,26.28053779,9.281614373,-27,-21,-6,-0.43,-0.52,0.09
3,29,female,121,old,b,1,0.5228999998569179,80,41,-11,67,46,-3,36.66666667,36.66666667,0,37.27674282,29.32954521,7.947197614,-11,-3,-8,-0.17,-0.45,0.28
3,29,female,122,old,b,1,1.3080999999045844,50,11,-57,35,13,-44,1.333333333,1.333333333,0,44.21412545,33.289971799999996,10.92415365,-57,-44,-13,-0.32,-0.48,0.16
3,29,female,123,old,b,1,1.6921999998093042,87,30,-64,70,56,-55,17.66666667,23.66666667,-6,62.25931434,55.91859162,6.34072272,-64,-55,-9,-0.29,-0.67,0.38
3,29,female,124,old,b,1,0.5765999999046016,94,58,-17,96,40,-1,45,45,0,46.23851209,39.75759885,6.480913232,-17,-1,-16,-0.4,0.19,-0.59
3,29,female,125,old,b,1,1.073299999952269,75,73,-48,83,65,-30,33.33333333,39.33333333,-6,57.5171472,49.57373857,7.943408634,-48,-30,-18,-0.71,-0.64,-0.07
3,29,female,126,old,b,1,1.0245999999045807,77,41,-37,76,27,-22,27,27,0,47.58150901,40.00833247,7.573176548,-37,-22,-15,-0.42,0,-0.42
3,29,female,127,old,b,1,0.7785000000000082,89,74,-13,90,55,-4,50,47,3,44.96665431,38.79003308,6.176621228,-13,-4,-9,-0.65,-0.3,-0.35
3,29,female,128,old,b,1,1.1872999999523015,96,33,-14,80,42,-7,38.33333333,38.33333333,0,45.0653846,35.6121078,9.453276793,-14,-7,-7,0.18,-0.15,0.33
3,29,female,129,old,b,1,0.8137000000476746,99,15,-82,88,18,-74,10.66666667,10.66666667,0,73.95644364,66.33919572,7.617247917,-82,-74,-8,-0.09,-0.16,0.07
3,29,female,130,old,b,1,1.5755999999046253,72,21,-90,54,35,-86,1,1,0,67.63135368,62.00537611,5.625977565,-90,-86,-4,-0.42,-0.66,0.24
3,29,female,131,old,b,1,0.623900000095432,76,36,-11,65,40,-4,33.66666667,33.66666667,0,35.55590278,28.52289529,7.033007489,-11,-4,-7,-0.1,-0.32,0.22
3,29,female,132,old,b,1,0.8362999999523026,90,42,-24,83,22,-6,36,33,3,46.73328578,37.15732319,9.575962592,-24,-6,-18,-0.19,0.42,-0.61
3,29,female,133,old,b,1,0.95799999999997,89,61,-86,90,63,-71,21.33333333,27.33333333,-6,76.75212628,70.40044192,6.351684365,-86,-71,-15,-0.64,-0.63,-0.01
3,29,female,134,old,b,1,1.023399999856906,83,39,-20,88,37,-5,34,40,-6,42.19794624,38.02630668,4.171639554,-20,-5,-15,-0.18,0.12,-0.3
3,29,female,135,old,b,1,0.9227999999523036,51,40,-31,42,41,-23,20,20,0,36.34097779,30.40833219,5.932645598,-31,-23,-8,-0.66,-0.71,0.05
3,29,female,136,old,b,1,1.4931000001430448,74,10,-57,50,28,-51,9,9,0,53.48520045,43.36665386,10.11854659,-57,-51,-6,-0.03,-0.57,0.54
3,29,female,137,old,b,1,0.6932000000476819,62,55,-47,57,37,-42,23.33333333,17.33333333,6,49.8152141,42.74212078,7.073093316,-47,-42,-5,-0.7,-0.59,-0.11
3,29,female,138,old,b,1,0.6127999999523581,73,41,-12,65,47,-1,34,37,-3,35.05234181,27.85677655,7.19556526,-12,-1,-11,-0.29,-0.49,0.2
3,29,female,139,old,b,1,1.058999999999969,67,46,-21,65,36,-9,30.66666667,30.66666667,0,37.52628708,30.44484996,7.081437126,-21,-9,-12,-0.54,-0.26,-0.28
3,29,female,140,old,b,1,0.977700000047662,39,5,-20,23,9,-8,8,8,0,24.17988144,12.67543556,11.50444588,-20,-8,-12,0.18,-0.12,0.3
3,29,female,141,old,b,1,1.0914999999999964,81,41,-34,61,54,-27,29.33333333,29.33333333,0,47.66783215,39.93606001,7.731772147,-34,-27,-7,-0.35,-0.69,0.34
3,29,female,142,old,b,1,1.425700000047641,78,23,-44,60,33,-36,19,19,0,49.88653793,40.42276586,9.463772067,-44,-36,-8,-0.12,-0.48,0.36
3,29,female,143,old,b,1,1.003199999809226,70,22,-42,58,18,-26,16.66666667,16.66666667,0,45.87906809,34.30581421,11.57325388,-42,-26,-16,-0.17,-0.06,-0.11
3,29,female,144,old,b,1,1.3748999998568934,86,27,-87,69,30,-73,8.666666667,8.666666667,0,71.80683966,59.90177144,11.90506822,-87,-73,-14,-0.37,-0.49,0.12
3,29,female,145,old,b,1,2.358900000095332,83,41,-57,84,47,-46,22.33333333,28.33333333,-6,58.65909042,54.68901982,3.9700706,-57,-46,-11,-0.45,-0.47,0.02
3,29,female,146,old,b,1,1.0593999998568506,88,18,-15,83,9,-1,30.33333333,30.33333333,0,42.94440851,37.46405685,5.480351661,-15,-1,-14,0.41,0.67,-0.26
3,29,female,147,old,b,1,0.7239000000953411,83,77,-23,99,33,-4,45.66666667,42.66666667,3,48.61641241,42.60151275,6.014899656,-23,-4,-19,-0.7,0.33,-1.03
3,29,female,148,old,b,1,0.7974000000953083,96,80,-56,99,42,-39,40,34,6,68.19579655,56.62155067,11.57424588,-56,-39,-17,-0.68,-0.21,-0.47
3,29,female,149,old,a,0,0.9909999999999854,56,51,-81,67,14,-73,8.666666667,2.666666667,6,63.43675766,57.71385353,5.722904132,-81,-73,-8,-0.7,-0.29,-0.41
3,29,female,150,old,b,1,3.627500000000055,78,38,-68,84,24,-51,16,19,-3,61.60086579,55.22680509,6.374060709,-68,-51,-17,-0.49,-0.14,-0.35
3,29,female,151,old,b,1,1.5995999999046262,92,42,-56,66,60,-48,26,26,0,61.47086031,52.38320341,9.08765689,-56,-48,-8,-0.37,-0.7,0.33
3,29,female,152,old,b,1,0.5287999999522981,98,82,-10,87,77,-3,56.66666667,53.66666667,3,47.59084879,40.27681991,7.314028882,-10,-3,-7,-0.65,-0.67,0.02
3,29,female,153,old,b,1,0.8312999999523072,74,59,-14,72,54,-7,39.66666667,39.66666667,0,38.43898484,33.80663972,4.632345124,-14,-7,-7,-0.63,-0.56,-0.07
3,29,female,154,old,b,1,1.3107999999523372,82,35,-17,58,49,-7,33.33333333,33.33333333,0,40.43375927,28.75567577,11.6780835,-17,-7,-10,-0.06,-0.66,0.6
3,29,female,155,old,b,1,0.7146000001430366,96,32,-13,92,15,-1,38.33333333,35.33333333,3,44.723844,40.59830319,4.125540807,-13,-1,-12,0.21,0.63,-0.42
3,29,female,156,old,b,1,0.9984000000954438,76,15,-33,63,23,-28,19.33333333,19.33333333,0,44.60443426,37.24095714,7.363477116,-33,-28,-5,0.14,-0.15,0.29
3,29,female,157,old,b,1,1.0254999999999654,94,36,-54,66,41,-49,25.33333333,19.33333333,6,60.88969991,49.38510797,11.50459195,-54,-49,-5,-0.26,-0.57,0.31
3,29,female,158,old,b,1,0.8762000000476746,78,21,-82,61,26,-70,5.666666667,5.666666667,0,66.21345952,55.37949881,10.83396071,-82,-70,-12,-0.33,-0.5,0.17
3,29,female,159,old,b,1,0.8118000001907149,84,58,-66,68,60,-52,25.33333333,25.33333333,0,65.44887742,54.78036956,10.66850786,-66,-52,-14,-0.62,-0.7,0.08
3,29,female,160,old,b,1,1.0425999999046098,74,64,-60,72,67,-43,26,32,-6,60.94806532,53.07227776,7.875787563,-60,-43,-17,-0.69,-0.7,0.01
3,29,female,161,old,b,1,0.7594000000954111,89,46,-19,85,23,-1,38.66666667,35.66666667,3,44.39469438,36.23380864,8.160885733,-19,-1,-18,-0.24,0.48,-0.72
3,29,female,162,old,b,1,1.8122999999523015,92,82,-79,91,65,-61,31.66666667,31.66666667,0,78.35957007,66.379381,11.98018907,-79,-61,-18,-0.7,-0.63,-0.07
3,29,female,163,old,b,1,1.0929000000953693,75,28,-55,47,46,-45,16,16,0,53.7463177,43.13544559,10.61087211,-55,-45,-10,-0.32,-0.71,0.39
3,29,female,164,old,b,1,1.8255000000000337,98,57,-67,91,49,-52,29.33333333,29.33333333,0,70.14429572,60.01296156,10.13133416,-67,-52,-15,-0.53,-0.46,-0.07
3,29,female,165,old,b,1,0.9643000001907468,67,46,-24,68,38,-17,29.66666667,29.66666667,0,38.90444133,35.19785347,3.706587865,-24,-17,-7,-0.56,-0.34,-0.22
3,29,female,166,old,b,1,1.2947999999523745,77,55,-64,66,50,-48,22.66666667,22.66666667,0,61.93724423,50.39400317,11.54324105,-64,-48,-16,-0.64,-0.65,0.01
3,29,female,167,old,b,1,0.9095999999045716,78,66,-11,64,61,-1,44.33333333,41.33333333,3,39.43207944,29.95923156,9.472847881,-11,-1,-10,-0.66,-0.7,0.04
3,29,female,168,old,b,1,0.9594999999999344,70,13,-28,63,8,-16,18.33333333,18.33333333,0,40.18568015,33.06895153,7.116728613,-28,-16,-12,0.2,0.44,-0.24
3,29,female,169,old,b,1,0.7739000000954093,67,50,-25,66,32,-6,30.66666667,30.66666667,0,39.96943276,29.40899333,10.56043943,-25,-6,-19,-0.61,-0.07,-0.54
3,29,female,170,old,b,1,1.3837000000477246,91,17,-48,90,12,-33,20,23,-3,56.78614855,50.81338406,5.972764482,-48,-33,-15,0.08,0.31,-0.23
3,29,female,171,old,b,1,1.0594000000953656,95,25,-45,69,46,-40,25,25,0,57.15476066,46.91126375,10.24349691,-45,-40,-5,0,-0.58,0.58
3,29,female,172,old,b,1,1.3424999999999727,37,20,-43,33,26,-36,4.666666667,7.666666667,-3,34.41253002,31.00895928,3.403570739,-43,-36,-7,-0.58,-0.68,0.1
3,29,female,173,old,b,1,0.7923000001907212,78,60,-46,63,61,-32,30.66666667,30.66666667,0,54.70730197,44.31954673,10.38775524,-46,-32,-14,-0.65,-0.71,0.06
3,29,female,174,old,a,0,0.5087000000477246,93,92,-16,86,78,-4,56.33333333,53.33333333,3,51.14901976,40.67213078,10.47688898,-16,-4,-12,-0.71,-0.69,-0.02
3,29,female,175,old,b,1,0.9429999999999836,62,22,-65,45,27,-53,6.333333333,6.333333333,0,53.01781671,42.59368759,10.42412913,-65,-53,-12,-0.42,-0.61,0.19
3,29,female,176,old,b,1,0.6282000000476273,85,73,-22,97,49,-10,45.33333333,45.33333333,0,47.86323107,43.75944343,4.103787649,-22,-10,-12,-0.67,-0.13,-0.54
3,29,female,177,old,b,1,1.2945999999046762,62,43,-30,52,48,-25,25,25,0,39.65686153,35.39303133,4.263830204,-30,-25,-5,-0.59,-0.7,0.11
3,29,female,178,old,b,1,1.136799999952359,83,69,-20,73,72,-13,44,44,0,45.61432524,40.30715404,5.307171197,-20,-13,-7,-0.66,-0.71,0.05
3,29,female,179,old,b,1,1.3098999998569525,55,29,-25,52,42,-17,19.66666667,25.66666667,-6,33.31999733,30.44484996,2.875147376,-25,-17,-8,-0.4,-0.65,0.25
3,29,female,180,old,b,1,0.9095000000000936,91,6,-27,80,2,-12,23.33333333,23.33333333,0,49.70803646,40.47495796,9.233078497,-27,-12,-15,0.48,0.64,-0.16
3,29,female,181,old,b,1,1.126900000095361,87,70,-27,80,50,-18,43.33333333,37.33333333,6,50.21509291,40.99864496,9.216447942,-27,-18,-9,-0.65,-0.43,-0.22
3,29,female,182,old,b,1,0.6822999999523063,90,63,-64,89,40,-58,29.66666667,23.66666667,6,67.14329618,61.11373732,6.029558865,-64,-58,-6,-0.62,-0.38,-0.24
3,29,female,183,old,b,1,1.008400000095321,76,15,-21,57,42,-11,23.33333333,29.33333333,-6,40.03609483,29.16999981,10.86609502,-21,-11,-10,0.3,-0.57,0.87
3,29,female,184,old,a,0,3.0957000000477137,58,9,-18,53,10,-14,16.33333333,16.33333333,0,31.45720197,27.71682201,3.740379958,-18,-14,-4,0.34,0.33,0.01
3,29,female,185,old,b,1,1.7936000001429877,82,60,-65,69,63,-55,25.66666667,25.66666667,0,64.73707507,57.09251751,7.644557563,-65,-55,-10,-0.65,-0.7,0.05
3,29,female,186,old,b,1,0.9821000001430776,91,61,-33,66,59,-24,39.66666667,33.66666667,6,52.82255411,40.87650779,11.94604632,-33,-24,-9,-0.54,-0.69,0.15
3,29,female,187,old,b,1,1.2420999999045534,65,54,-91,69,19,-78,9.333333333,3.333333333,6,71.08836442,61.02640594,10.06195848,-91,-78,-13,-0.69,-0.37,-0.32
3,29,female,188,old,b,1,1.27829999995231,89,20,-61,76,18,-46,16,16,0,61.3025285,49.82636518,11.47616332,-61,-46,-15,-0.1,-0.06,-0.04
3,29,female,189,old,b,1,0.8824999999999363,85,53,-67,66,63,-58,23.66666667,23.66666667,0,65.42850211,57.76004001,7.668462102,-67,-58,-9,-0.58,-0.71,0.13
3,29,female,190,old,b,1,1.1760999999046362,36,21,-30,39,17,-20,9,12,-3,28.24889378,24.34474618,3.904147602,-30,-20,-10,-0.56,-0.3,-0.26
3,29,female,191,old,b,1,1.1779999999999973,99,34,-24,83,38,-12,36.33333333,36.33333333,0,50.24163833,38.80148909,11.44014924,-24,-12,-12,0.07,-0.06,0.13
3,29,female,192,old,b,1,1.7427000000476482,96,4,-46,81,12,-39,18,18,0,58.81042991,49.17316341,9.637266501,-46,-39,-7,0.34,0.18,0.16
3,29,female,193,old,b,1,1.20929999995235,92,37,-21,95,22,-9,36,36,0,46.13747573,43.59663596,2.540839773,-21,-9,-12,-0.03,0.45,-0.48
3,29,female,194,old,b,1,0.9095999999046852,77,47,-55,89,39,-41,23,29,-6,56.49778757,53.54126135,2.95652622,-55,-41,-14,-0.56,-0.27,-0.29
3,29,female,195,old,b,1,0.7665999999046562,84,75,-47,83,60,-31,37.33333333,37.33333333,0,59.74575764,49.22284926,10.52290838,-47,-31,-16,-0.7,-0.59,-0.11
3,29,female,196,old,b,1,1.1944000000953563,64,24,-48,52,23,-35,13.33333333,13.33333333,0,46.34172586,36.16935474,10.17237112,-48,-35,-13,-0.33,-0.38,0.05
3,29,female,197,old,b,1,0.8594000000953201,90,28,-61,83,25,-51,19,19,0,61.97311245,54.86954225,7.1035702,-61,-51,-10,-0.21,-0.16,-0.05
3,29,female,198,old,b,1,1.9772999999522651,94,31,-45,90,39,-40,26.66666667,29.66666667,-3,56.82917873,53.48104545,3.348133286,-45,-40,-5,-0.11,-0.26,0.15
3,29,female,199,old,b,1,1.0085000000000264,88,66,-26,87,52,-11,42.66666667,42.66666667,0,49.37835783,40.54901013,8.829347706,-26,-11,-15,-0.6,-0.33,-0.27
3,29,female,200,old,a,0,0.758400000095321,83,77,-71,76,70,-57,29.66666667,29.66666667,0,71.22421561,61.33152171,9.892693895,-71,-57,-14,-0.7,-0.7,0
4,27,female,1,new,a,0,13.093299999952308,74,38,-25,94,11,-18,29,29,0,40.91454509,47.46226571,-6.547720623,-25,-18,-7,-0.32,0.51,-0.83
4,27,female,2,new,b,1,10.0407999999523,63,47,-15,89,7,-1,31.66666667,31.66666667,0,33.63860216,40.67213078,-7.033528616,-15,-1,-14,-0.59,0.69,-1.28
4,27,female,3,new,b,1,6.095600000023865,64,41,-14,77,10,-5,30.33333333,27.33333333,3,32.72443871,35.64952859,-2.925089883,-14,-5,-9,-0.45,0.61,-1.06
4,27,female,4,new,b,1,5.7382999999522895,73,48,-72,98,34,-65,16.33333333,22.33333333,-6,63.28945849,67.05387552,-3.764417033,-72,-65,-7,-0.63,-0.26,-0.37
4,27,female,5,new,a,0,7.227100000023881,64,55,-60,94,8,-52,19.66666667,16.66666667,3,56.4525366,59.91846312,-3.465926514,-60,-52,-8,-0.69,0.21,-0.9
4,27,female,6,new,a,0,23.69319999992848,88,22,-23,94,12,-19,29,29,0,45.58508528,47.67249382,-2.087408536,-23,-19,-4,0.23,0.49,-0.26
4,27,female,7,new,a,0,15.656999999999982,61,39,-94,93,10,-88,2,5,-3,68.47383929,73.97747405,-5.503634762,-94,-88,-6,-0.65,-0.1,-0.55
4,27,female,8,new,a,0,11.059600000023806,32,20,-50,54,6,-40,0.666666667,6.666666667,-6,36.16013766,38.37823457,-2.218096913,-50,-40,-10,-0.65,0.03,-0.68
4,27,female,9,new,a,0,14.871100000023889,53,44,-12,76,17,-8,28.33333333,28.33333333,0,28.75567577,35.21678893,-6.461113157,-12,-8,-4,-0.66,0.45,-1.11
4,27,female,10,new,a,0,10.127600000023849,69,47,-23,96,10,-13,31,31,0,39.22584182,46.91126375,-7.685421928,-23,-13,-10,-0.54,0.58,-1.12
4,27,female,11,new,b,1,13.488400000095396,66,16,-25,85,5,-15,19,25,-6,37.21110945,43.20493799,-5.993828537,-25,-15,-10,0.12,0.6,-0.48
4,27,female,12,new,b,1,3.788700000047698,66,44,-27,85,4,-15,27.66666667,24.66666667,3,39.68486977,43.36152929,-3.676659515,-27,-15,-12,-0.55,0.61,-1.16
4,27,female,13,new,b,1,4.257399999976144,75,40,-15,94,14,-8,33.33333333,33.33333333,0,37.04351795,43.82794644,-6.784428486,-15,-8,-7,-0.26,0.58,-0.84
4,27,female,14,new,b,1,3.6657999999522985,57,54,-20,83,2,-3,30.33333333,27.33333333,3,35.6121078,39.4151691,-3.803061301,-20,-3,-17,-0.7,0.7,-1.4
4,27,female,15,new,a,0,7.6257000000476864,68,19,-54,79,4,-50,11,11,0,50.12650663,52.89612462,-2.769617994,-54,-50,-4,-0.24,0.2,-0.44
4,27,female,16,new,a,0,8.060800000071538,73,32,-52,92,3,-42,17.66666667,17.66666667,0,52.02777036,55.67963921,-3.651868845,-52,-42,-10,-0.39,0.38,-0.77
4,27,female,17,new,a,0,11.823600000023871,58,47,-74,97,2,-68,10.33333333,10.33333333,0,59.80152358,67.61820925,-7.816685673,-74,-68,-6,-0.69,0.18,-0.87
4,27,female,18,new,b,1,4.402999999999963,47,30,-26,67,16,-14,17,23,-6,31.18760438,33.43650699,-2.248902619,-26,-14,-12,-0.55,0.3,-0.85
4,27,female,19,new,b,1,9.009799999952293,76,46,-41,95,20,-34,27,27,0,49.61854492,52.89612462,-3.277579702,-41,-34,-7,-0.52,0.2,-0.72
4,27,female,20,new,a,0,6.879000000000019,84,36,-9,88,6,-1,37,31,6,37.97367509,40.40627014,-2.432595048,-9,-1,-8,0.04,0.69,-0.65
4,27,female,21,new,b,1,10.94760000002384,66,50,-48,92,14,-38,22.66666667,22.66666667,0,50.39400317,53.42492136,-3.030918188,-48,-38,-10,-0.65,0.24,-0.89
4,27,female,22,new,a,0,5.365799999952344,59,50,-96,98,6,-91,4.333333333,4.333333333,0,71.04145894,77.16792656,-6.126467612,-96,-91,-5,-0.7,-0.03,-0.67
4,27,female,23,new,b,1,15.9472000000477,69,48,-66,95,23,-58,17,20,-3,59.31273051,62.49799997,-3.185269463,-66,-58,-8,-0.64,-0.07,-0.57
4,27,female,24,new,b,1,4.339699999928484,64,45,-19,85,10,-5,30,30,0,35.50586806,39.37003937,-3.86417131,-19,-5,-14,-0.56,0.63,-1.19
4,27,female,25,new,b,1,2.709500000000048,56,54,-15,82,21,-8,31.66666667,31.66666667,0,33.00841644,37.50851755,-4.500101116,-15,-8,-7,-0.71,0.4,-1.11
4,27,female,26,new,a,0,6.975600000023803,45,44,-23,80,3,-17,22,22,0,31.82242396,41.81706191,-9.994637949,-23,-17,-6,-0.71,0.59,-1.3
4,27,female,27,new,b,1,5.230599999904712,79,41,-38,99,6,-23,27.33333333,27.33333333,0,48.73283173,52.04058245,-3.30775072,-38,-23,-15,-0.4,0.55,-0.95
4,27,female,28,new,b,1,10.831300000071453,63,26,-14,81,1,-7,25,25,0,31.44307025,39.73243847,-8.28936822,-14,-7,-7,-0.05,0.69,-0.74
4,27,female,29,new,a,0,7.037500000000023,56,46,-28,85,8,-19,24.66666667,24.66666667,0,37.46405685,44.06308609,-6.599029239,-28,-19,-9,-0.67,0.51,-1.18
4,27,female,30,new,b,1,6.25,49,34,-14,65,1,-6,23,20,3,26.87005769,31.94787421,-5.077816527,-14,-6,-8,-0.55,0.68,-1.23
4,27,female,31,new,b,1,6.858100000023796,38,33,-50,58,27,-46,7,13,-6,40.35674252,43.59663596,-3.239893438,-50,-46,-4,-0.7,-0.45,-0.25
4,27,female,32,new,b,1,7.319099999904665,59,44,-37,88,14,-27,22,25,-3,42.16633728,47.58851402,-5.422176736,-37,-27,-10,-0.64,0.33,-0.97
4,27,female,33,new,b,1,5.861399999976129,65,47,-77,94,10,-69,11.66666667,11.66666667,0,63.12597634,66.55490632,-3.428929982,-77,-69,-8,-0.66,0.04,-0.7
4,27,female,34,new,b,1,9.752800000071602,85,30,-10,93,17,-5,35,35,0,38.94440482,41.98412398,-3.039719165,-10,-5,-5,0.19,0.56,-0.37
4,27,female,35,new,b,1,7.534699999928421,50,46,-84,74,36,-80,4,10,-6,62.24682053,65.50318058,-3.25636005,-84,-80,-4,-0.7,-0.53,-0.17
4,27,female,36,new,b,1,10.376799999952368,60,24,-63,84,3,-57,7,10,-3,51.63332257,57.7754273,-6.142104729,-63,-57,-6,-0.46,0.18,-0.64
4,27,female,37,new,a,0,14.00840000009532,69,44,-23,81,8,-17,30,24,6,38.8415585,41.57723736,-2.735678863,-23,-17,-6,-0.49,0.52,-1.01
4,27,female,38,new,b,1,6.1196000000238655,73,38,-33,97,1,-20,26,26,0,44.09837488,50.93132631,-6.832951437,-33,-20,-13,-0.39,0.62,-1.01
4,27,female,39,new,b,1,4.288899999976252,71,34,-28,85,10,-18,25.66666667,25.66666667,0,40.84387619,43.48435223,-2.64047604,-28,-18,-10,-0.3,0.49,-0.79
4,27,female,40,new,a,0,10.55929999995226,61,45,-48,87,13,-42,19.33333333,19.33333333,0,48.05783553,52.85409687,-4.796261339,-48,-42,-6,-0.65,0.18,-0.83
4,27,female,41,new,b,1,5.0682999999522735,60,39,-81,87,8,-77,6,6,0,62.11280061,66.96765388,-4.8548532700000004,-81,-77,-4,-0.65,-0.04,-0.61
4,27,female,42,new,b,1,4.067199999928448,55,38,-27,78,8,-20,22,22,0,35.33647785,41.21488404,-5.878406195,-27,-20,-7,-0.59,0.47,-1.06
4,27,female,43,new,a,0,5.21420000004764,45,18,-24,62,5,-19,13,16,-3,28.39013913,33.9705755,-5.58043637,-24,-19,-5,-0.26,0.45,-0.71
4,27,female,44,new,b,1,15.741200000047684,64,41,-26,87,14,-22,26.33333333,26.33333333,0,38.17794593,45.34558658,-7.167640648,-26,-22,-4,-0.52,0.39,-0.91
4,27,female,45,new,b,1,97.37389999997616,81,22,-15,91,3,-6,29.33333333,29.33333333,0,39.53338954,43.75944343,-4.226053881,-15,-6,-9,0.27,0.68,-0.41
4,27,female,46,new,b,1,56.516599999904656,64,52,-58,93,11,-46,19.33333333,19.33333333,0,54.90193277,57.05163353,-2.149700761,-58,-46,-12,-0.68,0.22,-0.9
4,27,female,47,new,a,0,34.602200000047674,30,23,-7,44,5,-3,15.33333333,15.33333333,0,16.04853749,20.53181813,-4.483280636,-7,-3,-4,-0.61,0.63,-1.24
4,27,female,48,new,a,0,13.693200000047682,79,49,-50,98,25,-45,26,26,0,55.11805512,58.3837877,-3.265732586,-50,-45,-5,-0.55,0.03,-0.58
4,27,female,49,new,a,0,5.400100000023826,54,23,-50,70,3,-46,9,9,0,43.59663596,47.5464685,-3.949832543,-50,-46,-4,-0.45,0.19,-0.64
4,27,female,50,new,a,0,9.84359999990454,41,32,-42,64,5,-38,10.33333333,10.33333333,0,37.18721405,41.81174742,-4.624533368,-42,-38,-4,-0.68,0.19,-0.87
4,27,female,51,new,b,1,13.171599999904744,48,35,-20,67,3,-7,21,21,0,29.47315162,32.78210894,-3.308957317,-20,-7,-13,-0.61,0.66,-1.27
4,27,female,52,new,b,1,4.954100000023914,52,43,-65,75,16,-61,10,10,0,53.16013544,55.68363015,-2.52349471,-65,-61,-4,-0.69,-0.16,-0.53
4,27,female,53,new,b,1,2.821700000047713,63,60,-7,87,12,-1,38.66666667,32.66666667,6,32.31442746,38.78430381,-6.46987635,-7,-1,-6,-0.7,0.65,-1.35
4,27,female,54,new,a,0,12.36850000000004,37,25,-44,56,2,-40,6,6,0,35.6931366,39.29376541,-3.600628814,-44,-40,-4,-0.65,0.15,-0.8
4,27,female,55,new,b,1,3.317199999928448,70,24,-76,92,8,-64,6,12,-6,60.94806532,63.7495098,-2.801444479,-76,-64,-12,-0.42,0.09,-0.51
4,27,female,56,new,b,1,7.236399999976129,77,36,-47,94,14,-42,22,22,0,51.58165048,55.80919876,-4.22754828,-47,-42,-5,-0.39,0.21,-0.6
4,27,female,57,new,b,1,4.785100000023817,69,37,-33,94,9,-21,24.33333333,27.33333333,-3,42.59368759,48.70546399,-6.111776401,-33,-21,-12,-0.42,0.51,-0.93
4,27,female,58,new,b,1,3.3892000000475946,57,37,-63,90,9,-59,10.33333333,13.33333333,-3,52.49338583,60.90612084,-8.412735011,-63,-59,-4,-0.63,0.11,-0.74
4,27,female,59,new,a,0,3.416499999999928,69,68,-17,94,19,-11,40,34,6,40.30715404,44.15880433,-3.851650293,-17,-11,-6,-0.71,0.47,-1.18
4,27,female,60,new,a,0,7.168199999928447,67,61,-10,90,14,-4,39.33333333,33.33333333,6,34.96982827,40.73764298,-5.767814715,-10,-4,-6,-0.69,0.6,-1.29
4,27,female,61,new,a,0,5.319800000071496,48,46,-67,77,10,-60,9,9,0,53.7463177,55.93448549,-2.188167783,-67,-60,-7,-0.71,-0.03,-0.68
4,27,female,62,new,b,1,4.323399999976118,91,16,-26,99,1,-19,27,27,0,48.39421453,51.5622601,-3.16804557,-26,-19,-7,0.33,0.63,-0.3
4,27,female,63,new,a,0,11.436399999976176,76,47,-63,93,8,-59,20,14,6,59.87208587,62.19860663,-2.326520758,-63,-59,-4,-0.58,0.14,-0.72
4,27,female,64,new,a,0,10.167500000000018,38,34,-15,62,2,-7,19,19,0,24.0970261,30.62678566,-6.529759566,-15,-7,-8,-0.69,0.66,-1.35
4,27,female,65,new,a,0,5.710599999904616,63,50,-48,99,27,-43,21.66666667,27.66666667,-6,49.54683531,57.97317387,-8.426338566,-48,-43,-5,-0.67,0.02,-0.69
4,27,female,66,new,b,1,7.660700000047655,71,31,-47,94,2,-32,18.33333333,21.33333333,-3,48.9988662,53.22488975,-4.22602355,-47,-32,-15,-0.37,0.5,-0.87
4,27,female,67,new,a,0,6.600200000047948,64,53,-37,92,1,-31,26.66666667,20.66666667,6,45.24255617,52.10459566,-6.862039489,-37,-31,-6,-0.68,0.51,-1.19
4,27,female,68,new,a,0,7.289900000095486,68,40,-24,83,5,-13,28,25,3,38.50541088,41.66533331,-3.159922437,-24,-13,-11,-0.44,0.61,-1.05
4,27,female,69,new,b,1,8.393899999976156,76,21,-90,94,13,-82,2.333333333,8.333333333,-6,69.04265992,71.92743257,-2.884772646,-90,-82,-8,-0.39,-0.1,-0.29
4,27,female,70,new,a,0,4.507399999976087,69,40,-28,95,8,-22,27,27,0,40.65300317,49.61854492,-8.965541751,-28,-22,-6,-0.45,0.52,-0.97
4,27,female,71,new,a,0,9.012299999952347,46,39,-47,76,2,-40,12.66666667,12.66666667,0,42.28737663,47.95368136,-5.666304726,-47,-40,-7,-0.69,0.32,-1.01
4,27,female,72,new,a,0,16.74989999997615,59,49,-17,81,20,-10,30.33333333,30.33333333,0,33.71778298,37.86232369,-4.144540718,-17,-10,-7,-0.66,0.39,-1.05
4,27,female,73,new,b,1,9.343400000095471,50,30,-9,60,16,-5,23.66666667,23.66666667,0,24.4994331,27.08423075,-2.584797654,-9,-5,-4,-0.37,0.4,-0.77
4,27,female,74,new,a,0,8.223799999952234,72,36,-85,88,16,-81,7.666666667,7.666666667,0,67.15322446,69.24513621,-2.09191175,-85,-81,-4,-0.56,-0.18,-0.38
4,27,female,75,new,a,0,10.635600000023716,52,40,-47,82,1,-38,15,15,0,44.11349,49.979996,-5.866505998,-47,-38,-9,-0.67,0.4,-1.07
4,27,female,76,new,a,0,7.379100000023982,69,51,-21,95,8,-4,33,33,0,38.88444419,44.11349,-5.22904581,-21,-4,-17,-0.6,0.67,-1.27
4,27,female,77,new,a,0,5.930600000023787,77,47,-21,99,18,-14,34.33333333,34.33333333,0,40.99864496,47.55581516,-6.557170196,-21,-14,-7,-0.43,0.47,-0.9
4,27,female,78,new,a,0,5.523399999976164,47,44,-9,67,8,-2,27.33333333,24.33333333,3,25.7207223,30.44484996,-4.724127658,-9,-2,-7,-0.7,0.65,-1.35
4,27,female,79,new,a,0,4.207000000000107,70,30,-62,87,8,-57,12.66666667,12.66666667,0,55.265018070000004,58.88029287,-3.615274804,-62,-57,-5,-0.44,0.12,-0.56
4,27,female,80,new,a,0,3.840600000023869,74,47,-15,86,19,-8,35.33333333,32.33333333,3,37.25885428,39.51652256,-2.257668285,-15,-8,-7,-0.44,0.47,-0.91
4,27,female,81,new,a,0,6.078399999976227,52,45,-43,79,10,-35,18,18,0,43.2280773,46.88283268,-3.654755383,-43,-35,-8,-0.69,0.25,-0.94
4,27,female,82,new,a,0,5.376999999999953,53,51,-96,93,17,-84,2.666666667,8.666666667,-6,69.77264666,72.49980843,-2.727161767,-96,-84,-12,-0.71,-0.17,-0.54
4,27,female,83,new,a,0,21.37779999995223,68,39,-23,88,15,-19,28,28,0,37.95611501,44.6392951,-6.683180086,-23,-19,-4,-0.41,0.41,-0.82
4,27,female,84,new,a,0,5.051600000023655,59,50,-48,83,10,-41,20.33333333,17.33333333,3,48.45845873,50.88767587,-2.429217144,-48,-41,-7,-0.69,0.21,-0.9
4,27,female,85,new,a,0,7.082799999952385,66,42,-35,90,1,-18,24.33333333,24.33333333,0,43.08389748,47.07676945,-3.992871972,-35,-18,-17,-0.55,0.62,-1.17
4,27,female,86,new,a,0,4.114000000000033,52,40,-57,82,4,-42,11.66666667,14.66666667,-3,48.80118396,51.18159391,-2.380409957,-57,-42,-15,-0.68,0.3,-0.98
4,27,female,87,new,a,0,4.452600000023949,85,18,-17,93,4,-11,28.66666667,28.66666667,0,42.31889518,45.90085935,-3.581964172,-17,-11,-6,0.36,0.65,-0.29
4,27,female,88,new,a,0,6.026600000023791,50,31,-44,73,9,-36,12.33333333,15.33333333,-3,40.58187882,44.723844,-4.141965177,-44,-36,-8,-0.59,0.21,-0.8
4,27,female,89,new,a,0,3.5844999999999345,55,16,-30,64,2,-25,13.66666667,13.66666667,0,34.7403064,37.25885428,-2.518547878,-30,-25,-5,-0.1,0.44,-0.54
4,27,female,90,new,a,0,3.259900000095513,79,60,-16,98,12,-5,41,35,6,41.04469109,45.08510471,-4.04041362,-16,-5,-11,-0.6,0.63,-1.23
4,27,female,91,new,a,0,5.837200000047687,73,53,-40,92,18,-33,28.66666667,25.66666667,3,49.23639124,51.31817958,-2.081788343,-40,-33,-7,-0.62,0.22,-0.84
4,27,female,92,new,a,0,2.1992000000477674,55,44,-34,91,3,-29,21.66666667,21.66666667,0,39.61761673,50.73679357,-11.11917684,-34,-29,-5,-0.67,0.5,-1.17
4,27,female,93,new,a,0,2.05529999995224,54,46,-53,77,18,-48,15.66666667,15.66666667,0,48.66438351,51.05770156,-2.393318055,-53,-48,-5,-0.69,-0.07,-0.62
4,27,female,94,new,a,0,4.85279999995214,79,32,-39,94,13,-35,24,24,0,48.50429534,53.23532662,-4.731031274,-39,-35,-4,-0.24,0.3,-0.54
4,27,female,95,new,a,0,6.813000000000102,51,45,-78,80,11,-73,6,6,0,59.44745579,62.56196928,-3.114513488,-78,-73,-5,-0.7,-0.12,-0.58
4,27,female,96,new,a,0,1.3952999999523854,44,39,-75,72,4,-68,2.666666667,2.666666667,0,54.95654849,57.16253629,-2.205987801,-75,-68,-7,-0.7,-0.03,-0.67
4,27,female,97,new,a,0,2.525700000047664,90,21,-34,99,7,-29,25.66666667,25.66666667,0,50.73022329,53.89702115,-3.166797855,-34,-29,-5,0.14,0.48,-0.34
4,27,female,98,new,a,0,3.592799999952149,63,37,-54,90,4,-48,15.33333333,15.33333333,0,50.16195991,56.90537955,-6.743419642,-54,-48,-6,-0.57,0.29,-0.86
4,27,female,99,new,a,0,6.034600000023829,63,56,-8,78,18,-3,37,31,6,31.94787421,34.3220046,-2.374130391,-8,-3,-5,-0.68,0.51,-1.19
4,27,female,100,new,a,0,3.746100000023944,83,49,-12,97,11,-6,40,34,6,39.3022476,45.08510471,-5.782857106,-12,-6,-6,-0.33,0.63,-0.96
4,27,female,101,old,b,1,12.804299999952264,87,70,-27,80,50,-18,43.33333333,37.33333333,6,50.21509291,40.99864496,9.216447942,-27,-18,-9,-0.65,-0.43,-0.22
4,27,female,102,old,b,1,9.67110000002367,67,46,-24,68,38,-17,29.66666667,29.66666667,0,38.90444133,35.19785347,3.706587865,-24,-17,-7,-0.56,-0.34,-0.22
4,27,female,103,old,b,1,14.246499999999967,36,21,-30,39,17,-20,9,12,-3,28.24889378,24.34474618,3.904147602,-30,-20,-10,-0.56,-0.3,-0.26
4,27,female,104,old,a,0,13.203200000047673,96,32,-13,92,15,-1,38.33333333,35.33333333,3,44.723844,40.59830319,4.125540807,-13,-1,-12,0.21,0.63,-0.42
4,27,female,105,old,b,1,17.016899999976204,60,35,-20,63,33,-12,25,28,-3,33.41656276,30.82207001,2.594492745,-20,-12,-8,-0.42,-0.24,-0.18
4,27,female,106,old,b,1,9.817999999999984,95,25,-45,69,46,-40,25,25,0,57.15476066,46.91126375,10.24349691,-45,-40,-5,0,-0.58,0.58
4,27,female,107,old,b,1,12.29180000007159,65,54,-91,69,19,-78,9.333333333,3.333333333,6,71.08836442,61.02640594,10.06195848,-91,-78,-13,-0.69,-0.37,-0.32
4,27,female,108,old,b,1,8.28439999997613,89,20,-61,76,18,-46,16,16,0,61.3025285,49.82636518,11.47616332,-61,-46,-15,-0.1,-0.06,-0.04
4,27,female,109,old,a,0,13.28439999997613,58,32,-27,41,25,-21,21,15,6,35.56215217,26.28053779,9.281614373,-27,-21,-6,-0.43,-0.52,0.09
4,27,female,110,old,b,1,7.011499999999842,39,5,-20,23,9,-8,8,8,0,24.17988144,12.67543556,11.50444588,-20,-8,-12,0.18,-0.12,0.3
4,27,female,111,old,a,0,7.890399999976125,96,80,-56,99,42,-39,40,34,6,68.19579655,56.62155067,11.57424588,-56,-39,-17,-0.68,-0.21,-0.47
4,27,female,112,old,b,1,16.36469999992846,89,61,-86,90,63,-71,21.33333333,27.33333333,-6,76.75212628,70.40044192,6.351684365,-86,-71,-15,-0.64,-0.63,-0.01
4,27,female,113,old,b,1,10.750999999999976,88,66,-26,87,52,-11,42.66666667,42.66666667,0,49.37835783,40.54901013,8.829347706,-26,-11,-15,-0.6,-0.33,-0.27
4,27,female,114,old,b,1,9.381100000023707,98,57,-67,91,49,-52,29.33333333,29.33333333,0,70.14429572,60.01296156,10.13133416,-67,-52,-15,-0.53,-0.46,-0.07
4,27,female,115,old,b,1,9.09900000000016,83,77,-71,76,70,-57,29.66666667,29.66666667,0,71.22421561,61.33152171,9.892693895,-71,-57,-14,-0.7,-0.7,0
4,27,female,116,old,b,1,12.084999999999807,70,22,-42,58,18,-26,16.66666667,16.66666667,0,45.87906809,34.30581421,11.57325388,-42,-26,-16,-0.17,-0.06,-0.11
4,27,female,117,old,b,1,6.469700000047624,92,37,-21,95,22,-9,36,36,0,46.13747573,43.59663596,2.540839773,-21,-9,-12,-0.03,0.45,-0.48
4,27,female,118,old,b,1,10.153100000023642,85,73,-22,97,49,-10,45.33333333,45.33333333,0,47.86323107,43.75944343,4.103787649,-22,-10,-12,-0.67,-0.13,-0.54
4,27,female,119,old,b,1,9.481500000000096,73,41,-12,65,47,-1,34,37,-3,35.05234181,27.85677655,7.19556526,-12,-1,-11,-0.29,-0.49,0.2
4,27,female,120,old,b,1,9.338100000023816,94,31,-45,90,39,-40,26.66666667,29.66666667,-3,56.82917873,53.48104545,3.348133286,-45,-40,-5,-0.11,-0.26,0.15
4,27,female,121,old,b,1,5.228500000000167,77,41,-37,76,27,-22,27,27,0,47.58150901,40.00833247,7.573176548,-37,-22,-15,-0.42,0,-0.42
4,27,female,122,old,b,1,5.477400000095486,89,74,-13,90,55,-4,50,47,3,44.96665431,38.79003308,6.176621228,-13,-4,-9,-0.65,-0.3,-0.35
4,27,female,123,old,b,1,6.494000000000142,37,20,-43,33,26,-36,4.666666667,7.666666667,-3,34.41253002,31.00895928,3.403570739,-43,-36,-7,-0.58,-0.68,0.1
4,27,female,124,old,b,1,6.729899999976169,96,4,-46,81,12,-39,18,18,0,58.81042991,49.17316341,9.637266501,-46,-39,-7,0.34,0.18,0.16
4,27,female,125,old,b,1,7.124399999976049,60,14,-23,64,12,-7,17,23,-6,33.950945,30.01110905,3.93983595,-23,-7,-16,0.13,0.5,-0.37
4,27,female,126,old,b,1,11.282699999928354,94,36,-54,66,41,-49,25.33333333,19.33333333,6,60.88969991,49.38510797,11.50459195,-54,-49,-5,-0.26,-0.57,0.31
4,27,female,127,old,b,1,8.290300000071511,90,63,-64,89,40,-58,29.66666667,23.66666667,6,67.14329618,61.11373732,6.029558865,-64,-58,-6,-0.62,-0.38,-0.24
4,27,female,128,old,b,1,4.077700000047798,82,60,-65,69,63,-55,25.66666667,25.66666667,0,64.73707507,57.09251751,7.644557563,-65,-55,-10,-0.65,-0.7,0.05
4,27,female,129,old,b,1,4.351799999952391,36,7,-38,19,18,-32,1.666666667,1.666666667,0,30.44484996,23.80942857,6.635421386,-38,-32,-6,-0.26,-0.71,0.45
4,27,female,130,old,b,1,5.947299999952293,96,7,-31,90,8,-26,24,24,0,53.22280213,48.68949236,4.533309767,-31,-26,-5,0.45,0.46,-0.01
4,27,female,131,old,b,1,10.625500000000102,83,69,-20,73,72,-13,44,44,0,45.61432524,40.30715404,5.307171197,-20,-13,-7,-0.66,-0.71,0.05
4,27,female,132,old,b,1,6.689699999928507,84,75,-47,83,60,-31,37.33333333,37.33333333,0,59.74575764,49.22284926,10.52290838,-47,-31,-16,-0.7,-0.59,-0.11
4,27,female,133,old,b,1,6.665599999904771,72,17,-27,51,31,-20,20.66666667,20.66666667,0,40.49965706,29.89239963,10.60725743,-27,-20,-7,0.14,-0.48,0.62
4,27,female,134,old,b,1,12.84580000007145,88,18,-15,83,9,-1,30.33333333,30.33333333,0,42.94440851,37.46405685,5.480351661,-15,-1,-14,0.41,0.67,-0.26
4,27,female,135,old,b,1,5.508700000047838,82,35,-17,58,49,-7,33.33333333,33.33333333,0,40.43375927,28.75567577,11.6780835,-17,-7,-10,-0.06,-0.66,0.6
4,27,female,136,old,b,1,7.226800000071535,96,27,-44,64,55,-40,26.33333333,26.33333333,0,57.15670467,47.0484384,10.10826627,-44,-40,-4,-0.02,-0.69,0.67
4,27,female,137,old,b,1,8.493300000071486,77,36,-10,56,52,-5,34.33333333,34.33333333,0,35.53714801,27.86076493,7.676383088,-10,-5,-5,-0.07,-0.7,0.63
4,27,female,138,old,a,0,9.797199999928353,91,61,-33,66,59,-24,39.66666667,33.66666667,6,52.82255411,40.87650779,11.94604632,-33,-24,-9,-0.54,-0.69,0.15
4,27,female,139,old,b,1,5.461399999976038,70,13,-28,63,8,-16,18.33333333,18.33333333,0,40.18568015,33.06895153,7.116728613,-28,-16,-12,0.2,0.44,-0.24
4,27,female,140,old,a,0,14.991799999952264,62,43,-30,52,48,-25,25,25,0,39.65686153,35.39303133,4.263830204,-30,-25,-5,-0.59,-0.7,0.11
4,27,female,141,old,b,1,6.961800000071662,80,41,-11,67,46,-3,36.66666667,36.66666667,0,37.27674282,29.32954521,7.947197614,-11,-3,-8,-0.17,-0.45,0.28
4,27,female,142,old,b,1,7.519999999999982,83,77,-23,99,33,-4,45.66666667,42.66666667,3,48.61641241,42.60151275,6.014899656,-23,-4,-19,-0.7,0.33,-1.03
4,27,female,143,old,b,1,8.3914999999999509,93,92,-16,86,78,-4,56.33333333,53.33333333,3,51.14901976,40.67213078,10.47688898,-16,-4,-12,-0.71,-0.69,-0.02
4,27,female,144,old,b,1,5.3417999999524,53,43,-8,49,31,-1,29.33333333,26.33333333,3,26.71246068,20.67741656,6.035044121,-8,-1,-7,-0.63,-0.33,-0.3
4,27,female,145,old,b,1,6.857600000023695,88,21,-90,58,41,-80,6.333333333,6.333333333,0,73.40451091,61.44012442,11.96438649,-90,-80,-10,-0.29,-0.67,0.38
4,27,female,146,old,b,1,6.291299999952344,92,42,-56,66,60,-48,26,26,0,61.47086031,52.38320341,9.08765689,-56,-48,-8,-0.37,-0.7,0.33
4,27,female,147,old,a,0,4.085500000000138,89,46,-19,85,23,-1,38.66666667,35.66666667,3,44.39469438,36.23380864,8.160885733,-19,-1,-18,-0.24,0.48,-0.72
4,27,female,148,old,b,1,11.567999999999984,94,58,-17,96,40,-1,45,45,0,46.23851209,39.75759885,6.480913232,-17,-1,-16,-0.4,0.19,-0.59
4,27,female,149,old,b,1,10.216499999999996,74,59,-14,72,54,-7,39.66666667,39.66666667,0,38.43898484,33.80663972,4.632345124,-14,-7,-7,-0.63,-0.56,-0.07
4,27,female,150,old,b,1,10.286299999952462,96,33,-14,80,42,-7,38.33333333,38.33333333,0,45.0653846,35.6121078,9.453276793,-14,-7,-7,0.18,-0.15,0.33
4,27,female,151,old,b,1,52.975799999952415,76,15,-33,63,23,-28,19.33333333,19.33333333,0,44.60443426,37.24095714,7.363477116,-33,-28,-5,0.14,-0.15,0.29
4,27,female,152,old,a,0,9.840400000095542,91,6,-27,80,2,-12,23.33333333,23.33333333,0,49.70803646,40.47495796,9.233078497,-27,-12,-15,0.48,0.64,-0.16
4,27,female,153,old,b,1,6.009399999976267,83,34,-85,62,50,-80,10.66666667,10.66666667,0,70.54234347,64.29791771,6.244425757,-85,-80,-5,-0.46,-0.69,0.23
4,27,female,154,old,b,1,4.058500000000095,76,15,-21,57,42,-11,23.33333333,29.33333333,-6,40.03609483,29.16999981,10.86609502,-21,-11,-10,0.3,-0.57,0.87
4,27,female,155,old,a,0,3.31309999990458,64,37,-54,65,7,-43,15.66666667,9.666666667,6,50.479919,44.13111777,6.348801231,-54,-43,-11,-0.56,0.09,-0.65
4,27,female,156,old,b,1,8.395700000047555,81,41,-34,61,54,-27,29.33333333,29.33333333,0,47.66783215,39.93606001,7.731772147,-34,-27,-7,-0.35,-0.69,0.34
4,27,female,157,old,b,1,6.611600000023827,74,10,-57,50,28,-51,9,9,0,53.48520045,43.36665386,10.11854659,-57,-51,-6,-0.03,-0.57,0.54
4,27,female,158,old,b,1,5.592399999976124,77,55,-64,66,50,-48,22.66666667,22.66666667,0,61.93724423,50.39400317,11.54324105,-64,-48,-16,-0.64,-0.65,0.01
4,27,female,159,old,b,1,3.5779000000954966,78,23,-44,60,33,-36,19,19,0,49.88653793,40.42276586,9.463772067,-44,-36,-8,-0.12,-0.48,0.36
4,27,female,160,old,b,1,3.644200000047704,55,29,-25,52,42,-17,19.66666667,25.66666667,-6,33.31999733,30.44484996,2.875147376,-25,-17,-8,-0.4,-0.65,0.25
4,27,female,161,old,b,1,8.003800000071351,78,38,-68,84,24,-51,16,19,-3,61.60086579,55.22680509,6.374060709,-68,-51,-17,-0.49,-0.14,-0.35
4,27,female,162,old,b,1,5.613299999952233,83,39,-20,88,37,-5,34,40,-6,42.19794624,38.02630668,4.171639554,-20,-5,-15,-0.18,0.12,-0.3
4,27,female,163,old,b,1,6.863100000023678,72,21,-90,54,35,-86,1,1,0,67.63135368,62.00537611,5.625977565,-90,-86,-4,-0.42,-0.66,0.24
4,27,female,164,old,b,1,12.728500000000167,75,27,-60,59,34,-51,14,14,0,55.87486018,47.08148964,8.793370539,-60,-51,-9,-0.34,-0.56,0.22
4,27,female,165,old,b,1,4.127399999976205,81,17,-68,69,21,-51,10,13,-3,61.03004724,49.31531202,11.71473522,-68,-51,-17,-0.17,-0.24,0.07
4,27,female,166,old,b,1,1.8251999999283728,76,36,-11,65,40,-4,33.66666667,33.66666667,0,35.55590278,28.52289529,7.033007489,-11,-4,-7,-0.1,-0.32,0.22
4,27,female,167,old,b,1,11.52520000004779,78,21,-82,61,26,-70,5.666666667,5.666666667,0,66.21345952,55.37949881,10.83396071,-82,-70,-12,-0.33,-0.5,0.17
4,27,female,168,old,a,0,15.71560000002387,67,46,-21,65,36,-9,30.66666667,30.66666667,0,37.52628708,30.44484996,7.081437126,-21,-9,-12,-0.54,-0.26,-0.28
4,27,female,169,old,b,1,4.959899999976187,94,19,-17,81,8,-2,32,29,3,46.23851209,36.99549522,9.243016866,-17,-2,-15,0.4,0.67,-0.27
4,27,female,170,old,b,1,8.130799999952387,90,42,-24,83,22,-6,36,33,3,46.73328578,37.15732319,9.575962592,-24,-6,-18,-0.19,0.42,-0.61
4,27,female,171,old,b,1,3.9594999999999354,73,16,-47,50,33,-41,14,14,0,49.01020302,39.50527391,9.50492911,-47,-41,-6,-0.06,-0.61,0.55
4,27,female,172,old,a,0,4.583699999928513,77,47,-55,89,39,-41,23,29,-6,56.49778757,53.54126135,2.95652622,-55,-41,-14,-0.56,-0.27,-0.29
4,27,female,173,old,b,1,13.418199999928447,83,41,-57,84,47,-46,22.33333333,28.33333333,-6,58.65909042,54.68901982,3.9700706,-57,-46,-11,-0.45,-0.47,0.02
4,27,female,174,old,b,1,3.4299000000953583,90,28,-61,83,25,-51,19,19,0,61.97311245,54.86954225,7.1035702,-61,-51,-10,-0.21,-0.16,-0.05
4,27,female,175,old,b,1,5.718399999976327,99,34,-24,83,38,-12,36.33333333,36.33333333,0,50.24163833,38.80148909,11.44014924,-24,-12,-12,0.07,-0.06,0.13
4,27,female,176,old,b,1,4.718199999928402,85,53,-67,66,63,-58,23.66666667,23.66666667,0,65.42850211,57.76004001,7.668462102,-67,-58,-9,-0.58,-0.71,0.13
4,27,female,177,old,b,1,4.9278999999760345,62,22,-65,45,27,-53,6.333333333,6.333333333,0,53.01781671,42.59368759,10.42412913,-65,-53,-12,-0.42,-0.61,0.19
4,27,female,178,old,b,1,5.048899999976129,91,17,-48,90,12,-33,20,23,-3,56.78614855,50.81338406,5.972764482,-48,-33,-15,0.08,0.31,-0.23
4,27,female,179,old,b,1,3.998799999952325,50,11,-57,35,13,-44,1.333333333,1.333333333,0,44.21412545,33.289971799999996,10.92415365,-57,-44,-13,-0.32,-0.48,0.16
4,27,female,180,old,b,1,16.893799999952307,51,40,-31,42,41,-23,20,20,0,36.34097779,30.40833219,5.932645598,-31,-23,-8,-0.66,-0.71,0.05
4,27,female,181,old,b,1,7.50649999999996,87,73,-46,79,78,-34,38,41,-3,59.67132198,53.03457991,6.636742064,-46,-34,-12,-0.68,-0.71,0.03
4,27,female,182,old,b,1,6.247899999976198,75,73,-48,83,65,-30,33.33333333,39.33333333,-6,57.5171472,49.57373857,7.943408634,-48,-30,-18,-0.71,-0.64,-0.07
4,27,female,183,old,b,1,4.4509000000953165,92,82,-79,91,65,-61,31.66666667,31.66666667,0,78.35957007,66.379381,11.98018907,-79,-61,-18,-0.7,-0.63,-0.07
4,27,female,184,old,b,1,8.824100000023918,87,30,-64,70,56,-55,17.66666667,23.66666667,-6,62.25931434,55.91859162,6.34072272,-64,-55,-9,-0.29,-0.67,0.38
4,27,female,185,old,b,1,10.100200000048062,63,24,-59,39,36,-47,9.333333333,9.333333333,0,50.87457344,39.85250585,11.02206759,-59,-47,-12,-0.41,-0.7,0.29
4,27,female,186,old,b,1,4.2740999999045926,99,15,-82,88,18,-74,10.66666667,10.66666667,0,73.95644364,66.33919572,7.617247917,-82,-74,-8,-0.09,-0.16,0.07
4,27,female,187,old,b,1,5.704900000095222,86,27,-87,69,30,-73,8.666666667,8.666666667,0,71.80683966,59.90177144,11.90506822,-87,-73,-14,-0.37,-0.49,0.12
4,27,female,188,old,b,1,16.967300000071646,58,9,-18,53,10,-14,16.33333333,16.33333333,0,31.45720197,27.71682201,3.740379958,-18,-14,-4,0.34,0.33,0.01
4,27,female,189,old,b,1,1.4684000000952435,64,24,-48,52,23,-35,13.33333333,13.33333333,0,46.34172586,36.16935474,10.17237112,-48,-35,-13,-0.33,-0.38,0.05
4,27,female,190,old,b,1,4.911399999976311,74,64,-60,72,67,-43,26,32,-6,60.94806532,53.07227776,7.875787563,-60,-43,-17,-0.69,-0.7,0.01
4,27,female,191,old,a,0,11.412499999999907,62,55,-47,57,37,-42,23.33333333,17.33333333,6,49.8152141,42.74212078,7.073093316,-47,-42,-5,-0.7,-0.59,-0.11
4,27,female,192,old,b,1,4.304499999999734,75,28,-55,47,46,-45,16,16,0,53.7463177,43.13544559,10.61087211,-55,-45,-10,-0.32,-0.71,0.39
4,27,female,193,old,b,1,8.592999999999847,98,82,-10,87,77,-3,56.66666667,53.66666667,3,47.59084879,40.27681991,7.314028882,-10,-3,-7,-0.65,-0.67,0.02
4,27,female,194,old,b,1,10.349200000047404,74,55,-56,64,61,-52,24.33333333,24.33333333,0,57.33139532,53.98971095,3.341684362,-56,-52,-4,-0.65,-0.71,0.06
4,27,female,195,old,b,1,3.4035999999046,78,66,-11,64,61,-1,44.33333333,41.33333333,3,39.43207944,29.95923156,9.472847881,-11,-1,-10,-0.66,-0.7,0.04
4,27,female,196,old,b,1,14.69630000007146,84,58,-66,68,60,-52,25.33333333,25.33333333,0,65.44887742,54.78036956,10.66850786,-66,-52,-14,-0.62,-0.7,0.08
4,27,female,197,old,b,1,5.828100000023824,57,18,-72,61,10,-59,1,4,-3,54.01851534,49.17316341,4.845351932,-72,-59,-13,-0.44,-0.18,-0.26
4,27,female,198,old,b,1,2.875399999975798,67,50,-25,66,32,-6,30.66666667,30.66666667,0,39.96943276,29.40899333,10.56043943,-25,-6,-19,-0.61,-0.07,-0.54
4,27,female,199,old,b,1,3.905100000024049,78,60,-46,63,61,-32,30.66666667,30.66666667,0,54.70730197,44.31954673,10.38775524,-46,-32,-14,-0.65,-0.71,0.06
4,27,female,200,old,b,1,4.985799999952178,56,51,-81,67,14,-73,8.666666667,2.666666667,6,63.43675766,57.71385353,5.722904132,-81,-73,-8,-0.7,-0.29,-0.41
5,41,female,1,new,b,1,7.425699999999267,57,54,-20,83,2,-3,30.33333333,27.33333333,3,35.6121078,39.4151691,-3.803061301,-20,-3,-17,-0.7,0.7,-1.4
5,41,female,2,new,b,1,5.737300000000744,45,18,-24,62,5,-19,13,16,-3,28.39013913,33.9705755,-5.58043637,-24,-19,-5,-0.26,0.45,-0.71
5,41,female,3,new,a,0,16.56109999999964,46,39,-47,76,2,-40,12.66666667,12.66666667,0,42.28737663,47.95368136,-5.666304726,-47,-40,-7,-0.69,0.32,-1.01
5,41,female,4,new,b,1,6.030399999998508,50,46,-84,74,36,-80,4,10,-6,62.24682053,65.50318058,-3.25636005,-84,-80,-4,-0.7,-0.53,-0.17
5,41,female,5,new,b,1,5.677700000001096,38,33,-50,58,27,-46,7,13,-6,40.35674252,43.59663596,-3.239893438,-50,-46,-4,-0.7,-0.45,-0.25
5,41,female,6,new,b,1,3.418700000001081,69,37,-33,94,9,-21,24.33333333,27.33333333,-3,42.59368759,48.70546399,-6.111776401,-33,-21,-12,-0.42,0.51,-0.93
5,41,female,7,new,a,0,11.706900000000417,64,41,-14,77,10,-5,30.33333333,27.33333333,3,32.72443871,35.64952859,-2.925089883,-14,-5,-9,-0.45,0.61,-1.06
5,41,female,8,new,b,1,4.655900000000372,52,43,-65,75,16,-61,10,10,0,53.16013544,55.68363015,-2.52349471,-65,-61,-4,-0.69,-0.16,-0.53
5,41,female,9,new,b,1,12.08789999999854,47,30,-26,67,16,-14,17,23,-6,31.18760438,33.43650699,-2.248902619,-26,-14,-12,-0.55,0.3,-0.85
5,41,female,10,new,b,1,11.23169999999925,81,22,-15,91,3,-6,29.33333333,29.33333333,0,39.53338954,43.75944343,-4.226053881,-15,-6,-9,0.27,0.68,-0.41
5,41,female,11,new,b,1,5.070599999999558,56,54,-15,82,21,-8,31.66666667,31.66666667,0,33.00841644,37.50851755,-4.500101116,-15,-8,-7,-0.71,0.4,-1.11
5,41,female,12,new,b,1,2.738900000000399,63,26,-14,81,1,-7,25,25,0,31.44307025,39.73243847,-8.28936822,-14,-7,-7,-0.05,0.69,-0.74
5,41,female,13,new,b,1,2.7134999999999536,64,55,-60,94,8,-52,19.66666667,16.66666667,3,56.4525366,59.91846312,-3.465926514,-60,-52,-8,-0.69,0.21,-0.9
5,41,female,14,new,a,0,5.969699999999193,63,56,-8,78,18,-3,37,31,6,31.94787421,34.3220046,-2.374130391,-8,-3,-5,-0.68,0.51,-1.19
5,41,female,15,new,b,1,6.988900000000399,69,47,-23,96,10,-13,31,31,0,39.22584182,46.91126375,-7.685421928,-23,-13,-10,-0.54,0.58,-1.12
5,41,female,16,new,b,1,7.112599999999588,68,40,-24,83,5,-13,28,25,3,38.50541088,41.66533331,-3.159922437,-24,-13,-11,-0.44,0.61,-1.05
5,41,female,17,new,a,0,5.258000000000038,44,39,-75,72,4,-68,2.666666667,2.666666667,0,54.95654849,57.16253629,-2.205987801,-75,-68,-7,-0.7,-0.03,-0.67
5,41,female,18,new,a,0,6.45259999999962,61,39,-94,93,10,-88,2,5,-3,68.47383929,73.97747405,-5.503634762,-94,-88,-6,-0.65,-0.1,-0.55
5,41,female,19,new,a,0,6.533000000000016,71,34,-28,85,10,-18,25.66666667,25.66666667,0,40.84387619,43.48435223,-2.64047604,-28,-18,-10,-0.3,0.49,-0.79
5,41,female,20,new,b,1,4.516399999998498,85,30,-10,93,17,-5,35,35,0,38.94440482,41.98412398,-3.039719165,-10,-5,-5,0.19,0.56,-0.37
5,41,female,21,new,a,0,4.288099999999645,77,47,-21,99,18,-14,34.33333333,34.33333333,0,40.99864496,47.55581516,-6.557170196,-21,-14,-7,-0.43,0.47,-0.9
5,41,female,22,new,a,0,5.028500000000008,69,68,-17,94,19,-11,40,34,6,40.30715404,44.15880433,-3.851650293,-17,-11,-6,-0.71,0.47,-1.18
5,41,female,23,new,a,0,10.0511999999992,64,53,-37,92,1,-31,26.66666667,20.66666667,6,45.24255617,52.10459566,-6.862039489,-37,-31,-6,-0.68,0.51,-1.19
5,41,female,24,new,a,0,4.119000000000028,45,44,-23,80,3,-17,22,22,0,31.82242396,41.81706191,-9.994637949,-23,-17,-6,-0.71,0.59,-1.3
5,41,female,25,new,b,1,12.267400000000292,83,49,-12,97,11,-6,40,34,6,39.3022476,45.08510471,-5.782857106,-12,-6,-6,-0.33,0.63,-0.96
5,41,female,26,new,a,0,7.999400000000378,65,47,-77,94,10,-69,11.66666667,11.66666667,0,63.12597634,66.55490632,-3.428929982,-77,-69,-8,-0.66,0.04,-0.7
5,41,female,27,new,a,0,7.233200000001034,79,41,-38,99,6,-23,27.33333333,27.33333333,0,48.73283173,52.04058245,-3.30775072,-38,-23,-15,-0.4,0.55,-0.95
5,41,female,28,new,a,0,5.507199999999216,71,31,-47,94,2,-32,18.33333333,21.33333333,-3,48.9988662,53.22488975,-4.22602355,-47,-32,-15,-0.37,0.5,-0.87
5,41,female,29,new,b,1,7.1720000000000255,53,44,-12,76,17,-8,28.33333333,28.33333333,0,28.75567577,35.21678893,-6.461113157,-12,-8,-4,-0.66,0.45,-1.11
5,41,female,30,new,a,0,6.362900000000309,51,45,-78,80,11,-73,6,6,0,59.44745579,62.56196928,-3.114513488,-78,-73,-5,-0.7,-0.12,-0.58
5,41,female,31,new,a,0,5.389699999999266,49,34,-14,65,1,-6,23,20,3,26.87005769,31.94787421,-5.077816527,-14,-6,-8,-0.55,0.68,-1.23
5,41,female,32,new,b,1,7.689200000001165,79,60,-16,98,12,-5,41,35,6,41.04469109,45.08510471,-4.04041362,-16,-5,-11,-0.6,0.63,-1.23
5,41,female,33,new,a,0,3.211500000000001,70,30,-62,87,8,-57,12.66666667,12.66666667,0,55.265018070000004,58.88029287,-3.615274804,-62,-57,-5,-0.44,0.12,-0.56
5,41,female,34,new,a,0,7.030800000000795,66,50,-48,92,14,-38,22.66666667,22.66666667,0,50.39400317,53.42492136,-3.030918188,-48,-38,-10,-0.65,0.24,-0.89
5,41,female,35,new,a,0,9.500099999999634,84,36,-9,88,6,-1,37,31,6,37.97367509,40.40627014,-2.432595048,-9,-1,-8,0.04,0.69,-0.65
5,41,female,36,new,a,0,6.198999999999955,53,51,-96,93,17,-84,2.666666667,8.666666667,-6,69.77264666,72.49980843,-2.727161767,-96,-84,-12,-0.71,-0.17,-0.54
5,41,female,37,new,a,0,5.149699999999257,48,46,-67,77,10,-60,9,9,0,53.7463177,55.93448549,-2.188167783,-67,-60,-7,-0.71,-0.03,-0.68
5,41,female,38,new,a,0,7.914400000000342,76,47,-63,93,8,-59,20,14,6,59.87208587,62.19860663,-2.326520758,-63,-59,-4,-0.58,0.14,-0.72
5,41,female,39,new,a,0,6.378099999999563,37,25,-44,56,2,-40,6,6,0,35.6931366,39.29376541,-3.600628814,-44,-40,-4,-0.65,0.15,-0.8
5,41,female,40,new,a,0,2.7614999999999554,69,48,-66,95,23,-58,17,20,-3,59.31273051,62.49799997,-3.185269463,-66,-58,-8,-0.64,-0.07,-0.57
5,41,female,41,new,a,0,6.946999999999889,72,36,-85,88,16,-81,7.666666667,7.666666667,0,67.15322446,69.24513621,-2.09191175,-85,-81,-4,-0.56,-0.18,-0.38
5,41,female,42,new,a,0,8.542599999999652,73,53,-40,92,18,-33,28.66666667,25.66666667,3,49.23639124,51.31817958,-2.081788343,-40,-33,-7,-0.62,0.22,-0.84
5,41,female,43,new,b,1,3.073699999999235,75,40,-15,94,14,-8,33.33333333,33.33333333,0,37.04351795,43.82794644,-6.784428486,-15,-8,-7,-0.26,0.58,-0.84
5,41,female,44,new,b,1,12.784599999999614,79,32,-39,94,13,-35,24,24,0,48.50429534,53.23532662,-4.731031274,-39,-35,-4,-0.24,0.3,-0.54
5,41,female,45,new,a,0,8.091099999999642,58,47,-74,97,2,-68,10.33333333,10.33333333,0,59.80152358,67.61820925,-7.816685673,-74,-68,-6,-0.69,0.18,-0.87
5,41,female,46,new,a,0,7.095000000000027,77,36,-47,94,14,-42,22,22,0,51.58165048,55.80919876,-4.22754828,-47,-42,-5,-0.39,0.21,-0.6
5,41,female,47,new,b,1,7.739499999999907,50,30,-9,60,16,-5,23.66666667,23.66666667,0,24.4994331,27.08423075,-2.584797654,-9,-5,-4,-0.37,0.4,-0.77
5,41,female,48,new,a,0,13.599900000000387,68,19,-54,79,4,-50,11,11,0,50.12650663,52.89612462,-2.769617994,-54,-50,-4,-0.24,0.2,-0.44
5,41,female,49,new,a,0,6.163600000001566,47,44,-9,67,8,-2,27.33333333,24.33333333,3,25.7207223,30.44484996,-4.724127658,-9,-2,-7,-0.7,0.65,-1.35
5,41,female,50,new,a,0,6.826900000000364,30,23,-7,44,5,-3,15.33333333,15.33333333,0,16.04853749,20.53181813,-4.483280636,-7,-3,-4,-0.61,0.63,-1.24
5,41,female,51,new,a,0,9.752599999999576,69,44,-23,81,8,-17,30,24,6,38.8415585,41.57723736,-2.735678863,-23,-17,-6,-0.49,0.52,-1.01
5,41,female,52,new,a,0,8.40159999999969,41,32,-42,64,5,-38,10.33333333,10.33333333,0,37.18721405,41.81174742,-4.624533368,-42,-38,-4,-0.68,0.19,-0.87
5,41,female,53,new,b,1,5.478899999998589,54,46,-53,77,18,-48,15.66666667,15.66666667,0,48.66438351,51.05770156,-2.393318055,-53,-48,-5,-0.69,-0.07,-0.62
5,41,female,54,new,b,1,3.775499999999965,64,41,-26,87,14,-22,26.33333333,26.33333333,0,38.17794593,45.34558658,-7.167640648,-26,-22,-4,-0.52,0.39,-0.91
5,41,female,55,new,b,1,6.283999999999992,76,21,-90,94,13,-82,2.333333333,8.333333333,-6,69.04265992,71.92743257,-2.884772646,-90,-82,-8,-0.39,-0.1,-0.29
5,41,female,56,new,a,0,9.04629999999895,56,46,-28,85,8,-19,24.66666667,24.66666667,0,37.46405685,44.06308609,-6.599029239,-28,-19,-9,-0.67,0.51,-1.18
5,41,female,57,new,b,1,5.179300000000808,88,22,-23,94,12,-19,29,29,0,45.58508528,47.67249382,-2.087408536,-23,-19,-4,0.23,0.49,-0.26
5,41,female,58,new,b,1,8.148800000000733,73,48,-72,98,34,-65,16.33333333,22.33333333,-6,63.28945849,67.05387552,-3.764417033,-72,-65,-7,-0.63,-0.26,-0.37
5,41,female,59,new,a,0,8.908500000000004,60,24,-63,84,3,-57,7,10,-3,51.63332257,57.7754273,-6.142104729,-63,-57,-6,-0.46,0.18,-0.64
5,41,female,60,new,a,0,6.33190000000036,70,24,-76,92,8,-64,6,12,-6,60.94806532,63.7495098,-2.801444479,-76,-64,-12,-0.42,0.09,-0.51
5,41,female,61,new,a,0,5.320799999998826,79,49,-50,98,25,-45,26,26,0,55.11805512,58.3837877,-3.265732586,-50,-45,-5,-0.55,0.03,-0.58
5,41,female,62,new,a,0,5.607099999999605,55,16,-30,64,2,-25,13.66666667,13.66666667,0,34.7403064,37.25885428,-2.518547878,-30,-25,-5,-0.1,0.44,-0.54
5,41,female,63,new,a,0,3.6744999999999663,52,40,-47,82,1,-38,15,15,0,44.11349,49.979996,-5.866505998,-47,-38,-9,-0.67,0.4,-1.07
5,41,female,64,new,a,0,3.9318000000007487,69,51,-21,95,8,-4,33,33,0,38.88444419,44.11349,-5.22904581,-21,-4,-17,-0.6,0.67,-1.27
5,41,female,65,new,a,0,7.186299999998937,74,38,-25,94,11,-18,29,29,0,40.91454509,47.46226571,-6.547720623,-25,-18,-7,-0.32,0.51,-0.83
5,41,female,66,new,a,0,4.447699999999259,69,40,-28,95,8,-22,27,27,0,40.65300317,49.61854492,-8.965541751,-28,-22,-6,-0.45,0.52,-0.97
5,41,female,67,new,a,0,3.685799999998949,52,40,-57,82,4,-42,11.66666667,14.66666667,-3,48.80118396,51.18159391,-2.380409957,-57,-42,-15,-0.68,0.3,-0.98
5,41,female,68,new,a,0,5.526699999999323,66,44,-27,85,4,-15,27.66666667,24.66666667,3,39.68486977,43.36152929,-3.676659515,-27,-15,-12,-0.55,0.61,-1.16
5,41,female,69,new,a,0,2.9216999999991917,57,37,-63,90,9,-59,10.33333333,13.33333333,-3,52.49338583,60.90612084,-8.412735011,-63,-59,-4,-0.63,0.11,-0.74
5,41,female,70,new,a,0,3.0789000000004307,66,42,-35,90,1,-18,24.33333333,24.33333333,0,43.08389748,47.07676945,-3.992871972,-35,-18,-17,-0.55,0.62,-1.17
5,41,female,71,new,a,0,2.827799999998888,90,21,-34,99,7,-29,25.66666667,25.66666667,0,50.73022329,53.89702115,-3.166797855,-34,-29,-5,0.14,0.48,-0.34
5,41,female,72,new,b,1,3.994099999999662,63,50,-48,99,27,-43,21.66666667,27.66666667,-6,49.54683531,57.97317387,-8.426338566,-48,-43,-5,-0.67,0.02,-0.69
5,41,female,73,new,b,1,6.200099999999566,32,20,-50,54,6,-40,0.666666667,6.666666667,-6,36.16013766,38.37823457,-2.218096913,-50,-40,-10,-0.65,0.03,-0.68
5,41,female,74,new,a,0,3.739599999999655,91,16,-26,99,1,-19,27,27,0,48.39421453,51.5622601,-3.16804557,-26,-19,-7,0.33,0.63,-0.3
5,41,female,75,new,a,0,8.368900000000394,64,52,-58,93,11,-46,19.33333333,19.33333333,0,54.90193277,57.05163353,-2.149700761,-58,-46,-12,-0.68,0.22,-0.9
5,41,female,76,new,a,0,6.658500000000004,48,35,-20,67,3,-7,21,21,0,29.47315162,32.78210894,-3.308957317,-20,-7,-13,-0.61,0.66,-1.27
5,41,female,77,new,a,0,2.278299999998921,74,47,-15,86,19,-8,35.33333333,32.33333333,3,37.25885428,39.51652256,-2.257668285,-15,-8,-7,-0.44,0.47,-0.91
5,41,female,78,new,a,0,3.3462999999987915,59,49,-17,81,20,-10,30.33333333,30.33333333,0,33.71778298,37.86232369,-4.144540718,-17,-10,-7,-0.66,0.39,-1.05
5,41,female,79,new,a,0,3.8315999999996393,63,60,-7,87,12,-1,38.66666667,32.66666667,6,32.31442746,38.78430381,-6.46987635,-7,-1,-6,-0.7,0.65,-1.35
5,41,female,80,new,b,1,5.607500000000073,66,16,-25,85,5,-15,19,25,-6,37.21110945,43.20493799,-5.993828537,-25,-15,-10,0.12,0.6,-0.48
5,41,female,81,new,a,0,7.750999999999976,85,18,-17,93,4,-11,28.66666667,28.66666667,0,42.31889518,45.90085935,-3.581964172,-17,-11,-6,0.36,0.65,-0.29
5,41,female,82,new,a,0,2.6112000000011903,76,46,-41,95,20,-34,27,27,0,49.61854492,52.89612462,-3.277579702,-41,-34,-7,-0.52,0.2,-0.72
5,41,female,83,new,a,0,4.99680000000069,64,45,-19,85,10,-5,30,30,0,35.50586806,39.37003937,-3.86417131,-19,-5,-14,-0.56,0.63,-1.19
5,41,female,84,new,a,0,5.044000000000096,68,39,-23,88,15,-19,28,28,0,37.95611501,44.6392951,-6.683180086,-23,-19,-4,-0.41,0.41,-0.82
5,41,female,85,new,a,0,2.9770999999996093,63,47,-15,89,7,-1,31.66666667,31.66666667,0,33.63860216,40.67213078,-7.033528616,-15,-1,-14,-0.59,0.69,-1.28
5,41,female,86,new,a,0,4.180499999999938,59,50,-48,83,10,-41,20.33333333,17.33333333,3,48.45845873,50.88767587,-2.429217144,-48,-41,-7,-0.69,0.21,-0.9
5,41,female,87,new,a,0,5.806699999999182,60,39,-81,87,8,-77,6,6,0,62.11280061,66.96765388,-4.8548532700000004,-81,-77,-4,-0.65,-0.04,-0.61
5,41,female,88,new,a,0,7.70690000000036,67,61,-10,90,14,-4,39.33333333,33.33333333,6,34.96982827,40.73764298,-5.767814715,-10,-4,-6,-0.69,0.6,-1.29
5,41,female,89,new,a,0,5.155800000000795,73,32,-52,92,3,-42,17.66666667,17.66666667,0,52.02777036,55.67963921,-3.651868845,-52,-42,-10,-0.39,0.38,-0.77
5,41,female,90,new,a,0,7.1893999999985,52,45,-43,79,10,-35,18,18,0,43.2280773,46.88283268,-3.654755383,-43,-35,-8,-0.69,0.25,-0.94
5,41,female,91,new,a,0,2.5567999999989297,38,34,-15,62,2,-7,19,19,0,24.0970261,30.62678566,-6.529759566,-15,-7,-8,-0.69,0.66,-1.35
5,41,female,92,new,b,1,7.818800000000692,59,44,-37,88,14,-27,22,25,-3,42.16633728,47.58851402,-5.422176736,-37,-27,-10,-0.64,0.33,-0.97
5,41,female,93,new,a,0,5.585400000000391,61,45,-48,87,13,-42,19.33333333,19.33333333,0,48.05783553,52.85409687,-4.796261339,-48,-42,-6,-0.65,0.18,-0.83
5,41,female,94,new,a,0,8.07759999999962,50,31,-44,73,9,-36,12.33333333,15.33333333,-3,40.58187882,44.723844,-4.141965177,-44,-36,-8,-0.59,0.21,-0.8
5,41,female,95,new,a,0,2.137200000001144,55,38,-27,78,8,-20,22,22,0,35.33647785,41.21488404,-5.878406195,-27,-20,-7,-0.59,0.47,-1.06
5,41,female,96,new,a,0,2.8210000000000264,73,38,-33,97,1,-20,26,26,0,44.09837488,50.93132631,-6.832951437,-33,-20,-13,-0.39,0.62,-1.01
5,41,female,97,new,a,0,3.4755999999996448,63,37,-54,90,4,-48,15.33333333,15.33333333,0,50.16195991,56.90537955,-6.743419642,-54,-48,-6,-0.57,0.29,-0.86
5,41,female,98,new,a,0,3.7900999999995975,59,50,-96,98,6,-91,4.333333333,4.333333333,0,71.04145894,77.16792656,-6.126467612,-96,-91,-5,-0.7,-0.03,-0.67
5,41,female,99,new,a,0,5.482100000001537,54,23,-50,70,3,-46,9,9,0,43.59663596,47.5464685,-3.949832543,-50,-46,-4,-0.45,0.19,-0.64
5,41,female,100,new,a,0,2.8507999999987987,55,44,-34,91,3,-29,21.66666667,21.66666667,0,39.61761673,50.73679357,-11.11917684,-34,-29,-5,-0.67,0.5,-1.17
5,41,female,101,old,a,0,9.054799999998863,88,18,-15,83,9,-1,30.33333333,30.33333333,0,42.94440851,37.46405685,5.480351661,-15,-1,-14,0.41,0.67,-0.26
5,41,female,102,old,a,0,5.82430000000079,94,19,-17,81,8,-2,32,29,3,46.23851209,36.99549522,9.243016866,-17,-2,-15,0.4,0.67,-0.27
5,41,female,103,old,b,1,8.68619999999919,88,21,-90,58,41,-80,6.333333333,6.333333333,0,73.40451091,61.44012442,11.96438649,-90,-80,-10,-0.29,-0.67,0.38
5,41,female,104,old,b,1,12.601499999999987,76,15,-33,63,23,-28,19.33333333,19.33333333,0,44.60443426,37.24095714,7.363477116,-33,-28,-5,0.14,-0.15,0.29
5,41,female,105,old,b,1,6.39470000000108,72,21,-90,54,35,-86,1,1,0,67.63135368,62.00537611,5.625977565,-90,-86,-4,-0.42,-0.66,0.24
5,41,female,106,old,a,0,2.335900000000379,93,92,-16,86,78,-4,56.33333333,53.33333333,3,51.14901976,40.67213078,10.47688898,-16,-4,-12,-0.71,-0.69,-0.02
5,41,female,107,old,a,0,6.177599999999529,90,42,-24,83,22,-6,36,33,3,46.73328578,37.15732319,9.575962592,-24,-6,-18,-0.19,0.42,-0.61
5,41,female,108,old,a,0,8.17780000000073,82,35,-17,58,49,-7,33.33333333,33.33333333,0,40.43375927,28.75567577,11.6780835,-17,-7,-10,-0.06,-0.66,0.6
5,41,female,109,old,b,1,7.942199999999275,83,77,-23,99,33,-4,45.66666667,42.66666667,3,48.61641241,42.60151275,6.014899656,-23,-4,-19,-0.7,0.33,-1.03
5,41,female,110,old,a,0,4.262400000000412,74,55,-56,64,61,-52,24.33333333,24.33333333,0,57.33139532,53.98971095,3.341684362,-56,-52,-4,-0.65,-0.71,0.06
5,41,female,111,old,b,1,4.322599999999625,99,15,-82,88,18,-74,10.66666667,10.66666667,0,73.95644364,66.33919572,7.617247917,-82,-74,-8,-0.09,-0.16,0.07
5,41,female,112,old,b,1,9.046400000000403,84,58,-66,68,60,-52,25.33333333,25.33333333,0,65.44887742,54.78036956,10.66850786,-66,-52,-14,-0.62,-0.7,0.08
5,41,female,113,old,b,1,4.891400000000317,74,10,-57,50,28,-51,9,9,0,53.48520045,43.36665386,10.11854659,-57,-51,-6,-0.03,-0.57,0.54
5,41,female,114,old,b,1,10.443499999999972,96,7,-31,90,8,-26,24,24,0,53.22280213,48.68949236,4.533309767,-31,-26,-5,0.45,0.46,-0.01
5,41,female,115,old,b,1,3.907899999998562,83,69,-20,73,72,-13,44,44,0,45.61432524,40.30715404,5.307171197,-20,-13,-7,-0.66,-0.71,0.05
5,41,female,116,old,b,1,7.7004000000004,62,22,-65,45,27,-53,6.333333333,6.333333333,0,53.01781671,42.59368759,10.42412913,-65,-53,-12,-0.42,-0.61,0.19
5,41,female,117,old,b,1,8.294000000000096,91,17,-48,90,12,-33,20,23,-3,56.78614855,50.81338406,5.972764482,-48,-33,-15,0.08,0.31,-0.23
5,41,female,118,old,b,1,7.917600000001357,50,11,-57,35,13,-44,1.333333333,1.333333333,0,44.21412545,33.289971799999996,10.92415365,-57,-44,-13,-0.32,-0.48,0.16
5,41,female,119,old,b,1,3.990199999999163,77,55,-64,66,50,-48,22.66666667,22.66666667,0,61.93724423,50.39400317,11.54324105,-64,-48,-16,-0.64,-0.65,0.01
5,41,female,120,old,b,1,3.924300000000813,73,16,-47,50,33,-41,14,14,0,49.01020302,39.50527391,9.50492911,-47,-41,-6,-0.06,-0.61,0.55
5,41,female,121,old,b,1,7.890599999999495,57,18,-72,61,10,-59,1,4,-3,54.01851534,49.17316341,4.845351932,-72,-59,-13,-0.44,-0.18,-0.26
5,41,female,122,old,b,1,3.5938000000007837,87,73,-46,79,78,-34,38,41,-3,59.67132198,53.03457991,6.636742064,-46,-34,-12,-0.68,-0.71,0.03
5,41,female,123,old,a,0,7.700699999999188,90,63,-64,89,40,-58,29.66666667,23.66666667,6,67.14329618,61.11373732,6.029558865,-64,-58,-6,-0.62,-0.38,-0.24
5,41,female,124,old,a,0,6.476699999999255,99,34,-24,83,38,-12,36.33333333,36.33333333,0,50.24163833,38.80148909,11.44014924,-24,-12,-12,0.07,-0.06,0.13
5,41,female,125,old,b,1,6.327900000000454,77,36,-10,56,52,-5,34.33333333,34.33333333,0,35.53714801,27.86076493,7.676383088,-10,-5,-5,-0.07,-0.7,0.63
5,41,female,126,old,a,0,5.249300000000858,92,42,-56,66,60,-48,26,26,0,61.47086031,52.38320341,9.08765689,-56,-48,-8,-0.37,-0.7,0.33
5,41,female,127,old,b,1,2.900899999998501,89,20,-61,76,18,-46,16,16,0,61.3025285,49.82636518,11.47616332,-61,-46,-15,-0.1,-0.06,-0.04
5,41,female,128,old,a,0,4.508700000001227,92,82,-79,91,65,-61,31.66666667,31.66666667,0,78.35957007,66.379381,11.98018907,-79,-61,-18,-0.7,-0.63,-0.07
5,41,female,129,old,a,0,5.847800000000689,91,61,-33,66,59,-24,39.66666667,33.66666667,6,52.82255411,40.87650779,11.94604632,-33,-24,-9,-0.54,-0.69,0.15
5,41,female,130,old,a,0,6.201999999999998,63,24,-59,39,36,-47,9.333333333,9.333333333,0,50.87457344,39.85250585,11.02206759,-59,-47,-12,-0.41,-0.7,0.29
5,41,female,131,old,b,1,18.35850000000005,83,34,-85,62,50,-80,10.66666667,10.66666667,0,70.54234347,64.29791771,6.244425757,-85,-80,-5,-0.46,-0.69,0.23
5,41,female,132,old,b,1,4.549499999999853,83,77,-71,76,70,-57,29.66666667,29.66666667,0,71.22421561,61.33152171,9.892693895,-71,-57,-14,-0.7,-0.7,0
5,41,female,133,old,b,1,8.37440000000015,96,27,-44,64,55,-40,26.33333333,26.33333333,0,57.15670467,47.0484384,10.10826627,-44,-40,-4,-0.02,-0.69,0.67
5,41,female,134,old,b,1,8.383199999999306,62,43,-30,52,48,-25,25,25,0,39.65686153,35.39303133,4.263830204,-30,-25,-5,-0.59,-0.7,0.11
5,41,female,135,old,b,1,2.578999999999951,81,41,-34,61,54,-27,29.33333333,29.33333333,0,47.66783215,39.93606001,7.731772147,-34,-27,-7,-0.35,-0.69,0.34
5,41,female,136,old,a,0,5.0208000000006905,58,32,-27,41,25,-21,21,15,6,35.56215217,26.28053779,9.281614373,-27,-21,-6,-0.43,-0.52,0.09
5,41,female,137,old,b,1,2.583699999999453,70,22,-42,58,18,-26,16.66666667,16.66666667,0,45.87906809,34.30581421,11.57325388,-42,-26,-16,-0.17,-0.06,-0.11
5,41,female,138,old,b,1,3.7740000000001146,72,17,-27,51,31,-20,20.66666667,20.66666667,0,40.49965706,29.89239963,10.60725743,-27,-20,-7,0.14,-0.48,0.62
5,41,female,139,old,b,1,5.107000000000198,64,24,-48,52,23,-35,13.33333333,13.33333333,0,46.34172586,36.16935474,10.17237112,-48,-35,-13,-0.33,-0.38,0.05
5,41,female,140,old,b,1,10.778599999999642,36,21,-30,39,17,-20,9,12,-3,28.24889378,24.34474618,3.904147602,-30,-20,-10,-0.56,-0.3,-0.26
5,41,female,141,old,a,0,2.971700000001192,89,74,-13,90,55,-4,50,47,3,44.96665431,38.79003308,6.176621228,-13,-4,-9,-0.65,-0.3,-0.35
5,41,female,142,old,b,1,4.125300000000834,82,60,-65,69,63,-55,25.66666667,25.66666667,0,64.73707507,57.09251751,7.644557563,-65,-55,-10,-0.65,-0.7,0.05
5,41,female,143,old,b,1,2.23610000000167,87,30,-64,70,56,-55,17.66666667,23.66666667,-6,62.25931434,55.91859162,6.34072272,-64,-55,-9,-0.29,-0.67,0.38
5,41,female,144,old,b,1,7.425599999999576,75,28,-55,47,46,-45,16,16,0,53.7463177,43.13544559,10.61087211,-55,-45,-10,-0.32,-0.71,0.39
5,41,female,145,old,b,1,5.56690000000026,96,33,-14,80,42,-7,38.33333333,38.33333333,0,45.0653846,35.6121078,9.453276793,-14,-7,-7,0.18,-0.15,0.33
5,41,female,146,old,b,1,4.635999999999967,60,14,-23,64,12,-7,17,23,-6,33.950945,30.01110905,3.93983595,-23,-7,-16,0.13,0.5,-0.37
5,41,female,147,old,b,1,3.9615999999996343,78,23,-44,60,33,-36,19,19,0,49.88653793,40.42276586,9.463772067,-44,-36,-8,-0.12,-0.48,0.36
5,41,female,148,old,a,0,9.06109999999967,94,36,-54,66,41,-49,25.33333333,19.33333333,6,60.88969991,49.38510797,11.50459195,-54,-49,-5,-0.26,-0.57,0.31
5,41,female,149,old,b,1,4.761099999999487,84,75,-47,83,60,-31,37.33333333,37.33333333,0,59.74575764,49.22284926,10.52290838,-47,-31,-16,-0.7,-0.59,-0.11
5,41,female,150,old,a,0,7.424099999999726,65,54,-91,69,19,-78,9.333333333,3.333333333,6,71.08836442,61.02640594,10.06195848,-91,-78,-13,-0.69,-0.37,-0.32
5,41,female,151,old,a,0,2.992299999998977,75,73,-48,83,65,-30,33.33333333,39.33333333,-6,57.5171472,49.57373857,7.943408634,-48,-30,-18,-0.71,-0.64,-0.07
5,41,female,152,old,a,0,3.910999999999831,77,41,-37,76,27,-22,27,27,0,47.58150901,40.00833247,7.573176548,-37,-22,-15,-0.42,0,-0.42
5,41,female,153,old,a,0,4.252900000000409,56,51,-81,67,14,-73,8.666666667,2.666666667,6,63.43675766,57.71385353,5.722904132,-81,-73,-8,-0.7,-0.29,-0.41
5,41,female,154,old,b,1,5.467400000000453,60,35,-20,63,33,-12,25,28,-3,33.41656276,30.82207001,2.594492745,-20,-12,-8,-0.42,-0.24,-0.18
5,41,female,155,old,b,1,2.8015999999997803,91,6,-27,80,2,-12,23.33333333,23.33333333,0,49.70803646,40.47495796,9.233078497,-27,-12,-15,0.48,0.64,-0.16
5,41,female,156,old,b,1,5.604900000000498,58,9,-18,53,10,-14,16.33333333,16.33333333,0,31.45720197,27.71682201,3.740379958,-18,-14,-4,0.34,0.33,0.01
5,41,female,157,old,b,1,5.768599999999651,78,60,-46,63,61,-32,30.66666667,30.66666667,0,54.70730197,44.31954673,10.38775524,-46,-32,-14,-0.65,-0.71,0.06
5,41,female,158,old,a,0,14.499199999999291,53,43,-8,49,31,-1,29.33333333,26.33333333,3,26.71246068,20.67741656,6.035044121,-8,-1,-7,-0.63,-0.33,-0.3
5,41,female,159,old,a,0,3.162499999999909,96,32,-13,92,15,-1,38.33333333,35.33333333,3,44.723844,40.59830319,4.125540807,-13,-1,-12,0.21,0.63,-0.42
5,41,female,160,old,b,1,3.3735999999996693,90,28,-61,83,25,-51,19,19,0,61.97311245,54.86954225,7.1035702,-61,-51,-10,-0.21,-0.16,-0.05
5,41,female,161,old,b,1,3.5587000000011813,37,20,-43,33,26,-36,4.666666667,7.666666667,-3,34.41253002,31.00895928,3.403570739,-43,-36,-7,-0.58,-0.68,0.1
5,41,female,162,old,a,0,2.695899999998573,67,50,-25,66,32,-6,30.66666667,30.66666667,0,39.96943276,29.40899333,10.56043943,-25,-6,-19,-0.61,-0.07,-0.54
5,41,female,163,old,b,1,8.148300000000745,94,31,-45,90,39,-40,26.66666667,29.66666667,-3,56.82917873,53.48104545,3.348133286,-45,-40,-5,-0.11,-0.26,0.15
5,41,female,164,old,b,1,4.7452000000009775,77,47,-55,89,39,-41,23,29,-6,56.49778757,53.54126135,2.95652622,-55,-41,-14,-0.56,-0.27,-0.29
5,41,female,165,old,b,1,7.630999999999858,39,5,-20,23,9,-8,8,8,0,24.17988144,12.67543556,11.50444588,-20,-8,-12,0.18,-0.12,0.3
5,41,female,166,old,a,0,2.9240999999997257,98,82,-10,87,77,-3,56.66666667,53.66666667,3,47.59084879,40.27681991,7.314028882,-10,-3,-7,-0.65,-0.67,0.02
5,41,female,167,old,b,1,7.345300000000861,76,36,-11,65,40,-4,33.66666667,33.66666667,0,35.55590278,28.52289529,7.033007489,-11,-4,-7,-0.1,-0.32,0.22
5,41,female,168,old,b,1,4.894800000000714,94,58,-17,96,40,-1,45,45,0,46.23851209,39.75759885,6.480913232,-17,-1,-16,-0.4,0.19,-0.59
5,41,female,169,old,a,0,4.484699999999293,96,80,-56,99,42,-39,40,34,6,68.19579655,56.62155067,11.57424588,-56,-39,-17,-0.68,-0.21,-0.47
5,41,female,170,old,b,1,6.776600000001508,89,61,-86,90,63,-71,21.33333333,27.33333333,-6,76.75212628,70.40044192,6.351684365,-86,-71,-15,-0.64,-0.63,-0.01
5,41,female,171,old,b,1,8.420099999999593,74,59,-14,72,54,-7,39.66666667,39.66666667,0,38.43898484,33.80663972,4.632345124,-14,-7,-7,-0.63,-0.56,-0.07
5,41,female,172,old,b,1,4.947499999999991,74,64,-60,72,67,-43,26,32,-6,60.94806532,53.07227776,7.875787563,-60,-43,-17,-0.69,-0.7,0.01
5,41,female,173,old,b,1,8.311500000000024,78,38,-68,84,24,-51,16,19,-3,61.60086579,55.22680509,6.374060709,-68,-51,-17,-0.49,-0.14,-0.35
5,41,female,174,old,b,1,3.948699999999235,80,41,-11,67,46,-3,36.66666667,36.66666667,0,37.27674282,29.32954521,7.947197614,-11,-3,-8,-0.17,-0.45,0.28
5,41,female,175,old,b,1,10.823499999999967,98,57,-67,91,49,-52,29.33333333,29.33333333,0,70.14429572,60.01296156,10.13133416,-67,-52,-15,-0.53,-0.46,-0.07
5,41,female,176,old,b,1,5.625599999999849,70,13,-28,63,8,-16,18.33333333,18.33333333,0,40.18568015,33.06895153,7.116728613,-28,-16,-12,0.2,0.44,-0.24
5,41,female,177,old,b,1,4.47780000000057,76,15,-21,57,42,-11,23.33333333,29.33333333,-6,40.03609483,29.16999981,10.86609502,-21,-11,-10,0.3,-0.57,0.87
5,41,female,178,old,b,1,10.032500000000027,55,29,-25,52,42,-17,19.66666667,25.66666667,-6,33.31999733,30.44484996,2.875147376,-25,-17,-8,-0.4,-0.65,0.25
5,41,female,179,old,a,0,3.525499999999965,89,46,-19,85,23,-1,38.66666667,35.66666667,3,44.39469438,36.23380864,8.160885733,-19,-1,-18,-0.24,0.48,-0.72
5,41,female,180,old,b,1,5.687300000000732,67,46,-21,65,36,-9,30.66666667,30.66666667,0,37.52628708,30.44484996,7.081437126,-21,-9,-12,-0.54,-0.26,-0.28
5,41,female,181,old,b,1,4.151000000000067,88,66,-26,87,52,-11,42.66666667,42.66666667,0,49.37835783,40.54901013,8.829347706,-26,-11,-15,-0.6,-0.33,-0.27
5,41,female,182,old,b,1,6.222199999999248,85,73,-22,97,49,-10,45.33333333,45.33333333,0,47.86323107,43.75944343,4.103787649,-22,-10,-12,-0.67,-0.13,-0.54
5,41,female,183,old,b,1,4.922899999998435,78,21,-82,61,26,-70,5.666666667,5.666666667,0,66.21345952,55.37949881,10.83396071,-82,-70,-12,-0.33,-0.5,0.17
5,41,female,184,old,b,1,4.544900000000325,83,41,-57,84,47,-46,22.33333333,28.33333333,-6,58.65909042,54.68901982,3.9700706,-57,-46,-11,-0.45,-0.47,0.02
5,41,female,185,old,b,1,4.8756999999993695,96,4,-46,81,12,-39,18,18,0,58.81042991,49.17316341,9.637266501,-46,-39,-7,0.34,0.18,0.16
5,41,female,186,old,b,1,7.087599999999611,85,53,-67,66,63,-58,23.66666667,23.66666667,0,65.42850211,57.76004001,7.668462102,-67,-58,-9,-0.58,-0.71,0.13
5,41,female,187,old,b,1,9.922900000000254,81,17,-68,69,21,-51,10,13,-3,61.03004724,49.31531202,11.71473522,-68,-51,-17,-0.17,-0.24,0.07
5,41,female,188,old,a,0,4.591499999999996,87,70,-27,80,50,-18,43.33333333,37.33333333,6,50.21509291,40.99864496,9.216447942,-27,-18,-9,-0.65,-0.43,-0.22
5,41,female,189,old,b,1,4.574500000000171,95,25,-45,69,46,-40,25,25,0,57.15476066,46.91126375,10.24349691,-45,-40,-5,0,-0.58,0.58
5,41,female,190,old,b,1,4.838599999999588,83,39,-20,88,37,-5,34,40,-6,42.19794624,38.02630668,4.171639554,-20,-5,-15,-0.18,0.12,-0.3
5,41,female,191,old,a,0,6.46130000000062,64,37,-54,65,7,-43,15.66666667,9.666666667,6,50.479919,44.13111777,6.348801231,-54,-43,-11,-0.56,0.09,-0.65
5,41,female,192,old,b,1,2.1357999999988806,75,27,-60,59,34,-51,14,14,0,55.87486018,47.08148964,8.793370539,-60,-51,-9,-0.34,-0.56,0.22
5,41,female,193,old,a,0,3.311599999999771,67,46,-24,68,38,-17,29.66666667,29.66666667,0,38.90444133,35.19785347,3.706587865,-24,-17,-7,-0.56,-0.34,-0.22
5,41,female,194,old,b,1,3.991199999999253,86,27,-87,69,30,-73,8.666666667,8.666666667,0,71.80683966,59.90177144,11.90506822,-87,-73,-14,-0.37,-0.49,0.12
5,41,female,195,old,a,0,6.33400000000006,92,37,-21,95,22,-9,36,36,0,46.13747573,43.59663596,2.540839773,-21,-9,-12,-0.03,0.45,-0.48
5,41,female,196,old,a,0,8.213099999999486,78,66,-11,64,61,-1,44.33333333,41.33333333,3,39.43207944,29.95923156,9.472847881,-11,-1,-10,-0.66,-0.7,0.04
5,41,female,197,old,b,1,8.587199999999257,73,41,-12,65,47,-1,34,37,-3,35.05234181,27.85677655,7.19556526,-12,-1,-11,-0.29,-0.49,0.2
5,41,female,198,old,a,0,6.083799999998973,62,55,-47,57,37,-42,23.33333333,17.33333333,6,49.8152141,42.74212078,7.073093316,-47,-42,-5,-0.7,-0.59,-0.11
5,41,female,199,old,b,1,4.586000000000013,51,40,-31,42,41,-23,20,20,0,36.34097779,30.40833219,5.932645598,-31,-23,-8,-0.66,-0.71,0.05
5,41,female,200,old,b,1,8.740299999999024,36,7,-38,19,18,-32,1.666666667,1.666666667,0,30.44484996,23.80942857,6.635421386,-38,-32,-6,-0.26,-0.71,0.45
6,28,male,1,new,a,0,14.22859999999963,52,45,-43,79,10,-35,18,18,0,43.2280773,46.88283268,-3.654755383,-43,-35,-8,-0.69,0.25,-0.94
6,28,male,2,new,a,0,10.381,72,36,-85,88,16,-81,7.666666667,7.666666667,0,67.15322446,69.24513621,-2.09191175,-85,-81,-4,-0.56,-0.18,-0.38
6,28,male,3,new,a,0,8.605800000000755,58,47,-74,97,2,-68,10.33333333,10.33333333,0,59.80152358,67.61820925,-7.816685673,-74,-68,-6,-0.69,0.18,-0.87
6,28,male,4,new,a,0,2.8240000000000123,64,45,-19,85,10,-5,30,30,0,35.50586806,39.37003937,-3.86417131,-19,-5,-14,-0.56,0.63,-1.19
6,28,male,5,new,b,1,7.493099999999657,38,33,-50,58,27,-46,7,13,-6,40.35674252,43.59663596,-3.239893438,-50,-46,-4,-0.7,-0.45,-0.25
6,28,male,6,new,a,0,3.3919999999999675,69,44,-23,81,8,-17,30,24,6,38.8415585,41.57723736,-2.735678863,-23,-17,-6,-0.49,0.52,-1.01
6,28,male,7,new,a,0,2.3589000000003466,50,31,-44,73,9,-36,12.33333333,15.33333333,-3,40.58187882,44.723844,-4.141965177,-44,-36,-8,-0.59,0.21,-0.8
6,28,male,8,new,a,0,1.8750999999996336,56,46,-28,85,8,-19,24.66666667,24.66666667,0,37.46405685,44.06308609,-6.599029239,-28,-19,-9,-0.67,0.51,-1.18
6,28,male,9,new,a,0,3.4028000000006955,63,56,-8,78,18,-3,37,31,6,31.94787421,34.3220046,-2.374130391,-8,-3,-5,-0.68,0.51,-1.19
6,28,male,10,new,a,0,1.7434999999999832,64,52,-58,93,11,-46,19.33333333,19.33333333,0,54.90193277,57.05163353,-2.149700761,-58,-46,-12,-0.68,0.22,-0.9
6,28,male,11,new,b,1,4.175999999999988,71,31,-47,94,2,-32,18.33333333,21.33333333,-3,48.9988662,53.22488975,-4.22602355,-47,-32,-15,-0.37,0.5,-0.87
6,28,male,12,new,a,0,1.32770000000113,52,40,-57,82,4,-42,11.66666667,14.66666667,-3,48.80118396,51.18159391,-2.380409957,-57,-42,-15,-0.68,0.3,-0.98
6,28,male,13,new,a,0,2.275199999999302,64,41,-14,77,10,-5,30.33333333,27.33333333,3,32.72443871,35.64952859,-2.925089883,-14,-5,-9,-0.45,0.61,-1.06
6,28,male,14,new,a,0,3.509299999998859,76,46,-41,95,20,-34,27,27,0,49.61854492,52.89612462,-3.277579702,-41,-34,-7,-0.52,0.2,-0.72
6,28,male,15,new,a,0,1.8899000000004091,59,49,-17,81,20,-10,30.33333333,30.33333333,0,33.71778298,37.86232369,-4.144540718,-17,-10,-7,-0.66,0.39,-1.05
6,28,male,16,new,a,0,1.4641000000015083,46,39,-47,76,2,-40,12.66666667,12.66666667,0,42.28737663,47.95368136,-5.666304726,-47,-40,-7,-0.69,0.32,-1.01
6,28,male,17,new,a,0,1.3234999999999673,75,40,-15,94,14,-8,33.33333333,33.33333333,0,37.04351795,43.82794644,-6.784428486,-15,-8,-7,-0.26,0.58,-0.84
6,28,male,18,new,a,0,1.6245000000000118,66,42,-35,90,1,-18,24.33333333,24.33333333,0,43.08389748,47.07676945,-3.992871972,-35,-18,-17,-0.55,0.62,-1.17
6,28,male,19,new,a,0,0.97430000000071,81,22,-15,91,3,-6,29.33333333,29.33333333,0,39.53338954,43.75944343,-4.226053881,-15,-6,-9,0.27,0.68,-0.41
6,28,male,20,new,a,0,1.093599999999583,66,44,-27,85,4,-15,27.66666667,24.66666667,3,39.68486977,43.36152929,-3.676659515,-27,-15,-12,-0.55,0.61,-1.16
6,28,male,21,new,b,1,0.9020999999996776,69,68,-17,94,19,-11,40,34,6,40.30715404,44.15880433,-3.851650293,-17,-11,-6,-0.71,0.47,-1.18
6,28,male,22,new,b,1,4.906499999999994,30,23,-7,44,5,-3,15.33333333,15.33333333,0,16.04853749,20.53181813,-4.483280636,-7,-3,-4,-0.61,0.63,-1.24
6,28,male,23,new,a,0,2.177099999999598,41,32,-42,64,5,-38,10.33333333,10.33333333,0,37.18721405,41.81174742,-4.624533368,-42,-38,-4,-0.68,0.19,-0.87
6,28,male,24,new,b,1,1.141999999999996,59,44,-37,88,14,-27,22,25,-3,42.16633728,47.58851402,-5.422176736,-37,-27,-10,-0.64,0.33,-0.97
6,28,male,25,new,a,0,2.206700000001149,47,44,-9,67,8,-2,27.33333333,24.33333333,3,25.7207223,30.44484996,-4.724127658,-9,-2,-7,-0.7,0.65,-1.35
6,28,male,26,new,a,0,1.443900000000326,68,40,-24,83,5,-13,28,25,3,38.50541088,41.66533331,-3.159922437,-24,-13,-11,-0.44,0.61,-1.05
6,28,male,27,new,a,0,1.394300000000726,68,19,-54,79,4,-50,11,11,0,50.12650663,52.89612462,-2.769617994,-54,-50,-4,-0.24,0.2,-0.44
6,28,male,28,new,a,0,1.5476999999992245,55,16,-30,64,2,-25,13.66666667,13.66666667,0,34.7403064,37.25885428,-2.518547878,-30,-25,-5,-0.1,0.44,-0.54
6,28,male,29,new,a,0,2.0658999999985213,67,61,-10,90,14,-4,39.33333333,33.33333333,6,34.96982827,40.73764298,-5.767814715,-10,-4,-6,-0.69,0.6,-1.29
6,28,male,30,new,a,0,1.492999999999995,52,40,-47,82,1,-38,15,15,0,44.11349,49.979996,-5.866505998,-47,-38,-9,-0.67,0.4,-1.07
6,28,male,31,new,a,0,1.2256999999992786,61,39,-94,93,10,-88,2,5,-3,68.47383929,73.97747405,-5.503634762,-94,-88,-6,-0.65,-0.1,-0.55
6,28,male,32,new,a,0,1.4600999999996134,91,16,-26,99,1,-19,27,27,0,48.39421453,51.5622601,-3.16804557,-26,-19,-7,0.33,0.63,-0.3
6,28,male,33,new,a,0,2.8441999999992618,70,24,-76,92,8,-64,6,12,-6,60.94806532,63.7495098,-2.801444479,-76,-64,-12,-0.42,0.09,-0.51
6,28,male,34,new,a,0,1.577799999998888,54,23,-50,70,3,-46,9,9,0,43.59663596,47.5464685,-3.949832543,-50,-46,-4,-0.45,0.19,-0.64
6,28,male,35,new,a,0,1.3910999999995963,63,37,-54,90,4,-48,15.33333333,15.33333333,0,50.16195991,56.90537955,-6.743419642,-54,-48,-6,-0.57,0.29,-0.86
6,28,male,36,new,a,0,1.593500000000006,49,34,-14,65,1,-6,23,20,3,26.87005769,31.94787421,-5.077816527,-14,-6,-8,-0.55,0.68,-1.23
6,28,male,37,new,b,1,2.3412999999989097,73,48,-72,98,34,-65,16.33333333,22.33333333,-6,63.28945849,67.05387552,-3.764417033,-72,-65,-7,-0.63,-0.26,-0.37
6,28,male,38,new,a,0,1.509900000000357,44,39,-75,72,4,-68,2.666666667,2.666666667,0,54.95654849,57.16253629,-2.205987801,-75,-68,-7,-0.7,-0.03,-0.67
6,28,male,39,new,a,0,1.5950999999996045,73,53,-40,92,18,-33,28.66666667,25.66666667,3,49.23639124,51.31817958,-2.081788343,-40,-33,-7,-0.62,0.22,-0.84
6,28,male,40,new,a,0,2.32559999999961,63,26,-14,81,1,-7,25,25,0,31.44307025,39.73243847,-8.28936822,-14,-7,-7,-0.05,0.69,-0.74
6,28,male,41,new,a,0,2.584100000001456,65,47,-77,94,10,-69,11.66666667,11.66666667,0,63.12597634,66.55490632,-3.428929982,-77,-69,-8,-0.66,0.04,-0.7
6,28,male,42,new,b,1,4.95150000000001,76,21,-90,94,13,-82,2.333333333,8.333333333,-6,69.04265992,71.92743257,-2.884772646,-90,-82,-8,-0.39,-0.1,-0.29
6,28,male,43,new,a,0,2.177600000001462,69,37,-33,94,9,-21,24.33333333,27.33333333,-3,42.59368759,48.70546399,-6.111776401,-33,-21,-12,-0.42,0.51,-0.93
6,28,male,44,new,a,0,1.258299999998826,55,44,-34,91,3,-29,21.66666667,21.66666667,0,39.61761673,50.73679357,-11.11917684,-34,-29,-5,-0.67,0.5,-1.17
6,28,male,45,new,a,0,4.226100000001509,45,18,-24,62,5,-19,13,16,-3,28.39013913,33.9705755,-5.58043637,-24,-19,-5,-0.26,0.45,-0.71
6,28,male,46,new,b,1,6.143599999999651,59,50,-96,98,6,-91,4.333333333,4.333333333,0,71.04145894,77.16792656,-6.126467612,-96,-91,-5,-0.7,-0.03,-0.67
6,28,male,47,new,a,0,2.092299999998886,50,30,-9,60,16,-5,23.66666667,23.66666667,0,24.4994331,27.08423075,-2.584797654,-9,-5,-4,-0.37,0.4,-0.77
6,28,male,48,new,a,0,1.7099000000003457,59,50,-48,83,10,-41,20.33333333,17.33333333,3,48.45845873,50.88767587,-2.429217144,-48,-41,-7,-0.69,0.21,-0.9
6,28,male,49,new,a,0,1.677099999999598,73,32,-52,92,3,-42,17.66666667,17.66666667,0,52.02777036,55.67963921,-3.651868845,-52,-42,-10,-0.39,0.38,-0.77
6,28,male,50,new,a,0,1.3758000000007655,83,49,-12,97,11,-6,40,34,6,39.3022476,45.08510471,-5.782857106,-12,-6,-6,-0.33,0.63,-0.96
6,28,male,51,new,a,0,1.6070999999996616,57,54,-20,83,2,-3,30.33333333,27.33333333,3,35.6121078,39.4151691,-3.803061301,-20,-3,-17,-0.7,0.7,-1.4
6,28,male,52,new,a,0,3.143000000000029,90,21,-34,99,7,-29,25.66666667,25.66666667,0,50.73022329,53.89702115,-3.166797855,-34,-29,-5,0.14,0.48,-0.34
6,28,male,53,new,a,0,1.101600000001497,64,55,-60,94,8,-52,19.66666667,16.66666667,3,56.4525366,59.91846312,-3.465926514,-60,-52,-8,-0.69,0.21,-0.9
6,28,male,54,new,a,0,1.2923000000007503,74,47,-15,86,19,-8,35.33333333,32.33333333,3,37.25885428,39.51652256,-2.257668285,-15,-8,-7,-0.44,0.47,-0.91
6,28,male,55,new,b,1,2.005399999998531,60,39,-81,87,8,-77,6,6,0,62.11280061,66.96765388,-4.8548532700000004,-81,-77,-4,-0.65,-0.04,-0.61
6,28,male,56,new,a,0,3.0347000000011235,60,24,-63,84,3,-57,7,10,-3,51.63332257,57.7754273,-6.142104729,-63,-57,-6,-0.46,0.18,-0.64
6,28,male,57,new,a,0,1.5411999999992645,69,47,-23,96,10,-13,31,31,0,39.22584182,46.91126375,-7.685421928,-23,-13,-10,-0.54,0.58,-1.12
6,28,male,58,new,a,0,3.983499999999992,69,48,-66,95,23,-58,17,20,-3,59.31273051,62.49799997,-3.185269463,-66,-58,-8,-0.64,-0.07,-0.57
6,28,male,59,new,a,0,2.8149999999999977,56,54,-15,82,21,-8,31.66666667,31.66666667,0,33.00841644,37.50851755,-4.500101116,-15,-8,-7,-0.71,0.4,-1.11
6,28,male,60,new,a,0,1.1096999999992931,57,37,-63,90,9,-59,10.33333333,13.33333333,-3,52.49338583,60.90612084,-8.412735011,-63,-59,-4,-0.63,0.11,-0.74
6,28,male,61,new,a,0,1.4230999999995788,88,22,-23,94,12,-19,29,29,0,45.58508528,47.67249382,-2.087408536,-23,-19,-4,0.23,0.49,-0.26
6,28,male,62,new,a,0,1.2070999999996277,69,40,-28,95,8,-22,27,27,0,40.65300317,49.61854492,-8.965541751,-28,-22,-6,-0.45,0.52,-0.97
6,28,male,63,new,a,0,1.6440999999996393,32,20,-50,54,6,-40,0.666666667,6.666666667,-6,36.16013766,38.37823457,-2.218096913,-50,-40,-10,-0.65,0.03,-0.68
6,28,male,64,new,a,0,1.6488000000007332,79,49,-50,98,25,-45,26,26,0,55.11805512,58.3837877,-3.265732586,-50,-45,-5,-0.55,0.03,-0.58
6,28,male,65,new,a,0,1.309000000000026,50,46,-84,74,36,-80,4,10,-6,62.24682053,65.50318058,-3.25636005,-84,-80,-4,-0.7,-0.53,-0.17
6,28,male,66,new,b,1,3.3640000000000327,53,44,-12,76,17,-8,28.33333333,28.33333333,0,28.75567577,35.21678893,-6.461113157,-12,-8,-4,-0.66,0.45,-1.11
6,28,male,67,new,a,0,2.943400000000338,66,16,-25,85,5,-15,19,25,-6,37.21110945,43.20493799,-5.993828537,-25,-15,-10,0.12,0.6,-0.48
6,28,male,68,new,a,0,2.005900000000395,63,47,-15,89,7,-1,31.66666667,31.66666667,0,33.63860216,40.67213078,-7.033528616,-15,-1,-14,-0.59,0.69,-1.28
6,28,male,69,new,a,0,1.1324999999999932,61,45,-48,87,13,-42,19.33333333,19.33333333,0,48.05783553,52.85409687,-4.796261339,-48,-42,-6,-0.65,0.18,-0.83
6,28,male,70,new,a,0,1.2456999999992604,76,47,-63,93,8,-59,20,14,6,59.87208587,62.19860663,-2.326520758,-63,-59,-4,-0.58,0.14,-0.72
6,28,male,71,new,a,0,1.2104999999999675,68,39,-23,88,15,-19,28,28,0,37.95611501,44.6392951,-6.683180086,-23,-19,-4,-0.41,0.41,-0.82
6,28,male,72,new,a,0,1.2769999999999868,79,60,-16,98,12,-5,41,35,6,41.04469109,45.08510471,-4.04041362,-16,-5,-11,-0.6,0.63,-1.23
6,28,male,73,new,a,0,1.9447000000010921,52,43,-65,75,16,-61,10,10,0,53.16013544,55.68363015,-2.52349471,-65,-61,-4,-0.69,-0.16,-0.53
6,28,male,74,new,a,0,1.710399999998458,77,36,-47,94,14,-42,22,22,0,51.58165048,55.80919876,-4.22754828,-47,-42,-5,-0.39,0.21,-0.6
6,28,male,75,new,a,0,2.5097000000010894,47,30,-26,67,16,-14,17,23,-6,31.18760438,33.43650699,-2.248902619,-26,-14,-12,-0.55,0.3,-0.85
6,28,male,76,new,a,0,1.8114999999999668,38,34,-15,62,2,-7,19,19,0,24.0970261,30.62678566,-6.529759566,-15,-7,-8,-0.69,0.66,-1.35
6,28,male,77,new,a,0,1.495299999998906,48,46,-67,77,10,-60,9,9,0,53.7463177,55.93448549,-2.188167783,-67,-60,-7,-0.71,-0.03,-0.68
6,28,male,78,new,a,0,1.2326999999992267,64,53,-37,92,1,-31,26.66666667,20.66666667,6,45.24255617,52.10459566,-6.862039489,-37,-31,-6,-0.68,0.51,-1.19
6,28,male,79,new,a,0,2.0103000000007114,70,30,-62,87,8,-57,12.66666667,12.66666667,0,55.265018070000004,58.88029287,-3.615274804,-62,-57,-5,-0.44,0.12,-0.56
6,28,male,80,new,a,0,1.2779000000003862,48,35,-20,67,3,-7,21,21,0,29.47315162,32.78210894,-3.308957317,-20,-7,-13,-0.61,0.66,-1.27
6,28,male,81,new,a,0,3.1947000000011485,37,25,-44,56,2,-40,6,6,0,35.6931366,39.29376541,-3.600628814,-44,-40,-4,-0.65,0.15,-0.8
6,28,male,82,new,a,0,1.2092000000010898,45,44,-23,80,3,-17,22,22,0,31.82242396,41.81706191,-9.994637949,-23,-17,-6,-0.71,0.59,-1.3
6,28,male,83,new,b,1,1.930499999999995,85,30,-10,93,17,-5,35,35,0,38.94440482,41.98412398,-3.039719165,-10,-5,-5,0.19,0.56,-0.37
6,28,male,84,new,a,0,1.2892000000011308,79,32,-39,94,13,-35,24,24,0,48.50429534,53.23532662,-4.731031274,-39,-35,-4,-0.24,0.3,-0.54
6,28,male,85,new,a,0,1.1928999999985308,51,45,-78,80,11,-73,6,6,0,59.44745579,62.56196928,-3.114513488,-78,-73,-5,-0.7,-0.12,-0.58
6,28,male,86,new,a,0,1.4254999999999995,69,51,-21,95,8,-4,33,33,0,38.88444419,44.11349,-5.22904581,-21,-4,-17,-0.6,0.67,-1.27
6,28,male,87,new,a,0,1.893100000001482,77,47,-21,99,18,-14,34.33333333,34.33333333,0,40.99864496,47.55581516,-6.557170196,-21,-14,-7,-0.43,0.47,-0.9
6,28,male,88,new,a,0,1.1944000000003712,53,51,-96,93,17,-84,2.666666667,8.666666667,-6,69.77264666,72.49980843,-2.727161767,-96,-84,-12,-0.71,-0.17,-0.54
6,28,male,89,new,b,1,2.0265999999996325,55,38,-27,78,8,-20,22,22,0,35.33647785,41.21488404,-5.878406195,-27,-20,-7,-0.59,0.47,-1.06
6,28,male,90,new,a,0,1.794400000000337,71,34,-28,85,10,-18,25.66666667,25.66666667,0,40.84387619,43.48435223,-2.64047604,-28,-18,-10,-0.3,0.49,-0.79
6,28,male,91,new,a,0,2.1841999999992368,54,46,-53,77,18,-48,15.66666667,15.66666667,0,48.66438351,51.05770156,-2.393318055,-53,-48,-5,-0.69,-0.07,-0.62
6,28,male,92,new,a,0,1.7261999999992668,85,18,-17,93,4,-11,28.66666667,28.66666667,0,42.31889518,45.90085935,-3.581964172,-17,-11,-6,0.36,0.65,-0.29
6,28,male,93,new,a,0,2.9097999999988247,84,36,-9,88,6,-1,37,31,6,37.97367509,40.40627014,-2.432595048,-9,-1,-8,0.04,0.69,-0.65
6,28,male,94,new,a,0,1.25100000000009,73,38,-33,97,1,-20,26,26,0,44.09837488,50.93132631,-6.832951437,-33,-20,-13,-0.39,0.62,-1.01
6,28,male,95,new,a,0,3.777299999998832,66,50,-48,92,14,-38,22.66666667,22.66666667,0,50.39400317,53.42492136,-3.030918188,-48,-38,-10,-0.65,0.24,-0.89
6,28,male,96,new,a,0,1.4271999999992886,64,41,-26,87,14,-22,26.33333333,26.33333333,0,38.17794593,45.34558658,-7.167640648,-26,-22,-4,-0.52,0.39,-0.91
6,28,male,97,new,a,0,4.726900000000455,63,60,-7,87,12,-1,38.66666667,32.66666667,6,32.31442746,38.78430381,-6.46987635,-7,-1,-6,-0.7,0.65,-1.35
6,28,male,98,new,b,1,4.077100000001565,63,50,-48,99,27,-43,21.66666667,27.66666667,-6,49.54683531,57.97317387,-8.426338566,-48,-43,-5,-0.67,0.02,-0.69
6,28,male,99,new,a,0,2.1774000000003757,79,41,-38,99,6,-23,27.33333333,27.33333333,0,48.73283173,52.04058245,-3.30775072,-38,-23,-15,-0.4,0.55,-0.95
6,28,male,100,new,a,0,2.9649000000002843,74,38,-25,94,11,-18,29,29,0,40.91454509,47.46226571,-6.547720623,-25,-18,-7,-0.32,0.51,-0.83
6,28,male,101,old,a,0,1.6061999999992622,75,73,-48,83,65,-30,33.33333333,39.33333333,-6,57.5171472,49.57373857,7.943408634,-48,-30,-18,-0.71,-0.64,-0.07
6,28,male,102,old,b,1,3.692799999998897,62,22,-65,45,27,-53,6.333333333,6.333333333,0,53.01781671,42.59368759,10.42412913,-65,-53,-12,-0.42,-0.61,0.19
6,28,male,103,old,a,0,1.2749000000003434,87,30,-64,70,56,-55,17.66666667,23.66666667,-6,62.25931434,55.91859162,6.34072272,-64,-55,-9,-0.29,-0.67,0.38
6,28,male,104,old,a,0,1.3606999999992695,88,18,-15,83,9,-1,30.33333333,30.33333333,0,42.94440851,37.46405685,5.480351661,-15,-1,-14,0.41,0.67,-0.26
6,28,male,105,old,b,1,2.04209999999955,74,64,-60,72,67,-43,26,32,-6,60.94806532,53.07227776,7.875787563,-60,-43,-17,-0.69,-0.7,0.01
6,28,male,106,old,b,1,2.927500000000009,96,4,-46,81,12,-39,18,18,0,58.81042991,49.17316341,9.637266501,-46,-39,-7,0.34,0.18,0.16
6,28,male,107,old,a,0,7.310799999998949,91,6,-27,80,2,-12,23.33333333,23.33333333,0,49.70803646,40.47495796,9.233078497,-27,-12,-15,0.48,0.64,-0.16
6,28,male,108,old,a,0,0.9313000000007604,93,92,-16,86,78,-4,56.33333333,53.33333333,3,51.14901976,40.67213078,10.47688898,-16,-4,-12,-0.71,-0.69,-0.02
6,28,male,109,old,b,1,1.546899999998459,96,27,-44,64,55,-40,26.33333333,26.33333333,0,57.15670467,47.0484384,10.10826627,-44,-40,-4,-0.02,-0.69,0.67
6,28,male,110,old,a,0,2.860199999999168,62,55,-47,57,37,-42,23.33333333,17.33333333,6,49.8152141,42.74212078,7.073093316,-47,-42,-5,-0.7,-0.59,-0.11
6,28,male,111,old,a,0,0.9417000000011058,89,20,-61,76,18,-46,16,16,0,61.3025285,49.82636518,11.47616332,-61,-46,-15,-0.1,-0.06,-0.04
6,28,male,112,old,b,1,1.3169000000003734,62,43,-30,52,48,-25,25,25,0,39.65686153,35.39303133,4.263830204,-30,-25,-5,-0.59,-0.7,0.11
6,28,male,113,old,a,0,0.9825999999995928,84,75,-47,83,60,-31,37.33333333,37.33333333,0,59.74575764,49.22284926,10.52290838,-47,-31,-16,-0.7,-0.59,-0.11
6,28,male,114,old,b,1,2.1916999999992868,36,7,-38,19,18,-32,1.666666667,1.666666667,0,30.44484996,23.80942857,6.635421386,-38,-32,-6,-0.26,-0.71,0.45
6,28,male,115,old,a,0,1.4172999999989315,58,32,-27,41,25,-21,21,15,6,35.56215217,26.28053779,9.281614373,-27,-21,-6,-0.43,-0.52,0.09
6,28,male,116,old,a,0,1.259900000000357,75,27,-60,59,34,-51,14,14,0,55.87486018,47.08148964,8.793370539,-60,-51,-9,-0.34,-0.56,0.22
6,28,male,117,old,b,1,0.9609000000003788,76,15,-21,57,42,-11,23.33333333,29.33333333,-6,40.03609483,29.16999981,10.86609502,-21,-11,-10,0.3,-0.57,0.87
6,28,male,118,old,a,0,2.477499999999964,75,28,-55,47,46,-45,16,16,0,53.7463177,43.13544559,10.61087211,-55,-45,-10,-0.32,-0.71,0.39
6,28,male,119,old,a,0,1.577099999999632,83,69,-20,73,72,-13,44,44,0,45.61432524,40.30715404,5.307171197,-20,-13,-7,-0.66,-0.71,0.05
6,28,male,120,old,a,0,1.6769999999999072,70,22,-42,58,18,-26,16.66666667,16.66666667,0,45.87906809,34.30581421,11.57325388,-42,-26,-16,-0.17,-0.06,-0.11
6,28,male,121,old,a,0,6.425899999998478,36,21,-30,39,17,-20,9,12,-3,28.24889378,24.34474618,3.904147602,-30,-20,-10,-0.56,-0.3,-0.26
6,28,male,122,old,a,0,4.525700000001052,84,58,-66,68,60,-52,25.33333333,25.33333333,0,65.44887742,54.78036956,10.66850786,-66,-52,-14,-0.62,-0.7,0.08
6,28,male,123,old,b,1,4.851199999999267,83,39,-20,88,37,-5,34,40,-6,42.19794624,38.02630668,4.171639554,-20,-5,-15,-0.18,0.12,-0.3
6,28,male,124,old,b,1,4.4577000000010685,57,18,-72,61,10,-59,1,4,-3,54.01851534,49.17316341,4.845351932,-72,-59,-13,-0.44,-0.18,-0.26
6,28,male,125,old,a,0,2.39549999999997,67,46,-21,65,36,-9,30.66666667,30.66666667,0,37.52628708,30.44484996,7.081437126,-21,-9,-12,-0.54,-0.26,-0.28
6,28,male,126,old,b,1,4.117099999999596,81,17,-68,69,21,-51,10,13,-3,61.03004724,49.31531202,11.71473522,-68,-51,-17,-0.17,-0.24,0.07
6,28,male,127,old,a,0,3.8764000000003302,89,74,-13,90,55,-4,50,47,3,44.96665431,38.79003308,6.176621228,-13,-4,-9,-0.65,-0.3,-0.35
6,28,male,128,old,b,1,3.9926999999992177,60,35,-20,63,33,-12,25,28,-3,33.41656276,30.82207001,2.594492745,-20,-12,-8,-0.42,-0.24,-0.18
6,28,male,129,old,a,0,4.709599999999682,63,24,-59,39,36,-47,9.333333333,9.333333333,0,50.87457344,39.85250585,11.02206759,-59,-47,-12,-0.41,-0.7,0.29
6,28,male,130,old,a,0,1.6440999999995256,98,57,-67,91,49,-52,29.33333333,29.33333333,0,70.14429572,60.01296156,10.13133416,-67,-52,-15,-0.53,-0.46,-0.07
6,28,male,131,old,a,0,2.610600000001454,53,43,-8,49,31,-1,29.33333333,26.33333333,3,26.71246068,20.67741656,6.035044121,-8,-1,-7,-0.63,-0.33,-0.3
6,28,male,132,old,a,0,5.391799999998852,98,82,-10,87,77,-3,56.66666667,53.66666667,3,47.59084879,40.27681991,7.314028882,-10,-3,-7,-0.65,-0.67,0.02
6,28,male,133,old,a,0,3.2264999999999877,81,41,-34,61,54,-27,29.33333333,29.33333333,0,47.66783215,39.93606001,7.731772147,-34,-27,-7,-0.35,-0.69,0.34
6,28,male,134,old,a,0,2.527000000000044,50,11,-57,35,13,-44,1.333333333,1.333333333,0,44.21412545,33.289971799999996,10.92415365,-57,-44,-13,-0.32,-0.48,0.16
6,28,male,135,old,a,0,1.9114999999999327,89,46,-19,85,23,-1,38.66666667,35.66666667,3,44.39469438,36.23380864,8.160885733,-19,-1,-18,-0.24,0.48,-0.72
6,28,male,136,old,a,0,3.0445000000000846,67,50,-25,66,32,-6,30.66666667,30.66666667,0,39.96943276,29.40899333,10.56043943,-25,-6,-19,-0.61,-0.07,-0.54
6,28,male,137,old,a,0,1.5307000000010476,78,38,-68,84,24,-51,16,19,-3,61.60086579,55.22680509,6.374060709,-68,-51,-17,-0.49,-0.14,-0.35
6,28,male,138,old,b,1,1.660099999999602,73,16,-47,50,33,-41,14,14,0,49.01020302,39.50527391,9.50492911,-47,-41,-6,-0.06,-0.61,0.55
6,28,male,139,old,b,1,2.910700000001043,94,36,-54,66,41,-49,25.33333333,19.33333333,6,60.88969991,49.38510797,11.50459195,-54,-49,-5,-0.26,-0.57,0.31
6,28,male,140,old,a,0,1.609200000001124,83,77,-23,99,33,-4,45.66666667,42.66666667,3,48.61641241,42.60151275,6.014899656,-23,-4,-19,-0.7,0.33,-1.03
6,28,male,141,old,b,1,1.9932000000010248,92,42,-56,66,60,-48,26,26,0,61.47086031,52.38320341,9.08765689,-56,-48,-8,-0.37,-0.7,0.33
6,28,male,142,old,b,1,1.528799999998796,80,41,-11,67,46,-3,36.66666667,36.66666667,0,37.27674282,29.32954521,7.947197614,-11,-3,-8,-0.17,-0.45,0.28
6,28,male,143,old,a,0,2.443900000000326,77,41,-37,76,27,-22,27,27,0,47.58150901,40.00833247,7.573176548,-37,-22,-15,-0.42,0,-0.42
6,28,male,144,old,b,1,3.292899999998553,96,7,-31,90,8,-26,24,24,0,53.22280213,48.68949236,4.533309767,-31,-26,-5,0.45,0.46,-0.01
6,28,male,145,old,b,1,5.759000000000015,83,41,-57,84,47,-46,22.33333333,28.33333333,-6,58.65909042,54.68901982,3.9700706,-57,-46,-11,-0.45,-0.47,0.02
6,28,male,146,old,a,0,4.215400000000386,67,46,-24,68,38,-17,29.66666667,29.66666667,0,38.90444133,35.19785347,3.706587865,-24,-17,-7,-0.56,-0.34,-0.22
6,28,male,147,old,b,1,3.740200000001096,88,21,-90,58,41,-80,6.333333333,6.333333333,0,73.40451091,61.44012442,11.96438649,-90,-80,-10,-0.29,-0.67,0.38
6,28,male,148,old,b,1,2.9927999999988515,82,35,-17,58,49,-7,33.33333333,33.33333333,0,40.43375927,28.75567577,11.6780835,-17,-7,-10,-0.06,-0.66,0.6
6,28,male,149,old,a,0,1.7778000000007523,74,59,-14,72,54,-7,39.66666667,39.66666667,0,38.43898484,33.80663972,4.632345124,-14,-7,-7,-0.63,-0.56,-0.07
6,28,male,150,old,b,1,5.067000000000007,78,21,-82,61,26,-70,5.666666667,5.666666667,0,66.21345952,55.37949881,10.83396071,-82,-70,-12,-0.33,-0.5,0.17
6,28,male,151,old,b,1,1.711999999999989,78,23,-44,60,33,-36,19,19,0,49.88653793,40.42276586,9.463772067,-44,-36,-8,-0.12,-0.48,0.36
6,28,male,152,old,a,0,1.8605000000000016,73,41,-12,65,47,-1,34,37,-3,35.05234181,27.85677655,7.19556526,-12,-1,-11,-0.29,-0.49,0.2
6,28,male,153,old,b,1,2.56790000000035,78,60,-46,63,61,-32,30.66666667,30.66666667,0,54.70730197,44.31954673,10.38775524,-46,-32,-14,-0.65,-0.71,0.06
6,28,male,154,old,b,1,2.6680000000000064,74,55,-56,64,61,-52,24.33333333,24.33333333,0,57.33139532,53.98971095,3.341684362,-56,-52,-4,-0.65,-0.71,0.06
6,28,male,155,old,a,0,2.0679000000004635,56,51,-81,67,14,-73,8.666666667,2.666666667,6,63.43675766,57.71385353,5.722904132,-81,-73,-8,-0.7,-0.29,-0.41
6,28,male,156,old,b,1,2.955500000000029,94,31,-45,90,39,-40,26.66666667,29.66666667,-3,56.82917873,53.48104545,3.348133286,-45,-40,-5,-0.11,-0.26,0.15
6,28,male,157,old,b,1,2.6264000000003307,55,29,-25,52,42,-17,19.66666667,25.66666667,-6,33.31999733,30.44484996,2.875147376,-25,-17,-8,-0.4,-0.65,0.25
6,28,male,158,old,b,1,2.394299999998907,90,63,-64,89,40,-58,29.66666667,23.66666667,6,67.14329618,61.11373732,6.029558865,-64,-58,-6,-0.62,-0.38,-0.24
6,28,male,159,old,a,0,2.2314000000004626,91,17,-48,90,12,-33,20,23,-3,56.78614855,50.81338406,5.972764482,-48,-33,-15,0.08,0.31,-0.23
6,28,male,160,old,b,1,2.426900000000387,85,53,-67,66,63,-58,23.66666667,23.66666667,0,65.42850211,57.76004001,7.668462102,-67,-58,-9,-0.58,-0.71,0.13
6,28,male,161,old,b,1,1.94399999999996,82,60,-65,69,63,-55,25.66666667,25.66666667,0,64.73707507,57.09251751,7.644557563,-65,-55,-10,-0.65,-0.7,0.05
6,28,male,162,old,a,0,3.8403999999984535,76,15,-33,63,23,-28,19.33333333,19.33333333,0,44.60443426,37.24095714,7.363477116,-33,-28,-5,0.14,-0.15,0.29
6,28,male,163,old,a,0,1.0232000000011112,92,37,-21,95,22,-9,36,36,0,46.13747573,43.59663596,2.540839773,-21,-9,-12,-0.03,0.45,-0.48
6,28,male,164,old,a,0,1.5572999999988042,76,36,-11,65,40,-4,33.66666667,33.66666667,0,35.55590278,28.52289529,7.033007489,-11,-4,-7,-0.1,-0.32,0.22
6,28,male,165,old,b,1,0.9678000000008068,83,77,-71,76,70,-57,29.66666667,29.66666667,0,71.22421561,61.33152171,9.892693895,-71,-57,-14,-0.7,-0.7,0
6,28,male,166,old,a,0,2.840599999999654,58,9,-18,53,10,-14,16.33333333,16.33333333,0,31.45720197,27.71682201,3.740379958,-18,-14,-4,0.34,0.33,0.01
6,28,male,167,old,b,1,2.407800000000748,89,61,-86,90,63,-71,21.33333333,27.33333333,-6,76.75212628,70.40044192,6.351684365,-86,-71,-15,-0.64,-0.63,-0.01
6,28,male,168,old,b,1,2.2939999999999827,86,27,-87,69,30,-73,8.666666667,8.666666667,0,71.80683966,59.90177144,11.90506822,-87,-73,-14,-0.37,-0.49,0.12
6,28,male,169,old,a,0,1.7089999999999463,70,13,-28,63,8,-16,18.33333333,18.33333333,0,40.18568015,33.06895153,7.116728613,-28,-16,-12,0.2,0.44,-0.24
6,28,male,170,old,a,0,1.92349999999999,94,58,-17,96,40,-1,45,45,0,46.23851209,39.75759885,6.480913232,-17,-1,-16,-0.4,0.19,-0.59
6,28,male,171,old,b,1,3.6951999999993177,87,70,-27,80,50,-18,43.33333333,37.33333333,6,50.21509291,40.99864496,9.216447942,-27,-18,-9,-0.65,-0.43,-0.22
6,28,male,172,old,a,0,1.632599999999684,85,73,-22,97,49,-10,45.33333333,45.33333333,0,47.86323107,43.75944343,4.103787649,-22,-10,-12,-0.67,-0.13,-0.54
6,28,male,173,old,a,0,3.5935999999996966,78,66,-11,64,61,-1,44.33333333,41.33333333,3,39.43207944,29.95923156,9.472847881,-11,-1,-10,-0.66,-0.7,0.04
6,28,male,174,old,b,1,3.2743000000007214,83,34,-85,62,50,-80,10.66666667,10.66666667,0,70.54234347,64.29791771,6.244425757,-85,-80,-5,-0.46,-0.69,0.23
6,28,male,175,old,b,1,1.8508000000007316,99,15,-82,88,18,-74,10.66666667,10.66666667,0,73.95644364,66.33919572,7.617247917,-82,-74,-8,-0.09,-0.16,0.07
6,28,male,176,old,b,1,1.377300000000787,77,47,-55,89,39,-41,23,29,-6,56.49778757,53.54126135,2.95652622,-55,-41,-14,-0.56,-0.27,-0.29
6,28,male,177,old,b,1,1.7152000000011185,92,82,-79,91,65,-61,31.66666667,31.66666667,0,78.35957007,66.379381,11.98018907,-79,-61,-18,-0.7,-0.63,-0.07
6,28,male,178,old,b,1,0.7595000000000027,64,24,-48,52,23,-35,13.33333333,13.33333333,0,46.34172586,36.16935474,10.17237112,-48,-35,-13,-0.33,-0.38,0.05
6,28,male,179,old,b,1,8.226499999999987,37,20,-43,33,26,-36,4.666666667,7.666666667,-3,34.41253002,31.00895928,3.403570739,-43,-36,-7,-0.58,-0.68,0.1
6,28,male,180,old,b,1,2.2761999999992213,96,33,-14,80,42,-7,38.33333333,38.33333333,0,45.0653846,35.6121078,9.453276793,-14,-7,-7,0.18,-0.15,0.33
6,28,male,181,old,a,0,4.672799999998915,72,21,-90,54,35,-86,1,1,0,67.63135368,62.00537611,5.625977565,-90,-86,-4,-0.42,-0.66,0.24
6,28,male,182,old,a,0,1.6259000000003423,90,42,-24,83,22,-6,36,33,3,46.73328578,37.15732319,9.575962592,-24,-6,-18,-0.19,0.42,-0.61
6,28,male,183,old,b,1,4.2713999999984935,60,14,-23,64,12,-7,17,23,-6,33.950945,30.01110905,3.93983595,-23,-7,-16,0.13,0.5,-0.37
6,28,male,184,old,a,0,3.293299999998794,72,17,-27,51,31,-20,20.66666667,20.66666667,0,40.49965706,29.89239963,10.60725743,-27,-20,-7,0.14,-0.48,0.62
6,28,male,185,old,a,0,4.593400000000429,96,80,-56,99,42,-39,40,34,6,68.19579655,56.62155067,11.57424588,-56,-39,-17,-0.68,-0.21,-0.47
6,28,male,186,old,a,0,3.828199999999242,99,34,-24,83,38,-12,36.33333333,36.33333333,0,50.24163833,38.80148909,11.44014924,-24,-12,-12,0.07,-0.06,0.13
6,28,male,187,old,a,0,1.5615000000000236,94,19,-17,81,8,-2,32,29,3,46.23851209,36.99549522,9.243016866,-17,-2,-15,0.4,0.67,-0.27
6,28,male,188,old,a,0,4.045300000000793,51,40,-31,42,41,-23,20,20,0,36.34097779,30.40833219,5.932645598,-31,-23,-8,-0.66,-0.71,0.05
6,28,male,189,old,b,1,2.626199999999244,88,66,-26,87,52,-11,42.66666667,42.66666667,0,49.37835783,40.54901013,8.829347706,-26,-11,-15,-0.6,-0.33,-0.27
6,28,male,190,old,a,0,2.799800000000687,64,37,-54,65,7,-43,15.66666667,9.666666667,6,50.479919,44.13111777,6.348801231,-54,-43,-11,-0.56,0.09,-0.65
6,28,male,191,old,b,1,1.690900000000397,95,25,-45,69,46,-40,25,25,0,57.15476066,46.91126375,10.24349691,-45,-40,-5,0,-0.58,0.58
6,28,male,192,old,a,0,1.676599999999553,77,36,-10,56,52,-5,34.33333333,34.33333333,0,35.53714801,27.86076493,7.676383088,-10,-5,-5,-0.07,-0.7,0.63
6,28,male,193,old,a,0,1.1941000000015265,77,55,-64,66,50,-48,22.66666667,22.66666667,0,61.93724423,50.39400317,11.54324105,-64,-48,-16,-0.64,-0.65,0.01
6,28,male,194,old,a,0,2.46009999999967,65,54,-91,69,19,-78,9.333333333,3.333333333,6,71.08836442,61.02640594,10.06195848,-91,-78,-13,-0.69,-0.37,-0.32
6,28,male,195,old,a,0,2.694199999999228,39,5,-20,23,9,-8,8,8,0,24.17988144,12.67543556,11.50444588,-20,-8,-12,0.18,-0.12,0.3
6,28,male,196,old,a,0,4.194400000000314,90,28,-61,83,25,-51,19,19,0,61.97311245,54.86954225,7.1035702,-61,-51,-10,-0.21,-0.16,-0.05
6,28,male,197,old,b,1,1.325200000001132,91,61,-33,66,59,-24,39.66666667,33.66666667,6,52.82255411,40.87650779,11.94604632,-33,-24,-9,-0.54,-0.69,0.15
6,28,male,198,old,a,0,1.9436999999992397,74,10,-57,50,28,-51,9,9,0,53.48520045,43.36665386,10.11854659,-57,-51,-6,-0.03,-0.57,0.54
6,28,male,199,old,a,0,0.8772999999989679,87,73,-46,79,78,-34,38,41,-3,59.67132198,53.03457991,6.636742064,-46,-34,-12,-0.68,-0.71,0.03
6,28,male,200,old,a,0,0.9114000000004124,96,32,-13,92,15,-1,38.33333333,35.33333333,3,44.723844,40.59830319,4.125540807,-13,-1,-12,0.21,0.63,-0.42
7,23,male,1,old,b,1,7.077699999928484,74,64,-60,72,67,-43,26,32,-6,60.94806532,53.07227776,7.875787563,-60,-43,-17,-0.69,-0.7,0.01
7,23,male,2,old,b,1,2.343400000095357,90,42,-24,83,22,-6,36,33,3,46.73328578,37.15732319,9.575962592,-24,-6,-18,-0.19,0.42,-0.61
7,23,male,3,old,a,0,3.650800000071541,76,15,-33,63,23,-28,19.33333333,19.33333333,0,44.60443426,37.24095714,7.363477116,-33,-28,-5,0.14,-0.15,0.29
7,23,male,4,old,b,1,7.972600000023846,76,36,-11,65,40,-4,33.66666667,33.66666667,0,35.55590278,28.52289529,7.033007489,-11,-4,-7,-0.1,-0.32,0.22
7,23,male,5,old,a,0,2.865399999976177,62,55,-47,57,37,-42,23.33333333,17.33333333,6,49.8152141,42.74212078,7.073093316,-47,-42,-5,-0.7,-0.59,-0.11
7,23,male,6,old,a,0,4.383800000071545,86,27,-87,69,30,-73,8.666666667,8.666666667,0,71.80683966,59.90177144,11.90506822,-87,-73,-14,-0.37,-0.49,0.12
7,23,male,7,old,a,0,8.88889999997616,93,92,-16,86,78,-4,56.33333333,53.33333333,3,51.14901976,40.67213078,10.47688898,-16,-4,-12,-0.71,-0.69,-0.02
7,23,male,8,old,b,1,3.565499999999986,77,47,-55,89,39,-41,23,29,-6,56.49778757,53.54126135,2.95652622,-55,-41,-14,-0.56,-0.27,-0.29
7,23,male,9,old,b,1,2.6643999999761547,60,14,-23,64,12,-7,17,23,-6,33.950945,30.01110905,3.93983595,-23,-7,-16,0.13,0.5,-0.37
7,23,male,10,old,b,1,2.3149999999999977,91,17,-48,90,12,-33,20,23,-3,56.78614855,50.81338406,5.972764482,-48,-33,-15,0.08,0.31,-0.23
7,23,male,11,old,b,1,38.0375,50,11,-57,35,13,-44,1.333333333,1.333333333,0,44.21412545,33.289971799999996,10.92415365,-57,-44,-13,-0.32,-0.48,0.16
7,23,male,12,old,b,1,27.09280000007149,91,6,-27,80,2,-12,23.33333333,23.33333333,0,49.70803646,40.47495796,9.233078497,-27,-12,-15,0.48,0.64,-0.16
7,23,male,13,old,b,1,33.265100000023835,58,32,-27,41,25,-21,21,15,6,35.56215217,26.28053779,9.281614373,-27,-21,-6,-0.43,-0.52,0.09
7,23,male,14,old,b,1,5.9012999999523,72,21,-90,54,35,-86,1,1,0,67.63135368,62.00537611,5.625977565,-90,-86,-4,-0.42,-0.66,0.24
7,23,male,15,old,b,1,4.033500000000004,74,10,-57,50,28,-51,9,9,0,53.48520045,43.36665386,10.11854659,-57,-51,-6,-0.03,-0.57,0.54
7,23,male,16,old,b,1,3.5161999999284603,96,7,-31,90,8,-26,24,24,0,53.22280213,48.68949236,4.533309767,-31,-26,-5,0.45,0.46,-0.01
7,23,male,17,old,a,0,1.2805000000000175,57,18,-72,61,10,-59,1,4,-3,54.01851534,49.17316341,4.845351932,-72,-59,-13,-0.44,-0.18,-0.26
7,23,male,18,old,b,1,1.214999999999975,87,73,-46,79,78,-34,38,41,-3,59.67132198,53.03457991,6.636742064,-46,-34,-12,-0.68,-0.71,0.03
7,23,male,19,old,b,1,31.864399999976115,67,46,-24,68,38,-17,29.66666667,29.66666667,0,38.90444133,35.19785347,3.706587865,-24,-17,-7,-0.56,-0.34,-0.22
7,23,male,20,old,b,1,1.3142000000477196,95,25,-45,69,46,-40,25,25,0,57.15476066,46.91126375,10.24349691,-45,-40,-5,0,-0.58,0.58
7,23,male,21,old,b,1,5.284899999976176,39,5,-20,23,9,-8,8,8,0,24.17988144,12.67543556,11.50444588,-20,-8,-12,0.18,-0.12,0.3
7,23,male,22,old,b,1,1.5308999999761568,62,22,-65,45,27,-53,6.333333333,6.333333333,0,53.01781671,42.59368759,10.42412913,-65,-53,-12,-0.42,-0.61,0.19
7,23,male,23,old,b,1,10.591299999952357,73,16,-47,50,33,-41,14,14,0,49.01020302,39.50527391,9.50492911,-47,-41,-6,-0.06,-0.61,0.55
7,23,male,24,old,b,1,1.097399999976176,67,46,-21,65,36,-9,30.66666667,30.66666667,0,37.52628708,30.44484996,7.081437126,-21,-9,-12,-0.54,-0.26,-0.28
7,23,male,25,old,b,1,1.0132999999523236,77,55,-64,66,50,-48,22.66666667,22.66666667,0,61.93724423,50.39400317,11.54324105,-64,-48,-16,-0.64,-0.65,0.01
7,23,male,26,old,b,1,1.0607999999523372,94,58,-17,96,40,-1,45,45,0,46.23851209,39.75759885,6.480913232,-17,-1,-16,-0.4,0.19,-0.59
7,23,male,27,old,b,1,6.736800000071526,55,29,-25,52,42,-17,19.66666667,25.66666667,-6,33.31999733,30.44484996,2.875147376,-25,-17,-8,-0.4,-0.65,0.25
7,23,male,28,old,b,1,0.7302999999523649,83,39,-20,88,37,-5,34,40,-6,42.19794624,38.02630668,4.171639554,-20,-5,-15,-0.18,0.12,-0.3
7,23,male,29,old,b,1,1.5305000000000175,94,31,-45,90,39,-40,26.66666667,29.66666667,-3,56.82917873,53.48104545,3.348133286,-45,-40,-5,-0.11,-0.26,0.15
7,23,male,30,old,b,1,2.8816999999285144,64,37,-54,65,7,-43,15.66666667,9.666666667,6,50.479919,44.13111777,6.348801231,-54,-43,-11,-0.56,0.09,-0.65
7,23,male,31,old,b,1,1.1133999999761386,80,41,-11,67,46,-3,36.66666667,36.66666667,0,37.27674282,29.32954521,7.947197614,-11,-3,-8,-0.17,-0.45,0.28
7,23,male,32,old,b,1,2.0308999999761568,96,80,-56,99,42,-39,40,34,6,68.19579655,56.62155067,11.57424588,-56,-39,-17,-0.68,-0.21,-0.47
7,23,male,33,old,b,1,0.9467999999523043,84,75,-47,83,60,-31,37.33333333,37.33333333,0,59.74575764,49.22284926,10.52290838,-47,-31,-16,-0.7,-0.59,-0.11
7,23,male,34,old,b,1,0.9295000000000186,82,60,-65,69,63,-55,25.66666667,25.66666667,0,64.73707507,57.09251751,7.644557563,-65,-55,-10,-0.65,-0.7,0.05
7,23,male,35,old,b,1,0.7631000000238259,90,28,-61,83,25,-51,19,19,0,61.97311245,54.86954225,7.1035702,-61,-51,-10,-0.21,-0.16,-0.05
7,23,male,36,old,b,1,1.1469999999999914,88,66,-26,87,52,-11,42.66666667,42.66666667,0,49.37835783,40.54901013,8.829347706,-26,-11,-15,-0.6,-0.33,-0.27
7,23,male,37,old,b,1,1.2473999999761531,83,41,-57,84,47,-46,22.33333333,28.33333333,-6,58.65909042,54.68901982,3.9700706,-57,-46,-11,-0.45,-0.47,0.02
7,23,male,38,old,b,1,0.6632999999523008,96,33,-14,80,42,-7,38.33333333,38.33333333,0,45.0653846,35.6121078,9.453276793,-14,-7,-7,0.18,-0.15,0.33
7,23,male,39,old,b,1,0.5299999999999727,82,35,-17,58,49,-7,33.33333333,33.33333333,0,40.43375927,28.75567577,11.6780835,-17,-7,-10,-0.06,-0.66,0.6
7,23,male,40,old,b,1,0.8968999999761991,65,54,-91,69,19,-78,9.333333333,3.333333333,6,71.08836442,61.02640594,10.06195848,-91,-78,-13,-0.69,-0.37,-0.32
7,23,male,41,old,b,1,1.3973999999761872,81,41,-34,61,54,-27,29.33333333,29.33333333,0,47.66783215,39.93606001,7.731772147,-34,-27,-7,-0.35,-0.69,0.34
7,23,male,42,old,b,1,5.1852000000477005,75,27,-60,59,34,-51,14,14,0,55.87486018,47.08148964,8.793370539,-60,-51,-9,-0.34,-0.56,0.22
7,23,male,43,old,b,1,1.5144000000953497,56,51,-81,67,14,-73,8.666666667,2.666666667,6,63.43675766,57.71385353,5.722904132,-81,-73,-8,-0.7,-0.29,-0.41
7,23,male,44,old,b,1,1.464300000071546,90,63,-64,89,40,-58,29.66666667,23.66666667,6,67.14329618,61.11373732,6.029558865,-64,-58,-6,-0.62,-0.38,-0.24
7,23,male,45,old,b,1,83.12129999995233,94,19,-17,81,8,-2,32,29,3,46.23851209,36.99549522,9.243016866,-17,-2,-15,0.4,0.67,-0.27
7,23,male,46,old,b,1,0.5981000000238055,78,66,-11,64,61,-1,44.33333333,41.33333333,3,39.43207944,29.95923156,9.472847881,-11,-1,-10,-0.66,-0.7,0.04
7,23,male,47,old,b,1,1.9327999999522945,75,28,-55,47,46,-45,16,16,0,53.7463177,43.13544559,10.61087211,-55,-45,-10,-0.32,-0.71,0.39
7,23,male,48,old,b,1,1.0149999999999864,87,70,-27,80,50,-18,43.33333333,37.33333333,6,50.21509291,40.99864496,9.216447942,-27,-18,-9,-0.65,-0.43,-0.22
7,23,male,49,old,b,1,1.4321000000238655,89,46,-19,85,23,-1,38.66666667,35.66666667,3,44.39469438,36.23380864,8.160885733,-19,-1,-18,-0.24,0.48,-0.72
7,23,male,50,old,b,1,1.365299999952299,36,21,-30,39,17,-20,9,12,-3,28.24889378,24.34474618,3.904147602,-30,-20,-10,-0.56,-0.3,-0.26
7,23,male,51,old,b,1,4.619900000095413,83,77,-71,76,70,-57,29.66666667,29.66666667,0,71.22421561,61.33152171,9.892693895,-71,-57,-14,-0.7,-0.7,0
7,23,male,52,old,b,1,0.9988999999761744,77,41,-37,76,27,-22,27,27,0,47.58150901,40.00833247,7.573176548,-37,-22,-15,-0.42,0,-0.42
7,23,male,53,old,b,1,0.16399999999998727,98,57,-67,91,49,-52,29.33333333,29.33333333,0,70.14429572,60.01296156,10.13133416,-67,-52,-15,-0.53,-0.46,-0.07
7,23,male,54,old,b,1,4.201999999999998,89,20,-61,76,18,-46,16,16,0,61.3025285,49.82636518,11.47616332,-61,-46,-15,-0.1,-0.06,-0.04
7,23,male,55,old,b,1,3.667700000047717,83,34,-85,62,50,-80,10.66666667,10.66666667,0,70.54234347,64.29791771,6.244425757,-85,-80,-5,-0.46,-0.69,0.23
7,23,male,56,old,b,1,1.499300000071571,89,74,-13,90,55,-4,50,47,3,44.96665431,38.79003308,6.176621228,-13,-4,-9,-0.65,-0.3,-0.35
7,23,male,57,old,a,0,6.104299999952332,51,40,-31,42,41,-23,20,20,0,36.34097779,30.40833219,5.932645598,-31,-23,-8,-0.66,-0.71,0.05
7,23,male,58,old,b,1,0.9818999999761218,72,17,-27,51,31,-20,20.66666667,20.66666667,0,40.49965706,29.89239963,10.60725743,-27,-20,-7,0.14,-0.48,0.62
7,23,male,59,old,b,1,1.1822000000477146,74,59,-14,72,54,-7,39.66666667,39.66666667,0,38.43898484,33.80663972,4.632345124,-14,-7,-7,-0.63,-0.56,-0.07
7,23,male,60,old,b,1,1.4488999999761063,60,35,-20,63,33,-12,25,28,-3,33.41656276,30.82207001,2.594492745,-20,-12,-8,-0.42,-0.24,-0.18
7,23,male,61,old,b,1,7.588899999976093,99,34,-24,83,38,-12,36.33333333,36.33333333,0,50.24163833,38.80148909,11.44014924,-24,-12,-12,0.07,-0.06,0.13
7,23,male,62,old,b,1,0.8481000000239192,92,82,-79,91,65,-61,31.66666667,31.66666667,0,78.35957007,66.379381,11.98018907,-79,-61,-18,-0.7,-0.63,-0.07
7,23,male,63,old,a,0,7.47199999999998,96,27,-44,64,55,-40,26.33333333,26.33333333,0,57.15670467,47.0484384,10.10826627,-44,-40,-4,-0.02,-0.69,0.67
7,23,male,64,old,b,1,0.34770000004766644,98,82,-10,87,77,-3,56.66666667,53.66666667,3,47.59084879,40.27681991,7.314028882,-10,-3,-7,-0.65,-0.67,0.02
7,23,male,65,old,b,1,17.567000000000007,81,17,-68,69,21,-51,10,13,-3,61.03004724,49.31531202,11.71473522,-68,-51,-17,-0.17,-0.24,0.07
7,23,male,66,old,b,1,1.012600000023781,77,36,-10,56,52,-5,34.33333333,34.33333333,0,35.53714801,27.86076493,7.676383088,-10,-5,-5,-0.07,-0.7,0.63
7,23,male,67,old,b,1,0.8982000000476091,91,61,-33,66,59,-24,39.66666667,33.66666667,6,52.82255411,40.87650779,11.94604632,-33,-24,-9,-0.54,-0.69,0.15
7,23,male,68,old,b,1,6.287600000023758,88,21,-90,58,41,-80,6.333333333,6.333333333,0,73.40451091,61.44012442,11.96438649,-90,-80,-10,-0.29,-0.67,0.38
7,23,male,69,old,b,1,0.7314999999999827,96,32,-13,92,15,-1,38.33333333,35.33333333,3,44.723844,40.59830319,4.125540807,-13,-1,-12,0.21,0.63,-0.42
7,23,male,70,old,a,0,1.66599999999994,92,42,-56,66,60,-48,26,26,0,61.47086031,52.38320341,9.08765689,-56,-48,-8,-0.37,-0.7,0.33
7,23,male,71,old,b,1,1.1324000000953447,78,38,-68,84,24,-51,16,19,-3,61.60086579,55.22680509,6.374060709,-68,-51,-17,-0.49,-0.14,-0.35
7,23,male,72,old,b,1,1.5990000000000464,96,4,-46,81,12,-39,18,18,0,58.81042991,49.17316341,9.637266501,-46,-39,-7,0.34,0.18,0.16
7,23,male,73,old,b,1,0.9479999999999792,73,41,-12,65,47,-1,34,37,-3,35.05234181,27.85677655,7.19556526,-12,-1,-11,-0.29,-0.49,0.2
7,23,male,74,old,b,1,0.7483000000715947,94,36,-54,66,41,-49,25.33333333,19.33333333,6,60.88969991,49.38510797,11.50459195,-54,-49,-5,-0.26,-0.57,0.31
7,23,male,75,old,a,0,0.9147000000476736,58,9,-18,53,10,-14,16.33333333,16.33333333,0,31.45720197,27.71682201,3.740379958,-18,-14,-4,0.34,0.33,0.01
7,23,male,76,old,a,0,0.5149999999999864,78,60,-46,63,61,-32,30.66666667,30.66666667,0,54.70730197,44.31954673,10.38775524,-46,-32,-14,-0.65,-0.71,0.06
7,23,male,77,old,a,0,0.46480000007147737,74,55,-56,64,61,-52,24.33333333,24.33333333,0,57.33139532,53.98971095,3.341684362,-56,-52,-4,-0.65,-0.71,0.06
7,23,male,78,old,b,1,1.532299999952329,76,15,-21,57,42,-11,23.33333333,29.33333333,-6,40.03609483,29.16999981,10.86609502,-21,-11,-10,0.3,-0.57,0.87
7,23,male,79,old,b,1,8.974000000000046,62,43,-30,52,48,-25,25,25,0,39.65686153,35.39303133,4.263830204,-30,-25,-5,-0.59,-0.7,0.11
7,23,male,80,old,b,1,3.5179999999999154,83,69,-20,73,72,-13,44,44,0,45.61432524,40.30715404,5.307171197,-20,-13,-7,-0.66,-0.71,0.05
7,23,male,81,old,b,1,10.99269999992839,64,24,-48,52,23,-35,13.33333333,13.33333333,0,46.34172586,36.16935474,10.17237112,-48,-35,-13,-0.33,-0.38,0.05
7,23,male,82,old,b,1,0.9980000000000472,88,18,-15,83,9,-1,30.33333333,30.33333333,0,42.94440851,37.46405685,5.480351661,-15,-1,-14,0.41,0.67,-0.26
7,23,male,83,old,b,1,4.986299999952394,89,61,-86,90,63,-71,21.33333333,27.33333333,-6,76.75212628,70.40044192,6.351684365,-86,-71,-15,-0.64,-0.63,-0.01
7,23,male,84,old,b,1,1.4993999999761627,87,30,-64,70,56,-55,17.66666667,23.66666667,-6,62.25931434,55.91859162,6.34072272,-64,-55,-9,-0.29,-0.67,0.38
7,23,male,85,old,b,1,1.682200000047601,37,20,-43,33,26,-36,4.666666667,7.666666667,-3,34.41253002,31.00895928,3.403570739,-43,-36,-7,-0.58,-0.68,0.1
7,23,male,86,old,b,1,2.399200000047699,36,7,-38,19,18,-32,1.666666667,1.666666667,0,30.44484996,23.80942857,6.635421386,-38,-32,-6,-0.26,-0.71,0.45
7,23,male,87,old,b,1,0.9653000000714655,92,37,-21,95,22,-9,36,36,0,46.13747573,43.59663596,2.540839773,-21,-9,-12,-0.03,0.45,-0.48
7,23,male,88,old,b,1,0.9985999999046272,99,15,-82,88,18,-74,10.66666667,10.66666667,0,73.95644364,66.33919572,7.617247917,-82,-74,-8,-0.09,-0.16,0.07
7,23,male,89,old,b,1,0.7812000000476473,53,43,-8,49,31,-1,29.33333333,26.33333333,3,26.71246068,20.67741656,6.035044121,-8,-1,-7,-0.63,-0.33,-0.3
7,23,male,90,old,b,1,1.39880000007156,84,58,-66,68,60,-52,25.33333333,25.33333333,0,65.44887742,54.78036956,10.66850786,-66,-52,-14,-0.62,-0.7,0.08
7,23,male,91,old,a,0,0.9316000000237636,78,21,-82,61,26,-70,5.666666667,5.666666667,0,66.21345952,55.37949881,10.83396071,-82,-70,-12,-0.33,-0.5,0.17
7,23,male,92,old,a,0,0.8652000000477074,85,53,-67,66,63,-58,23.66666667,23.66666667,0,65.42850211,57.76004001,7.668462102,-67,-58,-9,-0.58,-0.71,0.13
7,23,male,93,old,b,1,0.5984000000954666,67,50,-25,66,32,-6,30.66666667,30.66666667,0,39.96943276,29.40899333,10.56043943,-25,-6,-19,-0.61,-0.07,-0.54
7,23,male,94,old,a,0,0.4476999999284317,83,77,-23,99,33,-4,45.66666667,42.66666667,3,48.61641241,42.60151275,6.014899656,-23,-4,-19,-0.7,0.33,-1.03
7,23,male,95,old,a,0,0.5147000000476964,63,24,-59,39,36,-47,9.333333333,9.333333333,0,50.87457344,39.85250585,11.02206759,-59,-47,-12,-0.41,-0.7,0.29
7,23,male,96,old,a,0,0.531200000047761,78,23,-44,60,33,-36,19,19,0,49.88653793,40.42276586,9.463772067,-44,-36,-8,-0.12,-0.48,0.36
7,23,male,97,old,b,1,0.4816000000238319,75,73,-48,83,65,-30,33.33333333,39.33333333,-6,57.5171472,49.57373857,7.943408634,-48,-30,-18,-0.71,-0.64,-0.07
7,23,male,98,old,a,0,0.6320000000000618,85,73,-22,97,49,-10,45.33333333,45.33333333,0,47.86323107,43.75944343,4.103787649,-22,-10,-12,-0.67,-0.13,-0.54
7,23,male,99,old,b,1,0.3481000000239192,70,22,-42,58,18,-26,16.66666667,16.66666667,0,45.87906809,34.30581421,11.57325388,-42,-26,-16,-0.17,-0.06,-0.11
7,23,male,100,old,a,0,0.5651999999283817,70,13,-28,63,8,-16,18.33333333,18.33333333,0,40.18568015,33.06895153,7.116728613,-28,-16,-12,0.2,0.44,-0.24
7,23,male,101,new,a,0,0.6583000000715629,68,39,-23,88,15,-19,28,28,0,37.95611501,44.6392951,-6.683180086,-23,-19,-4,-0.41,0.41,-0.82
7,23,male,102,new,a,0,1.165099999904669,57,54,-20,83,2,-3,30.33333333,27.33333333,3,35.6121078,39.4151691,-3.803061301,-20,-3,-17,-0.7,0.7,-1.4
7,23,male,103,new,b,1,0.19739999997614177,54,46,-53,77,18,-48,15.66666667,15.66666667,0,48.66438351,51.05770156,-2.393318055,-53,-48,-5,-0.69,-0.07,-0.62
7,23,male,104,new,a,0,1.8158999999761816,63,26,-14,81,1,-7,25,25,0,31.44307025,39.73243847,-8.28936822,-14,-7,-7,-0.05,0.69,-0.74
7,23,male,105,new,a,0,4.769600000023843,69,68,-17,94,19,-11,40,34,6,40.30715404,44.15880433,-3.851650293,-17,-11,-6,-0.71,0.47,-1.18
7,23,male,106,new,b,1,8.35680000007153,71,31,-47,94,2,-32,18.33333333,21.33333333,-3,48.9988662,53.22488975,-4.22602355,-47,-32,-15,-0.37,0.5,-0.87
7,23,male,107,new,a,0,0.6146999999284617,52,43,-65,75,16,-61,10,10,0,53.16013544,55.68363015,-2.52349471,-65,-61,-4,-0.69,-0.16,-0.53
7,23,male,108,new,a,0,1.46579999995231,66,50,-48,92,14,-38,22.66666667,22.66666667,0,50.39400317,53.42492136,-3.030918188,-48,-38,-10,-0.65,0.24,-0.89
7,23,male,109,new,a,0,9.47460000002377,38,34,-15,62,2,-7,19,19,0,24.0970261,30.62678566,-6.529759566,-15,-7,-8,-0.69,0.66,-1.35
7,23,male,110,new,a,0,0.497799999952349,61,45,-48,87,13,-42,19.33333333,19.33333333,0,48.05783553,52.85409687,-4.796261339,-48,-42,-6,-0.65,0.18,-0.83
7,23,male,111,new,b,1,0.5149999999999864,45,18,-24,62,5,-19,13,16,-3,28.39013913,33.9705755,-5.58043637,-24,-19,-5,-0.26,0.45,-0.71
7,23,male,112,new,b,1,0.5480000000000018,88,22,-23,94,12,-19,29,29,0,45.58508528,47.67249382,-2.087408536,-23,-19,-4,0.23,0.49,-0.26
7,23,male,113,new,b,1,1.0317000000476355,56,54,-15,82,21,-8,31.66666667,31.66666667,0,33.00841644,37.50851755,-4.500101116,-15,-8,-7,-0.71,0.4,-1.11
7,23,male,114,new,b,1,0.9982999999523372,69,40,-28,95,8,-22,27,27,0,40.65300317,49.61854492,-8.965541751,-28,-22,-6,-0.45,0.52,-0.97
7,23,male,115,new,a,0,0.9316000000238772,44,39,-75,72,4,-68,2.666666667,2.666666667,0,54.95654849,57.16253629,-2.205987801,-75,-68,-7,-0.7,-0.03,-0.67
7,23,male,116,new,b,1,0.513600000023871,69,47,-23,96,10,-13,31,31,0,39.22584182,46.91126375,-7.685421928,-23,-13,-10,-0.54,0.58,-1.12
7,23,male,117,new,a,0,0.7986000000238391,63,37,-54,90,4,-48,15.33333333,15.33333333,0,50.16195991,56.90537955,-6.743419642,-54,-48,-6,-0.57,0.29,-0.86
7,23,male,118,new,b,1,1.0823999999762464,85,18,-17,93,4,-11,28.66666667,28.66666667,0,42.31889518,45.90085935,-3.581964172,-17,-11,-6,0.36,0.65,-0.29
7,23,male,119,new,b,1,0.7811000000237982,38,33,-50,58,27,-46,7,13,-6,40.35674252,43.59663596,-3.239893438,-50,-46,-4,-0.7,-0.45,-0.25
7,23,male,120,new,a,0,0.5648999999762054,64,41,-14,77,10,-5,30.33333333,27.33333333,3,32.72443871,35.64952859,-2.925089883,-14,-5,-9,-0.45,0.61,-1.06
7,23,male,121,new,a,0,1.2153999999761709,55,44,-34,91,3,-29,21.66666667,21.66666667,0,39.61761673,50.73679357,-11.11917684,-34,-29,-5,-0.67,0.5,-1.17
7,23,male,122,new,b,1,1.732799999952249,73,32,-52,92,3,-42,17.66666667,17.66666667,0,52.02777036,55.67963921,-3.651868845,-52,-42,-10,-0.39,0.38,-0.77
7,23,male,123,new,a,0,0.6817000000477265,58,47,-74,97,2,-68,10.33333333,10.33333333,0,59.80152358,67.61820925,-7.816685673,-74,-68,-6,-0.69,0.18,-0.87
7,23,male,124,new,a,0,1.1483999999761636,60,24,-63,84,3,-57,7,10,-3,51.63332257,57.7754273,-6.142104729,-63,-57,-6,-0.46,0.18,-0.64
7,23,male,125,new,b,1,1.0325000000000273,65,47,-77,94,10,-69,11.66666667,11.66666667,0,63.12597634,66.55490632,-3.428929982,-77,-69,-8,-0.66,0.04,-0.7
7,23,male,126,new,b,1,0.9987999999523254,79,49,-50,98,25,-45,26,26,0,55.11805512,58.3837877,-3.265732586,-50,-45,-5,-0.55,0.03,-0.58
7,23,male,127,new,b,1,1.4323999999761554,59,50,-96,98,6,-91,4.333333333,4.333333333,0,71.04145894,77.16792656,-6.126467612,-96,-91,-5,-0.7,-0.03,-0.67
7,23,male,128,new,a,0,1.482499999999959,69,48,-66,95,23,-58,17,20,-3,59.31273051,62.49799997,-3.185269463,-66,-58,-8,-0.64,-0.07,-0.57
7,23,male,129,new,b,1,1.515799999952378,66,16,-25,85,5,-15,19,25,-6,37.21110945,43.20493799,-5.993828537,-25,-15,-10,0.12,0.6,-0.48
7,23,male,130,new,b,1,2.66700000000003,70,24,-76,92,8,-64,6,12,-6,60.94806532,63.7495098,-2.801444479,-76,-64,-12,-0.42,0.09,-0.51
7,23,male,131,new,a,0,1.3489999999999327,50,46,-84,74,36,-80,4,10,-6,62.24682053,65.50318058,-3.25636005,-84,-80,-4,-0.7,-0.53,-0.17
7,23,male,132,new,a,0,0.9817999999522726,57,37,-63,90,9,-59,10.33333333,13.33333333,-3,52.49338583,60.90612084,-8.412735011,-63,-59,-4,-0.63,0.11,-0.74
7,23,male,133,new,a,0,1.483000000000061,68,40,-24,83,5,-13,28,25,3,38.50541088,41.66533331,-3.159922437,-24,-13,-11,-0.44,0.61,-1.05
7,23,male,134,new,a,0,0.8987999999523026,52,40,-57,82,4,-42,11.66666667,14.66666667,-3,48.80118396,51.18159391,-2.380409957,-57,-42,-15,-0.68,0.3,-0.98
7,23,male,135,new,a,0,0.8315000000000055,53,44,-12,76,17,-8,28.33333333,28.33333333,0,28.75567577,35.21678893,-6.461113157,-12,-8,-4,-0.66,0.45,-1.11
7,23,male,136,new,a,0,1.5158999999761136,73,48,-72,98,34,-65,16.33333333,22.33333333,-6,63.28945849,67.05387552,-3.764417033,-72,-65,-7,-0.63,-0.26,-0.37
7,23,male,137,new,a,0,0.7482000000477456,49,34,-14,65,1,-6,23,20,3,26.87005769,31.94787421,-5.077816527,-14,-6,-8,-0.55,0.68,-1.23
7,23,male,138,new,a,0,0.3976000000238855,74,38,-25,94,11,-18,29,29,0,40.91454509,47.46226571,-6.547720623,-25,-18,-7,-0.32,0.51,-0.83
7,23,male,139,new,b,1,0.5313999999760881,77,47,-21,99,18,-14,34.33333333,34.33333333,0,40.99864496,47.55581516,-6.557170196,-21,-14,-7,-0.43,0.47,-0.9
7,23,male,140,new,a,0,0.3981000000238737,76,47,-63,93,8,-59,20,14,6,59.87208587,62.19860663,-2.326520758,-63,-59,-4,-0.58,0.14,-0.72
7,23,male,141,new,b,1,1.999600000023861,66,42,-35,90,1,-18,24.33333333,24.33333333,0,43.08389748,47.07676945,-3.992871972,-35,-18,-17,-0.55,0.62,-1.17
7,23,male,142,new,b,1,1.1821000000238655,46,39,-47,76,2,-40,12.66666667,12.66666667,0,42.28737663,47.95368136,-5.666304726,-47,-40,-7,-0.69,0.32,-1.01
7,23,male,143,new,a,0,1.46579999995231,70,30,-62,87,8,-57,12.66666667,12.66666667,0,55.265018070000004,58.88029287,-3.615274804,-62,-57,-5,-0.44,0.12,-0.56
7,23,male,144,new,b,1,1.032000000000039,77,36,-47,94,14,-42,22,22,0,51.58165048,55.80919876,-4.22754828,-47,-42,-5,-0.39,0.21,-0.6
7,23,male,145,new,b,1,0.7982999999522917,74,47,-15,86,19,-8,35.33333333,32.33333333,3,37.25885428,39.51652256,-2.257668285,-15,-8,-7,-0.44,0.47,-0.91
7,23,male,146,new,b,1,2.366800000071521,63,56,-8,78,18,-3,37,31,6,31.94787421,34.3220046,-2.374130391,-8,-3,-5,-0.68,0.51,-1.19
7,23,male,147,new,b,1,1.7325000000000728,47,30,-26,67,16,-14,17,23,-6,31.18760438,33.43650699,-2.248902619,-26,-14,-12,-0.55,0.3,-0.85
7,23,male,148,new,b,1,1.2826000000238764,55,38,-27,78,8,-20,22,22,0,35.33647785,41.21488404,-5.878406195,-27,-20,-7,-0.59,0.47,-1.06
7,23,male,149,new,b,1,2.183100000023842,64,53,-37,92,1,-31,26.66666667,20.66666667,6,45.24255617,52.10459566,-6.862039489,-37,-31,-6,-0.68,0.51,-1.19
7,23,male,150,new,b,1,1.4493999999760945,68,19,-54,79,4,-50,11,11,0,50.12650663,52.89612462,-2.769617994,-54,-50,-4,-0.24,0.2,-0.44
7,23,male,151,new,b,1,1.3833999999761772,54,23,-50,70,3,-46,9,9,0,43.59663596,47.5464685,-3.949832543,-50,-46,-4,-0.45,0.19,-0.64
7,23,male,152,new,a,0,2.3837999999523163,41,32,-42,64,5,-38,10.33333333,10.33333333,0,37.18721405,41.81174742,-4.624533368,-42,-38,-4,-0.68,0.19,-0.87
7,23,male,153,new,a,0,0.8654999999999973,79,41,-38,99,6,-23,27.33333333,27.33333333,0,48.73283173,52.04058245,-3.30775072,-38,-23,-15,-0.4,0.55,-0.95
7,23,male,154,new,b,1,1.3156999999284835,51,45,-78,80,11,-73,6,6,0,59.44745579,62.56196928,-3.114513488,-78,-73,-5,-0.7,-0.12,-0.58
7,23,male,155,new,b,1,1.1987999999522572,83,49,-12,97,11,-6,40,34,6,39.3022476,45.08510471,-5.782857106,-12,-6,-6,-0.33,0.63,-0.96
7,23,male,156,new,a,0,2.050000000000068,81,22,-15,91,3,-6,29.33333333,29.33333333,0,39.53338954,43.75944343,-4.226053881,-15,-6,-9,0.27,0.68,-0.41
7,23,male,157,new,a,0,1.6327000000476346,48,35,-20,67,3,-7,21,21,0,29.47315162,32.78210894,-3.308957317,-20,-7,-13,-0.61,0.66,-1.27
7,23,male,158,new,b,1,1.56539999997608,52,45,-43,79,10,-35,18,18,0,43.2280773,46.88283268,-3.654755383,-43,-35,-8,-0.69,0.25,-0.94
7,23,male,159,new,a,0,0.6976999999285454,73,38,-33,97,1,-20,26,26,0,44.09837488,50.93132631,-6.832951437,-33,-20,-13,-0.39,0.62,-1.01
7,23,male,160,new,a,0,1.0490999999046835,73,53,-40,92,18,-33,28.66666667,25.66666667,3,49.23639124,51.31817958,-2.081788343,-40,-33,-7,-0.62,0.22,-0.84
7,23,male,161,new,b,1,1.4991999999284644,67,61,-10,90,14,-4,39.33333333,33.33333333,6,34.96982827,40.73764298,-5.767814715,-10,-4,-6,-0.69,0.6,-1.29
7,23,male,162,new,a,0,0.7982999999522917,53,51,-96,93,17,-84,2.666666667,8.666666667,-6,69.77264666,72.49980843,-2.727161767,-96,-84,-12,-0.71,-0.17,-0.54
7,23,male,163,new,a,0,0.7647999999522881,79,32,-39,94,13,-35,24,24,0,48.50429534,53.23532662,-4.731031274,-39,-35,-4,-0.24,0.3,-0.54
7,23,male,164,new,b,1,0.8650000000000091,30,23,-7,44,5,-3,15.33333333,15.33333333,0,16.04853749,20.53181813,-4.483280636,-7,-3,-4,-0.61,0.63,-1.24
7,23,male,165,new,b,1,0.7812999999523527,69,37,-33,94,9,-21,24.33333333,27.33333333,-3,42.59368759,48.70546399,-6.111776401,-33,-21,-12,-0.42,0.51,-0.93
7,23,male,166,new,a,0,0.3973999999761873,37,25,-44,56,2,-40,6,6,0,35.6931366,39.29376541,-3.600628814,-44,-40,-4,-0.65,0.15,-0.8
7,23,male,167,new,a,0,2.366200000047684,64,45,-19,85,10,-5,30,30,0,35.50586806,39.37003937,-3.86417131,-19,-5,-14,-0.56,0.63,-1.19
7,23,male,168,new,a,0,8.072100000023852,47,44,-9,67,8,-2,27.33333333,24.33333333,3,25.7207223,30.44484996,-4.724127658,-9,-2,-7,-0.7,0.65,-1.35
7,23,male,169,new,a,0,2.263599999904613,76,46,-41,95,20,-34,27,27,0,49.61854492,52.89612462,-3.277579702,-41,-34,-7,-0.52,0.2,-0.72
7,23,male,170,new,b,1,0.5815000000000055,52,40,-47,82,1,-38,15,15,0,44.11349,49.979996,-5.866505998,-47,-38,-9,-0.67,0.4,-1.07
7,23,male,171,new,a,0,0.5317000000476355,64,52,-58,93,11,-46,19.33333333,19.33333333,0,54.90193277,57.05163353,-2.149700761,-58,-46,-12,-0.68,0.22,-0.9
7,23,male,172,new,a,0,0.4975999999046508,90,21,-34,99,7,-29,25.66666667,25.66666667,0,50.73022329,53.89702115,-3.166797855,-34,-29,-5,0.14,0.48,-0.34
7,23,male,173,new,b,1,6.32029999995234,48,46,-67,77,10,-60,9,9,0,53.7463177,55.93448549,-2.188167783,-67,-60,-7,-0.71,-0.03,-0.68
7,23,male,174,new,a,0,15.698200000047676,76,21,-90,94,13,-82,2.333333333,8.333333333,-6,69.04265992,71.92743257,-2.884772646,-90,-82,-8,-0.39,-0.1,-0.29
7,23,male,175,new,b,1,0.5147000000476964,56,46,-28,85,8,-19,24.66666667,24.66666667,0,37.46405685,44.06308609,-6.599029239,-28,-19,-9,-0.67,0.51,-1.18
7,23,male,176,new,b,1,0.29779999995230355,85,30,-10,93,17,-5,35,35,0,38.94440482,41.98412398,-3.039719165,-10,-5,-5,0.19,0.56,-0.37
7,23,male,177,new,a,0,0.7483999999761863,59,50,-48,83,10,-41,20.33333333,17.33333333,3,48.45845873,50.88767587,-2.429217144,-48,-41,-7,-0.69,0.21,-0.9
7,23,male,178,new,a,0,3.10060000002386,55,16,-30,64,2,-25,13.66666667,13.66666667,0,34.7403064,37.25885428,-2.518547878,-30,-25,-5,-0.1,0.44,-0.54
7,23,male,179,new,a,0,1.4323999999761554,64,55,-60,94,8,-52,19.66666667,16.66666667,3,56.4525366,59.91846312,-3.465926514,-60,-52,-8,-0.69,0.21,-0.9
7,23,male,180,new,a,0,1.2830000000000157,69,44,-23,81,8,-17,30,24,6,38.8415585,41.57723736,-2.735678863,-23,-17,-6,-0.49,0.52,-1.01
7,23,male,181,new,a,0,1.19889999997622,63,47,-15,89,7,-1,31.66666667,31.66666667,0,33.63860216,40.67213078,-7.033528616,-15,-1,-14,-0.59,0.69,-1.28
7,23,male,182,new,a,0,0.9486000000238164,60,39,-81,87,8,-77,6,6,0,62.11280061,66.96765388,-4.8548532700000004,-81,-77,-4,-0.65,-0.04,-0.61
7,23,male,183,new,a,0,2.750899999976127,63,60,-7,87,12,-1,38.66666667,32.66666667,6,32.31442746,38.78430381,-6.46987635,-7,-1,-6,-0.7,0.65,-1.35
7,23,male,184,new,a,0,2.2827000000477256,69,51,-21,95,8,-4,33,33,0,38.88444419,44.11349,-5.22904581,-21,-4,-17,-0.6,0.67,-1.27
7,23,male,185,new,b,1,2.3502999999523126,59,49,-17,81,20,-10,30.33333333,30.33333333,0,33.71778298,37.86232369,-4.144540718,-17,-10,-7,-0.66,0.39,-1.05
7,23,male,186,new,b,1,0.9816999999284236,91,16,-26,99,1,-19,27,27,0,48.39421453,51.5622601,-3.16804557,-26,-19,-7,0.33,0.63,-0.3
7,23,male,187,new,a,0,1.6156999999285515,71,34,-28,85,10,-18,25.66666667,25.66666667,0,40.84387619,43.48435223,-2.64047604,-28,-18,-10,-0.3,0.49,-0.79
7,23,male,188,new,a,0,2.9346000000238064,66,44,-27,85,4,-15,27.66666667,24.66666667,3,39.68486977,43.36152929,-3.676659515,-27,-15,-12,-0.55,0.61,-1.16
7,23,male,189,new,b,1,2.600399999976162,84,36,-9,88,6,-1,37,31,6,37.97367509,40.40627014,-2.432595048,-9,-1,-8,0.04,0.69,-0.65
7,23,male,190,new,b,1,1.7827000000477256,64,41,-26,87,14,-22,26.33333333,26.33333333,0,38.17794593,45.34558658,-7.167640648,-26,-22,-4,-0.52,0.39,-0.91
7,23,male,191,new,a,0,3.401200000047652,75,40,-15,94,14,-8,33.33333333,33.33333333,0,37.04351795,43.82794644,-6.784428486,-15,-8,-7,-0.26,0.58,-0.84
7,23,male,192,new,a,0,2.400000000000091,50,31,-44,73,9,-36,12.33333333,15.33333333,-3,40.58187882,44.723844,-4.141965177,-44,-36,-8,-0.59,0.21,-0.8
7,23,male,193,new,b,1,1.1651000000238128,59,44,-37,88,14,-27,22,25,-3,42.16633728,47.58851402,-5.422176736,-37,-27,-10,-0.64,0.33,-0.97
7,23,male,194,new,b,1,4.869500000000016,63,50,-48,99,27,-43,21.66666667,27.66666667,-6,49.54683531,57.97317387,-8.426338566,-48,-43,-5,-0.67,0.02,-0.69
7,23,male,195,new,b,1,4.302199999928462,79,60,-16,98,12,-5,41,35,6,41.04469109,45.08510471,-4.04041362,-16,-5,-11,-0.6,0.63,-1.23
7,23,male,196,new,b,1,0.7816000000239001,32,20,-50,54,6,-40,0.666666667,6.666666667,-6,36.16013766,38.37823457,-2.218096913,-50,-40,-10,-0.65,0.03,-0.68
7,23,male,197,new,b,1,1.2485000000000357,61,39,-94,93,10,-88,2,5,-3,68.47383929,73.97747405,-5.503634762,-94,-88,-6,-0.65,-0.1,-0.55
7,23,male,198,new,b,1,0.6815000000000282,45,44,-23,80,3,-17,22,22,0,31.82242396,41.81706191,-9.994637949,-23,-17,-6,-0.71,0.59,-1.3
7,23,male,199,new,a,0,2.649799999952279,72,36,-85,88,16,-81,7.666666667,7.666666667,0,67.15322446,69.24513621,-2.09191175,-85,-81,-4,-0.56,-0.18,-0.38
7,23,male,200,new,b,1,5.67119999992849,50,30,-9,60,16,-5,23.66666667,23.66666667,0,24.4994331,27.08423075,-2.584797654,-9,-5,-4,-0.37,0.4,-0.77
8,24,male,1,old,a,0,97.99449999999904,90,28,-61,83,25,-51,19,19,0,61.97311245,54.86954225,7.1035702,-61,-51,-10,-0.21,-0.16,-0.05
8,24,male,2,old,a,0,32.82419999999928,36,21,-30,39,17,-20,9,12,-3,28.24889378,24.34474618,3.904147602,-30,-20,-10,-0.56,-0.3,-0.26
8,24,male,3,old,a,0,32.294400000000394,98,82,-10,87,77,-3,56.66666667,53.66666667,3,47.59084879,40.27681991,7.314028882,-10,-3,-7,-0.65,-0.67,0.02
8,24,male,4,old,b,1,34.095500000000015,94,31,-45,90,39,-40,26.66666667,29.66666667,-3,56.82917873,53.48104545,3.348133286,-45,-40,-5,-0.11,-0.26,0.15
8,24,male,5,old,b,1,49.626499999999965,78,23,-44,60,33,-36,19,19,0,49.88653793,40.42276586,9.463772067,-44,-36,-8,-0.12,-0.48,0.36
8,24,male,6,old,a,0,36.66059999999959,78,66,-11,64,61,-1,44.33333333,41.33333333,3,39.43207944,29.95923156,9.472847881,-11,-1,-10,-0.66,-0.7,0.04
8,24,male,7,old,b,1,6.160799999998858,84,75,-47,83,60,-31,37.33333333,37.33333333,0,59.74575764,49.22284926,10.52290838,-47,-31,-16,-0.7,-0.59,-0.11
8,24,male,8,old,b,1,61.66399999999999,62,55,-47,57,37,-42,23.33333333,17.33333333,6,49.8152141,42.74212078,7.073093316,-47,-42,-5,-0.7,-0.59,-0.11
8,24,male,9,old,a,0,20.475799999998912,82,35,-17,58,49,-7,33.33333333,33.33333333,0,40.43375927,28.75567577,11.6780835,-17,-7,-10,-0.06,-0.66,0.6
8,24,male,10,old,a,0,15.761300000000688,81,41,-34,61,54,-27,29.33333333,29.33333333,0,47.66783215,39.93606001,7.731772147,-34,-27,-7,-0.35,-0.69,0.34
8,24,male,11,old,a,0,25.81099999999992,83,77,-23,99,33,-4,45.66666667,42.66666667,3,48.61641241,42.60151275,6.014899656,-23,-4,-19,-0.7,0.33,-1.03
8,24,male,12,old,b,1,12.543999999999984,37,20,-43,33,26,-36,4.666666667,7.666666667,-3,34.41253002,31.00895928,3.403570739,-43,-36,-7,-0.58,-0.68,0.1
8,24,male,13,old,b,1,20.113800000000765,96,33,-14,80,42,-7,38.33333333,38.33333333,0,45.0653846,35.6121078,9.453276793,-14,-7,-7,0.18,-0.15,0.33
8,24,male,14,old,b,1,27.79659999999967,96,7,-31,90,8,-26,24,24,0,53.22280213,48.68949236,4.533309767,-31,-26,-5,0.45,0.46,-0.01
8,24,male,15,old,b,1,26.060500000000047,73,41,-12,65,47,-1,34,37,-3,35.05234181,27.85677655,7.19556526,-12,-1,-11,-0.29,-0.49,0.2
8,24,male,16,old,a,0,23.629099999999653,83,69,-20,73,72,-13,44,44,0,45.61432524,40.30715404,5.307171197,-20,-13,-7,-0.66,-0.71,0.05
8,24,male,17,old,a,0,13.418599999999628,64,37,-54,65,7,-43,15.66666667,9.666666667,6,50.479919,44.13111777,6.348801231,-54,-43,-11,-0.56,0.09,-0.65
8,24,male,18,old,b,1,20.26329999999893,67,50,-25,66,32,-6,30.66666667,30.66666667,0,39.96943276,29.40899333,10.56043943,-25,-6,-19,-0.61,-0.07,-0.54
8,24,male,19,old,a,0,23.129699999999275,83,34,-85,62,50,-80,10.66666667,10.66666667,0,70.54234347,64.29791771,6.244425757,-85,-80,-5,-0.46,-0.69,0.23
8,24,male,20,old,b,1,13.479900000000384,67,46,-21,65,36,-9,30.66666667,30.66666667,0,37.52628708,30.44484996,7.081437126,-21,-9,-12,-0.54,-0.26,-0.28
8,24,male,21,old,b,1,22.494099999999666,72,21,-90,54,35,-86,1,1,0,67.63135368,62.00537611,5.625977565,-90,-86,-4,-0.42,-0.66,0.24
8,24,male,22,old,a,0,10.2006999999993,87,73,-46,79,78,-34,38,41,-3,59.67132198,53.03457991,6.636742064,-46,-34,-12,-0.68,-0.71,0.03
8,24,male,23,old,b,1,8.888400000000388,89,20,-61,76,18,-46,16,16,0,61.3025285,49.82636518,11.47616332,-61,-46,-15,-0.1,-0.06,-0.04
8,24,male,24,old,b,1,0.901200000001154,73,16,-47,50,33,-41,14,14,0,49.01020302,39.50527391,9.50492911,-47,-41,-6,-0.06,-0.61,0.55
8,24,male,25,old,b,1,4.55579999999884,82,60,-65,69,63,-55,25.66666667,25.66666667,0,64.73707507,57.09251751,7.644557563,-65,-55,-10,-0.65,-0.7,0.05
8,24,male,26,old,b,1,5.379700000001094,80,41,-11,67,46,-3,36.66666667,36.66666667,0,37.27674282,29.32954521,7.947197614,-11,-3,-8,-0.17,-0.45,0.28
8,24,male,27,old,b,1,0.9063000000007831,74,10,-57,50,28,-51,9,9,0,53.48520045,43.36665386,10.11854659,-57,-51,-6,-0.03,-0.57,0.54
8,24,male,28,old,b,1,2.1632999999989124,81,17,-68,69,21,-51,10,13,-3,61.03004724,49.31531202,11.71473522,-68,-51,-17,-0.17,-0.24,0.07
8,24,male,29,old,a,0,0.33969999999931133,62,43,-30,52,48,-25,25,25,0,39.65686153,35.39303133,4.263830204,-30,-25,-5,-0.59,-0.7,0.11
8,24,male,30,old,a,0,11.138799999999035,87,70,-27,80,50,-18,43.33333333,37.33333333,6,50.21509291,40.99864496,9.216447942,-27,-18,-9,-0.65,-0.43,-0.22
8,24,male,31,old,b,1,9.19389999999862,99,15,-82,88,18,-74,10.66666667,10.66666667,0,73.95644364,66.33919572,7.617247917,-82,-74,-8,-0.09,-0.16,0.07
8,24,male,32,old,b,1,29.31759999999963,72,17,-27,51,31,-20,20.66666667,20.66666667,0,40.49965706,29.89239963,10.60725743,-27,-20,-7,0.14,-0.48,0.62
8,24,male,33,old,b,1,26.26780000000076,76,36,-11,65,40,-4,33.66666667,33.66666667,0,35.55590278,28.52289529,7.033007489,-11,-4,-7,-0.1,-0.32,0.22
8,24,male,34,old,b,1,4.370599999999513,88,66,-26,87,52,-11,42.66666667,42.66666667,0,49.37835783,40.54901013,8.829347706,-26,-11,-15,-0.6,-0.33,-0.27
8,24,male,35,old,b,1,10.510599999999611,78,60,-46,63,61,-32,30.66666667,30.66666667,0,54.70730197,44.31954673,10.38775524,-46,-32,-14,-0.65,-0.71,0.06
8,24,male,36,old,b,1,16.90169999999921,85,73,-22,97,49,-10,45.33333333,45.33333333,0,47.86323107,43.75944343,4.103787649,-22,-10,-12,-0.67,-0.13,-0.54
8,24,male,37,old,b,1,13.886800000000676,96,32,-13,92,15,-1,38.33333333,35.33333333,3,44.723844,40.59830319,4.125540807,-13,-1,-12,0.21,0.63,-0.42
8,24,male,38,old,b,1,6.155799999998862,56,51,-81,67,14,-73,8.666666667,2.666666667,6,63.43675766,57.71385353,5.722904132,-81,-73,-8,-0.7,-0.29,-0.41
8,24,male,39,old,b,1,19.91040000000021,50,11,-57,35,13,-44,1.333333333,1.333333333,0,44.21412545,33.289971799999996,10.92415365,-57,-44,-13,-0.32,-0.48,0.16
8,24,male,40,old,a,0,14.646499999999833,77,55,-64,66,50,-48,22.66666667,22.66666667,0,61.93724423,50.39400317,11.54324105,-64,-48,-16,-0.64,-0.65,0.01
8,24,male,41,old,b,1,40.52280000000064,85,53,-67,66,63,-58,23.66666667,23.66666667,0,65.42850211,57.76004001,7.668462102,-67,-58,-9,-0.58,-0.71,0.13
8,24,male,42,old,b,1,14.730300000000623,77,47,-55,89,39,-41,23,29,-6,56.49778757,53.54126135,2.95652622,-55,-41,-14,-0.56,-0.27,-0.29
8,24,male,43,old,b,1,6.8383000000008,51,40,-31,42,41,-23,20,20,0,36.34097779,30.40833219,5.932645598,-31,-23,-8,-0.66,-0.71,0.05
8,24,male,44,old,a,0,24.577799999998888,57,18,-72,61,10,-59,1,4,-3,54.01851534,49.17316341,4.845351932,-72,-59,-13,-0.44,-0.18,-0.26
8,24,male,45,old,a,0,34.32209999999964,95,25,-45,69,46,-40,25,25,0,57.15476066,46.91126375,10.24349691,-45,-40,-5,0,-0.58,0.58
8,24,male,46,old,a,0,10.439000000000078,53,43,-8,49,31,-1,29.33333333,26.33333333,3,26.71246068,20.67741656,6.035044121,-8,-1,-7,-0.63,-0.33,-0.3
8,24,male,47,old,b,1,11.46109999999976,83,41,-57,84,47,-46,22.33333333,28.33333333,-6,58.65909042,54.68901982,3.9700706,-57,-46,-11,-0.45,-0.47,0.02
8,24,male,48,old,a,0,35.71140000000037,65,54,-91,69,19,-78,9.333333333,3.333333333,6,71.08836442,61.02640594,10.06195848,-91,-78,-13,-0.69,-0.37,-0.32
8,24,male,49,old,b,1,10.813199999999142,39,5,-20,23,9,-8,8,8,0,24.17988144,12.67543556,11.50444588,-20,-8,-12,0.18,-0.12,0.3
8,24,male,50,old,b,1,4.227199999999129,90,42,-24,83,22,-6,36,33,3,46.73328578,37.15732319,9.575962592,-24,-6,-18,-0.19,0.42,-0.61
8,24,male,51,old,b,1,11.212500000000093,89,74,-13,90,55,-4,50,47,3,44.96665431,38.79003308,6.176621228,-13,-4,-9,-0.65,-0.3,-0.35
8,24,male,52,old,b,1,4.043999999999869,58,9,-18,53,10,-14,16.33333333,16.33333333,0,31.45720197,27.71682201,3.740379958,-18,-14,-4,0.34,0.33,0.01
8,24,male,53,old,a,0,4.444199999999228,58,32,-27,41,25,-21,21,15,6,35.56215217,26.28053779,9.281614373,-27,-21,-6,-0.43,-0.52,0.09
8,24,male,54,old,b,1,10.14449999999988,94,58,-17,96,40,-1,45,45,0,46.23851209,39.75759885,6.480913232,-17,-1,-16,-0.4,0.19,-0.59
8,24,male,55,old,a,0,16.078199999999242,93,92,-16,86,78,-4,56.33333333,53.33333333,3,51.14901976,40.67213078,10.47688898,-16,-4,-12,-0.71,-0.69,-0.02
8,24,male,56,old,b,1,6.7442000000012285,64,24,-48,52,23,-35,13.33333333,13.33333333,0,46.34172586,36.16935474,10.17237112,-48,-35,-13,-0.33,-0.38,0.05
8,24,male,57,old,b,1,10.460900000000493,96,4,-46,81,12,-39,18,18,0,58.81042991,49.17316341,9.637266501,-46,-39,-7,0.34,0.18,0.16
8,24,male,58,old,b,1,3.644199999999273,60,14,-23,64,12,-7,17,23,-6,33.950945,30.01110905,3.93983595,-23,-7,-16,0.13,0.5,-0.37
8,24,male,59,old,b,1,12.927700000001096,75,73,-48,83,65,-30,33.33333333,39.33333333,-6,57.5171472,49.57373857,7.943408634,-48,-30,-18,-0.71,-0.64,-0.07
8,24,male,60,old,b,1,6.32759999999962,77,36,-10,56,52,-5,34.33333333,34.33333333,0,35.53714801,27.86076493,7.676383088,-10,-5,-5,-0.07,-0.7,0.63
8,24,male,61,old,b,1,9.294599999999493,86,27,-87,69,30,-73,8.666666667,8.666666667,0,71.80683966,59.90177144,11.90506822,-87,-73,-14,-0.37,-0.49,0.12
8,24,male,62,old,b,1,24.527899999998453,74,59,-14,72,54,-7,39.66666667,39.66666667,0,38.43898484,33.80663972,4.632345124,-14,-7,-7,-0.63,-0.56,-0.07
8,24,male,63,old,b,1,10.111400000000458,70,13,-28,63,8,-16,18.33333333,18.33333333,0,40.18568015,33.06895153,7.116728613,-28,-16,-12,0.2,0.44,-0.24
8,24,male,64,old,b,1,23.460900000000493,78,38,-68,84,24,-51,16,19,-3,61.60086579,55.22680509,6.374060709,-68,-51,-17,-0.49,-0.14,-0.35
8,24,male,65,old,b,1,14.411200000000916,75,28,-55,47,46,-45,16,16,0,53.7463177,43.13544559,10.61087211,-55,-45,-10,-0.32,-0.71,0.39
8,24,male,66,old,b,1,37.31080000000088,67,46,-24,68,38,-17,29.66666667,29.66666667,0,38.90444133,35.19785347,3.706587865,-24,-17,-7,-0.56,-0.34,-0.22
8,24,male,67,old,b,1,38.82790000000023,98,57,-67,91,49,-52,29.33333333,29.33333333,0,70.14429572,60.01296156,10.13133416,-67,-52,-15,-0.53,-0.46,-0.07
8,24,male,68,old,b,1,53.21749999999997,91,17,-48,90,12,-33,20,23,-3,56.78614855,50.81338406,5.972764482,-48,-33,-15,0.08,0.31,-0.23
8,24,male,69,old,b,1,6.940000000000055,87,30,-64,70,56,-55,17.66666667,23.66666667,-6,62.25931434,55.91859162,6.34072272,-64,-55,-9,-0.29,-0.67,0.38
8,24,male,70,old,a,0,11.328799999998864,75,27,-60,59,34,-51,14,14,0,55.87486018,47.08148964,8.793370539,-60,-51,-9,-0.34,-0.56,0.22
8,24,male,71,old,b,1,3.3020000000001346,55,29,-25,52,42,-17,19.66666667,25.66666667,-6,33.31999733,30.44484996,2.875147376,-25,-17,-8,-0.4,-0.65,0.25
8,24,male,72,old,b,1,8.663599999999633,84,58,-66,68,60,-52,25.33333333,25.33333333,0,65.44887742,54.78036956,10.66850786,-66,-52,-14,-0.62,-0.7,0.08
8,24,male,73,old,b,1,4.3309000000003834,92,42,-56,66,60,-48,26,26,0,61.47086031,52.38320341,9.08765689,-56,-48,-8,-0.37,-0.7,0.33
8,24,male,74,old,b,1,4.520900000000211,89,46,-19,85,23,-1,38.66666667,35.66666667,3,44.39469438,36.23380864,8.160885733,-19,-1,-18,-0.24,0.48,-0.72
8,24,male,75,old,b,1,4.1858000000008815,90,63,-64,89,40,-58,29.66666667,23.66666667,6,67.14329618,61.11373732,6.029558865,-64,-58,-6,-0.62,-0.38,-0.24
8,24,male,76,old,b,1,3.1855000000000477,88,18,-15,83,9,-1,30.33333333,30.33333333,0,42.94440851,37.46405685,5.480351661,-15,-1,-14,0.41,0.67,-0.26
8,24,male,77,old,b,1,12.71340000000032,92,82,-79,91,65,-61,31.66666667,31.66666667,0,78.35957007,66.379381,11.98018907,-79,-61,-18,-0.7,-0.63,-0.07
8,24,male,78,old,b,1,7.545900000000529,83,39,-20,88,37,-5,34,40,-6,42.19794624,38.02630668,4.171639554,-20,-5,-15,-0.18,0.12,-0.3
8,24,male,79,old,a,0,4.846699999999146,96,80,-56,99,42,-39,40,34,6,68.19579655,56.62155067,11.57424588,-56,-39,-17,-0.68,-0.21,-0.47
8,24,male,80,old,b,1,33.18469999999934,88,21,-90,58,41,-80,6.333333333,6.333333333,0,73.40451091,61.44012442,11.96438649,-90,-80,-10,-0.29,-0.67,0.38
8,24,male,81,old,b,1,5.113199999999324,94,36,-54,66,41,-49,25.33333333,19.33333333,6,60.88969991,49.38510797,11.50459195,-54,-49,-5,-0.26,-0.57,0.31
8,24,male,82,old,b,1,6.644300000000612,92,37,-21,95,22,-9,36,36,0,46.13747573,43.59663596,2.540839773,-21,-9,-12,-0.03,0.45,-0.48
8,24,male,83,old,a,0,12.861000000000104,91,61,-33,66,59,-24,39.66666667,33.66666667,6,52.82255411,40.87650779,11.94604632,-33,-24,-9,-0.54,-0.69,0.15
8,24,male,84,old,a,0,7.854499999999916,89,61,-86,90,63,-71,21.33333333,27.33333333,-6,76.75212628,70.40044192,6.351684365,-86,-71,-15,-0.64,-0.63,-0.01
8,24,male,85,old,b,1,4.339000000000169,94,19,-17,81,8,-2,32,29,3,46.23851209,36.99549522,9.243016866,-17,-2,-15,0.4,0.67,-0.27
8,24,male,86,old,a,0,7.135400000000345,96,27,-44,64,55,-40,26.33333333,26.33333333,0,57.15670467,47.0484384,10.10826627,-44,-40,-4,-0.02,-0.69,0.67
8,24,male,87,old,a,0,3.717000000000098,70,22,-42,58,18,-26,16.66666667,16.66666667,0,45.87906809,34.30581421,11.57325388,-42,-26,-16,-0.17,-0.06,-0.11
8,24,male,88,old,a,0,9.263000000000147,78,21,-82,61,26,-70,5.666666667,5.666666667,0,66.21345952,55.37949881,10.83396071,-82,-70,-12,-0.33,-0.5,0.17
8,24,male,89,old,b,1,4.062199999999166,77,41,-37,76,27,-22,27,27,0,47.58150901,40.00833247,7.573176548,-37,-22,-15,-0.42,0,-0.42
8,24,male,90,old,a,0,15.637800000000652,76,15,-33,63,23,-28,19.33333333,19.33333333,0,44.60443426,37.24095714,7.363477116,-33,-28,-5,0.14,-0.15,0.29
8,24,male,91,old,b,1,5.005699999999251,60,35,-20,63,33,-12,25,28,-3,33.41656276,30.82207001,2.594492745,-20,-12,-8,-0.42,-0.24,-0.18
8,24,male,92,old,a,0,10.51940000000036,62,22,-65,45,27,-53,6.333333333,6.333333333,0,53.01781671,42.59368759,10.42412913,-65,-53,-12,-0.42,-0.61,0.19
8,24,male,93,old,b,1,18.61330000000089,91,6,-27,80,2,-12,23.33333333,23.33333333,0,49.70803646,40.47495796,9.233078497,-27,-12,-15,0.48,0.64,-0.16
8,24,male,94,old,b,1,11.081099999999651,74,64,-60,72,67,-43,26,32,-6,60.94806532,53.07227776,7.875787563,-60,-43,-17,-0.69,-0.7,0.01
8,24,male,95,old,b,1,13.465099999999666,99,34,-24,83,38,-12,36.33333333,36.33333333,0,50.24163833,38.80148909,11.44014924,-24,-12,-12,0.07,-0.06,0.13
8,24,male,96,old,b,1,24.1632999999988,36,7,-38,19,18,-32,1.666666667,1.666666667,0,30.44484996,23.80942857,6.635421386,-38,-32,-6,-0.26,-0.71,0.45
8,24,male,97,old,b,1,2.4939000000003944,63,24,-59,39,36,-47,9.333333333,9.333333333,0,50.87457344,39.85250585,11.02206759,-59,-47,-12,-0.41,-0.7,0.29
8,24,male,98,old,b,1,2.4610000000000127,83,77,-71,76,70,-57,29.66666667,29.66666667,0,71.22421561,61.33152171,9.892693895,-71,-57,-14,-0.7,-0.7,0
8,24,male,99,old,a,0,3.977599999999484,76,15,-21,57,42,-11,23.33333333,29.33333333,-6,40.03609483,29.16999981,10.86609502,-21,-11,-10,0.3,-0.57,0.87
8,24,male,100,old,b,1,10.69530000000077,74,55,-56,64,61,-52,24.33333333,24.33333333,0,57.33139532,53.98971095,3.341684362,-56,-52,-4,-0.65,-0.71,0.06
8,24,male,101,new,b,1,29.02310000000148,52,40,-57,82,4,-42,11.66666667,14.66666667,-3,48.80118396,51.18159391,-2.380409957,-57,-42,-15,-0.68,0.3,-0.98
8,24,male,102,new,b,1,17.594500000000153,70,30,-62,87,8,-57,12.66666667,12.66666667,0,55.265018070000004,58.88029287,-3.615274804,-62,-57,-5,-0.44,0.12,-0.56
8,24,male,103,new,b,1,2.7448000000008506,38,34,-15,62,2,-7,19,19,0,24.0970261,30.62678566,-6.529759566,-15,-7,-8,-0.69,0.66,-1.35
8,24,male,104,new,b,1,3.2115999999996347,73,38,-33,97,1,-20,26,26,0,44.09837488,50.93132631,-6.832951437,-33,-20,-13,-0.39,0.62,-1.01
8,24,male,105,new,b,1,3.962599999999384,88,22,-23,94,12,-19,29,29,0,45.58508528,47.67249382,-2.087408536,-23,-19,-4,0.23,0.49,-0.26
8,24,male,106,new,b,1,5.330200000001241,69,47,-23,96,10,-13,31,31,0,39.22584182,46.91126375,-7.685421928,-23,-13,-10,-0.54,0.58,-1.12
8,24,male,107,new,a,0,17.59480000000076,68,19,-54,79,4,-50,11,11,0,50.12650663,52.89612462,-2.769617994,-54,-50,-4,-0.24,0.2,-0.44
8,24,male,108,new,b,1,4.144199999999273,48,35,-20,67,3,-7,21,21,0,29.47315162,32.78210894,-3.308957317,-20,-7,-13,-0.61,0.66,-1.27
8,24,male,109,new,b,1,13.595099999999547,38,33,-50,58,27,-46,7,13,-6,40.35674252,43.59663596,-3.239893438,-50,-46,-4,-0.7,-0.45,-0.25
8,24,male,110,new,a,0,13.0279000000005,48,46,-67,77,10,-60,9,9,0,53.7463177,55.93448549,-2.188167783,-67,-60,-7,-0.71,-0.03,-0.68
8,24,male,111,new,b,1,9.561800000000858,64,55,-60,94,8,-52,19.66666667,16.66666667,3,56.4525366,59.91846312,-3.465926514,-60,-52,-8,-0.69,0.21,-0.9
8,24,male,112,new,b,1,4.72780000000057,79,49,-50,98,25,-45,26,26,0,55.11805512,58.3837877,-3.265732586,-50,-45,-5,-0.55,0.03,-0.58
8,24,male,113,new,b,1,3.594900000000507,66,42,-35,90,1,-18,24.33333333,24.33333333,0,43.08389748,47.07676945,-3.992871972,-35,-18,-17,-0.55,0.62,-1.17
8,24,male,114,new,a,0,5.061300000000756,77,36,-47,94,14,-42,22,22,0,51.58165048,55.80919876,-4.22754828,-47,-42,-5,-0.39,0.21,-0.6
8,24,male,115,new,b,1,6.6614000000004125,63,37,-54,90,4,-48,15.33333333,15.33333333,0,50.16195991,56.90537955,-6.743419642,-54,-48,-6,-0.57,0.29,-0.86
8,24,male,116,new,a,0,26.5279000000005,71,34,-28,85,10,-18,25.66666667,25.66666667,0,40.84387619,43.48435223,-2.64047604,-28,-18,-10,-0.3,0.49,-0.79
8,24,male,117,new,b,1,24.627400000000307,91,16,-26,99,1,-19,27,27,0,48.39421453,51.5622601,-3.16804557,-26,-19,-7,0.33,0.63,-0.3
8,24,male,118,new,b,1,11.82759999999962,72,36,-85,88,16,-81,7.666666667,7.666666667,0,67.15322446,69.24513621,-2.09191175,-85,-81,-4,-0.56,-0.18,-0.38
8,24,male,119,new,b,1,9.12780000000066,69,51,-21,95,8,-4,33,33,0,38.88444419,44.11349,-5.22904581,-21,-4,-17,-0.6,0.67,-1.27
8,24,male,120,new,b,1,6.976999999999862,60,24,-63,84,3,-57,7,10,-3,51.63332257,57.7754273,-6.142104729,-63,-57,-6,-0.46,0.18,-0.64
8,24,male,121,new,b,1,31.17769999999928,69,40,-28,95,8,-22,27,27,0,40.65300317,49.61854492,-8.965541751,-28,-22,-6,-0.45,0.52,-0.97
8,24,male,122,new,b,1,30.86100000000033,79,32,-39,94,13,-35,24,24,0,48.50429534,53.23532662,-4.731031274,-39,-35,-4,-0.24,0.3,-0.54
8,24,male,123,new,b,1,2.811199999999189,52,40,-47,82,1,-38,15,15,0,44.11349,49.979996,-5.866505998,-47,-38,-9,-0.67,0.4,-1.07
8,24,male,124,new,a,0,1.9110000000000584,53,44,-12,76,17,-8,28.33333333,28.33333333,0,28.75567577,35.21678893,-6.461113157,-12,-8,-4,-0.66,0.45,-1.11
8,24,male,125,new,b,1,3.777599999999893,76,21,-90,94,13,-82,2.333333333,8.333333333,-6,69.04265992,71.92743257,-2.884772646,-90,-82,-8,-0.39,-0.1,-0.29
8,24,male,126,new,b,1,26.981000000000225,75,40,-15,94,14,-8,33.33333333,33.33333333,0,37.04351795,43.82794644,-6.784428486,-15,-8,-7,-0.26,0.58,-0.84
8,24,male,127,new,b,1,7.728300000000672,63,47,-15,89,7,-1,31.66666667,31.66666667,0,33.63860216,40.67213078,-7.033528616,-15,-1,-14,-0.59,0.69,-1.28
8,24,male,128,new,b,1,2.928199999999378,65,47,-77,94,10,-69,11.66666667,11.66666667,0,63.12597634,66.55490632,-3.428929982,-77,-69,-8,-0.66,0.04,-0.7
8,24,male,129,new,b,1,2.3443000000006577,68,40,-24,83,5,-13,28,25,3,38.50541088,41.66533331,-3.159922437,-24,-13,-11,-0.44,0.61,-1.05
8,24,male,130,new,b,1,2.5950000000002547,63,60,-7,87,12,-1,38.66666667,32.66666667,6,32.31442746,38.78430381,-6.46987635,-7,-1,-6,-0.7,0.65,-1.35
8,24,male,131,new,a,0,17.31100000000015,50,46,-84,74,36,-80,4,10,-6,62.24682053,65.50318058,-3.25636005,-84,-80,-4,-0.7,-0.53,-0.17
8,24,male,132,new,a,0,0.7775999999994383,61,39,-94,93,10,-88,2,5,-3,68.47383929,73.97747405,-5.503634762,-94,-88,-6,-0.65,-0.1,-0.55
8,24,male,133,new,b,1,2.945000000000164,69,44,-23,81,8,-17,30,24,6,38.8415585,41.57723736,-2.735678863,-23,-17,-6,-0.49,0.52,-1.01
8,24,male,134,new,b,1,31.211099999999533,59,50,-96,98,6,-91,4.333333333,4.333333333,0,71.04145894,77.16792656,-6.126467612,-96,-91,-5,-0.7,-0.03,-0.67
8,24,male,135,new,b,1,0.9109000000003108,71,31,-47,94,2,-32,18.33333333,21.33333333,-3,48.9988662,53.22488975,-4.22602355,-47,-32,-15,-0.37,0.5,-0.87
8,24,male,136,new,b,1,1.1283000000007632,73,53,-40,92,18,-33,28.66666667,25.66666667,3,49.23639124,51.31817958,-2.081788343,-40,-33,-7,-0.62,0.22,-0.84
8,24,male,137,new,a,0,1.5777999999986605,85,18,-17,93,4,-11,28.66666667,28.66666667,0,42.31889518,45.90085935,-3.581964172,-17,-11,-6,0.36,0.65,-0.29
8,24,male,138,new,b,1,1.3285999999993692,53,51,-96,93,17,-84,2.666666667,8.666666667,-6,69.77264666,72.49980843,-2.727161767,-96,-84,-12,-0.71,-0.17,-0.54
8,24,male,139,new,b,1,1.7611999999990076,46,39,-47,76,2,-40,12.66666667,12.66666667,0,42.28737663,47.95368136,-5.666304726,-47,-40,-7,-0.69,0.32,-1.01
8,24,male,140,new,b,1,2.39469999999892,64,41,-26,87,14,-22,26.33333333,26.33333333,0,38.17794593,45.34558658,-7.167640648,-26,-22,-4,-0.52,0.39,-0.91
8,24,male,141,new,b,1,1.5280000000002474,64,45,-19,85,10,-5,30,30,0,35.50586806,39.37003937,-3.86417131,-19,-5,-14,-0.56,0.63,-1.19
8,24,male,142,new,b,1,2.861799999998766,47,30,-26,67,16,-14,17,23,-6,31.18760438,33.43650699,-2.248902619,-26,-14,-12,-0.55,0.3,-0.85
8,24,male,143,new,b,1,2.41170000000102,84,36,-9,88,6,-1,37,31,6,37.97367509,40.40627014,-2.432595048,-9,-1,-8,0.04,0.69,-0.65
8,24,male,144,new,b,1,1.5135000000000218,59,49,-17,81,20,-10,30.33333333,30.33333333,0,33.71778298,37.86232369,-4.144540718,-17,-10,-7,-0.66,0.39,-1.05
8,24,male,145,new,b,1,1.811099999999442,47,44,-9,67,8,-2,27.33333333,24.33333333,3,25.7207223,30.44484996,-4.724127658,-9,-2,-7,-0.7,0.65,-1.35
8,24,male,146,new,a,0,2.578099999999722,59,44,-37,88,14,-27,22,25,-3,42.16633728,47.58851402,-5.422176736,-37,-27,-10,-0.64,0.33,-0.97
8,24,male,147,new,b,1,2.3619999999996253,69,48,-66,95,23,-58,17,20,-3,59.31273051,62.49799997,-3.185269463,-66,-58,-8,-0.64,-0.07,-0.57
8,24,male,148,new,b,1,1.397699999999077,73,48,-72,98,34,-65,16.33333333,22.33333333,-6,63.28945849,67.05387552,-3.764417033,-72,-65,-7,-0.63,-0.26,-0.37
8,24,male,149,new,b,1,3.544199999999364,70,24,-76,92,8,-64,6,12,-6,60.94806532,63.7495098,-2.801444479,-76,-64,-12,-0.42,0.09,-0.51
8,24,male,150,new,b,1,2.0448999999985062,60,39,-81,87,8,-77,6,6,0,62.11280061,66.96765388,-4.8548532700000004,-81,-77,-4,-0.65,-0.04,-0.61
8,24,male,151,new,b,1,1.7784999999998945,49,34,-14,65,1,-6,23,20,3,26.87005769,31.94787421,-5.077816527,-14,-6,-8,-0.55,0.68,-1.23
8,24,male,152,new,b,1,5.428400000000693,57,37,-63,90,9,-59,10.33333333,13.33333333,-3,52.49338583,60.90612084,-8.412735011,-63,-59,-4,-0.63,0.11,-0.74
8,24,male,153,new,b,1,2.2301999999990585,79,41,-38,99,6,-23,27.33333333,27.33333333,0,48.73283173,52.04058245,-3.30775072,-38,-23,-15,-0.4,0.55,-0.95
8,24,male,154,new,b,1,2.9135000000001128,85,30,-10,93,17,-5,35,35,0,38.94440482,41.98412398,-3.039719165,-10,-5,-5,0.19,0.56,-0.37
8,24,male,155,new,b,1,2.5944000000004053,61,45,-48,87,13,-42,19.33333333,19.33333333,0,48.05783553,52.85409687,-4.796261339,-48,-42,-6,-0.65,0.18,-0.83
8,24,male,156,new,b,1,2.3777999999988424,56,46,-28,85,8,-19,24.66666667,24.66666667,0,37.46405685,44.06308609,-6.599029239,-28,-19,-9,-0.67,0.51,-1.18
8,24,male,157,new,b,1,2.0640999999995984,55,38,-27,78,8,-20,22,22,0,35.33647785,41.21488404,-5.878406195,-27,-20,-7,-0.59,0.47,-1.06
8,24,male,158,new,b,1,2.1611999999995533,54,46,-53,77,18,-48,15.66666667,15.66666667,0,48.66438351,51.05770156,-2.393318055,-53,-48,-5,-0.69,-0.07,-0.62
8,24,male,159,new,b,1,3.330500000000029,66,16,-25,85,5,-15,19,25,-6,37.21110945,43.20493799,-5.993828537,-25,-15,-10,0.12,0.6,-0.48
8,24,male,160,new,b,1,2.2114999999998872,57,54,-20,83,2,-3,30.33333333,27.33333333,3,35.6121078,39.4151691,-3.803061301,-20,-3,-17,-0.7,0.7,-1.4
8,24,male,161,new,a,0,1.3945999999996277,68,39,-23,88,15,-19,28,28,0,37.95611501,44.6392951,-6.683180086,-23,-19,-4,-0.41,0.41,-0.82
8,24,male,162,new,b,1,2.311100000001261,77,47,-21,99,18,-14,34.33333333,34.33333333,0,40.99864496,47.55581516,-6.557170196,-21,-14,-7,-0.43,0.47,-0.9
8,24,male,163,new,b,1,1.577499999999873,76,46,-41,95,20,-34,27,27,0,49.61854492,52.89612462,-3.277579702,-41,-34,-7,-0.52,0.2,-0.72
8,24,male,164,new,a,0,15.278099999999997,50,30,-9,60,16,-5,23.66666667,23.66666667,0,24.4994331,27.08423075,-2.584797654,-9,-5,-4,-0.37,0.4,-0.77
8,24,male,165,new,b,1,2.677700000001096,51,45,-78,80,11,-73,6,6,0,59.44745579,62.56196928,-3.114513488,-78,-73,-5,-0.7,-0.12,-0.58
8,24,male,166,new,a,0,23.944499999999607,54,23,-50,70,3,-46,9,9,0,43.59663596,47.5464685,-3.949832543,-50,-46,-4,-0.45,0.19,-0.64
8,24,male,167,new,b,1,1.1610000000000582,63,56,-8,78,18,-3,37,31,6,31.94787421,34.3220046,-2.374130391,-8,-3,-5,-0.68,0.51,-1.19
8,24,male,168,new,b,1,0.4448000000006687,30,23,-7,44,5,-3,15.33333333,15.33333333,0,16.04853749,20.53181813,-4.483280636,-7,-3,-4,-0.61,0.63,-1.24
8,24,male,169,new,b,1,1.89449999999988,37,25,-44,56,2,-40,6,6,0,35.6931366,39.29376541,-3.600628814,-44,-40,-4,-0.65,0.15,-0.8
8,24,male,170,new,a,0,2.214199999999437,45,44,-23,80,3,-17,22,22,0,31.82242396,41.81706191,-9.994637949,-23,-17,-6,-0.71,0.59,-1.3
8,24,male,171,new,b,1,1.294699999999466,83,49,-12,97,11,-6,40,34,6,39.3022476,45.08510471,-5.782857106,-12,-6,-6,-0.33,0.63,-0.96
8,24,male,172,new,a,0,1.3949999999999818,66,44,-27,85,4,-15,27.66666667,24.66666667,3,39.68486977,43.36152929,-3.676659515,-27,-15,-12,-0.55,0.61,-1.16
8,24,male,173,new,b,1,1.1282999999989445,69,68,-17,94,19,-11,40,34,6,40.30715404,44.15880433,-3.851650293,-17,-11,-6,-0.71,0.47,-1.18
8,24,male,174,new,a,0,0.7609000000006745,58,47,-74,97,2,-68,10.33333333,10.33333333,0,59.80152358,67.61820925,-7.816685673,-74,-68,-6,-0.69,0.18,-0.87
8,24,male,175,new,b,1,1.0940999999997985,45,18,-24,62,5,-19,13,16,-3,28.39013913,33.9705755,-5.58043637,-24,-19,-5,-0.26,0.45,-0.71
8,24,male,176,new,b,1,0.6779999999998836,76,47,-63,93,8,-59,20,14,6,59.87208587,62.19860663,-2.326520758,-63,-59,-4,-0.58,0.14,-0.72
8,24,male,177,new,b,1,0.6275000000000546,52,45,-43,79,10,-35,18,18,0,43.2280773,46.88283268,-3.654755383,-43,-35,-8,-0.69,0.25,-0.94
8,24,male,178,new,a,0,0.8942999999985659,73,32,-52,92,3,-42,17.66666667,17.66666667,0,52.02777036,55.67963921,-3.651868845,-52,-42,-10,-0.39,0.38,-0.77
8,24,male,179,new,a,0,0.7421999999992295,64,53,-37,92,1,-31,26.66666667,20.66666667,6,45.24255617,52.10459566,-6.862039489,-37,-31,-6,-0.68,0.51,-1.19
8,24,male,180,new,b,1,0.9817000000011832,66,50,-48,92,14,-38,22.66666667,22.66666667,0,50.39400317,53.42492136,-3.030918188,-48,-38,-10,-0.65,0.24,-0.89
8,24,male,181,new,b,1,1.1905999999994492,74,47,-15,86,19,-8,35.33333333,32.33333333,3,37.25885428,39.51652256,-2.257668285,-15,-8,-7,-0.44,0.47,-0.91
8,24,male,182,new,b,1,0.3389999999999418,67,61,-10,90,14,-4,39.33333333,33.33333333,6,34.96982827,40.73764298,-5.767814715,-10,-4,-6,-0.69,0.6,-1.29
8,24,male,183,new,b,1,4.960900000000038,55,44,-34,91,3,-29,21.66666667,21.66666667,0,39.61761673,50.73679357,-11.11917684,-34,-29,-5,-0.67,0.5,-1.17
8,24,male,184,new,b,1,9.579300000000783,52,43,-65,75,16,-61,10,10,0,53.16013544,55.68363015,-2.52349471,-65,-61,-4,-0.69,-0.16,-0.53
8,24,male,185,new,b,1,5.5991999999992,81,22,-15,91,3,-6,29.33333333,29.33333333,0,39.53338954,43.75944343,-4.226053881,-15,-6,-9,0.27,0.68,-0.41
8,24,male,186,new,b,1,5.062900000000354,64,52,-58,93,11,-46,19.33333333,19.33333333,0,54.90193277,57.05163353,-2.149700761,-58,-46,-12,-0.68,0.22,-0.9
8,24,male,187,new,b,1,2.846899999998641,90,21,-34,99,7,-29,25.66666667,25.66666667,0,50.73022329,53.89702115,-3.166797855,-34,-29,-5,0.14,0.48,-0.34
8,24,male,188,new,b,1,5.351699999999255,50,31,-44,73,9,-36,12.33333333,15.33333333,-3,40.58187882,44.723844,-4.141965177,-44,-36,-8,-0.59,0.21,-0.8
8,24,male,189,new,b,1,2.659400000000005,59,50,-48,83,10,-41,20.33333333,17.33333333,3,48.45845873,50.88767587,-2.429217144,-48,-41,-7,-0.69,0.21,-0.9
8,24,male,190,new,b,1,3.252699999999095,55,16,-30,64,2,-25,13.66666667,13.66666667,0,34.7403064,37.25885428,-2.518547878,-30,-25,-5,-0.1,0.44,-0.54
8,24,male,191,new,b,1,6.185399999998481,56,54,-15,82,21,-8,31.66666667,31.66666667,0,33.00841644,37.50851755,-4.500101116,-15,-8,-7,-0.71,0.4,-1.11
8,24,male,192,new,a,0,6.789699999998902,41,32,-42,64,5,-38,10.33333333,10.33333333,0,37.18721405,41.81174742,-4.624533368,-42,-38,-4,-0.68,0.19,-0.87
8,24,male,193,new,b,1,2.889000000000124,69,37,-33,94,9,-21,24.33333333,27.33333333,-3,42.59368759,48.70546399,-6.111776401,-33,-21,-12,-0.42,0.51,-0.93
8,24,male,194,new,b,1,4.051400000000285,63,26,-14,81,1,-7,25,25,0,31.44307025,39.73243847,-8.28936822,-14,-7,-7,-0.05,0.69,-0.74
8,24,male,195,new,b,1,2.894199999999273,79,60,-16,98,12,-5,41,35,6,41.04469109,45.08510471,-4.04041362,-16,-5,-11,-0.6,0.63,-1.23
8,24,male,196,new,b,1,6.835900000000038,32,20,-50,54,6,-40,0.666666667,6.666666667,-6,36.16013766,38.37823457,-2.218096913,-50,-40,-10,-0.65,0.03,-0.68
8,24,male,197,new,b,1,3.760800000000927,64,41,-14,77,10,-5,30.33333333,27.33333333,3,32.72443871,35.64952859,-2.925089883,-14,-5,-9,-0.45,0.61,-1.06
8,24,male,198,new,b,1,6.285800000001018,74,38,-25,94,11,-18,29,29,0,40.91454509,47.46226571,-6.547720623,-25,-18,-7,-0.32,0.51,-0.83
8,24,male,199,new,b,1,4.761099999999715,63,50,-48,99,27,-43,21.66666667,27.66666667,-6,49.54683531,57.97317387,-8.426338566,-48,-43,-5,-0.67,0.02,-0.69
8,24,male,200,new,b,1,6.344900000000507,44,39,-75,72,4,-68,2.666666667,2.666666667,0,54.95654849,57.16253629,-2.205987801,-75,-68,-7,-0.7,-0.03,-0.67
9,27,male,1,old,a,0,2.3814000000059607,74,10,-57,50,28,-51,9,9,0,53.48520045,43.36665386,10.11854659,-57,-51,-6,-0.03,-0.57,0.54
9,27,male,2,old,a,0,1.3555999999940411,63,24,-59,39,36,-47,9.333333333,9.333333333,0,50.87457344,39.85250585,11.02206759,-59,-47,-12,-0.41,-0.7,0.29
9,27,male,3,old,b,1,2.054299999982113,78,38,-68,84,24,-51,16,19,-3,61.60086579,55.22680509,6.374060709,-68,-51,-17,-0.49,-0.14,-0.35
9,27,male,4,old,a,0,2.169700000017883,72,17,-27,51,31,-20,20.66666667,20.66666667,0,40.49965706,29.89239963,10.60725743,-27,-20,-7,0.14,-0.48,0.62
9,27,male,5,old,a,0,1.5981999999880827,88,18,-15,83,9,-1,30.33333333,30.33333333,0,42.94440851,37.46405685,5.480351661,-15,-1,-14,0.41,0.67,-0.26
9,27,male,6,old,a,0,0.937599999994042,96,33,-14,80,42,-7,38.33333333,38.33333333,0,45.0653846,35.6121078,9.453276793,-14,-7,-7,0.18,-0.15,0.33
9,27,male,7,old,a,0,1.4048000000119174,93,92,-16,86,78,-4,56.33333333,53.33333333,3,51.14901976,40.67213078,10.47688898,-16,-4,-12,-0.71,-0.69,-0.02
9,27,male,8,old,a,0,2.513200000017889,90,42,-24,83,22,-6,36,33,3,46.73328578,37.15732319,9.575962592,-24,-6,-18,-0.19,0.42,-0.61
9,27,male,9,old,a,0,1.2284999999999968,87,73,-46,79,78,-34,38,41,-3,59.67132198,53.03457991,6.636742064,-46,-34,-12,-0.68,-0.71,0.03
9,27,male,10,old,a,0,0.9139000000059668,87,30,-64,70,56,-55,17.66666667,23.66666667,-6,62.25931434,55.91859162,6.34072272,-64,-55,-9,-0.29,-0.67,0.38
9,27,male,11,old,a,0,3.38920000001788,62,22,-65,45,27,-53,6.333333333,6.333333333,0,53.01781671,42.59368759,10.42412913,-65,-53,-12,-0.42,-0.61,0.19
9,27,male,12,old,b,1,1.0652000000178816,75,73,-48,83,65,-30,33.33333333,39.33333333,-6,57.5171472,49.57373857,7.943408634,-48,-30,-18,-0.71,-0.64,-0.07
9,27,male,13,old,a,0,2.96369999998808,88,66,-26,87,52,-11,42.66666667,42.66666667,0,49.37835783,40.54901013,8.829347706,-26,-11,-15,-0.6,-0.33,-0.27
9,27,male,14,old,a,0,1.1680999999940411,83,34,-85,62,50,-80,10.66666667,10.66666667,0,70.54234347,64.29791771,6.244425757,-85,-80,-5,-0.46,-0.69,0.23
9,27,male,15,old,b,1,0.9016000000238336,60,35,-20,63,33,-12,25,28,-3,33.41656276,30.82207001,2.594492745,-20,-12,-8,-0.42,-0.24,-0.18
9,27,male,16,old,b,1,0.7129999999999939,89,61,-86,90,63,-71,21.33333333,27.33333333,-6,76.75212628,70.40044192,6.351684365,-86,-71,-15,-0.64,-0.63,-0.01
9,27,male,17,old,b,1,1.0409999999999968,83,77,-23,99,33,-4,45.66666667,42.66666667,3,48.61641241,42.60151275,6.014899656,-23,-4,-19,-0.7,0.33,-1.03
9,27,male,18,old,a,0,0.9924999999999926,74,64,-60,72,67,-43,26,32,-6,60.94806532,53.07227776,7.875787563,-60,-43,-17,-0.69,-0.7,0.01
9,27,male,19,old,a,0,1.0716000000238497,70,22,-42,58,18,-26,16.66666667,16.66666667,0,45.87906809,34.30581421,11.57325388,-42,-26,-16,-0.17,-0.06,-0.11
9,27,male,20,old,a,0,0.77410000002385,98,57,-67,91,49,-52,29.33333333,29.33333333,0,70.14429572,60.01296156,10.13133416,-67,-52,-15,-0.53,-0.46,-0.07
9,27,male,21,old,a,0,0.8829000000059608,78,23,-44,60,33,-36,19,19,0,49.88653793,40.42276586,9.463772067,-44,-36,-8,-0.12,-0.48,0.36
9,27,male,22,old,b,1,1.5811000000238522,76,15,-33,63,23,-28,19.33333333,19.33333333,0,44.60443426,37.24095714,7.363477116,-33,-28,-5,0.14,-0.15,0.29
9,27,male,23,old,b,1,1.393399999976154,85,73,-22,97,49,-10,45.33333333,45.33333333,0,47.86323107,43.75944343,4.103787649,-22,-10,-12,-0.67,-0.13,-0.54
9,27,male,24,old,a,0,0.9380999999940371,96,7,-31,90,8,-26,24,24,0,53.22280213,48.68949236,4.533309767,-31,-26,-5,0.45,0.46,-0.01
9,27,male,25,old,b,1,0.8589999999999947,83,41,-57,84,47,-46,22.33333333,28.33333333,-6,58.65909042,54.68901982,3.9700706,-57,-46,-11,-0.45,-0.47,0.02
9,27,male,26,old,a,0,1.2895999999940386,90,28,-61,83,25,-51,19,19,0,61.97311245,54.86954225,7.1035702,-61,-51,-10,-0.21,-0.16,-0.05
9,27,male,27,old,a,0,0.9534000000059564,76,36,-11,65,40,-4,33.66666667,33.66666667,0,35.55590278,28.52289529,7.033007489,-11,-4,-7,-0.1,-0.32,0.22
9,27,male,28,old,b,1,2.24289999997616,37,20,-43,33,26,-36,4.666666667,7.666666667,-3,34.41253002,31.00895928,3.403570739,-43,-36,-7,-0.58,-0.68,0.1
9,27,male,29,old,a,0,1.011700000017882,75,27,-60,59,34,-51,14,14,0,55.87486018,47.08148964,8.793370539,-60,-51,-9,-0.34,-0.56,0.22
9,27,male,30,old,a,0,0.834900000005959,87,70,-27,80,50,-18,43.33333333,37.33333333,6,50.21509291,40.99864496,9.216447942,-27,-18,-9,-0.65,-0.43,-0.22
9,27,male,31,old,a,0,1.0473000000119157,36,21,-30,39,17,-20,9,12,-3,28.24889378,24.34474618,3.904147602,-30,-20,-10,-0.56,-0.3,-0.26
9,27,male,32,old,a,0,0.5314999999999941,92,42,-56,66,60,-48,26,26,0,61.47086031,52.38320341,9.08765689,-56,-48,-8,-0.37,-0.7,0.33
9,27,male,33,old,b,1,1.0220000000000056,72,21,-90,54,35,-86,1,1,0,67.63135368,62.00537611,5.625977565,-90,-86,-4,-0.42,-0.66,0.24
9,27,male,34,old,a,0,1.0067000000178723,81,17,-68,69,21,-51,10,13,-3,61.03004724,49.31531202,11.71473522,-68,-51,-17,-0.17,-0.24,0.07
9,27,male,35,old,a,0,1.1203000000119232,94,19,-17,81,8,-2,32,29,3,46.23851209,36.99549522,9.243016866,-17,-2,-15,0.4,0.67,-0.27
9,27,male,36,old,b,1,1.1621999999880757,92,37,-21,95,22,-9,36,36,0,46.13747573,43.59663596,2.540839773,-21,-9,-12,-0.03,0.45,-0.48
9,27,male,37,old,a,0,1.101900000005969,96,32,-13,92,15,-1,38.33333333,35.33333333,3,44.723844,40.59830319,4.125540807,-13,-1,-12,0.21,0.63,-0.42
9,27,male,38,old,a,0,1.081000000000003,70,13,-28,63,8,-16,18.33333333,18.33333333,0,40.18568015,33.06895153,7.116728613,-28,-16,-12,0.2,0.44,-0.24
9,27,male,39,old,a,0,1.023099999994031,95,25,-45,69,46,-40,25,25,0,57.15476066,46.91126375,10.24349691,-45,-40,-5,0,-0.58,0.58
9,27,male,40,old,b,1,1.0234000000059351,65,54,-91,69,19,-78,9.333333333,3.333333333,6,71.08836442,61.02640594,10.06195848,-91,-78,-13,-0.69,-0.37,-0.32
9,27,male,41,old,a,0,1.0229000000059614,96,27,-44,64,55,-40,26.33333333,26.33333333,0,57.15670467,47.0484384,10.10826627,-44,-40,-4,-0.02,-0.69,0.67
9,27,male,42,old,b,1,1.2476999999880718,96,80,-56,99,42,-39,40,34,6,68.19579655,56.62155067,11.57424588,-56,-39,-17,-0.68,-0.21,-0.47
9,27,male,43,old,a,0,0.956300000011936,75,28,-55,47,46,-45,16,16,0,53.7463177,43.13544559,10.61087211,-55,-45,-10,-0.32,-0.71,0.39
9,27,male,44,old,a,0,0.9803000000119368,89,20,-61,76,18,-46,16,16,0,61.3025285,49.82636518,11.47616332,-61,-46,-15,-0.1,-0.06,-0.04
9,27,male,45,old,a,0,0.7258000000119296,88,21,-90,58,41,-80,6.333333333,6.333333333,0,73.40451091,61.44012442,11.96438649,-90,-80,-10,-0.29,-0.67,0.38
9,27,male,46,old,a,0,1.113400000005953,78,60,-46,63,61,-32,30.66666667,30.66666667,0,54.70730197,44.31954673,10.38775524,-46,-32,-14,-0.65,-0.71,0.06
9,27,male,47,old,a,0,0.7062000000179012,91,61,-33,66,59,-24,39.66666667,33.66666667,6,52.82255411,40.87650779,11.94604632,-33,-24,-9,-0.54,-0.69,0.15
9,27,male,48,old,a,0,1.4596999999880893,50,11,-57,35,13,-44,1.333333333,1.333333333,0,44.21412545,33.289971799999996,10.92415365,-57,-44,-13,-0.32,-0.48,0.16
9,27,male,49,old,a,0,0.6775999999940439,64,24,-48,52,23,-35,13.33333333,13.33333333,0,46.34172586,36.16935474,10.17237112,-48,-35,-13,-0.33,-0.38,0.05
9,27,male,50,old,a,0,0.6595000000000084,85,53,-67,66,63,-58,23.66666667,23.66666667,0,65.42850211,57.76004001,7.668462102,-67,-58,-9,-0.58,-0.71,0.13
9,27,male,51,old,a,0,0.7303000000119368,98,82,-10,87,77,-3,56.66666667,53.66666667,3,47.59084879,40.27681991,7.314028882,-10,-3,-7,-0.65,-0.67,0.02
9,27,male,52,old,b,1,0.7437999999821159,84,75,-47,83,60,-31,37.33333333,37.33333333,0,59.74575764,49.22284926,10.52290838,-47,-31,-16,-0.7,-0.59,-0.11
9,27,male,53,old,a,0,0.7598000000119214,73,16,-47,50,33,-41,14,14,0,49.01020302,39.50527391,9.50492911,-47,-41,-6,-0.06,-0.61,0.55
9,27,male,54,old,a,0,0.4286000000238346,99,34,-24,83,38,-12,36.33333333,36.33333333,0,50.24163833,38.80148909,11.44014924,-24,-12,-12,0.07,-0.06,0.13
9,27,male,55,old,b,1,0.8774999999999977,57,18,-72,61,10,-59,1,4,-3,54.01851534,49.17316341,4.845351932,-72,-59,-13,-0.44,-0.18,-0.26
9,27,male,56,old,b,1,0.4348000000119328,91,17,-48,90,12,-33,20,23,-3,56.78614855,50.81338406,5.972764482,-48,-33,-15,0.08,0.31,-0.23
9,27,male,57,old,b,1,0.7132999999821266,74,55,-56,64,61,-52,24.33333333,24.33333333,0,57.33139532,53.98971095,3.341684362,-56,-52,-4,-0.65,-0.71,0.06
9,27,male,58,old,a,0,0.4039999999999964,99,15,-82,88,18,-74,10.66666667,10.66666667,0,73.95644364,66.33919572,7.617247917,-82,-74,-8,-0.09,-0.16,0.07
9,27,male,59,old,b,1,0.6589999999999918,89,74,-13,90,55,-4,50,47,3,44.96665431,38.79003308,6.176621228,-13,-4,-9,-0.65,-0.3,-0.35
9,27,male,60,old,a,0,0.8472000000178923,86,27,-87,69,30,-73,8.666666667,8.666666667,0,71.80683966,59.90177144,11.90506822,-87,-73,-14,-0.37,-0.49,0.12
9,27,male,61,old,a,0,0.7194999999999823,36,7,-38,19,18,-32,1.666666667,1.666666667,0,30.44484996,23.80942857,6.635421386,-38,-32,-6,-0.26,-0.71,0.45
9,27,male,62,old,a,0,0.6832999999821254,73,41,-12,65,47,-1,34,37,-3,35.05234181,27.85677655,7.19556526,-12,-1,-11,-0.29,-0.49,0.2
9,27,male,63,old,a,0,0.5983000000119034,83,39,-20,88,37,-5,34,40,-6,42.19794624,38.02630668,4.171639554,-20,-5,-15,-0.18,0.12,-0.3
9,27,male,64,old,a,0,0.9321999999880576,84,58,-66,68,60,-52,25.33333333,25.33333333,0,65.44887742,54.78036956,10.66850786,-66,-52,-14,-0.62,-0.7,0.08
9,27,male,65,old,a,0,0.7805000000000177,77,55,-64,66,50,-48,22.66666667,22.66666667,0,61.93724423,50.39400317,11.54324105,-64,-48,-16,-0.64,-0.65,0.01
9,27,male,66,old,a,0,0.6864000000059605,58,32,-27,41,25,-21,21,15,6,35.56215217,26.28053779,9.281614373,-27,-21,-6,-0.43,-0.52,0.09
9,27,male,67,old,a,0,0.7680000000000007,94,36,-54,66,41,-49,25.33333333,19.33333333,6,60.88969991,49.38510797,11.50459195,-54,-49,-5,-0.26,-0.57,0.31
9,27,male,68,old,a,0,1.2109000000059496,62,43,-30,52,48,-25,25,25,0,39.65686153,35.39303133,4.263830204,-30,-25,-5,-0.59,-0.7,0.11
9,27,male,69,old,b,1,0.853099999994015,60,14,-23,64,12,-7,17,23,-6,33.950945,30.01110905,3.93983595,-23,-7,-16,0.13,0.5,-0.37
9,27,male,70,old,a,0,0.7989000000059434,67,50,-25,66,32,-6,30.66666667,30.66666667,0,39.96943276,29.40899333,10.56043943,-25,-6,-19,-0.61,-0.07,-0.54
9,27,male,71,old,b,1,0.6955999999940445,77,47,-55,89,39,-41,23,29,-6,56.49778757,53.54126135,2.95652622,-55,-41,-14,-0.56,-0.27,-0.29
9,27,male,72,old,a,0,1.0834999999999866,53,43,-8,49,31,-1,29.33333333,26.33333333,3,26.71246068,20.67741656,6.035044121,-8,-1,-7,-0.63,-0.33,-0.3
9,27,male,73,old,a,0,0.97470000001789,55,29,-25,52,42,-17,19.66666667,25.66666667,-6,33.31999733,30.44484996,2.875147376,-25,-17,-8,-0.4,-0.65,0.25
9,27,male,74,old,a,0,0.6894999999999811,96,4,-46,81,12,-39,18,18,0,58.81042991,49.17316341,9.637266501,-46,-39,-7,0.34,0.18,0.16
9,27,male,75,old,b,1,0.9990000000000236,81,41,-34,61,54,-27,29.33333333,29.33333333,0,47.66783215,39.93606001,7.731772147,-34,-27,-7,-0.35,-0.69,0.34
9,27,male,76,old,a,0,0.6892000000178768,76,15,-21,57,42,-11,23.33333333,29.33333333,-6,40.03609483,29.16999981,10.86609502,-21,-11,-10,0.3,-0.57,0.87
9,27,male,77,old,a,0,1.1142000000178598,94,31,-45,90,39,-40,26.66666667,29.66666667,-3,56.82917873,53.48104545,3.348133286,-45,-40,-5,-0.11,-0.26,0.15
9,27,male,78,old,a,0,0.8895999999940329,78,66,-11,64,61,-1,44.33333333,41.33333333,3,39.43207944,29.95923156,9.472847881,-11,-1,-10,-0.66,-0.7,0.04
9,27,male,79,old,b,1,0.622599999994037,39,5,-20,23,9,-8,8,8,0,24.17988144,12.67543556,11.50444588,-20,-8,-12,0.18,-0.12,0.3
9,27,male,80,old,a,0,1.0290999999940311,82,35,-17,58,49,-7,33.33333333,33.33333333,0,40.43375927,28.75567577,11.6780835,-17,-7,-10,-0.06,-0.66,0.6
9,27,male,81,old,a,0,1.3023000000119396,67,46,-21,65,36,-9,30.66666667,30.66666667,0,37.52628708,30.44484996,7.081437126,-21,-9,-12,-0.54,-0.26,-0.28
9,27,male,82,old,a,0,0.8892999999821143,82,60,-65,69,63,-55,25.66666667,25.66666667,0,64.73707507,57.09251751,7.644557563,-65,-55,-10,-0.65,-0.7,0.05
9,27,male,83,old,a,0,0.9567000000178894,51,40,-31,42,41,-23,20,20,0,36.34097779,30.40833219,5.932645598,-31,-23,-8,-0.66,-0.71,0.05
9,27,male,84,old,a,0,0.6677999999821225,64,37,-54,65,7,-43,15.66666667,9.666666667,6,50.479919,44.13111777,6.348801231,-54,-43,-11,-0.56,0.09,-0.65
9,27,male,85,old,a,0,0.6712000000179046,78,21,-82,61,26,-70,5.666666667,5.666666667,0,66.21345952,55.37949881,10.83396071,-82,-70,-12,-0.33,-0.5,0.17
9,27,male,86,old,a,0,0.7433000000119137,77,36,-10,56,52,-5,34.33333333,34.33333333,0,35.53714801,27.86076493,7.676383088,-10,-5,-5,-0.07,-0.7,0.63
9,27,male,87,old,a,0,0.7502999999821043,77,41,-37,76,27,-22,27,27,0,47.58150901,40.00833247,7.573176548,-37,-22,-15,-0.42,0,-0.42
9,27,male,88,old,a,0,0.63510000002384,80,41,-11,67,46,-3,36.66666667,36.66666667,0,37.27674282,29.32954521,7.947197614,-11,-3,-8,-0.17,-0.45,0.28
9,27,male,89,old,a,0,0.801800000011923,89,46,-19,85,23,-1,38.66666667,35.66666667,3,44.39469438,36.23380864,8.160885733,-19,-1,-18,-0.24,0.48,-0.72
9,27,male,90,old,a,0,0.7988000000119087,58,9,-18,53,10,-14,16.33333333,16.33333333,0,31.45720197,27.71682201,3.740379958,-18,-14,-4,0.34,0.33,0.01
9,27,male,91,old,a,0,0.8226999999880604,74,59,-14,72,54,-7,39.66666667,39.66666667,0,38.43898484,33.80663972,4.632345124,-14,-7,-7,-0.63,-0.56,-0.07
9,27,male,92,old,a,0,0.9382999999821208,91,6,-27,80,2,-12,23.33333333,23.33333333,0,49.70803646,40.47495796,9.233078497,-27,-12,-15,0.48,0.64,-0.16
9,27,male,93,old,a,0,0.980699999988076,90,63,-64,89,40,-58,29.66666667,23.66666667,6,67.14329618,61.11373732,6.029558865,-64,-58,-6,-0.62,-0.38,-0.24
9,27,male,94,old,b,1,0.9379999999999882,56,51,-81,67,14,-73,8.666666667,2.666666667,6,63.43675766,57.71385353,5.722904132,-81,-73,-8,-0.7,-0.29,-0.41
9,27,male,95,old,b,1,0.9839000000059456,67,46,-24,68,38,-17,29.66666667,29.66666667,0,38.90444133,35.19785347,3.706587865,-24,-17,-7,-0.56,-0.34,-0.22
9,27,male,96,old,b,1,0.5558000000119137,83,69,-20,73,72,-13,44,44,0,45.61432524,40.30715404,5.307171197,-20,-13,-7,-0.66,-0.71,0.05
9,27,male,97,old,b,1,0.6409000000059564,94,58,-17,96,40,-1,45,45,0,46.23851209,39.75759885,6.480913232,-17,-1,-16,-0.4,0.19,-0.59
9,27,male,98,old,b,1,0.7259999999999991,92,82,-79,91,65,-61,31.66666667,31.66666667,0,78.35957007,66.379381,11.98018907,-79,-61,-18,-0.7,-0.63,-0.07
9,27,male,99,old,b,1,0.6348999999761702,83,77,-71,76,70,-57,29.66666667,29.66666667,0,71.22421561,61.33152171,9.892693895,-71,-57,-14,-0.7,-0.7,0
9,27,male,100,old,a,0,0.6775999999940154,62,55,-47,57,37,-42,23.33333333,17.33333333,6,49.8152141,42.74212078,7.073093316,-47,-42,-5,-0.7,-0.59,-0.11
9,27,male,101,new,b,1,0.7663000000119382,79,49,-50,98,25,-45,26,26,0,55.11805512,58.3837877,-3.265732586,-50,-45,-5,-0.55,0.03,-0.58
9,27,male,102,new,b,1,0.622600000023823,64,45,-19,85,10,-5,30,30,0,35.50586806,39.37003937,-3.86417131,-19,-5,-14,-0.56,0.63,-1.19
9,27,male,103,new,b,1,0.4529999999999745,74,47,-15,86,19,-8,35.33333333,32.33333333,3,37.25885428,39.51652256,-2.257668285,-15,-8,-7,-0.44,0.47,-0.91
9,27,male,104,new,b,1,0.6107999999821061,64,41,-26,87,14,-22,26.33333333,26.33333333,0,38.17794593,45.34558658,-7.167640648,-26,-22,-4,-0.52,0.39,-0.91
9,27,male,105,new,a,0,0.4710000000000037,63,26,-14,81,1,-7,25,25,0,31.44307025,39.73243847,-8.28936822,-14,-7,-7,-0.05,0.69,-0.74
9,27,male,106,new,b,1,0.956800000011924,64,53,-37,92,1,-31,26.66666667,20.66666667,6,45.24255617,52.10459566,-6.862039489,-37,-31,-6,-0.68,0.51,-1.19
9,27,male,107,new,b,1,0.9263999999761552,71,34,-28,85,10,-18,25.66666667,25.66666667,0,40.84387619,43.48435223,-2.64047604,-28,-18,-10,-0.3,0.49,-0.79
9,27,male,108,new,b,1,0.725299999982127,66,50,-48,92,14,-38,22.66666667,22.66666667,0,50.39400317,53.42492136,-3.030918188,-48,-38,-10,-0.65,0.24,-0.89
9,27,male,109,new,b,1,0.792599999994053,48,46,-67,77,10,-60,9,9,0,53.7463177,55.93448549,-2.188167783,-67,-60,-7,-0.71,-0.03,-0.68
9,27,male,110,new,b,1,0.6894000000059748,57,54,-20,83,2,-3,30.33333333,27.33333333,3,35.6121078,39.4151691,-3.803061301,-20,-3,-17,-0.7,0.7,-1.4
9,27,male,111,new,b,1,0.5555999999940298,73,48,-72,98,34,-65,16.33333333,22.33333333,-6,63.28945849,67.05387552,-3.764417033,-72,-65,-7,-0.63,-0.26,-0.37
9,27,male,112,new,b,1,0.9077999999821316,46,39,-47,76,2,-40,12.66666667,12.66666667,0,42.28737663,47.95368136,-5.666304726,-47,-40,-7,-0.69,0.32,-1.01
9,27,male,113,new,b,1,0.40450000000001296,44,39,-75,72,4,-68,2.666666667,2.666666667,0,54.95654849,57.16253629,-2.205987801,-75,-68,-7,-0.7,-0.03,-0.67
9,27,male,114,new,b,1,0.7201000000238196,63,37,-54,90,4,-48,15.33333333,15.33333333,0,50.16195991,56.90537955,-6.743419642,-54,-48,-6,-0.57,0.29,-0.86
9,27,male,115,new,b,1,0.7090999999940379,74,38,-25,94,11,-18,29,29,0,40.91454509,47.46226571,-6.547720623,-25,-18,-7,-0.32,0.51,-0.83
9,27,male,116,new,b,1,1.0045000000000073,54,23,-50,70,3,-46,9,9,0,43.59663596,47.5464685,-3.949832543,-50,-46,-4,-0.45,0.19,-0.64
9,27,male,117,new,b,1,0.6560000000000059,67,61,-10,90,14,-4,39.33333333,33.33333333,6,34.96982827,40.73764298,-5.767814715,-10,-4,-6,-0.69,0.6,-1.29
9,27,male,118,new,b,1,0.7442000000179121,72,36,-85,88,16,-81,7.666666667,7.666666667,0,67.15322446,69.24513621,-2.09191175,-85,-81,-4,-0.56,-0.18,-0.38
9,27,male,119,new,b,1,1.014400000005935,59,49,-17,81,20,-10,30.33333333,30.33333333,0,33.71778298,37.86232369,-4.144540718,-17,-10,-7,-0.66,0.39,-1.05
9,27,male,120,new,b,1,0.932300000011935,69,40,-28,95,8,-22,27,27,0,40.65300317,49.61854492,-8.965541751,-28,-22,-6,-0.45,0.52,-0.97
9,27,male,121,new,b,1,0.950200000017901,37,25,-44,56,2,-40,6,6,0,35.6931366,39.29376541,-3.600628814,-44,-40,-4,-0.65,0.15,-0.8
9,27,male,122,new,b,1,1.0352000000178805,66,42,-35,90,1,-18,24.33333333,24.33333333,0,43.08389748,47.07676945,-3.992871972,-35,-18,-17,-0.55,0.62,-1.17
9,27,male,123,new,a,0,0.6372000000178559,52,43,-65,75,16,-61,10,10,0,53.16013544,55.68363015,-2.52349471,-65,-61,-4,-0.69,-0.16,-0.53
9,27,male,124,new,b,1,0.5144000000059918,71,31,-47,94,2,-32,18.33333333,21.33333333,-3,48.9988662,53.22488975,-4.22602355,-47,-32,-15,-0.37,0.5,-0.87
9,27,male,125,new,b,1,0.41079999998208905,51,45,-78,80,11,-73,6,6,0,59.44745579,62.56196928,-3.114513488,-78,-73,-5,-0.7,-0.12,-0.58
9,27,male,126,new,b,1,0.5558000000119705,45,44,-23,80,3,-17,22,22,0,31.82242396,41.81706191,-9.994637949,-23,-17,-6,-0.71,0.59,-1.3
9,27,male,127,new,b,1,0.7077000000178941,68,39,-23,88,15,-19,28,28,0,37.95611501,44.6392951,-6.683180086,-23,-19,-4,-0.41,0.41,-0.82
9,27,male,128,new,b,1,0.577000000000055,77,47,-21,99,18,-14,34.33333333,34.33333333,0,40.99864496,47.55581516,-6.557170196,-21,-14,-7,-0.43,0.47,-0.9
9,27,male,129,new,b,1,1.0444000000059646,50,31,-44,73,9,-36,12.33333333,15.33333333,-3,40.58187882,44.723844,-4.141965177,-44,-36,-8,-0.59,0.21,-0.8
9,27,male,130,new,b,1,0.8772999999820854,52,40,-47,82,1,-38,15,15,0,44.11349,49.979996,-5.866505998,-47,-38,-9,-0.67,0.4,-1.07
9,27,male,131,new,b,1,0.7624000000059254,81,22,-15,91,3,-6,29.33333333,29.33333333,0,39.53338954,43.75944343,-4.226053881,-15,-6,-9,0.27,0.68,-0.41
9,27,male,132,new,b,1,0.7319999999999709,69,51,-21,95,8,-4,33,33,0,38.88444419,44.11349,-5.22904581,-21,-4,-17,-0.6,0.67,-1.27
9,27,male,133,new,b,1,1.0962000000178591,70,24,-76,92,8,-64,6,12,-6,60.94806532,63.7495098,-2.801444479,-76,-64,-12,-0.42,0.09,-0.51
9,27,male,134,new,a,0,0.7683000000119478,50,30,-9,60,16,-5,23.66666667,23.66666667,0,24.4994331,27.08423075,-2.584797654,-9,-5,-4,-0.37,0.4,-0.77
9,27,male,135,new,b,1,0.73509999999402,57,37,-63,90,9,-59,10.33333333,13.33333333,-3,52.49338583,60.90612084,-8.412735011,-63,-59,-4,-0.63,0.11,-0.74
9,27,male,136,new,b,1,0.7074999999999818,64,52,-58,93,11,-46,19.33333333,19.33333333,0,54.90193277,57.05163353,-2.149700761,-58,-46,-12,-0.68,0.22,-0.9
9,27,male,137,new,b,1,0.7078999999761777,75,40,-15,94,14,-8,33.33333333,33.33333333,0,37.04351795,43.82794644,-6.784428486,-15,-8,-7,-0.26,0.58,-0.84
9,27,male,138,new,b,1,0.7135000000000105,52,45,-43,79,10,-35,18,18,0,43.2280773,46.88283268,-3.654755383,-43,-35,-8,-0.69,0.25,-0.94
9,27,male,139,new,b,1,0.6649000000059573,77,36,-47,94,14,-42,22,22,0,51.58165048,55.80919876,-4.22754828,-47,-42,-5,-0.39,0.21,-0.6
9,27,male,140,new,b,1,1.163000000000011,69,37,-33,94,9,-21,24.33333333,27.33333333,-3,42.59368759,48.70546399,-6.111776401,-33,-21,-12,-0.42,0.51,-0.93
9,27,male,141,new,b,1,0.4345000000000141,64,55,-60,94,8,-52,19.66666667,16.66666667,3,56.4525366,59.91846312,-3.465926514,-60,-52,-8,-0.69,0.21,-0.9
9,27,male,142,new,b,1,0.7991999999880477,60,39,-81,87,8,-77,6,6,0,62.11280061,66.96765388,-4.8548532700000004,-81,-77,-4,-0.65,-0.04,-0.61
9,27,male,143,new,b,1,0.5562000000178955,90,21,-34,99,7,-29,25.66666667,25.66666667,0,50.73022329,53.89702115,-3.166797855,-34,-29,-5,0.14,0.48,-0.34
9,27,male,144,new,b,1,0.5741999999880818,55,16,-30,64,2,-25,13.66666667,13.66666667,0,34.7403064,37.25885428,-2.518547878,-30,-25,-5,-0.1,0.44,-0.54
9,27,male,145,new,b,1,0.6131999999880691,53,44,-12,76,17,-8,28.33333333,28.33333333,0,28.75567577,35.21678893,-6.461113157,-12,-8,-4,-0.66,0.45,-1.11
9,27,male,146,new,b,1,1.6055000000000064,38,33,-50,58,27,-46,7,13,-6,40.35674252,43.59663596,-3.239893438,-50,-46,-4,-0.7,-0.45,-0.25
9,27,male,147,new,b,1,0.768299999982105,69,44,-23,81,8,-17,30,24,6,38.8415585,41.57723736,-2.735678863,-23,-17,-6,-0.49,0.52,-1.01
9,27,male,148,new,a,0,1.041100000023846,30,23,-7,44,5,-3,15.33333333,15.33333333,0,16.04853749,20.53181813,-4.483280636,-7,-3,-4,-0.61,0.63,-1.24
9,27,male,149,new,b,1,0.5559999999999832,49,34,-14,65,1,-6,23,20,3,26.87005769,31.94787421,-5.077816527,-14,-6,-8,-0.55,0.68,-1.23
9,27,male,150,new,b,1,0.6533000000118818,70,30,-62,87,8,-57,12.66666667,12.66666667,0,55.265018070000004,58.88029287,-3.615274804,-62,-57,-5,-0.44,0.12,-0.56
9,27,male,151,new,a,0,1.4065999999940573,76,47,-63,93,8,-59,20,14,6,59.87208587,62.19860663,-2.326520758,-63,-59,-4,-0.58,0.14,-0.72
9,27,male,152,new,b,1,0.7017999999820859,59,50,-96,98,6,-91,4.333333333,4.333333333,0,71.04145894,77.16792656,-6.126467612,-96,-91,-5,-0.7,-0.03,-0.67
9,27,male,153,new,b,1,0.7590000000000146,54,46,-53,77,18,-48,15.66666667,15.66666667,0,48.66438351,51.05770156,-2.393318055,-53,-48,-5,-0.69,-0.07,-0.62
9,27,male,154,new,b,1,0.6048000000118918,69,68,-17,94,19,-11,40,34,6,40.30715404,44.15880433,-3.851650293,-17,-11,-6,-0.71,0.47,-1.18
9,27,male,155,new,b,1,0.5800999999940473,83,49,-12,97,11,-6,40,34,6,39.3022476,45.08510471,-5.782857106,-12,-6,-6,-0.33,0.63,-0.96
9,27,male,156,new,a,0,0.8897999999821309,47,44,-9,67,8,-2,27.33333333,24.33333333,3,25.7207223,30.44484996,-4.724127658,-9,-2,-7,-0.7,0.65,-1.35
9,27,male,157,new,b,1,0.8024999999999523,45,18,-24,62,5,-19,13,16,-3,28.39013913,33.9705755,-5.58043637,-24,-19,-5,-0.26,0.45,-0.71
9,27,male,158,new,a,0,0.7681000000238782,91,16,-26,99,1,-19,27,27,0,48.39421453,51.5622601,-3.16804557,-26,-19,-7,0.33,0.63,-0.3
9,27,male,159,new,b,1,0.7926999999880877,63,60,-7,87,12,-1,38.66666667,32.66666667,6,32.31442746,38.78430381,-6.46987635,-7,-1,-6,-0.7,0.65,-1.35
9,27,male,160,new,b,1,0.8959999999999582,55,44,-34,91,3,-29,21.66666667,21.66666667,0,39.61761673,50.73679357,-11.11917684,-34,-29,-5,-0.67,0.5,-1.17
9,27,male,161,new,b,1,0.9500000000000456,38,34,-15,62,2,-7,19,19,0,24.0970261,30.62678566,-6.529759566,-15,-7,-8,-0.69,0.66,-1.35
9,27,male,162,new,b,1,0.9927000000179192,73,38,-33,97,1,-20,26,26,0,44.09837488,50.93132631,-6.832951437,-33,-20,-13,-0.39,0.62,-1.01
9,27,male,163,new,b,1,0.7475000000000023,84,36,-9,88,6,-1,37,31,6,37.97367509,40.40627014,-2.432595048,-9,-1,-8,0.04,0.69,-0.65
9,27,male,164,new,b,1,0.7560999999940918,66,16,-25,85,5,-15,19,25,-6,37.21110945,43.20493799,-5.993828537,-25,-15,-10,0.12,0.6,-0.48
9,27,male,165,new,b,1,1.807699999988074,48,35,-20,67,3,-7,21,21,0,29.47315162,32.78210894,-3.308957317,-20,-7,-13,-0.61,0.66,-1.27
9,27,male,166,new,b,1,0.6984999999999673,73,32,-52,92,3,-42,17.66666667,17.66666667,0,52.02777036,55.67963921,-3.651868845,-52,-42,-10,-0.39,0.38,-0.77
9,27,male,167,new,b,1,0.5921999999880541,66,44,-27,85,4,-15,27.66666667,24.66666667,3,39.68486977,43.36152929,-3.676659515,-27,-15,-12,-0.55,0.61,-1.16
9,27,male,168,new,b,1,0.5986999999880709,61,39,-94,93,10,-88,2,5,-3,68.47383929,73.97747405,-5.503634762,-94,-88,-6,-0.65,-0.1,-0.55
9,27,male,169,new,b,1,0.6715000000000373,85,18,-17,93,4,-11,28.66666667,28.66666667,0,42.31889518,45.90085935,-3.581964172,-17,-11,-6,0.36,0.65,-0.29
9,27,male,170,new,b,1,0.9624000000059708,79,41,-38,99,6,-23,27.33333333,27.33333333,0,48.73283173,52.04058245,-3.30775072,-38,-23,-15,-0.4,0.55,-0.95
9,27,male,171,new,b,1,1.095700000017871,55,38,-27,78,8,-20,22,22,0,35.33647785,41.21488404,-5.878406195,-27,-20,-7,-0.59,0.47,-1.06
9,27,male,172,new,b,1,0.6711000000238414,65,47,-77,94,10,-69,11.66666667,11.66666667,0,63.12597634,66.55490632,-3.428929982,-77,-69,-8,-0.66,0.04,-0.7
9,27,male,173,new,b,1,0.6775000000000091,58,47,-74,97,2,-68,10.33333333,10.33333333,0,59.80152358,67.61820925,-7.816685673,-74,-68,-6,-0.69,0.18,-0.87
9,27,male,174,new,b,1,0.7680000000000291,60,24,-63,84,3,-57,7,10,-3,51.63332257,57.7754273,-6.142104729,-63,-57,-6,-0.46,0.18,-0.64
9,27,male,175,new,b,1,0.55590000000592,79,60,-16,98,12,-5,41,35,6,41.04469109,45.08510471,-4.04041362,-16,-5,-11,-0.6,0.63,-1.23
9,27,male,176,new,b,1,0.5679999999999836,41,32,-42,64,5,-38,10.33333333,10.33333333,0,37.18721405,41.81174742,-4.624533368,-42,-38,-4,-0.68,0.19,-0.87
9,27,male,177,new,b,1,0.7196999999881086,76,46,-41,95,20,-34,27,27,0,49.61854492,52.89612462,-3.277579702,-41,-34,-7,-0.52,0.2,-0.72
9,27,male,178,new,b,1,0.4890999999940391,59,44,-37,88,14,-27,22,25,-3,42.16633728,47.58851402,-5.422176736,-37,-27,-10,-0.64,0.33,-0.97
9,27,male,179,new,b,1,0.7501999999880695,50,46,-84,74,36,-80,4,10,-6,62.24682053,65.50318058,-3.25636005,-84,-80,-4,-0.7,-0.53,-0.17
9,27,male,180,new,b,1,0.9839999999999804,32,20,-50,54,6,-40,0.666666667,6.666666667,-6,36.16013766,38.37823457,-2.218096913,-50,-40,-10,-0.65,0.03,-0.68
9,27,male,181,new,b,1,0.8410999999940714,63,56,-8,78,18,-3,37,31,6,31.94787421,34.3220046,-2.374130391,-8,-3,-5,-0.68,0.51,-1.19
9,27,male,182,new,b,1,0.5799000000059209,53,51,-96,93,17,-84,2.666666667,8.666666667,-6,69.77264666,72.49980843,-2.727161767,-96,-84,-12,-0.71,-0.17,-0.54
9,27,male,183,new,b,1,0.6164000000059673,63,50,-48,99,27,-43,21.66666667,27.66666667,-6,49.54683531,57.97317387,-8.426338566,-48,-43,-5,-0.67,0.02,-0.69
9,27,male,184,new,a,0,0.5865999999940641,68,40,-24,83,5,-13,28,25,3,38.50541088,41.66533331,-3.159922437,-24,-13,-11,-0.44,0.61,-1.05
9,27,male,185,new,b,1,0.6106999999880713,52,40,-57,82,4,-42,11.66666667,14.66666667,-3,48.80118396,51.18159391,-2.380409957,-57,-42,-15,-0.68,0.3,-0.98
9,27,male,186,new,b,1,0.8291000000238569,85,30,-10,93,17,-5,35,35,0,38.94440482,41.98412398,-3.039719165,-10,-5,-5,0.19,0.56,-0.37
9,27,male,187,new,b,1,0.8354000000059614,47,30,-26,67,16,-14,17,23,-6,31.18760438,33.43650699,-2.248902619,-26,-14,-12,-0.55,0.3,-0.85
9,27,male,188,new,a,0,0.7077000000178941,64,41,-14,77,10,-5,30.33333333,27.33333333,3,32.72443871,35.64952859,-2.925089883,-14,-5,-9,-0.45,0.61,-1.06
9,27,male,189,new,b,1,0.7440999999940345,68,19,-54,79,4,-50,11,11,0,50.12650663,52.89612462,-2.769617994,-54,-50,-4,-0.24,0.2,-0.44
9,27,male,190,new,b,1,1.0475000000000136,63,47,-15,89,7,-1,31.66666667,31.66666667,0,33.63860216,40.67213078,-7.033528616,-15,-1,-14,-0.59,0.69,-1.28
9,27,male,191,new,b,1,0.5805999999940354,69,47,-23,96,10,-13,31,31,0,39.22584182,46.91126375,-7.685421928,-23,-13,-10,-0.54,0.58,-1.12
9,27,male,192,new,b,1,0.7943000000119582,88,22,-23,94,12,-19,29,29,0,45.58508528,47.67249382,-2.087408536,-23,-19,-4,0.23,0.49,-0.26
9,27,male,193,new,b,1,0.5873000000119077,76,21,-90,94,13,-82,2.333333333,8.333333333,-6,69.04265992,71.92743257,-2.884772646,-90,-82,-8,-0.39,-0.1,-0.29
9,27,male,194,new,b,1,0.6538000000119268,69,48,-66,95,23,-58,17,20,-3,59.31273051,62.49799997,-3.185269463,-66,-58,-8,-0.64,-0.07,-0.57
9,27,male,195,new,b,1,0.6768999999761149,61,45,-48,87,13,-42,19.33333333,19.33333333,0,48.05783553,52.85409687,-4.796261339,-48,-42,-6,-0.65,0.18,-0.83
9,27,male,196,new,b,1,0.4354000000059841,79,32,-39,94,13,-35,24,24,0,48.50429534,53.23532662,-4.731031274,-39,-35,-4,-0.24,0.3,-0.54
9,27,male,197,new,b,1,0.7688000000118791,56,46,-28,85,8,-19,24.66666667,24.66666667,0,37.46405685,44.06308609,-6.599029239,-28,-19,-9,-0.67,0.51,-1.18
9,27,male,198,new,b,1,0.9997000000178672,73,53,-40,92,18,-33,28.66666667,25.66666667,3,49.23639124,51.31817958,-2.081788343,-40,-33,-7,-0.62,0.22,-0.84
9,27,male,199,new,b,1,1.1685999999940575,56,54,-15,82,21,-8,31.66666667,31.66666667,0,33.00841644,37.50851755,-4.500101116,-15,-8,-7,-0.71,0.4,-1.11
9,27,male,200,new,b,1,0.7478000000119209,59,50,-48,83,10,-41,20.33333333,17.33333333,3,48.45845873,50.88767587,-2.429217144,-48,-41,-7,-0.69,0.21,-0.9
10,31,female,1,new,a,0,9.676500000000033,58,47,-74,97,2,-68,10.33333333,10.33333333,0,59.80152358,67.61820925,-7.816685673,-74,-68,-6,-0.69,0.18,-0.87
10,31,female,2,new,a,0,6.276700000047697,50,31,-44,73,9,-36,12.33333333,15.33333333,-3,40.58187882,44.723844,-4.141965177,-44,-36,-8,-0.59,0.21,-0.8
10,31,female,3,new,b,1,6.420699999988074,59,44,-37,88,14,-27,22,25,-3,42.16633728,47.58851402,-5.422176736,-37,-27,-10,-0.64,0.33,-0.97
10,31,female,4,new,a,0,4.527500000000032,50,30,-9,60,16,-5,23.66666667,23.66666667,0,24.4994331,27.08423075,-2.584797654,-9,-5,-4,-0.37,0.4,-0.77
10,31,female,5,new,b,1,6.0575000000000045,63,56,-8,78,18,-3,37,31,6,31.94787421,34.3220046,-2.374130391,-8,-3,-5,-0.68,0.51,-1.19
10,31,female,6,new,a,0,8.877400000035777,54,23,-50,70,3,-46,9,9,0,43.59663596,47.5464685,-3.949832543,-50,-46,-4,-0.45,0.19,-0.64
10,31,female,7,new,b,1,5.914299999952277,38,34,-15,62,2,-7,19,19,0,24.0970261,30.62678566,-6.529759566,-15,-7,-8,-0.69,0.66,-1.35
10,31,female,8,new,b,1,5.993699999988053,79,49,-50,98,25,-45,26,26,0,55.11805512,58.3837877,-3.265732586,-50,-45,-5,-0.55,0.03,-0.58
10,31,female,9,new,b,1,2.023899999976152,69,48,-66,95,23,-58,17,20,-3,59.31273051,62.49799997,-3.185269463,-66,-58,-8,-0.64,-0.07,-0.57
10,31,female,10,new,b,1,3.031699999988064,63,60,-7,87,12,-1,38.66666667,32.66666667,6,32.31442746,38.78430381,-6.46987635,-7,-1,-6,-0.7,0.65,-1.35
10,31,female,11,new,a,0,3.3267999999523568,68,40,-24,83,5,-13,28,25,3,38.50541088,41.66533331,-3.159922437,-24,-13,-11,-0.44,0.61,-1.05
10,31,female,12,new,a,0,2.948199999988105,52,40,-57,82,4,-42,11.66666667,14.66666667,-3,48.80118396,51.18159391,-2.380409957,-57,-42,-15,-0.68,0.3,-0.98
10,31,female,13,new,a,0,4.976100000023848,37,25,-44,56,2,-40,6,6,0,35.6931366,39.29376541,-3.600628814,-44,-40,-4,-0.65,0.15,-0.8
10,31,female,14,new,a,0,5.597900000035793,70,30,-62,87,8,-57,12.66666667,12.66666667,0,55.265018070000004,58.88029287,-3.615274804,-62,-57,-5,-0.44,0.12,-0.56
10,31,female,15,new,a,0,2.4643999999761945,53,44,-12,76,17,-8,28.33333333,28.33333333,0,28.75567577,35.21678893,-6.461113157,-12,-8,-4,-0.66,0.45,-1.11
10,31,female,16,new,a,0,38.52850000000001,64,41,-14,77,10,-5,30.33333333,27.33333333,3,32.72443871,35.64952859,-2.925089883,-14,-5,-9,-0.45,0.61,-1.06
10,31,female,17,new,b,1,3.6981999999881054,53,51,-96,93,17,-84,2.666666667,8.666666667,-6,69.77264666,72.49980843,-2.727161767,-96,-84,-12,-0.71,-0.17,-0.54
10,31,female,18,new,a,0,2.0458000000119227,57,54,-20,83,2,-3,30.33333333,27.33333333,3,35.6121078,39.4151691,-3.803061301,-20,-3,-17,-0.7,0.7,-1.4
10,31,female,19,new,a,0,3.1057999999522963,70,24,-76,92,8,-64,6,12,-6,60.94806532,63.7495098,-2.801444479,-76,-64,-12,-0.42,0.09,-0.51
10,31,female,20,new,b,1,3.2811999999880754,41,32,-42,64,5,-38,10.33333333,10.33333333,0,37.18721405,41.81174742,-4.624533368,-42,-38,-4,-0.68,0.19,-0.87
10,31,female,21,new,a,0,2.9766999999881136,81,22,-15,91,3,-6,29.33333333,29.33333333,0,39.53338954,43.75944343,-4.226053881,-15,-6,-9,0.27,0.68,-0.41
10,31,female,22,new,a,0,2.928699999988055,55,16,-30,64,2,-25,13.66666667,13.66666667,0,34.7403064,37.25885428,-2.518547878,-30,-25,-5,-0.1,0.44,-0.54
10,31,female,23,new,a,0,3.865899999976136,68,19,-54,79,4,-50,11,11,0,50.12650663,52.89612462,-2.769617994,-54,-50,-4,-0.24,0.2,-0.44
10,31,female,24,new,a,0,3.314800000011928,47,44,-9,67,8,-2,27.33333333,24.33333333,3,25.7207223,30.44484996,-4.724127658,-9,-2,-7,-0.7,0.65,-1.35
10,31,female,25,new,a,0,2.724900000035745,76,47,-63,93,8,-59,20,14,6,59.87208587,62.19860663,-2.326520758,-63,-59,-4,-0.58,0.14,-0.72
10,31,female,26,new,a,0,8.914800000011951,76,21,-90,94,13,-82,2.333333333,8.333333333,-6,69.04265992,71.92743257,-2.884772646,-90,-82,-8,-0.39,-0.1,-0.29
10,31,female,27,new,a,0,2.894599999964214,73,38,-33,97,1,-20,26,26,0,44.09837488,50.93132631,-6.832951437,-33,-20,-13,-0.39,0.62,-1.01
10,31,female,28,new,a,0,2.931300000011902,51,45,-78,80,11,-73,6,6,0,59.44745579,62.56196928,-3.114513488,-78,-73,-5,-0.7,-0.12,-0.58
10,31,female,29,new,a,0,2.431199999988109,74,38,-25,94,11,-18,29,29,0,40.91454509,47.46226571,-6.547720623,-25,-18,-7,-0.32,0.51,-0.83
10,31,female,30,new,a,0,2.948100000023828,57,37,-63,90,9,-59,10.33333333,13.33333333,-3,52.49338583,60.90612084,-8.412735011,-63,-59,-4,-0.63,0.11,-0.74
10,31,female,31,new,a,0,3.245599999964213,66,50,-48,92,14,-38,22.66666667,22.66666667,0,50.39400317,53.42492136,-3.030918188,-48,-38,-10,-0.65,0.24,-0.89
10,31,female,32,new,a,0,3.64549999999997,77,47,-21,99,18,-14,34.33333333,34.33333333,0,40.99864496,47.55581516,-6.557170196,-21,-14,-7,-0.43,0.47,-0.9
10,31,female,33,new,a,0,3.3685999999642604,71,31,-47,94,2,-32,18.33333333,21.33333333,-3,48.9988662,53.22488975,-4.22602355,-47,-32,-15,-0.37,0.5,-0.87
10,31,female,34,new,a,0,2.054499999999962,67,61,-10,90,14,-4,39.33333333,33.33333333,6,34.96982827,40.73764298,-5.767814715,-10,-4,-6,-0.69,0.6,-1.29
10,31,female,35,new,a,0,3.176599999964253,61,45,-48,87,13,-42,19.33333333,19.33333333,0,48.05783553,52.85409687,-4.796261339,-48,-42,-6,-0.65,0.18,-0.83
10,31,female,36,new,a,0,1.456800000011924,79,41,-38,99,6,-23,27.33333333,27.33333333,0,48.73283173,52.04058245,-3.30775072,-38,-23,-15,-0.4,0.55,-0.95
10,31,female,37,new,a,0,1.4392999999523113,49,34,-14,65,1,-6,23,20,3,26.87005769,31.94787421,-5.077816527,-14,-6,-8,-0.55,0.68,-1.23
10,31,female,38,new,a,0,4.292599999964239,63,50,-48,99,27,-43,21.66666667,27.66666667,-6,49.54683531,57.97317387,-8.426338566,-48,-43,-5,-0.67,0.02,-0.69
10,31,female,39,new,a,0,3.1273999999761486,61,39,-94,93,10,-88,2,5,-3,68.47383929,73.97747405,-5.503634762,-94,-88,-6,-0.65,-0.1,-0.55
10,31,female,40,new,a,0,9.148199999988035,73,53,-40,92,18,-33,28.66666667,25.66666667,3,49.23639124,51.31817958,-2.081788343,-40,-33,-7,-0.62,0.22,-0.84
10,31,female,41,new,a,0,1.4473000000118643,59,50,-96,98,6,-91,4.333333333,4.333333333,0,71.04145894,77.16792656,-6.126467612,-96,-91,-5,-0.7,-0.03,-0.67
10,31,female,42,new,a,0,3.416699999988168,64,53,-37,92,1,-31,26.66666667,20.66666667,6,45.24255617,52.10459566,-6.862039489,-37,-31,-6,-0.68,0.51,-1.19
10,31,female,43,new,a,0,1.264399999976149,73,32,-52,92,3,-42,17.66666667,17.66666667,0,52.02777036,55.67963921,-3.651868845,-52,-42,-10,-0.39,0.38,-0.77
10,31,female,44,new,a,0,2.48030000001188,74,47,-15,86,19,-8,35.33333333,32.33333333,3,37.25885428,39.51652256,-2.257668285,-15,-8,-7,-0.44,0.47,-0.91
10,31,female,45,new,a,0,2.431300000011902,72,36,-85,88,16,-81,7.666666667,7.666666667,0,67.15322446,69.24513621,-2.09191175,-85,-81,-4,-0.56,-0.18,-0.38
10,31,female,46,new,a,0,1.3239999999999554,63,37,-54,90,4,-48,15.33333333,15.33333333,0,50.16195991,56.90537955,-6.743419642,-54,-48,-6,-0.57,0.29,-0.86
10,31,female,47,new,a,0,3.1241999999880363,48,35,-20,67,3,-7,21,21,0,29.47315162,32.78210894,-3.308957317,-20,-7,-13,-0.61,0.66,-1.27
10,31,female,48,new,a,0,2.24819999998806,68,39,-23,88,15,-19,28,28,0,37.95611501,44.6392951,-6.683180086,-23,-19,-4,-0.41,0.41,-0.82
10,31,female,49,new,a,0,3.7649999999999855,66,44,-27,85,4,-15,27.66666667,24.66666667,3,39.68486977,43.36152929,-3.676659515,-27,-15,-12,-0.55,0.61,-1.16
10,31,female,50,new,a,0,2.627399999976205,45,44,-23,80,3,-17,22,22,0,31.82242396,41.81706191,-9.994637949,-23,-17,-6,-0.71,0.59,-1.3
10,31,female,51,new,a,0,4.83299999999997,79,32,-39,94,13,-35,24,24,0,48.50429534,53.23532662,-4.731031274,-39,-35,-4,-0.24,0.3,-0.54
10,31,female,52,new,a,0,2.090599999964297,55,44,-34,91,3,-29,21.66666667,21.66666667,0,39.61761673,50.73679357,-11.11917684,-34,-29,-5,-0.67,0.5,-1.17
10,31,female,53,new,a,0,1.5932000000476592,85,18,-17,93,4,-11,28.66666667,28.66666667,0,42.31889518,45.90085935,-3.581964172,-17,-11,-6,0.36,0.65,-0.29
10,31,female,54,new,a,0,1.4024000000357546,60,39,-81,87,8,-77,6,6,0,62.11280061,66.96765388,-4.8548532700000004,-81,-77,-4,-0.65,-0.04,-0.61
10,31,female,55,new,a,0,1.851800000011849,79,60,-16,98,12,-5,41,35,6,41.04469109,45.08510471,-4.04041362,-16,-5,-11,-0.6,0.63,-1.23
10,31,female,56,new,a,0,1.8481999999880827,44,39,-75,72,4,-68,2.666666667,2.666666667,0,54.95654849,57.16253629,-2.205987801,-75,-68,-7,-0.7,-0.03,-0.67
10,31,female,57,new,a,0,1.4438999999761108,66,16,-25,85,5,-15,19,25,-6,37.21110945,43.20493799,-5.993828537,-25,-15,-10,0.12,0.6,-0.48
10,31,female,58,new,a,0,1.7073000000119691,60,24,-63,84,3,-57,7,10,-3,51.63332257,57.7754273,-6.142104729,-63,-57,-6,-0.46,0.18,-0.64
10,31,female,59,new,a,0,1.9805000000000064,52,43,-65,75,16,-61,10,10,0,53.16013544,55.68363015,-2.52349471,-65,-61,-4,-0.69,-0.16,-0.53
10,31,female,60,new,a,0,1.3904999999999743,45,18,-24,62,5,-19,13,16,-3,28.39013913,33.9705755,-5.58043637,-24,-19,-5,-0.26,0.45,-0.71
10,31,female,61,new,a,0,3.5104000000358155,71,34,-28,85,10,-18,25.66666667,25.66666667,0,40.84387619,43.48435223,-2.64047604,-28,-18,-10,-0.3,0.49,-0.79
10,31,female,62,new,b,1,3.874100000023873,73,48,-72,98,34,-65,16.33333333,22.33333333,-6,63.28945849,67.05387552,-3.764417033,-72,-65,-7,-0.63,-0.26,-0.37
10,31,female,63,new,a,0,1.7433000000119137,59,49,-17,81,20,-10,30.33333333,30.33333333,0,33.71778298,37.86232369,-4.144540718,-17,-10,-7,-0.66,0.39,-1.05
10,31,female,64,new,a,0,3.0273999999761827,75,40,-15,94,14,-8,33.33333333,33.33333333,0,37.04351795,43.82794644,-6.784428486,-15,-8,-7,-0.26,0.58,-0.84
10,31,female,65,new,a,0,3.698600000023816,69,40,-28,95,8,-22,27,27,0,40.65300317,49.61854492,-8.965541751,-28,-22,-6,-0.45,0.52,-0.97
10,31,female,66,new,a,0,1.3973000000120237,46,39,-47,76,2,-40,12.66666667,12.66666667,0,42.28737663,47.95368136,-5.666304726,-47,-40,-7,-0.69,0.32,-1.01
10,31,female,67,new,a,0,4.68100000000004,64,45,-19,85,10,-5,30,30,0,35.50586806,39.37003937,-3.86417131,-19,-5,-14,-0.56,0.63,-1.19
10,31,female,68,new,a,0,3.410900000035781,63,26,-14,81,1,-7,25,25,0,31.44307025,39.73243847,-8.28936822,-14,-7,-7,-0.05,0.69,-0.74
10,31,female,69,new,a,0,1.6750999999642318,69,47,-23,96,10,-13,31,31,0,39.22584182,46.91126375,-7.685421928,-23,-13,-10,-0.54,0.58,-1.12
10,31,female,70,new,a,0,3.781000000000063,85,30,-10,93,17,-5,35,35,0,38.94440482,41.98412398,-3.039719165,-10,-5,-5,0.19,0.56,-0.37
10,31,female,71,new,a,0,2.9621999999880018,32,20,-50,54,6,-40,0.666666667,6.666666667,-6,36.16013766,38.37823457,-2.218096913,-50,-40,-10,-0.65,0.03,-0.68
10,31,female,72,new,a,0,4.798199999988128,69,51,-21,95,8,-4,33,33,0,38.88444419,44.11349,-5.22904581,-21,-4,-17,-0.6,0.67,-1.27
10,31,female,73,new,a,0,5.698399999976118,90,21,-34,99,7,-29,25.66666667,25.66666667,0,50.73022329,53.89702115,-3.166797855,-34,-29,-5,0.14,0.48,-0.34
10,31,female,74,new,a,0,3.1906999999880554,59,50,-48,83,10,-41,20.33333333,17.33333333,3,48.45845873,50.88767587,-2.429217144,-48,-41,-7,-0.69,0.21,-0.9
10,31,female,75,new,a,0,1.6816999999881546,52,45,-43,79,10,-35,18,18,0,43.2280773,46.88283268,-3.654755383,-43,-35,-8,-0.69,0.25,-0.94
10,31,female,76,new,a,0,3.4069999999999254,54,46,-53,77,18,-48,15.66666667,15.66666667,0,48.66438351,51.05770156,-2.393318055,-53,-48,-5,-0.69,-0.07,-0.62
10,31,female,77,new,b,1,4.864800000011883,50,46,-84,74,36,-80,4,10,-6,62.24682053,65.50318058,-3.25636005,-84,-80,-4,-0.7,-0.53,-0.17
10,31,female,78,new,a,0,2.414400000035812,63,47,-15,89,7,-1,31.66666667,31.66666667,0,33.63860216,40.67213078,-7.033528616,-15,-1,-14,-0.59,0.69,-1.28
10,31,female,79,new,a,0,3.612600000023804,55,38,-27,78,8,-20,22,22,0,35.33647785,41.21488404,-5.878406195,-27,-20,-7,-0.59,0.47,-1.06
10,31,female,80,new,a,0,5.446199999988153,64,52,-58,93,11,-46,19.33333333,19.33333333,0,54.90193277,57.05163353,-2.149700761,-58,-46,-12,-0.68,0.22,-0.9
10,31,female,81,new,a,0,1.7629000000357564,83,49,-12,97,11,-6,40,34,6,39.3022476,45.08510471,-5.782857106,-12,-6,-6,-0.33,0.63,-0.96
10,31,female,82,new,a,0,6.26039999997613,56,46,-28,85,8,-19,24.66666667,24.66666667,0,37.46405685,44.06308609,-6.599029239,-28,-19,-9,-0.67,0.51,-1.18
10,31,female,83,new,a,0,2.87709999996423,48,46,-67,77,10,-60,9,9,0,53.7463177,55.93448549,-2.188167783,-67,-60,-7,-0.71,-0.03,-0.68
10,31,female,84,new,a,0,5.477000000000089,30,23,-7,44,5,-3,15.33333333,15.33333333,0,16.04853749,20.53181813,-4.483280636,-7,-3,-4,-0.61,0.63,-1.24
10,31,female,85,new,a,0,4.576800000011872,52,40,-47,82,1,-38,15,15,0,44.11349,49.979996,-5.866505998,-47,-38,-9,-0.67,0.4,-1.07
10,31,female,86,new,b,1,4.427699999988136,76,46,-41,95,20,-34,27,27,0,49.61854492,52.89612462,-3.277579702,-41,-34,-7,-0.52,0.2,-0.72
10,31,female,87,new,a,0,2.1103999999761527,69,37,-33,94,9,-21,24.33333333,27.33333333,-3,42.59368759,48.70546399,-6.111776401,-33,-21,-12,-0.42,0.51,-0.93
10,31,female,88,new,a,0,4.144199999988018,91,16,-26,99,1,-19,27,27,0,48.39421453,51.5622601,-3.16804557,-26,-19,-7,0.33,0.63,-0.3
10,31,female,89,new,a,0,3.141400000035788,88,22,-23,94,12,-19,29,29,0,45.58508528,47.67249382,-2.087408536,-23,-19,-4,0.23,0.49,-0.26
10,31,female,90,new,b,1,13.499099999964187,69,68,-17,94,19,-11,40,34,6,40.30715404,44.15880433,-3.851650293,-17,-11,-6,-0.71,0.47,-1.18
10,31,female,91,new,a,0,4.194100000023809,84,36,-9,88,6,-1,37,31,6,37.97367509,40.40627014,-2.432595048,-9,-1,-8,0.04,0.69,-0.65
10,31,female,92,new,a,0,1.7138000000119291,66,42,-35,90,1,-18,24.33333333,24.33333333,0,43.08389748,47.07676945,-3.992871972,-35,-18,-17,-0.55,0.62,-1.17
10,31,female,93,new,b,1,5.423999999999978,56,54,-15,82,21,-8,31.66666667,31.66666667,0,33.00841644,37.50851755,-4.500101116,-15,-8,-7,-0.71,0.4,-1.11
10,31,female,94,new,a,0,2.448300000011841,69,44,-23,81,8,-17,30,24,6,38.8415585,41.57723736,-2.735678863,-23,-17,-6,-0.49,0.52,-1.01
10,31,female,95,new,a,0,1.7293000000119036,64,41,-26,87,14,-22,26.33333333,26.33333333,0,38.17794593,45.34558658,-7.167640648,-26,-22,-4,-0.52,0.39,-0.91
10,31,female,96,new,b,1,3.2086000000238077,47,30,-26,67,16,-14,17,23,-6,31.18760438,33.43650699,-2.248902619,-26,-14,-12,-0.55,0.3,-0.85
10,31,female,97,new,b,1,4.0071999999880745,64,55,-60,94,8,-52,19.66666667,16.66666667,3,56.4525366,59.91846312,-3.465926514,-60,-52,-8,-0.69,0.21,-0.9
10,31,female,98,new,b,1,1.660899999976209,38,33,-50,58,27,-46,7,13,-6,40.35674252,43.59663596,-3.239893438,-50,-46,-4,-0.7,-0.45,-0.25
10,31,female,99,new,a,0,3.690300000011917,77,36,-47,94,14,-42,22,22,0,51.58165048,55.80919876,-4.22754828,-47,-42,-5,-0.39,0.21,-0.6
10,31,female,100,new,a,0,2.2445000000000164,65,47,-77,94,10,-69,11.66666667,11.66666667,0,63.12597634,66.55490632,-3.428929982,-77,-69,-8,-0.66,0.04,-0.7
10,31,female,101,old,b,1,8.993300000011914,36,21,-30,39,17,-20,9,12,-3,28.24889378,24.34474618,3.904147602,-30,-20,-10,-0.56,-0.3,-0.26
10,31,female,102,old,a,0,2.2175000000000864,62,22,-65,45,27,-53,6.333333333,6.333333333,0,53.01781671,42.59368759,10.42412913,-65,-53,-12,-0.42,-0.61,0.19
10,31,female,103,old,a,0,4.643600000023866,99,15,-82,88,18,-74,10.66666667,10.66666667,0,73.95644364,66.33919572,7.617247917,-82,-74,-8,-0.09,-0.16,0.07
10,31,female,104,old,a,0,4.756900000035785,53,43,-8,49,31,-1,29.33333333,26.33333333,3,26.71246068,20.67741656,6.035044121,-8,-1,-7,-0.63,-0.33,-0.3
10,31,female,105,old,b,1,6.544200000047681,60,35,-20,63,33,-12,25,28,-3,33.41656276,30.82207001,2.594492745,-20,-12,-8,-0.42,-0.24,-0.18
10,31,female,106,old,a,0,3.027699999988158,81,17,-68,69,21,-51,10,13,-3,61.03004724,49.31531202,11.71473522,-68,-51,-17,-0.17,-0.24,0.07
10,31,female,107,old,b,1,3.826699999988136,75,73,-48,83,65,-30,33.33333333,39.33333333,-6,57.5171472,49.57373857,7.943408634,-48,-30,-18,-0.71,-0.64,-0.07
10,31,female,108,old,a,0,9.681599999964304,67,46,-24,68,38,-17,29.66666667,29.66666667,0,38.90444133,35.19785347,3.706587865,-24,-17,-7,-0.56,-0.34,-0.22
10,31,female,109,old,b,1,4.290399999976103,65,54,-91,69,19,-78,9.333333333,3.333333333,6,71.08836442,61.02640594,10.06195848,-91,-78,-13,-0.69,-0.37,-0.32
10,31,female,110,old,b,1,2.8476000000238173,82,60,-65,69,63,-55,25.66666667,25.66666667,0,64.73707507,57.09251751,7.644557563,-65,-55,-10,-0.65,-0.7,0.05
10,31,female,111,old,b,1,7.93180000001189,90,63,-64,89,40,-58,29.66666667,23.66666667,6,67.14329618,61.11373732,6.029558865,-64,-58,-6,-0.62,-0.38,-0.24
10,31,female,112,old,b,1,5.824100000023805,74,10,-57,50,28,-51,9,9,0,53.48520045,43.36665386,10.11854659,-57,-51,-6,-0.03,-0.57,0.54
10,31,female,113,old,b,1,4.310199999988072,87,30,-64,70,56,-55,17.66666667,23.66666667,-6,62.25931434,55.91859162,6.34072272,-64,-55,-9,-0.29,-0.67,0.38
10,31,female,114,old,b,1,4.060300000011921,92,42,-56,66,60,-48,26,26,0,61.47086031,52.38320341,9.08765689,-56,-48,-8,-0.37,-0.7,0.33
10,31,female,115,old,b,1,7.696699999988027,37,20,-43,33,26,-36,4.666666667,7.666666667,-3,34.41253002,31.00895928,3.403570739,-43,-36,-7,-0.58,-0.68,0.1
10,31,female,116,old,a,0,3.2268999999761263,56,51,-81,67,14,-73,8.666666667,2.666666667,6,63.43675766,57.71385353,5.722904132,-81,-73,-8,-0.7,-0.29,-0.41
10,31,female,117,old,a,0,13.044699999988095,70,22,-42,58,18,-26,16.66666667,16.66666667,0,45.87906809,34.30581421,11.57325388,-42,-26,-16,-0.17,-0.06,-0.11
10,31,female,118,old,b,1,2.781300000011925,98,57,-67,91,49,-52,29.33333333,29.33333333,0,70.14429572,60.01296156,10.13133416,-67,-52,-15,-0.53,-0.46,-0.07
10,31,female,119,old,b,1,3.879300000011881,67,46,-21,65,36,-9,30.66666667,30.66666667,0,37.52628708,30.44484996,7.081437126,-21,-9,-12,-0.54,-0.26,-0.28
10,31,female,120,old,b,1,2.0478999999761527,93,92,-16,86,78,-4,56.33333333,53.33333333,3,51.14901976,40.67213078,10.47688898,-16,-4,-12,-0.71,-0.69,-0.02
10,31,female,121,old,b,1,7.578300000011836,50,11,-57,35,13,-44,1.333333333,1.333333333,0,44.21412545,33.289971799999996,10.92415365,-57,-44,-13,-0.32,-0.48,0.16
10,31,female,122,old,a,0,13.89910000002385,58,32,-27,41,25,-21,21,15,6,35.56215217,26.28053779,9.281614373,-27,-21,-6,-0.43,-0.52,0.09
10,31,female,123,old,b,1,1.5936999999880754,76,36,-11,65,40,-4,33.66666667,33.66666667,0,35.55590278,28.52289529,7.033007489,-11,-4,-7,-0.1,-0.32,0.22
10,31,female,124,old,a,0,3.5908000000119955,84,75,-47,83,60,-31,37.33333333,37.33333333,0,59.74575764,49.22284926,10.52290838,-47,-31,-16,-0.7,-0.59,-0.11
10,31,female,125,old,b,1,4.415300000011825,89,61,-86,90,63,-71,21.33333333,27.33333333,-6,76.75212628,70.40044192,6.351684365,-86,-71,-15,-0.64,-0.63,-0.01
10,31,female,126,old,b,1,5.048100000023851,98,82,-10,87,77,-3,56.66666667,53.66666667,3,47.59084879,40.27681991,7.314028882,-10,-3,-7,-0.65,-0.67,0.02
10,31,female,127,old,b,1,3.2620000000000573,73,41,-12,65,47,-1,34,37,-3,35.05234181,27.85677655,7.19556526,-12,-1,-11,-0.29,-0.49,0.2
10,31,female,128,old,a,0,4.093900000035774,51,40,-31,42,41,-23,20,20,0,36.34097779,30.40833219,5.932645598,-31,-23,-8,-0.66,-0.71,0.05
10,31,female,129,old,b,1,2.424800000011942,89,74,-13,90,55,-4,50,47,3,44.96665431,38.79003308,6.176621228,-13,-4,-9,-0.65,-0.3,-0.35
10,31,female,130,old,b,1,2.8976999999881627,83,69,-20,73,72,-13,44,44,0,45.61432524,40.30715404,5.307171197,-20,-13,-7,-0.66,-0.71,0.05
10,31,female,131,old,b,1,4.510999999999967,36,7,-38,19,18,-32,1.666666667,1.666666667,0,30.44484996,23.80942857,6.635421386,-38,-32,-6,-0.26,-0.71,0.45
10,31,female,132,old,b,1,2.3228000000119664,89,46,-19,85,23,-1,38.66666667,35.66666667,3,44.39469438,36.23380864,8.160885733,-19,-1,-18,-0.24,0.48,-0.72
10,31,female,133,old,a,0,7.882300000011924,64,24,-48,52,23,-35,13.33333333,13.33333333,0,46.34172586,36.16935474,10.17237112,-48,-35,-13,-0.33,-0.38,0.05
10,31,female,134,old,b,1,6.074000000000069,96,4,-46,81,12,-39,18,18,0,58.81042991,49.17316341,9.637266501,-46,-39,-7,0.34,0.18,0.16
10,31,female,135,old,b,1,5.7148000000119055,88,66,-26,87,52,-11,42.66666667,42.66666667,0,49.37835783,40.54901013,8.829347706,-26,-11,-15,-0.6,-0.33,-0.27
10,31,female,136,old,a,0,11.84919999998806,88,21,-90,58,41,-80,6.333333333,6.333333333,0,73.40451091,61.44012442,11.96438649,-90,-80,-10,-0.29,-0.67,0.38
10,31,female,137,old,b,1,1.969699999988052,67,50,-25,66,32,-6,30.66666667,30.66666667,0,39.96943276,29.40899333,10.56043943,-25,-6,-19,-0.61,-0.07,-0.54
10,31,female,138,old,b,1,2.064699999988079,82,35,-17,58,49,-7,33.33333333,33.33333333,0,40.43375927,28.75567577,11.6780835,-17,-7,-10,-0.06,-0.66,0.6
10,31,female,139,old,b,1,2.290099999964241,78,21,-82,61,26,-70,5.666666667,5.666666667,0,66.21345952,55.37949881,10.83396071,-82,-70,-12,-0.33,-0.5,0.17
10,31,female,140,old,b,1,4.574199999988082,92,82,-79,91,65,-61,31.66666667,31.66666667,0,78.35957007,66.379381,11.98018907,-79,-61,-18,-0.7,-0.63,-0.07
10,31,female,141,old,b,1,3.179300000011949,74,64,-60,72,67,-43,26,32,-6,60.94806532,53.07227776,7.875787563,-60,-43,-17,-0.69,-0.7,0.01
10,31,female,142,old,b,1,2.4970999999642345,83,77,-71,76,70,-57,29.66666667,29.66666667,0,71.22421561,61.33152171,9.892693895,-71,-57,-14,-0.7,-0.7,0
10,31,female,143,old,b,1,4.127999999999929,94,36,-54,66,41,-49,25.33333333,19.33333333,6,60.88969991,49.38510797,11.50459195,-54,-49,-5,-0.26,-0.57,0.31
10,31,female,144,old,b,1,3.178499999999985,62,43,-30,52,48,-25,25,25,0,39.65686153,35.39303133,4.263830204,-30,-25,-5,-0.59,-0.7,0.11
10,31,female,145,old,a,0,5.515300000011962,78,60,-46,63,61,-32,30.66666667,30.66666667,0,54.70730197,44.31954673,10.38775524,-46,-32,-14,-0.65,-0.71,0.06
10,31,female,146,old,b,1,7.86119999998823,94,31,-45,90,39,-40,26.66666667,29.66666667,-3,56.82917873,53.48104545,3.348133286,-45,-40,-5,-0.11,-0.26,0.15
10,31,female,147,old,b,1,2.411000000000058,85,73,-22,97,49,-10,45.33333333,45.33333333,0,47.86323107,43.75944343,4.103787649,-22,-10,-12,-0.67,-0.13,-0.54
10,31,female,148,old,a,0,5.410900000035781,91,61,-33,66,59,-24,39.66666667,33.66666667,6,52.82255411,40.87650779,11.94604632,-33,-24,-9,-0.54,-0.69,0.15
10,31,female,149,old,b,1,4.478999999999815,78,38,-68,84,24,-51,16,19,-3,61.60086579,55.22680509,6.374060709,-68,-51,-17,-0.49,-0.14,-0.35
10,31,female,150,old,b,1,2.098399999976209,88,18,-15,83,9,-1,30.33333333,30.33333333,0,42.94440851,37.46405685,5.480351661,-15,-1,-14,0.41,0.67,-0.26
10,31,female,151,old,b,1,6.775499999999965,58,9,-18,53,10,-14,16.33333333,16.33333333,0,31.45720197,27.71682201,3.740379958,-18,-14,-4,0.34,0.33,0.01
10,31,female,152,old,b,1,4.793899999976247,96,7,-31,90,8,-26,24,24,0,53.22280213,48.68949236,4.533309767,-31,-26,-5,0.45,0.46,-0.01
10,31,female,153,old,a,0,6.109899999976051,96,27,-44,64,55,-40,26.33333333,26.33333333,0,57.15670467,47.0484384,10.10826627,-44,-40,-4,-0.02,-0.69,0.67
10,31,female,154,old,b,1,9.544000000000096,81,41,-34,61,54,-27,29.33333333,29.33333333,0,47.66783215,39.93606001,7.731772147,-34,-27,-7,-0.35,-0.69,0.34
10,31,female,155,old,b,1,2.3941000000238546,90,42,-24,83,22,-6,36,33,3,46.73328578,37.15732319,9.575962592,-24,-6,-18,-0.19,0.42,-0.61
10,31,female,156,old,b,1,6.781500000000051,39,5,-20,23,9,-8,8,8,0,24.17988144,12.67543556,11.50444588,-20,-8,-12,0.18,-0.12,0.3
10,31,female,157,old,a,0,3.29460000002382,85,53,-67,66,63,-58,23.66666667,23.66666667,0,65.42850211,57.76004001,7.668462102,-67,-58,-9,-0.58,-0.71,0.13
10,31,female,158,old,b,1,7.4613999999762655,83,41,-57,84,47,-46,22.33333333,28.33333333,-6,58.65909042,54.68901982,3.9700706,-57,-46,-11,-0.45,-0.47,0.02
10,31,female,159,old,b,1,3.861100000023953,95,25,-45,69,46,-40,25,25,0,57.15476066,46.91126375,10.24349691,-45,-40,-5,0,-0.58,0.58
10,31,female,160,old,b,1,9.226999999999862,74,55,-56,64,61,-52,24.33333333,24.33333333,0,57.33139532,53.98971095,3.341684362,-56,-52,-4,-0.65,-0.71,0.06
10,31,female,161,old,a,0,4.0765999999641735,62,55,-47,57,37,-42,23.33333333,17.33333333,6,49.8152141,42.74212078,7.073093316,-47,-42,-5,-0.7,-0.59,-0.11
10,31,female,162,old,b,1,4.97760000002404,74,59,-14,72,54,-7,39.66666667,39.66666667,0,38.43898484,33.80663972,4.632345124,-14,-7,-7,-0.63,-0.56,-0.07
10,31,female,163,old,b,1,8.339900000035868,70,13,-28,63,8,-16,18.33333333,18.33333333,0,40.18568015,33.06895153,7.116728613,-28,-16,-12,0.2,0.44,-0.24
10,31,female,164,old,b,1,4.344000000000051,76,15,-21,57,42,-11,23.33333333,29.33333333,-6,40.03609483,29.16999981,10.86609502,-21,-11,-10,0.3,-0.57,0.87
10,31,female,165,old,a,0,7.165800000012041,91,6,-27,80,2,-12,23.33333333,23.33333333,0,49.70803646,40.47495796,9.233078497,-27,-12,-15,0.48,0.64,-0.16
10,31,female,166,old,a,0,3.4106999999880827,77,41,-37,76,27,-22,27,27,0,47.58150901,40.00833247,7.573176548,-37,-22,-15,-0.42,0,-0.42
10,31,female,167,old,b,1,4.648300000011886,78,23,-44,60,33,-36,19,19,0,49.88653793,40.42276586,9.463772067,-44,-36,-8,-0.12,-0.48,0.36
10,31,female,168,old,b,1,2.2029999999999745,78,66,-11,64,61,-1,44.33333333,41.33333333,3,39.43207944,29.95923156,9.472847881,-11,-1,-10,-0.66,-0.7,0.04
10,31,female,169,old,b,1,2.5478000000118755,77,36,-10,56,52,-5,34.33333333,34.33333333,0,35.53714801,27.86076493,7.676383088,-10,-5,-5,-0.07,-0.7,0.63
10,31,female,170,old,b,1,10.098399999976207,96,33,-14,80,42,-7,38.33333333,38.33333333,0,45.0653846,35.6121078,9.453276793,-14,-7,-7,0.18,-0.15,0.33
10,31,female,171,old,b,1,7.478300000012041,72,17,-27,51,31,-20,20.66666667,20.66666667,0,40.49965706,29.89239963,10.60725743,-27,-20,-7,0.14,-0.48,0.62
10,31,female,172,old,a,0,5.744900000035841,87,70,-27,80,50,-18,43.33333333,37.33333333,6,50.21509291,40.99864496,9.216447942,-27,-18,-9,-0.65,-0.43,-0.22
10,31,female,173,old,b,1,3.549600000023929,75,28,-55,47,46,-45,16,16,0,53.7463177,43.13544559,10.61087211,-55,-45,-10,-0.32,-0.71,0.39
10,31,female,174,old,b,1,2.3170000000000077,83,39,-20,88,37,-5,34,40,-6,42.19794624,38.02630668,4.171639554,-20,-5,-15,-0.18,0.12,-0.3
10,31,female,175,old,b,1,3.031300000011925,91,17,-48,90,12,-33,20,23,-3,56.78614855,50.81338406,5.972764482,-48,-33,-15,0.08,0.31,-0.23
10,31,female,176,old,b,1,6.781500000000051,86,27,-87,69,30,-73,8.666666667,8.666666667,0,71.80683966,59.90177144,11.90506822,-87,-73,-14,-0.37,-0.49,0.12
10,31,female,177,old,a,0,2.5935999999642263,64,37,-54,65,7,-43,15.66666667,9.666666667,6,50.479919,44.13111777,6.348801231,-54,-43,-11,-0.56,0.09,-0.65
10,31,female,178,old,a,0,3.48139999997602,94,19,-17,81,8,-2,32,29,3,46.23851209,36.99549522,9.243016866,-17,-2,-15,0.4,0.67,-0.27
10,31,female,179,old,a,0,5.6482999999523145,92,37,-21,95,22,-9,36,36,0,46.13747573,43.59663596,2.540839773,-21,-9,-12,-0.03,0.45,-0.48
10,31,female,180,old,b,1,5.297899999976153,75,27,-60,59,34,-51,14,14,0,55.87486018,47.08148964,8.793370539,-60,-51,-9,-0.34,-0.56,0.22
10,31,female,181,old,b,1,5.248599999964426,60,14,-23,64,12,-7,17,23,-6,33.950945,30.01110905,3.93983595,-23,-7,-16,0.13,0.5,-0.37
10,31,female,182,old,a,0,9.53439999997613,96,80,-56,99,42,-39,40,34,6,68.19579655,56.62155067,11.57424588,-56,-39,-17,-0.68,-0.21,-0.47
10,31,female,183,old,a,0,4.481199999988121,94,58,-17,96,40,-1,45,45,0,46.23851209,39.75759885,6.480913232,-17,-1,-16,-0.4,0.19,-0.59
10,31,female,184,old,b,1,6.8446000000237754,77,47,-55,89,39,-41,23,29,-6,56.49778757,53.54126135,2.95652622,-55,-41,-14,-0.56,-0.27,-0.29
10,31,female,185,old,b,1,8.394800000011855,72,21,-90,54,35,-86,1,1,0,67.63135368,62.00537611,5.625977565,-90,-86,-4,-0.42,-0.66,0.24
10,31,female,186,old,b,1,7.073300000012068,83,77,-23,99,33,-4,45.66666667,42.66666667,3,48.61641241,42.60151275,6.014899656,-23,-4,-19,-0.7,0.33,-1.03
10,31,female,187,old,a,0,5.314899999976205,80,41,-11,67,46,-3,36.66666667,36.66666667,0,37.27674282,29.32954521,7.947197614,-11,-3,-8,-0.17,-0.45,0.28
10,31,female,188,old,a,0,7.313799999952153,84,58,-66,68,60,-52,25.33333333,25.33333333,0,65.44887742,54.78036956,10.66850786,-66,-52,-14,-0.62,-0.7,0.08
10,31,female,189,old,b,1,3.539999999999964,83,34,-85,62,50,-80,10.66666667,10.66666667,0,70.54234347,64.29791771,6.244425757,-85,-80,-5,-0.46,-0.69,0.23
10,31,female,190,old,b,1,3.4644000000357664,73,16,-47,50,33,-41,14,14,0,49.01020302,39.50527391,9.50492911,-47,-41,-6,-0.06,-0.61,0.55
10,31,female,191,old,b,1,4.465300000011894,57,18,-72,61,10,-59,1,4,-3,54.01851534,49.17316341,4.845351932,-72,-59,-13,-0.44,-0.18,-0.26
10,31,female,192,old,a,0,7.932000000000016,87,73,-46,79,78,-34,38,41,-3,59.67132198,53.03457991,6.636742064,-46,-34,-12,-0.68,-0.71,0.03
10,31,female,193,old,a,0,10.52780000001212,63,24,-59,39,36,-47,9.333333333,9.333333333,0,50.87457344,39.85250585,11.02206759,-59,-47,-12,-0.41,-0.7,0.29
10,31,female,194,old,a,0,3.6576999999881536,89,20,-61,76,18,-46,16,16,0,61.3025285,49.82636518,11.47616332,-61,-46,-15,-0.1,-0.06,-0.04
10,31,female,195,old,b,1,4.6606000000238055,90,28,-61,83,25,-51,19,19,0,61.97311245,54.86954225,7.1035702,-61,-51,-10,-0.21,-0.16,-0.05
10,31,female,196,old,b,1,7.76219999998807,55,29,-25,52,42,-17,19.66666667,25.66666667,-6,33.31999733,30.44484996,2.875147376,-25,-17,-8,-0.4,-0.65,0.25
10,31,female,197,old,b,1,7.948499999999967,76,15,-33,63,23,-28,19.33333333,19.33333333,0,44.60443426,37.24095714,7.363477116,-33,-28,-5,0.14,-0.15,0.29
10,31,female,198,old,a,0,5.58609999996429,96,32,-13,92,15,-1,38.33333333,35.33333333,3,44.723844,40.59830319,4.125540807,-13,-1,-12,0.21,0.63,-0.42
10,31,female,199,old,a,0,7.980800000012095,99,34,-24,83,38,-12,36.33333333,36.33333333,0,50.24163833,38.80148909,11.44014924,-24,-12,-12,0.07,-0.06,0.13
10,31,female,200,old,a,0,5.677000000000135,77,55,-64,66,50,-48,22.66666667,22.66666667,0,61.93724423,50.39400317,11.54324105,-64,-48,-16,-0.64,-0.65,0.01
11,23,female,1,old,b,1,7.989299999952323,64,24,-48,52,23,-35,13.33333333,13.33333333,0,46.34172586,36.16935474,10.17237112,-48,-35,-13,-0.33,-0.38,0.05
11,23,female,2,old,b,1,6.646799999952293,67,46,-24,68,38,-17,29.66666667,29.66666667,0,38.90444133,35.19785347,3.706587865,-24,-17,-7,-0.56,-0.34,-0.22
11,23,female,3,old,b,1,7.207200000047692,92,37,-21,95,22,-9,36,36,0,46.13747573,43.59663596,2.540839773,-21,-9,-12,-0.03,0.45,-0.48
11,23,female,4,old,a,0,7.775000000000034,53,43,-8,49,31,-1,29.33333333,26.33333333,3,26.71246068,20.67741656,6.035044121,-8,-1,-7,-0.63,-0.33,-0.3
11,23,female,5,old,b,1,8.990299999952299,88,21,-90,58,41,-80,6.333333333,6.333333333,0,73.40451091,61.44012442,11.96438649,-90,-80,-10,-0.29,-0.67,0.38
11,23,female,6,old,a,0,10.04000000000002,75,28,-55,47,46,-45,16,16,0,53.7463177,43.13544559,10.61087211,-55,-45,-10,-0.32,-0.71,0.39
11,23,female,7,old,a,0,4.508100000143031,70,13,-28,63,8,-16,18.33333333,18.33333333,0,40.18568015,33.06895153,7.116728613,-28,-16,-12,0.2,0.44,-0.24
11,23,female,8,old,b,1,6.624900000095238,56,51,-81,67,14,-73,8.666666667,2.666666667,6,63.43675766,57.71385353,5.722904132,-81,-73,-8,-0.7,-0.29,-0.41
11,23,female,9,old,b,1,10.45390000009536,90,28,-61,83,25,-51,19,19,0,61.97311245,54.86954225,7.1035702,-61,-51,-10,-0.21,-0.16,-0.05
11,23,female,10,old,b,1,8.342200000047683,81,17,-68,69,21,-51,10,13,-3,61.03004724,49.31531202,11.71473522,-68,-51,-17,-0.17,-0.24,0.07
11,23,female,11,old,b,1,3.056500000000028,96,7,-31,90,8,-26,24,24,0,53.22280213,48.68949236,4.533309767,-31,-26,-5,0.45,0.46,-0.01
11,23,female,12,old,b,1,5.07560000014314,77,41,-37,76,27,-22,27,27,0,47.58150901,40.00833247,7.573176548,-37,-22,-15,-0.42,0,-0.42
11,23,female,13,old,b,1,1.9088999998569989,89,74,-13,90,55,-4,50,47,3,44.96665431,38.79003308,6.176621228,-13,-4,-9,-0.65,-0.3,-0.35
11,23,female,14,old,b,1,2.342200000047683,83,77,-71,76,70,-57,29.66666667,29.66666667,0,71.22421561,61.33152171,9.892693895,-71,-57,-14,-0.7,-0.7,0
11,23,female,15,old,b,1,7.942000000000007,37,20,-43,33,26,-36,4.666666667,7.666666667,-3,34.41253002,31.00895928,3.403570739,-43,-36,-7,-0.58,-0.68,0.1
11,23,female,16,old,b,1,11.707899999856863,36,7,-38,19,18,-32,1.666666667,1.666666667,0,30.44484996,23.80942857,6.635421386,-38,-32,-6,-0.26,-0.71,0.45
11,23,female,17,old,b,1,4.742700000047648,91,6,-27,80,2,-12,23.33333333,23.33333333,0,49.70803646,40.47495796,9.233078497,-27,-12,-15,0.48,0.64,-0.16
11,23,female,18,old,b,1,9.94229999995241,96,32,-13,92,15,-1,38.33333333,35.33333333,3,44.723844,40.59830319,4.125540807,-13,-1,-12,0.21,0.63,-0.42
11,23,female,19,old,b,1,15.809100000143076,99,15,-82,88,18,-74,10.66666667,10.66666667,0,73.95644364,66.33919572,7.617247917,-82,-74,-8,-0.09,-0.16,0.07
11,23,female,20,old,b,1,16.90920000004769,58,9,-18,53,10,-14,16.33333333,16.33333333,0,31.45720197,27.71682201,3.740379958,-18,-14,-4,0.34,0.33,0.01
11,23,female,21,old,a,0,3.909799999952384,70,22,-42,58,18,-26,16.66666667,16.66666667,0,45.87906809,34.30581421,11.57325388,-42,-26,-16,-0.17,-0.06,-0.11
11,23,female,22,old,a,0,10.608600000143042,89,46,-19,85,23,-1,38.66666667,35.66666667,3,44.39469438,36.23380864,8.160885733,-19,-1,-18,-0.24,0.48,-0.72
11,23,female,23,old,b,1,1.2753999998569725,65,54,-91,69,19,-78,9.333333333,3.333333333,6,71.08836442,61.02640594,10.06195848,-91,-78,-13,-0.69,-0.37,-0.32
11,23,female,24,old,b,1,4.176200000047629,83,69,-20,73,72,-13,44,44,0,45.61432524,40.30715404,5.307171197,-20,-13,-7,-0.66,-0.71,0.05
11,23,female,25,old,b,1,1.7087000000476564,64,37,-54,65,7,-43,15.66666667,9.666666667,6,50.479919,44.13111777,6.348801231,-54,-43,-11,-0.56,0.09,-0.65
11,23,female,26,old,b,1,12.909299999952282,89,61,-86,90,63,-71,21.33333333,27.33333333,-6,76.75212628,70.40044192,6.351684365,-86,-71,-15,-0.64,-0.63,-0.01
11,23,female,27,old,b,1,3.892799999952331,76,15,-33,63,23,-28,19.33333333,19.33333333,0,44.60443426,37.24095714,7.363477116,-33,-28,-5,0.14,-0.15,0.29
11,23,female,28,old,b,1,8.20959999990464,74,59,-14,72,54,-7,39.66666667,39.66666667,0,38.43898484,33.80663972,4.632345124,-14,-7,-7,-0.63,-0.56,-0.07
11,23,female,29,old,b,1,2.2084000000953665,72,17,-27,51,31,-20,20.66666667,20.66666667,0,40.49965706,29.89239963,10.60725743,-27,-20,-7,0.14,-0.48,0.62
11,23,female,30,old,b,1,5.54070000004765,74,55,-56,64,61,-52,24.33333333,24.33333333,0,57.33139532,53.98971095,3.341684362,-56,-52,-4,-0.65,-0.71,0.06
11,23,female,31,old,b,1,3.324999999999932,96,4,-46,81,12,-39,18,18,0,58.81042991,49.17316341,9.637266501,-46,-39,-7,0.34,0.18,0.16
11,23,female,32,old,a,0,4.258599999904618,50,11,-57,35,13,-44,1.333333333,1.333333333,0,44.21412545,33.289971799999996,10.92415365,-57,-44,-13,-0.32,-0.48,0.16
11,23,female,33,old,b,1,4.0585999999045725,87,73,-46,79,78,-34,38,41,-3,59.67132198,53.03457991,6.636742064,-46,-34,-12,-0.68,-0.71,0.03
11,23,female,34,old,b,1,2.625300000190805,76,36,-11,65,40,-4,33.66666667,33.66666667,0,35.55590278,28.52289529,7.033007489,-11,-4,-7,-0.1,-0.32,0.22
11,23,female,35,old,b,1,3.6765000000000327,78,66,-11,64,61,-1,44.33333333,41.33333333,3,39.43207944,29.95923156,9.472847881,-11,-1,-10,-0.66,-0.7,0.04
11,23,female,36,old,b,1,2.109799999952316,78,23,-44,60,33,-36,19,19,0,49.88653793,40.42276586,9.463772067,-44,-36,-8,-0.12,-0.48,0.36
11,23,female,37,old,b,1,2.542799999952308,51,40,-31,42,41,-23,20,20,0,36.34097779,30.40833219,5.932645598,-31,-23,-8,-0.66,-0.71,0.05
11,23,female,38,old,b,1,1.6589999999999918,60,35,-20,63,33,-12,25,28,-3,33.41656276,30.82207001,2.594492745,-20,-12,-8,-0.42,-0.24,-0.18
11,23,female,39,old,b,1,1.42479999995237,77,55,-64,66,50,-48,22.66666667,22.66666667,0,61.93724423,50.39400317,11.54324105,-64,-48,-16,-0.64,-0.65,0.01
11,23,female,40,old,b,1,2.509800000190694,87,30,-64,70,56,-55,17.66666667,23.66666667,-6,62.25931434,55.91859162,6.34072272,-64,-55,-9,-0.29,-0.67,0.38
11,23,female,41,old,b,1,10.47570000004771,75,27,-60,59,34,-51,14,14,0,55.87486018,47.08148964,8.793370539,-60,-51,-9,-0.34,-0.56,0.22
11,23,female,42,old,b,1,3.592300000190676,95,25,-45,69,46,-40,25,25,0,57.15476066,46.91126375,10.24349691,-45,-40,-5,0,-0.58,0.58
11,23,female,43,old,b,1,1.8090999999046744,99,34,-24,83,38,-12,36.33333333,36.33333333,0,50.24163833,38.80148909,11.44014924,-24,-12,-12,0.07,-0.06,0.13
11,23,female,44,old,b,1,1.6259000000953847,88,66,-26,87,52,-11,42.66666667,42.66666667,0,49.37835783,40.54901013,8.829347706,-26,-11,-15,-0.6,-0.33,-0.27
11,23,female,45,old,b,1,1.676499999999919,73,16,-47,50,33,-41,14,14,0,49.01020302,39.50527391,9.50492911,-47,-41,-6,-0.06,-0.61,0.55
11,23,female,46,old,b,1,1.95929999995235,85,53,-67,66,63,-58,23.66666667,23.66666667,0,65.42850211,57.76004001,7.668462102,-67,-58,-9,-0.58,-0.71,0.13
11,23,female,47,old,b,1,2.443299999952273,74,10,-57,50,28,-51,9,9,0,53.48520045,43.36665386,10.11854659,-57,-51,-6,-0.03,-0.57,0.54
11,23,female,48,old,b,1,1.425400000095351,96,80,-56,99,42,-39,40,34,6,68.19579655,56.62155067,11.57424588,-56,-39,-17,-0.68,-0.21,-0.47
11,23,female,49,old,b,1,1.9920999999046671,89,20,-61,76,18,-46,16,16,0,61.3025285,49.82636518,11.47616332,-61,-46,-15,-0.1,-0.06,-0.04
11,23,female,50,old,b,1,4.891999999999939,88,18,-15,83,9,-1,30.33333333,30.33333333,0,42.94440851,37.46405685,5.480351661,-15,-1,-14,0.41,0.67,-0.26
11,23,female,51,old,b,1,5.275600000143072,85,73,-22,97,49,-10,45.33333333,45.33333333,0,47.86323107,43.75944343,4.103787649,-22,-10,-12,-0.67,-0.13,-0.54
11,23,female,52,old,a,0,16.85850000000005,96,27,-44,64,55,-40,26.33333333,26.33333333,0,57.15670467,47.0484384,10.10826627,-44,-40,-4,-0.02,-0.69,0.67
11,23,female,53,old,a,0,9.375499999999988,58,32,-27,41,25,-21,21,15,6,35.56215217,26.28053779,9.281614373,-27,-21,-6,-0.43,-0.52,0.09
11,23,female,54,old,a,0,5.859699999809322,87,70,-27,80,50,-18,43.33333333,37.33333333,6,50.21509291,40.99864496,9.216447942,-27,-18,-9,-0.65,-0.43,-0.22
11,23,female,55,old,a,0,8.52429999995229,84,75,-47,83,60,-31,37.33333333,37.33333333,0,59.74575764,49.22284926,10.52290838,-47,-31,-16,-0.7,-0.59,-0.11
11,23,female,56,old,b,1,7.975099999904614,67,46,-21,65,36,-9,30.66666667,30.66666667,0,37.52628708,30.44484996,7.081437126,-21,-9,-12,-0.54,-0.26,-0.28
11,23,female,57,old,b,1,5.541500000000042,83,34,-85,62,50,-80,10.66666667,10.66666667,0,70.54234347,64.29791771,6.244425757,-85,-80,-5,-0.46,-0.69,0.23
11,23,female,58,old,b,1,9.159400000095388,72,21,-90,54,35,-86,1,1,0,67.63135368,62.00537611,5.625977565,-90,-86,-4,-0.42,-0.66,0.24
11,23,female,59,old,b,1,2.309200000047668,93,92,-16,86,78,-4,56.33333333,53.33333333,3,51.14901976,40.67213078,10.47688898,-16,-4,-12,-0.71,-0.69,-0.02
11,23,female,60,old,a,0,16.64250000000004,91,61,-33,66,59,-24,39.66666667,33.66666667,6,52.82255411,40.87650779,11.94604632,-33,-24,-9,-0.54,-0.69,0.15
11,23,female,61,old,a,0,3.8597999999523154,91,17,-48,90,12,-33,20,23,-3,56.78614855,50.81338406,5.972764482,-48,-33,-15,0.08,0.31,-0.23
11,23,female,62,old,b,1,4.690699999809226,98,82,-10,87,77,-3,56.66666667,53.66666667,3,47.59084879,40.27681991,7.314028882,-10,-3,-7,-0.65,-0.67,0.02
11,23,female,63,old,b,1,8.758200000047736,78,60,-46,63,61,-32,30.66666667,30.66666667,0,54.70730197,44.31954673,10.38775524,-46,-32,-14,-0.65,-0.71,0.06
11,23,female,64,old,a,0,3.575200000047744,98,57,-67,91,49,-52,29.33333333,29.33333333,0,70.14429572,60.01296156,10.13133416,-67,-52,-15,-0.53,-0.46,-0.07
11,23,female,65,old,b,1,6.807599999904596,83,41,-57,84,47,-46,22.33333333,28.33333333,-6,58.65909042,54.68901982,3.9700706,-57,-46,-11,-0.45,-0.47,0.02
11,23,female,66,old,a,0,3.275299999952267,80,41,-11,67,46,-3,36.66666667,36.66666667,0,37.27674282,29.32954521,7.947197614,-11,-3,-8,-0.17,-0.45,0.28
11,23,female,67,old,b,1,8.908999999999992,90,63,-64,89,40,-58,29.66666667,23.66666667,6,67.14329618,61.11373732,6.029558865,-64,-58,-6,-0.62,-0.38,-0.24
11,23,female,68,old,b,1,5.7592999999523045,60,14,-23,64,12,-7,17,23,-6,33.950945,30.01110905,3.93983595,-23,-7,-16,0.13,0.5,-0.37
11,23,female,69,old,b,1,2.6923000001906985,75,73,-48,83,65,-30,33.33333333,39.33333333,-6,57.5171472,49.57373857,7.943408634,-48,-30,-18,-0.71,-0.64,-0.07
11,23,female,70,old,a,0,6.459300000190751,73,41,-12,65,47,-1,34,37,-3,35.05234181,27.85677655,7.19556526,-12,-1,-11,-0.29,-0.49,0.2
11,23,female,71,old,a,0,2.8262000000476064,62,55,-47,57,37,-42,23.33333333,17.33333333,6,49.8152141,42.74212078,7.073093316,-47,-42,-5,-0.7,-0.59,-0.11
11,23,female,72,old,a,0,6.709399999856942,57,18,-72,61,10,-59,1,4,-3,54.01851534,49.17316341,4.845351932,-72,-59,-13,-0.44,-0.18,-0.26
11,23,female,73,old,a,0,41.94160000014301,74,64,-60,72,67,-43,26,32,-6,60.94806532,53.07227776,7.875787563,-60,-43,-17,-0.69,-0.7,0.01
11,23,female,74,old,a,0,2.8588000001907403,94,19,-17,81,8,-2,32,29,3,46.23851209,36.99549522,9.243016866,-17,-2,-15,0.4,0.67,-0.27
11,23,female,75,old,a,0,3.075099999904637,81,41,-34,61,54,-27,29.33333333,29.33333333,0,47.66783215,39.93606001,7.731772147,-34,-27,-7,-0.35,-0.69,0.34
11,23,female,76,old,a,0,1.8587999999522251,94,36,-54,66,41,-49,25.33333333,19.33333333,6,60.88969991,49.38510797,11.50459195,-54,-49,-5,-0.26,-0.57,0.31
11,23,female,77,old,a,0,3.892500000000041,77,47,-55,89,39,-41,23,29,-6,56.49778757,53.54126135,2.95652622,-55,-41,-14,-0.56,-0.27,-0.29
11,23,female,78,old,a,0,3.809199999809266,78,38,-68,84,24,-51,16,19,-3,61.60086579,55.22680509,6.374060709,-68,-51,-17,-0.49,-0.14,-0.35
11,23,female,79,old,a,0,3.60880000019074,62,22,-65,45,27,-53,6.333333333,6.333333333,0,53.01781671,42.59368759,10.42412913,-65,-53,-12,-0.42,-0.61,0.19
11,23,female,80,old,a,0,1.975800000190702,78,21,-82,61,26,-70,5.666666667,5.666666667,0,66.21345952,55.37949881,10.83396071,-82,-70,-12,-0.33,-0.5,0.17
11,23,female,81,old,a,0,1.909700000047792,36,21,-30,39,17,-20,9,12,-3,28.24889378,24.34474618,3.904147602,-30,-20,-10,-0.56,-0.3,-0.26
11,23,female,82,old,a,0,2.07590000009543,67,50,-25,66,32,-6,30.66666667,30.66666667,0,39.96943276,29.40899333,10.56043943,-25,-6,-19,-0.61,-0.07,-0.54
11,23,female,83,old,a,0,1.5417999999523315,39,5,-20,23,9,-8,8,8,0,24.17988144,12.67543556,11.50444588,-20,-8,-12,0.18,-0.12,0.3
11,23,female,84,old,a,0,2.3929999999999154,94,58,-17,96,40,-1,45,45,0,46.23851209,39.75759885,6.480913232,-17,-1,-16,-0.4,0.19,-0.59
11,23,female,85,old,b,1,10.809600000143178,86,27,-87,69,30,-73,8.666666667,8.666666667,0,71.80683966,59.90177144,11.90506822,-87,-73,-14,-0.37,-0.49,0.12
11,23,female,86,old,a,0,3.556600000143135,92,82,-79,91,65,-61,31.66666667,31.66666667,0,78.35957007,66.379381,11.98018907,-79,-61,-18,-0.7,-0.63,-0.07
11,23,female,87,old,b,1,3.0922999999522744,77,36,-10,56,52,-5,34.33333333,34.33333333,0,35.53714801,27.86076493,7.676383088,-10,-5,-5,-0.07,-0.7,0.63
11,23,female,88,old,a,0,2.108500000000049,63,24,-59,39,36,-47,9.333333333,9.333333333,0,50.87457344,39.85250585,11.02206759,-59,-47,-12,-0.41,-0.7,0.29
11,23,female,89,old,a,0,119.5720999999046,90,42,-24,83,22,-6,36,33,3,46.73328578,37.15732319,9.575962592,-24,-6,-18,-0.19,0.42,-0.61
11,23,female,90,old,a,0,1.6584000000955257,83,77,-23,99,33,-4,45.66666667,42.66666667,3,48.61641241,42.60151275,6.014899656,-23,-4,-19,-0.7,0.33,-1.03
11,23,female,91,old,a,0,1.058200000047691,84,58,-66,68,60,-52,25.33333333,25.33333333,0,65.44887742,54.78036956,10.66850786,-66,-52,-14,-0.62,-0.7,0.08
11,23,female,92,old,a,0,1.8262999999524252,82,35,-17,58,49,-7,33.33333333,33.33333333,0,40.43375927,28.75567577,11.6780835,-17,-7,-10,-0.06,-0.66,0.6
11,23,female,93,old,a,0,3.858500000000049,62,43,-30,52,48,-25,25,25,0,39.65686153,35.39303133,4.263830204,-30,-25,-5,-0.59,-0.7,0.11
11,23,female,94,old,a,0,1.79229999995232,96,33,-14,80,42,-7,38.33333333,38.33333333,0,45.0653846,35.6121078,9.453276793,-14,-7,-7,0.18,-0.15,0.33
11,23,female,95,old,a,0,1.2100000000000364,55,29,-25,52,42,-17,19.66666667,25.66666667,-6,33.31999733,30.44484996,2.875147376,-25,-17,-8,-0.4,-0.65,0.25
11,23,female,96,old,a,0,1.6599999999998545,76,15,-21,57,42,-11,23.33333333,29.33333333,-6,40.03609483,29.16999981,10.86609502,-21,-11,-10,0.3,-0.57,0.87
11,23,female,97,old,a,0,3.2085999999046635,94,31,-45,90,39,-40,26.66666667,29.66666667,-3,56.82917873,53.48104545,3.348133286,-45,-40,-5,-0.11,-0.26,0.15
11,23,female,98,old,a,0,2.191900000095302,82,60,-65,69,63,-55,25.66666667,25.66666667,0,64.73707507,57.09251751,7.644557563,-65,-55,-10,-0.65,-0.7,0.05
11,23,female,99,old,a,0,1.6260999999046817,92,42,-56,66,60,-48,26,26,0,61.47086031,52.38320341,9.08765689,-56,-48,-8,-0.37,-0.7,0.33
11,23,female,100,old,a,0,2.525799999952369,83,39,-20,88,37,-5,34,40,-6,42.19794624,38.02630668,4.171639554,-20,-5,-15,-0.18,0.12,-0.3
11,23,female,101,new,a,0,4.377200000047878,69,68,-17,94,19,-11,40,34,6,40.30715404,44.15880433,-3.851650293,-17,-11,-6,-0.71,0.47,-1.18
11,23,female,102,new,a,0,1.476299999952289,63,50,-48,99,27,-43,21.66666667,27.66666667,-6,49.54683531,57.97317387,-8.426338566,-48,-43,-5,-0.67,0.02,-0.69
11,23,female,103,new,a,0,1.9268999998569143,38,33,-50,58,27,-46,7,13,-6,40.35674252,43.59663596,-3.239893438,-50,-46,-4,-0.7,-0.45,-0.25
11,23,female,104,new,a,0,8.325800000190839,66,44,-27,85,4,-15,27.66666667,24.66666667,3,39.68486977,43.36152929,-3.676659515,-27,-15,-12,-0.55,0.61,-1.16
11,23,female,105,new,b,1,1.275700000047891,65,47,-77,94,10,-69,11.66666667,11.66666667,0,63.12597634,66.55490632,-3.428929982,-77,-69,-8,-0.66,0.04,-0.7
11,23,female,106,new,a,0,3.293200000047591,74,38,-25,94,11,-18,29,29,0,40.91454509,47.46226571,-6.547720623,-25,-18,-7,-0.32,0.51,-0.83
11,23,female,107,new,a,0,2.443300000190675,88,22,-23,94,12,-19,29,29,0,45.58508528,47.67249382,-2.087408536,-23,-19,-4,0.23,0.49,-0.26
11,23,female,108,new,a,0,1.5584000000953893,57,54,-20,83,2,-3,30.33333333,27.33333333,3,35.6121078,39.4151691,-3.803061301,-20,-3,-17,-0.7,0.7,-1.4
11,23,female,109,new,a,0,1.5260000000000673,45,18,-24,62,5,-19,13,16,-3,28.39013913,33.9705755,-5.58043637,-24,-19,-5,-0.26,0.45,-0.71
11,23,female,110,new,a,0,1.9593999998569416,90,21,-34,99,7,-29,25.66666667,25.66666667,0,50.73022329,53.89702115,-3.166797855,-34,-29,-5,0.14,0.48,-0.34
11,23,female,111,new,a,0,2.7929999999998927,46,39,-47,76,2,-40,12.66666667,12.66666667,0,42.28737663,47.95368136,-5.666304726,-47,-40,-7,-0.69,0.32,-1.01
11,23,female,112,new,a,0,2.90949999999998,47,30,-26,67,16,-14,17,23,-6,31.18760438,33.43650699,-2.248902619,-26,-14,-12,-0.55,0.3,-0.85
11,23,female,113,new,a,0,2.058800000190786,56,54,-15,82,21,-8,31.66666667,31.66666667,0,33.00841644,37.50851755,-4.500101116,-15,-8,-7,-0.71,0.4,-1.11
11,23,female,114,new,a,0,1.7415999999045653,91,16,-26,99,1,-19,27,27,0,48.39421453,51.5622601,-3.16804557,-26,-19,-7,0.33,0.63,-0.3
11,23,female,115,new,a,0,1.8759999999999764,69,48,-66,95,23,-58,17,20,-3,59.31273051,62.49799997,-3.185269463,-66,-58,-8,-0.64,-0.07,-0.57
11,23,female,116,new,a,0,1.6922000000477055,73,32,-52,92,3,-42,17.66666667,17.66666667,0,52.02777036,55.67963921,-3.651868845,-52,-42,-10,-0.39,0.38,-0.77
11,23,female,117,new,a,0,2.109900000095422,55,44,-34,91,3,-29,21.66666667,21.66666667,0,39.61761673,50.73679357,-11.11917684,-34,-29,-5,-0.67,0.5,-1.17
11,23,female,118,new,a,0,1.2266000001429802,63,60,-7,87,12,-1,38.66666667,32.66666667,6,32.31442746,38.78430381,-6.46987635,-7,-1,-6,-0.7,0.65,-1.35
11,23,female,119,new,a,0,1.2747000000476874,59,50,-96,98,6,-91,4.333333333,4.333333333,0,71.04145894,77.16792656,-6.126467612,-96,-91,-5,-0.7,-0.03,-0.67
11,23,female,120,new,a,0,1.4423999998568888,51,45,-78,80,11,-73,6,6,0,59.44745579,62.56196928,-3.114513488,-78,-73,-5,-0.7,-0.12,-0.58
11,23,female,121,new,a,0,1.3922000000475236,68,40,-24,83,5,-13,28,25,3,38.50541088,41.66533331,-3.159922437,-24,-13,-11,-0.44,0.61,-1.05
11,23,female,122,new,a,0,1.6438000001908222,54,23,-50,70,3,-46,9,9,0,43.59663596,47.5464685,-3.949832543,-50,-46,-4,-0.45,0.19,-0.64
11,23,female,123,new,a,0,2.044300000190788,76,46,-41,95,20,-34,27,27,0,49.61854492,52.89612462,-3.277579702,-41,-34,-7,-0.52,0.2,-0.72
11,23,female,124,new,a,0,3.0922000000477965,64,55,-60,94,8,-52,19.66666667,16.66666667,3,56.4525366,59.91846312,-3.465926514,-60,-52,-8,-0.69,0.21,-0.9
11,23,female,125,new,a,0,1.52670000004764,79,32,-39,94,13,-35,24,24,0,48.50429534,53.23532662,-4.731031274,-39,-35,-4,-0.24,0.3,-0.54
11,23,female,126,new,a,0,2.110899999856884,71,31,-47,94,2,-32,18.33333333,21.33333333,-3,48.9988662,53.22488975,-4.22602355,-47,-32,-15,-0.37,0.5,-0.87
11,23,female,127,new,a,0,1.5427999999521944,79,60,-16,98,12,-5,41,35,6,41.04469109,45.08510471,-4.04041362,-16,-5,-11,-0.6,0.63,-1.23
11,23,female,128,new,a,0,2.109200000047622,52,43,-65,75,16,-61,10,10,0,53.16013544,55.68363015,-2.52349471,-65,-61,-4,-0.69,-0.16,-0.53
11,23,female,129,new,a,0,2.125799999952278,71,34,-28,85,10,-18,25.66666667,25.66666667,0,40.84387619,43.48435223,-2.64047604,-28,-18,-10,-0.3,0.49,-0.79
11,23,female,130,new,a,0,1.127099999904658,56,46,-28,85,8,-19,24.66666667,24.66666667,0,37.46405685,44.06308609,-6.599029239,-28,-19,-9,-0.67,0.51,-1.18
11,23,female,131,new,a,0,2.2586000001429056,73,53,-40,92,18,-33,28.66666667,25.66666667,3,49.23639124,51.31817958,-2.081788343,-40,-33,-7,-0.62,0.22,-0.84
11,23,female,132,new,a,0,1.7774000000954402,70,24,-76,92,8,-64,6,12,-6,60.94806532,63.7495098,-2.801444479,-76,-64,-12,-0.42,0.09,-0.51
11,23,female,133,new,a,0,25.44120000004773,37,25,-44,56,2,-40,6,6,0,35.6931366,39.29376541,-3.600628814,-44,-40,-4,-0.65,0.15,-0.8
11,23,female,134,new,a,0,1.792700000047489,60,24,-63,84,3,-57,7,10,-3,51.63332257,57.7754273,-6.142104729,-63,-57,-6,-0.46,0.18,-0.64
11,23,female,135,new,a,0,1.959299999952464,66,42,-35,90,1,-18,24.33333333,24.33333333,0,43.08389748,47.07676945,-3.992871972,-35,-18,-17,-0.55,0.62,-1.17
11,23,female,136,new,a,0,2.5585999999045725,59,49,-17,81,20,-10,30.33333333,30.33333333,0,33.71778298,37.86232369,-4.144540718,-17,-10,-7,-0.66,0.39,-1.05
11,23,female,137,new,a,0,2.309600000143064,64,53,-37,92,1,-31,26.66666667,20.66666667,6,45.24255617,52.10459566,-6.862039489,-37,-31,-6,-0.68,0.51,-1.19
11,23,female,138,new,a,0,1.658700000047702,44,39,-75,72,4,-68,2.666666667,2.666666667,0,54.95654849,57.16253629,-2.205987801,-75,-68,-7,-0.7,-0.03,-0.67
11,23,female,139,new,a,0,1.6757000000477549,45,44,-23,80,3,-17,22,22,0,31.82242396,41.81706191,-9.994637949,-23,-17,-6,-0.71,0.59,-1.3
11,23,female,140,new,a,0,2.20900000000006,30,23,-7,44,5,-3,15.33333333,15.33333333,0,16.04853749,20.53181813,-4.483280636,-7,-3,-4,-0.61,0.63,-1.24
11,23,female,141,new,a,0,1.9919999999999616,63,37,-54,90,4,-48,15.33333333,15.33333333,0,50.16195991,56.90537955,-6.743419642,-54,-48,-6,-0.57,0.29,-0.86
11,23,female,142,new,a,0,3.292400000095313,55,16,-30,64,2,-25,13.66666667,13.66666667,0,34.7403064,37.25885428,-2.518547878,-30,-25,-5,-0.1,0.44,-0.54
11,23,female,143,new,a,0,3.908800000190695,53,44,-12,76,17,-8,28.33333333,28.33333333,0,28.75567577,35.21678893,-6.461113157,-12,-8,-4,-0.66,0.45,-1.11
11,23,female,144,new,a,0,1.959299999952464,58,47,-74,97,2,-68,10.33333333,10.33333333,0,59.80152358,67.61820925,-7.816685673,-74,-68,-6,-0.69,0.18,-0.87
11,23,female,145,new,a,0,1.4100999999045598,52,40,-57,82,4,-42,11.66666667,14.66666667,-3,48.80118396,51.18159391,-2.380409957,-57,-42,-15,-0.68,0.3,-0.98
11,23,female,146,new,b,1,2.109300000190615,73,48,-72,98,34,-65,16.33333333,22.33333333,-6,63.28945849,67.05387552,-3.764417033,-72,-65,-7,-0.63,-0.26,-0.37
11,23,female,147,new,a,0,2.076000000000022,76,21,-90,94,13,-82,2.333333333,8.333333333,-6,69.04265992,71.92743257,-2.884772646,-90,-82,-8,-0.39,-0.1,-0.29
11,23,female,148,new,a,0,1.6763999998568124,59,44,-37,88,14,-27,22,25,-3,42.16633728,47.58851402,-5.422176736,-37,-27,-10,-0.64,0.33,-0.97
11,23,female,149,new,a,0,4.359399999856805,53,51,-96,93,17,-84,2.666666667,8.666666667,-6,69.77264666,72.49980843,-2.727161767,-96,-84,-12,-0.71,-0.17,-0.54
11,23,female,150,new,a,0,2.009299999952418,69,40,-28,95,8,-22,27,27,0,40.65300317,49.61854492,-8.965541751,-28,-22,-6,-0.45,0.52,-0.97
11,23,female,151,new,b,1,5.258899999857022,85,18,-17,93,4,-11,28.66666667,28.66666667,0,42.31889518,45.90085935,-3.581964172,-17,-11,-6,0.36,0.65,-0.29
11,23,female,152,new,b,1,1.8427999999523763,69,37,-33,94,9,-21,24.33333333,27.33333333,-3,42.59368759,48.70546399,-6.111776401,-33,-21,-12,-0.42,0.51,-0.93
11,23,female,153,new,b,1,2.8939000000953,57,37,-63,90,9,-59,10.33333333,13.33333333,-3,52.49338583,60.90612084,-8.412735011,-63,-59,-4,-0.63,0.11,-0.74
11,23,female,154,new,b,1,2.6257000000475728,83,49,-12,97,11,-6,40,34,6,39.3022476,45.08510471,-5.782857106,-12,-6,-6,-0.33,0.63,-0.96
11,23,female,155,new,b,1,2.559599999904549,41,32,-42,64,5,-38,10.33333333,10.33333333,0,37.18721405,41.81174742,-4.624533368,-42,-38,-4,-0.68,0.19,-0.87
11,23,female,156,new,b,1,6.825799999952324,47,44,-9,67,8,-2,27.33333333,24.33333333,3,25.7207223,30.44484996,-4.724127658,-9,-2,-7,-0.7,0.65,-1.35
11,23,female,157,new,b,1,3.9599000000955584,76,47,-63,93,8,-59,20,14,6,59.87208587,62.19860663,-2.326520758,-63,-59,-4,-0.58,0.14,-0.72
11,23,female,158,new,b,1,1.8087000000475653,38,34,-15,62,2,-7,19,19,0,24.0970261,30.62678566,-6.529759566,-15,-7,-8,-0.69,0.66,-1.35
11,23,female,159,new,b,1,2.1259999999999764,64,41,-14,77,10,-5,30.33333333,27.33333333,3,32.72443871,35.64952859,-2.925089883,-14,-5,-9,-0.45,0.61,-1.06
11,23,female,160,new,b,1,3.059200000047668,66,50,-48,92,14,-38,22.66666667,22.66666667,0,50.39400317,53.42492136,-3.030918188,-48,-38,-10,-0.65,0.24,-0.89
11,23,female,161,new,b,1,4.576000000000022,85,30,-10,93,17,-5,35,35,0,38.94440482,41.98412398,-3.039719165,-10,-5,-5,0.19,0.56,-0.37
11,23,female,162,new,b,1,2.4095999999046853,69,51,-21,95,8,-4,33,33,0,38.88444419,44.11349,-5.22904581,-21,-4,-17,-0.6,0.67,-1.27
11,23,female,163,new,b,1,2.675900000095453,52,45,-43,79,10,-35,18,18,0,43.2280773,46.88283268,-3.654755383,-43,-35,-8,-0.69,0.25,-0.94
11,23,female,164,new,b,1,2.592600000143193,74,47,-15,86,19,-8,35.33333333,32.33333333,3,37.25885428,39.51652256,-2.257668285,-15,-8,-7,-0.44,0.47,-0.91
11,23,female,165,new,b,1,5.075599999904625,63,26,-14,81,1,-7,25,25,0,31.44307025,39.73243847,-8.28936822,-14,-7,-7,-0.05,0.69,-0.74
11,23,female,166,new,b,1,1.9435000000000853,48,35,-20,67,3,-7,21,21,0,29.47315162,32.78210894,-3.308957317,-20,-7,-13,-0.61,0.66,-1.27
11,23,female,167,new,b,1,2.02670000004764,66,16,-25,85,5,-15,19,25,-6,37.21110945,43.20493799,-5.993828537,-25,-15,-10,0.12,0.6,-0.48
11,23,female,168,new,b,1,6.0103000001909095,54,46,-53,77,18,-48,15.66666667,15.66666667,0,48.66438351,51.05770156,-2.393318055,-53,-48,-5,-0.69,-0.07,-0.62
11,23,female,169,new,b,1,2.459200000047531,52,40,-47,82,1,-38,15,15,0,44.11349,49.979996,-5.866505998,-47,-38,-9,-0.67,0.4,-1.07
11,23,female,170,new,b,1,2.0262999999522435,75,40,-15,94,14,-8,33.33333333,33.33333333,0,37.04351795,43.82794644,-6.784428486,-15,-8,-7,-0.26,0.58,-0.84
11,23,female,171,new,b,1,4.326099999904727,81,22,-15,91,3,-6,29.33333333,29.33333333,0,39.53338954,43.75944343,-4.226053881,-15,-6,-9,0.27,0.68,-0.41
11,23,female,172,new,b,1,2.059500000000071,67,61,-10,90,14,-4,39.33333333,33.33333333,6,34.96982827,40.73764298,-5.767814715,-10,-4,-6,-0.69,0.6,-1.29
11,23,female,173,new,b,1,4.276200000047766,68,39,-23,88,15,-19,28,28,0,37.95611501,44.6392951,-6.683180086,-23,-19,-4,-0.41,0.41,-0.82
11,23,female,174,new,b,1,1.976400000095509,73,38,-33,97,1,-20,26,26,0,44.09837488,50.93132631,-6.832951437,-33,-20,-13,-0.39,0.62,-1.01
11,23,female,175,new,b,1,1.4259999999999309,32,20,-50,54,6,-40,0.666666667,6.666666667,-6,36.16013766,38.37823457,-2.218096913,-50,-40,-10,-0.65,0.03,-0.68
11,23,female,176,new,b,1,1.7592000000477128,69,47,-23,96,10,-13,31,31,0,39.22584182,46.91126375,-7.685421928,-23,-13,-10,-0.54,0.58,-1.12
11,23,female,177,new,b,1,1.9264999999998051,55,38,-27,78,8,-20,22,22,0,35.33647785,41.21488404,-5.878406195,-27,-20,-7,-0.59,0.47,-1.06
11,23,female,178,new,b,1,2.158900000095173,84,36,-9,88,6,-1,37,31,6,37.97367509,40.40627014,-2.432595048,-9,-1,-8,0.04,0.69,-0.65
11,23,female,179,new,b,1,1.7602999999523945,70,30,-62,87,8,-57,12.66666667,12.66666667,0,55.265018070000004,58.88029287,-3.615274804,-62,-57,-5,-0.44,0.12,-0.56
11,23,female,180,new,b,1,1.491500000000087,48,46,-67,77,10,-60,9,9,0,53.7463177,55.93448549,-2.188167783,-67,-60,-7,-0.71,-0.03,-0.68
11,23,female,181,new,b,1,1.542599999904496,61,39,-94,93,10,-88,2,5,-3,68.47383929,73.97747405,-5.503634762,-94,-88,-6,-0.65,-0.1,-0.55
11,23,female,182,new,b,1,1.6097000000477235,63,47,-15,89,7,-1,31.66666667,31.66666667,0,33.63860216,40.67213078,-7.033528616,-15,-1,-14,-0.59,0.69,-1.28
11,23,female,183,new,b,1,3.45770000004768,59,50,-48,83,10,-41,20.33333333,17.33333333,3,48.45845873,50.88767587,-2.429217144,-48,-41,-7,-0.69,0.21,-0.9
11,23,female,184,new,b,1,1.54229999995232,68,19,-54,79,4,-50,11,11,0,50.12650663,52.89612462,-2.769617994,-54,-50,-4,-0.24,0.2,-0.44
11,23,female,185,new,b,1,1.625799999952278,69,44,-23,81,8,-17,30,24,6,38.8415585,41.57723736,-2.735678863,-23,-17,-6,-0.49,0.52,-1.01
11,23,female,186,new,b,1,1.6922999999521835,61,45,-48,87,13,-42,19.33333333,19.33333333,0,48.05783553,52.85409687,-4.796261339,-48,-42,-6,-0.65,0.18,-0.83
11,23,female,187,new,b,1,1.8105999999047528,49,34,-14,65,1,-6,23,20,3,26.87005769,31.94787421,-5.077816527,-14,-6,-8,-0.55,0.68,-1.23
11,23,female,188,new,b,1,1.6759999999999309,50,46,-84,74,36,-80,4,10,-6,62.24682053,65.50318058,-3.25636005,-84,-80,-4,-0.7,-0.53,-0.17
11,23,female,189,new,b,1,2.176300000190622,64,52,-58,93,11,-46,19.33333333,19.33333333,0,54.90193277,57.05163353,-2.149700761,-58,-46,-12,-0.68,0.22,-0.9
11,23,female,190,new,b,1,1.8260000000000216,77,36,-47,94,14,-42,22,22,0,51.58165048,55.80919876,-4.22754828,-47,-42,-5,-0.39,0.21,-0.6
11,23,female,191,new,b,1,1.942600000143102,50,31,-44,73,9,-36,12.33333333,15.33333333,-3,40.58187882,44.723844,-4.141965177,-44,-36,-8,-0.59,0.21,-0.8
11,23,female,192,new,b,1,1.8429999999998472,63,56,-8,78,18,-3,37,31,6,31.94787421,34.3220046,-2.374130391,-8,-3,-5,-0.68,0.51,-1.19
11,23,female,193,new,b,1,1.8755999999048072,79,49,-50,98,25,-45,26,26,0,55.11805512,58.3837877,-3.265732586,-50,-45,-5,-0.55,0.03,-0.58
11,23,female,194,new,b,1,2.159799999952384,60,39,-81,87,8,-77,6,6,0,62.11280061,66.96765388,-4.8548532700000004,-81,-77,-4,-0.65,-0.04,-0.61
11,23,female,195,new,b,1,2.44270000004758,50,30,-9,60,16,-5,23.66666667,23.66666667,0,24.4994331,27.08423075,-2.584797654,-9,-5,-4,-0.37,0.4,-0.77
11,23,female,196,new,b,1,1.4745999999047401,64,45,-19,85,10,-5,30,30,0,35.50586806,39.37003937,-3.86417131,-19,-5,-14,-0.56,0.63,-1.19
11,23,female,197,new,b,1,4.659099999904584,72,36,-85,88,16,-81,7.666666667,7.666666667,0,67.15322446,69.24513621,-2.09191175,-85,-81,-4,-0.56,-0.18,-0.38
11,23,female,198,new,b,1,2.559500000000071,77,47,-21,99,18,-14,34.33333333,34.33333333,0,40.99864496,47.55581516,-6.557170196,-21,-14,-7,-0.43,0.47,-0.9
11,23,female,199,new,b,1,3.542600000143011,79,41,-38,99,6,-23,27.33333333,27.33333333,0,48.73283173,52.04058245,-3.30775072,-38,-23,-15,-0.4,0.55,-0.95
11,23,female,200,new,b,1,1.8769999999999527,64,41,-26,87,14,-22,26.33333333,26.33333333,0,38.17794593,45.34558658,-7.167640648,-26,-22,-4,-0.52,0.39,-0.91
12,18,male,1,new,b,1,21.02740000000597,55,16,-30,64,2,-25,13.66666667,13.66666667,0,34.7403064,37.25885428,-2.518547878,-30,-25,-5,-0.1,0.44,-0.54
12,18,male,2,new,a,0,22.742099999994025,85,30,-10,93,17,-5,35,35,0,38.94440482,41.98412398,-3.039719165,-10,-5,-5,0.19,0.56,-0.37
12,18,male,3,new,a,0,1.8299000000059775,83,49,-12,97,11,-6,40,34,6,39.3022476,45.08510471,-5.782857106,-12,-6,-6,-0.33,0.63,-0.96
12,18,male,4,new,b,1,19.31849999999997,75,40,-15,94,14,-8,33.33333333,33.33333333,0,37.04351795,43.82794644,-6.784428486,-15,-8,-7,-0.26,0.58,-0.84
12,18,male,5,new,a,0,16.03540000000595,57,37,-63,90,9,-59,10.33333333,13.33333333,-3,52.49338583,60.90612084,-8.412735011,-63,-59,-4,-0.63,0.11,-0.74
12,18,male,6,new,b,1,12.228200000002971,60,24,-63,84,3,-57,7,10,-3,51.63332257,57.7754273,-6.142104729,-63,-57,-6,-0.46,0.18,-0.64
12,18,male,7,new,a,0,5.105700000002969,67,61,-10,90,14,-4,39.33333333,33.33333333,6,34.96982827,40.73764298,-5.767814715,-10,-4,-6,-0.69,0.6,-1.29
12,18,male,8,new,a,0,4.6371000000089,79,60,-16,98,12,-5,41,35,6,41.04469109,45.08510471,-4.04041362,-16,-5,-11,-0.6,0.63,-1.23
12,18,male,9,new,a,0,18.643700000003093,90,21,-34,99,7,-29,25.66666667,25.66666667,0,50.73022329,53.89702115,-3.166797855,-34,-29,-5,0.14,0.48,-0.34
12,18,male,10,new,b,1,1.223400000005995,69,37,-33,94,9,-21,24.33333333,27.33333333,-3,42.59368759,48.70546399,-6.111776401,-33,-21,-12,-0.42,0.51,-0.93
12,18,male,11,new,a,0,3.012599999993995,74,47,-15,86,19,-8,35.33333333,32.33333333,3,37.25885428,39.51652256,-2.257668285,-15,-8,-7,-0.44,0.47,-0.91
12,18,male,12,new,b,1,49.127500000000055,79,32,-39,94,13,-35,24,24,0,48.50429534,53.23532662,-4.731031274,-39,-35,-4,-0.24,0.3,-0.54
12,18,male,13,new,a,0,6.775100000008933,47,44,-9,67,8,-2,27.33333333,24.33333333,3,25.7207223,30.44484996,-4.724127658,-9,-2,-7,-0.7,0.65,-1.35
12,18,male,14,new,b,1,25.308399999991025,45,18,-24,62,5,-19,13,16,-3,28.39013913,33.9705755,-5.58043637,-24,-19,-5,-0.26,0.45,-0.71
12,18,male,15,new,b,1,17.279599999994048,60,39,-81,87,8,-77,6,6,0,62.11280061,66.96765388,-4.8548532700000004,-81,-77,-4,-0.65,-0.04,-0.61
12,18,male,16,new,b,1,8.923099999994065,74,38,-25,94,11,-18,29,29,0,40.91454509,47.46226571,-6.547720623,-25,-18,-7,-0.32,0.51,-0.83
12,18,male,17,new,a,0,9.931900000005951,64,45,-19,85,10,-5,30,30,0,35.50586806,39.37003937,-3.86417131,-19,-5,-14,-0.56,0.63,-1.19
12,18,male,18,new,a,0,15.542700000002924,55,44,-34,91,3,-29,21.66666667,21.66666667,0,39.61761673,50.73679357,-11.11917684,-34,-29,-5,-0.67,0.5,-1.17
12,18,male,19,new,b,1,10.854399999991074,58,47,-74,97,2,-68,10.33333333,10.33333333,0,59.80152358,67.61820925,-7.816685673,-74,-68,-6,-0.69,0.18,-0.87
12,18,male,20,new,b,1,41.31279999999697,68,19,-54,79,4,-50,11,11,0,50.12650663,52.89612462,-2.769617994,-54,-50,-4,-0.24,0.2,-0.44
12,18,male,21,new,b,1,78.08429999999703,30,23,-7,44,5,-3,15.33333333,15.33333333,0,16.04853749,20.53181813,-4.483280636,-7,-3,-4,-0.61,0.63,-1.24
12,18,male,22,new,a,0,7.178900000006024,68,39,-23,88,15,-19,28,28,0,37.95611501,44.6392951,-6.683180086,-23,-19,-4,-0.41,0.41,-0.82
12,18,male,23,new,a,0,13.138799999997104,52,43,-65,75,16,-61,10,10,0,53.16013544,55.68363015,-2.52349471,-65,-61,-4,-0.69,-0.16,-0.53
12,18,male,24,new,a,0,15.19609999999409,63,56,-8,78,18,-3,37,31,6,31.94787421,34.3220046,-2.374130391,-8,-3,-5,-0.68,0.51,-1.19
12,18,male,25,new,b,1,4.743700000003059,70,24,-76,92,8,-64,6,12,-6,60.94806532,63.7495098,-2.801444479,-76,-64,-12,-0.42,0.09,-0.51
12,18,male,26,new,a,0,12.585799999997109,55,38,-27,78,8,-20,22,22,0,35.33647785,41.21488404,-5.878406195,-27,-20,-7,-0.59,0.47,-1.06
12,18,male,27,new,a,0,22.888299999997,48,35,-20,67,3,-7,21,21,0,29.47315162,32.78210894,-3.308957317,-20,-7,-13,-0.61,0.66,-1.27
12,18,male,28,new,a,0,26.59620000000291,46,39,-47,76,2,-40,12.66666667,12.66666667,0,42.28737663,47.95368136,-5.666304726,-47,-40,-7,-0.69,0.32,-1.01
12,18,male,29,new,a,0,3.8381000000090353,73,48,-72,98,34,-65,16.33333333,22.33333333,-6,63.28945849,67.05387552,-3.764417033,-72,-65,-7,-0.63,-0.26,-0.37
12,18,male,30,new,a,0,5.75649999999996,54,46,-53,77,18,-48,15.66666667,15.66666667,0,48.66438351,51.05770156,-2.393318055,-53,-48,-5,-0.69,-0.07,-0.62
12,18,male,31,new,a,0,1.067299999996976,64,53,-37,92,1,-31,26.66666667,20.66666667,6,45.24255617,52.10459566,-6.862039489,-37,-31,-6,-0.68,0.51,-1.19
12,18,male,32,new,a,0,1.2258000000118727,50,31,-44,73,9,-36,12.33333333,15.33333333,-3,40.58187882,44.723844,-4.141965177,-44,-36,-8,-0.59,0.21,-0.8
12,18,male,33,new,a,0,1.387299999997026,79,49,-50,98,25,-45,26,26,0,55.11805512,58.3837877,-3.265732586,-50,-45,-5,-0.55,0.03,-0.58
12,18,male,34,new,a,0,1.3082999999969616,71,34,-28,85,10,-18,25.66666667,25.66666667,0,40.84387619,43.48435223,-2.64047604,-28,-18,-10,-0.3,0.49,-0.79
12,18,male,35,new,a,0,0.8378000000118391,47,30,-26,67,16,-14,17,23,-6,31.18760438,33.43650699,-2.248902619,-26,-14,-12,-0.55,0.3,-0.85
12,18,male,36,new,a,0,15.044200000003002,54,23,-50,70,3,-46,9,9,0,43.59663596,47.5464685,-3.949832543,-50,-46,-4,-0.45,0.19,-0.64
12,18,male,37,new,a,0,1.8291999999880773,37,25,-44,56,2,-40,6,6,0,35.6931366,39.29376541,-3.600628814,-44,-40,-4,-0.65,0.15,-0.8
12,18,male,38,new,a,0,1.09230000001196,52,40,-57,82,4,-42,11.66666667,14.66666667,-3,48.80118396,51.18159391,-2.380409957,-57,-42,-15,-0.68,0.3,-0.98
12,18,male,39,new,a,0,1.449799999997026,79,41,-38,99,6,-23,27.33333333,27.33333333,0,48.73283173,52.04058245,-3.30775072,-38,-23,-15,-0.4,0.55,-0.95
12,18,male,40,new,a,0,6.295399999990991,69,47,-23,96,10,-13,31,31,0,39.22584182,46.91126375,-7.685421928,-23,-13,-10,-0.54,0.58,-1.12
12,18,male,41,new,a,0,1.3700000000000043,56,46,-28,85,8,-19,24.66666667,24.66666667,0,37.46405685,44.06308609,-6.599029239,-28,-19,-9,-0.67,0.51,-1.18
12,18,male,42,new,a,0,1.1025999999940268,38,33,-50,58,27,-46,7,13,-6,40.35674252,43.59663596,-3.239893438,-50,-46,-4,-0.7,-0.45,-0.25
12,18,male,43,new,a,0,1.4189000000059195,50,46,-84,74,36,-80,4,10,-6,62.24682053,65.50318058,-3.25636005,-84,-80,-4,-0.7,-0.53,-0.17
12,18,male,44,new,a,0,1.1818999999910602,48,46,-67,77,10,-60,9,9,0,53.7463177,55.93448549,-2.188167783,-67,-60,-7,-0.71,-0.03,-0.68
12,18,male,45,new,a,0,1.3866000000089116,73,32,-52,92,3,-42,17.66666667,17.66666667,0,52.02777036,55.67963921,-3.651868845,-52,-42,-10,-0.39,0.38,-0.77
12,18,male,46,new,a,0,1.0819000000059305,59,44,-37,88,14,-27,22,25,-3,42.16633728,47.58851402,-5.422176736,-37,-27,-10,-0.64,0.33,-0.97
12,18,male,47,new,a,0,1.0890000000000557,65,47,-77,94,10,-69,11.66666667,11.66666667,0,63.12597634,66.55490632,-3.428929982,-77,-69,-8,-0.66,0.04,-0.7
12,18,male,48,new,a,0,0.9427000000030148,76,46,-41,95,20,-34,27,27,0,49.61854492,52.89612462,-3.277579702,-41,-34,-7,-0.52,0.2,-0.72
12,18,male,49,new,a,0,1.3150000000000546,69,40,-28,95,8,-22,27,27,0,40.65300317,49.61854492,-8.965541751,-28,-22,-6,-0.45,0.52,-0.97
12,18,male,50,new,a,0,1.2567999999970425,63,60,-7,87,12,-1,38.66666667,32.66666667,6,32.31442746,38.78430381,-6.46987635,-7,-1,-6,-0.7,0.65,-1.35
12,18,male,51,new,a,0,1.776200000002973,56,54,-15,82,21,-8,31.66666667,31.66666667,0,33.00841644,37.50851755,-4.500101116,-15,-8,-7,-0.71,0.4,-1.11
12,18,male,52,new,a,0,1.1370000000000573,49,34,-14,65,1,-6,23,20,3,26.87005769,31.94787421,-5.077816527,-14,-6,-8,-0.55,0.68,-1.23
12,18,male,53,new,a,0,0.7409999999999854,38,34,-15,62,2,-7,19,19,0,24.0970261,30.62678566,-6.529759566,-15,-7,-8,-0.69,0.66,-1.35
12,18,male,54,new,a,0,0.7797999999969534,73,53,-40,92,18,-33,28.66666667,25.66666667,3,49.23639124,51.31817958,-2.081788343,-40,-33,-7,-0.62,0.22,-0.84
12,18,male,55,new,a,0,1.4542000000029702,88,22,-23,94,12,-19,29,29,0,45.58508528,47.67249382,-2.087408536,-23,-19,-4,0.23,0.49,-0.26
12,18,male,56,new,a,0,0.7877000000030421,57,54,-20,83,2,-3,30.33333333,27.33333333,3,35.6121078,39.4151691,-3.803061301,-20,-3,-17,-0.7,0.7,-1.4
12,18,male,57,new,a,0,1.7165999999940595,59,50,-96,98,6,-91,4.333333333,4.333333333,0,71.04145894,77.16792656,-6.126467612,-96,-91,-5,-0.7,-0.03,-0.67
12,18,male,58,new,a,0,2.417799999996987,81,22,-15,91,3,-6,29.33333333,29.33333333,0,39.53338954,43.75944343,-4.226053881,-15,-6,-9,0.27,0.68,-0.41
12,18,male,59,new,a,0,1.926099999993994,52,45,-43,79,10,-35,18,18,0,43.2280773,46.88283268,-3.654755383,-43,-35,-8,-0.69,0.25,-0.94
12,18,male,60,new,a,0,1.5727999999970734,63,26,-14,81,1,-7,25,25,0,31.44307025,39.73243847,-8.28936822,-14,-7,-7,-0.05,0.69,-0.74
12,18,male,61,new,a,0,1.7909000000058768,69,48,-66,95,23,-58,17,20,-3,59.31273051,62.49799997,-3.185269463,-66,-58,-8,-0.64,-0.07,-0.57
12,18,male,62,new,a,0,1.395099999994045,32,20,-50,54,6,-40,0.666666667,6.666666667,-6,36.16013766,38.37823457,-2.218096913,-50,-40,-10,-0.65,0.03,-0.68
12,18,male,63,new,a,0,1.183400000005804,91,16,-26,99,1,-19,27,27,0,48.39421453,51.5622601,-3.16804557,-26,-19,-7,0.33,0.63,-0.3
12,18,male,64,new,a,0,1.4536999999882028,72,36,-85,88,16,-81,7.666666667,7.666666667,0,67.15322446,69.24513621,-2.09191175,-85,-81,-4,-0.56,-0.18,-0.38
12,18,male,65,new,a,0,1.1256000000088306,66,50,-48,92,14,-38,22.66666667,22.66666667,0,50.39400317,53.42492136,-3.030918188,-48,-38,-10,-0.65,0.24,-0.89
12,18,male,66,new,a,0,0.8930000000000291,66,44,-27,85,4,-15,27.66666667,24.66666667,3,39.68486977,43.36152929,-3.676659515,-27,-15,-12,-0.55,0.61,-1.16
12,18,male,67,new,a,0,1.15939999999091,61,45,-48,87,13,-42,19.33333333,19.33333333,0,48.05783553,52.85409687,-4.796261339,-48,-42,-6,-0.65,0.18,-0.83
12,18,male,68,new,a,0,32.39370000000304,76,21,-90,94,13,-82,2.333333333,8.333333333,-6,69.04265992,71.92743257,-2.884772646,-90,-82,-8,-0.39,-0.1,-0.29
12,18,male,69,new,a,0,1.1727999999970962,69,44,-23,81,8,-17,30,24,6,38.8415585,41.57723736,-2.735678863,-23,-17,-6,-0.49,0.52,-1.01
12,18,male,70,new,a,0,1.404700000003004,53,51,-96,93,17,-84,2.666666667,8.666666667,-6,69.77264666,72.49980843,-2.727161767,-96,-84,-12,-0.71,-0.17,-0.54
12,18,male,71,new,a,0,1.3607000000029077,76,47,-63,93,8,-59,20,14,6,59.87208587,62.19860663,-2.326520758,-63,-59,-4,-0.58,0.14,-0.72
12,18,male,72,new,a,0,2.82820000000288,68,40,-24,83,5,-13,28,25,3,38.50541088,41.66533331,-3.159922437,-24,-13,-11,-0.44,0.61,-1.05
12,18,male,73,new,a,0,1.550900000006095,50,30,-9,60,16,-5,23.66666667,23.66666667,0,24.4994331,27.08423075,-2.584797654,-9,-5,-4,-0.37,0.4,-0.77
12,18,male,74,new,a,0,25.73670000000311,70,30,-62,87,8,-57,12.66666667,12.66666667,0,55.265018070000004,58.88029287,-3.615274804,-62,-57,-5,-0.44,0.12,-0.56
12,18,male,75,new,a,0,1.2625000000000457,69,51,-21,95,8,-4,33,33,0,38.88444419,44.11349,-5.22904581,-21,-4,-17,-0.6,0.67,-1.27
12,18,male,76,new,a,0,1.555799999996907,64,41,-14,77,10,-5,30.33333333,27.33333333,3,32.72443871,35.64952859,-2.925089883,-14,-5,-9,-0.45,0.61,-1.06
12,18,male,77,new,a,0,1.4397000000030855,71,31,-47,94,2,-32,18.33333333,21.33333333,-3,48.9988662,53.22488975,-4.22602355,-47,-32,-15,-0.37,0.5,-0.87
12,18,male,78,new,a,0,7.694099999994023,63,47,-15,89,7,-1,31.66666667,31.66666667,0,33.63860216,40.67213078,-7.033528616,-15,-1,-14,-0.59,0.69,-1.28
12,18,male,79,new,a,0,1.1614000000060969,84,36,-9,88,6,-1,37,31,6,37.97367509,40.40627014,-2.432595048,-9,-1,-8,0.04,0.69,-0.65
12,18,male,80,new,a,0,0.87419999998815,85,18,-17,93,4,-11,28.66666667,28.66666667,0,42.31889518,45.90085935,-3.581964172,-17,-11,-6,0.36,0.65,-0.29
12,18,male,81,new,a,0,1.2420000000001892,66,16,-25,85,5,-15,19,25,-6,37.21110945,43.20493799,-5.993828537,-25,-15,-10,0.12,0.6,-0.48
12,18,male,82,new,b,1,0.745099999993954,64,52,-58,93,11,-46,19.33333333,19.33333333,0,54.90193277,57.05163353,-2.149700761,-58,-46,-12,-0.68,0.22,-0.9
12,18,male,83,new,a,0,0.4147000000027674,66,42,-35,90,1,-18,24.33333333,24.33333333,0,43.08389748,47.07676945,-3.992871972,-35,-18,-17,-0.55,0.62,-1.17
12,18,male,84,new,a,0,0.5683999999910156,59,49,-17,81,20,-10,30.33333333,30.33333333,0,33.71778298,37.86232369,-4.144540718,-17,-10,-7,-0.66,0.39,-1.05
12,18,male,85,new,a,0,1.3455000000001291,52,40,-47,82,1,-38,15,15,0,44.11349,49.979996,-5.866505998,-47,-38,-9,-0.67,0.4,-1.07
12,18,male,86,new,a,0,2.2259999999998854,69,68,-17,94,19,-11,40,34,6,40.30715404,44.15880433,-3.851650293,-17,-11,-6,-0.71,0.47,-1.18
12,18,male,87,new,a,0,2.7651000000089425,59,50,-48,83,10,-41,20.33333333,17.33333333,3,48.45845873,50.88767587,-2.429217144,-48,-41,-7,-0.69,0.21,-0.9
12,18,male,88,new,a,0,3.048900000005915,64,55,-60,94,8,-52,19.66666667,16.66666667,3,56.4525366,59.91846312,-3.465926514,-60,-52,-8,-0.69,0.21,-0.9
12,18,male,89,new,a,0,5.178700000003119,77,47,-21,99,18,-14,34.33333333,34.33333333,0,40.99864496,47.55581516,-6.557170196,-21,-14,-7,-0.43,0.47,-0.9
12,18,male,90,new,a,0,1.274600000009059,61,39,-94,93,10,-88,2,5,-3,68.47383929,73.97747405,-5.503634762,-94,-88,-6,-0.65,-0.1,-0.55
12,18,male,91,new,a,0,1.2609999999999673,45,44,-23,80,3,-17,22,22,0,31.82242396,41.81706191,-9.994637949,-23,-17,-6,-0.71,0.59,-1.3
12,18,male,92,new,a,0,1.135599999994156,44,39,-75,72,4,-68,2.666666667,2.666666667,0,54.95654849,57.16253629,-2.205987801,-75,-68,-7,-0.7,-0.03,-0.67
12,18,male,93,new,b,1,0.8077000000030239,51,45,-78,80,11,-73,6,6,0,59.44745579,62.56196928,-3.114513488,-78,-73,-5,-0.7,-0.12,-0.58
12,18,male,94,new,a,0,0.9514999999998964,63,37,-54,90,4,-48,15.33333333,15.33333333,0,50.16195991,56.90537955,-6.743419642,-54,-48,-6,-0.57,0.29,-0.86
12,18,male,95,new,a,0,1.2322000000028763,77,36,-47,94,14,-42,22,22,0,51.58165048,55.80919876,-4.22754828,-47,-42,-5,-0.39,0.21,-0.6
12,18,male,96,new,a,0,0.934200000003102,73,38,-33,97,1,-20,26,26,0,44.09837488,50.93132631,-6.832951437,-33,-20,-13,-0.39,0.62,-1.01
12,18,male,97,new,a,0,1.1197999999969852,63,50,-48,99,27,-43,21.66666667,27.66666667,-6,49.54683531,57.97317387,-8.426338566,-48,-43,-5,-0.67,0.02,-0.69
12,18,male,98,new,a,0,1.096499999999878,53,44,-12,76,17,-8,28.33333333,28.33333333,0,28.75567577,35.21678893,-6.461113157,-12,-8,-4,-0.66,0.45,-1.11
12,18,male,99,new,b,1,0.9480999999939286,41,32,-42,64,5,-38,10.33333333,10.33333333,0,37.18721405,41.81174742,-4.624533368,-42,-38,-4,-0.68,0.19,-0.87
12,18,male,100,new,a,0,1.2316000000089389,64,41,-26,87,14,-22,26.33333333,26.33333333,0,38.17794593,45.34558658,-7.167640648,-26,-22,-4,-0.52,0.39,-0.91
12,18,male,101,old,a,0,1.5369999999998072,83,39,-20,88,37,-5,34,40,-6,42.19794624,38.02630668,4.171639554,-20,-5,-15,-0.18,0.12,-0.3
12,18,male,102,old,a,0,1.0308999999908792,65,54,-91,69,19,-78,9.333333333,3.333333333,6,71.08836442,61.02640594,10.06195848,-91,-78,-13,-0.69,-0.37,-0.32
12,18,male,103,old,a,0,1.2527000000029602,72,17,-27,51,31,-20,20.66666667,20.66666667,0,40.49965706,29.89239963,10.60725743,-27,-20,-7,0.14,-0.48,0.62
12,18,male,104,old,b,1,0.5541000000089298,76,15,-33,63,23,-28,19.33333333,19.33333333,0,44.60443426,37.24095714,7.363477116,-33,-28,-5,0.14,-0.15,0.29
12,18,male,105,old,b,1,0.5678999999909138,96,27,-44,64,55,-40,26.33333333,26.33333333,0,57.15670467,47.0484384,10.10826627,-44,-40,-4,-0.02,-0.69,0.67
12,18,male,106,old,a,0,0.4973000000120464,92,37,-21,95,22,-9,36,36,0,46.13747573,43.59663596,2.540839773,-21,-9,-12,-0.03,0.45,-0.48
12,18,male,107,old,b,1,0.40440000000603504,58,32,-27,41,25,-21,21,15,6,35.56215217,26.28053779,9.281614373,-27,-21,-6,-0.43,-0.52,0.09
12,18,male,108,old,a,0,0.7345000000000255,78,60,-46,63,61,-32,30.66666667,30.66666667,0,54.70730197,44.31954673,10.38775524,-46,-32,-14,-0.65,-0.71,0.06
12,18,male,109,old,a,0,1.612999999999829,90,28,-61,83,25,-51,19,19,0,61.97311245,54.86954225,7.1035702,-61,-51,-10,-0.21,-0.16,-0.05
12,18,male,110,old,a,0,0.8743999999910557,60,35,-20,63,33,-12,25,28,-3,33.41656276,30.82207001,2.594492745,-20,-12,-8,-0.42,-0.24,-0.18
12,18,male,111,old,a,0,0.8134000000059132,77,36,-10,56,52,-5,34.33333333,34.33333333,0,35.53714801,27.86076493,7.676383088,-10,-5,-5,-0.07,-0.7,0.63
12,18,male,112,old,a,0,1.360799999997198,78,38,-68,84,24,-51,16,19,-3,61.60086579,55.22680509,6.374060709,-68,-51,-17,-0.49,-0.14,-0.35
12,18,male,113,old,a,0,0.9322000000031494,94,19,-17,81,8,-2,32,29,3,46.23851209,36.99549522,9.243016866,-17,-2,-15,0.4,0.67,-0.27
12,18,male,114,old,a,0,1.2203999999910593,92,82,-79,91,65,-61,31.66666667,31.66666667,0,78.35957007,66.379381,11.98018907,-79,-61,-18,-0.7,-0.63,-0.07
12,18,male,115,old,a,0,2.414700000002995,73,16,-47,50,33,-41,14,14,0,49.01020302,39.50527391,9.50492911,-47,-41,-6,-0.06,-0.61,0.55
12,18,male,116,old,a,0,3.9137999999970816,70,22,-42,58,18,-26,16.66666667,16.66666667,0,45.87906809,34.30581421,11.57325388,-42,-26,-16,-0.17,-0.06,-0.11
12,18,male,117,old,a,0,2.545600000009017,94,36,-54,66,41,-49,25.33333333,19.33333333,6,60.88969991,49.38510797,11.50459195,-54,-49,-5,-0.26,-0.57,0.31
12,18,male,118,old,a,0,1.350599999994074,74,10,-57,50,28,-51,9,9,0,53.48520045,43.36665386,10.11854659,-57,-51,-6,-0.03,-0.57,0.54
12,18,male,119,old,a,0,1.4282999999968524,37,20,-43,33,26,-36,4.666666667,7.666666667,-3,34.41253002,31.00895928,3.403570739,-43,-36,-7,-0.58,-0.68,0.1
12,18,male,120,old,a,0,0.930100000008906,55,29,-25,52,42,-17,19.66666667,25.66666667,-6,33.31999733,30.44484996,2.875147376,-25,-17,-8,-0.4,-0.65,0.25
12,18,male,121,old,a,0,1.4172000000030494,74,55,-56,64,61,-52,24.33333333,24.33333333,0,57.33139532,53.98971095,3.341684362,-56,-52,-4,-0.65,-0.71,0.06
12,18,male,122,old,a,0,3.607900000006112,75,27,-60,59,34,-51,14,14,0,55.87486018,47.08148964,8.793370539,-60,-51,-9,-0.34,-0.56,0.22
12,18,male,123,old,a,0,1.2020999999940614,83,41,-57,84,47,-46,22.33333333,28.33333333,-6,58.65909042,54.68901982,3.9700706,-57,-46,-11,-0.45,-0.47,0.02
12,18,male,124,old,a,0,1.4912999999969545,96,33,-14,80,42,-7,38.33333333,38.33333333,0,45.0653846,35.6121078,9.453276793,-14,-7,-7,0.18,-0.15,0.33
12,18,male,125,old,a,0,1.201900000005935,91,6,-27,80,2,-12,23.33333333,23.33333333,0,49.70803646,40.47495796,9.233078497,-27,-12,-15,0.48,0.64,-0.16
12,18,male,126,old,a,0,1.203700000002982,94,31,-45,90,39,-40,26.66666667,29.66666667,-3,56.82917873,53.48104545,3.348133286,-45,-40,-5,-0.11,-0.26,0.15
12,18,male,127,old,a,0,1.0932000000029802,96,7,-31,90,8,-26,24,24,0,53.22280213,48.68949236,4.533309767,-31,-26,-5,0.45,0.46,-0.01
12,18,male,128,old,a,0,17.295900000005986,95,25,-45,69,46,-40,25,25,0,57.15476066,46.91126375,10.24349691,-45,-40,-5,0,-0.58,0.58
12,18,male,129,old,a,0,2.1672000000030494,58,9,-18,53,10,-14,16.33333333,16.33333333,0,31.45720197,27.71682201,3.740379958,-18,-14,-4,0.34,0.33,0.01
12,18,male,130,old,a,0,1.6174000000060005,60,14,-23,64,12,-7,17,23,-6,33.950945,30.01110905,3.93983595,-23,-7,-16,0.13,0.5,-0.37
12,18,male,131,old,b,1,1.366799999997056,99,15,-82,88,18,-74,10.66666667,10.66666667,0,73.95644364,66.33919572,7.617247917,-82,-74,-8,-0.09,-0.16,0.07
12,18,male,132,old,a,0,1.185900000006086,87,70,-27,80,50,-18,43.33333333,37.33333333,6,50.21509291,40.99864496,9.216447942,-27,-18,-9,-0.65,-0.43,-0.22
12,18,male,133,old,a,0,1.0862000000029184,77,47,-55,89,39,-41,23,29,-6,56.49778757,53.54126135,2.95652622,-55,-41,-14,-0.56,-0.27,-0.29
12,18,male,134,old,a,0,1.5335999999940668,83,77,-71,76,70,-57,29.66666667,29.66666667,0,71.22421561,61.33152171,9.892693895,-71,-57,-14,-0.7,-0.7,0
12,18,male,135,old,a,0,1.3344000000058711,36,7,-38,19,18,-32,1.666666667,1.666666667,0,30.44484996,23.80942857,6.635421386,-38,-32,-6,-0.26,-0.71,0.45
12,18,male,136,old,a,0,1.1661999999880663,77,55,-64,66,50,-48,22.66666667,22.66666667,0,61.93724423,50.39400317,11.54324105,-64,-48,-16,-0.64,-0.65,0.01
12,18,male,137,old,a,0,1.4340999999940325,62,55,-47,57,37,-42,23.33333333,17.33333333,6,49.8152141,42.74212078,7.073093316,-47,-42,-5,-0.7,-0.59,-0.11
12,18,male,138,old,a,0,1.150900000006004,67,46,-21,65,36,-9,30.66666667,30.66666667,0,37.52628708,30.44484996,7.081437126,-21,-9,-12,-0.54,-0.26,-0.28
12,18,male,139,old,a,0,1.433600000008937,78,23,-44,60,33,-36,19,19,0,49.88653793,40.42276586,9.463772067,-44,-36,-8,-0.12,-0.48,0.36
12,18,male,140,old,a,0,1.95049999999992,96,4,-46,81,12,-39,18,18,0,58.81042991,49.17316341,9.637266501,-46,-39,-7,0.34,0.18,0.16
12,18,male,141,old,a,0,6.7905000000000655,83,34,-85,62,50,-80,10.66666667,10.66666667,0,70.54234347,64.29791771,6.244425757,-85,-80,-5,-0.46,-0.69,0.23
12,18,male,142,old,b,1,0.4257000000029621,91,17,-48,90,12,-33,20,23,-3,56.78614855,50.81338406,5.972764482,-48,-33,-15,0.08,0.31,-0.23
12,18,male,143,old,a,0,0.9953000000120936,88,18,-15,83,9,-1,30.33333333,30.33333333,0,42.94440851,37.46405685,5.480351661,-15,-1,-14,0.41,0.67,-0.26
12,18,male,144,old,b,1,2.4675999999942637,51,40,-31,42,41,-23,20,20,0,36.34097779,30.40833219,5.932645598,-31,-23,-8,-0.66,-0.71,0.05
12,18,male,145,old,a,0,0.7964000000058604,89,74,-13,90,55,-4,50,47,3,44.96665431,38.79003308,6.176621228,-13,-4,-9,-0.65,-0.3,-0.35
12,18,male,146,old,a,0,1.718899999990981,84,58,-66,68,60,-52,25.33333333,25.33333333,0,65.44887742,54.78036956,10.66850786,-66,-52,-14,-0.62,-0.7,0.08
12,18,male,147,old,a,0,4.247400000005882,82,35,-17,58,49,-7,33.33333333,33.33333333,0,40.43375927,28.75567577,11.6780835,-17,-7,-10,-0.06,-0.66,0.6
12,18,male,148,old,a,0,3.158599999994067,98,82,-10,87,77,-3,56.66666667,53.66666667,3,47.59084879,40.27681991,7.314028882,-10,-3,-7,-0.65,-0.67,0.02
12,18,male,149,old,a,0,0.8460999999938394,36,21,-30,39,17,-20,9,12,-3,28.24889378,24.34474618,3.904147602,-30,-20,-10,-0.56,-0.3,-0.26
12,18,male,150,old,a,0,0.2345000000000255,76,36,-11,65,40,-4,33.66666667,33.66666667,0,35.55590278,28.52289529,7.033007489,-11,-4,-7,-0.1,-0.32,0.22
12,18,male,151,old,b,1,24.46849999999995,83,69,-20,73,72,-13,44,44,0,45.61432524,40.30715404,5.307171197,-20,-13,-7,-0.66,-0.71,0.05
12,18,male,152,old,b,1,20.247899999991205,87,73,-46,79,78,-34,38,41,-3,59.67132198,53.03457991,6.636742064,-46,-34,-12,-0.68,-0.71,0.03
12,18,male,153,old,a,0,19.26409999999396,81,41,-34,61,54,-27,29.33333333,29.33333333,0,47.66783215,39.93606001,7.731772147,-34,-27,-7,-0.35,-0.69,0.34
12,18,male,154,old,b,1,3.615100000008852,50,11,-57,35,13,-44,1.333333333,1.333333333,0,44.21412545,33.289971799999996,10.92415365,-57,-44,-13,-0.32,-0.48,0.16
12,18,male,155,old,b,1,2.5722999999970853,84,75,-47,83,60,-31,37.33333333,37.33333333,0,59.74575764,49.22284926,10.52290838,-47,-31,-16,-0.7,-0.59,-0.11
12,18,male,156,old,b,1,2.467800000011948,88,66,-26,87,52,-11,42.66666667,42.66666667,0,49.37835783,40.54901013,8.829347706,-26,-11,-15,-0.6,-0.33,-0.27
12,18,male,157,old,b,1,2.027099999994107,92,42,-56,66,60,-48,26,26,0,61.47086031,52.38320341,9.08765689,-56,-48,-8,-0.37,-0.7,0.33
12,18,male,158,old,b,1,2.6770000000001346,67,50,-25,66,32,-6,30.66666667,30.66666667,0,39.96943276,29.40899333,10.56043943,-25,-6,-19,-0.61,-0.07,-0.54
12,18,male,159,old,b,1,1.754200000002811,39,5,-20,23,9,-8,8,8,0,24.17988144,12.67543556,11.50444588,-20,-8,-12,0.18,-0.12,0.3
12,18,male,160,old,b,1,3.783999999999878,75,28,-55,47,46,-45,16,16,0,53.7463177,43.13544559,10.61087211,-55,-45,-10,-0.32,-0.71,0.39
12,18,male,161,old,b,1,1.015199999987999,74,59,-14,72,54,-7,39.66666667,39.66666667,0,38.43898484,33.80663972,4.632345124,-14,-7,-7,-0.63,-0.56,-0.07
12,18,male,162,old,b,1,1.159900000006019,74,64,-60,72,67,-43,26,32,-6,60.94806532,53.07227776,7.875787563,-60,-43,-17,-0.69,-0.7,0.01
12,18,male,163,old,b,1,1.6139000000059696,88,21,-90,58,41,-80,6.333333333,6.333333333,0,73.40451091,61.44012442,11.96438649,-90,-80,-10,-0.29,-0.67,0.38
12,18,male,164,old,b,1,0.9007000000028711,78,66,-11,64,61,-1,44.33333333,41.33333333,3,39.43207944,29.95923156,9.472847881,-11,-1,-10,-0.66,-0.7,0.04
12,18,male,165,old,a,0,1.7262999999970816,64,37,-54,65,7,-43,15.66666667,9.666666667,6,50.479919,44.13111777,6.348801231,-54,-43,-11,-0.56,0.09,-0.65
12,18,male,166,old,a,0,0.7189000000059877,64,24,-48,52,23,-35,13.33333333,13.33333333,0,46.34172586,36.16935474,10.17237112,-48,-35,-13,-0.33,-0.38,0.05
12,18,male,167,old,b,1,1.2342000000030566,98,57,-67,91,49,-52,29.33333333,29.33333333,0,70.14429572,60.01296156,10.13133416,-67,-52,-15,-0.53,-0.46,-0.07
12,18,male,168,old,b,1,4.850299999997105,72,21,-90,54,35,-86,1,1,0,67.63135368,62.00537611,5.625977565,-90,-86,-4,-0.42,-0.66,0.24
12,18,male,169,old,b,1,2.3414999999999964,75,73,-48,83,65,-30,33.33333333,39.33333333,-6,57.5171472,49.57373857,7.943408634,-48,-30,-18,-0.71,-0.64,-0.07
12,18,male,170,old,b,1,1.4657000000029257,73,41,-12,65,47,-1,34,37,-3,35.05234181,27.85677655,7.19556526,-12,-1,-11,-0.29,-0.49,0.2
12,18,male,171,old,b,1,8.16709999999398,96,32,-13,92,15,-1,38.33333333,35.33333333,3,44.723844,40.59830319,4.125540807,-13,-1,-12,0.21,0.63,-0.42
12,18,male,172,old,b,1,3.0882999999971616,81,17,-68,69,21,-51,10,13,-3,61.03004724,49.31531202,11.71473522,-68,-51,-17,-0.17,-0.24,0.07
12,18,male,173,old,b,1,1.9795999999942069,57,18,-72,61,10,-59,1,4,-3,54.01851534,49.17316341,4.845351932,-72,-59,-13,-0.44,-0.18,-0.26
12,18,male,174,old,b,1,1.4842999999968924,83,77,-23,99,33,-4,45.66666667,42.66666667,3,48.61641241,42.60151275,6.014899656,-23,-4,-19,-0.7,0.33,-1.03
12,18,male,175,old,b,1,5.834999999999809,77,41,-37,76,27,-22,27,27,0,47.58150901,40.00833247,7.573176548,-37,-22,-15,-0.42,0,-0.42
12,18,male,176,old,b,1,2.0657999999971253,86,27,-87,69,30,-73,8.666666667,8.666666667,0,71.80683966,59.90177144,11.90506822,-87,-73,-14,-0.37,-0.49,0.12
12,18,male,177,old,b,1,1.024700000003122,94,58,-17,96,40,-1,45,45,0,46.23851209,39.75759885,6.480913232,-17,-1,-16,-0.4,0.19,-0.59
12,18,male,178,old,b,1,1.4442999999971562,91,61,-33,66,59,-24,39.66666667,33.66666667,6,52.82255411,40.87650779,11.94604632,-33,-24,-9,-0.54,-0.69,0.15
12,18,male,179,old,b,1,1.302500000000009,85,73,-22,97,49,-10,45.33333333,45.33333333,0,47.86323107,43.75944343,4.103787649,-22,-10,-12,-0.67,-0.13,-0.54
12,18,male,180,old,b,1,1.876000000000204,85,53,-67,66,63,-58,23.66666667,23.66666667,0,65.42850211,57.76004001,7.668462102,-67,-58,-9,-0.58,-0.71,0.13
12,18,male,181,old,b,1,1.30399999999986,96,80,-56,99,42,-39,40,34,6,68.19579655,56.62155067,11.57424588,-56,-39,-17,-0.68,-0.21,-0.47
12,18,male,182,old,b,1,0.9607999999968796,63,24,-59,39,36,-47,9.333333333,9.333333333,0,50.87457344,39.85250585,11.02206759,-59,-47,-12,-0.41,-0.7,0.29
12,18,male,183,old,b,1,0.702099999993834,90,42,-24,83,22,-6,36,33,3,46.73328578,37.15732319,9.575962592,-24,-6,-18,-0.19,0.42,-0.61
12,18,male,184,old,b,1,0.965800000011768,62,43,-30,52,48,-25,25,25,0,39.65686153,35.39303133,4.263830204,-30,-25,-5,-0.59,-0.7,0.11
12,18,male,185,old,b,1,9.329999999999927,87,30,-64,70,56,-55,17.66666667,23.66666667,-6,62.25931434,55.91859162,6.34072272,-64,-55,-9,-0.29,-0.67,0.38
12,18,male,186,old,a,0,0.3825999999939995,89,61,-86,90,63,-71,21.33333333,27.33333333,-6,76.75212628,70.40044192,6.351684365,-86,-71,-15,-0.64,-0.63,-0.01
12,18,male,187,old,a,0,70.93519999998807,93,92,-16,86,78,-4,56.33333333,53.33333333,3,51.14901976,40.67213078,10.47688898,-16,-4,-12,-0.71,-0.69,-0.02
12,18,male,188,old,b,1,51.43140000000608,70,13,-28,63,8,-16,18.33333333,18.33333333,0,40.18568015,33.06895153,7.116728613,-28,-16,-12,0.2,0.44,-0.24
12,18,male,189,old,b,1,79.74250000000006,67,46,-24,68,38,-17,29.66666667,29.66666667,0,38.90444133,35.19785347,3.706587865,-24,-17,-7,-0.56,-0.34,-0.22
12,18,male,190,old,b,1,33.206799999996974,78,21,-82,61,26,-70,5.666666667,5.666666667,0,66.21345952,55.37949881,10.83396071,-82,-70,-12,-0.33,-0.5,0.17
12,18,male,191,old,a,0,79.4144000000058,90,63,-64,89,40,-58,29.66666667,23.66666667,6,67.14329618,61.11373732,6.029558865,-64,-58,-6,-0.62,-0.38,-0.24
12,18,male,192,old,a,0,66.85390000000598,89,20,-61,76,18,-46,16,16,0,61.3025285,49.82636518,11.47616332,-61,-46,-15,-0.1,-0.06,-0.04
12,18,male,193,old,a,0,23.69329999999718,56,51,-81,67,14,-73,8.666666667,2.666666667,6,63.43675766,57.71385353,5.722904132,-81,-73,-8,-0.7,-0.29,-0.41
12,18,male,194,old,b,1,79.87560000000894,82,60,-65,69,63,-55,25.66666667,25.66666667,0,64.73707507,57.09251751,7.644557563,-65,-55,-10,-0.65,-0.7,0.05
12,18,male,195,old,a,0,51.88040000000592,99,34,-24,83,38,-12,36.33333333,36.33333333,0,50.24163833,38.80148909,11.44014924,-24,-12,-12,0.07,-0.06,0.13
12,18,male,196,old,b,1,34.88700000000017,62,22,-65,45,27,-53,6.333333333,6.333333333,0,53.01781671,42.59368759,10.42412913,-65,-53,-12,-0.42,-0.61,0.19
12,18,male,197,old,a,0,40.96270000000322,53,43,-8,49,31,-1,29.33333333,26.33333333,3,26.71246068,20.67741656,6.035044121,-8,-1,-7,-0.63,-0.33,-0.3
12,18,male,198,old,a,0,40.76230000001169,89,46,-19,85,23,-1,38.66666667,35.66666667,3,44.39469438,36.23380864,8.160885733,-19,-1,-18,-0.24,0.48,-0.72
12,18,male,199,old,b,1,39.38650000000007,76,15,-21,57,42,-11,23.33333333,29.33333333,-6,40.03609483,29.16999981,10.86609502,-21,-11,-10,0.3,-0.57,0.87
12,18,male,200,old,a,0,28.333500000000186,80,41,-11,67,46,-3,36.66666667,36.66666667,0,37.27674282,29.32954521,7.947197614,-11,-3,-8,-0.17,-0.45,0.28
