id,PROLIFIC_PID,age,sex,trial,lottery_type,choice,resp,rt,outcome_a1,outcome_a2,outcome_a3,outcome_b1,outcome_b2,outcome_b3,ev_a,ev_b,ev_diff,var_a,var_b,var_diff,loss_a,loss_b,loss_diff,skew_a,skew_b,skew_diff,sanity_check
1,5c6cb10950281400017112be,35,female,0,confounded,a,0,3.332799999952158,89,83,-40,98,60,-26,44,44,0,59.44745579,51.87163644,7.575819354,-40,-26,-14,-0.7,-0.43,-0.27,FALSE
1,5c6cb10950281400017112be,35,female,1,unconfounded,a,0,4.079900000095222,76,54,-46,97,16,-38,28,25,3,53.09111665,55.47972603,-2.388609381,-46,-38,-8,-0.62,0.24,-0.86,FALSE
1,5c6cb10950281400017112be,35,female,2,unconfounded,a,0,2.6878999999762527,80,55,-43,97,5,-37,30.66666667,21.66666667,9,53.08065142,55.96030339,-2.879651967,-43,-37,-6,-0.59,0.42,-1.01,FALSE
1,5c6cb10950281400017112be,35,female,3,confounded,a,0,11.512499999999818,84,74,-73,96,33,-62,28.33333333,22.33333333,6,71.76969339,64.9427098,6.826983592,-73,-62,-11,-0.7,-0.24,-0.46,FALSE
1,5c6cb10950281400017112be,35,female,4,confounded,b,1,41.87299999999982,74,51,-26,76,46,-14,33,36,-3,42.76291228,37.41657387,5.346338412,-26,-14,-12,-0.56,-0.38,-0.18,FALSE
1,5c6cb10950281400017112be,35,female,5,unconfounded,b,1,14.412400000095204,58,37,-21,83,16,-7,24.66666667,30.66666667,-6,33.40991204,38.17794593,-4.768033896,-21,-7,-14,-0.5,0.52,-1.02,FALSE
1,5c6cb10950281400017112be,35,female,6,confounded,b,1,11.504500000000007,81,8,-35,75,6,-24,18,19,-1,47.88179891,41.44876355,6.433035356,-35,-24,-11,0.3,0.44,-0.14,FALSE
1,5c6cb10950281400017112be,35,female,7,unconfounded,a,0,13.613900000095327,66,61,-25,89,4,-18,34,25,9,41.76920716,46.13747573,-4.368268571,-25,-18,-7,-0.7,0.59,-1.29,FALSE
1,5c6cb10950281400017112be,35,female,8,unconfounded,a,0,3.287600000023758,79,56,-16,99,19,-8,39.66666667,36.66666667,3,40.46672158,45.4337124,-4.966990816,-16,-8,-8,-0.54,0.52,-1.06,FALSE
1,5c6cb10950281400017112be,35,female,9,confounded,a,0,3.657600000023877,80,43,-41,81,8,-34,27.33333333,18.33333333,9,50.62498285,47.5137407,3.111242151,-41,-34,-7,-0.43,0.32,-0.75,FALSE
1,5c6cb10950281400017112be,35,female,10,unconfounded,a,0,18.36210000002393,69,66,-55,96,34,-50,26.66666667,26.66666667,0,57.76004001,59.82938706,-2.069347044,-55,-50,-5,-0.71,-0.18,-0.53,FALSE
1,5c6cb10950281400017112be,35,female,11,confounded,b,1,22.32379999995237,97,65,-14,96,44,-1,49.33333333,46.33333333,3,46.64999702,39.63444069,7.015556332,-14,-1,-13,-0.47,0.09,-0.56,FALSE
1,5c6cb10950281400017112be,35,female,12,confounded,b,1,2.4216000000237727,75,56,-40,78,43,-30,30.33333333,30.33333333,0,50.33443707,44.99135719,5.343079879,-40,-30,-10,-0.63,-0.4,-0.23,FALSE
1,5c6cb10950281400017112be,35,female,13,confounded,b,1,1.7055999999047344,93,73,-18,97,48,-6,49.33333333,46.33333333,3,48.30688932,42.06608557,6.240803743,-18,-6,-12,-0.62,-0.06,-0.56,FALSE
1,5c6cb10950281400017112be,35,female,14,unconfounded,a,0,3.5297999999522744,83,40,-8,91,7,-1,38.33333333,32.33333333,6,37.16928242,41.61196409,-4.442681672,-8,-1,-7,-0.07,0.69,-0.76,FALSE
1,5c6cb10950281400017112be,35,female,15,confounded,b,1,2.1800000000000637,83,79,-38,99,58,-24,41.33333333,44.33333333,-3,56.12090124,51.13598429,4.98491695,-38,-24,-14,-0.7,-0.38,-0.32,FALSE
1,5c6cb10950281400017112be,35,female,16,unconfounded,b,1,34.60909999990463,68,22,-72,90,16,-61,6,15,-9,58.26376804,61.64954717,-3.385779129,-72,-61,-11,-0.39,-0.02,-0.37,FALSE
1,5c6cb10950281400017112be,35,female,17,confounded,a,0,3.2460999999045725,81,74,-67,96,32,-58,29.33333333,23.33333333,6,68.17787194,63.16820579,5.009666154,-67,-58,-9,-0.7,-0.2,-0.5,FALSE
1,5c6cb10950281400017112be,35,female,18,confounded,a,0,4.863699999928485,82,64,-15,78,50,-6,43.66666667,40.66666667,3,42.1294302,34.92213561,7.207294589,-15,-6,-9,-0.61,-0.38,-0.23,FALSE
1,5c6cb10950281400017112be,35,female,19,unconfounded,a,0,29.290299999952367,77,67,-13,98,10,-4,43.66666667,34.66666667,9,40.27681991,45.14667454,-4.86985463,-13,-4,-9,-0.67,0.66,-1.33,FALSE
1,5c6cb10950281400017112be,35,female,20,confounded,b,1,35.181199999928594,57,2,-48,64,9,-35,3.666666667,12.66666667,-9,42.88226777,40.49965706,2.382610705,-48,-35,-13,0.06,0.14,-0.08,FALSE
1,5c6cb10950281400017112be,35,female,21,unconfounded,a,0,4.029899999976124,70,41,-47,93,2,-40,21.33333333,18.33333333,3,49.74825513,55.51176052,-5.763505382,-47,-40,-7,-0.53,0.42,-0.95,FALSE
1,5c6cb10950281400017112be,35,female,22,unconfounded,a,0,3.657600000023877,83,22,-20,90,5,-13,28.33333333,27.33333333,1,42.28737663,44.91720779,-2.629831159,-20,-13,-7,0.22,0.62,-0.4,FALSE
1,5c6cb10950281400017112be,35,female,23,unconfounded,a,0,47.230799999952296,58,28,-19,71,11,-12,22.33333333,23.33333333,-1,31.68946548,34.98888712,-3.299421648,-19,-12,-7,-0.26,0.48,-0.74,FALSE
1,5c6cb10950281400017112be,35,female,24,unconfounded,a,0,18.06029999995235,70,60,-28,92,11,-19,34,28,6,44.0302926,46.88283268,-2.852540076,-28,-19,-9,-0.68,0.5,-1.18,FALSE
1,5c6cb10950281400017112be,35,female,25,unconfounded,a,0,2.3228999999762436,63,43,-58,93,3,-51,16,15,1,52.95910372,59.39696962,-6.437865901,-58,-51,-7,-0.63,0.29,-0.92,FALSE
1,5c6cb10950281400017112be,35,female,26,confounded,a,0,6.221399999976256,76,27,-21,72,4,-12,27.33333333,21.33333333,6,39.60078563,36.41733409,3.183451536,-21,-12,-9,0.01,0.61,-0.6,FALSE
1,5c6cb10950281400017112be,35,female,27,unconfounded,a,0,5.639000000000124,63,47,-21,91,15,-14,29.66666667,30.66666667,-1,36.41733409,44.27439692,-7.857062825,-21,-14,-7,-0.61,0.49,-1.1,FALSE
1,5c6cb10950281400017112be,35,female,28,unconfounded,b,1,32.96389999997632,55,19,-13,73,1,-4,20.33333333,23.33333333,-3,27.77688887,35.17890782,-7.402018947,-13,-4,-9,0.07,0.7,-0.63,FALSE
1,5c6cb10950281400017112be,35,female,29,confounded,a,0,3.7891999999283144,91,40,-37,81,27,-32,31.33333333,25.33333333,6,52.61389761,46.14710777,6.466789845,-37,-32,-5,-0.24,-0.05,-0.19,FALSE
1,5c6cb10950281400017112be,35,female,30,confounded,b,1,6.588699999928394,73,68,-84,83,63,-71,19,25,-6,72.86059749,68.37153404,4.489063453,-84,-71,-13,-0.7,-0.66,-0.04,FALSE
1,5c6cb10950281400017112be,35,female,31,confounded,a,0,4.7963000000715965,80,54,-23,85,21,-13,37,31,6,43.73404471,40.62839729,3.105647416,-23,-13,-10,-0.52,0.35,-0.87,FALSE
1,5c6cb10950281400017112be,35,female,32,confounded,b,1,5.179799999952365,79,27,-34,70,26,-24,24,24,0,46.18080409,38.40138886,7.779415229,-34,-24,-10,-0.1,-0.08,-0.02,FALSE
1,5c6cb10950281400017112be,35,female,33,confounded,a,0,32.205100000024004,80,73,-34,85,63,-29,39.66666667,39.66666667,0,52.16853032,49.37835783,2.790172486,-34,-29,-5,-0.7,-0.6,-0.1,FALSE
1,5c6cb10950281400017112be,35,female,34,confounded,a,0,19.463999999999945,88,55,-57,98,39,-42,28.66666667,31.66666667,-3,62.05553069,57.38950736,4.666023323,-57,-42,-15,-0.56,-0.19,-0.37,FALSE
1,5c6cb10950281400017112be,35,female,35,unconfounded,a,0,46.32400000000007,71,42,-92,95,21,-86,7,10,-3,70.99765254,74.30118886,-3.303536321,-92,-86,-6,-0.62,-0.22,-0.4,FALSE
1,5c6cb10950281400017112be,35,female,36,unconfounded,a,0,3.0638999999760017,92,49,-7,99,9,-1,44.66666667,35.66666667,9,40.53256578,44.96912521,-4.436559429,-7,-1,-6,-0.16,0.68,-0.84,FALSE
1,5c6cb10950281400017112be,35,female,37,unconfounded,a,0,2.12080000007154,55,22,-21,66,6,-16,18.66666667,18.66666667,0,31.11626941,34.65384378,-3.537574369,-21,-16,-5,-0.16,0.5,-0.66,FALSE
1,5c6cb10950281400017112be,35,female,38,unconfounded,a,0,2.695899999976291,61,50,-88,94,11,-82,7.666666667,7.666666667,0,67.79544396,71.8903486,-4.094904639,-88,-82,-6,-0.69,-0.07,-0.62,FALSE
1,5c6cb10950281400017112be,35,female,39,unconfounded,a,0,5.05729999995242,64,57,-33,97,1,-19,29.33333333,26.33333333,3,44.16886787,50.63156679,-6.46269892,-33,-19,-14,-0.69,0.63,-1.32,FALSE
1,5c6cb10950281400017112be,35,female,40,unconfounded,b,1,41.43039999997609,67,30,-64,98,12,-50,11,20,-9,55.14224031,60.68497892,-5.542738609,-64,-50,-14,-0.48,0.2,-0.68,FALSE
1,5c6cb10950281400017112be,35,female,41,confounded,b,1,2.4463999999761654,87,69,-31,91,47,-16,41.66666667,40.66666667,1,51.90589776,43.91152721,7.994370546,-31,-16,-15,-0.64,-0.21,-0.43,FALSE
1,5c6cb10950281400017112be,35,female,42,confounded,a,0,2.455200000047853,79,45,-35,80,2,-20,29.66666667,20.66666667,9,47.7865625,42.90558109,4.880981407,-35,-20,-15,-0.45,0.57,-1.02,FALSE
1,5c6cb10950281400017112be,35,female,43,confounded,a,0,3.4628999999761163,86,80,-10,84,66,-3,52,49,3,43.9089968,37.49666652,6.412330282,-10,-3,-7,-0.7,-0.59,-0.11,FALSE
1,5c6cb10950281400017112be,35,female,44,unconfounded,a,0,3.267300000071373,60,27,-47,80,4,-41,13.33333333,14.33333333,-1,44.73874781,49.93551397,-5.196766162,-47,-41,-6,-0.43,0.3,-0.73,FALSE
1,5c6cb10950281400017112be,35,female,45,unconfounded,a,0,42.56470000004765,58,49,-41,85,1,-29,22,19,3,44.69899328,48.24935233,-3.55035905,-41,-29,-12,-0.69,0.51,-1.2,FALSE
1,5c6cb10950281400017112be,35,female,46,confounded,a,0,98.4912999999524,95,77,-55,97,48,-46,39,33,6,66.87301399,59.33520596,7.537808026,-55,-46,-9,-0.67,-0.36,-0.31,FALSE
1,5c6cb10950281400017112be,35,female,47,unconfounded,b,1,50.49220000004766,57,33,-78,87,14,-71,4,10,-6,58.80476171,64.56521251,-5.7604508,-78,-71,-7,-0.62,-0.09,-0.53,FALSE
1,5c6cb10950281400017112be,35,female,48,unconfounded,b,1,6.647100000023784,61,18,-37,77,14,-31,14,20,-6,40.10818703,44.29446918,-4.186282153,-37,-31,-6,-0.15,0.2,-0.35,FALSE
1,5c6cb10950281400017112be,35,female,49,unconfounded,a,0,2.250099999904478,64,49,-69,94,7,-60,14.66666667,13.66666667,1,59.4773533,63.04671989,-3.56936659,-69,-60,-9,-0.67,0.16,-0.83,FALSE
1,5c6cb10950281400017112be,35,female,50,confounded,b,1,41.47520000004761,69,48,-67,68,45,-60,16.66666667,17.66666667,-1,59.77922344,55.7155474,4.063676043,-67,-60,-7,-0.64,-0.62,-0.02,FALSE
1,5c6cb10950281400017112be,35,female,51,unconfounded,b,1,4.8132000000478,60,34,-88,93,15,-75,2,11,-9,64.51873113,68.64400921,-4.125278077,-88,-75,-13,-0.62,-0.09,-0.53,FALSE
1,5c6cb10950281400017112be,35,female,52,unconfounded,a,0,4.988299999952687,65,38,-26,81,20,-21,25.66666667,26.66666667,-1,38.16047985,41.90730512,-3.74682527,-26,-21,-5,-0.45,0.23,-0.68,FALSE
1,5c6cb10950281400017112be,35,female,53,confounded,a,0,3.8144999999999527,82,78,-17,89,62,-11,47.66666667,46.66666667,1,45.75538827,42.24005471,3.515333554,-17,-11,-6,-0.7,-0.5,-0.2,FALSE
1,5c6cb10950281400017112be,35,female,54,unconfounded,a,0,4.6469999999999345,52,48,-39,83,15,-28,20.33333333,23.33333333,-3,41.9867704,45.69707017,-3.710299768,-39,-28,-11,-0.7,0.27,-0.97,FALSE
1,5c6cb10950281400017112be,35,female,55,unconfounded,b,1,5.4659999999998945,65,10,-62,90,1,-51,4.333333333,13.33333333,-9,52.00213671,58.21988969,-6.217752982,-62,-51,-11,-0.16,0.31,-0.47,FALSE
1,5c6cb10950281400017112be,35,female,56,unconfounded,a,0,5.130200000047807,65,46,-24,88,13,-14,29,29,0,38.27096375,43.15089802,-4.879934267,-24,-14,-10,-0.58,0.51,-1.09,FALSE
1,5c6cb10950281400017112be,35,female,57,unconfounded,a,0,3.11360000002378,52,41,-26,71,1,-14,22.33333333,19.33333333,3,34.47059939,37.04351795,-2.572918563,-26,-14,-12,-0.65,0.62,-1.27,FALSE
1,5c6cb10950281400017112be,35,female,58,unconfounded,a,0,1.79719999992858,72,62,-10,99,53,-1,41.33333333,50.33333333,-9,36.52700675,40.86835233,-4.341345579,-10,-1,-9,-0.67,-0.1,-0.57,FALSE
1,5c6cb10950281400017112be,35,female,59,confounded,b,1,67.4073000000717,60,45,-95,64,47,-83,3.333333333,9.333333333,-6,69.8013053,65.65735975,4.143945558,-95,-83,-12,-0.68,-0.67,-0.01,FALSE
1,5c6cb10950281400017112be,35,female,60,confounded,b,1,2.196000000000367,87,67,-40,97,42,-25,38,38,0,55.75541827,49.88653793,5.868880342,-40,-25,-15,-0.64,-0.12,-0.52,FALSE
1,5c6cb10950281400017112be,35,female,61,unconfounded,b,1,2.3808000000717584,70,55,-15,99,30,-1,36.66666667,42.66666667,-6,37.04351795,41.7957999,-4.752281944,-15,-1,-14,-0.62,0.43,-1.05,FALSE
1,5c6cb10950281400017112be,35,female,62,confounded,b,1,3.847400000095149,32,12,-39,37,19,-24,1.666666667,10.66666667,-9,29.89239963,25.59079696,4.301602672,-39,-24,-15,-0.48,-0.45,-0.03,FALSE
1,5c6cb10950281400017112be,35,female,63,confounded,b,1,90.05149999999958,81,78,-44,94,63,-33,38.33333333,41.33333333,-3,58.2313394,54.06374838,4.167591025,-44,-33,-11,-0.71,-0.54,-0.17,FALSE
1,5c6cb10950281400017112be,35,female,64,unconfounded,a,0,2.46349999999984,86,44,-23,97,16,-15,35.66666667,32.66666667,3,44.88751373,47.21816976,-2.33065603,-23,-15,-8,-0.27,0.49,-0.76,FALSE
1,5c6cb10950281400017112be,35,female,65,unconfounded,a,0,2.296599999904629,81,51,-42,96,4,-37,30,21,9,52.36410985,55.61174936,-3.247639512,-42,-37,-5,-0.54,0.43,-0.97,FALSE
1,5c6cb10950281400017112be,35,female,66,unconfounded,a,0,1.9132000000477092,80,45,-79,99,3,-74,15.33333333,9.333333333,6,68.2169741,70.76879413,-2.551820026,-79,-74,-5,-0.57,0.13,-0.7,FALSE
1,5c6cb10950281400017112be,35,female,67,confounded,a,0,4.380600000023605,93,65,-15,92,30,-6,47.66666667,38.66666667,9,45.7626728,40.47495796,5.28771484,-15,-6,-9,-0.51,0.31,-0.82,FALSE
1,5c6cb10950281400017112be,35,female,68,confounded,b,1,8.397700000047735,67,34,-59,77,37,-45,14,23,-9,53.34791467,50.78057371,2.56734096,-59,-45,-14,-0.51,-0.39,-0.12,FALSE
1,5c6cb10950281400017112be,35,female,69,confounded,b,1,8.696899999976267,37,36,-64,47,22,-51,3,6,-3,47.37791328,41.57723736,5.800675917,-64,-51,-13,-0.71,-0.52,-0.19,FALSE
1,5c6cb10950281400017112be,35,female,70,unconfounded,b,1,25.714399999976195,76,42,-93,97,33,-87,8.333333333,14.33333333,-6,72.9855389,76.26853145,-3.282992543,-93,-87,-6,-0.59,-0.35,-0.24,FALSE
1,5c6cb10950281400017112be,35,female,71,unconfounded,a,0,4.297799999952531,76,64,-21,97,15,-11,39.66666667,33.66666667,6,43.17663977,46.02414825,-2.847508476,-21,-11,-10,-0.67,0.54,-1.21,FALSE
1,5c6cb10950281400017112be,35,female,72,confounded,a,0,74.29140000009511,53,43,-8,49,31,-1,29.33333333,26.33333333,3,26.71246068,20.67741656,6.035044121,-8,-1,-7,-0.63,-0.33,-0.3,FALSE
1,5c6cb10950281400017112be,35,female,73,unconfounded,a,0,6.646899999976085,66,40,-29,84,13,-23,25.66666667,24.66666667,1,40.08601862,44.45472103,-4.368702413,-29,-23,-6,-0.49,0.38,-0.87,FALSE
1,5c6cb10950281400017112be,35,female,74,unconfounded,b,1,9.824100000023464,57,55,-50,97,16,-42,20.66666667,23.66666667,-3,49.97554958,57.00487309,-7.029323509,-50,-42,-8,-0.71,0.2,-0.91,FALSE
1,5c6cb10950281400017112be,35,female,75,unconfounded,b,1,30.37350000000015,57,52,-69,95,11,-63,13.33333333,14.33333333,-1,58.25423208,64.54627969,-6.29204761,-69,-63,-6,-0.7,0.08,-0.78,FALSE
1,5c6cb10950281400017112be,35,female,76,confounded,b,1,7.764200000047822,74,69,-25,82,49,-13,39.33333333,39.33333333,0,45.5363103,39.38132665,6.154983646,-25,-13,-12,-0.7,-0.35,-0.35,FALSE
1,5c6cb10950281400017112be,35,female,77,unconfounded,b,1,3.2642999999520725,45,38,-33,83,15,-21,16.66666667,25.66666667,-9,35.23571421,43.12256434,-7.886850138,-33,-21,-12,-0.69,0.36,-1.05,FALSE
1,5c6cb10950281400017112be,35,female,79,unconfounded,b,1,5.8898999999760235,65,27,-35,83,18,-26,19,25,-6,41.21488404,44.77350407,-3.558620027,-35,-26,-9,-0.28,0.23,-0.51,FALSE
1,5c6cb10950281400017112be,35,female,80,unconfounded,b,1,28.755999999999855,72,35,-48,99,28,-41,19.66666667,28.66666667,-9,50.17524844,57.15670467,-6.981456236,-48,-41,-7,-0.43,0.02,-0.45,FALSE
1,5c6cb10950281400017112be,35,female,81,unconfounded,a,0,2.913099999904716,56,53,-14,73,2,-7,31.66666667,22.66666667,9,32.31442746,35.78019316,-3.465765693,-14,-7,-7,-0.7,0.67,-1.37,FALSE
1,5c6cb10950281400017112be,35,female,82,unconfounded,a,0,19.748100000023896,81,32,-83,99,17,-77,10,13,-3,68.73621074,71.90734779,-3.171137055,-83,-77,-6,-0.45,-0.08,-0.37,FALSE
1,5c6cb10950281400017112be,35,female,83,confounded,b,1,20.25930000007156,81,40,-65,84,42,-52,18.66666667,24.66666667,-6,61.48351179,56.85849883,4.625012964,-65,-52,-13,-0.48,-0.43,-0.05,FALSE
1,5c6cb10950281400017112be,35,female,84,unconfounded,b,1,33.641999999999825,50,24,-56,83,8,-46,6,15,-9,45.10727953,52.89612462,-7.788845091,-56,-46,-10,-0.54,0.2,-0.74,FALSE
1,5c6cb10950281400017112be,35,female,85,confounded,a,0,9.346200000047702,95,75,-28,96,64,-15,47.33333333,48.33333333,-1,53.89083616,46.64999702,7.240839139,-28,-15,-13,-0.63,-0.47,-0.16,FALSE
1,5c6cb10950281400017112be,35,female,86,unconfounded,b,1,40.381400000095255,44,17,-42,71,6,-31,6.333333333,15.33333333,-9,35.91038228,42.16106682,-6.250684541,-42,-31,-11,-0.42,0.32,-0.74,FALSE
1,5c6cb10950281400017112be,35,female,87,confounded,a,0,3.778799999952298,60,35,-17,52,7,-8,26,17,9,32.07283378,25.49509757,6.577736212,-17,-8,-9,-0.4,0.53,-0.93,FALSE
1,5c6cb10950281400017112be,35,female,88,confounded,a,0,42.89750000000003,89,74,-13,90,55,-4,50,47,3,44.96665431,38.79003308,6.176621228,-13,-4,-9,-0.65,-0.3,-0.35,FALSE
1,5c6cb10950281400017112be,35,female,89,unconfounded,b,1,11.796299999952224,64,23,-82,89,11,-77,1.666666667,7.666666667,-6,61.48351179,67.81019261,-6.326680822,-82,-77,-5,-0.48,-0.07,-0.41,FALSE
1,5c6cb10950281400017112be,35,female,90,unconfounded,a,0,2.546700000047622,75,26,-42,94,6,-32,19.66666667,22.66666667,-3,47.97453028,52.77204647,-4.797516193,-42,-32,-10,-0.2,0.44,-0.64,FALSE
1,5c6cb10950281400017112be,35,female,91,unconfounded,a,0,3.346900000095502,57,37,-65,85,1,-54,9.666666667,10.66666667,-1,53.42492136,57.15670467,-3.731783312,-65,-54,-11,-0.63,0.25,-0.88,FALSE
1,5c6cb10950281400017112be,35,female,92,unconfounded,a,0,2.929899999975987,64,56,-58,94,9,-50,20.66666667,17.66666667,3,55.72152985,59.10630724,-3.384777389,-58,-50,-8,-0.7,0.22,-0.92,FALSE
1,5c6cb10950281400017112be,35,female,93,confounded,a,0,71.79760000002398,67,16,-14,66,5,-2,23,23,0,33.43650699,30.53959179,2.896915205,-14,-2,-12,0.3,0.68,-0.38,FALSE
1,5c6cb10950281400017112be,35,female,94,confounded,b,1,14.396299999952134,85,77,-20,97,78,-6,47.33333333,56.33333333,-9,47.72374205,44.75364665,2.970095399,-20,-6,-14,-0.69,-0.61,-0.08,FALSE
1,5c6cb10950281400017112be,35,female,95,unconfounded,a,0,2.83920000004764,62,45,-31,84,8,-19,25.33333333,24.33333333,1,40.43375927,43.60682923,-3.173069958,-31,-19,-12,-0.61,0.51,-1.12,FALSE
1,5c6cb10950281400017112be,35,female,96,confounded,b,1,63.64079999995238,60,35,-32,57,29,-20,21,22,-1,38.8415585,31.82242396,7.01913454,-32,-20,-12,-0.49,-0.32,-0.17,FALSE
1,5c6cb10950281400017112be,35,female,97,unconfounded,a,0,73.90729999995256,80,31,-38,94,5,-26,24.33333333,24.33333333,0,48.40339749,50.86146762,-2.458070131,-38,-26,-12,-0.2,0.52,-0.72,FALSE
1,5c6cb10950281400017112be,35,female,98,confounded,b,1,58.0318000000716,65,62,-49,72,57,-42,26,29,-3,53.04714884,50.57667447,2.470474374,-49,-42,-7,-0.71,-0.66,-0.05,FALSE
1,5c6cb10950281400017112be,35,female,99,confounded,a,0,2.541299999952571,90,19,-42,81,3,-35,22.33333333,16.33333333,6,53.94029621,48.2861839,5.654112314,-42,-35,-7,0.09,0.39,-0.3,FALSE
1,5c6cb10950281400017112be,35,female,100,confounded,b,1,1.3255000000003747,83,50,-11,85,29,-1,40.66666667,37.66666667,3,38.93869826,35.64017708,3.298521182,-11,-1,-10,-0.35,0.35,-0.7,FALSE
1,5c6cb10950281400017112be,35,female,101,confounded,b,1,1.9294999999997344,88,64,-15,89,47,-2,45.66666667,44.66666667,1,44.00252518,37.18721405,6.815311129,-15,-2,-13,-0.55,-0.09,-0.46,FALSE
1,5c6cb10950281400017112be,35,female,102,unconfounded,a,0,1.864100000023882,68,28,-25,85,2,-13,23.66666667,24.66666667,-1,38.09053542,43.09936839,-5.008832965,-25,-13,-12,-0.17,0.64,-0.81,FALSE
1,5c6cb10950281400017112be,35,female,103,confounded,b,1,1.6304000000955057,66,61,-21,85,54,-6,35.33333333,44.33333333,-9,39.88594851,37.77418284,2.111765679,-21,-6,-15,-0.7,-0.37,-0.33,FALSE
1,5c6cb10950281400017112be,35,female,104,confounded,b,1,1.8379000000954877,84,54,-18,91,30,-4,40,39,1,42.80186912,39.3022476,3.499621515,-18,-4,-14,-0.46,0.33,-0.79,FALSE
1,5c6cb10950281400017112be,35,female,105,unconfounded,b,1,7.485600000024078,51,48,-71,84,26,-64,9.333333333,15.33333333,-6,56.81744646,60.88969991,-4.072253454,-71,-64,-7,-0.71,-0.26,-0.45,FALSE
1,5c6cb10950281400017112be,35,female,106,confounded,b,1,19.772399999976187,61,33,-71,68,40,-58,7.666666667,16.66666667,-9,56.78810517,54.02057221,2.767532958,-71,-58,-13,-0.58,-0.57,-0.01,FALSE
1,5c6cb10950281400017112be,35,female,107,unconfounded,a,0,1.9718999999763585,62,50,-83,92,15,-75,9.666666667,10.66666667,-1,65.70810875,68.24628602,-2.53817727,-83,-75,-8,-0.69,-0.09,-0.6,FALSE
1,5c6cb10950281400017112be,35,female,108,confounded,b,1,1.629800000071555,82,80,-87,96,60,-78,25,26,-1,79.20016835,74.99333304,4.206835313,-87,-78,-9,-0.71,-0.59,-0.12,FALSE
1,5c6cb10950281400017112be,35,female,109,unconfounded,b,1,2.6748999999763328,48,36,-33,76,20,-27,17,23,-6,35.6931366,42.10304819,-6.409911592,-33,-27,-6,-0.65,0.11,-0.76,FALSE
1,5c6cb10950281400017112be,35,female,110,unconfounded,a,0,2.7491999999283507,82,49,-56,98,10,-51,25,19,6,58.83876273,61.16098975,-2.322227012,-56,-51,-5,-0.54,0.22,-0.76,FALSE
1,5c6cb10950281400017112be,35,female,111,confounded,b,1,3.930600000024242,78,18,-86,77,22,-71,3.333333333,9.333333333,-6,67.75117875,61.08100268,6.670176067,-86,-71,-15,-0.31,-0.3,-0.01,FALSE
1,5c6cb10950281400017112be,35,female,112,unconfounded,a,0,1.6297999999524109,72,70,-34,99,2,-20,36,27,9,49.50420858,51.69784006,-2.193631483,-34,-20,-14,-0.71,0.61,-1.32,FALSE
1,5c6cb10950281400017112be,35,female,113,unconfounded,a,0,1.9417000000480584,74,46,-44,87,1,-39,25.33333333,16.33333333,9,50.34105901,52.56953068,-2.228471667,-44,-39,-5,-0.55,0.41,-0.96,FALSE
1,5c6cb10950281400017112be,35,female,114,confounded,b,1,6.172300000071573,58,36,-89,59,29,-74,1.666666667,4.666666667,-3,64.73707507,56.95807425,7.779000822,-89,-74,-15,-0.65,-0.56,-0.09,FALSE
1,5c6cb10950281400017112be,35,female,115,confounded,b,1,26.223600000023907,65,30,-84,74,33,-69,3.666666667,12.66666667,-9,63.61516241,60.12394605,3.491216361,-84,-69,-15,-0.55,-0.47,-0.08,FALSE
1,5c6cb10950281400017112be,35,female,116,confounded,a,0,18.096000000000004,30,4,-19,23,3,-8,5,6,-1,20.01665973,12.83225104,7.184408691,-19,-8,-11,0.07,0.34,-0.27,FALSE
1,5c6cb10950281400017112be,35,female,117,confounded,b,1,4.029599999904349,93,88,-12,97,64,-1,56.33333333,53.33333333,3,48.36206043,40.71308826,7.64897217,-12,-1,-11,-0.7,-0.38,-0.32,FALSE
1,5c6cb10950281400017112be,35,female,118,confounded,b,1,1.9138000000712057,92,55,-16,86,47,-5,43.66666667,42.66666667,1,44.8131925,37.27674282,7.536449678,-16,-5,-11,-0.36,-0.17,-0.19,FALSE
1,5c6cb10950281400017112be,35,female,119,confounded,b,1,2.1811999999285945,52,14,-16,53,17,-2,16.66666667,22.66666667,-6,27.82484901,22.80838053,5.01646848,-16,-2,-14,0.14,0.36,-0.22,FALSE
1,5c6cb10950281400017112be,35,female,120,unconfounded,b,1,7.497799999952349,63,32,-59,96,5,-47,12,18,-6,51.77515492,59.09878735,-7.323632437,-59,-47,-12,-0.52,0.32,-0.84,FALSE
1,5c6cb10950281400017112be,35,female,121,confounded,b,1,2.6083999999764274,99,63,-12,93,52,-4,50,47,3,46.23851209,39.75759885,6.480913232,-12,-4,-8,-0.4,-0.19,-0.21,FALSE
1,5c6cb10950281400017112be,35,female,122,unconfounded,a,0,4.746700000047895,49,31,-74,83,4,-63,2,8,-6,54.24020649,59.67132198,-5.431115489,-74,-63,-11,-0.65,0.1,-0.75,FALSE
1,5c6cb10950281400017112be,35,female,123,confounded,a,0,2.030700000048,99,45,-67,98,5,-53,25.66666667,16.66666667,9,69.13432979,62.19503374,6.939296048,-67,-53,-14,-0.4,0.27,-0.67,FALSE
1,5c6cb10950281400017112be,35,female,124,unconfounded,b,1,116.66800000000012,61,53,-62,85,48,-54,17.33333333,26.33333333,-9,56.19213073,58.77830288,-2.586172149,-62,-54,-8,-0.7,-0.5,-0.2,FALSE
1,5c6cb10950281400017112be,35,female,125,unconfounded,a,0,2.5963999999762564,78,19,-16,89,2,-7,27,28,-1,38.79003308,43.28972164,-4.49968856,-16,-7,-9,0.3,0.68,-0.38,FALSE
1,5c6cb10950281400017112be,35,female,126,unconfounded,a,0,3.3975000000000364,61,43,-79,96,2,-73,8.333333333,8.333333333,0,62.18967403,69.13915115,-6.949477127,-79,-73,-6,-0.66,0.14,-0.8,FALSE
1,5c6cb10950281400017112be,35,female,127,unconfounded,b,1,14.847600000024158,70,16,-49,84,3,-41,12.33333333,15.33333333,-3,48.65068231,51.77086268,-3.12018037,-49,-41,-8,-0.11,0.34,-0.45,FALSE
1,5c6cb10950281400017112be,35,female,128,unconfounded,b,1,5.753900000095655,69,32,-47,87,24,-39,18,24,-6,48.38043682,51.4392846,-3.058847781,-47,-39,-8,-0.41,0,-0.41,FALSE
1,5c6cb10950281400017112be,35,female,129,confounded,b,1,2.163700000047811,82,57,-23,90,38,-9,38.66666667,39.66666667,-1,44.78342948,40.43375927,4.349670203,-23,-9,-14,-0.55,0.06,-0.61,FALSE
1,5c6cb10950281400017112be,35,female,130,unconfounded,b,1,8.863000000000284,39,29,-22,58,1,-13,15.33333333,15.33333333,0,26.71246068,30.70649587,-3.994035195,-22,-13,-9,-0.63,0.6,-1.23,FALSE
1,5c6cb10950281400017112be,35,female,131,confounded,a,0,13.132100000023913,91,73,-19,96,36,-14,48.33333333,39.33333333,9,48.17560471,44.96912521,3.206479496,-19,-14,-5,-0.63,0.11,-0.74,FALSE
1,5c6cb10950281400017112be,35,female,132,confounded,b,1,6.413199999928111,42,40,-31,59,28,-18,17,23,-6,33.950945,31.63331577,2.317629233,-31,-18,-13,-0.71,-0.23,-0.48,FALSE
1,5c6cb10950281400017112be,35,female,133,unconfounded,a,0,59.88220000004776,78,35,-19,87,10,-12,31.33333333,28.33333333,3,39.68486977,42.44473531,-2.759865537,-19,-12,-7,-0.14,0.57,-0.71,FALSE
1,5c6cb10950281400017112be,35,female,134,unconfounded,a,0,2.921599999904629,74,30,-33,93,7,-20,23.66666667,26.66666667,-3,43.91152721,48.18252334,-4.270996128,-33,-20,-13,-0.21,0.54,-0.75,FALSE
1,5c6cb10950281400017112be,35,female,135,unconfounded,a,0,2.580500000000029,58,54,-47,89,7,-34,21.66666667,20.66666667,1,48.58211834,51.13598429,-2.553865948,-47,-34,-13,-0.7,0.38,-1.08,FALSE
1,5c6cb10950281400017112be,35,female,136,confounded,b,1,7.230300000071566,94,59,-24,99,39,-12,43,42,1,49.48400415,45.36518489,4.118819261,-24,-12,-12,-0.45,0.1,-0.55,FALSE
1,5c6cb10950281400017112be,35,female,137,unconfounded,a,0,55.04839999997603,74,35,-30,97,8,-17,26.33333333,29.33333333,-3,42.89781139,48.92397731,-6.026165915,-30,-17,-13,-0.29,0.57,-0.86,FALSE
1,5c6cb10950281400017112be,35,female,138,confounded,b,1,2.9296000000235836,96,61,-17,93,41,-3,46.66666667,43.66666667,3,47.23228651,39.23717059,7.995115924,-17,-3,-14,-0.43,0.1,-0.53,FALSE
1,5c6cb10950281400017112be,35,female,139,confounded,b,1,4.3530000000000655,89,67,-17,87,61,-12,46.33333333,45.33333333,1,45.67518169,41.90730512,3.76787657,-17,-12,-5,-0.59,-0.51,-0.08,FALSE
1,5c6cb10950281400017112be,35,female,140,confounded,a,0,4.0971000000240565,79,75,-24,86,58,-11,43.33333333,44.33333333,-1,47.6398526,40.76218291,6.877669688,-24,-11,-13,-0.7,-0.47,-0.23,FALSE
1,5c6cb10950281400017112be,35,female,141,unconfounded,a,0,2.213099999904898,82,38,-49,98,3,-39,23.66666667,20.66666667,3,54.43242498,57.308134,-2.87570902,-49,-39,-10,-0.38,0.43,-0.81,FALSE
1,5c6cb10950281400017112be,35,female,142,confounded,b,1,3.1468999999760854,81,75,-12,85,53,-3,48,45,3,42.49705872,36.36848453,6.128574196,-12,-3,-9,-0.7,-0.32,-0.38,FALSE
1,5c6cb10950281400017112be,35,female,143,confounded,b,1,4.762799999952222,51,45,-68,56,48,-58,9.333333333,15.33333333,-6,54.73775865,51.95724738,2.780511269,-68,-58,-10,-0.7,-0.69,-0.01,FALSE
1,5c6cb10950281400017112be,35,female,144,unconfounded,a,0,3.345800000071449,85,48,-45,99,2,-40,29.33333333,20.33333333,9,54.68901982,58.20843772,-3.519417903,-45,-40,-5,-0.47,0.44,-0.91,FALSE
1,5c6cb10950281400017112be,35,female,145,unconfounded,b,1,13.313100000023953,55,52,-40,92,13,-29,22.33333333,25.33333333,-3,44.09333535,50.16195991,-6.068624563,-40,-29,-11,-0.7,0.35,-1.05,FALSE
1,5c6cb10950281400017112be,35,female,146,confounded,b,1,2.1747999999524836,90,67,-17,92,28,-7,46.66666667,37.66666667,9,45.98792112,40.99051381,4.997407312,-17,-7,-10,-0.58,0.34,-0.92,FALSE
1,5c6cb10950281400017112be,35,female,147,unconfounded,b,1,1.2134000000955891,84,46,-12,97,13,-1,39.33333333,36.33333333,3,39.47432358,43.27688631,-3.802562731,-12,-1,-11,-0.25,0.65,-0.9,FALSE
1,5c6cb10950281400017112be,35,female,148,unconfounded,b,1,2.1296000000238564,74,33,-32,94,35,-27,25,34,-9,43.64248694,49.40310382,-5.760616872,-32,-27,-5,-0.27,-0.03,-0.24,FALSE
1,5c6cb10950281400017112be,35,female,149,confounded,b,1,1.9471000000239655,88,81,-45,99,73,-30,41.33333333,47.33333333,-6,61.11373732,55.70358058,5.410156742,-45,-30,-15,-0.7,-0.59,-0.11,FALSE
1,5c6cb10950281400017112be,35,female,150,unconfounded,b,1,4.284500000000207,52,47,-90,84,32,-80,3,12,-9,65.79260343,68.43001291,-2.637409474,-90,-80,-10,-0.7,-0.41,-0.29,FALSE
1,5c6cb10950281400017112be,35,female,151,confounded,a,0,6.0285999999046,81,48,-42,79,15,-34,29,20,9,51.98076567,46.26733909,5.713426581,-42,-34,-8,-0.5,0.16,-0.66,FALSE
1,5c6cb10950281400017112be,35,female,152,unconfounded,a,0,2.04719999992858,79,53,-16,96,9,-7,38.66666667,32.66666667,6,40.08601862,45.25728916,-5.17127054,-16,-7,-9,-0.49,0.64,-1.13,FALSE
1,5c6cb10950281400017112be,35,female,153,confounded,a,0,47.84860000002391,79,76,-68,85,37,-62,29,20,9,68.60029154,61.20457499,7.395716552,-68,-62,-6,-0.71,-0.4,-0.31,FALSE
1,5c6cb10950281400017112be,35,female,154,unconfounded,a,0,1.974299999952109,83,61,-20,99,4,-6,41.33333333,32.33333333,9,44.28945197,47.31689856,-3.027446588,-20,-6,-14,-0.58,0.68,-1.26,FALSE
1,5c6cb10950281400017112be,35,female,155,unconfounded,a,0,5.0977000000480075,67,35,-44,90,1,-33,19.33333333,19.33333333,0,46.64999702,51.86092513,-5.210928109,-44,-33,-11,-0.47,0.49,-0.96,FALSE
1,5c6cb10950281400017112be,35,female,156,confounded,b,1,7.180200000047535,95,41,-73,89,40,-63,21,22,-1,70.0285656,63.34561284,6.682952755,-73,-63,-10,-0.41,-0.4,-0.01,FALSE
1,5c6cb10950281400017112be,35,female,157,unconfounded,a,0,4.380200000047807,63,45,-19,81,8,-9,29.66666667,26.66666667,3,35.18838192,39.04128869,-3.852906764,-19,-9,-10,-0.57,0.61,-1.18,FALSE
1,5c6cb10950281400017112be,35,female,158,unconfounded,a,0,11.346700000047804,60,51,-79,94,11,-73,10.66666667,10.66666667,0,63.51027913,68.17787194,-4.667592807,-79,-73,-6,-0.7,-0.01,-0.69,FALSE
1,5c6cb10950281400017112be,35,female,159,confounded,a,0,11.931099999904744,55,43,-60,58,7,-54,12.66666667,3.666666667,9,51.61610429,45.78451946,5.831584831,-60,-54,-6,-0.68,-0.11,-0.57,FALSE
1,5c6cb10950281400017112be,35,female,160,confounded,a,0,4.897399999976187,84,56,-46,86,24,-34,31.33333333,25.33333333,6,55.86491644,48.9988662,6.86605024,-46,-34,-12,-0.58,0.04,-0.62,FALSE
1,5c6cb10950281400017112be,35,female,161,unconfounded,b,1,18.396699999928387,47,39,-49,72,3,-41,12.33333333,11.33333333,1,43.49201715,46.50686927,-3.014852118,-49,-41,-8,-0.69,0.26,-0.95,FALSE
1,5c6cb10950281400017112be,35,female,162,confounded,b,1,1.8801000000239585,96,51,-91,99,54,-79,18.66666667,24.66666667,-6,79.69246444,75.57042337,4.122041069,-91,-79,-12,-0.54,-0.52,-0.02,FALSE
1,5c6cb10950281400017112be,35,female,163,unconfounded,a,0,5.407600000024104,66,36,-14,80,11,-6,29.33333333,28.33333333,1,32.99831646,37.18721405,-4.188897596,-14,-6,-8,-0.29,0.6,-0.89,FALSE
1,5c6cb10950281400017112be,35,female,164,confounded,a,0,2.4637999999522435,67,65,-84,92,13,-75,16,10,6,70.71539201,68.21045863,2.504933376,-84,-75,-9,-0.71,-0.07,-0.64,FALSE
1,5c6cb10950281400017112be,35,female,165,unconfounded,a,0,1.918600000024071,76,48,-37,99,1,-31,29,23,6,48.04858652,55.30521374,-7.256627218,-37,-31,-6,-0.53,0.53,-1.06,FALSE
1,5c6cb10950281400017112be,35,female,166,unconfounded,a,0,2.779899999975896,72,34,-68,95,3,-57,12.66666667,13.66666667,-1,59.11194653,62.51044357,-3.398497045,-68,-57,-11,-0.49,0.25,-0.74,FALSE
1,5c6cb10950281400017112be,35,female,167,unconfounded,a,0,1.856499999999869,73,50,-46,98,7,-31,25.66666667,24.66666667,1,51.53855084,54.12536887,-2.586818037,-46,-31,-15,-0.6,0.45,-1.05,FALSE
1,5c6cb10950281400017112be,35,female,168,confounded,b,1,2.2724999999995816,39,30,-45,49,34,-32,8,17,-9,37.65634077,35.18522417,2.471116596,-45,-32,-13,-0.68,-0.61,-0.07,FALSE
1,5c6cb10950281400017112be,35,female,169,confounded,b,1,3.0458999999764274,65,35,-34,61,27,-22,22,22,0,41.44876355,34.06855833,7.380205222,-34,-22,-12,-0.44,-0.22,-0.22,FALSE
1,5c6cb10950281400017112be,35,female,170,unconfounded,a,0,1.8464999999996508,71,45,-35,95,9,-23,27,27,0,45.10727953,49.82636518,-4.719085645,-35,-23,-12,-0.54,0.49,-1.03,FALSE
1,5c6cb10950281400017112be,35,female,171,unconfounded,a,0,2.097200000047451,71,48,-19,96,7,-6,33.33333333,32.33333333,1,38.17794593,45.33088229,-7.152936355,-19,-6,-13,-0.52,0.66,-1.18,FALSE
1,5c6cb10950281400017112be,35,female,172,unconfounded,a,0,2.554800000071737,67,36,-51,86,5,-42,17.33333333,16.33333333,1,49.94886274,52.8667087,-2.917845962,-51,-42,-9,-0.51,0.31,-0.82,FALSE
1,5c6cb10950281400017112be,35,female,173,confounded,b,1,5.247299999952247,82,65,-29,77,59,-18,39.33333333,39.33333333,0,48.81484292,41.20140235,7.613440566,-29,-18,-11,-0.64,-0.61,-0.03,FALSE
1,5c6cb10950281400017112be,35,female,174,unconfounded,b,1,35.981299999952626,50,26,-17,66,7,-11,19.66666667,20.66666667,-1,27.71682201,32.88701196,-5.17018995,-17,-11,-6,-0.33,0.55,-0.88,FALSE
1,5c6cb10950281400017112be,35,female,175,confounded,b,1,2.214100000023791,77,61,-18,90,60,-3,40,49,-9,41.52910626,38.75564475,2.773461509,-18,-3,-15,-0.63,-0.4,-0.23,FALSE
1,5c6cb10950281400017112be,35,female,176,confounded,a,0,2.413000000000011,82,32,-65,81,1,-60,16.33333333,7.333333333,9,61.02640594,57.73695139,3.289454554,-65,-60,-5,-0.37,0.16,-0.53,FALSE
1,5c6cb10950281400017112be,35,female,177,confounded,b,1,3.7467999999526,93,87,-40,99,80,-30,46.66666667,49.66666667,-3,61.33152171,56.86436103,4.467160681,-40,-30,-10,-0.7,-0.65,-0.05,FALSE
1,5c6cb10950281400017112be,35,female,178,confounded,a,0,8.737500000000182,95,89,-13,98,73,-3,57,56,1,49.55804677,42.94958285,6.608463927,-13,-3,-10,-0.7,-0.53,-0.17,FALSE
1,5c6cb10950281400017112be,35,female,179,confounded,a,0,8.764500000000226,76,47,-60,74,22,-51,21,15,6,58.48646567,51.27052435,7.215941325,-60,-51,-9,-0.58,-0.2,-0.38,FALSE
1,5c6cb10950281400017112be,35,female,180,unconfounded,a,0,2.1047000000476146,63,60,-29,84,5,-22,31.33333333,22.33333333,9,42.67968551,44.97653709,-2.296851579,-29,-22,-7,-0.7,0.52,-1.22,FALSE
1,5c6cb10950281400017112be,35,female,181,confounded,b,1,2.3468999999763582,48,42,-20,63,30,-5,23.33333333,29.33333333,-6,30.73904502,27.7648859,2.974159125,-20,-5,-15,-0.69,-0.04,-0.65,FALSE
1,5c6cb10950281400017112be,35,female,182,confounded,b,1,1.4297999999525928,86,67,-20,98,40,-5,44.33333333,44.33333333,0,46.14710777,42.16106682,3.986040948,-20,-5,-15,-0.62,0.15,-0.77,FALSE
1,5c6cb10950281400017112be,35,female,183,unconfounded,a,0,1.9746999999283616,74,36,-41,90,6,-30,23,22,1,47.84001115,50.27922036,-2.439209212,-41,-30,-11,-0.39,0.45,-0.84,FALSE
1,5c6cb10950281400017112be,35,female,184,unconfounded,b,1,9.403999999999996,58,40,-41,89,8,-31,19,22,-3,43.05810028,49.979996,-6.921895715,-41,-31,-10,-0.62,0.4,-1.02,FALSE
1,5c6cb10950281400017112be,35,female,185,confounded,b,1,11.027299999952447,82,74,-71,84,63,-59,28.33333333,29.33333333,-1,70.31516353,63.04671989,7.26844364,-71,-59,-12,-0.7,-0.65,-0.05,FALSE
1,5c6cb10950281400017112be,35,female,186,confounded,a,0,4.480299999952422,91,75,-12,94,55,-4,51.33333333,48.33333333,3,45.25728916,40.28509512,4.97219404,-12,-4,-8,-0.64,-0.24,-0.4,FALSE
1,5c6cb10950281400017112be,35,female,188,confounded,b,1,1.4972999999522472,66,64,-14,70,50,-1,38.66666667,39.66666667,-1,37.24990679,29.89239963,7.357507157,-14,-1,-13,-0.71,-0.48,-0.23,FALSE
1,5c6cb10950281400017112be,35,female,189,confounded,a,0,5.196899999976267,59,54,-8,62,28,-3,35,29,6,30.47403266,26.54555832,3.928474339,-8,-3,-5,-0.69,0.06,-0.75,FALSE
1,5c6cb10950281400017112be,35,female,190,confounded,b,1,4.897300000071482,78,64,-50,80,54,-42,30.66666667,30.66666667,0,57.32558087,52.46797965,4.857601218,-50,-42,-8,-0.68,-0.58,-0.1,FALSE
1,5c6cb10950281400017112be,35,female,191,unconfounded,a,0,2.330999999999676,92,54,-10,99,11,-1,45.33333333,36.33333333,9,42.08985098,44.58200933,-2.492158346,-10,-1,-9,-0.3,0.67,-0.97,FALSE
1,5c6cb10950281400017112be,35,female,192,unconfounded,a,0,2.6746999999281797,61,49,-22,81,3,-14,29.33333333,23.33333333,6,36.62725154,41.36289266,-4.735641114,-22,-14,-8,-0.65,0.62,-1.27,FALSE
1,5c6cb10950281400017112be,35,female,193,confounded,b,1,8.55189999997583,98,40,-65,99,32,-55,24.33333333,25.33333333,-1,67.46027638,63.04671989,4.413556487,-65,-55,-10,-0.34,-0.16,-0.18,FALSE
1,5c6cb10950281400017112be,35,female,195,confounded,b,1,1.606000000000222,45,24,-31,48,17,-18,12.66666667,15.66666667,-3,32.0451071,26.96087701,5.084230092,-31,-18,-13,-0.49,-0.07,-0.42,FALSE
1,5c6cb10950281400017112be,35,female,196,confounded,a,0,3.829099999904429,82,63,-26,93,35,-12,39.66666667,38.66666667,1,47.07676945,42.94440851,4.132360945,-26,-12,-14,-0.62,0.13,-0.75,FALSE
1,5c6cb10950281400017112be,35,female,197,confounded,a,0,4.764399999975922,69,40,-29,65,14,-17,26.66666667,20.66666667,6,41.10420362,33.80663972,7.297563908,-29,-17,-12,-0.45,0.29,-0.74,FALSE
1,5c6cb10950281400017112be,35,female,198,confounded,b,1,33.69849999999997,62,49,-44,69,55,-30,22.33333333,31.33333333,-9,47.20404879,43.74420597,3.459842825,-44,-30,-14,-0.67,-0.65,-0.02,FALSE
1,5c6cb10950281400017112be,35,female,199,unconfounded,a,0,3.063600000023598,72,70,-17,94,24,-11,41.66666667,35.66666667,6,41.49163236,43.65266951,-2.161037156,-17,-11,-6,-0.71,0.38,-1.09,FALSE
1,5c6cb10950281400017112be,35,female,200,confounded,b,1,6.113900000095327,49,11,-37,57,15,-22,7.666666667,16.66666667,-9,35.18838192,32.27313985,2.915242074,-37,-22,-15,-0.14,0.08,-0.22,FALSE
1,5c6cb10950281400017112be,35,female,201,unconfounded,a,0,5.113899999976184,56,39,-78,85,2,-70,5.666666667,5.666666667,0,59.56695579,63.33157892,-3.764623132,-78,-70,-8,-0.66,0.09,-0.75,FALSE
1,5c6cb10950281400017112be,35,female,202,confounded,a,0,12.914300000071307,80,61,-49,77,57,-42,30.66666667,30.66666667,0,56.86436103,52.02777036,4.836590669,-49,-42,-7,-0.65,-0.63,-0.02,FALSE
1,5c6cb10950281400017112be,35,female,204,unconfounded,a,0,4.813799999952153,89,46,-17,99,10,-9,39.33333333,33.33333333,6,43.53032149,47.07676945,-3.546447966,-17,-9,-8,-0.23,0.62,-0.85,FALSE
1,5c6cb10950281400017112be,35,female,205,confounded,b,1,40.7146999999286,84,73,-51,95,70,-41,35.33333333,41.33333333,-6,61.21183618,59.10630724,2.105528943,-51,-41,-10,-0.69,-0.61,-0.08,FALSE
1,5c6cb10950281400017112be,35,female,206,confounded,b,1,3.114100000023882,65,54,-20,73,59,-6,33,42,-9,37.74475681,34.41898701,3.325769802,-20,-6,-14,-0.66,-0.62,-0.04,FALSE
1,5c6cb10950281400017112be,35,female,207,confounded,a,0,4.916900000095211,99,38,-35,87,15,-27,34,25,9,54.77834122,47.07440918,7.703932035,-35,-27,-8,-0.11,0.31,-0.42,FALSE
1,5c6cb10950281400017112be,35,female,208,confounded,b,1,11.94710000002351,57,40,-94,70,21,-79,1,4,-3,67.53270812,62.00537611,5.527332014,-94,-79,-15,-0.67,-0.39,-0.28,FALSE
1,5c6cb10950281400017112be,35,female,209,confounded,b,1,4.577299999952629,85,31,-13,81,32,-1,34.33333333,37.33333333,-3,40.07770231,33.68811198,6.389590326,-13,-1,-12,0.12,0.23,-0.11,FALSE
1,5c6cb10950281400017112be,35,female,210,unconfounded,a,0,3.18100000000004,61,53,-28,85,3,-20,28.66666667,22.66666667,6,40.20226638,45.0653846,-4.863118215,-28,-20,-8,-0.69,0.57,-1.26,FALSE
1,5c6cb10950281400017112be,35,female,211,unconfounded,a,0,2.6971000000239655,52,34,-65,75,3,-57,7,7,0,51.4392846,53.96295025,-2.523665654,-65,-57,-8,-0.64,0.11,-0.75,FALSE
1,5c6cb10950281400017112be,35,female,212,confounded,a,0,7.647200000048088,66,52,-14,71,33,-3,34.66666667,33.66666667,1,34.88393454,30.21405118,4.669883356,-14,-3,-11,-0.62,0.03,-0.65,FALSE
1,5c6cb10950281400017112be,35,female,213,confounded,b,1,2.647299999952338,57,56,-92,65,49,-84,7,10,-3,70.00476174,66.78822251,3.216539228,-92,-84,-8,-0.71,-0.68,-0.03,FALSE
1,5c6cb10950281400017112be,35,female,214,unconfounded,a,0,8.63000000000011,49,33,-54,78,3,-44,9.333333333,12.33333333,-3,45.25728916,50.24163833,-4.98434917,-54,-44,-10,-0.64,0.27,-0.91,FALSE
1,5c6cb10950281400017112be,35,female,215,confounded,a,0,5.16329999995196,67,60,-20,68,46,-10,35.66666667,34.66666667,1,39.46587837,32.83629428,6.629584088,-20,-10,-10,-0.69,-0.48,-0.21,FALSE
1,5c6cb10950281400017112be,35,female,216,unconfounded,a,0,4.897700000047735,52,25,-28,65,9,-22,16.33333333,17.33333333,-1,33.22983933,36.00308629,-2.773246953,-28,-22,-6,-0.37,0.33,-0.7,FALSE
1,5c6cb10950281400017112be,35,female,217,unconfounded,a,0,2.3240999999043197,77,49,-72,97,6,-67,18,12,6,64.65807503,67.08700818,-2.42893315,-72,-67,-5,-0.61,0.13,-0.74,FALSE
1,5c6cb10950281400017112be,35,female,218,confounded,a,0,3.2563000000718603,60,58,-24,72,31,-12,31.33333333,30.33333333,1,39.13509366,34.29609631,4.838997345,-24,-12,-12,-0.71,-0.03,-0.68,FALSE
1,5c6cb10950281400017112be,35,female,219,confounded,b,1,3.3052000000479893,67,51,-70,80,45,-59,16,22,-6,61.16098975,59.03106527,2.129924478,-70,-59,-11,-0.67,-0.53,-0.14,FALSE
2,5cfd0ec4a6723500162fb445,42,female,0,confounded,b,1,18.04770000000113,62,49,-44,69,55,-30,22.33333333,31.33333333,-9,47.20404879,43.74420597,3.459842825,-44,-30,-14,-0.67,-0.65,-0.02,FALSE
2,5cfd0ec4a6723500162fb445,42,female,1,unconfounded,b,1,11.80800000000002,60,34,-88,93,15,-75,2,11,-9,64.51873113,68.64400921,-4.125278077,-88,-75,-13,-0.62,-0.09,-0.53,FALSE
2,5cfd0ec4a6723500162fb445,42,female,2,confounded,a,0,16.65950000000001,81,75,-12,85,53,-3,48,45,3,42.49705872,36.36848453,6.128574196,-12,-3,-9,-0.7,-0.32,-0.38,FALSE
2,5cfd0ec4a6723500162fb445,42,female,3,confounded,a,0,7.695099999999627,84,56,-46,86,24,-34,31.33333333,25.33333333,6,55.86491644,48.9988662,6.86605024,-46,-34,-12,-0.58,0.04,-0.62,FALSE
2,5cfd0ec4a6723500162fb445,42,female,4,confounded,b,1,21.392499999999984,65,54,-20,73,59,-6,33,42,-9,37.74475681,34.41898701,3.325769802,-20,-6,-14,-0.66,-0.62,-0.04,FALSE
2,5cfd0ec4a6723500162fb445,42,female,5,unconfounded,b,1,10.861500000000037,78,19,-16,89,2,-7,27,28,-1,38.79003308,43.28972164,-4.49968856,-16,-7,-9,0.3,0.68,-0.38,FALSE
2,5cfd0ec4a6723500162fb445,42,female,6,confounded,a,0,11.93119999999925,94,59,-24,99,39,-12,43,42,1,49.48400415,45.36518489,4.118819261,-24,-12,-12,-0.45,0.1,-0.55,FALSE
2,5cfd0ec4a6723500162fb445,42,female,7,unconfounded,b,1,15.627699999999264,57,33,-78,87,14,-71,4,10,-6,58.80476171,64.56521251,-5.7604508,-78,-71,-7,-0.62,-0.09,-0.53,FALSE
2,5cfd0ec4a6723500162fb445,42,female,8,confounded,b,1,15.077499999999986,81,74,-67,96,32,-58,29.33333333,23.33333333,6,68.17787194,63.16820579,5.009666154,-67,-58,-9,-0.7,-0.2,-0.5,FALSE
2,5cfd0ec4a6723500162fb445,42,female,9,confounded,b,1,11.078099999999663,30,4,-19,23,3,-8,5,6,-1,20.01665973,12.83225104,7.184408691,-19,-8,-11,0.07,0.34,-0.27,FALSE
2,5cfd0ec4a6723500162fb445,42,female,10,confounded,b,1,10.628600000001484,32,12,-39,37,19,-24,1.666666667,10.66666667,-9,29.89239963,25.59079696,4.301602672,-39,-24,-15,-0.48,-0.45,-0.03,FALSE
2,5cfd0ec4a6723500162fb445,42,female,11,confounded,a,0,24.276699999999263,87,67,-40,97,42,-25,38,38,0,55.75541827,49.88653793,5.868880342,-40,-25,-15,-0.64,-0.12,-0.52,FALSE
2,5cfd0ec4a6723500162fb445,42,female,12,unconfounded,a,0,18.361600000001488,64,57,-33,97,1,-19,29.33333333,26.33333333,3,44.16886787,50.63156679,-6.46269892,-33,-19,-14,-0.69,0.63,-1.32,FALSE
2,5cfd0ec4a6723500162fb445,42,female,13,unconfounded,a,0,15.461300000000731,76,64,-21,97,15,-11,39.66666667,33.66666667,6,43.17663977,46.02414825,-2.847508476,-21,-11,-10,-0.67,0.54,-1.21,FALSE
2,5cfd0ec4a6723500162fb445,42,female,14,unconfounded,b,1,19.54469999999924,55,19,-13,73,1,-4,20.33333333,23.33333333,-3,27.77688887,35.17890782,-7.402018947,-13,-4,-9,0.07,0.7,-0.63,FALSE
2,5cfd0ec4a6723500162fb445,42,female,15,unconfounded,b,1,32.50849999999997,74,30,-33,93,7,-20,23.66666667,26.66666667,-3,43.91152721,48.18252334,-4.270996128,-33,-20,-13,-0.21,0.54,-0.75,FALSE
2,5cfd0ec4a6723500162fb445,42,female,16,confounded,b,1,11.994600000001526,45,24,-31,48,17,-18,12.66666667,15.66666667,-3,32.0451071,26.96087701,5.084230092,-31,-18,-13,-0.49,-0.07,-0.42,FALSE
2,5cfd0ec4a6723500162fb445,42,female,17,confounded,b,1,18.827699999999258,83,79,-38,99,58,-24,41.33333333,44.33333333,-3,56.12090124,51.13598429,4.98491695,-38,-24,-14,-0.7,-0.38,-0.32,FALSE
2,5cfd0ec4a6723500162fb445,42,female,18,confounded,a,0,6.245999999999981,60,35,-17,52,7,-8,26,17,9,32.07283378,25.49509757,6.577736212,-17,-8,-9,-0.4,0.53,-0.93,FALSE
2,5cfd0ec4a6723500162fb445,42,female,19,unconfounded,b,1,19.894000000000005,61,43,-79,96,2,-73,8.333333333,8.333333333,0,62.18967403,69.13915115,-6.949477127,-79,-73,-6,-0.66,0.14,-0.8,FALSE
2,5cfd0ec4a6723500162fb445,42,female,20,unconfounded,a,0,13.512099999999576,82,38,-49,98,3,-39,23.66666667,20.66666667,3,54.43242498,57.308134,-2.87570902,-49,-39,-10,-0.38,0.43,-0.81,FALSE
2,5cfd0ec4a6723500162fb445,42,female,21,confounded,b,1,12.394499999999994,93,87,-40,99,80,-30,46.66666667,49.66666667,-3,61.33152171,56.86436103,4.467160681,-40,-30,-10,-0.7,-0.65,-0.05,FALSE
2,5cfd0ec4a6723500162fb445,42,female,22,unconfounded,a,0,18.677600000001576,86,44,-23,97,16,-15,35.66666667,32.66666667,3,44.88751373,47.21816976,-2.33065603,-23,-15,-8,-0.27,0.49,-0.76,FALSE
2,5cfd0ec4a6723500162fb445,42,female,23,unconfounded,b,1,12.694499999999948,58,28,-19,71,11,-12,22.33333333,23.33333333,-1,31.68946548,34.98888712,-3.299421648,-19,-12,-7,-0.26,0.48,-0.74,FALSE
2,5cfd0ec4a6723500162fb445,42,female,25,unconfounded,b,1,8.595299999998929,66,40,-29,84,13,-23,25.66666667,24.66666667,1,40.08601862,44.45472103,-4.368702413,-29,-23,-6,-0.49,0.38,-0.87,FALSE
2,5cfd0ec4a6723500162fb445,42,female,26,confounded,b,1,7.178799999998887,75,56,-40,78,43,-30,30.33333333,30.33333333,0,50.33443707,44.99135719,5.343079879,-40,-30,-10,-0.63,-0.4,-0.23,FALSE
2,5cfd0ec4a6723500162fb445,42,female,27,unconfounded,a,0,9.695599999999672,83,22,-20,90,5,-13,28.33333333,27.33333333,1,42.28737663,44.91720779,-2.629831159,-20,-13,-7,0.22,0.62,-0.4,FALSE
2,5cfd0ec4a6723500162fb445,42,female,28,unconfounded,a,0,10.495200000001091,79,56,-16,99,19,-8,39.66666667,36.66666667,3,40.46672158,45.4337124,-4.966990816,-16,-8,-8,-0.54,0.52,-1.06,FALSE
2,5cfd0ec4a6723500162fb445,42,female,29,confounded,a,0,10.861499999999978,83,50,-11,85,29,-1,40.66666667,37.66666667,3,38.93869826,35.64017708,3.298521182,-11,-1,-10,-0.35,0.35,-0.7,FALSE
2,5cfd0ec4a6723500162fb445,42,female,30,unconfounded,a,0,27.85990000000038,58,49,-41,85,1,-29,22,19,3,44.69899328,48.24935233,-3.55035905,-41,-29,-12,-0.69,0.51,-1.2,FALSE
2,5cfd0ec4a6723500162fb445,42,female,31,unconfounded,b,1,24.076400000000376,39,29,-22,58,1,-13,15.33333333,15.33333333,0,26.71246068,30.70649587,-3.994035195,-22,-13,-9,-0.63,0.6,-1.23,FALSE
2,5cfd0ec4a6723500162fb445,42,female,32,unconfounded,b,1,14.811200000001122,67,30,-64,98,12,-50,11,20,-9,55.14224031,60.68497892,-5.542738609,-64,-50,-14,-0.48,0.2,-0.68,FALSE
2,5cfd0ec4a6723500162fb445,42,female,33,unconfounded,a,0,13.078400000000329,56,53,-14,73,2,-7,31.66666667,22.66666667,9,32.31442746,35.78019316,-3.465765693,-14,-7,-7,-0.7,0.67,-1.37,FALSE
2,5cfd0ec4a6723500162fb445,42,female,34,confounded,b,1,12.99459999999965,78,64,-50,80,54,-42,30.66666667,30.66666667,0,57.32558087,52.46797965,4.857601218,-50,-42,-8,-0.68,-0.58,-0.1,FALSE
2,5cfd0ec4a6723500162fb445,42,female,35,unconfounded,a,0,16.493400000000292,71,45,-35,95,9,-23,27,27,0,45.10727953,49.82636518,-4.719085645,-35,-23,-12,-0.54,0.49,-1.03,FALSE
2,5cfd0ec4a6723500162fb445,42,female,36,unconfounded,a,0,7.5956999999991694,83,40,-8,91,7,-1,38.33333333,32.33333333,6,37.16928242,41.61196409,-4.442681672,-8,-1,-7,-0.07,0.69,-0.76,FALSE
2,5cfd0ec4a6723500162fb445,42,female,37,unconfounded,a,0,11.728900000000408,77,67,-13,98,10,-4,43.66666667,34.66666667,9,40.27681991,45.14667454,-4.86985463,-13,-4,-9,-0.67,0.66,-1.33,FALSE
2,5cfd0ec4a6723500162fb445,42,female,38,confounded,a,0,15.761699999999225,90,19,-42,81,3,-35,22.33333333,16.33333333,6,53.94029621,48.2861839,5.654112314,-42,-35,-7,0.09,0.39,-0.3,FALSE
2,5cfd0ec4a6723500162fb445,42,female,39,confounded,a,0,16.677999999999997,91,73,-19,96,36,-14,48.33333333,39.33333333,9,48.17560471,44.96912521,3.206479496,-19,-14,-5,-0.63,0.11,-0.74,FALSE
2,5cfd0ec4a6723500162fb445,42,female,40,unconfounded,b,1,10.328800000000795,74,33,-32,94,35,-27,25,34,-9,43.64248694,49.40310382,-5.760616872,-32,-27,-5,-0.27,-0.03,-0.24,FALSE
2,5cfd0ec4a6723500162fb445,42,female,41,unconfounded,a,0,10.062300000000732,50,26,-17,66,7,-11,19.66666667,20.66666667,-1,27.71682201,32.88701196,-5.17018995,-17,-11,-6,-0.33,0.55,-0.88,FALSE
2,5cfd0ec4a6723500162fb445,42,female,42,unconfounded,a,0,14.128500000000033,85,48,-45,99,2,-40,29.33333333,20.33333333,9,54.68901982,58.20843772,-3.519417903,-45,-40,-5,-0.47,0.44,-0.91,FALSE
2,5cfd0ec4a6723500162fb445,42,female,43,confounded,a,0,19.79359999999963,82,63,-26,93,35,-12,39.66666667,38.66666667,1,47.07676945,42.94440851,4.132360945,-26,-12,-14,-0.62,0.13,-0.75,FALSE
2,5cfd0ec4a6723500162fb445,42,female,44,confounded,b,1,25.526400000000308,95,41,-73,89,40,-63,21,22,-1,70.0285656,63.34561284,6.682952755,-73,-63,-10,-0.41,-0.4,-0.01,FALSE
2,5cfd0ec4a6723500162fb445,42,female,45,confounded,b,1,25.27719999999931,84,73,-51,95,70,-41,35.33333333,41.33333333,-6,61.21183618,59.10630724,2.105528943,-51,-41,-10,-0.69,-0.61,-0.08,FALSE
2,5cfd0ec4a6723500162fb445,42,female,46,unconfounded,b,1,10.178799999998889,63,47,-21,91,15,-14,29.66666667,30.66666667,-1,36.41733409,44.27439692,-7.857062825,-21,-14,-7,-0.61,0.49,-1.1,FALSE
2,5cfd0ec4a6723500162fb445,42,female,47,unconfounded,a,0,14.89440000000036,80,55,-43,97,5,-37,30.66666667,21.66666667,9,53.08065142,55.96030339,-2.879651967,-43,-37,-6,-0.59,0.42,-1.01,FALSE
2,5cfd0ec4a6723500162fb445,42,female,48,unconfounded,b,1,13.39519999999925,49,31,-74,83,4,-63,2,8,-6,54.24020649,59.67132198,-5.431115489,-74,-63,-11,-0.65,0.1,-0.75,FALSE
2,5cfd0ec4a6723500162fb445,42,female,49,unconfounded,b,1,12.128599999999553,44,17,-42,71,6,-31,6.333333333,15.33333333,-9,35.91038228,42.16106682,-6.250684541,-42,-31,-11,-0.42,0.32,-0.74,FALSE
2,5cfd0ec4a6723500162fb445,42,female,50,confounded,a,0,23.877300000000787,91,75,-12,94,55,-4,51.33333333,48.33333333,3,45.25728916,40.28509512,4.97219404,-12,-4,-8,-0.64,-0.24,-0.4,FALSE
2,5cfd0ec4a6723500162fb445,42,female,51,confounded,a,0,16.161299999998846,97,65,-14,96,44,-1,49.33333333,46.33333333,3,46.64999702,39.63444069,7.015556332,-14,-1,-13,-0.47,0.09,-0.56,FALSE
2,5cfd0ec4a6723500162fb445,42,female,52,confounded,b,1,16.01150000000007,61,33,-71,68,40,-58,7.666666667,16.66666667,-9,56.78810517,54.02057221,2.767532958,-71,-58,-13,-0.58,-0.57,-0.01,FALSE
2,5cfd0ec4a6723500162fb445,42,female,53,unconfounded,b,1,14.711400000000369,72,35,-48,99,28,-41,19.66666667,28.66666667,-9,50.17524844,57.15670467,-6.981456236,-48,-41,-7,-0.43,0.02,-0.45,FALSE
2,5cfd0ec4a6723500162fb445,42,female,54,confounded,a,0,17.361099999999624,60,58,-24,72,31,-12,31.33333333,30.33333333,1,39.13509366,34.29609631,4.838997345,-24,-12,-12,-0.71,-0.03,-0.68,FALSE
2,5cfd0ec4a6723500162fb445,42,female,55,unconfounded,b,1,6.228800000000547,57,55,-50,97,16,-42,20.66666667,23.66666667,-3,49.97554958,57.00487309,-7.029323509,-50,-42,-8,-0.71,0.2,-0.91,FALSE
2,5cfd0ec4a6723500162fb445,42,female,56,unconfounded,b,1,9.694900000000416,65,10,-62,90,1,-51,4.333333333,13.33333333,-9,52.00213671,58.21988969,-6.217752982,-62,-51,-11,-0.16,0.31,-0.47,FALSE
2,5cfd0ec4a6723500162fb445,42,female,57,confounded,b,1,6.880400000000236,88,81,-45,99,73,-30,41.33333333,47.33333333,-6,61.11373732,55.70358058,5.410156742,-45,-30,-15,-0.7,-0.59,-0.11,FALSE
2,5cfd0ec4a6723500162fb445,42,female,58,unconfounded,a,0,7.896300000000792,81,51,-42,96,4,-37,30,21,9,52.36410985,55.61174936,-3.247639512,-42,-37,-5,-0.54,0.43,-0.97,FALSE
2,5cfd0ec4a6723500162fb445,42,female,59,unconfounded,b,1,7.729499999999916,52,48,-39,83,15,-28,20.33333333,23.33333333,-3,41.9867704,45.69707017,-3.710299768,-39,-28,-11,-0.7,0.27,-0.97,FALSE
2,5cfd0ec4a6723500162fb445,42,female,61,confounded,b,1,8.979400000000396,87,69,-31,91,47,-16,41.66666667,40.66666667,1,51.90589776,43.91152721,7.994370546,-31,-16,-15,-0.64,-0.21,-0.43,FALSE
2,5cfd0ec4a6723500162fb445,42,female,62,confounded,b,1,8.329100000001517,98,40,-65,99,32,-55,24.33333333,25.33333333,-1,67.46027638,63.04671989,4.413556487,-65,-55,-10,-0.34,-0.16,-0.18,FALSE
2,5cfd0ec4a6723500162fb445,42,female,63,unconfounded,a,0,34.241799999998875,60,51,-79,94,11,-73,10.66666667,10.66666667,0,63.51027913,68.17787194,-4.667592807,-79,-73,-6,-0.7,-0.01,-0.69,FALSE
2,5cfd0ec4a6723500162fb445,42,female,64,unconfounded,a,0,10.662300000000869,70,41,-47,93,2,-40,21.33333333,18.33333333,3,49.74825513,55.51176052,-5.763505382,-47,-40,-7,-0.53,0.42,-0.95,FALSE
2,5cfd0ec4a6723500162fb445,42,female,65,unconfounded,a,0,28.277199999999084,57,37,-65,85,1,-54,9.666666667,10.66666667,-1,53.42492136,57.15670467,-3.731783312,-65,-54,-11,-0.63,0.25,-0.88,FALSE
2,5cfd0ec4a6723500162fb445,42,female,66,confounded,a,0,18.861699999999473,82,64,-15,78,50,-6,43.66666667,40.66666667,3,42.1294302,34.92213561,7.207294589,-15,-6,-9,-0.61,-0.38,-0.23,FALSE
2,5cfd0ec4a6723500162fb445,42,female,67,confounded,b,1,6.244100000001481,52,14,-16,53,17,-2,16.66666667,22.66666667,-6,27.82484901,22.80838053,5.01646848,-16,-2,-14,0.14,0.36,-0.22,FALSE
2,5cfd0ec4a6723500162fb445,42,female,68,unconfounded,b,1,19.14529999999877,66,36,-14,80,11,-6,29.33333333,28.33333333,1,32.99831646,37.18721405,-4.188897596,-14,-6,-8,-0.29,0.6,-0.89,FALSE
2,5cfd0ec4a6723500162fb445,42,female,69,confounded,a,0,16.844499999999925,95,77,-55,97,48,-46,39,33,6,66.87301399,59.33520596,7.537808026,-55,-46,-9,-0.67,-0.36,-0.31,FALSE
2,5cfd0ec4a6723500162fb445,42,female,70,unconfounded,b,1,24.293300000000727,69,66,-55,96,34,-50,26.66666667,26.66666667,0,57.76004001,59.82938706,-2.069347044,-55,-50,-5,-0.71,-0.18,-0.53,FALSE
2,5cfd0ec4a6723500162fb445,42,female,71,unconfounded,a,0,22.46059999999966,65,46,-24,88,13,-14,29,29,0,38.27096375,43.15089802,-4.879934267,-24,-14,-10,-0.58,0.51,-1.09,FALSE
2,5cfd0ec4a6723500162fb445,42,female,72,confounded,b,1,10.41179999999872,48,42,-20,63,30,-5,23.33333333,29.33333333,-6,30.73904502,27.7648859,2.974159125,-20,-5,-15,-0.69,-0.04,-0.65,FALSE
2,5cfd0ec4a6723500162fb445,42,female,73,confounded,b,1,9.7960000000000491,73,68,-84,83,63,-71,19,25,-6,72.86059749,68.37153404,4.489063453,-84,-71,-13,-0.7,-0.66,-0.04,FALSE
2,5cfd0ec4a6723500162fb445,42,female,74,confounded,a,0,9.629299999998691,99,38,-35,87,15,-27,34,25,9,54.77834122,47.07440918,7.703932035,-35,-27,-8,-0.11,0.31,-0.42,FALSE
2,5cfd0ec4a6723500162fb445,42,female,75,unconfounded,a,0,17.4762999999989,66,61,-25,89,4,-18,34,25,9,41.76920716,46.13747573,-4.368268571,-25,-18,-7,-0.7,0.59,-1.29,FALSE
2,5cfd0ec4a6723500162fb445,42,female,76,unconfounded,a,0,24.01009999999951,73,50,-46,98,7,-31,25.66666667,24.66666667,1,51.53855084,54.12536887,-2.586818037,-46,-31,-15,-0.6,0.45,-1.05,FALSE
2,5cfd0ec4a6723500162fb445,42,female,77,unconfounded,a,0,15.477599999999711,63,43,-58,93,3,-51,16,15,1,52.95910372,59.39696962,-6.437865901,-58,-51,-7,-0.63,0.29,-0.92,FALSE
2,5cfd0ec4a6723500162fb445,42,female,78,unconfounded,a,0,19.72699999999986,52,25,-28,65,9,-22,16.33333333,17.33333333,-1,33.22983933,36.00308629,-2.773246953,-28,-22,-6,-0.37,0.33,-0.7,FALSE
2,5cfd0ec4a6723500162fb445,42,female,79,unconfounded,a,0,18.660599999999704,72,34,-68,95,3,-57,12.66666667,13.66666667,-1,59.11194653,62.51044357,-3.398497045,-68,-57,-11,-0.49,0.25,-0.74,FALSE
2,5cfd0ec4a6723500162fb445,42,female,80,confounded,a,0,43.47409999999945,82,80,-87,96,60,-78,25,26,-1,79.20016835,74.99333304,4.206835313,-87,-78,-9,-0.71,-0.59,-0.12,FALSE
2,5cfd0ec4a6723500162fb445,42,female,81,confounded,b,1,13.711599999999637,60,35,-32,57,29,-20,21,22,-1,38.8415585,31.82242396,7.01913454,-32,-20,-12,-0.49,-0.32,-0.17,FALSE
2,5cfd0ec4a6723500162fb445,42,female,82,unconfounded,b,1,9.711900000000467,61,53,-62,85,48,-54,17.33333333,26.33333333,-9,56.19213073,58.77830288,-2.586172149,-62,-54,-8,-0.7,-0.5,-0.2,FALSE
2,5cfd0ec4a6723500162fb445,42,female,83,unconfounded,b,1,9.361700000001292,72,62,-10,99,53,-1,41.33333333,50.33333333,-9,36.52700675,40.86835233,-4.341345579,-10,-1,-9,-0.67,-0.1,-0.57,FALSE
2,5cfd0ec4a6723500162fb445,42,female,84,confounded,a,0,8.712399999998524,90,67,-17,92,28,-7,46.66666667,37.66666667,9,45.98792112,40.99051381,4.997407312,-17,-7,-10,-0.58,0.34,-0.92,FALSE
2,5cfd0ec4a6723500162fb445,42,female,85,confounded,a,0,36.99140000000034,82,65,-29,77,59,-18,39.33333333,39.33333333,0,48.81484292,41.20140235,7.613440566,-29,-18,-11,-0.64,-0.61,-0.03,FALSE
2,5cfd0ec4a6723500162fb445,42,female,86,confounded,a,0,9.828400000000329,79,76,-68,85,37,-62,29,20,9,68.60029154,61.20457499,7.395716552,-68,-62,-6,-0.71,-0.4,-0.31,FALSE
2,5cfd0ec4a6723500162fb445,42,female,87,unconfounded,a,0,10.212300000000823,63,60,-29,84,5,-22,31.33333333,22.33333333,9,42.67968551,44.97653709,-2.296851579,-29,-22,-7,-0.7,0.52,-1.22,FALSE
2,5cfd0ec4a6723500162fb445,42,female,88,confounded,b,1,39.27490000000034,88,64,-15,89,47,-2,45.66666667,44.66666667,1,44.00252518,37.18721405,6.815311129,-15,-2,-13,-0.55,-0.09,-0.46,FALSE
2,5cfd0ec4a6723500162fb445,42,female,89,confounded,b,1,13.977300000000696,74,69,-25,82,49,-13,39.33333333,39.33333333,0,45.5363103,39.38132665,6.154983646,-25,-13,-12,-0.7,-0.35,-0.35,FALSE
2,5cfd0ec4a6723500162fb445,42,female,90,unconfounded,b,1,16.81169999999929,62,45,-31,84,8,-19,25.33333333,24.33333333,1,40.43375927,43.60682923,-3.173069958,-31,-19,-12,-0.61,0.51,-1.12,FALSE
2,5cfd0ec4a6723500162fb445,42,female,91,unconfounded,a,0,18.22769999999923,63,45,-19,81,8,-9,29.66666667,26.66666667,3,35.18838192,39.04128869,-3.852906764,-19,-9,-10,-0.57,0.61,-1.18,FALSE
2,5cfd0ec4a6723500162fb445,42,female,92,unconfounded,a,0,10.87920000000122,92,49,-7,99,9,-1,44.66666667,35.66666667,9,40.53256578,44.96912521,-4.436559429,-7,-1,-6,-0.16,0.68,-0.84,FALSE
2,5cfd0ec4a6723500162fb445,42,female,93,confounded,a,0,15.728299999998852,99,63,-12,93,52,-4,50,47,3,46.23851209,39.75759885,6.480913232,-12,-4,-8,-0.4,-0.19,-0.21,FALSE
2,5cfd0ec4a6723500162fb445,42,female,94,confounded,b,1,9.145999999999958,74,51,-26,76,46,-14,33,36,-3,42.76291228,37.41657387,5.346338412,-26,-14,-12,-0.56,-0.38,-0.18,FALSE
2,5cfd0ec4a6723500162fb445,42,female,95,unconfounded,a,0,19.22719999999913,47,39,-49,72,3,-41,12.33333333,11.33333333,1,43.49201715,46.50686927,-3.014852118,-49,-41,-8,-0.69,0.26,-0.95,FALSE
2,5cfd0ec4a6723500162fb445,42,female,96,confounded,a,0,13.77789999999868,99,45,-67,98,5,-53,25.66666667,16.66666667,9,69.13432979,62.19503374,6.939296048,-67,-53,-14,-0.4,0.27,-0.67,FALSE
2,5cfd0ec4a6723500162fb445,42,female,97,unconfounded,b,1,9.679399999998624,76,42,-93,97,33,-87,8.333333333,14.33333333,-6,72.9855389,76.26853145,-3.282992543,-93,-87,-6,-0.59,-0.35,-0.24,FALSE
2,5cfd0ec4a6723500162fb445,42,female,98,unconfounded,a,0,11.095199999999297,61,53,-28,85,3,-20,28.66666667,22.66666667,6,40.20226638,45.0653846,-4.863118215,-28,-20,-8,-0.69,0.57,-1.26,FALSE
2,5cfd0ec4a6723500162fb445,42,female,99,confounded,a,0,13.644500000000107,89,83,-40,98,60,-26,44,44,0,59.44745579,51.87163644,7.575819354,-40,-26,-14,-0.7,-0.43,-0.27,FALSE
2,5cfd0ec4a6723500162fb445,42,female,100,confounded,a,0,18.527599999999666,82,57,-23,90,38,-9,38.66666667,39.66666667,-1,44.78342948,40.43375927,4.349670203,-23,-9,-14,-0.55,0.06,-0.61,FALSE
2,5cfd0ec4a6723500162fb445,42,female,101,confounded,b,1,29.69359999999961,93,88,-12,97,64,-1,56.33333333,53.33333333,3,48.36206043,40.71308826,7.64897217,-12,-1,-11,-0.7,-0.38,-0.32,FALSE
2,5cfd0ec4a6723500162fb445,42,female,102,unconfounded,b,1,26.74350000000004,70,16,-49,84,3,-41,12.33333333,15.33333333,-3,48.65068231,51.77086268,-3.12018037,-49,-41,-8,-0.11,0.34,-0.45,FALSE
2,5cfd0ec4a6723500162fb445,42,female,103,confounded,a,0,13.327299999998786,76,47,-60,74,22,-51,21,15,6,58.48646567,51.27052435,7.215941325,-60,-51,-9,-0.58,-0.2,-0.38,FALSE
2,5cfd0ec4a6723500162fb445,42,female,104,unconfounded,a,0,19.91019999999912,62,50,-83,92,15,-75,9.666666667,10.66666667,-1,65.70810875,68.24628602,-2.53817727,-83,-75,-8,-0.69,-0.09,-0.6,FALSE
2,5cfd0ec4a6723500162fb445,42,female,105,unconfounded,b,1,21.9266999999993,64,23,-82,89,11,-77,1.666666667,7.666666667,-6,61.48351179,67.81019261,-6.326680822,-82,-77,-5,-0.48,-0.07,-0.41,FALSE
2,5cfd0ec4a6723500162fb445,42,female,106,confounded,b,1,22.727200000001176,76,27,-21,72,4,-12,27.33333333,21.33333333,6,39.60078563,36.41733409,3.183451536,-21,-12,-9,0.01,0.61,-0.6,FALSE
2,5cfd0ec4a6723500162fb445,42,female,107,unconfounded,b,1,35.04290000000037,74,36,-41,90,6,-30,23,22,1,47.84001115,50.27922036,-2.439209212,-41,-30,-11,-0.39,0.45,-0.84,FALSE
2,5cfd0ec4a6723500162fb445,42,female,108,confounded,a,0,46.84030000000075,84,54,-18,91,30,-4,40,39,1,42.80186912,39.3022476,3.499621515,-18,-4,-14,-0.46,0.33,-0.79,FALSE
2,5cfd0ec4a6723500162fb445,42,female,109,unconfounded,a,0,14.911499999999704,84,46,-12,97,13,-1,39.33333333,36.33333333,3,39.47432358,43.27688631,-3.802562731,-12,-1,-11,-0.25,0.65,-0.9,FALSE
2,5cfd0ec4a6723500162fb445,42,female,110,confounded,a,0,17.230000000000018,69,40,-29,65,14,-17,26.66666667,20.66666667,6,41.10420362,33.80663972,7.297563908,-29,-17,-12,-0.45,0.29,-0.74,FALSE
2,5cfd0ec4a6723500162fb445,42,female,111,unconfounded,a,0,25.476400000000467,65,38,-26,81,20,-21,25.66666667,26.66666667,-1,38.16047985,41.90730512,-3.74682527,-26,-21,-5,-0.45,0.23,-0.68,FALSE
2,5cfd0ec4a6723500162fb445,42,female,112,unconfounded,b,1,16.27869999999939,69,32,-47,87,24,-39,18,24,-6,48.38043682,51.4392846,-3.058847781,-47,-39,-8,-0.41,0,-0.41,FALSE
2,5cfd0ec4a6723500162fb445,42,female,113,unconfounded,b,1,23.426500000000033,80,31,-38,94,5,-26,24.33333333,24.33333333,0,48.40339749,50.86146762,-2.458070131,-38,-26,-12,-0.2,0.52,-0.72,FALSE
2,5cfd0ec4a6723500162fb445,42,female,114,unconfounded,a,0,9.911300000000663,72,70,-34,99,2,-20,36,27,9,49.50420858,51.69784006,-2.193631483,-34,-20,-14,-0.71,0.61,-1.32,FALSE
2,5cfd0ec4a6723500162fb445,42,female,115,unconfounded,a,0,22.06060000000116,79,53,-16,96,9,-7,38.66666667,32.66666667,6,40.08601862,45.25728916,-5.17127054,-16,-7,-9,-0.49,0.64,-1.13,FALSE
2,5cfd0ec4a6723500162fb445,42,female,116,confounded,b,1,18.21140000000059,78,18,-86,77,22,-71,3.333333333,9.333333333,-6,67.75117875,61.08100268,6.670176067,-86,-71,-15,-0.31,-0.3,-0.01,FALSE
2,5cfd0ec4a6723500162fb445,42,female,117,confounded,b,1,10.74559999999974,81,40,-65,84,42,-52,18.66666667,24.66666667,-6,61.48351179,56.85849883,4.625012964,-65,-52,-13,-0.48,-0.43,-0.05,FALSE
2,5cfd0ec4a6723500162fb445,42,female,118,unconfounded,a,0,35.309499999999844,52,41,-26,71,1,-14,22.33333333,19.33333333,3,34.47059939,37.04351795,-2.572918563,-26,-14,-12,-0.65,0.62,-1.27,FALSE
2,5cfd0ec4a6723500162fb445,42,female,119,unconfounded,b,1,29.99449999999979,55,22,-21,66,6,-16,18.66666667,18.66666667,0,31.11626941,34.65384378,-3.537574369,-21,-16,-5,-0.16,0.5,-0.66,FALSE
2,5cfd0ec4a6723500162fb445,42,female,120,unconfounded,b,1,38.22559999999976,74,35,-30,97,8,-17,26.33333333,29.33333333,-3,42.89781139,48.92397731,-6.026165915,-30,-17,-13,-0.29,0.57,-0.86,FALSE
2,5cfd0ec4a6723500162fb445,42,female,121,confounded,b,1,9.178800000000592,57,56,-92,65,49,-84,7,10,-3,70.00476174,66.78822251,3.216539228,-92,-84,-8,-0.71,-0.68,-0.03,FALSE
2,5cfd0ec4a6723500162fb445,42,female,122,unconfounded,b,1,15.779300000001058,61,50,-88,94,11,-82,7.666666667,7.666666667,0,67.79544396,71.8903486,-4.094904639,-88,-82,-6,-0.69,-0.07,-0.62,FALSE
2,5cfd0ec4a6723500162fb445,42,female,123,confounded,a,0,21.443499999999855,67,60,-20,68,46,-10,35.66666667,34.66666667,1,39.46587837,32.83629428,6.629584088,-20,-10,-10,-0.69,-0.48,-0.21,FALSE
2,5cfd0ec4a6723500162fb445,42,female,124,unconfounded,b,1,26.89319999999907,70,55,-15,99,30,-1,36.66666667,42.66666667,-6,37.04351795,41.7957999,-4.752281944,-15,-1,-14,-0.62,0.43,-1.05,FALSE
2,5cfd0ec4a6723500162fb445,42,female,125,confounded,a,0,8.811999999999898,86,80,-10,84,66,-3,52,49,3,43.9089968,37.49666652,6.412330282,-10,-3,-7,-0.7,-0.59,-0.11,FALSE
2,5cfd0ec4a6723500162fb445,42,female,126,unconfounded,b,1,16.994699999999284,72,70,-17,94,24,-11,41.66666667,35.66666667,6,41.49163236,43.65266951,-2.161037156,-17,-11,-6,-0.71,0.38,-1.09,FALSE
2,5cfd0ec4a6723500162fb445,42,female,127,confounded,b,1,30.725400000000263,79,75,-24,86,58,-11,43.33333333,44.33333333,-1,47.6398526,40.76218291,6.877669688,-24,-11,-13,-0.7,-0.47,-0.23,FALSE
2,5cfd0ec4a6723500162fb445,42,female,128,confounded,a,0,11.611099999999624,91,40,-37,81,27,-32,31.33333333,25.33333333,6,52.61389761,46.14710777,6.466789845,-37,-32,-5,-0.24,-0.05,-0.19,FALSE
2,5cfd0ec4a6723500162fb445,42,female,129,confounded,b,1,13.194300000000569,95,75,-28,96,64,-15,47.33333333,48.33333333,-1,53.89083616,46.64999702,7.240839139,-28,-15,-13,-0.63,-0.47,-0.16,FALSE
2,5cfd0ec4a6723500162fb445,42,female,130,confounded,b,1,34.15809999999965,39,30,-45,49,34,-32,8,17,-9,37.65634077,35.18522417,2.471116596,-45,-32,-13,-0.68,-0.61,-0.07,FALSE
2,5cfd0ec4a6723500162fb445,42,female,131,confounded,a,0,10.960899999998674,80,43,-41,81,8,-34,27.33333333,18.33333333,9,50.62498285,47.5137407,3.111242151,-41,-34,-7,-0.43,0.32,-0.75,FALSE
2,5cfd0ec4a6723500162fb445,42,female,132,unconfounded,a,0,27.39319999999907,58,40,-41,89,8,-31,19,22,-3,43.05810028,49.979996,-6.921895715,-41,-31,-10,-0.62,0.4,-1.02,FALSE
2,5cfd0ec4a6723500162fb445,42,female,133,confounded,b,1,34.09219999999914,80,73,-34,85,63,-29,39.66666667,39.66666667,0,52.16853032,49.37835783,2.790172486,-34,-29,-5,-0.7,-0.6,-0.1,FALSE
2,5cfd0ec4a6723500162fb445,42,female,134,unconfounded,b,1,12.678299999998671,45,38,-33,83,15,-21,16.66666667,25.66666667,-9,35.23571421,43.12256434,-7.886850138,-33,-21,-12,-0.69,0.36,-1.05,FALSE
2,5cfd0ec4a6723500162fb445,42,female,135,confounded,a,0,19.69380000000092,59,54,-8,62,28,-3,35,29,6,30.47403266,26.54555832,3.928474339,-8,-3,-5,-0.69,0.06,-0.75,FALSE
2,5cfd0ec4a6723500162fb445,42,female,136,confounded,b,1,35.20760000000155,69,48,-67,68,45,-60,16.66666667,17.66666667,-1,59.77922344,55.7155474,4.063676043,-67,-60,-7,-0.64,-0.62,-0.02,FALSE
2,5cfd0ec4a6723500162fb445,42,female,137,confounded,b,1,16.57900000000018,67,51,-70,80,45,-59,16,22,-6,61.16098975,59.03106527,2.129924478,-70,-59,-11,-0.67,-0.53,-0.14,FALSE
2,5cfd0ec4a6723500162fb445,42,female,138,unconfounded,b,1,14.377699999999097,75,26,-42,94,6,-32,19.66666667,22.66666667,-3,47.97453028,52.77204647,-4.797516193,-42,-32,-10,-0.2,0.44,-0.64,FALSE
2,5cfd0ec4a6723500162fb445,42,female,139,confounded,b,1,12.510999999999967,82,78,-17,89,62,-11,47.66666667,46.66666667,1,45.75538827,42.24005471,3.515333554,-17,-11,-6,-0.7,-0.5,-0.2,FALSE
2,5cfd0ec4a6723500162fb445,42,female,140,unconfounded,a,0,18.21069999999918,61,49,-22,81,3,-14,29.33333333,23.33333333,6,36.62725154,41.36289266,-4.735641114,-22,-14,-8,-0.65,0.62,-1.27,FALSE
2,5cfd0ec4a6723500162fb445,42,female,141,confounded,a,0,9.778999999999996,55,43,-60,58,7,-54,12.66666667,3.666666667,9,51.61610429,45.78451946,5.831584831,-60,-54,-6,-0.68,-0.11,-0.57,FALSE
2,5cfd0ec4a6723500162fb445,42,female,142,unconfounded,a,0,16.911099999999806,74,46,-44,87,1,-39,25.33333333,16.33333333,9,50.34105901,52.56953068,-2.228471667,-44,-39,-5,-0.55,0.41,-0.96,FALSE
2,5cfd0ec4a6723500162fb445,42,female,143,unconfounded,b,1,16.578699999999117,48,36,-33,76,20,-27,17,23,-6,35.6931366,42.10304819,-6.409911592,-33,-27,-6,-0.65,0.11,-0.76,FALSE
2,5cfd0ec4a6723500162fb445,42,female,144,confounded,b,1,19.54449999999997,58,36,-89,59,29,-74,1.666666667,4.666666667,-3,64.73707507,56.95807425,7.779000822,-89,-74,-15,-0.65,-0.56,-0.09,FALSE
2,5cfd0ec4a6723500162fb445,42,female,145,confounded,a,0,25.70969999999943,66,52,-14,71,33,-3,34.66666667,33.66666667,1,34.88393454,30.21405118,4.669883356,-14,-3,-11,-0.62,0.03,-0.65,FALSE
2,5cfd0ec4a6723500162fb445,42,female,146,confounded,a,0,15.57859999999937,86,67,-20,98,40,-5,44.33333333,44.33333333,0,46.14710777,42.16106682,3.986040948,-20,-5,-15,-0.62,0.15,-0.77,FALSE
2,5cfd0ec4a6723500162fb445,42,female,147,unconfounded,a,0,19.34400000000005,80,45,-79,99,3,-74,15.33333333,9.333333333,6,68.2169741,70.76879413,-2.551820026,-79,-74,-5,-0.57,0.13,-0.7,FALSE
2,5cfd0ec4a6723500162fb445,42,female,148,unconfounded,b,1,33.4420999999993,63,32,-59,96,5,-47,12,18,-6,51.77515492,59.09878735,-7.323632437,-59,-47,-12,-0.52,0.32,-0.84,FALSE
2,5cfd0ec4a6723500162fb445,42,female,149,unconfounded,b,1,13.545200000001389,52,47,-90,84,32,-80,3,12,-9,65.79260343,68.43001291,-2.637409474,-90,-80,-10,-0.7,-0.41,-0.29,FALSE
2,5cfd0ec4a6723500162fb445,42,female,150,unconfounded,b,1,20.243699999999535,57,52,-69,95,11,-63,13.33333333,14.33333333,-1,58.25423208,64.54627969,-6.29204761,-69,-63,-6,-0.7,0.08,-0.78,FALSE
2,5cfd0ec4a6723500162fb445,42,female,151,confounded,b,1,20.294099999999617,85,77,-20,97,78,-6,47.33333333,56.33333333,-9,47.72374205,44.75364665,2.970095399,-20,-6,-14,-0.69,-0.61,-0.08,FALSE
2,5cfd0ec4a6723500162fb445,42,female,152,confounded,b,1,33.32600000000002,67,34,-59,77,37,-45,14,23,-9,53.34791467,50.78057371,2.56734096,-59,-45,-14,-0.51,-0.39,-0.12,FALSE
2,5cfd0ec4a6723500162fb445,42,female,153,confounded,a,0,16.411299999998846,80,61,-49,77,57,-42,30.66666667,30.66666667,0,56.86436103,52.02777036,4.836590669,-49,-42,-7,-0.65,-0.63,-0.02,FALSE
2,5cfd0ec4a6723500162fb445,42,female,154,confounded,b,1,25.110400000000027,66,64,-14,70,50,-1,38.66666667,39.66666667,-1,37.24990679,29.89239963,7.357507157,-14,-1,-13,-0.71,-0.48,-0.23,FALSE
2,5cfd0ec4a6723500162fb445,42,female,155,unconfounded,a,0,13.028400000000149,83,61,-20,99,4,-6,41.33333333,32.33333333,9,44.28945197,47.31689856,-3.027446588,-20,-6,-14,-0.58,0.68,-1.26,FALSE
2,5cfd0ec4a6723500162fb445,42,female,156,confounded,a,0,8.696000000000367,96,61,-17,93,41,-3,46.66666667,43.66666667,3,47.23228651,39.23717059,7.995115924,-17,-3,-14,-0.43,0.1,-0.53,FALSE
2,5cfd0ec4a6723500162fb445,42,female,157,confounded,a,0,12.061299999998935,53,43,-8,49,31,-1,29.33333333,26.33333333,3,26.71246068,20.67741656,6.035044121,-8,-1,-7,-0.63,-0.33,-0.3,FALSE
2,5cfd0ec4a6723500162fb445,42,female,158,unconfounded,b,1,17.07759999999962,55,52,-40,92,13,-29,22.33333333,25.33333333,-3,44.09333535,50.16195991,-6.068624563,-40,-29,-11,-0.7,0.35,-1.05,FALSE
2,5cfd0ec4a6723500162fb445,42,female,159,unconfounded,a,0,39.22499999999991,71,48,-19,96,7,-6,33.33333333,32.33333333,1,38.17794593,45.33088229,-7.152936355,-19,-6,-13,-0.52,0.66,-1.18,FALSE
2,5cfd0ec4a6723500162fb445,42,female,160,unconfounded,a,0,22.926700000000892,76,54,-46,97,16,-38,28,25,3,53.09111665,55.47972603,-2.388609381,-46,-38,-8,-0.62,0.24,-0.86,FALSE
2,5cfd0ec4a6723500162fb445,42,female,161,unconfounded,a,0,20.11200000000008,52,34,-65,75,3,-57,7,7,0,51.4392846,53.96295025,-2.523665654,-65,-57,-8,-0.64,0.11,-0.75,FALSE
2,5cfd0ec4a6723500162fb445,42,female,162,confounded,b,1,33.50849999999991,37,36,-64,47,22,-51,3,6,-3,47.37791328,41.57723736,5.800675917,-64,-51,-13,-0.71,-0.52,-0.19,FALSE
2,5cfd0ec4a6723500162fb445,42,female,163,confounded,a,0,43.24110000000155,67,16,-14,66,5,-2,23,23,0,33.43650699,30.53959179,2.896915205,-14,-2,-12,0.3,0.68,-0.38,FALSE
2,5cfd0ec4a6723500162fb445,42,female,164,confounded,b,1,14.344099999999798,77,61,-18,90,60,-3,40,49,-9,41.52910626,38.75564475,2.773461509,-18,-3,-15,-0.63,-0.4,-0.23,FALSE
2,5cfd0ec4a6723500162fb445,42,female,165,unconfounded,b,1,23.8765999999996,65,27,-35,83,18,-26,19,25,-6,41.21488404,44.77350407,-3.558620027,-35,-26,-9,-0.28,0.23,-0.51,FALSE
2,5cfd0ec4a6723500162fb445,42,female,166,confounded,b,1,9.662700000001225,96,51,-91,99,54,-79,18.66666667,24.66666667,-6,79.69246444,75.57042337,4.122041069,-91,-79,-12,-0.54,-0.52,-0.02,FALSE
2,5cfd0ec4a6723500162fb445,42,female,167,confounded,b,1,15.861900000000333,60,45,-95,64,47,-83,3.333333333,9.333333333,-6,69.8013053,65.65735975,4.143945558,-95,-83,-12,-0.68,-0.67,-0.01,FALSE
2,5cfd0ec4a6723500162fb445,42,female,168,confounded,a,0,19.61050000000023,81,48,-42,79,15,-34,29,20,9,51.98076567,46.26733909,5.713426581,-42,-34,-8,-0.5,0.16,-0.66,FALSE
2,5cfd0ec4a6723500162fb445,42,female,169,confounded,b,1,14.69530000000077,49,11,-37,57,15,-22,7.666666667,16.66666667,-9,35.18838192,32.27313985,2.915242074,-37,-22,-15,-0.14,0.08,-0.22,FALSE
2,5cfd0ec4a6723500162fb445,42,female,170,unconfounded,b,1,13.995699999999031,71,42,-92,95,21,-86,7,10,-3,70.99765254,74.30118886,-3.303536321,-92,-86,-6,-0.62,-0.22,-0.4,FALSE
2,5cfd0ec4a6723500162fb445,42,female,171,unconfounded,a,0,49.00649999999996,76,48,-37,99,1,-31,29,23,6,48.04858652,55.30521374,-7.256627218,-37,-31,-6,-0.53,0.53,-1.06,FALSE
2,5cfd0ec4a6723500162fb445,42,female,172,confounded,b,1,21.043599999999515,88,55,-57,98,39,-42,28.66666667,31.66666667,-3,62.05553069,57.38950736,4.666023323,-57,-42,-15,-0.56,-0.19,-0.37,FALSE
2,5cfd0ec4a6723500162fb445,42,female,173,confounded,a,0,61.97160000000167,65,35,-34,61,27,-22,22,22,0,41.44876355,34.06855833,7.380205222,-34,-22,-12,-0.44,-0.22,-0.22,FALSE
2,5cfd0ec4a6723500162fb445,42,female,175,unconfounded,a,0,16.561400000000503,77,49,-72,97,6,-67,18,12,6,64.65807503,67.08700818,-2.42893315,-72,-67,-5,-0.61,0.13,-0.74,FALSE
2,5cfd0ec4a6723500162fb445,42,female,176,confounded,b,1,16.19460000000163,57,40,-94,70,21,-79,1,4,-3,67.53270812,62.00537611,5.527332014,-94,-79,-15,-0.67,-0.39,-0.28,FALSE
2,5cfd0ec4a6723500162fb445,42,female,177,unconfounded,a,0,52.023399999998674,58,54,-47,89,7,-34,21.66666667,20.66666667,1,48.58211834,51.13598429,-2.553865948,-47,-34,-13,-0.7,0.38,-1.08,FALSE
2,5cfd0ec4a6723500162fb445,42,female,178,confounded,a,0,15.128200000001016,89,67,-17,87,61,-12,46.33333333,45.33333333,1,45.67518169,41.90730512,3.76787657,-17,-12,-5,-0.59,-0.51,-0.08,FALSE
2,5cfd0ec4a6723500162fb445,42,female,179,unconfounded,b,1,11.76220000000103,61,18,-37,77,14,-31,14,20,-6,40.10818703,44.29446918,-4.186282153,-37,-31,-6,-0.15,0.2,-0.35,FALSE
2,5cfd0ec4a6723500162fb445,42,female,180,confounded,a,0,47.14040000000023,82,32,-65,81,1,-60,16.33333333,7.333333333,9,61.02640594,57.73695139,3.289454554,-65,-60,-5,-0.37,0.16,-0.53,FALSE
2,5cfd0ec4a6723500162fb445,42,female,181,unconfounded,a,0,17.045300000001134,64,49,-69,94,7,-60,14.66666667,13.66666667,1,59.4773533,63.04671989,-3.56936659,-69,-60,-9,-0.67,0.16,-0.83,FALSE
2,5cfd0ec4a6723500162fb445,42,female,182,confounded,b,1,14.494299999998477,57,2,-48,64,9,-35,3.666666667,12.66666667,-9,42.88226777,40.49965706,2.382610705,-48,-35,-13,0.06,0.14,-0.08,FALSE
2,5cfd0ec4a6723500162fb445,42,female,183,unconfounded,b,1,36.192099999999755,60,27,-47,80,4,-41,13.33333333,14.33333333,-1,44.73874781,49.93551397,-5.196766162,-47,-41,-6,-0.43,0.3,-0.73,FALSE
2,5cfd0ec4a6723500162fb445,42,female,184,confounded,a,0,15.294800000001032,95,89,-13,98,73,-3,57,56,1,49.55804677,42.94958285,6.608463927,-13,-3,-10,-0.7,-0.53,-0.17,FALSE
2,5cfd0ec4a6723500162fb445,42,female,185,unconfounded,b,1,26.526700000001256,68,22,-72,90,16,-61,6,15,-9,58.26376804,61.64954717,-3.385779129,-72,-61,-11,-0.39,-0.02,-0.37,FALSE
2,5cfd0ec4a6723500162fb445,42,female,186,confounded,b,1,18.0949999999998,65,30,-84,74,33,-69,3.666666667,12.66666667,-9,63.61516241,60.12394605,3.491216361,-84,-69,-15,-0.55,-0.47,-0.08,FALSE
2,5cfd0ec4a6723500162fb445,42,female,187,unconfounded,a,0,19.52729999999883,64,56,-58,94,9,-50,20.66666667,17.66666667,3,55.72152985,59.10630724,-3.384777389,-58,-50,-8,-0.7,0.22,-0.92,FALSE
2,5cfd0ec4a6723500162fb445,42,female,188,confounded,a,0,14.111300000000483,79,45,-35,80,2,-20,29.66666667,20.66666667,9,47.7865625,42.90558109,4.880981407,-35,-20,-15,-0.45,0.57,-1.02,FALSE
2,5cfd0ec4a6723500162fb445,42,female,190,unconfounded,a,0,37.39220000000114,78,35,-19,87,10,-12,31.33333333,28.33333333,3,39.68486977,42.44473531,-2.759865537,-19,-12,-7,-0.14,0.57,-0.71,FALSE
2,5cfd0ec4a6723500162fb445,42,female,191,confounded,b,1,31.5092999999988,65,62,-49,72,57,-42,26,29,-3,53.04714884,50.57667447,2.470474374,-49,-42,-7,-0.71,-0.66,-0.05,FALSE
2,5cfd0ec4a6723500162fb445,42,female,192,unconfounded,a,0,16.52809999999954,89,46,-17,99,10,-9,39.33333333,33.33333333,6,43.53032149,47.07676945,-3.546447966,-17,-9,-8,-0.23,0.62,-0.85,FALSE
2,5cfd0ec4a6723500162fb445,42,female,193,confounded,a,0,33.692800000000716,89,74,-13,90,55,-4,50,47,3,44.96665431,38.79003308,6.176621228,-13,-4,-9,-0.65,-0.3,-0.35,FALSE
2,5cfd0ec4a6723500162fb445,42,female,194,confounded,b,1,38.75869999999941,81,78,-44,94,63,-33,38.33333333,41.33333333,-3,58.2313394,54.06374838,4.167591025,-44,-33,-11,-0.71,-0.54,-0.17,FALSE
2,5cfd0ec4a6723500162fb445,42,female,195,confounded,b,1,18.178599999999278,66,61,-21,85,54,-6,35.33333333,44.33333333,-9,39.88594851,37.77418284,2.111765679,-21,-6,-15,-0.7,-0.37,-0.33,FALSE
2,5cfd0ec4a6723500162fb445,42,female,196,confounded,b,1,26.62580000000071,82,74,-71,84,63,-59,28.33333333,29.33333333,-1,70.31516353,63.04671989,7.26844364,-71,-59,-12,-0.7,-0.65,-0.05,FALSE
2,5cfd0ec4a6723500162fb445,42,female,197,confounded,a,0,26.44340000000011,92,55,-16,86,47,-5,43.66666667,42.66666667,1,44.8131925,37.27674282,7.536449678,-16,-5,-11,-0.36,-0.17,-0.19,FALSE
2,5cfd0ec4a6723500162fb445,42,female,198,unconfounded,b,1,16.211300000000847,68,28,-25,85,2,-13,23.66666667,24.66666667,-1,38.09053542,43.09936839,-5.008832965,-25,-13,-12,-0.17,0.64,-0.81,FALSE
2,5cfd0ec4a6723500162fb445,42,female,199,unconfounded,a,0,6.9124000000001615,92,54,-10,99,11,-1,45.33333333,36.33333333,9,42.08985098,44.58200933,-2.492158346,-10,-1,-9,-0.3,0.67,-0.97,FALSE
2,5cfd0ec4a6723500162fb445,42,female,200,confounded,a,0,10.529300000001058,93,65,-15,92,30,-6,47.66666667,38.66666667,9,45.7626728,40.47495796,5.28771484,-15,-6,-9,-0.51,0.31,-0.82,FALSE
2,5cfd0ec4a6723500162fb445,42,female,201,unconfounded,a,0,31.293099999999868,56,39,-78,85,2,-70,5.666666667,5.666666667,0,59.56695579,63.33157892,-3.764623132,-78,-70,-8,-0.66,0.09,-0.75,FALSE
2,5cfd0ec4a6723500162fb445,42,female,202,confounded,b,1,21.84469999999874,42,40,-31,59,28,-18,17,23,-6,33.950945,31.63331577,2.317629233,-31,-18,-13,-0.71,-0.23,-0.48,FALSE
2,5cfd0ec4a6723500162fb445,42,female,203,unconfounded,b,1,28.476300000001174,51,48,-71,84,26,-64,9.333333333,15.33333333,-6,56.81744646,60.88969991,-4.072253454,-71,-64,-7,-0.71,-0.26,-0.45,FALSE
2,5cfd0ec4a6723500162fb445,42,female,204,unconfounded,a,0,9.328400000000329,82,49,-56,98,10,-51,25,19,6,58.83876273,61.16098975,-2.322227012,-56,-51,-5,-0.54,0.22,-0.76,FALSE
2,5cfd0ec4a6723500162fb445,42,female,205,confounded,a,0,22.277800000000752,84,74,-73,96,33,-62,28.33333333,22.33333333,6,71.76969339,64.9427098,6.826983592,-73,-62,-11,-0.7,-0.24,-0.46,FALSE
2,5cfd0ec4a6723500162fb445,42,female,206,confounded,b,1,6.9296000000003914,85,31,-13,81,32,-1,34.33333333,37.33333333,-3,40.07770231,33.68811198,6.389590326,-13,-1,-12,0.12,0.23,-0.11,FALSE
2,5cfd0ec4a6723500162fb445,42,female,207,unconfounded,b,1,16.428399999999783,67,36,-51,86,5,-42,17.33333333,16.33333333,1,49.94886274,52.8667087,-2.917845962,-51,-42,-9,-0.51,0.31,-0.82,FALSE
2,5cfd0ec4a6723500162fb445,42,female,208,unconfounded,b,1,20.344500000000153,81,32,-83,99,17,-77,10,13,-3,68.73621074,71.90734779,-3.171137055,-83,-77,-6,-0.45,-0.08,-0.37,FALSE
2,5cfd0ec4a6723500162fb445,42,female,209,unconfounded,b,1,15.261599999998907,49,33,-54,78,3,-44,9.333333333,12.33333333,-3,45.25728916,50.24163833,-4.98434917,-54,-44,-10,-0.64,0.27,-0.91,FALSE
2,5cfd0ec4a6723500162fb445,42,female,210,confounded,a,0,14.77849999999944,93,73,-18,97,48,-6,49.33333333,46.33333333,3,48.30688932,42.06608557,6.240803743,-18,-6,-12,-0.62,-0.06,-0.56,FALSE
2,5cfd0ec4a6723500162fb445,42,female,211,confounded,b,1,9.528800000000956,51,45,-68,56,48,-58,9.333333333,15.33333333,-6,54.73775865,51.95724738,2.780511269,-68,-58,-10,-0.7,-0.69,-0.01,FALSE
2,5cfd0ec4a6723500162fb445,42,female,212,confounded,a,0,9.645199999999932,67,65,-84,92,13,-75,16,10,6,70.71539201,68.21045863,2.504933376,-84,-75,-9,-0.71,-0.07,-0.64,FALSE
2,5cfd0ec4a6723500162fb445,42,female,213,unconfounded,b,1,37.29249999999956,67,35,-44,90,1,-33,19.33333333,19.33333333,0,46.64999702,51.86092513,-5.210928109,-44,-33,-11,-0.47,0.49,-0.96,FALSE
2,5cfd0ec4a6723500162fb445,42,female,214,confounded,b,1,22.094199999999542,81,8,-35,75,6,-24,18,19,-1,47.88179891,41.44876355,6.433035356,-35,-24,-11,0.3,0.44,-0.14,FALSE
2,5cfd0ec4a6723500162fb445,42,female,215,confounded,a,0,8.229199999999764,80,54,-23,85,21,-13,37,31,6,43.73404471,40.62839729,3.105647416,-23,-13,-10,-0.52,0.35,-0.87,FALSE
2,5cfd0ec4a6723500162fb445,42,female,216,unconfounded,a,0,10.012299999998504,70,60,-28,92,11,-19,34,28,6,44.0302926,46.88283268,-2.852540076,-28,-19,-9,-0.68,0.5,-1.18,FALSE
2,5cfd0ec4a6723500162fb445,42,female,217,unconfounded,b,1,14.460800000000743,58,37,-21,83,16,-7,24.66666667,30.66666667,-6,33.40991204,38.17794593,-4.768033896,-21,-7,-14,-0.5,0.52,-1.02,FALSE
2,5cfd0ec4a6723500162fb445,42,female,218,unconfounded,b,1,35.39220000000114,50,24,-56,83,8,-46,6,15,-9,45.10727953,52.89612462,-7.788845091,-56,-46,-10,-0.54,0.2,-0.74,FALSE
2,5cfd0ec4a6723500162fb445,42,female,219,confounded,a,0,32.426000000000386,79,27,-34,70,26,-24,24,24,0,46.18080409,38.40138886,7.779415229,-34,-24,-10,-0.1,-0.08,-0.02,FALSE
3,5e469f9ef0d398000b1f13f2,55,male,0,confounded,b,1,9.341699999999264,66,64,-14,70,50,-1,38.66666667,39.66666667,-1,37.24990679,29.89239963,7.357507157,-14,-1,-13,-0.71,-0.48,-0.23,FALSE
3,5e469f9ef0d398000b1f13f2,55,male,1,unconfounded,b,1,7.990100000001504,44,17,-42,71,6,-31,6.333333333,15.33333333,-9,35.91038228,42.16106682,-6.250684541,-42,-31,-11,-0.42,0.32,-0.74,FALSE
3,5e469f9ef0d398000b1f13f2,55,male,2,confounded,b,1,4.753399999998521,75,56,-40,78,43,-30,30.33333333,30.33333333,0,50.33443707,44.99135719,5.343079879,-40,-30,-10,-0.63,-0.4,-0.23,FALSE
3,5e469f9ef0d398000b1f13f2,55,male,3,confounded,a,0,5.538800000000748,90,19,-42,81,3,-35,22.33333333,16.33333333,6,53.94029621,48.2861839,5.654112314,-42,-35,-7,0.09,0.39,-0.3,FALSE
3,5e469f9ef0d398000b1f13f2,55,male,4,unconfounded,b,1,5.304500000000019,55,22,-21,66,6,-16,18.66666667,18.66666667,0,31.11626941,34.65384378,-3.537574369,-21,-16,-5,-0.16,0.5,-0.66,FALSE
3,5e469f9ef0d398000b1f13f2,55,male,5,unconfounded,a,0,6.112699999999251,56,39,-78,85,2,-70,5.666666667,5.666666667,0,59.56695579,63.33157892,-3.764623132,-78,-70,-8,-0.66,0.09,-0.75,FALSE
3,5e469f9ef0d398000b1f13f2,55,male,6,confounded,b,1,6.822299999998876,67,60,-20,68,46,-10,35.66666667,34.66666667,1,39.46587837,32.83629428,6.629584088,-20,-10,-10,-0.69,-0.48,-0.21,FALSE
3,5e469f9ef0d398000b1f13f2,55,male,7,unconfounded,a,0,4.120999999999981,77,49,-72,97,6,-67,18,12,6,64.65807503,67.08700818,-2.42893315,-72,-67,-5,-0.61,0.13,-0.74,FALSE
3,5e469f9ef0d398000b1f13f2,55,male,8,confounded,b,1,5.237499999999983,78,18,-86,77,22,-71,3.333333333,9.333333333,-6,67.75117875,61.08100268,6.670176067,-86,-71,-15,-0.31,-0.3,-0.01,FALSE
3,5e469f9ef0d398000b1f13f2,55,male,9,confounded,b,1,5.63779999999889,74,51,-26,76,46,-14,33,36,-3,42.76291228,37.41657387,5.346338412,-26,-14,-12,-0.56,-0.38,-0.18,FALSE
3,5e469f9ef0d398000b1f13f2,55,male,10,confounded,a,0,4.289699999999243,91,40,-37,81,27,-32,31.33333333,25.33333333,6,52.61389761,46.14710777,6.466789845,-37,-32,-5,-0.24,-0.05,-0.19,FALSE
3,5e469f9ef0d398000b1f13f2,55,male,11,unconfounded,b,1,4.890199999999254,64,23,-82,89,11,-77,1.666666667,7.666666667,-6,61.48351179,67.81019261,-6.326680822,-82,-77,-5,-0.48,-0.07,-0.41,FALSE
3,5e469f9ef0d398000b1f13f2,55,male,12,confounded,a,0,6.5250999999996395,89,74,-13,90,55,-4,50,47,3,44.96665431,38.79003308,6.176621228,-13,-4,-9,-0.65,-0.3,-0.35,FALSE
3,5e469f9ef0d398000b1f13f2,55,male,13,confounded,a,0,5.155800000000738,82,63,-26,93,35,-12,39.66666667,38.66666667,1,47.07676945,42.94440851,4.132360945,-26,-12,-14,-0.62,0.13,-0.75,FALSE
3,5e469f9ef0d398000b1f13f2,55,male,14,confounded,b,1,7.224500000000006,82,80,-87,96,60,-78,25,26,-1,79.20016835,74.99333304,4.206835313,-87,-78,-9,-0.71,-0.59,-0.12,FALSE
3,5e469f9ef0d398000b1f13f2,55,male,15,confounded,b,1,2.8239000000003784,61,33,-71,68,40,-58,7.666666667,16.66666667,-9,56.78810517,54.02057221,2.767532958,-71,-58,-13,-0.58,-0.57,-0.01,FALSE
3,5e469f9ef0d398000b1f13f2,55,male,17,confounded,a,0,7.562700000001115,95,77,-55,97,48,-46,39,33,6,66.87301399,59.33520596,7.537808026,-55,-46,-9,-0.67,-0.36,-0.31,FALSE
3,5e469f9ef0d398000b1f13f2,55,male,18,unconfounded,b,1,6.8557999999988795,49,33,-54,78,3,-44,9.333333333,12.33333333,-3,45.25728916,50.24163833,-4.98434917,-54,-44,-10,-0.64,0.27,-0.91,FALSE
3,5e469f9ef0d398000b1f13f2,55,male,19,confounded,a,0,5.10559999999964,66,52,-14,71,33,-3,34.66666667,33.66666667,1,34.88393454,30.21405118,4.669883356,-14,-3,-11,-0.62,0.03,-0.65,FALSE
3,5e469f9ef0d398000b1f13f2,55,male,20,unconfounded,b,1,6.191299999998876,60,27,-47,80,4,-41,13.33333333,14.33333333,-1,44.73874781,49.93551397,-5.196766162,-47,-41,-6,-0.43,0.3,-0.73,FALSE
3,5e469f9ef0d398000b1f13f2,55,male,22,confounded,b,1,5.406400000000332,82,57,-23,90,38,-9,38.66666667,39.66666667,-1,44.78342948,40.43375927,4.349670203,-23,-9,-14,-0.55,0.06,-0.61,FALSE
3,5e469f9ef0d398000b1f13f2,55,male,23,unconfounded,b,1,10.72180000000077,52,25,-28,65,9,-22,16.33333333,17.33333333,-1,33.22983933,36.00308629,-2.773246953,-28,-22,-6,-0.37,0.33,-0.7,FALSE
3,5e469f9ef0d398000b1f13f2,55,male,24,unconfounded,a,0,4.723299999998858,92,49,-7,99,9,-1,44.66666667,35.66666667,9,40.53256578,44.96912521,-4.436559429,-7,-1,-6,-0.16,0.68,-0.84,FALSE
3,5e469f9ef0d398000b1f13f2,55,male,25,unconfounded,a,0,4.34129999999891,52,41,-26,71,1,-14,22.33333333,19.33333333,3,34.47059939,37.04351795,-2.572918563,-26,-14,-12,-0.65,0.62,-1.27,FALSE
3,5e469f9ef0d398000b1f13f2,55,male,26,confounded,b,1,5.124400000000378,85,31,-13,81,32,-1,34.33333333,37.33333333,-3,40.07770231,33.68811198,6.389590326,-13,-1,-12,0.12,0.23,-0.11,FALSE
3,5e469f9ef0d398000b1f13f2,55,male,27,confounded,a,0,11.557500000000005,82,65,-29,77,59,-18,39.33333333,39.33333333,0,48.81484292,41.20140235,7.613440566,-29,-18,-11,-0.64,-0.61,-0.03,FALSE
3,5e469f9ef0d398000b1f13f2,55,male,28,confounded,a,0,5.007100000001515,76,47,-60,74,22,-51,21,15,6,58.48646567,51.27052435,7.215941325,-60,-51,-9,-0.58,-0.2,-0.38,FALSE
3,5e469f9ef0d398000b1f13f2,55,male,29,confounded,b,1,4.040400000000375,84,73,-51,95,70,-41,35.33333333,41.33333333,-6,61.21183618,59.10630724,2.105528943,-51,-41,-10,-0.69,-0.61,-0.08,FALSE
3,5e469f9ef0d398000b1f13f2,55,male,30,confounded,a,0,6.056899999998507,67,16,-14,66,5,-2,23,23,0,33.43650699,30.53959179,2.896915205,-14,-2,-12,0.3,0.68,-0.38,FALSE
3,5e469f9ef0d398000b1f13f2,55,male,31,confounded,a,0,13.70780000000076,86,67,-20,98,40,-5,44.33333333,44.33333333,0,46.14710777,42.16106682,3.986040948,-20,-5,-15,-0.62,0.15,-0.77,FALSE
3,5e469f9ef0d398000b1f13f2,55,male,32,confounded,b,1,4.8888999999985,45,24,-31,48,17,-18,12.66666667,15.66666667,-3,32.0451071,26.96087701,5.084230092,-31,-18,-13,-0.49,-0.07,-0.42,FALSE
3,5e469f9ef0d398000b1f13f2,55,male,33,unconfounded,a,0,9.590099999999609,52,34,-65,75,3,-57,7,7,0,51.4392846,53.96295025,-2.523665654,-65,-57,-8,-0.64,0.11,-0.75,FALSE
3,5e469f9ef0d398000b1f13f2,55,male,34,unconfounded,b,1,8.838999999999999,84,46,-12,97,13,-1,39.33333333,36.33333333,3,39.47432358,43.27688631,-3.802562731,-12,-1,-11,-0.25,0.65,-0.9,FALSE
3,5e469f9ef0d398000b1f13f2,55,male,35,unconfounded,a,0,13.473699999999267,71,48,-19,96,7,-6,33.33333333,32.33333333,1,38.17794593,45.33088229,-7.152936355,-19,-6,-13,-0.52,0.66,-1.18,FALSE
3,5e469f9ef0d398000b1f13f2,55,male,36,unconfounded,b,1,5.375900000000399,51,48,-71,84,26,-64,9.333333333,15.33333333,-6,56.81744646,60.88969991,-4.072253454,-71,-64,-7,-0.71,-0.26,-0.45,FALSE
3,5e469f9ef0d398000b1f13f2,55,male,37,unconfounded,b,1,7.756699999999228,57,52,-69,95,11,-63,13.33333333,14.33333333,-1,58.25423208,64.54627969,-6.29204761,-69,-63,-6,-0.7,0.08,-0.78,FALSE
3,5e469f9ef0d398000b1f13f2,55,male,38,unconfounded,a,0,4.7719000000003575,58,49,-41,85,1,-29,22,19,3,44.69899328,48.24935233,-3.55035905,-41,-29,-12,-0.69,0.51,-1.2,FALSE
3,5e469f9ef0d398000b1f13f2,55,male,39,confounded,b,1,3.4405999999996197,66,61,-21,85,54,-6,35.33333333,44.33333333,-9,39.88594851,37.77418284,2.111765679,-21,-6,-15,-0.7,-0.37,-0.33,FALSE
3,5e469f9ef0d398000b1f13f2,55,male,40,unconfounded,a,0,4.122200000001158,85,48,-45,99,2,-40,29.33333333,20.33333333,9,54.68901982,58.20843772,-3.519417903,-45,-40,-5,-0.47,0.44,-0.91,FALSE
3,5e469f9ef0d398000b1f13f2,55,male,41,unconfounded,a,0,4.729199999999253,83,40,-8,91,7,-1,38.33333333,32.33333333,6,37.16928242,41.61196409,-4.442681672,-8,-1,-7,-0.07,0.69,-0.76,FALSE
3,5e469f9ef0d398000b1f13f2,55,male,42,unconfounded,a,0,4.47309999999959,80,55,-43,97,5,-37,30.66666667,21.66666667,9,53.08065142,55.96030339,-2.879651967,-43,-37,-6,-0.59,0.42,-1.01,FALSE
3,5e469f9ef0d398000b1f13f2,55,male,43,confounded,a,0,5.740400000000363,84,74,-73,96,33,-62,28.33333333,22.33333333,6,71.76969339,64.9427098,6.826983592,-73,-62,-11,-0.7,-0.24,-0.46,FALSE
3,5e469f9ef0d398000b1f13f2,55,male,44,unconfounded,b,1,3.707300000000771,60,34,-88,93,15,-75,2,11,-9,64.51873113,68.64400921,-4.125278077,-88,-75,-13,-0.62,-0.09,-0.53,FALSE
3,5e469f9ef0d398000b1f13f2,55,male,45,confounded,a,0,4.574299999998857,93,73,-18,97,48,-6,49.33333333,46.33333333,3,48.30688932,42.06608557,6.240803743,-18,-6,-12,-0.62,-0.06,-0.56,FALSE
3,5e469f9ef0d398000b1f13f2,55,male,46,confounded,b,1,4.341000000000008,57,56,-92,65,49,-84,7,10,-3,70.00476174,66.78822251,3.216539228,-92,-84,-8,-0.71,-0.68,-0.03,FALSE
3,5e469f9ef0d398000b1f13f2,55,male,47,unconfounded,a,0,10.373800000000756,62,45,-31,84,8,-19,25.33333333,24.33333333,1,40.43375927,43.60682923,-3.173069958,-31,-19,-12,-0.61,0.51,-1.12,FALSE
3,5e469f9ef0d398000b1f13f2,55,male,48,confounded,b,1,4.110599999999579,32,12,-39,37,19,-24,1.666666667,10.66666667,-9,29.89239963,25.59079696,4.301602672,-39,-24,-15,-0.48,-0.45,-0.03,FALSE
3,5e469f9ef0d398000b1f13f2,55,male,49,confounded,b,1,7.34269999999924,88,55,-57,98,39,-42,28.66666667,31.66666667,-3,62.05553069,57.38950736,4.666023323,-57,-42,-15,-0.56,-0.19,-0.37,FALSE
3,5e469f9ef0d398000b1f13f2,55,male,51,unconfounded,b,1,7.290100000001473,69,32,-47,87,24,-39,18,24,-6,48.38043682,51.4392846,-3.058847781,-47,-39,-8,-0.41,0,-0.41,FALSE
3,5e469f9ef0d398000b1f13f2,55,male,52,unconfounded,a,0,6.706699999999273,70,41,-47,93,2,-40,21.33333333,18.33333333,3,49.74825513,55.51176052,-5.763505382,-47,-40,-7,-0.53,0.42,-0.95,FALSE
3,5e469f9ef0d398000b1f13f2,55,male,53,unconfounded,a,0,5.823000000000036,56,53,-14,73,2,-7,31.66666667,22.66666667,9,32.31442746,35.78019316,-3.465765693,-14,-7,-7,-0.7,0.67,-1.37,FALSE
3,5e469f9ef0d398000b1f13f2,55,male,54,confounded,b,1,6.074799999998902,87,69,-31,91,47,-16,41.66666667,40.66666667,1,51.90589776,43.91152721,7.994370546,-31,-16,-15,-0.64,-0.21,-0.43,FALSE
3,5e469f9ef0d398000b1f13f2,55,male,55,unconfounded,a,0,6.157699999999295,66,61,-25,89,4,-18,34,25,9,41.76920716,46.13747573,-4.368268571,-25,-18,-7,-0.7,0.59,-1.29,FALSE
3,5e469f9ef0d398000b1f13f2,55,male,56,confounded,b,1,10.35659999999973,30,4,-19,23,3,-8,5,6,-1,20.01665973,12.83225104,7.184408691,-19,-8,-11,0.07,0.34,-0.27,FALSE
3,5e469f9ef0d398000b1f13f2,55,male,57,confounded,b,1,4.257000000000062,78,64,-50,80,54,-42,30.66666667,30.66666667,0,57.32558087,52.46797965,4.857601218,-50,-42,-8,-0.68,-0.58,-0.1,FALSE
3,5e469f9ef0d398000b1f13f2,55,male,58,confounded,b,1,2.257400000000416,91,75,-12,94,55,-4,51.33333333,48.33333333,3,45.25728916,40.28509512,4.97219404,-12,-4,-8,-0.64,-0.24,-0.4,FALSE
3,5e469f9ef0d398000b1f13f2,55,male,59,unconfounded,b,1,3.6084000000003016,63,47,-21,91,15,-14,29.66666667,30.66666667,-1,36.41733409,44.27439692,-7.857062825,-21,-14,-7,-0.61,0.49,-1.1,FALSE
3,5e469f9ef0d398000b1f13f2,55,male,60,unconfounded,b,1,3.690300000000775,74,36,-41,90,6,-30,23,22,1,47.84001115,50.27922036,-2.439209212,-41,-30,-11,-0.39,0.45,-0.84,FALSE
3,5e469f9ef0d398000b1f13f2,55,male,61,unconfounded,b,1,2.1418999999986,63,60,-29,84,5,-22,31.33333333,22.33333333,9,42.67968551,44.97653709,-2.296851579,-29,-22,-7,-0.7,0.52,-1.22,FALSE
3,5e469f9ef0d398000b1f13f2,55,male,62,confounded,a,0,2.988900000000399,80,61,-49,77,57,-42,30.66666667,30.66666667,0,56.86436103,52.02777036,4.836590669,-49,-42,-7,-0.65,-0.63,-0.02,FALSE
3,5e469f9ef0d398000b1f13f2,55,male,63,unconfounded,a,0,3.791300000000774,63,43,-58,93,3,-51,16,15,1,52.95910372,59.39696962,-6.437865901,-58,-51,-7,-0.63,0.29,-0.92,FALSE
3,5e469f9ef0d398000b1f13f2,55,male,64,unconfounded,b,1,4.939499999999953,39,29,-22,58,1,-13,15.33333333,15.33333333,0,26.71246068,30.70649587,-3.994035195,-22,-13,-9,-0.63,0.6,-1.23,FALSE
3,5e469f9ef0d398000b1f13f2,55,male,65,confounded,b,1,2.0919999999999845,53,43,-8,49,31,-1,29.33333333,26.33333333,3,26.71246068,20.67741656,6.035044121,-8,-1,-7,-0.63,-0.33,-0.3,FALSE
3,5e469f9ef0d398000b1f13f2,55,male,66,confounded,b,1,2.241199999999253,60,35,-32,57,29,-20,21,22,-1,38.8415585,31.82242396,7.01913454,-32,-20,-12,-0.49,-0.32,-0.17,FALSE
3,5e469f9ef0d398000b1f13f2,55,male,67,confounded,b,1,2.9929000000003043,51,45,-68,56,48,-58,9.333333333,15.33333333,-6,54.73775865,51.95724738,2.780511269,-68,-58,-10,-0.7,-0.69,-0.01,FALSE
3,5e469f9ef0d398000b1f13f2,55,male,68,confounded,b,1,1.0920999999996184,81,40,-65,84,42,-52,18.66666667,24.66666667,-6,61.48351179,56.85849883,4.625012964,-65,-52,-13,-0.48,-0.43,-0.05,FALSE
3,5e469f9ef0d398000b1f13f2,55,male,69,unconfounded,b,1,4.240499999999997,74,46,-44,87,1,-39,25.33333333,16.33333333,9,50.34105901,52.56953068,-2.228471667,-44,-39,-5,-0.55,0.41,-0.96,FALSE
3,5e469f9ef0d398000b1f13f2,55,male,70,unconfounded,b,1,3.522099999999682,61,50,-88,94,11,-82,7.666666667,7.666666667,0,67.79544396,71.8903486,-4.094904639,-88,-82,-6,-0.69,-0.07,-0.62,FALSE
3,5e469f9ef0d398000b1f13f2,55,male,71,confounded,b,1,1.6731999999992695,85,77,-20,97,78,-6,47.33333333,56.33333333,-9,47.72374205,44.75364665,2.970095399,-20,-6,-14,-0.69,-0.61,-0.08,FALSE
3,5e469f9ef0d398000b1f13f2,55,male,72,unconfounded,b,1,1.3582000000011476,65,10,-62,90,1,-51,4.333333333,13.33333333,-9,52.00213671,58.21988969,-6.217752982,-62,-51,-11,-0.16,0.31,-0.47,FALSE
3,5e469f9ef0d398000b1f13f2,55,male,73,unconfounded,b,1,1.8234000000003336,67,30,-64,98,12,-50,11,20,-9,55.14224031,60.68497892,-5.542738609,-64,-50,-14,-0.48,0.2,-0.68,FALSE
3,5e469f9ef0d398000b1f13f2,55,male,74,confounded,b,1,1.4254999999999427,93,87,-40,99,80,-30,46.66666667,49.66666667,-3,61.33152171,56.86436103,4.467160681,-40,-30,-10,-0.7,-0.65,-0.05,FALSE
3,5e469f9ef0d398000b1f13f2,55,male,75,confounded,b,1,1.1078999999984944,79,76,-68,85,37,-62,29,20,9,68.60029154,61.20457499,7.395716552,-68,-62,-6,-0.71,-0.4,-0.31,FALSE
3,5e469f9ef0d398000b1f13f2,55,male,76,confounded,b,1,0.9758000000007314,94,59,-24,99,39,-12,43,42,1,49.48400415,45.36518489,4.118819261,-24,-12,-12,-0.45,0.1,-0.55,FALSE
3,5e469f9ef0d398000b1f13f2,55,male,77,confounded,b,1,1.2579000000004044,89,83,-40,98,60,-26,44,44,0,59.44745579,51.87163644,7.575819354,-40,-26,-14,-0.7,-0.43,-0.27,FALSE
3,5e469f9ef0d398000b1f13f2,55,male,78,confounded,b,1,1.189800000000787,73,68,-84,83,63,-71,19,25,-6,72.86059749,68.37153404,4.489063453,-84,-71,-13,-0.7,-0.66,-0.04,FALSE
3,5e469f9ef0d398000b1f13f2,55,male,80,unconfounded,b,1,0.990700000001084,70,16,-49,84,3,-41,12.33333333,15.33333333,-3,48.65068231,51.77086268,-3.12018037,-49,-41,-8,-0.11,0.34,-0.45,FALSE
3,5e469f9ef0d398000b1f13f2,55,male,81,confounded,b,1,1.8063000000006468,98,40,-65,99,32,-55,24.33333333,25.33333333,-1,67.46027638,63.04671989,4.413556487,-65,-55,-10,-0.34,-0.16,-0.18,FALSE
3,5e469f9ef0d398000b1f13f2,55,male,82,confounded,b,1,1.0911999999991622,92,55,-16,86,47,-5,43.66666667,42.66666667,1,44.8131925,37.27674282,7.536449678,-16,-5,-11,-0.36,-0.17,-0.19,FALSE
3,5e469f9ef0d398000b1f13f2,55,male,83,unconfounded,b,1,2.4406000000014956,70,60,-28,92,11,-19,34,28,6,44.0302926,46.88283268,-2.852540076,-28,-19,-9,-0.68,0.5,-1.18,FALSE
3,5e469f9ef0d398000b1f13f2,55,male,84,confounded,b,1,1.0744999999999436,60,45,-95,64,47,-83,3.333333333,9.333333333,-6,69.8013053,65.65735975,4.143945558,-95,-83,-12,-0.68,-0.67,-0.01,FALSE
3,5e469f9ef0d398000b1f13f2,55,male,85,unconfounded,b,1,1.5244000000003552,73,50,-46,98,7,-31,25.66666667,24.66666667,1,51.53855084,54.12536887,-2.586818037,-46,-31,-15,-0.6,0.45,-1.05,FALSE
3,5e469f9ef0d398000b1f13f2,55,male,86,unconfounded,b,1,1.123800000000756,63,32,-59,96,5,-47,12,18,-6,51.77515492,59.09878735,-7.323632437,-59,-47,-12,-0.52,0.32,-0.84,FALSE
3,5e469f9ef0d398000b1f13f2,55,male,87,unconfounded,b,1,4.423300000000836,61,43,-79,96,2,-73,8.333333333,8.333333333,0,62.18967403,69.13915115,-6.949477127,-79,-73,-6,-0.66,0.14,-0.8,FALSE
3,5e469f9ef0d398000b1f13f2,55,male,88,confounded,b,1,0.9740000000000464,84,56,-46,86,24,-34,31.33333333,25.33333333,6,55.86491644,48.9988662,6.86605024,-46,-34,-12,-0.58,0.04,-0.62,FALSE
3,5e469f9ef0d398000b1f13f2,55,male,89,confounded,b,1,0.9408000000007632,59,54,-8,62,28,-3,35,29,6,30.47403266,26.54555832,3.928474339,-8,-3,-5,-0.69,0.06,-0.75,FALSE
3,5e469f9ef0d398000b1f13f2,55,male,90,unconfounded,b,1,1.4235999999996238,76,64,-21,97,15,-11,39.66666667,33.66666667,6,43.17663977,46.02414825,-2.847508476,-21,-11,-10,-0.67,0.54,-1.21,FALSE
3,5e469f9ef0d398000b1f13f2,55,male,91,confounded,b,1,1.723599999999692,96,51,-91,99,54,-79,18.66666667,24.66666667,-6,79.69246444,75.57042337,4.122041069,-91,-79,-12,-0.54,-0.52,-0.02,FALSE
3,5e469f9ef0d398000b1f13f2,55,male,92,unconfounded,b,1,0.7929000000003725,58,37,-21,83,16,-7,24.66666667,30.66666667,-6,33.40991204,38.17794593,-4.768033896,-21,-7,-14,-0.5,0.52,-1.02,FALSE
3,5e469f9ef0d398000b1f13f2,55,male,93,confounded,b,1,1.0910000000000082,76,27,-21,72,4,-12,27.33333333,21.33333333,6,39.60078563,36.41733409,3.183451536,-21,-12,-9,0.01,0.61,-0.6,FALSE
3,5e469f9ef0d398000b1f13f2,55,male,94,confounded,b,1,0.8278999999985217,84,54,-18,91,30,-4,40,39,1,42.80186912,39.3022476,3.499621515,-18,-4,-14,-0.46,0.33,-0.79,FALSE
3,5e469f9ef0d398000b1f13f2,55,male,95,unconfounded,b,1,1.1089000000002898,66,40,-29,84,13,-23,25.66666667,24.66666667,1,40.08601862,44.45472103,-4.368702413,-29,-23,-6,-0.49,0.38,-0.87,FALSE
3,5e469f9ef0d398000b1f13f2,55,male,96,confounded,b,1,0.8464999999999918,82,64,-15,78,50,-6,43.66666667,40.66666667,3,42.1294302,34.92213561,7.207294589,-15,-6,-9,-0.61,-0.38,-0.23,FALSE
3,5e469f9ef0d398000b1f13f2,55,male,97,confounded,b,1,0.973200000001043,91,73,-19,96,36,-14,48.33333333,39.33333333,9,48.17560471,44.96912521,3.206479496,-19,-14,-5,-0.63,0.11,-0.74,FALSE
3,5e469f9ef0d398000b1f13f2,55,male,98,unconfounded,b,1,0.9419000000003734,60,51,-79,94,11,-73,10.66666667,10.66666667,0,63.51027913,68.17787194,-4.667592807,-79,-73,-6,-0.7,-0.01,-0.69,FALSE
3,5e469f9ef0d398000b1f13f2,55,male,99,confounded,b,1,1.2744000000003552,57,2,-48,64,9,-35,3.666666667,12.66666667,-9,42.88226777,40.49965706,2.382610705,-48,-35,-13,0.06,0.14,-0.08,FALSE
3,5e469f9ef0d398000b1f13f2,55,male,100,unconfounded,b,1,1.42349999999999,68,22,-72,90,16,-61,6,15,-9,58.26376804,61.64954717,-3.385779129,-72,-61,-11,-0.39,-0.02,-0.37,FALSE
3,5e469f9ef0d398000b1f13f2,55,male,101,unconfounded,b,1,1.2918000000007623,72,70,-17,94,24,-11,41.66666667,35.66666667,6,41.49163236,43.65266951,-2.161037156,-17,-11,-6,-0.71,0.38,-1.09,FALSE
3,5e469f9ef0d398000b1f13f2,55,male,102,unconfounded,b,1,0.9228000000008478,65,38,-26,81,20,-21,25.66666667,26.66666667,-1,38.16047985,41.90730512,-3.74682527,-26,-21,-5,-0.45,0.23,-0.68,FALSE
3,5e469f9ef0d398000b1f13f2,55,male,103,confounded,b,1,1.0575999999996384,60,58,-24,72,31,-12,31.33333333,30.33333333,1,39.13509366,34.29609631,4.838997345,-24,-12,-12,-0.71,-0.03,-0.68,FALSE
3,5e469f9ef0d398000b1f13f2,55,male,104,unconfounded,b,1,1.1097000000012258,58,54,-47,89,7,-34,21.66666667,20.66666667,1,48.58211834,51.13598429,-2.553865948,-47,-34,-13,-0.7,0.38,-1.08,FALSE
3,5e469f9ef0d398000b1f13f2,55,male,105,unconfounded,b,1,1.3734000000004016,72,35,-48,99,28,-41,19.66666667,28.66666667,-9,50.17524844,57.15670467,-6.981456236,-48,-41,-7,-0.43,0.02,-0.45,FALSE
3,5e469f9ef0d398000b1f13f2,55,male,106,unconfounded,b,1,1.0739999999999554,81,51,-42,96,4,-37,30,21,9,52.36410985,55.61174936,-3.247639512,-42,-37,-5,-0.54,0.43,-0.97,FALSE
3,5e469f9ef0d398000b1f13f2,55,male,107,unconfounded,b,1,1.0909000000003743,64,49,-69,94,7,-60,14.66666667,13.66666667,1,59.4773533,63.04671989,-3.56936659,-69,-60,-9,-0.67,0.16,-0.83,FALSE
3,5e469f9ef0d398000b1f13f2,55,male,108,confounded,b,1,0.8220000000000027,52,14,-16,53,17,-2,16.66666667,22.66666667,-6,27.82484901,22.80838053,5.01646848,-16,-2,-14,0.14,0.36,-0.22,FALSE
3,5e469f9ef0d398000b1f13f2,55,male,109,unconfounded,b,1,1.1071999999992386,68,28,-25,85,2,-13,23.66666667,24.66666667,-1,38.09053542,43.09936839,-5.008832965,-25,-13,-12,-0.17,0.64,-0.81,FALSE
3,5e469f9ef0d398000b1f13f2,55,male,110,confounded,b,1,1.0769999999999982,82,74,-71,84,63,-59,28.33333333,29.33333333,-1,70.31516353,63.04671989,7.26844364,-71,-59,-12,-0.7,-0.65,-0.05,FALSE
3,5e469f9ef0d398000b1f13f2,55,male,111,confounded,b,1,0.67349999999999,81,75,-12,85,53,-3,48,45,3,42.49705872,36.36848453,6.128574196,-12,-3,-9,-0.7,-0.32,-0.38,FALSE
3,5e469f9ef0d398000b1f13f2,55,male,112,confounded,b,1,0.9417999999988068,81,8,-35,75,6,-24,18,19,-1,47.88179891,41.44876355,6.433035356,-35,-24,-11,0.3,0.44,-0.14,FALSE
3,5e469f9ef0d398000b1f13f2,55,male,113,unconfounded,b,1,0.807800000000725,71,45,-35,95,9,-23,27,27,0,45.10727953,49.82636518,-4.719085645,-35,-23,-12,-0.54,0.49,-1.03,FALSE
3,5e469f9ef0d398000b1f13f2,55,male,114,confounded,b,1,0.8739000000003898,39,30,-45,49,34,-32,8,17,-9,37.65634077,35.18522417,2.471116596,-45,-32,-13,-0.68,-0.61,-0.07,FALSE
3,5e469f9ef0d398000b1f13f2,55,male,115,unconfounded,b,1,1.0235999999996466,80,45,-79,99,3,-74,15.33333333,9.333333333,6,68.2169741,70.76879413,-2.551820026,-79,-74,-5,-0.57,0.13,-0.7,FALSE
3,5e469f9ef0d398000b1f13f2,55,male,116,unconfounded,b,1,0.9924000000004298,61,18,-37,77,14,-31,14,20,-6,40.10818703,44.29446918,-4.186282153,-37,-31,-6,-0.15,0.2,-0.35,FALSE
3,5e469f9ef0d398000b1f13f2,55,male,117,unconfounded,b,1,0.956700000001092,57,37,-65,85,1,-54,9.666666667,10.66666667,-1,53.42492136,57.15670467,-3.731783312,-65,-54,-11,-0.63,0.25,-0.88,FALSE
3,5e469f9ef0d398000b1f13f2,55,male,118,unconfounded,b,1,0.7893999999985226,58,28,-19,71,11,-12,22.33333333,23.33333333,-1,31.68946548,34.98888712,-3.299421648,-19,-12,-7,-0.26,0.48,-0.74,FALSE
3,5e469f9ef0d398000b1f13f2,55,male,119,confounded,b,1,0.9245999999996002,81,78,-44,94,63,-33,38.33333333,41.33333333,-3,58.2313394,54.06374838,4.167591025,-44,-33,-11,-0.71,-0.54,-0.17,FALSE
3,5e469f9ef0d398000b1f13f2,55,male,120,unconfounded,b,1,0.7571999999992158,92,54,-10,99,11,-1,45.33333333,36.33333333,9,42.08985098,44.58200933,-2.492158346,-10,-1,-9,-0.3,0.67,-0.97,FALSE
3,5e469f9ef0d398000b1f13f2,55,male,121,unconfounded,b,1,0.8681999999992058,63,45,-19,81,8,-9,29.66666667,26.66666667,3,35.18838192,39.04128869,-3.852906764,-19,-9,-10,-0.57,0.61,-1.18,FALSE
3,5e469f9ef0d398000b1f13f2,55,male,122,unconfounded,b,1,0.8249000000004116,78,19,-16,89,2,-7,27,28,-1,38.79003308,43.28972164,-4.49968856,-16,-7,-9,0.3,0.68,-0.38,FALSE
3,5e469f9ef0d398000b1f13f2,55,male,123,confounded,b,1,0.9297000000011622,79,75,-24,86,58,-11,43.33333333,44.33333333,-1,47.6398526,40.76218291,6.877669688,-24,-11,-13,-0.7,-0.47,-0.23,FALSE
3,5e469f9ef0d398000b1f13f2,55,male,124,confounded,b,1,1.1067999999988842,67,34,-59,77,37,-45,14,23,-9,53.34791467,50.78057371,2.56734096,-59,-45,-14,-0.51,-0.39,-0.12,FALSE
3,5e469f9ef0d398000b1f13f2,55,male,125,unconfounded,b,1,2.657599999999661,86,44,-23,97,16,-15,35.66666667,32.66666667,3,44.88751373,47.21816976,-2.33065603,-23,-15,-8,-0.27,0.49,-0.76,FALSE
3,5e469f9ef0d398000b1f13f2,55,male,126,confounded,b,1,1.1416999999992186,82,32,-65,81,1,-60,16.33333333,7.333333333,9,61.02640594,57.73695139,3.289454554,-65,-60,-5,-0.37,0.16,-0.53,FALSE
3,5e469f9ef0d398000b1f13f2,55,male,127,confounded,b,1,0.7621000000015101,93,88,-12,97,64,-1,56.33333333,53.33333333,3,48.36206043,40.71308826,7.64897217,-12,-1,-11,-0.7,-0.38,-0.32,FALSE
3,5e469f9ef0d398000b1f13f2,55,male,128,confounded,b,1,1.190400000000409,99,45,-67,98,5,-53,25.66666667,16.66666667,9,69.13432979,62.19503374,6.939296048,-67,-53,-14,-0.4,0.27,-0.67,FALSE
3,5e469f9ef0d398000b1f13f2,55,male,129,unconfounded,b,1,1.0240999999996347,61,53,-28,85,3,-20,28.66666667,22.66666667,6,40.20226638,45.0653846,-4.863118215,-28,-20,-8,-0.69,0.57,-1.26,FALSE
3,5e469f9ef0d398000b1f13f2,55,male,130,unconfounded,a,0,2.506999999999948,55,52,-40,92,13,-29,22.33333333,25.33333333,-3,44.09333535,50.16195991,-6.068624563,-40,-29,-11,-0.7,0.35,-1.05,FALSE
3,5e469f9ef0d398000b1f13f2,55,male,131,unconfounded,b,1,0.8751999999992677,47,39,-49,72,3,-41,12.33333333,11.33333333,1,43.49201715,46.50686927,-3.014852118,-49,-41,-8,-0.69,0.26,-0.95,FALSE
3,5e469f9ef0d398000b1f13f2,55,male,132,confounded,b,1,0.8555999999996402,95,75,-28,96,64,-15,47.33333333,48.33333333,-1,53.89083616,46.64999702,7.240839139,-28,-15,-13,-0.63,-0.47,-0.16,FALSE
3,5e469f9ef0d398000b1f13f2,55,male,133,confounded,b,1,1.1745999999996002,99,38,-35,87,15,-27,34,25,9,54.77834122,47.07440918,7.703932035,-35,-27,-8,-0.11,0.31,-0.42,FALSE
3,5e469f9ef0d398000b1f13f2,55,male,134,unconfounded,b,1,1.0057999999988851,82,49,-56,98,10,-51,25,19,6,58.83876273,61.16098975,-2.322227012,-56,-51,-5,-0.54,0.22,-0.76,FALSE
3,5e469f9ef0d398000b1f13f2,55,male,135,confounded,b,1,0.7581999999991922,97,65,-14,96,44,-1,49.33333333,46.33333333,3,46.64999702,39.63444069,7.015556332,-14,-1,-13,-0.47,0.09,-0.56,FALSE
3,5e469f9ef0d398000b1f13f2,55,male,136,confounded,b,1,0.8764000000003307,93,65,-15,92,30,-6,47.66666667,38.66666667,9,45.7626728,40.47495796,5.28771484,-15,-6,-9,-0.51,0.31,-0.82,FALSE
3,5e469f9ef0d398000b1f13f2,55,male,137,confounded,b,1,0.9565000000000056,89,67,-17,87,61,-12,46.33333333,45.33333333,1,45.67518169,41.90730512,3.76787657,-17,-12,-5,-0.59,-0.51,-0.08,FALSE
3,5e469f9ef0d398000b1f13f2,55,male,138,unconfounded,b,1,1.140299999998888,62,50,-83,92,15,-75,9.666666667,10.66666667,-1,65.70810875,68.24628602,-2.53817727,-83,-75,-8,-0.69,-0.09,-0.6,FALSE
3,5e469f9ef0d398000b1f13f2,55,male,139,confounded,b,1,0.9899000000003751,80,73,-34,85,63,-29,39.66666667,39.66666667,0,52.16853032,49.37835783,2.790172486,-34,-29,-5,-0.7,-0.6,-0.1,FALSE
3,5e469f9ef0d398000b1f13f2,55,male,140,confounded,b,1,0.7930000000000064,90,67,-17,92,28,-7,46.66666667,37.66666667,9,45.98792112,40.99051381,4.997407312,-17,-7,-10,-0.58,0.34,-0.92,FALSE
3,5e469f9ef0d398000b1f13f2,55,male,141,unconfounded,b,1,0.9564000000003716,83,61,-20,99,4,-6,41.33333333,32.33333333,9,44.28945197,47.31689856,-3.027446588,-20,-6,-14,-0.58,0.68,-1.26,FALSE
3,5e469f9ef0d398000b1f13f2,55,male,142,confounded,b,1,1.1071000000015374,81,48,-42,79,15,-34,29,20,9,51.98076567,46.26733909,5.713426581,-42,-34,-8,-0.5,0.16,-0.66,FALSE
3,5e469f9ef0d398000b1f13f2,55,male,143,confounded,b,1,0.9548999999984744,95,89,-13,98,73,-3,57,56,1,49.55804677,42.94958285,6.608463927,-13,-3,-10,-0.7,-0.53,-0.17,FALSE
3,5e469f9ef0d398000b1f13f2,55,male,144,unconfounded,b,1,0.9241999999992458,77,67,-13,98,10,-4,43.66666667,34.66666667,9,40.27681991,45.14667454,-4.86985463,-13,-4,-9,-0.67,0.66,-1.33,FALSE
3,5e469f9ef0d398000b1f13f2,55,male,145,confounded,b,1,0.956199999999285,65,62,-49,72,57,-42,26,29,-3,53.04714884,50.57667447,2.470474374,-49,-42,-7,-0.71,-0.66,-0.05,FALSE
3,5e469f9ef0d398000b1f13f2,55,male,146,unconfounded,b,1,1.0225999999995563,69,66,-55,96,34,-50,26.66666667,26.66666667,0,57.76004001,59.82938706,-2.069347044,-55,-50,-5,-0.71,-0.18,-0.53,FALSE
3,5e469f9ef0d398000b1f13f2,55,male,147,unconfounded,b,1,1.17349999999999,61,49,-22,81,3,-14,29.33333333,23.33333333,6,36.62725154,41.36289266,-4.735641114,-22,-14,-8,-0.65,0.62,-1.27,FALSE
3,5e469f9ef0d398000b1f13f2,55,male,148,unconfounded,b,1,0.9231999999991558,64,56,-58,94,9,-50,20.66666667,17.66666667,3,55.72152985,59.10630724,-3.384777389,-58,-50,-8,-0.7,0.22,-0.92,FALSE
3,5e469f9ef0d398000b1f13f2,55,male,149,confounded,b,1,1.4741000000014992,80,43,-41,81,8,-34,27.33333333,18.33333333,9,50.62498285,47.5137407,3.111242151,-41,-34,-7,-0.43,0.32,-0.75,FALSE
3,5e469f9ef0d398000b1f13f2,55,male,150,confounded,b,1,0.8568000000007032,79,27,-34,70,26,-24,24,24,0,46.18080409,38.40138886,7.779415229,-34,-24,-10,-0.1,-0.08,-0.02,FALSE
3,5e469f9ef0d398000b1f13f2,55,male,151,unconfounded,b,1,0.9735999999995784,82,38,-49,98,3,-39,23.66666667,20.66666667,3,54.43242498,57.308134,-2.87570902,-49,-39,-10,-0.38,0.43,-0.81,FALSE
3,5e469f9ef0d398000b1f13f2,55,male,152,unconfounded,b,1,1.091099999999642,50,24,-56,83,8,-46,6,15,-9,45.10727953,52.89612462,-7.788845091,-56,-46,-10,-0.54,0.2,-0.74,FALSE
3,5e469f9ef0d398000b1f13f2,55,male,153,unconfounded,b,1,0.8063000000007605,72,62,-10,99,53,-1,41.33333333,50.33333333,-9,36.52700675,40.86835233,-4.341345579,-10,-1,-9,-0.67,-0.1,-0.57,FALSE
3,5e469f9ef0d398000b1f13f2,55,male,154,confounded,b,1,0.9054000000004409,87,67,-40,97,42,-25,38,38,0,55.75541827,49.88653793,5.868880342,-40,-25,-15,-0.64,-0.12,-0.52,FALSE
3,5e469f9ef0d398000b1f13f2,55,male,155,unconfounded,b,1,0.7416000000014265,79,56,-16,99,19,-8,39.66666667,36.66666667,3,40.46672158,45.4337124,-4.966990816,-16,-8,-8,-0.54,0.52,-1.06,FALSE
3,5e469f9ef0d398000b1f13f2,55,male,156,confounded,b,1,0.938799999998878,67,65,-84,92,13,-75,16,10,6,70.71539201,68.21045863,2.504933376,-84,-75,-9,-0.71,-0.07,-0.64,FALSE
3,5e469f9ef0d398000b1f13f2,55,male,157,confounded,b,1,0.9738000000007788,65,30,-84,74,33,-69,3.666666667,12.66666667,-9,63.61516241,60.12394605,3.491216361,-84,-69,-15,-0.55,-0.47,-0.08,FALSE
3,5e469f9ef0d398000b1f13f2,55,male,158,unconfounded,b,1,1.1614000000004123,76,48,-37,99,1,-31,29,23,6,48.04858652,55.30521374,-7.256627218,-37,-31,-6,-0.53,0.53,-1.06,FALSE
3,5e469f9ef0d398000b1f13f2,55,male,159,confounded,b,1,1.252199999999334,55,43,-60,58,7,-54,12.66666667,3.666666667,9,51.61610429,45.78451946,5.831584831,-60,-54,-6,-0.68,-0.11,-0.57,FALSE
3,5e469f9ef0d398000b1f13f2,55,male,160,confounded,b,1,0.924699999999234,95,41,-73,89,40,-63,21,22,-1,70.0285656,63.34561284,6.682952755,-73,-63,-10,-0.41,-0.4,-0.01,FALSE
3,5e469f9ef0d398000b1f13f2,55,male,161,unconfounded,b,1,0.8390999999996893,74,33,-32,94,35,-27,25,34,-9,43.64248694,49.40310382,-5.760616872,-32,-27,-5,-0.27,-0.03,-0.24,FALSE
3,5e469f9ef0d398000b1f13f2,55,male,162,unconfounded,b,1,0.9907999999988988,55,19,-13,73,1,-4,20.33333333,23.33333333,-3,27.77688887,35.17890782,-7.402018947,-13,-4,-9,0.07,0.7,-0.63,FALSE
3,5e469f9ef0d398000b1f13f2,55,male,163,unconfounded,b,1,0.8587999999989506,58,40,-41,89,8,-31,19,22,-3,43.05810028,49.979996,-6.921895715,-41,-31,-10,-0.62,0.4,-1.02,FALSE
3,5e469f9ef0d398000b1f13f2,55,male,164,unconfounded,b,1,1.0731000000015456,52,47,-90,84,32,-80,3,12,-9,65.79260343,68.43001291,-2.637409474,-90,-80,-10,-0.7,-0.41,-0.29,FALSE
3,5e469f9ef0d398000b1f13f2,55,male,165,confounded,b,1,1.2083000000006905,49,11,-37,57,15,-22,7.666666667,16.66666667,-9,35.18838192,32.27313985,2.915242074,-37,-22,-15,-0.14,0.08,-0.22,FALSE
3,5e469f9ef0d398000b1f13f2,55,male,166,unconfounded,b,1,0.924599999999714,65,46,-24,88,13,-14,29,29,0,38.27096375,43.15089802,-4.879934267,-24,-14,-10,-0.58,0.51,-1.09,FALSE
3,5e469f9ef0d398000b1f13f2,55,male,167,confounded,b,1,1.0242000000010876,37,36,-64,47,22,-51,3,6,-3,47.37791328,41.57723736,5.800675917,-64,-51,-13,-0.71,-0.52,-0.19,FALSE
3,5e469f9ef0d398000b1f13f2,55,male,168,unconfounded,b,1,0.8069000000003825,89,46,-17,99,10,-9,39.33333333,33.33333333,6,43.53032149,47.07676945,-3.546447966,-17,-9,-8,-0.23,0.62,-0.85,FALSE
3,5e469f9ef0d398000b1f13f2,55,male,169,confounded,b,1,0.8754000000003543,96,61,-17,93,41,-3,46.66666667,43.66666667,3,47.23228651,39.23717059,7.995115924,-17,-3,-14,-0.43,0.1,-0.53,FALSE
3,5e469f9ef0d398000b1f13f2,55,male,170,unconfounded,b,1,0.9585999999997056,67,35,-44,90,1,-33,19.33333333,19.33333333,0,46.64999702,51.86092513,-5.210928109,-44,-33,-11,-0.47,0.49,-0.96,FALSE
3,5e469f9ef0d398000b1f13f2,55,male,171,confounded,b,1,0.8742000000011103,77,61,-18,90,60,-3,40,49,-9,41.52910626,38.75564475,2.773461509,-18,-3,-15,-0.63,-0.4,-0.23,FALSE
3,5e469f9ef0d398000b1f13f2,55,male,172,unconfounded,b,1,1.0065000000000737,78,35,-19,87,10,-12,31.33333333,28.33333333,3,39.68486977,42.44473531,-2.759865537,-19,-12,-7,-0.14,0.57,-0.71,FALSE
3,5e469f9ef0d398000b1f13f2,55,male,173,unconfounded,b,1,0.9053000000008068,83,22,-20,90,5,-13,28.33333333,27.33333333,1,42.28737663,44.91720779,-2.629831159,-20,-13,-7,0.22,0.62,-0.4,FALSE
3,5e469f9ef0d398000b1f13f2,55,male,174,unconfounded,b,1,1.1397999999988997,76,54,-46,97,16,-38,28,25,3,53.09111665,55.47972603,-2.388609381,-46,-38,-8,-0.62,0.24,-0.86,FALSE
3,5e469f9ef0d398000b1f13f2,55,male,175,confounded,b,1,0.9227999999989152,88,81,-45,99,73,-30,41.33333333,47.33333333,-6,61.11373732,55.70358058,5.410156742,-45,-30,-15,-0.7,-0.59,-0.11,FALSE
3,5e469f9ef0d398000b1f13f2,55,male,176,unconfounded,b,1,1.991800000000694,81,32,-83,99,17,-77,10,13,-3,68.73621074,71.90734779,-3.171137055,-83,-77,-6,-0.45,-0.08,-0.37,FALSE
3,5e469f9ef0d398000b1f13f2,55,male,177,confounded,b,1,1.289800000000696,67,51,-70,80,45,-59,16,22,-6,61.16098975,59.03106527,2.129924478,-70,-59,-11,-0.67,-0.53,-0.14,FALSE
3,5e469f9ef0d398000b1f13f2,55,male,178,unconfounded,b,1,0.8914000000004307,66,36,-14,80,11,-6,29.33333333,28.33333333,1,32.99831646,37.18721405,-4.188897596,-14,-6,-8,-0.29,0.6,-0.89,FALSE
3,5e469f9ef0d398000b1f13f2,55,male,179,confounded,b,1,1.0403000000007978,69,40,-29,65,14,-17,26.66666667,20.66666667,6,41.10420362,33.80663972,7.297563908,-29,-17,-12,-0.45,0.29,-0.74,FALSE
3,5e469f9ef0d398000b1f13f2,55,male,180,confounded,b,1,1.156400000000417,58,36,-89,59,29,-74,1.666666667,4.666666667,-3,64.73707507,56.95807425,7.779000822,-89,-74,-15,-0.65,-0.56,-0.09,FALSE
3,5e469f9ef0d398000b1f13f2,55,male,181,unconfounded,b,1,0.991299999998887,80,31,-38,94,5,-26,24.33333333,24.33333333,0,48.40339749,50.86146762,-2.458070131,-38,-26,-12,-0.2,0.52,-0.72,FALSE
3,5e469f9ef0d398000b1f13f2,55,male,182,unconfounded,b,1,0.9745999999996684,45,38,-33,83,15,-21,16.66666667,25.66666667,-9,35.23571421,43.12256434,-7.886850138,-33,-21,-12,-0.69,0.36,-1.05,FALSE
3,5e469f9ef0d398000b1f13f2,55,male,183,unconfounded,b,1,0.8905999999997221,72,70,-34,99,2,-20,36,27,9,49.50420858,51.69784006,-2.193631483,-34,-20,-14,-0.71,0.61,-1.32,FALSE
3,5e469f9ef0d398000b1f13f2,55,male,184,unconfounded,b,1,1.341100000001461,52,48,-39,83,15,-28,20.33333333,23.33333333,-3,41.9867704,45.69707017,-3.710299768,-39,-28,-11,-0.7,0.27,-0.97,FALSE
3,5e469f9ef0d398000b1f13f2,55,male,185,confounded,b,1,1.4716000000015583,81,74,-67,96,32,-58,29.33333333,23.33333333,6,68.17787194,63.16820579,5.009666154,-67,-58,-9,-0.7,-0.2,-0.5,FALSE
3,5e469f9ef0d398000b1f13f2,55,male,186,unconfounded,b,1,0.9216999999991912,64,57,-33,97,1,-19,29.33333333,26.33333333,3,44.16886787,50.63156679,-6.46269892,-33,-19,-14,-0.69,0.63,-1.32,FALSE
3,5e469f9ef0d398000b1f13f2,55,male,187,unconfounded,b,1,1.590700000001107,67,36,-51,86,5,-42,17.33333333,16.33333333,1,49.94886274,52.8667087,-2.917845962,-51,-42,-9,-0.51,0.31,-0.82,FALSE
3,5e469f9ef0d398000b1f13f2,55,male,188,unconfounded,b,1,0.9075000000000272,70,55,-15,99,30,-1,36.66666667,42.66666667,-6,37.04351795,41.7957999,-4.752281944,-15,-1,-14,-0.62,0.43,-1.05,FALSE
3,5e469f9ef0d398000b1f13f2,55,male,189,unconfounded,b,1,4.458200000001057,61,53,-62,85,48,-54,17.33333333,26.33333333,-9,56.19213073,58.77830288,-2.586172149,-62,-54,-8,-0.7,-0.5,-0.2,FALSE
3,5e469f9ef0d398000b1f13f2,55,male,190,unconfounded,b,1,1.9119999999999209,57,33,-78,87,14,-71,4,10,-6,58.80476171,64.56521251,-5.7604508,-78,-71,-7,-0.62,-0.09,-0.53,FALSE
3,5e469f9ef0d398000b1f13f2,55,male,191,unconfounded,b,1,0.9910000000000992,74,30,-33,93,7,-20,23.66666667,26.66666667,-3,43.91152721,48.18252334,-4.270996128,-33,-20,-13,-0.21,0.54,-0.75,FALSE
3,5e469f9ef0d398000b1f13f2,55,male,192,confounded,b,1,0.9398000000007868,86,80,-10,84,66,-3,52,49,3,43.9089968,37.49666652,6.412330282,-10,-3,-7,-0.7,-0.59,-0.11,FALSE
3,5e469f9ef0d398000b1f13f2,55,male,193,unconfounded,b,1,0.9905999999996312,71,42,-92,95,21,-86,7,10,-3,70.99765254,74.30118886,-3.303536321,-92,-86,-6,-0.62,-0.22,-0.4,FALSE
3,5e469f9ef0d398000b1f13f2,55,male,194,unconfounded,b,1,0.8739000000003898,48,36,-33,76,20,-27,17,23,-6,35.6931366,42.10304819,-6.409911592,-33,-27,-6,-0.65,0.11,-0.76,FALSE
3,5e469f9ef0d398000b1f13f2,55,male,195,confounded,b,1,0.8396999999991976,74,69,-25,82,49,-13,39.33333333,39.33333333,0,45.5363103,39.38132665,6.154983646,-25,-13,-12,-0.7,-0.35,-0.35,FALSE
3,5e469f9ef0d398000b1f13f2,55,male,196,confounded,b,1,0.8741000000015902,83,79,-38,99,58,-24,41.33333333,44.33333333,-3,56.12090124,51.13598429,4.98491695,-38,-24,-14,-0.7,-0.38,-0.32,FALSE
3,5e469f9ef0d398000b1f13f2,55,male,197,confounded,b,1,0.9730999999995902,65,35,-34,61,27,-22,22,22,0,41.44876355,34.06855833,7.380205222,-34,-22,-12,-0.44,-0.22,-0.22,FALSE
3,5e469f9ef0d398000b1f13f2,55,male,198,unconfounded,b,1,1.024000000000001,49,31,-74,83,4,-63,2,8,-6,54.24020649,59.67132198,-5.431115489,-74,-63,-11,-0.65,0.1,-0.75,FALSE
3,5e469f9ef0d398000b1f13f2,55,male,199,confounded,b,1,1.224199999999314,42,40,-31,59,28,-18,17,23,-6,33.950945,31.63331577,2.317629233,-31,-18,-13,-0.71,-0.23,-0.48,FALSE
3,5e469f9ef0d398000b1f13f2,55,male,200,confounded,b,1,1.0400999999995977,62,49,-44,69,55,-30,22.33333333,31.33333333,-9,47.20404879,43.74420597,3.459842825,-44,-30,-14,-0.67,-0.65,-0.02,FALSE
3,5e469f9ef0d398000b1f13f2,55,male,201,confounded,b,1,0.9909999999999854,82,78,-17,89,62,-11,47.66666667,46.66666667,1,45.75538827,42.24005471,3.515333554,-17,-11,-6,-0.7,-0.5,-0.2,FALSE
3,5e469f9ef0d398000b1f13f2,55,male,202,unconfounded,b,1,1.4066999999993186,75,26,-42,94,6,-32,19.66666667,22.66666667,-3,47.97453028,52.77204647,-4.797516193,-42,-32,-10,-0.2,0.44,-0.64,FALSE
3,5e469f9ef0d398000b1f13f2,55,male,203,confounded,b,1,0.8747000000010985,88,64,-15,89,47,-2,45.66666667,44.66666667,1,44.00252518,37.18721405,6.815311129,-15,-2,-13,-0.55,-0.09,-0.46,FALSE
3,5e469f9ef0d398000b1f13f2,55,male,204,unconfounded,b,1,1.0898000000007642,79,53,-16,96,9,-7,38.66666667,32.66666667,6,40.08601862,45.25728916,-5.17127054,-16,-7,-9,-0.49,0.64,-1.13,FALSE
3,5e469f9ef0d398000b1f13f2,55,male,205,confounded,b,1,1.191099999999551,60,35,-17,52,7,-8,26,17,9,32.07283378,25.49509757,6.577736212,-17,-8,-9,-0.4,0.53,-0.93,FALSE
3,5e469f9ef0d398000b1f13f2,55,male,206,confounded,b,1,1.140199999999254,79,45,-35,80,2,-20,29.66666667,20.66666667,9,47.7865625,42.90558109,4.880981407,-35,-20,-15,-0.45,0.57,-1.02,FALSE
3,5e469f9ef0d398000b1f13f2,55,male,207,unconfounded,b,1,1.775200000001064,65,27,-35,83,18,-26,19,25,-6,41.21488404,44.77350407,-3.558620027,-35,-26,-9,-0.28,0.23,-0.51,FALSE
3,5e469f9ef0d398000b1f13f2,55,male,208,unconfounded,b,1,1.1064000000003489,76,42,-93,97,33,-87,8.333333333,14.33333333,-6,72.9855389,76.26853145,-3.282992543,-93,-87,-6,-0.59,-0.35,-0.24,FALSE
3,5e469f9ef0d398000b1f13f2,55,male,209,confounded,b,1,0.9429000000003498,48,42,-20,63,30,-5,23.33333333,29.33333333,-6,30.73904502,27.7648859,2.974159125,-20,-5,-15,-0.69,-0.04,-0.65,FALSE
3,5e469f9ef0d398000b1f13f2,55,male,210,confounded,b,1,0.8722999999988588,83,50,-11,85,29,-1,40.66666667,37.66666667,3,38.93869826,35.64017708,3.298521182,-11,-1,-10,-0.35,0.35,-0.7,FALSE
3,5e469f9ef0d398000b1f13f2,55,male,211,unconfounded,b,1,1.2080999999996038,57,55,-50,97,16,-42,20.66666667,23.66666667,-3,49.97554958,57.00487309,-7.029323509,-50,-42,-8,-0.71,0.2,-0.91,FALSE
3,5e469f9ef0d398000b1f13f2,55,male,212,unconfounded,b,1,3.0237999999989142,72,34,-68,95,3,-57,12.66666667,13.66666667,-1,59.11194653,62.51044357,-3.398497045,-68,-57,-11,-0.49,0.25,-0.74,FALSE
3,5e469f9ef0d398000b1f13f2,55,male,213,confounded,b,1,2.538799999998787,99,63,-12,93,52,-4,50,47,3,46.23851209,39.75759885,6.480913232,-12,-4,-8,-0.4,-0.19,-0.21,FALSE
3,5e469f9ef0d398000b1f13f2,55,male,214,confounded,b,1,2.7719000000004144,69,48,-67,68,45,-60,16.66666667,17.66666667,-1,59.77922344,55.7155474,4.063676043,-67,-60,-7,-0.64,-0.62,-0.02,FALSE
3,5e469f9ef0d398000b1f13f2,55,male,215,confounded,b,1,3.0896999999993113,57,40,-94,70,21,-79,1,4,-3,67.53270812,62.00537611,5.527332014,-94,-79,-15,-0.67,-0.39,-0.28,FALSE
3,5e469f9ef0d398000b1f13f2,55,male,216,confounded,b,1,1.6457999999988715,80,54,-23,85,21,-13,37,31,6,43.73404471,40.62839729,3.105647416,-23,-13,-10,-0.52,0.35,-0.87,FALSE
3,5e469f9ef0d398000b1f13f2,55,male,217,unconfounded,b,1,1.1074000000003252,74,35,-30,97,8,-17,26.33333333,29.33333333,-3,42.89781139,48.92397731,-6.026165915,-30,-17,-13,-0.29,0.57,-0.86,FALSE
3,5e469f9ef0d398000b1f13f2,55,male,218,confounded,b,1,1.6904000000002952,65,54,-20,73,59,-6,33,42,-9,37.74475681,34.41898701,3.325769802,-20,-6,-14,-0.66,-0.62,-0.04,FALSE
3,5e469f9ef0d398000b1f13f2,55,male,219,unconfounded,b,1,1.6923000000007278,50,26,-17,66,7,-11,19.66666667,20.66666667,-1,27.71682201,32.88701196,-5.17018995,-17,-11,-6,-0.33,0.55,-0.88,FALSE
4,5ea2f6ca703b9405852cda0f,57,female,0,unconfounded,a,0,40.07900000000003,71,48,-19,96,7,-6,33.33333333,32.33333333,1,38.17794593,45.33088229,-7.152936355,-19,-6,-13,-0.52,0.66,-1.18,FALSE
4,5ea2f6ca703b9405852cda0f,57,female,1,confounded,a,0,8.626000000000005,99,63,-12,93,52,-4,50,47,3,46.23851209,39.75759885,6.480913232,-12,-4,-8,-0.4,-0.19,-0.21,FALSE
4,5ea2f6ca703b9405852cda0f,57,female,2,confounded,b,1,18.788999999999987,45,24,-31,48,17,-18,12.66666667,15.66666667,-3,32.0451071,26.96087701,5.084230092,-31,-18,-13,-0.49,-0.07,-0.42,FALSE
4,5ea2f6ca703b9405852cda0f,57,female,3,confounded,b,1,18.055000000000007,39,30,-45,49,34,-32,8,17,-9,37.65634077,35.18522417,2.471116596,-45,-32,-13,-0.68,-0.61,-0.07,FALSE
4,5ea2f6ca703b9405852cda0f,57,female,4,confounded,a,0,16.090000000000003,76,47,-60,74,22,-51,21,15,6,58.48646567,51.27052435,7.215941325,-60,-51,-9,-0.58,-0.2,-0.38,FALSE
4,5ea2f6ca703b9405852cda0f,57,female,5,confounded,a,0,16.472000000000037,95,77,-55,97,48,-46,39,33,6,66.87301399,59.33520596,7.537808026,-55,-46,-9,-0.67,-0.36,-0.31,FALSE
4,5ea2f6ca703b9405852cda0f,57,female,6,confounded,b,1,17.305999999999983,82,57,-23,90,38,-9,38.66666667,39.66666667,-1,44.78342948,40.43375927,4.349670203,-23,-9,-14,-0.55,0.06,-0.61,FALSE
4,5ea2f6ca703b9405852cda0f,57,female,7,unconfounded,a,0,7.524000000000001,72,70,-34,99,2,-20,36,27,9,49.50420858,51.69784006,-2.193631483,-34,-20,-14,-0.71,0.61,-1.32,FALSE
4,5ea2f6ca703b9405852cda0f,57,female,8,unconfounded,a,0,16.091000000000008,56,53,-14,73,2,-7,31.66666667,22.66666667,9,32.31442746,35.78019316,-3.465765693,-14,-7,-7,-0.7,0.67,-1.37,FALSE
4,5ea2f6ca703b9405852cda0f,57,female,9,unconfounded,b,1,19.723000000000013,64,23,-82,89,11,-77,1.666666667,7.666666667,-6,61.48351179,67.81019261,-6.326680822,-82,-77,-5,-0.48,-0.07,-0.41,FALSE
4,5ea2f6ca703b9405852cda0f,57,female,10,unconfounded,b,1,16.137999999999977,76,42,-93,97,33,-87,8.333333333,14.33333333,-6,72.9855389,76.26853145,-3.282992543,-93,-87,-6,-0.59,-0.35,-0.24,FALSE
4,5ea2f6ca703b9405852cda0f,57,female,11,confounded,a,0,14.691000000000033,82,32,-65,81,1,-60,16.33333333,7.333333333,9,61.02640594,57.73695139,3.289454554,-65,-60,-5,-0.37,0.16,-0.53,FALSE
4,5ea2f6ca703b9405852cda0f,57,female,12,confounded,b,1,15.173999999999978,95,41,-73,89,40,-63,21,22,-1,70.0285656,63.34561284,6.682952755,-73,-63,-10,-0.41,-0.4,-0.01,FALSE
4,5ea2f6ca703b9405852cda0f,57,female,13,unconfounded,b,1,18.923,52,25,-28,65,9,-22,16.33333333,17.33333333,-1,33.22983933,36.00308629,-2.773246953,-28,-22,-6,-0.37,0.33,-0.7,FALSE
4,5ea2f6ca703b9405852cda0f,57,female,14,unconfounded,b,1,20.057000000000016,48,36,-33,76,20,-27,17,23,-6,35.6931366,42.10304819,-6.409911592,-33,-27,-6,-0.65,0.11,-0.76,FALSE
4,5ea2f6ca703b9405852cda0f,57,female,15,unconfounded,a,0,11.672000000000024,73,50,-46,98,7,-31,25.66666667,24.66666667,1,51.53855084,54.12536887,-2.586818037,-46,-31,-15,-0.6,0.45,-1.05,FALSE
4,5ea2f6ca703b9405852cda0f,57,female,16,confounded,b,1,16.624000000000024,81,78,-44,94,63,-33,38.33333333,41.33333333,-3,58.2313394,54.06374838,4.167591025,-44,-33,-11,-0.71,-0.54,-0.17,FALSE
4,5ea2f6ca703b9405852cda0f,57,female,17,unconfounded,b,1,14.274,74,35,-30,97,8,-17,26.33333333,29.33333333,-3,42.89781139,48.92397731,-6.026165915,-30,-17,-13,-0.29,0.57,-0.86,FALSE
4,5ea2f6ca703b9405852cda0f,57,female,18,confounded,a,0,14.840999999999951,86,80,-10,84,66,-3,52,49,3,43.9089968,37.49666652,6.412330282,-10,-3,-7,-0.7,-0.59,-0.11,FALSE
4,5ea2f6ca703b9405852cda0f,57,female,19,unconfounded,a,0,14.45700000000005,64,57,-33,97,1,-19,29.33333333,26.33333333,3,44.16886787,50.63156679,-6.46269892,-33,-19,-14,-0.69,0.63,-1.32,FALSE
4,5ea2f6ca703b9405852cda0f,57,female,20,confounded,b,1,16.557000000000016,65,62,-49,72,57,-42,26,29,-3,53.04714884,50.57667447,2.470474374,-49,-42,-7,-0.71,-0.66,-0.05,FALSE
4,5ea2f6ca703b9405852cda0f,57,female,21,unconfounded,b,1,15.425000000000011,58,40,-41,89,8,-31,19,22,-3,43.05810028,49.979996,-6.921895715,-41,-31,-10,-0.62,0.4,-1.02,FALSE
4,5ea2f6ca703b9405852cda0f,57,female,22,confounded,b,1,13.024,65,30,-84,74,33,-69,3.666666667,12.66666667,-9,63.61516241,60.12394605,3.491216361,-84,-69,-15,-0.55,-0.47,-0.08,FALSE
4,5ea2f6ca703b9405852cda0f,57,female,23,confounded,b,1,14.073999999999955,42,40,-31,59,28,-18,17,23,-6,33.950945,31.63331577,2.317629233,-31,-18,-13,-0.71,-0.23,-0.48,FALSE
4,5ea2f6ca703b9405852cda0f,57,female,24,unconfounded,b,1,36.48899999999992,39,29,-22,58,1,-13,15.33333333,15.33333333,0,26.71246068,30.70649587,-3.994035195,-22,-13,-9,-0.63,0.6,-1.23,FALSE
4,5ea2f6ca703b9405852cda0f,57,female,25,confounded,a,0,15.673000000000002,88,64,-15,89,47,-2,45.66666667,44.66666667,1,44.00252518,37.18721405,6.815311129,-15,-2,-13,-0.55,-0.09,-0.46,FALSE
4,5ea2f6ca703b9405852cda0f,57,female,26,confounded,a,0,17.924000000000092,90,19,-42,81,3,-35,22.33333333,16.33333333,6,53.94029621,48.2861839,5.654112314,-42,-35,-7,0.09,0.39,-0.3,FALSE
4,5ea2f6ca703b9405852cda0f,57,female,27,unconfounded,b,1,16.007999999999925,52,34,-65,75,3,-57,7,7,0,51.4392846,53.96295025,-2.523665654,-65,-57,-8,-0.64,0.11,-0.75,FALSE
4,5ea2f6ca703b9405852cda0f,57,female,28,unconfounded,b,1,17.20799999999997,81,32,-83,99,17,-77,10,13,-3,68.73621074,71.90734779,-3.171137055,-83,-77,-6,-0.45,-0.08,-0.37,FALSE
4,5ea2f6ca703b9405852cda0f,57,female,29,unconfounded,a,0,12.791000000000054,78,35,-19,87,10,-12,31.33333333,28.33333333,3,39.68486977,42.44473531,-2.759865537,-19,-12,-7,-0.14,0.57,-0.71,FALSE
4,5ea2f6ca703b9405852cda0f,57,female,30,confounded,a,0,20.956999999999994,81,74,-67,96,32,-58,29.33333333,23.33333333,6,68.17787194,63.16820579,5.009666154,-67,-58,-9,-0.7,-0.2,-0.5,FALSE
4,5ea2f6ca703b9405852cda0f,57,female,31,confounded,b,1,15.041000000000054,67,34,-59,77,37,-45,14,23,-9,53.34791467,50.78057371,2.56734096,-59,-45,-14,-0.51,-0.39,-0.12,FALSE
4,5ea2f6ca703b9405852cda0f,57,female,32,unconfounded,b,1,17.041000000000054,61,50,-88,94,11,-82,7.666666667,7.666666667,0,67.79544396,71.8903486,-4.094904639,-88,-82,-6,-0.69,-0.07,-0.62,FALSE
4,5ea2f6ca703b9405852cda0f,57,female,33,unconfounded,a,0,14.45799999999997,66,61,-25,89,4,-18,34,25,9,41.76920716,46.13747573,-4.368268571,-25,-18,-7,-0.7,0.59,-1.29,FALSE
4,5ea2f6ca703b9405852cda0f,57,female,34,confounded,b,1,21.972999999999956,75,56,-40,78,43,-30,30.33333333,30.33333333,0,50.33443707,44.99135719,5.343079879,-40,-30,-10,-0.63,-0.4,-0.23,FALSE
4,5ea2f6ca703b9405852cda0f,57,female,35,unconfounded,a,0,15.557000000000016,64,49,-69,94,7,-60,14.66666667,13.66666667,1,59.4773533,63.04671989,-3.56936659,-69,-60,-9,-0.67,0.16,-0.83,FALSE
4,5ea2f6ca703b9405852cda0f,57,female,36,unconfounded,a,0,16.389999999999986,81,51,-42,96,4,-37,30,21,9,52.36410985,55.61174936,-3.247639512,-42,-37,-5,-0.54,0.43,-0.97,FALSE
4,5ea2f6ca703b9405852cda0f,57,female,37,confounded,a,0,14.874000000000024,82,64,-15,78,50,-6,43.66666667,40.66666667,3,42.1294302,34.92213561,7.207294589,-15,-6,-9,-0.61,-0.38,-0.23,FALSE
4,5ea2f6ca703b9405852cda0f,57,female,38,unconfounded,b,1,17.041000000000054,67,30,-64,98,12,-50,11,20,-9,55.14224031,60.68497892,-5.542738609,-64,-50,-14,-0.48,0.2,-0.68,FALSE
4,5ea2f6ca703b9405852cda0f,57,female,39,unconfounded,a,0,26.175000000000068,83,61,-20,99,4,-6,41.33333333,32.33333333,9,44.28945197,47.31689856,-3.027446588,-20,-6,-14,-0.58,0.68,-1.26,FALSE
4,5ea2f6ca703b9405852cda0f,57,female,40,unconfounded,b,1,13.691000000000033,79,53,-16,96,9,-7,38.66666667,32.66666667,6,40.08601862,45.25728916,-5.17127054,-16,-7,-9,-0.49,0.64,-1.13,FALSE
4,5ea2f6ca703b9405852cda0f,57,female,41,unconfounded,a,0,9.640999999999964,51,48,-71,84,26,-64,9.333333333,15.33333333,-6,56.81744646,60.88969991,-4.072253454,-71,-64,-7,-0.71,-0.26,-0.45,FALSE
4,5ea2f6ca703b9405852cda0f,57,female,42,unconfounded,b,1,16.392000000000053,65,27,-35,83,18,-26,19,25,-6,41.21488404,44.77350407,-3.558620027,-35,-26,-9,-0.28,0.23,-0.51,FALSE
4,5ea2f6ca703b9405852cda0f,57,female,43,confounded,a,0,15.257000000000062,60,58,-24,72,31,-12,31.33333333,30.33333333,1,39.13509366,34.29609631,4.838997345,-24,-12,-12,-0.71,-0.03,-0.68,FALSE
4,5ea2f6ca703b9405852cda0f,57,female,44,confounded,b,1,14.95799999999997,79,75,-24,86,58,-11,43.33333333,44.33333333,-1,47.6398526,40.76218291,6.877669688,-24,-11,-13,-0.7,-0.47,-0.23,FALSE
4,5ea2f6ca703b9405852cda0f,57,female,45,confounded,b,1,16.641000000000076,78,64,-50,80,54,-42,30.66666667,30.66666667,0,57.32558087,52.46797965,4.857601218,-50,-42,-8,-0.68,-0.58,-0.1,FALSE
4,5ea2f6ca703b9405852cda0f,57,female,46,confounded,b,1,16.573999999999955,57,56,-92,65,49,-84,7,10,-3,70.00476174,66.78822251,3.216539228,-92,-84,-8,-0.71,-0.68,-0.03,FALSE
4,5ea2f6ca703b9405852cda0f,57,female,47,confounded,b,1,16.95799999999997,82,74,-71,84,63,-59,28.33333333,29.33333333,-1,70.31516353,63.04671989,7.26844364,-71,-59,-12,-0.7,-0.65,-0.05,FALSE
4,5ea2f6ca703b9405852cda0f,57,female,48,unconfounded,b,1,15.207000000000107,61,18,-37,77,14,-31,14,20,-6,40.10818703,44.29446918,-4.186282153,-37,-31,-6,-0.15,0.2,-0.35,FALSE
4,5ea2f6ca703b9405852cda0f,57,female,49,unconfounded,b,1,13.406999999999924,78,19,-16,89,2,-7,27,28,-1,38.79003308,43.28972164,-4.49968856,-16,-7,-9,0.3,0.68,-0.38,FALSE
4,5ea2f6ca703b9405852cda0f,57,female,50,confounded,b,1,15.724999999999795,74,69,-25,82,49,-13,39.33333333,39.33333333,0,45.5363103,39.38132665,6.154983646,-25,-13,-12,-0.7,-0.35,-0.35,FALSE
4,5ea2f6ca703b9405852cda0f,57,female,51,confounded,b,1,14.12299999999982,52,14,-16,53,17,-2,16.66666667,22.66666667,-6,27.82484901,22.80838053,5.01646848,-16,-2,-14,0.14,0.36,-0.22,FALSE
4,5ea2f6ca703b9405852cda0f,57,female,52,unconfounded,a,0,15.704999999999927,82,38,-49,98,3,-39,23.66666667,20.66666667,3,54.43242498,57.308134,-2.87570902,-49,-39,-10,-0.38,0.43,-0.81,FALSE
4,5ea2f6ca703b9405852cda0f,57,female,53,confounded,b,1,17.075000000000045,86,67,-20,98,40,-5,44.33333333,44.33333333,0,46.14710777,42.16106682,3.986040948,-20,-5,-15,-0.62,0.15,-0.77,FALSE
4,5ea2f6ca703b9405852cda0f,57,female,54,unconfounded,b,1,16.424999999999955,61,43,-79,96,2,-73,8.333333333,8.333333333,0,62.18967403,69.13915115,-6.949477127,-79,-73,-6,-0.66,0.14,-0.8,FALSE
4,5ea2f6ca703b9405852cda0f,57,female,55,unconfounded,a,0,18.092999999999847,62,45,-31,84,8,-19,25.33333333,24.33333333,1,40.43375927,43.60682923,-3.173069958,-31,-19,-12,-0.61,0.51,-1.12,FALSE
4,5ea2f6ca703b9405852cda0f,57,female,56,confounded,b,1,15.073999999999842,60,45,-95,64,47,-83,3.333333333,9.333333333,-6,69.8013053,65.65735975,4.143945558,-95,-83,-12,-0.68,-0.67,-0.01,FALSE
4,5ea2f6ca703b9405852cda0f,57,female,57,unconfounded,a,0,13.406999999999924,77,67,-13,98,10,-4,43.66666667,34.66666667,9,40.27681991,45.14667454,-4.86985463,-13,-4,-9,-0.67,0.66,-1.33,FALSE
4,5ea2f6ca703b9405852cda0f,57,female,58,confounded,a,0,15.223999999999933,84,74,-73,96,33,-62,28.33333333,22.33333333,6,71.76969339,64.9427098,6.826983592,-73,-62,-11,-0.7,-0.24,-0.46,FALSE
4,5ea2f6ca703b9405852cda0f,57,female,59,confounded,b,1,13.606999999999973,66,61,-21,85,54,-6,35.33333333,44.33333333,-9,39.88594851,37.77418284,2.111765679,-21,-6,-15,-0.7,-0.37,-0.33,FALSE
4,5ea2f6ca703b9405852cda0f,57,female,60,unconfounded,a,0,24.19100000000003,85,48,-45,99,2,-40,29.33333333,20.33333333,9,54.68901982,58.20843772,-3.519417903,-45,-40,-5,-0.47,0.44,-0.91,FALSE
4,5ea2f6ca703b9405852cda0f,57,female,61,unconfounded,a,0,14.408999999999878,89,46,-17,99,10,-9,39.33333333,33.33333333,6,43.53032149,47.07676945,-3.546447966,-17,-9,-8,-0.23,0.62,-0.85,FALSE
4,5ea2f6ca703b9405852cda0f,57,female,62,unconfounded,b,1,17.276000000000067,65,46,-24,88,13,-14,29,29,0,38.27096375,43.15089802,-4.879934267,-24,-14,-10,-0.58,0.51,-1.09,FALSE
4,5ea2f6ca703b9405852cda0f,57,female,63,confounded,a,0,15.990000000000007,79,76,-68,85,37,-62,29,20,9,68.60029154,61.20457499,7.395716552,-68,-62,-6,-0.71,-0.4,-0.31,FALSE
4,5ea2f6ca703b9405852cda0f,57,female,64,unconfounded,b,1,20.52099999999996,80,31,-38,94,5,-26,24.33333333,24.33333333,0,48.40339749,50.86146762,-2.458070131,-38,-26,-12,-0.2,0.52,-0.72,FALSE
4,5ea2f6ca703b9405852cda0f,57,female,65,confounded,b,1,17.573000000000093,53,43,-8,49,31,-1,29.33333333,26.33333333,3,26.71246068,20.67741656,6.035044121,-8,-1,-7,-0.63,-0.33,-0.3,FALSE
4,5ea2f6ca703b9405852cda0f,57,female,66,confounded,a,0,13.390999999999847,80,54,-23,85,21,-13,37,31,6,43.73404471,40.62839729,3.105647416,-23,-13,-10,-0.52,0.35,-0.87,FALSE
4,5ea2f6ca703b9405852cda0f,57,female,68,unconfounded,b,1,13.625,49,33,-54,78,3,-44,9.333333333,12.33333333,-3,45.25728916,50.24163833,-4.98434917,-54,-44,-10,-0.64,0.27,-0.91,FALSE
4,5ea2f6ca703b9405852cda0f,57,female,69,confounded,b,1,16.40800000000013,73,68,-84,83,63,-71,19,25,-6,72.86059749,68.37153404,4.489063453,-84,-71,-13,-0.7,-0.66,-0.04,FALSE
4,5ea2f6ca703b9405852cda0f,57,female,70,unconfounded,b,1,22.40899999999988,67,35,-44,90,1,-33,19.33333333,19.33333333,0,46.64999702,51.86092513,-5.210928109,-44,-33,-11,-0.47,0.49,-0.96,FALSE
4,5ea2f6ca703b9405852cda0f,57,female,71,confounded,b,1,13.722999999999956,49,11,-37,57,15,-22,7.666666667,16.66666667,-9,35.18838192,32.27313985,2.915242074,-37,-22,-15,-0.14,0.08,-0.22,FALSE
4,5ea2f6ca703b9405852cda0f,57,female,72,unconfounded,b,1,15.773999999999887,72,35,-48,99,28,-41,19.66666667,28.66666667,-9,50.17524844,57.15670467,-6.981456236,-48,-41,-7,-0.43,0.02,-0.45,FALSE
4,5ea2f6ca703b9405852cda0f,57,female,73,confounded,a,0,22.205999999999904,89,74,-13,90,55,-4,50,47,3,44.96665431,38.79003308,6.176621228,-13,-4,-9,-0.65,-0.3,-0.35,FALSE
4,5ea2f6ca703b9405852cda0f,57,female,74,unconfounded,b,1,14.22400000000016,58,28,-19,71,11,-12,22.33333333,23.33333333,-1,31.68946548,34.98888712,-3.299421648,-19,-12,-7,-0.26,0.48,-0.74,FALSE
4,5ea2f6ca703b9405852cda0f,57,female,75,confounded,b,1,12.758000000000038,88,81,-45,99,73,-30,41.33333333,47.33333333,-6,61.11373732,55.70358058,5.410156742,-45,-30,-15,-0.7,-0.59,-0.11,FALSE
4,5ea2f6ca703b9405852cda0f,57,female,76,unconfounded,b,1,14.307999999999993,68,22,-72,90,16,-61,6,15,-9,58.26376804,61.64954717,-3.385779129,-72,-61,-11,-0.39,-0.02,-0.37,FALSE
4,5ea2f6ca703b9405852cda0f,57,female,77,unconfounded,a,0,12.008000000000038,92,49,-7,99,9,-1,44.66666667,35.66666667,9,40.53256578,44.96912521,-4.436559429,-7,-1,-6,-0.16,0.68,-0.84,FALSE
4,5ea2f6ca703b9405852cda0f,57,female,78,confounded,b,1,15.641000000000076,80,61,-49,77,57,-42,30.66666667,30.66666667,0,56.86436103,52.02777036,4.836590669,-49,-42,-7,-0.65,-0.63,-0.02,FALSE
4,5ea2f6ca703b9405852cda0f,57,female,79,unconfounded,a,0,13.656999999999924,66,40,-29,84,13,-23,25.66666667,24.66666667,1,40.08601862,44.45472103,-4.368702413,-29,-23,-6,-0.49,0.38,-0.87,FALSE
4,5ea2f6ca703b9405852cda0f,57,female,80,unconfounded,a,0,14.591000000000122,86,44,-23,97,16,-15,35.66666667,32.66666667,3,44.88751373,47.21816976,-2.33065603,-23,-15,-8,-0.27,0.49,-0.76,FALSE
4,5ea2f6ca703b9405852cda0f,57,female,81,confounded,b,1,13.075000000000044,62,49,-44,69,55,-30,22.33333333,31.33333333,-9,47.20404879,43.74420597,3.459842825,-44,-30,-14,-0.67,-0.65,-0.02,FALSE
4,5ea2f6ca703b9405852cda0f,57,female,82,unconfounded,a,0,11.755999999999858,66,36,-14,80,11,-6,29.33333333,28.33333333,1,32.99831646,37.18721405,-4.188897596,-14,-6,-8,-0.29,0.6,-0.89,FALSE
4,5ea2f6ca703b9405852cda0f,57,female,83,unconfounded,a,0,14.839999999999918,62,50,-83,92,15,-75,9.666666667,10.66666667,-1,65.70810875,68.24628602,-2.53817727,-83,-75,-8,-0.69,-0.09,-0.6,FALSE
4,5ea2f6ca703b9405852cda0f,57,female,84,confounded,a,0,18.673999999999975,60,35,-17,52,7,-8,26,17,9,32.07283378,25.49509757,6.577736212,-17,-8,-9,-0.4,0.53,-0.93,FALSE
4,5ea2f6ca703b9405852cda0f,57,female,85,unconfounded,b,1,13.74200000000019,55,22,-21,66,6,-16,18.66666667,18.66666667,0,31.11626941,34.65384378,-3.537574369,-21,-16,-5,-0.16,0.5,-0.66,FALSE
4,5ea2f6ca703b9405852cda0f,57,female,86,confounded,a,0,14.958000000000084,84,54,-18,91,30,-4,40,39,1,42.80186912,39.3022476,3.499621515,-18,-4,-14,-0.46,0.33,-0.79,FALSE
4,5ea2f6ca703b9405852cda0f,57,female,87,confounded,a,0,13.40800000000013,93,88,-12,97,64,-1,56.33333333,53.33333333,3,48.36206043,40.71308826,7.64897217,-12,-1,-11,-0.7,-0.38,-0.32,FALSE
4,5ea2f6ca703b9405852cda0f,57,female,88,unconfounded,b,1,13.125,45,38,-33,83,15,-21,16.66666667,25.66666667,-9,35.23571421,43.12256434,-7.886850138,-33,-21,-12,-0.69,0.36,-1.05,FALSE
4,5ea2f6ca703b9405852cda0f,57,female,89,unconfounded,b,1,13.57400000000007,69,66,-55,96,34,-50,26.66666667,26.66666667,0,57.76004001,59.82938706,-2.069347044,-55,-50,-5,-0.71,-0.18,-0.53,FALSE
4,5ea2f6ca703b9405852cda0f,57,female,90,confounded,a,0,12.974999999999907,99,38,-35,87,15,-27,34,25,9,54.77834122,47.07440918,7.703932035,-35,-27,-8,-0.11,0.31,-0.42,FALSE
4,5ea2f6ca703b9405852cda0f,57,female,91,unconfounded,b,1,13.97400000000016,60,51,-79,94,11,-73,10.66666667,10.66666667,0,63.51027913,68.17787194,-4.667592807,-79,-73,-6,-0.7,-0.01,-0.69,FALSE
4,5ea2f6ca703b9405852cda0f,57,female,92,confounded,a,0,16.340999999999894,83,50,-11,85,29,-1,40.66666667,37.66666667,3,38.93869826,35.64017708,3.298521182,-11,-1,-10,-0.35,0.35,-0.7,FALSE
4,5ea2f6ca703b9405852cda0f,57,female,93,confounded,b,1,13.95699999999988,79,27,-34,70,26,-24,24,24,0,46.18080409,38.40138886,7.779415229,-34,-24,-10,-0.1,-0.08,-0.02,FALSE
4,5ea2f6ca703b9405852cda0f,57,female,94,unconfounded,a,0,13.057999999999993,70,60,-28,92,11,-19,34,28,6,44.0302926,46.88283268,-2.852540076,-28,-19,-9,-0.68,0.5,-1.18,FALSE
4,5ea2f6ca703b9405852cda0f,57,female,95,unconfounded,a,0,11.90800000000013,79,56,-16,99,19,-8,39.66666667,36.66666667,3,40.46672158,45.4337124,-4.966990816,-16,-8,-8,-0.54,0.52,-1.06,FALSE
4,5ea2f6ca703b9405852cda0f,57,female,97,unconfounded,a,0,14.84199999999987,80,55,-43,97,5,-37,30.66666667,21.66666667,9,53.08065142,55.96030339,-2.879651967,-43,-37,-6,-0.59,0.42,-1.01,FALSE
4,5ea2f6ca703b9405852cda0f,57,female,98,confounded,b,1,13.575000000000044,66,64,-14,70,50,-1,38.66666667,39.66666667,-1,37.24990679,29.89239963,7.357507157,-14,-1,-13,-0.71,-0.48,-0.23,FALSE
4,5ea2f6ca703b9405852cda0f,57,female,99,unconfounded,a,0,12.473999999999933,76,48,-37,99,1,-31,29,23,6,48.04858652,55.30521374,-7.256627218,-37,-31,-6,-0.53,0.53,-1.06,FALSE
4,5ea2f6ca703b9405852cda0f,57,female,100,confounded,b,1,12.690000000000056,85,77,-20,97,78,-6,47.33333333,56.33333333,-9,47.72374205,44.75364665,2.970095399,-20,-6,-14,-0.69,-0.61,-0.08,FALSE
4,5ea2f6ca703b9405852cda0f,57,female,101,unconfounded,b,1,12.19199999999978,71,45,-35,95,9,-23,27,27,0,45.10727953,49.82636518,-4.719085645,-35,-23,-12,-0.54,0.49,-1.03,FALSE
4,5ea2f6ca703b9405852cda0f,57,female,102,confounded,b,1,13.59199999999987,95,75,-28,96,64,-15,47.33333333,48.33333333,-1,53.89083616,46.64999702,7.240839139,-28,-15,-13,-0.63,-0.47,-0.16,FALSE
4,5ea2f6ca703b9405852cda0f,57,female,103,unconfounded,b,1,13.057999999999993,49,31,-74,83,4,-63,2,8,-6,54.24020649,59.67132198,-5.431115489,-74,-63,-11,-0.65,0.1,-0.75,FALSE
4,5ea2f6ca703b9405852cda0f,57,female,104,confounded,a,0,16.605999999999995,91,40,-37,81,27,-32,31.33333333,25.33333333,6,52.61389761,46.14710777,6.466789845,-37,-32,-5,-0.24,-0.05,-0.19,FALSE
4,5ea2f6ca703b9405852cda0f,57,female,105,confounded,b,1,12.523999999999887,60,35,-32,57,29,-20,21,22,-1,38.8415585,31.82242396,7.01913454,-32,-20,-12,-0.49,-0.32,-0.17,FALSE
4,5ea2f6ca703b9405852cda0f,57,female,106,confounded,b,1,11.725000000000136,57,2,-48,64,9,-35,3.666666667,12.66666667,-9,42.88226777,40.49965706,2.382610705,-48,-35,-13,0.06,0.14,-0.08,FALSE
4,5ea2f6ca703b9405852cda0f,57,female,107,unconfounded,a,0,11.691000000000033,83,40,-8,91,7,-1,38.33333333,32.33333333,6,37.16928242,41.61196409,-4.442681672,-8,-1,-7,-0.07,0.69,-0.76,FALSE
4,5ea2f6ca703b9405852cda0f,57,female,108,confounded,b,1,13.924999999999956,61,33,-71,68,40,-58,7.666666667,16.66666667,-9,56.78810517,54.02057221,2.767532958,-71,-58,-13,-0.58,-0.57,-0.01,FALSE
4,5ea2f6ca703b9405852cda0f,57,female,109,confounded,b,1,12.141000000000076,98,40,-65,99,32,-55,24.33333333,25.33333333,-1,67.46027638,63.04671989,4.413556487,-65,-55,-10,-0.34,-0.16,-0.18,FALSE
4,5ea2f6ca703b9405852cda0f,57,female,110,confounded,b,1,13.974999999999907,74,51,-26,76,46,-14,33,36,-3,42.76291228,37.41657387,5.346338412,-26,-14,-12,-0.56,-0.38,-0.18,FALSE
4,5ea2f6ca703b9405852cda0f,57,female,111,confounded,a,0,12.557999999999993,66,52,-14,71,33,-3,34.66666667,33.66666667,1,34.88393454,30.21405118,4.669883356,-14,-3,-11,-0.62,0.03,-0.65,FALSE
4,5ea2f6ca703b9405852cda0f,57,female,112,unconfounded,b,1,13.307999999999993,70,55,-15,99,30,-1,36.66666667,42.66666667,-6,37.04351795,41.7957999,-4.752281944,-15,-1,-14,-0.62,0.43,-1.05,FALSE
4,5ea2f6ca703b9405852cda0f,57,female,113,unconfounded,b,1,13.090000000000146,75,26,-42,94,6,-32,19.66666667,22.66666667,-3,47.97453028,52.77204647,-4.797516193,-42,-32,-10,-0.2,0.44,-0.64,FALSE
4,5ea2f6ca703b9405852cda0f,57,female,114,confounded,a,0,14.606999999999973,94,59,-24,99,39,-12,43,42,1,49.48400415,45.36518489,4.118819261,-24,-12,-12,-0.45,0.1,-0.55,FALSE
4,5ea2f6ca703b9405852cda0f,57,female,115,confounded,a,0,13.023000000000138,67,65,-84,92,13,-75,16,10,6,70.71539201,68.21045863,2.504933376,-84,-75,-9,-0.71,-0.07,-0.64,FALSE
4,5ea2f6ca703b9405852cda0f,57,female,116,unconfounded,a,0,22.726000000000113,84,46,-12,97,13,-1,39.33333333,36.33333333,3,39.47432358,43.27688631,-3.802562731,-12,-1,-11,-0.25,0.65,-0.9,FALSE
4,5ea2f6ca703b9405852cda0f,57,female,117,confounded,a,0,16.307999999999993,69,40,-29,65,14,-17,26.66666667,20.66666667,6,41.10420362,33.80663972,7.297563908,-29,-17,-12,-0.45,0.29,-0.74,FALSE
4,5ea2f6ca703b9405852cda0f,57,female,118,unconfounded,a,0,13.074999999999818,63,60,-29,84,5,-22,31.33333333,22.33333333,9,42.67968551,44.97653709,-2.296851579,-29,-22,-7,-0.7,0.52,-1.22,FALSE
4,5ea2f6ca703b9405852cda0f,57,female,119,unconfounded,b,1,14.740999999999984,57,33,-78,87,14,-71,4,10,-6,58.80476171,64.56521251,-5.7604508,-78,-71,-7,-0.62,-0.09,-0.53,FALSE
4,5ea2f6ca703b9405852cda0f,57,female,120,confounded,a,0,12.95699999999988,82,78,-17,89,62,-11,47.66666667,46.66666667,1,45.75538827,42.24005471,3.515333554,-17,-11,-6,-0.7,-0.5,-0.2,FALSE
4,5ea2f6ca703b9405852cda0f,57,female,121,unconfounded,b,1,12.55600000000004,72,62,-10,99,53,-1,41.33333333,50.33333333,-9,36.52700675,40.86835233,-4.341345579,-10,-1,-9,-0.67,-0.1,-0.57,FALSE
4,5ea2f6ca703b9405852cda0f,57,female,122,confounded,b,1,15.80600000000004,87,67,-40,97,42,-25,38,38,0,55.75541827,49.88653793,5.868880342,-40,-25,-15,-0.64,-0.12,-0.52,FALSE
4,5ea2f6ca703b9405852cda0f,57,female,123,unconfounded,b,1,12.990999999999984,61,53,-62,85,48,-54,17.33333333,26.33333333,-9,56.19213073,58.77830288,-2.586172149,-62,-54,-8,-0.7,-0.5,-0.2,FALSE
4,5ea2f6ca703b9405852cda0f,57,female,124,unconfounded,a,0,12.45699999999988,74,36,-41,90,6,-30,23,22,1,47.84001115,50.27922036,-2.439209212,-41,-30,-11,-0.39,0.45,-0.84,FALSE
4,5ea2f6ca703b9405852cda0f,57,female,125,confounded,b,1,12.710000000000036,77,61,-18,90,60,-3,40,49,-9,41.52910626,38.75564475,2.773461509,-18,-3,-15,-0.63,-0.4,-0.23,FALSE
4,5ea2f6ca703b9405852cda0f,57,female,126,unconfounded,a,0,12.608999999999924,77,49,-72,97,6,-67,18,12,6,64.65807503,67.08700818,-2.42893315,-72,-67,-5,-0.61,0.13,-0.74,FALSE
4,5ea2f6ca703b9405852cda0f,57,female,127,unconfounded,b,1,10.95699999999988,55,19,-13,73,1,-4,20.33333333,23.33333333,-3,27.77688887,35.17890782,-7.402018947,-13,-4,-9,0.07,0.7,-0.63,FALSE
4,5ea2f6ca703b9405852cda0f,57,female,128,unconfounded,b,1,12.190000000000056,69,32,-47,87,24,-39,18,24,-6,48.38043682,51.4392846,-3.058847781,-47,-39,-8,-0.41,0,-0.41,FALSE
4,5ea2f6ca703b9405852cda0f,57,female,129,unconfounded,a,0,17.29200000000037,58,54,-47,89,7,-34,21.66666667,20.66666667,1,48.58211834,51.13598429,-2.553865948,-47,-34,-13,-0.7,0.38,-1.08,FALSE
4,5ea2f6ca703b9405852cda0f,57,female,130,confounded,a,0,12.192000000000007,97,65,-14,96,44,-1,49.33333333,46.33333333,3,46.64999702,39.63444069,7.015556332,-14,-1,-13,-0.47,0.09,-0.56,FALSE
4,5ea2f6ca703b9405852cda0f,57,female,131,unconfounded,a,0,13.692000000000007,82,49,-56,98,10,-51,25,19,6,58.83876273,61.16098975,-2.322227012,-56,-51,-5,-0.54,0.22,-0.76,FALSE
4,5ea2f6ca703b9405852cda0f,57,female,132,unconfounded,a,0,12.273000000000138,52,41,-26,71,1,-14,22.33333333,19.33333333,3,34.47059939,37.04351795,-2.572918563,-26,-14,-12,-0.65,0.62,-1.27,FALSE
4,5ea2f6ca703b9405852cda0f,57,female,133,unconfounded,b,1,14.158000000000357,56,39,-78,85,2,-70,5.666666667,5.666666667,0,59.56695579,63.33157892,-3.764623132,-78,-70,-8,-0.66,0.09,-0.75,FALSE
4,5ea2f6ca703b9405852cda0f,57,female,134,unconfounded,b,1,14.309000000000196,72,34,-68,95,3,-57,12.66666667,13.66666667,-1,59.11194653,62.51044357,-3.398497045,-68,-57,-11,-0.49,0.25,-0.74,FALSE
4,5ea2f6ca703b9405852cda0f,57,female,135,unconfounded,a,0,12.809000000000196,61,49,-22,81,3,-14,29.33333333,23.33333333,6,36.62725154,41.36289266,-4.735641114,-22,-14,-8,-0.65,0.62,-1.27,FALSE
4,5ea2f6ca703b9405852cda0f,57,female,136,confounded,b,1,11.64200000000028,67,16,-14,66,5,-2,23,23,0,33.43650699,30.53959179,2.896915205,-14,-2,-12,0.3,0.68,-0.38,FALSE
4,5ea2f6ca703b9405852cda0f,57,female,137,unconfounded,a,0,13.524000000000342,72,70,-17,94,24,-11,41.66666667,35.66666667,6,41.49163236,43.65266951,-2.161037156,-17,-11,-6,-0.71,0.38,-1.09,FALSE
4,5ea2f6ca703b9405852cda0f,57,female,138,confounded,a,0,13.272999999999683,91,73,-19,96,36,-14,48.33333333,39.33333333,9,48.17560471,44.96912521,3.206479496,-19,-14,-5,-0.63,0.11,-0.74,FALSE
4,5ea2f6ca703b9405852cda0f,57,female,139,unconfounded,a,0,12.458000000000084,74,46,-44,87,1,-39,25.33333333,16.33333333,9,50.34105901,52.56953068,-2.228471667,-44,-39,-5,-0.55,0.41,-0.96,FALSE
4,5ea2f6ca703b9405852cda0f,57,female,140,confounded,a,0,13.441000000000258,84,56,-46,86,24,-34,31.33333333,25.33333333,6,55.86491644,48.9988662,6.86605024,-46,-34,-12,-0.58,0.04,-0.62,FALSE
4,5ea2f6ca703b9405852cda0f,57,female,141,confounded,a,0,14.191000000000258,93,73,-18,97,48,-6,49.33333333,46.33333333,3,48.30688932,42.06608557,6.240803743,-18,-6,-12,-0.62,-0.06,-0.56,FALSE
4,5ea2f6ca703b9405852cda0f,57,female,142,confounded,a,0,14.608000000000176,99,45,-67,98,5,-53,25.66666667,16.66666667,9,69.13432979,62.19503374,6.939296048,-67,-53,-14,-0.4,0.27,-0.67,FALSE
4,5ea2f6ca703b9405852cda0f,57,female,143,confounded,a,0,13.174999999999727,87,69,-31,91,47,-16,41.66666667,40.66666667,1,51.90589776,43.91152721,7.994370546,-31,-16,-15,-0.64,-0.21,-0.43,FALSE
4,5ea2f6ca703b9405852cda0f,57,female,144,unconfounded,b,1,13.340999999999894,52,48,-39,83,15,-28,20.33333333,23.33333333,-3,41.9867704,45.69707017,-3.710299768,-39,-28,-11,-0.7,0.27,-0.97,FALSE
4,5ea2f6ca703b9405852cda0f,57,female,145,unconfounded,b,1,13.360000000000127,63,47,-21,91,15,-14,29.66666667,30.66666667,-1,36.41733409,44.27439692,-7.857062825,-21,-14,-7,-0.61,0.49,-1.1,FALSE
4,5ea2f6ca703b9405852cda0f,57,female,146,confounded,a,0,11.490999999999984,91,75,-12,94,55,-4,51.33333333,48.33333333,3,45.25728916,40.28509512,4.97219404,-12,-4,-8,-0.64,-0.24,-0.4,FALSE
4,5ea2f6ca703b9405852cda0f,57,female,147,confounded,a,0,13.541999999999916,79,45,-35,80,2,-20,29.66666667,20.66666667,9,47.7865625,42.90558109,4.880981407,-35,-20,-15,-0.45,0.57,-1.02,FALSE
4,5ea2f6ca703b9405852cda0f,57,female,148,confounded,b,1,11.692000000000007,78,18,-86,77,22,-71,3.333333333,9.333333333,-6,67.75117875,61.08100268,6.670176067,-86,-71,-15,-0.31,-0.3,-0.01,FALSE
4,5ea2f6ca703b9405852cda0f,57,female,149,confounded,b,1,11.740000000000236,30,4,-19,23,3,-8,5,6,-1,20.01665973,12.83225104,7.184408691,-19,-8,-11,0.07,0.34,-0.27,FALSE
4,5ea2f6ca703b9405852cda0f,57,female,150,confounded,a,0,12.623999999999796,80,43,-41,81,8,-34,27.33333333,18.33333333,9,50.62498285,47.5137407,3.111242151,-41,-34,-7,-0.43,0.32,-0.75,FALSE
4,5ea2f6ca703b9405852cda0f,57,female,151,unconfounded,a,0,14.326000000000022,80,45,-79,99,3,-74,15.33333333,9.333333333,6,68.2169741,70.76879413,-2.551820026,-79,-74,-5,-0.57,0.13,-0.7,FALSE
4,5ea2f6ca703b9405852cda0f,57,female,152,confounded,b,1,13.243000000000391,83,79,-38,99,58,-24,41.33333333,44.33333333,-3,56.12090124,51.13598429,4.98491695,-38,-24,-14,-0.7,-0.38,-0.32,FALSE
4,5ea2f6ca703b9405852cda0f,57,female,153,unconfounded,b,1,12.789999999999964,65,38,-26,81,20,-21,25.66666667,26.66666667,-1,38.16047985,41.90730512,-3.74682527,-26,-21,-5,-0.45,0.23,-0.68,FALSE
4,5ea2f6ca703b9405852cda0f,57,female,154,unconfounded,b,1,15.208999999999833,57,37,-65,85,1,-54,9.666666667,10.66666667,-1,53.42492136,57.15670467,-3.731783312,-65,-54,-11,-0.63,0.25,-0.88,FALSE
4,5ea2f6ca703b9405852cda0f,57,female,155,confounded,b,1,11.974999999999907,37,36,-64,47,22,-51,3,6,-3,47.37791328,41.57723736,5.800675917,-64,-51,-13,-0.71,-0.52,-0.19,FALSE
4,5ea2f6ca703b9405852cda0f,57,female,156,unconfounded,b,1,11.557999999999993,52,47,-90,84,32,-80,3,12,-9,65.79260343,68.43001291,-2.637409474,-90,-80,-10,-0.7,-0.41,-0.29,FALSE
4,5ea2f6ca703b9405852cda0f,57,female,157,confounded,b,1,12.858000000000176,32,12,-39,37,19,-24,1.666666667,10.66666667,-9,29.89239963,25.59079696,4.301602672,-39,-24,-15,-0.48,-0.45,-0.03,FALSE
4,5ea2f6ca703b9405852cda0f,57,female,158,confounded,b,1,13.708000000000084,57,40,-94,70,21,-79,1,4,-3,67.53270812,62.00537611,5.527332014,-94,-79,-15,-0.67,-0.39,-0.28,FALSE
4,5ea2f6ca703b9405852cda0f,57,female,159,unconfounded,b,1,14.074999999999818,44,17,-42,71,6,-31,6.333333333,15.33333333,-9,35.91038228,42.16106682,-6.250684541,-42,-31,-11,-0.42,0.32,-0.74,FALSE
4,5ea2f6ca703b9405852cda0f,57,female,160,unconfounded,b,1,14.523999999999887,70,16,-49,84,3,-41,12.33333333,15.33333333,-3,48.65068231,51.77086268,-3.12018037,-49,-41,-8,-0.11,0.34,-0.45,FALSE
4,5ea2f6ca703b9405852cda0f,57,female,161,unconfounded,a,0,12.75799999999981,64,56,-58,94,9,-50,20.66666667,17.66666667,3,55.72152985,59.10630724,-3.384777389,-58,-50,-8,-0.7,0.22,-0.92,FALSE
4,5ea2f6ca703b9405852cda0f,57,female,162,confounded,a,0,12.273999999999887,93,65,-15,92,30,-6,47.66666667,38.66666667,9,45.7626728,40.47495796,5.28771484,-15,-6,-9,-0.51,0.31,-0.82,FALSE
4,5ea2f6ca703b9405852cda0f,57,female,163,unconfounded,a,0,13.08999999999969,76,64,-21,97,15,-11,39.66666667,33.66666667,6,43.17663977,46.02414825,-2.847508476,-21,-11,-10,-0.67,0.54,-1.21,FALSE
4,5ea2f6ca703b9405852cda0f,57,female,164,unconfounded,b,1,11.507000000000062,60,27,-47,80,4,-41,13.33333333,14.33333333,-1,44.73874781,49.93551397,-5.196766162,-47,-41,-6,-0.43,0.3,-0.73,FALSE
4,5ea2f6ca703b9405852cda0f,57,female,165,confounded,b,1,12.940999999999804,65,54,-20,73,59,-6,33,42,-9,37.74475681,34.41898701,3.325769802,-20,-6,-14,-0.66,-0.62,-0.04,FALSE
4,5ea2f6ca703b9405852cda0f,57,female,166,confounded,a,0,12.474999999999907,59,54,-8,62,28,-3,35,29,6,30.47403266,26.54555832,3.928474339,-8,-3,-5,-0.69,0.06,-0.75,FALSE
4,5ea2f6ca703b9405852cda0f,57,female,167,unconfounded,a,0,12.57400000000007,70,41,-47,93,2,-40,21.33333333,18.33333333,3,49.74825513,55.51176052,-5.763505382,-47,-40,-7,-0.53,0.42,-0.95,FALSE
4,5ea2f6ca703b9405852cda0f,57,female,169,confounded,a,0,12.409000000000106,96,61,-17,93,41,-3,46.66666667,43.66666667,3,47.23228651,39.23717059,7.995115924,-17,-3,-14,-0.43,0.1,-0.53,FALSE
4,5ea2f6ca703b9405852cda0f,57,female,170,confounded,b,1,15.675000000000182,84,73,-51,95,70,-41,35.33333333,41.33333333,-6,61.21183618,59.10630724,2.105528943,-51,-41,-10,-0.69,-0.61,-0.08,FALSE
4,5ea2f6ca703b9405852cda0f,57,female,171,confounded,b,1,12.775000000000093,88,55,-57,98,39,-42,28.66666667,31.66666667,-3,62.05553069,57.38950736,4.666023323,-57,-42,-15,-0.56,-0.19,-0.37,FALSE
4,5ea2f6ca703b9405852cda0f,57,female,172,confounded,b,1,12.741999999999734,81,8,-35,75,6,-24,18,19,-1,47.88179891,41.44876355,6.433035356,-35,-24,-11,0.3,0.44,-0.14,FALSE
4,5ea2f6ca703b9405852cda0f,57,female,173,unconfounded,b,1,12.773000000000138,74,30,-33,93,7,-20,23.66666667,26.66666667,-3,43.91152721,48.18252334,-4.270996128,-33,-20,-13,-0.21,0.54,-0.75,FALSE
4,5ea2f6ca703b9405852cda0f,57,female,174,unconfounded,b,1,11.773000000000138,50,24,-56,83,8,-46,6,15,-9,45.10727953,52.89612462,-7.788845091,-56,-46,-10,-0.54,0.2,-0.74,FALSE
4,5ea2f6ca703b9405852cda0f,57,female,175,unconfounded,b,1,14.409000000000106,50,26,-17,66,7,-11,19.66666667,20.66666667,-1,27.71682201,32.88701196,-5.17018995,-17,-11,-6,-0.33,0.55,-0.88,FALSE
4,5ea2f6ca703b9405852cda0f,57,female,176,confounded,a,0,11.990999999999984,92,55,-16,86,47,-5,43.66666667,42.66666667,1,44.8131925,37.27674282,7.536449678,-16,-5,-11,-0.36,-0.17,-0.19,FALSE
4,5ea2f6ca703b9405852cda0f,57,female,177,confounded,a,0,11.923999999999978,90,67,-17,92,28,-7,46.66666667,37.66666667,9,45.98792112,40.99051381,4.997407312,-17,-7,-10,-0.58,0.34,-0.92,FALSE
4,5ea2f6ca703b9405852cda0f,57,female,178,confounded,a,0,12.22400000000016,76,27,-21,72,4,-12,27.33333333,21.33333333,6,39.60078563,36.41733409,3.183451536,-21,-12,-9,0.01,0.61,-0.6,FALSE
4,5ea2f6ca703b9405852cda0f,57,female,180,confounded,b,1,11.707000000000336,89,83,-40,98,60,-26,44,44,0,59.44745579,51.87163644,7.575819354,-40,-26,-14,-0.7,-0.43,-0.27,FALSE
4,5ea2f6ca703b9405852cda0f,57,female,181,unconfounded,b,1,11.375,60,34,-88,93,15,-75,2,11,-9,64.51873113,68.64400921,-4.125278077,-88,-75,-13,-0.62,-0.09,-0.53,FALSE
4,5ea2f6ca703b9405852cda0f,57,female,182,confounded,b,1,13.125,65,35,-34,61,27,-22,22,22,0,41.44876355,34.06855833,7.380205222,-34,-22,-12,-0.44,-0.22,-0.22,FALSE
4,5ea2f6ca703b9405852cda0f,57,female,183,confounded,b,1,14.009000000000016,80,73,-34,85,63,-29,39.66666667,39.66666667,0,52.16853032,49.37835783,2.790172486,-34,-29,-5,-0.7,-0.6,-0.1,FALSE
4,5ea2f6ca703b9405852cda0f,57,female,184,confounded,b,1,13.89200000000028,96,51,-91,99,54,-79,18.66666667,24.66666667,-6,79.69246444,75.57042337,4.122041069,-91,-79,-12,-0.54,-0.52,-0.02,FALSE
4,5ea2f6ca703b9405852cda0f,57,female,185,unconfounded,a,0,17.673999999999978,76,54,-46,97,16,-38,28,25,3,53.09111665,55.47972603,-2.388609381,-46,-38,-8,-0.62,0.24,-0.86,FALSE
4,5ea2f6ca703b9405852cda0f,57,female,186,unconfounded,b,1,11.644999999999982,57,55,-50,97,16,-42,20.66666667,23.66666667,-3,49.97554958,57.00487309,-7.029323509,-50,-42,-8,-0.71,0.2,-0.91,FALSE
4,5ea2f6ca703b9405852cda0f,57,female,187,confounded,a,0,13.822999999999864,82,63,-26,93,35,-12,39.66666667,38.66666667,1,47.07676945,42.94440851,4.132360945,-26,-12,-14,-0.62,0.13,-0.75,FALSE
4,5ea2f6ca703b9405852cda0f,57,female,188,confounded,b,1,13.240000000000236,93,87,-40,99,80,-30,46.66666667,49.66666667,-3,61.33152171,56.86436103,4.467160681,-40,-30,-10,-0.7,-0.65,-0.05,FALSE
4,5ea2f6ca703b9405852cda0f,57,female,189,unconfounded,b,1,12.826000000000022,55,52,-40,92,13,-29,22.33333333,25.33333333,-3,44.09333535,50.16195991,-6.068624563,-40,-29,-11,-0.7,0.35,-1.05,FALSE
4,5ea2f6ca703b9405852cda0f,57,female,190,unconfounded,a,0,11.340999999999894,92,54,-10,99,11,-1,45.33333333,36.33333333,9,42.08985098,44.58200933,-2.492158346,-10,-1,-9,-0.3,0.67,-0.97,FALSE
4,5ea2f6ca703b9405852cda0f,57,female,191,confounded,a,0,12.375,95,89,-13,98,73,-3,57,56,1,49.55804677,42.94958285,6.608463927,-13,-3,-10,-0.7,-0.53,-0.17,FALSE
4,5ea2f6ca703b9405852cda0f,57,female,192,confounded,b,1,13.025000000000093,67,51,-70,80,45,-59,16,22,-6,61.16098975,59.03106527,2.129924478,-70,-59,-11,-0.67,-0.53,-0.14,FALSE
4,5ea2f6ca703b9405852cda0f,57,female,193,unconfounded,b,1,13.741999999999734,68,28,-25,85,2,-13,23.66666667,24.66666667,-1,38.09053542,43.09936839,-5.008832965,-25,-13,-12,-0.17,0.64,-0.81,FALSE
4,5ea2f6ca703b9405852cda0f,57,female,194,confounded,b,1,13.20699999999988,69,48,-67,68,45,-60,16.66666667,17.66666667,-1,59.77922344,55.7155474,4.063676043,-67,-60,-7,-0.64,-0.62,-0.02,FALSE
4,5ea2f6ca703b9405852cda0f,57,female,195,unconfounded,b,1,12.123999999999796,71,42,-92,95,21,-86,7,10,-3,70.99765254,74.30118886,-3.303536321,-92,-86,-6,-0.62,-0.22,-0.4,FALSE
4,5ea2f6ca703b9405852cda0f,57,female,196,confounded,a,0,11.891999999999824,81,48,-42,79,15,-34,29,20,9,51.98076567,46.26733909,5.713426581,-42,-34,-8,-0.5,0.16,-0.66,FALSE
4,5ea2f6ca703b9405852cda0f,57,female,197,confounded,b,1,12.008000000000266,48,42,-20,63,30,-5,23.33333333,29.33333333,-6,30.73904502,27.7648859,2.974159125,-20,-5,-15,-0.69,-0.04,-0.65,FALSE
4,5ea2f6ca703b9405852cda0f,57,female,198,confounded,a,0,12.219000000000053,55,43,-60,58,7,-54,12.66666667,3.666666667,9,51.61610429,45.78451946,5.831584831,-60,-54,-6,-0.68,-0.11,-0.57,FALSE
4,5ea2f6ca703b9405852cda0f,57,female,199,unconfounded,a,0,12.757000000000062,61,53,-28,85,3,-20,28.66666667,22.66666667,6,40.20226638,45.0653846,-4.863118215,-28,-20,-8,-0.69,0.57,-1.26,FALSE
4,5ea2f6ca703b9405852cda0f,57,female,200,unconfounded,b,1,11.84100000000035,58,37,-21,83,16,-7,24.66666667,30.66666667,-6,33.40991204,38.17794593,-4.768033896,-21,-7,-14,-0.5,0.52,-1.02,FALSE
4,5ea2f6ca703b9405852cda0f,57,female,201,unconfounded,b,1,10.990999999999984,65,10,-62,90,1,-51,4.333333333,13.33333333,-9,52.00213671,58.21988969,-6.217752982,-62,-51,-11,-0.16,0.31,-0.47,FALSE
4,5ea2f6ca703b9405852cda0f,57,female,202,unconfounded,a,0,11.490000000000236,63,45,-19,81,8,-9,29.66666667,26.66666667,3,35.18838192,39.04128869,-3.852906764,-19,-9,-10,-0.57,0.61,-1.18,FALSE
4,5ea2f6ca703b9405852cda0f,57,female,203,confounded,a,0,12.175000000000182,81,75,-12,85,53,-3,48,45,3,42.49705872,36.36848453,6.128574196,-12,-3,-9,-0.7,-0.32,-0.38,FALSE
4,5ea2f6ca703b9405852cda0f,57,female,204,unconfounded,a,0,12.342000000000098,63,43,-58,93,3,-51,16,15,1,52.95910372,59.39696962,-6.437865901,-58,-51,-7,-0.63,0.29,-0.92,FALSE
4,5ea2f6ca703b9405852cda0f,57,female,205,confounded,b,1,11.606999999999973,82,65,-29,77,59,-18,39.33333333,39.33333333,0,48.81484292,41.20140235,7.613440566,-29,-18,-11,-0.64,-0.61,-0.03,FALSE
4,5ea2f6ca703b9405852cda0f,57,female,206,unconfounded,a,0,12.375,47,39,-49,72,3,-41,12.33333333,11.33333333,1,43.49201715,46.50686927,-3.014852118,-49,-41,-8,-0.69,0.26,-0.95,FALSE
4,5ea2f6ca703b9405852cda0f,57,female,207,unconfounded,b,1,13.144999999999982,57,52,-69,95,11,-63,13.33333333,14.33333333,-1,58.25423208,64.54627969,-6.29204761,-69,-63,-6,-0.7,0.08,-0.78,FALSE
4,5ea2f6ca703b9405852cda0f,57,female,208,unconfounded,b,1,14.291999999999916,63,32,-59,96,5,-47,12,18,-6,51.77515492,59.09878735,-7.323632437,-59,-47,-12,-0.52,0.32,-0.84,FALSE
4,5ea2f6ca703b9405852cda0f,57,female,209,confounded,a,0,12.192000000000007,67,60,-20,68,46,-10,35.66666667,34.66666667,1,39.46587837,32.83629428,6.629584088,-20,-10,-10,-0.69,-0.48,-0.21,FALSE
4,5ea2f6ca703b9405852cda0f,57,female,210,confounded,a,0,14.49200000000019,89,67,-17,87,61,-12,46.33333333,45.33333333,1,45.67518169,41.90730512,3.76787657,-17,-12,-5,-0.59,-0.51,-0.08,FALSE
4,5ea2f6ca703b9405852cda0f,57,female,211,confounded,b,1,13.45699999999988,82,80,-87,96,60,-78,25,26,-1,79.20016835,74.99333304,4.206835313,-87,-78,-9,-0.71,-0.59,-0.12,FALSE
4,5ea2f6ca703b9405852cda0f,57,female,212,confounded,b,1,15.025000000000093,85,31,-13,81,32,-1,34.33333333,37.33333333,-3,40.07770231,33.68811198,6.389590326,-13,-1,-12,0.12,0.23,-0.11,FALSE
4,5ea2f6ca703b9405852cda0f,57,female,213,confounded,b,1,13.85799999999972,58,36,-89,59,29,-74,1.666666667,4.666666667,-3,64.73707507,56.95807425,7.779000822,-89,-74,-15,-0.65,-0.56,-0.09,FALSE
4,5ea2f6ca703b9405852cda0f,57,female,214,confounded,b,1,13.675000000000182,51,45,-68,56,48,-58,9.333333333,15.33333333,-6,54.73775865,51.95724738,2.780511269,-68,-58,-10,-0.7,-0.69,-0.01,FALSE
4,5ea2f6ca703b9405852cda0f,57,female,215,unconfounded,a,0,12.60799999999972,83,22,-20,90,5,-13,28.33333333,27.33333333,1,42.28737663,44.91720779,-2.629831159,-20,-13,-7,0.22,0.62,-0.4,FALSE
4,5ea2f6ca703b9405852cda0f,57,female,216,confounded,b,1,13.60799999999972,81,40,-65,84,42,-52,18.66666667,24.66666667,-6,61.48351179,56.85849883,4.625012964,-65,-52,-13,-0.48,-0.43,-0.05,FALSE
4,5ea2f6ca703b9405852cda0f,57,female,217,unconfounded,a,0,12.275000000000093,58,49,-41,85,1,-29,22,19,3,44.69899328,48.24935233,-3.55035905,-41,-29,-12,-0.69,0.51,-1.2,FALSE
4,5ea2f6ca703b9405852cda0f,57,female,218,unconfounded,a,0,13.240999999999984,67,36,-51,86,5,-42,17.33333333,16.33333333,1,49.94886274,52.8667087,-2.917845962,-51,-42,-9,-0.51,0.31,-0.82,FALSE
4,5ea2f6ca703b9405852cda0f,57,female,219,unconfounded,b,1,11.575000000000273,74,33,-32,94,35,-27,25,34,-9,43.64248694,49.40310382,-5.760616872,-32,-27,-5,-0.27,-0.03,-0.24,FALSE
5,5f06eefaf3fc742667b4e79d,38,male,0,unconfounded,a,0,7.931399999976151,66,40,-29,84,13,-23,25.66666667,24.66666667,1,40.08601862,44.45472103,-4.368702413,-29,-23,-6,-0.49,0.38,-0.87,FALSE
5,5f06eefaf3fc742667b4e79d,38,male,1,unconfounded,a,0,6.954199999988106,78,19,-16,89,2,-7,27,28,-1,38.79003308,43.28972164,-4.49968856,-16,-7,-9,0.3,0.68,-0.38,FALSE
5,5f06eefaf3fc742667b4e79d,38,male,2,confounded,b,1,7.25620000004767,74,51,-26,76,46,-14,33,36,-3,42.76291228,37.41657387,5.346338412,-26,-14,-12,-0.56,-0.38,-0.18,FALSE
5,5f06eefaf3fc742667b4e79d,38,male,3,unconfounded,a,0,4.594600000023831,70,41,-47,93,2,-40,21.33333333,18.33333333,3,49.74825513,55.51176052,-5.763505382,-47,-40,-7,-0.53,0.42,-0.95,FALSE
5,5f06eefaf3fc742667b4e79d,38,male,4,confounded,b,1,4.118499999999983,32,12,-39,37,19,-24,1.666666667,10.66666667,-9,29.89239963,25.59079696,4.301602672,-39,-24,-15,-0.48,-0.45,-0.03,FALSE
5,5f06eefaf3fc742667b4e79d,38,male,5,unconfounded,a,0,4.706899999976173,74,46,-44,87,1,-39,25.33333333,16.33333333,9,50.34105901,52.56953068,-2.228471667,-44,-39,-5,-0.55,0.41,-0.96,FALSE
5,5f06eefaf3fc742667b4e79d,38,male,6,confounded,a,0,5.027100000023864,66,52,-14,71,33,-3,34.66666667,33.66666667,1,34.88393454,30.21405118,4.669883356,-14,-3,-11,-0.62,0.03,-0.65,FALSE
5,5f06eefaf3fc742667b4e79d,38,male,7,unconfounded,a,0,8.537699999988092,62,50,-83,92,15,-75,9.666666667,10.66666667,-1,65.70810875,68.24628602,-2.53817727,-83,-75,-8,-0.69,-0.09,-0.6,FALSE
5,5f06eefaf3fc742667b4e79d,38,male,9,confounded,a,0,5.638000000000005,91,75,-12,94,55,-4,51.33333333,48.33333333,3,45.25728916,40.28509512,4.97219404,-12,-4,-8,-0.64,-0.24,-0.4,FALSE
5,5f06eefaf3fc742667b4e79d,38,male,10,confounded,a,0,4.148199999988066,88,64,-15,89,47,-2,45.66666667,44.66666667,1,44.00252518,37.18721405,6.815311129,-15,-2,-13,-0.55,-0.09,-0.46,FALSE
5,5f06eefaf3fc742667b4e79d,38,male,11,unconfounded,a,0,6.464599999964236,66,36,-14,80,11,-6,29.33333333,28.33333333,1,32.99831646,37.18721405,-4.188897596,-14,-6,-8,-0.29,0.6,-0.89,FALSE
5,5f06eefaf3fc742667b4e79d,38,male,12,confounded,a,0,10.335899999976135,53,43,-8,49,31,-1,29.33333333,26.33333333,3,26.71246068,20.67741656,6.035044121,-8,-1,-7,-0.63,-0.33,-0.3,FALSE
5,5f06eefaf3fc742667b4e79d,38,male,13,confounded,a,0,3.696699999988056,99,45,-67,98,5,-53,25.66666667,16.66666667,9,69.13432979,62.19503374,6.939296048,-67,-53,-14,-0.4,0.27,-0.67,FALSE
5,5f06eefaf3fc742667b4e79d,38,male,14,unconfounded,a,0,8.264800000011917,58,54,-47,89,7,-34,21.66666667,20.66666667,1,48.58211834,51.13598429,-2.553865948,-47,-34,-13,-0.7,0.38,-1.08,FALSE
5,5f06eefaf3fc742667b4e79d,38,male,15,confounded,b,1,4.340200000047702,82,65,-29,77,59,-18,39.33333333,39.33333333,0,48.81484292,41.20140235,7.613440566,-29,-18,-11,-0.64,-0.61,-0.03,FALSE
5,5f06eefaf3fc742667b4e79d,38,male,16,unconfounded,b,1,6.2760000000000105,76,54,-46,97,16,-38,28,25,3,53.09111665,55.47972603,-2.388609381,-46,-38,-8,-0.62,0.24,-0.86,FALSE
5,5f06eefaf3fc742667b4e79d,38,male,17,unconfounded,a,0,7.053500000000014,58,40,-41,89,8,-31,19,22,-3,43.05810028,49.979996,-6.921895715,-41,-31,-10,-0.62,0.4,-1.02,FALSE
5,5f06eefaf3fc742667b4e79d,38,male,18,confounded,a,0,3.7291999999880545,82,64,-15,78,50,-6,43.66666667,40.66666667,3,42.1294302,34.92213561,7.207294589,-15,-6,-9,-0.61,-0.38,-0.23,FALSE
5,5f06eefaf3fc742667b4e79d,38,male,19,confounded,b,1,2.582599999964259,87,69,-31,91,47,-16,41.66666667,40.66666667,1,51.90589776,43.91152721,7.994370546,-31,-16,-15,-0.64,-0.21,-0.43,FALSE
5,5f06eefaf3fc742667b4e79d,38,male,20,confounded,b,1,3.665900000035748,74,69,-25,82,49,-13,39.33333333,39.33333333,0,45.5363103,39.38132665,6.154983646,-25,-13,-12,-0.7,-0.35,-0.35,FALSE
5,5f06eefaf3fc742667b4e79d,38,male,21,unconfounded,a,0,6.597899999976164,57,37,-65,85,1,-54,9.666666667,10.66666667,-1,53.42492136,57.15670467,-3.731783312,-65,-54,-11,-0.63,0.25,-0.88,FALSE
5,5f06eefaf3fc742667b4e79d,38,male,22,unconfounded,b,1,5.333900000035783,55,52,-40,92,13,-29,22.33333333,25.33333333,-3,44.09333535,50.16195991,-6.068624563,-40,-29,-11,-0.7,0.35,-1.05,FALSE
5,5f06eefaf3fc742667b4e79d,38,male,23,unconfounded,a,0,2.7566999999880863,55,19,-13,73,1,-4,20.33333333,23.33333333,-3,27.77688887,35.17890782,-7.402018947,-13,-4,-9,0.07,0.7,-0.63,FALSE
5,5f06eefaf3fc742667b4e79d,38,male,24,confounded,b,1,5.879300000011938,66,61,-21,85,54,-6,35.33333333,44.33333333,-9,39.88594851,37.77418284,2.111765679,-21,-6,-15,-0.7,-0.37,-0.33,FALSE
5,5f06eefaf3fc742667b4e79d,38,male,25,confounded,b,1,14.833400000035738,88,55,-57,98,39,-42,28.66666667,31.66666667,-3,62.05553069,57.38950736,4.666023323,-57,-42,-15,-0.56,-0.19,-0.37,FALSE
5,5f06eefaf3fc742667b4e79d,38,male,26,confounded,b,1,4.899799999952336,58,36,-89,59,29,-74,1.666666667,4.666666667,-3,64.73707507,56.95807425,7.779000822,-89,-74,-15,-0.65,-0.56,-0.09,FALSE
5,5f06eefaf3fc742667b4e79d,38,male,27,unconfounded,b,1,6.9282000000476955,65,10,-62,90,1,-51,4.333333333,13.33333333,-9,52.00213671,58.21988969,-6.217752982,-62,-51,-11,-0.16,0.31,-0.47,FALSE
5,5f06eefaf3fc742667b4e79d,38,male,28,unconfounded,a,0,5.980199999988088,61,49,-22,81,3,-14,29.33333333,23.33333333,6,36.62725154,41.36289266,-4.735641114,-22,-14,-8,-0.65,0.62,-1.27,FALSE
5,5f06eefaf3fc742667b4e79d,38,male,29,confounded,a,0,5.662300000011896,82,32,-65,81,1,-60,16.33333333,7.333333333,9,61.02640594,57.73695139,3.289454554,-65,-60,-5,-0.37,0.16,-0.53,FALSE
5,5f06eefaf3fc742667b4e79d,38,male,30,unconfounded,b,1,9.180199999988076,61,18,-37,77,14,-31,14,20,-6,40.10818703,44.29446918,-4.186282153,-37,-31,-6,-0.15,0.2,-0.35,FALSE
5,5f06eefaf3fc742667b4e79d,38,male,31,unconfounded,b,1,3.4413000000119496,45,38,-33,83,15,-21,16.66666667,25.66666667,-9,35.23571421,43.12256434,-7.886850138,-33,-21,-12,-0.69,0.36,-1.05,FALSE
5,5f06eefaf3fc742667b4e79d,38,male,32,confounded,b,1,3.509699999988072,79,75,-24,86,58,-11,43.33333333,44.33333333,-1,47.6398526,40.76218291,6.877669688,-24,-11,-13,-0.7,-0.47,-0.23,FALSE
5,5f06eefaf3fc742667b4e79d,38,male,33,unconfounded,b,1,3.00750000000005,60,34,-88,93,15,-75,2,11,-9,64.51873113,68.64400921,-4.125278077,-88,-75,-13,-0.62,-0.09,-0.53,FALSE
5,5f06eefaf3fc742667b4e79d,38,male,34,confounded,b,1,3.7719999999999914,80,61,-49,77,57,-42,30.66666667,30.66666667,0,56.86436103,52.02777036,4.836590669,-49,-42,-7,-0.65,-0.63,-0.02,FALSE
5,5f06eefaf3fc742667b4e79d,38,male,35,unconfounded,b,1,5.607399999976167,58,28,-19,71,11,-12,22.33333333,23.33333333,-1,31.68946548,34.98888712,-3.299421648,-19,-12,-7,-0.26,0.48,-0.74,FALSE
5,5f06eefaf3fc742667b4e79d,38,male,36,confounded,a,0,8.756100000023821,90,19,-42,81,3,-35,22.33333333,16.33333333,6,53.94029621,48.2861839,5.654112314,-42,-35,-7,0.09,0.39,-0.3,FALSE
5,5f06eefaf3fc742667b4e79d,38,male,37,unconfounded,b,1,3.776299999952301,61,53,-62,85,48,-54,17.33333333,26.33333333,-9,56.19213073,58.77830288,-2.586172149,-62,-54,-8,-0.7,-0.5,-0.2,FALSE
5,5f06eefaf3fc742667b4e79d,38,male,38,confounded,b,1,2.9414999999999623,95,41,-73,89,40,-63,21,22,-1,70.0285656,63.34561284,6.682952755,-73,-63,-10,-0.41,-0.4,-0.01,FALSE
5,5f06eefaf3fc742667b4e79d,38,male,39,confounded,b,1,6.143600000023866,80,73,-34,85,63,-29,39.66666667,39.66666667,0,52.16853032,49.37835783,2.790172486,-34,-29,-5,-0.7,-0.6,-0.1,FALSE
5,5f06eefaf3fc742667b4e79d,38,male,40,confounded,b,1,3.4186000000238437,60,45,-95,64,47,-83,3.333333333,9.333333333,-6,69.8013053,65.65735975,4.143945558,-95,-83,-12,-0.68,-0.67,-0.01,FALSE
5,5f06eefaf3fc742667b4e79d,38,male,41,confounded,b,1,2.2497999999523017,57,56,-92,65,49,-84,7,10,-3,70.00476174,66.78822251,3.216539228,-92,-84,-8,-0.71,-0.68,-0.03,FALSE
5,5f06eefaf3fc742667b4e79d,38,male,42,confounded,b,1,2.8626000000238605,84,54,-18,91,30,-4,40,39,1,42.80186912,39.3022476,3.499621515,-18,-4,-14,-0.46,0.33,-0.79,FALSE
5,5f06eefaf3fc742667b4e79d,38,male,43,confounded,b,1,4.912699999988035,78,64,-50,80,54,-42,30.66666667,30.66666667,0,57.32558087,52.46797965,4.857601218,-50,-42,-8,-0.68,-0.58,-0.1,FALSE
5,5f06eefaf3fc742667b4e79d,38,male,44,unconfounded,b,1,3.796800000011956,52,34,-65,75,3,-57,7,7,0,51.4392846,53.96295025,-2.523665654,-65,-57,-8,-0.64,0.11,-0.75,FALSE
5,5f06eefaf3fc742667b4e79d,38,male,45,confounded,b,1,4.376799999952368,65,35,-34,61,27,-22,22,22,0,41.44876355,34.06855833,7.380205222,-34,-22,-12,-0.44,-0.22,-0.22,FALSE
5,5f06eefaf3fc742667b4e79d,38,male,46,confounded,a,0,7.1598000000119555,67,16,-14,66,5,-2,23,23,0,33.43650699,30.53959179,2.896915205,-14,-2,-12,0.3,0.68,-0.38,FALSE
5,5f06eefaf3fc742667b4e79d,38,male,47,confounded,b,1,2.4841000000238296,93,87,-40,99,80,-30,46.66666667,49.66666667,-3,61.33152171,56.86436103,4.467160681,-40,-30,-10,-0.7,-0.65,-0.05,FALSE
5,5f06eefaf3fc742667b4e79d,38,male,48,unconfounded,b,1,3.867599999964227,48,36,-33,76,20,-27,17,23,-6,35.6931366,42.10304819,-6.409911592,-33,-27,-6,-0.65,0.11,-0.76,FALSE
5,5f06eefaf3fc742667b4e79d,38,male,49,confounded,a,0,4.412599999964243,95,77,-55,97,48,-46,39,33,6,66.87301399,59.33520596,7.537808026,-55,-46,-9,-0.67,-0.36,-0.31,FALSE
5,5f06eefaf3fc742667b4e79d,38,male,50,unconfounded,b,1,4.076400000035733,57,33,-78,87,14,-71,4,10,-6,58.80476171,64.56521251,-5.7604508,-78,-71,-7,-0.62,-0.09,-0.53,FALSE
5,5f06eefaf3fc742667b4e79d,38,male,51,confounded,b,1,3.632999999999982,81,8,-35,75,6,-24,18,19,-1,47.88179891,41.44876355,6.433035356,-35,-24,-11,0.3,0.44,-0.14,FALSE
5,5f06eefaf3fc742667b4e79d,38,male,53,unconfounded,a,0,3.724999999999966,83,61,-20,99,4,-6,41.33333333,32.33333333,9,44.28945197,47.31689856,-3.027446588,-20,-6,-14,-0.58,0.68,-1.26,FALSE
5,5f06eefaf3fc742667b4e79d,38,male,54,unconfounded,b,1,4.217699999988099,64,23,-82,89,11,-77,1.666666667,7.666666667,-6,61.48351179,67.81019261,-6.326680822,-82,-77,-5,-0.48,-0.07,-0.41,FALSE
5,5f06eefaf3fc742667b4e79d,38,male,55,confounded,a,0,6.950399999976128,81,48,-42,79,15,-34,29,20,9,51.98076567,46.26733909,5.713426581,-42,-34,-8,-0.5,0.16,-0.66,FALSE
5,5f06eefaf3fc742667b4e79d,38,male,56,confounded,b,1,2.543699999988064,57,40,-94,70,21,-79,1,4,-3,67.53270812,62.00537611,5.527332014,-94,-79,-15,-0.67,-0.39,-0.28,FALSE
5,5f06eefaf3fc742667b4e79d,38,male,57,confounded,b,1,2.6485000000000127,42,40,-31,59,28,-18,17,23,-6,33.950945,31.63331577,2.317629233,-31,-18,-13,-0.71,-0.23,-0.48,FALSE
5,5f06eefaf3fc742667b4e79d,38,male,58,unconfounded,a,0,3.53839999997615,39,29,-22,58,1,-13,15.33333333,15.33333333,0,26.71246068,30.70649587,-3.994035195,-22,-13,-9,-0.63,0.6,-1.23,FALSE
5,5f06eefaf3fc742667b4e79d,38,male,59,unconfounded,b,1,4.11280000001193,74,30,-33,93,7,-20,23.66666667,26.66666667,-3,43.91152721,48.18252334,-4.270996128,-33,-20,-13,-0.21,0.54,-0.75,FALSE
5,5f06eefaf3fc742667b4e79d,38,male,60,unconfounded,a,0,6.128299999952333,58,37,-21,83,16,-7,24.66666667,30.66666667,-6,33.40991204,38.17794593,-4.768033896,-21,-7,-14,-0.5,0.52,-1.02,FALSE
5,5f06eefaf3fc742667b4e79d,38,male,61,unconfounded,b,1,5.536600000023839,69,32,-47,87,24,-39,18,24,-6,48.38043682,51.4392846,-3.058847781,-47,-39,-8,-0.41,0,-0.41,FALSE
5,5f06eefaf3fc742667b4e79d,38,male,62,unconfounded,a,0,3.3108999999761863,78,35,-19,87,10,-12,31.33333333,28.33333333,3,39.68486977,42.44473531,-2.759865537,-19,-12,-7,-0.14,0.57,-0.71,FALSE
5,5f06eefaf3fc742667b4e79d,38,male,63,confounded,a,0,3.0815000000000055,76,47,-60,74,22,-51,21,15,6,58.48646567,51.27052435,7.215941325,-60,-51,-9,-0.58,-0.2,-0.38,FALSE
5,5f06eefaf3fc742667b4e79d,38,male,64,unconfounded,a,0,2.9131999999880804,47,39,-49,72,3,-41,12.33333333,11.33333333,1,43.49201715,46.50686927,-3.014852118,-49,-41,-8,-0.69,0.26,-0.95,FALSE
5,5f06eefaf3fc742667b4e79d,38,male,65,confounded,a,0,4.73120000004775,82,63,-26,93,35,-12,39.66666667,38.66666667,1,47.07676945,42.94440851,4.132360945,-26,-12,-14,-0.62,0.13,-0.75,FALSE
5,5f06eefaf3fc742667b4e79d,38,male,66,confounded,b,1,6.3966000000237955,87,67,-40,97,42,-25,38,38,0,55.75541827,49.88653793,5.868880342,-40,-25,-15,-0.64,-0.12,-0.52,FALSE
5,5f06eefaf3fc742667b4e79d,38,male,67,confounded,a,0,4.600299999952313,90,67,-17,92,28,-7,46.66666667,37.66666667,9,45.98792112,40.99051381,4.997407312,-17,-7,-10,-0.58,0.34,-0.92,FALSE
5,5f06eefaf3fc742667b4e79d,38,male,68,confounded,b,1,4.182800000011866,52,14,-16,53,17,-2,16.66666667,22.66666667,-6,27.82484901,22.80838053,5.01646848,-16,-2,-14,0.14,0.36,-0.22,FALSE
5,5f06eefaf3fc742667b4e79d,38,male,69,unconfounded,a,0,4.796000000000049,61,43,-79,96,2,-73,8.333333333,8.333333333,0,62.18967403,69.13915115,-6.949477127,-79,-73,-6,-0.66,0.14,-0.8,FALSE
5,5f06eefaf3fc742667b4e79d,38,male,70,confounded,a,0,5.237699999988081,91,40,-37,81,27,-32,31.33333333,25.33333333,6,52.61389761,46.14710777,6.466789845,-37,-32,-5,-0.24,-0.05,-0.19,FALSE
5,5f06eefaf3fc742667b4e79d,38,male,71,unconfounded,a,0,3.364399999976172,92,49,-7,99,9,-1,44.66666667,35.66666667,9,40.53256578,44.96912521,-4.436559429,-7,-1,-6,-0.16,0.68,-0.84,FALSE
5,5f06eefaf3fc742667b4e79d,38,male,72,unconfounded,a,0,5.930299999952354,66,61,-25,89,4,-18,34,25,9,41.76920716,46.13747573,-4.368268571,-25,-18,-7,-0.7,0.59,-1.29,FALSE
5,5f06eefaf3fc742667b4e79d,38,male,74,unconfounded,b,1,3.51219999998807,50,24,-56,83,8,-46,6,15,-9,45.10727953,52.89612462,-7.788845091,-56,-46,-10,-0.54,0.2,-0.74,FALSE
5,5f06eefaf3fc742667b4e79d,38,male,75,confounded,a,0,3.453800000011938,93,65,-15,92,30,-6,47.66666667,38.66666667,9,45.7626728,40.47495796,5.28771484,-15,-6,-9,-0.51,0.31,-0.82,FALSE
5,5f06eefaf3fc742667b4e79d,38,male,76,confounded,a,0,2.9624999999999773,86,80,-10,84,66,-3,52,49,3,43.9089968,37.49666652,6.412330282,-10,-3,-7,-0.7,-0.59,-0.11,FALSE
5,5f06eefaf3fc742667b4e79d,38,male,77,confounded,b,1,12.608400000035772,88,81,-45,99,73,-30,41.33333333,47.33333333,-6,61.11373732,55.70358058,5.410156742,-45,-30,-15,-0.7,-0.59,-0.11,FALSE
5,5f06eefaf3fc742667b4e79d,38,male,78,confounded,b,1,3.2659999999999627,79,27,-34,70,26,-24,24,24,0,46.18080409,38.40138886,7.779415229,-34,-24,-10,-0.1,-0.08,-0.02,FALSE
5,5f06eefaf3fc742667b4e79d,38,male,79,confounded,a,0,5.883399999976177,81,74,-67,96,32,-58,29.33333333,23.33333333,6,68.17787194,63.16820579,5.009666154,-67,-58,-9,-0.7,-0.2,-0.5,FALSE
5,5f06eefaf3fc742667b4e79d,38,male,80,unconfounded,a,0,2.42349999999999,77,67,-13,98,10,-4,43.66666667,34.66666667,9,40.27681991,45.14667454,-4.86985463,-13,-4,-9,-0.67,0.66,-1.33,FALSE
5,5f06eefaf3fc742667b4e79d,38,male,81,confounded,a,0,2.11309999996422,55,43,-60,58,7,-54,12.66666667,3.666666667,9,51.61610429,45.78451946,5.831584831,-60,-54,-6,-0.68,-0.11,-0.57,FALSE
5,5f06eefaf3fc742667b4e79d,38,male,82,confounded,b,1,5.445400000035761,81,40,-65,84,42,-52,18.66666667,24.66666667,-6,61.48351179,56.85849883,4.625012964,-65,-52,-13,-0.48,-0.43,-0.05,FALSE
5,5f06eefaf3fc742667b4e79d,38,male,83,unconfounded,a,0,3.4366999999880363,80,55,-43,97,5,-37,30.66666667,21.66666667,9,53.08065142,55.96030339,-2.879651967,-43,-37,-6,-0.59,0.42,-1.01,FALSE
5,5f06eefaf3fc742667b4e79d,38,male,84,unconfounded,b,1,6.783500000000004,57,55,-50,97,16,-42,20.66666667,23.66666667,-3,49.97554958,57.00487309,-7.029323509,-50,-42,-8,-0.71,0.2,-0.91,FALSE
5,5f06eefaf3fc742667b4e79d,38,male,85,unconfounded,a,0,7.8045000000000755,49,31,-74,83,4,-63,2,8,-6,54.24020649,59.67132198,-5.431115489,-74,-63,-11,-0.65,0.1,-0.75,FALSE
5,5f06eefaf3fc742667b4e79d,38,male,86,unconfounded,b,1,3.5844999999999345,79,53,-16,96,9,-7,38.66666667,32.66666667,6,40.08601862,45.25728916,-5.17127054,-16,-7,-9,-0.49,0.64,-1.13,FALSE
5,5f06eefaf3fc742667b4e79d,38,male,87,unconfounded,b,1,11.451899999976147,74,35,-30,97,8,-17,26.33333333,29.33333333,-3,42.89781139,48.92397731,-6.026165915,-30,-17,-13,-0.29,0.57,-0.86,FALSE
5,5f06eefaf3fc742667b4e79d,38,male,88,unconfounded,b,1,5.023100000023874,64,49,-69,94,7,-60,14.66666667,13.66666667,1,59.4773533,63.04671989,-3.56936659,-69,-60,-9,-0.67,0.16,-0.83,FALSE
5,5f06eefaf3fc742667b4e79d,38,male,89,unconfounded,a,0,2.7713000000119337,49,33,-54,78,3,-44,9.333333333,12.33333333,-3,45.25728916,50.24163833,-4.98434917,-54,-44,-10,-0.64,0.27,-0.91,FALSE
5,5f06eefaf3fc742667b4e79d,38,male,90,confounded,a,0,11.911700000047745,60,58,-24,72,31,-12,31.33333333,30.33333333,1,39.13509366,34.29609631,4.838997345,-24,-12,-12,-0.71,-0.03,-0.68,FALSE
5,5f06eefaf3fc742667b4e79d,38,male,91,unconfounded,b,1,2.9888999999761836,69,66,-55,96,34,-50,26.66666667,26.66666667,0,57.76004001,59.82938706,-2.069347044,-55,-50,-5,-0.71,-0.18,-0.53,FALSE
5,5f06eefaf3fc742667b4e79d,38,male,92,unconfounded,b,1,3.5494999999999663,72,62,-10,99,53,-1,41.33333333,50.33333333,-9,36.52700675,40.86835233,-4.341345579,-10,-1,-9,-0.67,-0.1,-0.57,FALSE
5,5f06eefaf3fc742667b4e79d,38,male,93,confounded,b,1,3.46939999997619,96,51,-91,99,54,-79,18.66666667,24.66666667,-6,79.69246444,75.57042337,4.122041069,-91,-79,-12,-0.54,-0.52,-0.02,FALSE
5,5f06eefaf3fc742667b4e79d,38,male,94,confounded,b,1,4.730699999988133,51,45,-68,56,48,-58,9.333333333,15.33333333,-6,54.73775865,51.95724738,2.780511269,-68,-58,-10,-0.7,-0.69,-0.01,FALSE
5,5f06eefaf3fc742667b4e79d,38,male,95,confounded,b,1,2.3804999999999836,48,42,-20,63,30,-5,23.33333333,29.33333333,-6,30.73904502,27.7648859,2.974159125,-20,-5,-15,-0.69,-0.04,-0.65,FALSE
5,5f06eefaf3fc742667b4e79d,38,male,96,confounded,b,1,3.898000000000025,76,27,-21,72,4,-12,27.33333333,21.33333333,6,39.60078563,36.41733409,3.183451536,-21,-12,-9,0.01,0.61,-0.6,FALSE
5,5f06eefaf3fc742667b4e79d,38,male,97,confounded,b,1,3.6383999999761727,84,56,-46,86,24,-34,31.33333333,25.33333333,6,55.86491644,48.9988662,6.86605024,-46,-34,-12,-0.58,0.04,-0.62,FALSE
5,5f06eefaf3fc742667b4e79d,38,male,98,confounded,a,0,5.863899999976184,98,40,-65,99,32,-55,24.33333333,25.33333333,-1,67.46027638,63.04671989,4.413556487,-65,-55,-10,-0.34,-0.16,-0.18,FALSE
5,5f06eefaf3fc742667b4e79d,38,male,99,unconfounded,a,0,5.896200000047656,80,45,-79,99,3,-74,15.33333333,9.333333333,6,68.2169741,70.76879413,-2.551820026,-79,-74,-5,-0.57,0.13,-0.7,FALSE
5,5f06eefaf3fc742667b4e79d,38,male,100,unconfounded,b,1,10.569199999988086,71,42,-92,95,21,-86,7,10,-3,70.99765254,74.30118886,-3.303536321,-92,-86,-6,-0.62,-0.22,-0.4,FALSE
5,5f06eefaf3fc742667b4e79d,38,male,101,confounded,b,1,3.398000000000025,45,24,-31,48,17,-18,12.66666667,15.66666667,-3,32.0451071,26.96087701,5.084230092,-31,-18,-13,-0.49,-0.07,-0.42,FALSE
5,5f06eefaf3fc742667b4e79d,38,male,102,confounded,b,1,4.067100000023856,95,89,-13,98,73,-3,57,56,1,49.55804677,42.94958285,6.608463927,-13,-3,-10,-0.7,-0.53,-0.17,FALSE
5,5f06eefaf3fc742667b4e79d,38,male,103,unconfounded,a,0,5.246499999999969,67,35,-44,90,1,-33,19.33333333,19.33333333,0,46.64999702,51.86092513,-5.210928109,-44,-33,-11,-0.47,0.49,-0.96,FALSE
5,5f06eefaf3fc742667b4e79d,38,male,104,confounded,a,0,3.2914000000357646,80,43,-41,81,8,-34,27.33333333,18.33333333,9,50.62498285,47.5137407,3.111242151,-41,-34,-7,-0.43,0.32,-0.75,FALSE
5,5f06eefaf3fc742667b4e79d,38,male,105,unconfounded,b,1,5.113500000000045,81,32,-83,99,17,-77,10,13,-3,68.73621074,71.90734779,-3.171137055,-83,-77,-6,-0.45,-0.08,-0.37,FALSE
5,5f06eefaf3fc742667b4e79d,38,male,106,confounded,b,1,4.527699999988158,82,78,-17,89,62,-11,47.66666667,46.66666667,1,45.75538827,42.24005471,3.515333554,-17,-11,-6,-0.7,-0.5,-0.2,FALSE
5,5f06eefaf3fc742667b4e79d,38,male,107,unconfounded,b,1,3.4616999999881273,63,47,-21,91,15,-14,29.66666667,30.66666667,-1,36.41733409,44.27439692,-7.857062825,-21,-14,-7,-0.61,0.49,-1.1,FALSE
5,5f06eefaf3fc742667b4e79d,38,male,108,confounded,b,1,3.50080000001185,75,56,-40,78,43,-30,30.33333333,30.33333333,0,50.33443707,44.99135719,5.343079879,-40,-30,-10,-0.63,-0.4,-0.23,FALSE
5,5f06eefaf3fc742667b4e79d,38,male,109,unconfounded,a,0,3.5120000000000573,56,39,-78,85,2,-70,5.666666667,5.666666667,0,59.56695579,63.33157892,-3.764623132,-78,-70,-8,-0.66,0.09,-0.75,FALSE
5,5f06eefaf3fc742667b4e79d,38,male,110,confounded,b,1,6.194000000000074,39,30,-45,49,34,-32,8,17,-9,37.65634077,35.18522417,2.471116596,-45,-32,-13,-0.68,-0.61,-0.07,FALSE
5,5f06eefaf3fc742667b4e79d,38,male,111,confounded,a,0,2.961500000000001,92,55,-16,86,47,-5,43.66666667,42.66666667,1,44.8131925,37.27674282,7.536449678,-16,-5,-11,-0.36,-0.17,-0.19,FALSE
5,5f06eefaf3fc742667b4e79d,38,male,112,unconfounded,b,1,4.731399999976134,74,33,-32,94,35,-27,25,34,-9,43.64248694,49.40310382,-5.760616872,-32,-27,-5,-0.27,-0.03,-0.24,FALSE
5,5f06eefaf3fc742667b4e79d,38,male,113,confounded,a,0,23.091899999976135,94,59,-24,99,39,-12,43,42,1,49.48400415,45.36518489,4.118819261,-24,-12,-12,-0.45,0.1,-0.55,FALSE
5,5f06eefaf3fc742667b4e79d,38,male,114,unconfounded,a,0,2.5476000000238628,52,25,-28,65,9,-22,16.33333333,17.33333333,-1,33.22983933,36.00308629,-2.773246953,-28,-22,-6,-0.37,0.33,-0.7,FALSE
5,5f06eefaf3fc742667b4e79d,38,male,115,unconfounded,a,0,2.7605999999642563,77,49,-72,97,6,-67,18,12,6,64.65807503,67.08700818,-2.42893315,-72,-67,-5,-0.61,0.13,-0.74,FALSE
5,5f06eefaf3fc742667b4e79d,38,male,116,confounded,b,1,2.794999999999959,89,83,-40,98,60,-26,44,44,0,59.44745579,51.87163644,7.575819354,-40,-26,-14,-0.7,-0.43,-0.27,FALSE
5,5f06eefaf3fc742667b4e79d,38,male,117,unconfounded,a,0,2.846499999999992,65,46,-24,88,13,-14,29,29,0,38.27096375,43.15089802,-4.879934267,-24,-14,-10,-0.58,0.51,-1.09,FALSE
5,5f06eefaf3fc742667b4e79d,38,male,118,confounded,a,0,4.871999999999957,79,76,-68,85,37,-62,29,20,9,68.60029154,61.20457499,7.395716552,-68,-62,-6,-0.71,-0.4,-0.31,FALSE
5,5f06eefaf3fc742667b4e79d,38,male,119,unconfounded,b,1,2.7339999999999236,51,48,-71,84,26,-64,9.333333333,15.33333333,-6,56.81744646,60.88969991,-4.072253454,-71,-64,-7,-0.71,-0.26,-0.45,FALSE
5,5f06eefaf3fc742667b4e79d,38,male,120,confounded,a,0,2.915699999988078,69,40,-29,65,14,-17,26.66666667,20.66666667,6,41.10420362,33.80663972,7.297563908,-29,-17,-12,-0.45,0.29,-0.74,FALSE
5,5f06eefaf3fc742667b4e79d,38,male,121,unconfounded,b,1,3.0986000000237937,65,27,-35,83,18,-26,19,25,-6,41.21488404,44.77350407,-3.558620027,-35,-26,-9,-0.28,0.23,-0.51,FALSE
5,5f06eefaf3fc742667b4e79d,38,male,122,confounded,a,0,6.25930000001199,84,74,-73,96,33,-62,28.33333333,22.33333333,6,71.76969339,64.9427098,6.826983592,-73,-62,-11,-0.7,-0.24,-0.46,FALSE
5,5f06eefaf3fc742667b4e79d,38,male,123,unconfounded,b,1,2.563199999988001,80,31,-38,94,5,-26,24.33333333,24.33333333,0,48.40339749,50.86146762,-2.458070131,-38,-26,-12,-0.2,0.52,-0.72,FALSE
5,5f06eefaf3fc742667b4e79d,38,male,124,unconfounded,b,1,4.098099999964234,52,47,-90,84,32,-80,3,12,-9,65.79260343,68.43001291,-2.637409474,-90,-80,-10,-0.7,-0.41,-0.29,FALSE
5,5f06eefaf3fc742667b4e79d,38,male,125,confounded,a,0,3.0130000000000337,93,73,-18,97,48,-6,49.33333333,46.33333333,3,48.30688932,42.06608557,6.240803743,-18,-6,-12,-0.62,-0.06,-0.56,FALSE
5,5f06eefaf3fc742667b4e79d,38,male,126,confounded,b,1,5.078400000035799,67,65,-84,92,13,-75,16,10,6,70.71539201,68.21045863,2.504933376,-84,-75,-9,-0.71,-0.07,-0.64,FALSE
5,5f06eefaf3fc742667b4e79d,38,male,127,confounded,b,1,4.029399999976135,83,79,-38,99,58,-24,41.33333333,44.33333333,-3,56.12090124,51.13598429,4.98491695,-38,-24,-14,-0.7,-0.38,-0.32,FALSE
5,5f06eefaf3fc742667b4e79d,38,male,128,unconfounded,b,1,3.04640000003576,76,42,-93,97,33,-87,8.333333333,14.33333333,-6,72.9855389,76.26853145,-3.282992543,-93,-87,-6,-0.59,-0.35,-0.24,FALSE
5,5f06eefaf3fc742667b4e79d,38,male,129,unconfounded,a,0,2.573999999999955,76,48,-37,99,1,-31,29,23,6,48.04858652,55.30521374,-7.256627218,-37,-31,-6,-0.53,0.53,-1.06,FALSE
5,5f06eefaf3fc742667b4e79d,38,male,130,confounded,b,1,2.7829000000357382,84,73,-51,95,70,-41,35.33333333,41.33333333,-6,61.21183618,59.10630724,2.105528943,-51,-41,-10,-0.69,-0.61,-0.08,FALSE
5,5f06eefaf3fc742667b4e79d,38,male,131,unconfounded,b,1,25.208999999999943,72,35,-48,99,28,-41,19.66666667,28.66666667,-9,50.17524844,57.15670467,-6.981456236,-48,-41,-7,-0.43,0.02,-0.45,FALSE
5,5f06eefaf3fc742667b4e79d,38,male,132,unconfounded,b,1,8.020999999999958,44,17,-42,71,6,-31,6.333333333,15.33333333,-9,35.91038228,42.16106682,-6.250684541,-42,-31,-11,-0.42,0.32,-0.74,FALSE
5,5f06eefaf3fc742667b4e79d,38,male,133,confounded,b,1,6.427800000011985,62,49,-44,69,55,-30,22.33333333,31.33333333,-9,47.20404879,43.74420597,3.459842825,-44,-30,-14,-0.67,-0.65,-0.02,FALSE
5,5f06eefaf3fc742667b4e79d,38,male,134,confounded,b,1,3.5775000000001,65,30,-84,74,33,-69,3.666666667,12.66666667,-9,63.61516241,60.12394605,3.491216361,-84,-69,-15,-0.55,-0.47,-0.08,FALSE
5,5f06eefaf3fc742667b4e79d,38,male,135,unconfounded,a,0,4.531100000023798,92,54,-10,99,11,-1,45.33333333,36.33333333,9,42.08985098,44.58200933,-2.492158346,-10,-1,-9,-0.3,0.67,-0.97,FALSE
5,5f06eefaf3fc742667b4e79d,38,male,136,confounded,b,1,5.472899999976107,82,57,-23,90,38,-9,38.66666667,39.66666667,-1,44.78342948,40.43375927,4.349670203,-23,-9,-14,-0.55,0.06,-0.61,FALSE
5,5f06eefaf3fc742667b4e79d,38,male,137,unconfounded,a,0,5.228100000023915,85,48,-45,99,2,-40,29.33333333,20.33333333,9,54.68901982,58.20843772,-3.519417903,-45,-40,-5,-0.47,0.44,-0.91,FALSE
5,5f06eefaf3fc742667b4e79d,38,male,138,unconfounded,a,0,4.047099999964189,86,44,-23,97,16,-15,35.66666667,32.66666667,3,44.88751373,47.21816976,-2.33065603,-23,-15,-8,-0.27,0.49,-0.76,FALSE
5,5f06eefaf3fc742667b4e79d,38,male,139,confounded,b,1,3.4037000000477065,61,33,-71,68,40,-58,7.666666667,16.66666667,-9,56.78810517,54.02057221,2.767532958,-71,-58,-13,-0.58,-0.57,-0.01,FALSE
5,5f06eefaf3fc742667b4e79d,38,male,140,confounded,b,1,3.464599999964207,60,35,-32,57,29,-20,21,22,-1,38.8415585,31.82242396,7.01913454,-32,-20,-12,-0.49,-0.32,-0.17,FALSE
5,5f06eefaf3fc742667b4e79d,38,male,141,unconfounded,b,1,5.12809999996432,72,34,-68,95,3,-57,12.66666667,13.66666667,-1,59.11194653,62.51044357,-3.398497045,-68,-57,-11,-0.49,0.25,-0.74,FALSE
5,5f06eefaf3fc742667b4e79d,38,male,142,confounded,a,0,2.9793000000119036,93,88,-12,97,64,-1,56.33333333,53.33333333,3,48.36206043,40.71308826,7.64897217,-12,-1,-11,-0.7,-0.38,-0.32,FALSE
5,5f06eefaf3fc742667b4e79d,38,male,143,confounded,b,1,3.868199999988065,73,68,-84,83,63,-71,19,25,-6,72.86059749,68.37153404,4.489063453,-84,-71,-13,-0.7,-0.66,-0.04,FALSE
5,5f06eefaf3fc742667b4e79d,38,male,144,unconfounded,a,0,3.8471999999881064,72,70,-34,99,2,-20,36,27,9,49.50420858,51.69784006,-2.193631483,-34,-20,-14,-0.71,0.61,-1.32,FALSE
5,5f06eefaf3fc742667b4e79d,38,male,145,unconfounded,a,0,2.33400000000006,56,53,-14,73,2,-7,31.66666667,22.66666667,9,32.31442746,35.78019316,-3.465765693,-14,-7,-7,-0.7,0.67,-1.37,FALSE
5,5f06eefaf3fc742667b4e79d,38,male,146,confounded,a,0,2.499600000023861,79,45,-35,80,2,-20,29.66666667,20.66666667,9,47.7865625,42.90558109,4.880981407,-35,-20,-15,-0.45,0.57,-1.02,FALSE
5,5f06eefaf3fc742667b4e79d,38,male,147,unconfounded,a,0,8.402100000023779,61,50,-88,94,11,-82,7.666666667,7.666666667,0,67.79544396,71.8903486,-4.094904639,-88,-82,-6,-0.69,-0.07,-0.62,FALSE
5,5f06eefaf3fc742667b4e79d,38,male,148,confounded,a,0,6.218499999999949,89,74,-13,90,55,-4,50,47,3,44.96665431,38.79003308,6.176621228,-13,-4,-9,-0.65,-0.3,-0.35,FALSE
5,5f06eefaf3fc742667b4e79d,38,male,149,confounded,a,0,3.038200000047709,91,73,-19,96,36,-14,48.33333333,39.33333333,9,48.17560471,44.96912521,3.206479496,-19,-14,-5,-0.63,0.11,-0.74,FALSE
5,5f06eefaf3fc742667b4e79d,38,male,150,unconfounded,a,0,4.050800000012032,63,60,-29,84,5,-22,31.33333333,22.33333333,9,42.67968551,44.97653709,-2.296851579,-29,-22,-7,-0.7,0.52,-1.22,FALSE
5,5f06eefaf3fc742667b4e79d,38,male,151,unconfounded,a,0,6.721600000023955,63,32,-59,96,5,-47,12,18,-6,51.77515492,59.09878735,-7.323632437,-59,-47,-12,-0.52,0.32,-0.84,FALSE
5,5f06eefaf3fc742667b4e79d,38,male,152,confounded,b,1,3.445699999987937,99,38,-35,87,15,-27,34,25,9,54.77834122,47.07440918,7.703932035,-35,-27,-8,-0.11,0.31,-0.42,FALSE
5,5f06eefaf3fc742667b4e79d,38,male,153,unconfounded,a,0,2.5476999999880263,60,27,-47,80,4,-41,13.33333333,14.33333333,-1,44.73874781,49.93551397,-5.196766162,-47,-41,-6,-0.43,0.3,-0.73,FALSE
5,5f06eefaf3fc742667b4e79d,38,male,154,unconfounded,b,1,4.211100000023862,73,50,-46,98,7,-31,25.66666667,24.66666667,1,51.53855084,54.12536887,-2.586818037,-46,-31,-15,-0.6,0.45,-1.05,FALSE
5,5f06eefaf3fc742667b4e79d,38,male,155,confounded,b,1,5.395099999964032,69,48,-67,68,45,-60,16.66666667,17.66666667,-1,59.77922344,55.7155474,4.063676043,-67,-60,-7,-0.64,-0.62,-0.02,FALSE
5,5f06eefaf3fc742667b4e79d,38,male,156,unconfounded,a,0,4.250400000035825,64,57,-33,97,1,-19,29.33333333,26.33333333,3,44.16886787,50.63156679,-6.46269892,-33,-19,-14,-0.69,0.63,-1.32,FALSE
5,5f06eefaf3fc742667b4e79d,38,male,157,unconfounded,a,0,5.733800000011797,52,41,-26,71,1,-14,22.33333333,19.33333333,3,34.47059939,37.04351795,-2.572918563,-26,-14,-12,-0.65,0.62,-1.27,FALSE
5,5f06eefaf3fc742667b4e79d,38,male,158,unconfounded,a,0,3.661999999999807,71,45,-35,95,9,-23,27,27,0,45.10727953,49.82636518,-4.719085645,-35,-23,-12,-0.54,0.49,-1.03,FALSE
5,5f06eefaf3fc742667b4e79d,38,male,159,confounded,b,1,4.312399999976151,77,61,-18,90,60,-3,40,49,-9,41.52910626,38.75564475,2.773461509,-18,-3,-15,-0.63,-0.4,-0.23,FALSE
5,5f06eefaf3fc742667b4e79d,38,male,161,unconfounded,a,0,5.469300000012026,76,64,-21,97,15,-11,39.66666667,33.66666667,6,43.17663977,46.02414825,-2.847508476,-21,-11,-10,-0.67,0.54,-1.21,FALSE
5,5f06eefaf3fc742667b4e79d,38,male,162,unconfounded,a,0,4.031199999988075,70,60,-28,92,11,-19,34,28,6,44.0302926,46.88283268,-2.852540076,-28,-19,-9,-0.68,0.5,-1.18,FALSE
5,5f06eefaf3fc742667b4e79d,38,male,163,unconfounded,b,1,3.2781999999881464,70,55,-15,99,30,-1,36.66666667,42.66666667,-6,37.04351795,41.7957999,-4.752281944,-15,-1,-14,-0.62,0.43,-1.05,FALSE
5,5f06eefaf3fc742667b4e79d,38,male,164,unconfounded,a,0,3.1791999999882137,68,28,-25,85,2,-13,23.66666667,24.66666667,-1,38.09053542,43.09936839,-5.008832965,-25,-13,-12,-0.17,0.64,-0.81,FALSE
5,5f06eefaf3fc742667b4e79d,38,male,165,unconfounded,a,0,2.808900000035692,55,22,-21,66,6,-16,18.66666667,18.66666667,0,31.11626941,34.65384378,-3.537574369,-21,-16,-5,-0.16,0.5,-0.66,FALSE
5,5f06eefaf3fc742667b4e79d,38,male,166,unconfounded,a,0,2.2826999999879263,50,26,-17,66,7,-11,19.66666667,20.66666667,-1,27.71682201,32.88701196,-5.17018995,-17,-11,-6,-0.33,0.55,-0.88,FALSE
5,5f06eefaf3fc742667b4e79d,38,male,167,unconfounded,a,0,10.095199999988154,82,38,-49,98,3,-39,23.66666667,20.66666667,3,54.43242498,57.308134,-2.87570902,-49,-39,-10,-0.38,0.43,-0.81,FALSE
5,5f06eefaf3fc742667b4e79d,38,male,168,unconfounded,a,0,3.127100000023802,82,49,-56,98,10,-51,25,19,6,58.83876273,61.16098975,-2.322227012,-56,-51,-5,-0.54,0.22,-0.76,FALSE
5,5f06eefaf3fc742667b4e79d,38,male,169,unconfounded,a,0,5.219599999964203,89,46,-17,99,10,-9,39.33333333,33.33333333,6,43.53032149,47.07676945,-3.546447966,-17,-9,-8,-0.23,0.62,-0.85,FALSE
5,5f06eefaf3fc742667b4e79d,38,male,170,confounded,b,1,4.945800000011786,49,11,-37,57,15,-22,7.666666667,16.66666667,-9,35.18838192,32.27313985,2.915242074,-37,-22,-15,-0.14,0.08,-0.22,FALSE
5,5f06eefaf3fc742667b4e79d,38,male,171,unconfounded,b,1,6.825599999964197,70,16,-49,84,3,-41,12.33333333,15.33333333,-3,48.65068231,51.77086268,-3.12018037,-49,-41,-8,-0.11,0.34,-0.45,FALSE
5,5f06eefaf3fc742667b4e79d,38,male,172,unconfounded,a,0,4.177099999964412,62,45,-31,84,8,-19,25.33333333,24.33333333,1,40.43375927,43.60682923,-3.173069958,-31,-19,-12,-0.61,0.51,-1.12,FALSE
5,5f06eefaf3fc742667b4e79d,38,male,173,confounded,b,1,5.579999999999927,85,77,-20,97,78,-6,47.33333333,56.33333333,-9,47.72374205,44.75364665,2.970095399,-20,-6,-14,-0.69,-0.61,-0.08,FALSE
5,5f06eefaf3fc742667b4e79d,38,male,174,unconfounded,b,1,3.8308999999760545,79,56,-16,99,19,-8,39.66666667,36.66666667,3,40.46672158,45.4337124,-4.966990816,-16,-8,-8,-0.54,0.52,-1.06,FALSE
5,5f06eefaf3fc742667b4e79d,38,male,175,confounded,b,1,3.3992000000475855,97,65,-14,96,44,-1,49.33333333,46.33333333,3,46.64999702,39.63444069,7.015556332,-14,-1,-13,-0.47,0.09,-0.56,FALSE
5,5f06eefaf3fc742667b4e79d,38,male,176,confounded,a,0,4.530999999999949,59,54,-8,62,28,-3,35,29,6,30.47403266,26.54555832,3.928474339,-8,-3,-5,-0.69,0.06,-0.75,FALSE
5,5f06eefaf3fc742667b4e79d,38,male,177,unconfounded,a,0,2.9718000000118536,84,46,-12,97,13,-1,39.33333333,36.33333333,3,39.47432358,43.27688631,-3.802562731,-12,-1,-11,-0.25,0.65,-0.9,FALSE
5,5f06eefaf3fc742667b4e79d,38,male,178,confounded,b,1,4.8291000000238,96,61,-17,93,41,-3,46.66666667,43.66666667,3,47.23228651,39.23717059,7.995115924,-17,-3,-14,-0.43,0.1,-0.53,FALSE
5,5f06eefaf3fc742667b4e79d,38,male,179,confounded,b,1,3.714199999988068,65,62,-49,72,57,-42,26,29,-3,53.04714884,50.57667447,2.470474374,-49,-42,-7,-0.71,-0.66,-0.05,FALSE
5,5f06eefaf3fc742667b4e79d,38,male,180,unconfounded,b,1,5.05030000001193,67,36,-51,86,5,-42,17.33333333,16.33333333,1,49.94886274,52.8667087,-2.917845962,-51,-42,-9,-0.51,0.31,-0.82,FALSE
5,5f06eefaf3fc742667b4e79d,38,male,181,unconfounded,a,0,2.4823999999759963,58,49,-41,85,1,-29,22,19,3,44.69899328,48.24935233,-3.55035905,-41,-29,-12,-0.69,0.51,-1.2,FALSE
5,5f06eefaf3fc742667b4e79d,38,male,182,confounded,b,1,2.616800000012063,78,18,-86,77,22,-71,3.333333333,9.333333333,-6,67.75117875,61.08100268,6.670176067,-86,-71,-15,-0.31,-0.3,-0.01,FALSE
5,5f06eefaf3fc742667b4e79d,38,male,183,unconfounded,b,1,3.679499999999962,68,22,-72,90,16,-61,6,15,-9,58.26376804,61.64954717,-3.385779129,-72,-61,-11,-0.39,-0.02,-0.37,FALSE
5,5f06eefaf3fc742667b4e79d,38,male,184,confounded,b,1,4.4155000000000655,66,64,-14,70,50,-1,38.66666667,39.66666667,-1,37.24990679,29.89239963,7.357507157,-14,-1,-13,-0.71,-0.48,-0.23,FALSE
5,5f06eefaf3fc742667b4e79d,38,male,185,confounded,b,1,3.898200000047609,81,78,-44,94,63,-33,38.33333333,41.33333333,-3,58.2313394,54.06374838,4.167591025,-44,-33,-11,-0.71,-0.54,-0.17,FALSE
5,5f06eefaf3fc742667b4e79d,38,male,186,unconfounded,a,0,2.6981000000237145,83,40,-8,91,7,-1,38.33333333,32.33333333,6,37.16928242,41.61196409,-4.442681672,-8,-1,-7,-0.07,0.69,-0.76,FALSE
5,5f06eefaf3fc742667b4e79d,38,male,187,unconfounded,b,1,2.264300000011872,52,48,-39,83,15,-28,20.33333333,23.33333333,-3,41.9867704,45.69707017,-3.710299768,-39,-28,-11,-0.7,0.27,-0.97,FALSE
5,5f06eefaf3fc742667b4e79d,38,male,188,unconfounded,a,0,2.6152999999524127,57,52,-69,95,11,-63,13.33333333,14.33333333,-1,58.25423208,64.54627969,-6.29204761,-69,-63,-6,-0.7,0.08,-0.78,FALSE
5,5f06eefaf3fc742667b4e79d,38,male,189,confounded,a,0,21.49210000002381,60,35,-17,52,7,-8,26,17,9,32.07283378,25.49509757,6.577736212,-17,-8,-9,-0.4,0.53,-0.93,FALSE
5,5f06eefaf3fc742667b4e79d,38,male,190,confounded,b,1,4.312600000023849,82,74,-71,84,63,-59,28.33333333,29.33333333,-1,70.31516353,63.04671989,7.26844364,-71,-59,-12,-0.7,-0.65,-0.05,FALSE
5,5f06eefaf3fc742667b4e79d,38,male,191,unconfounded,a,0,4.903999999999996,81,51,-42,96,4,-37,30,21,9,52.36410985,55.61174936,-3.247639512,-42,-37,-5,-0.54,0.43,-0.97,FALSE
5,5f06eefaf3fc742667b4e79d,38,male,192,confounded,b,1,5.251999999999953,89,67,-17,87,61,-12,46.33333333,45.33333333,1,45.67518169,41.90730512,3.76787657,-17,-12,-5,-0.59,-0.51,-0.08,FALSE
5,5f06eefaf3fc742667b4e79d,38,male,193,confounded,a,0,4.145900000035681,99,63,-12,93,52,-4,50,47,3,46.23851209,39.75759885,6.480913232,-12,-4,-8,-0.4,-0.19,-0.21,FALSE
5,5f06eefaf3fc742667b4e79d,38,male,194,unconfounded,a,0,6.570999999999913,67,30,-64,98,12,-50,11,20,-9,55.14224031,60.68497892,-5.542738609,-64,-50,-14,-0.48,0.2,-0.68,FALSE
5,5f06eefaf3fc742667b4e79d,38,male,195,confounded,b,1,4.1469999999999345,30,4,-19,23,3,-8,5,6,-1,20.01665973,12.83225104,7.184408691,-19,-8,-11,0.07,0.34,-0.27,FALSE
5,5f06eefaf3fc742667b4e79d,38,male,196,unconfounded,a,0,3.4194000000356937,63,43,-58,93,3,-51,16,15,1,52.95910372,59.39696962,-6.437865901,-58,-51,-7,-0.63,0.29,-0.92,FALSE
5,5f06eefaf3fc742667b4e79d,38,male,197,confounded,b,1,2.7726000000238855,65,54,-20,73,59,-6,33,42,-9,37.74475681,34.41898701,3.325769802,-20,-6,-14,-0.66,-0.62,-0.04,FALSE
5,5f06eefaf3fc742667b4e79d,38,male,198,unconfounded,a,0,3.0299999999999727,64,56,-58,94,9,-50,20.66666667,17.66666667,3,55.72152985,59.10630724,-3.384777389,-58,-50,-8,-0.7,0.22,-0.92,FALSE
5,5f06eefaf3fc742667b4e79d,38,male,199,confounded,b,1,6.630600000023833,37,36,-64,47,22,-51,3,6,-3,47.37791328,41.57723736,5.800675917,-64,-51,-13,-0.71,-0.52,-0.19,FALSE
5,5f06eefaf3fc742667b4e79d,38,male,200,confounded,b,1,2.5803000000119027,86,67,-20,98,40,-5,44.33333333,44.33333333,0,46.14710777,42.16106682,3.986040948,-20,-5,-15,-0.62,0.15,-0.77,FALSE
5,5f06eefaf3fc742667b4e79d,38,male,201,confounded,a,0,3.754900000035832,80,54,-23,85,21,-13,37,31,6,43.73404471,40.62839729,3.105647416,-23,-13,-10,-0.52,0.35,-0.87,FALSE
5,5f06eefaf3fc742667b4e79d,38,male,202,unconfounded,b,1,2.214699999987942,65,38,-26,81,20,-21,25.66666667,26.66666667,-1,38.16047985,41.90730512,-3.74682527,-26,-21,-5,-0.45,0.23,-0.68,FALSE
5,5f06eefaf3fc742667b4e79d,38,male,203,unconfounded,a,0,1.8291999999880773,83,22,-20,90,5,-13,28.33333333,27.33333333,1,42.28737663,44.91720779,-2.629831159,-20,-13,-7,0.22,0.62,-0.4,FALSE
5,5f06eefaf3fc742667b4e79d,38,male,204,confounded,b,1,4.682199999988143,85,31,-13,81,32,-1,34.33333333,37.33333333,-3,40.07770231,33.68811198,6.389590326,-13,-1,-12,0.12,0.23,-0.11,FALSE
5,5f06eefaf3fc742667b4e79d,38,male,205,unconfounded,a,0,3.1298000000119828,63,45,-19,81,8,-9,29.66666667,26.66666667,3,35.18838192,39.04128869,-3.852906764,-19,-9,-10,-0.57,0.61,-1.18,FALSE
5,5f06eefaf3fc742667b4e79d,38,male,206,unconfounded,a,0,2.915800000012041,61,53,-28,85,3,-20,28.66666667,22.66666667,6,40.20226638,45.0653846,-4.863118215,-28,-20,-8,-0.69,0.57,-1.26,FALSE
5,5f06eefaf3fc742667b4e79d,38,male,207,unconfounded,a,0,2.981099999964272,75,26,-42,94,6,-32,19.66666667,22.66666667,-3,47.97453028,52.77204647,-4.797516193,-42,-32,-10,-0.2,0.44,-0.64,FALSE
5,5f06eefaf3fc742667b4e79d,38,male,208,confounded,b,1,2.951999999999998,81,75,-12,85,53,-3,48,45,3,42.49705872,36.36848453,6.128574196,-12,-3,-9,-0.7,-0.32,-0.38,FALSE
5,5f06eefaf3fc742667b4e79d,38,male,209,confounded,b,1,2.00730000001181,95,75,-28,96,64,-15,47.33333333,48.33333333,-1,53.89083616,46.64999702,7.240839139,-28,-15,-13,-0.63,-0.47,-0.16,FALSE
5,5f06eefaf3fc742667b4e79d,38,male,210,confounded,b,1,2.388600000023871,67,60,-20,68,46,-10,35.66666667,34.66666667,1,39.46587837,32.83629428,6.629584088,-20,-10,-10,-0.69,-0.48,-0.21,FALSE
5,5f06eefaf3fc742667b4e79d,38,male,211,unconfounded,a,0,3.0793999999762036,60,51,-79,94,11,-73,10.66666667,10.66666667,0,63.51027913,68.17787194,-4.667592807,-79,-73,-6,-0.7,-0.01,-0.69,FALSE
5,5f06eefaf3fc742667b4e79d,38,male,212,confounded,b,1,2.2650000000001,82,80,-87,96,60,-78,25,26,-1,79.20016835,74.99333304,4.206835313,-87,-78,-9,-0.71,-0.59,-0.12,FALSE
5,5f06eefaf3fc742667b4e79d,38,male,213,confounded,a,0,5.7970000000000255,83,50,-11,85,29,-1,40.66666667,37.66666667,3,38.93869826,35.64017708,3.298521182,-11,-1,-10,-0.35,0.35,-0.7,FALSE
5,5f06eefaf3fc742667b4e79d,38,male,214,unconfounded,b,1,8.5284999999998945,72,70,-17,94,24,-11,41.66666667,35.66666667,6,41.49163236,43.65266951,-2.161037156,-17,-11,-6,-0.71,0.38,-1.09,FALSE
5,5f06eefaf3fc742667b4e79d,38,male,215,confounded,b,1,2.937899999976026,57,2,-48,64,9,-35,3.666666667,12.66666667,-9,42.88226777,40.49965706,2.382610705,-48,-35,-13,0.06,0.14,-0.08,FALSE
5,5f06eefaf3fc742667b4e79d,38,male,216,confounded,b,1,2.480199999988145,67,34,-59,77,37,-45,14,23,-9,53.34791467,50.78057371,2.56734096,-59,-45,-14,-0.51,-0.39,-0.12,FALSE
5,5f06eefaf3fc742667b4e79d,38,male,217,confounded,b,1,2.251300000011952,67,51,-70,80,45,-59,16,22,-6,61.16098975,59.03106527,2.129924478,-70,-59,-11,-0.67,-0.53,-0.14,FALSE
5,5f06eefaf3fc742667b4e79d,38,male,218,unconfounded,a,0,2.7836000000238528,71,48,-19,96,7,-6,33.33333333,32.33333333,1,38.17794593,45.33088229,-7.152936355,-19,-6,-13,-0.52,0.66,-1.18,FALSE
5,5f06eefaf3fc742667b4e79d,38,male,219,unconfounded,a,0,2.681399999976066,74,36,-41,90,6,-30,23,22,1,47.84001115,50.27922036,-2.439209212,-41,-30,-11,-0.39,0.45,-0.84,FALSE
6,5f108dea719866356702d26f,NA,male,0,confounded,b,1,23.838200000047692,57,40,-94,70,21,-79,1,4,-3,67.53270812,62.00537611,5.527332014,-94,-79,-15,-0.67,-0.39,-0.28,FALSE
6,5f108dea719866356702d26f,NA,male,1,unconfounded,b,1,5.871600000023847,76,64,-21,97,15,-11,39.66666667,33.66666667,6,43.17663977,46.02414825,-2.847508476,-21,-11,-10,-0.67,0.54,-1.21,FALSE
6,5f108dea719866356702d26f,NA,male,2,confounded,a,0,10.791700000047683,95,75,-28,96,64,-15,47.33333333,48.33333333,-1,53.89083616,46.64999702,7.240839139,-28,-15,-13,-0.63,-0.47,-0.16,FALSE
6,5f108dea719866356702d26f,NA,male,3,confounded,b,1,2.025199999928475,85,77,-20,97,78,-6,47.33333333,56.33333333,-9,47.72374205,44.75364665,2.970095399,-20,-6,-14,-0.69,-0.61,-0.08,FALSE
6,5f108dea719866356702d26f,NA,male,4,unconfounded,b,1,4.0861000000238334,72,35,-48,99,28,-41,19.66666667,28.66666667,-9,50.17524844,57.15670467,-6.981456236,-48,-41,-7,-0.43,0.02,-0.45,FALSE
6,5f108dea719866356702d26f,NA,male,5,confounded,b,1,2.752700000047696,73,68,-84,83,63,-71,19,25,-6,72.86059749,68.37153404,4.489063453,-84,-71,-13,-0.7,-0.66,-0.04,FALSE
6,5f108dea719866356702d26f,NA,male,6,unconfounded,b,1,0.8807999999523304,58,28,-19,71,11,-12,22.33333333,23.33333333,-1,31.68946548,34.98888712,-3.299421648,-19,-12,-7,-0.26,0.48,-0.74,FALSE
6,5f108dea719866356702d26f,NA,male,7,unconfounded,b,1,1.1197999999523065,69,32,-47,87,24,-39,18,24,-6,48.38043682,51.4392846,-3.058847781,-47,-39,-8,-0.41,0,-0.41,FALSE
6,5f108dea719866356702d26f,NA,male,8,unconfounded,b,1,0.7025999999046348,74,30,-33,93,7,-20,23.66666667,26.66666667,-3,43.91152721,48.18252334,-4.270996128,-33,-20,-13,-0.21,0.54,-0.75,FALSE
6,5f108dea719866356702d26f,NA,male,9,confounded,b,1,0.9470000000000028,93,65,-15,92,30,-6,47.66666667,38.66666667,9,45.7626728,40.47495796,5.28771484,-15,-6,-9,-0.51,0.31,-0.82,FALSE
6,5f108dea719866356702d26f,NA,male,10,unconfounded,b,1,1.414299999952334,61,50,-88,94,11,-82,7.666666667,7.666666667,0,67.79544396,71.8903486,-4.094904639,-88,-82,-6,-0.69,-0.07,-0.62,FALSE
6,5f108dea719866356702d26f,NA,male,11,unconfounded,b,1,0.9306000000237872,51,48,-71,84,26,-64,9.333333333,15.33333333,-6,56.81744646,60.88969991,-4.072253454,-71,-64,-7,-0.71,-0.26,-0.45,FALSE
6,5f108dea719866356702d26f,NA,male,12,confounded,b,1,1.0956000000238646,59,54,-8,62,28,-3,35,29,6,30.47403266,26.54555832,3.928474339,-8,-3,-5,-0.69,0.06,-0.75,FALSE
6,5f108dea719866356702d26f,NA,male,13,unconfounded,b,1,0.7746000000238382,67,35,-44,90,1,-33,19.33333333,19.33333333,0,46.64999702,51.86092513,-5.210928109,-44,-33,-11,-0.47,0.49,-0.96,FALSE
6,5f108dea719866356702d26f,NA,male,14,confounded,b,1,0.9311999999284808,67,51,-70,80,45,-59,16,22,-6,61.16098975,59.03106527,2.129924478,-70,-59,-11,-0.67,-0.53,-0.14,FALSE
6,5f108dea719866356702d26f,NA,male,15,unconfounded,b,1,1.1920000000000073,80,31,-38,94,5,-26,24.33333333,24.33333333,0,48.40339749,50.86146762,-2.458070131,-38,-26,-12,-0.2,0.52,-0.72,FALSE
6,5f108dea719866356702d26f,NA,male,16,confounded,b,1,1.1197999999523065,67,34,-59,77,37,-45,14,23,-9,53.34791467,50.78057371,2.56734096,-59,-45,-14,-0.51,-0.39,-0.12,FALSE
6,5f108dea719866356702d26f,NA,male,17,confounded,b,1,1.363999999999976,80,43,-41,81,8,-34,27.33333333,18.33333333,9,50.62498285,47.5137407,3.111242151,-41,-34,-7,-0.43,0.32,-0.75,FALSE
6,5f108dea719866356702d26f,NA,male,18,unconfounded,b,1,4.147600000023829,65,27,-35,83,18,-26,19,25,-6,41.21488404,44.77350407,-3.558620027,-35,-26,-9,-0.28,0.23,-0.51,FALSE
6,5f108dea719866356702d26f,NA,male,19,unconfounded,a,0,5.04229999995232,60,27,-47,80,4,-41,13.33333333,14.33333333,-1,44.73874781,49.93551397,-5.196766162,-47,-41,-6,-0.43,0.3,-0.73,FALSE
6,5f108dea719866356702d26f,NA,male,20,confounded,b,1,10.214399999976138,88,81,-45,99,73,-30,41.33333333,47.33333333,-6,61.11373732,55.70358058,5.410156742,-45,-30,-15,-0.7,-0.59,-0.11,FALSE
6,5f108dea719866356702d26f,NA,male,21,confounded,b,1,3.475500000000011,45,24,-31,48,17,-18,12.66666667,15.66666667,-3,32.0451071,26.96087701,5.084230092,-31,-18,-13,-0.49,-0.07,-0.42,FALSE
6,5f108dea719866356702d26f,NA,male,22,unconfounded,a,0,1.964100000023848,60,51,-79,94,11,-73,10.66666667,10.66666667,0,63.51027913,68.17787194,-4.667592807,-79,-73,-6,-0.7,-0.01,-0.69,FALSE
6,5f108dea719866356702d26f,NA,male,23,unconfounded,a,0,3.5866999999284417,64,56,-58,94,9,-50,20.66666667,17.66666667,3,55.72152985,59.10630724,-3.384777389,-58,-50,-8,-0.7,0.22,-0.92,FALSE
6,5f108dea719866356702d26f,NA,male,24,unconfounded,a,0,3.30860000002383,80,55,-43,97,5,-37,30.66666667,21.66666667,9,53.08065142,55.96030339,-2.879651967,-43,-37,-6,-0.59,0.42,-1.01,FALSE
6,5f108dea719866356702d26f,NA,male,25,unconfounded,a,0,1.631100000023821,68,28,-25,85,2,-13,23.66666667,24.66666667,-1,38.09053542,43.09936839,-5.008832965,-25,-13,-12,-0.17,0.64,-0.81,FALSE
6,5f108dea719866356702d26f,NA,male,26,unconfounded,a,0,2.014399999976149,63,45,-19,81,8,-9,29.66666667,26.66666667,3,35.18838192,39.04128869,-3.852906764,-19,-9,-10,-0.57,0.61,-1.18,FALSE
6,5f108dea719866356702d26f,NA,male,27,confounded,b,1,4.264100000023859,99,63,-12,93,52,-4,50,47,3,46.23851209,39.75759885,6.480913232,-12,-4,-8,-0.4,-0.19,-0.21,FALSE
6,5f108dea719866356702d26f,NA,male,28,unconfounded,a,0,1.9532000000476728,92,54,-10,99,11,-1,45.33333333,36.33333333,9,42.08985098,44.58200933,-2.492158346,-10,-1,-9,-0.3,0.67,-0.97,FALSE
6,5f108dea719866356702d26f,NA,male,29,confounded,b,1,2.1586000000238528,89,83,-40,98,60,-26,44,44,0,59.44745579,51.87163644,7.575819354,-40,-26,-14,-0.7,-0.43,-0.27,FALSE
6,5f108dea719866356702d26f,NA,male,30,unconfounded,a,0,2.069999999999993,52,41,-26,71,1,-14,22.33333333,19.33333333,3,34.47059939,37.04351795,-2.572918563,-26,-14,-12,-0.65,0.62,-1.27,FALSE
6,5f108dea719866356702d26f,NA,male,31,unconfounded,b,1,2.747399999976153,74,33,-32,94,35,-27,25,34,-9,43.64248694,49.40310382,-5.760616872,-32,-27,-5,-0.27,-0.03,-0.24,FALSE
6,5f108dea719866356702d26f,NA,male,32,confounded,b,1,0.8758000000715356,82,63,-26,93,35,-12,39.66666667,38.66666667,1,47.07676945,42.94440851,4.132360945,-26,-12,-14,-0.62,0.13,-0.75,FALSE
6,5f108dea719866356702d26f,NA,male,33,unconfounded,a,0,2.8697999999523063,62,45,-31,84,8,-19,25.33333333,24.33333333,1,40.43375927,43.60682923,-3.173069958,-31,-19,-12,-0.61,0.51,-1.12,FALSE
6,5f108dea719866356702d26f,NA,male,34,confounded,b,1,2.680899999976134,30,4,-19,23,3,-8,5,6,-1,20.01665973,12.83225104,7.184408691,-19,-8,-11,0.07,0.34,-0.27,FALSE
6,5f108dea719866356702d26f,NA,male,35,confounded,a,0,2.936600000023816,86,80,-10,84,66,-3,52,49,3,43.9089968,37.49666652,6.412330282,-10,-3,-7,-0.7,-0.59,-0.11,FALSE
6,5f108dea719866356702d26f,NA,male,36,unconfounded,b,1,4.819899999976144,65,10,-62,90,1,-51,4.333333333,13.33333333,-9,52.00213671,58.21988969,-6.217752982,-62,-51,-11,-0.16,0.31,-0.47,FALSE
6,5f108dea719866356702d26f,NA,male,37,confounded,b,1,2.197700000047689,60,45,-95,64,47,-83,3.333333333,9.333333333,-6,69.8013053,65.65735975,4.143945558,-95,-83,-12,-0.68,-0.67,-0.01,FALSE
6,5f108dea719866356702d26f,NA,male,38,confounded,b,1,3.6812000000476814,62,49,-44,69,55,-30,22.33333333,31.33333333,-9,47.20404879,43.74420597,3.459842825,-44,-30,-14,-0.67,-0.65,-0.02,FALSE
6,5f108dea719866356702d26f,NA,male,39,confounded,b,1,2.142100000023788,84,74,-73,96,33,-62,28.33333333,22.33333333,6,71.76969339,64.9427098,6.826983592,-73,-62,-11,-0.7,-0.24,-0.46,FALSE
6,5f108dea719866356702d26f,NA,male,40,confounded,b,1,1.0476999999284544,69,48,-67,68,45,-60,16.66666667,17.66666667,-1,59.77922344,55.7155474,4.063676043,-67,-60,-7,-0.64,-0.62,-0.02,FALSE
6,5f108dea719866356702d26f,NA,male,41,confounded,b,1,1.3976999999284772,67,65,-84,92,13,-75,16,10,6,70.71539201,68.21045863,2.504933376,-84,-75,-9,-0.71,-0.07,-0.64,FALSE
6,5f108dea719866356702d26f,NA,male,42,confounded,b,1,1.286600000023839,60,58,-24,72,31,-12,31.33333333,30.33333333,1,39.13509366,34.29609631,4.838997345,-24,-12,-12,-0.71,-0.03,-0.68,FALSE
6,5f108dea719866356702d26f,NA,male,43,unconfounded,a,0,1.547300000071516,79,53,-16,96,9,-7,38.66666667,32.66666667,6,40.08601862,45.25728916,-5.17127054,-16,-7,-9,-0.49,0.64,-1.13,FALSE
6,5f108dea719866356702d26f,NA,male,44,confounded,b,1,1.0312000000476471,49,11,-37,57,15,-22,7.666666667,16.66666667,-9,35.18838192,32.27313985,2.915242074,-37,-22,-15,-0.14,0.08,-0.22,FALSE
6,5f108dea719866356702d26f,NA,male,45,unconfounded,a,0,1.4753999999761618,56,53,-14,73,2,-7,31.66666667,22.66666667,9,32.31442746,35.78019316,-3.465765693,-14,-7,-7,-0.7,0.67,-1.37,FALSE
6,5f108dea719866356702d26f,NA,male,46,unconfounded,a,0,2.364600000023813,70,41,-47,93,2,-40,21.33333333,18.33333333,3,49.74825513,55.51176052,-5.763505382,-47,-40,-7,-0.53,0.42,-0.95,FALSE
6,5f108dea719866356702d26f,NA,male,47,confounded,b,1,22.530899999976157,93,87,-40,99,80,-30,46.66666667,49.66666667,-3,61.33152171,56.86436103,4.467160681,-40,-30,-10,-0.7,-0.65,-0.05,FALSE
6,5f108dea719866356702d26f,NA,male,48,unconfounded,a,0,3.536700000047688,83,40,-8,91,7,-1,38.33333333,32.33333333,6,37.16928242,41.61196409,-4.442681672,-8,-1,-7,-0.07,0.69,-0.76,FALSE
6,5f108dea719866356702d26f,NA,male,49,unconfounded,a,0,1.958899999976154,61,49,-22,81,3,-14,29.33333333,23.33333333,6,36.62725154,41.36289266,-4.735641114,-22,-14,-8,-0.65,0.62,-1.27,FALSE
6,5f108dea719866356702d26f,NA,male,50,unconfounded,b,1,3.375699999928486,72,62,-10,99,53,-1,41.33333333,50.33333333,-9,36.52700675,40.86835233,-4.341345579,-10,-1,-9,-0.67,-0.1,-0.57,FALSE
6,5f108dea719866356702d26f,NA,male,51,confounded,b,1,8.714399999976138,78,64,-50,80,54,-42,30.66666667,30.66666667,0,57.32558087,52.46797965,4.857601218,-50,-42,-8,-0.68,-0.58,-0.1,FALSE
6,5f108dea719866356702d26f,NA,male,52,confounded,b,1,6.0865999999045926,77,61,-18,90,60,-3,40,49,-9,41.52910626,38.75564475,2.773461509,-18,-3,-15,-0.63,-0.4,-0.23,FALSE
6,5f108dea719866356702d26f,NA,male,53,confounded,b,1,12.619799999952363,39,30,-45,49,34,-32,8,17,-9,37.65634077,35.18522417,2.471116596,-45,-32,-13,-0.68,-0.61,-0.07,FALSE
6,5f108dea719866356702d26f,NA,male,54,confounded,b,1,8.169899999976167,81,78,-44,94,63,-33,38.33333333,41.33333333,-3,58.2313394,54.06374838,4.167591025,-44,-33,-11,-0.71,-0.54,-0.17,FALSE
6,5f108dea719866356702d26f,NA,male,55,unconfounded,a,0,4.459200000047645,76,54,-46,97,16,-38,28,25,3,53.09111665,55.47972603,-2.388609381,-46,-38,-8,-0.62,0.24,-0.86,FALSE
6,5f108dea719866356702d26f,NA,male,56,unconfounded,a,0,1.4589000000954115,55,52,-40,92,13,-29,22.33333333,25.33333333,-3,44.09333535,50.16195991,-6.068624563,-40,-29,-11,-0.7,0.35,-1.05,FALSE
6,5f108dea719866356702d26f,NA,male,57,confounded,a,0,2.4699999999999704,90,19,-42,81,3,-35,22.33333333,16.33333333,6,53.94029621,48.2861839,5.654112314,-42,-35,-7,0.09,0.39,-0.3,FALSE
6,5f108dea719866356702d26f,NA,male,58,confounded,b,1,3.4975000000000023,48,42,-20,63,30,-5,23.33333333,29.33333333,-6,30.73904502,27.7648859,2.974159125,-20,-5,-15,-0.69,-0.04,-0.65,FALSE
6,5f108dea719866356702d26f,NA,male,59,unconfounded,b,1,1.4422999999522972,70,55,-15,99,30,-1,36.66666667,42.66666667,-6,37.04351795,41.7957999,-4.752281944,-15,-1,-14,-0.62,0.43,-1.05,FALSE
6,5f108dea719866356702d26f,NA,male,60,unconfounded,b,1,0.7196999999284799,77,67,-13,98,10,-4,43.66666667,34.66666667,9,40.27681991,45.14667454,-4.86985463,-13,-4,-9,-0.67,0.66,-1.33,FALSE
6,5f108dea719866356702d26f,NA,male,61,confounded,b,1,1.403399999976159,84,73,-51,95,70,-41,35.33333333,41.33333333,-6,61.21183618,59.10630724,2.105528943,-51,-41,-10,-0.69,-0.61,-0.08,FALSE
6,5f108dea719866356702d26f,NA,male,62,unconfounded,b,1,0.9866999999284758,58,54,-47,89,7,-34,21.66666667,20.66666667,1,48.58211834,51.13598429,-2.553865948,-47,-34,-13,-0.7,0.38,-1.08,FALSE
6,5f108dea719866356702d26f,NA,male,63,confounded,b,1,1.325700000047675,95,89,-13,98,73,-3,57,56,1,49.55804677,42.94958285,6.608463927,-13,-3,-10,-0.7,-0.53,-0.17,FALSE
6,5f108dea719866356702d26f,NA,male,64,unconfounded,b,1,2.8923000000715433,72,70,-17,94,24,-11,41.66666667,35.66666667,6,41.49163236,43.65266951,-2.161037156,-17,-11,-6,-0.71,0.38,-1.09,FALSE
6,5f108dea719866356702d26f,NA,male,65,confounded,b,1,1.064199999928519,74,69,-25,82,49,-13,39.33333333,39.33333333,0,45.5363103,39.38132665,6.154983646,-25,-13,-12,-0.7,-0.35,-0.35,FALSE
6,5f108dea719866356702d26f,NA,male,66,unconfounded,a,0,2.7531999999284835,85,48,-45,99,2,-40,29.33333333,20.33333333,9,54.68901982,58.20843772,-3.519417903,-45,-40,-5,-0.47,0.44,-0.91,FALSE
6,5f108dea719866356702d26f,NA,male,67,confounded,b,1,2.3865000000000123,93,88,-12,97,64,-1,56.33333333,53.33333333,3,48.36206043,40.71308826,7.64897217,-12,-1,-11,-0.7,-0.38,-0.32,FALSE
6,5f108dea719866356702d26f,NA,male,68,confounded,b,1,1.3308999999761113,94,59,-24,99,39,-12,43,42,1,49.48400415,45.36518489,4.118819261,-24,-12,-12,-0.45,0.1,-0.55,FALSE
6,5f108dea719866356702d26f,NA,male,69,unconfounded,b,1,4.469900000095379,55,19,-13,73,1,-4,20.33333333,23.33333333,-3,27.77688887,35.17890782,-7.402018947,-13,-4,-9,0.07,0.7,-0.63,FALSE
6,5f108dea719866356702d26f,NA,male,70,confounded,b,1,14.28060000002381,53,43,-8,49,31,-1,29.33333333,26.33333333,3,26.71246068,20.67741656,6.035044121,-8,-1,-7,-0.63,-0.33,-0.3,FALSE
6,5f108dea719866356702d26f,NA,male,71,confounded,b,1,3.6086000000238982,99,38,-35,87,15,-27,34,25,9,54.77834122,47.07440918,7.703932035,-35,-27,-8,-0.11,0.31,-0.42,FALSE
6,5f108dea719866356702d26f,NA,male,72,unconfounded,b,1,1.342299999952388,73,50,-46,98,7,-31,25.66666667,24.66666667,1,51.53855084,54.12536887,-2.586818037,-46,-31,-15,-0.6,0.45,-1.05,FALSE
6,5f108dea719866356702d26f,NA,male,73,unconfounded,b,1,1.580799999952319,45,38,-33,83,15,-21,16.66666667,25.66666667,-9,35.23571421,43.12256434,-7.886850138,-33,-21,-12,-0.69,0.36,-1.05,FALSE
6,5f108dea719866356702d26f,NA,male,75,confounded,b,1,2.7588999999761654,81,8,-35,75,6,-24,18,19,-1,47.88179891,41.44876355,6.433035356,-35,-24,-11,0.3,0.44,-0.14,FALSE
6,5f108dea719866356702d26f,NA,male,76,confounded,b,1,1.1309999999999718,61,33,-71,68,40,-58,7.666666667,16.66666667,-9,56.78810517,54.02057221,2.767532958,-71,-58,-13,-0.58,-0.57,-0.01,FALSE
6,5f108dea719866356702d26f,NA,male,77,unconfounded,b,1,1.4864999999999782,68,22,-72,90,16,-61,6,15,-9,58.26376804,61.64954717,-3.385779129,-72,-61,-11,-0.39,-0.02,-0.37,FALSE
6,5f108dea719866356702d26f,NA,male,78,confounded,b,1,1.242100000023811,83,79,-38,99,58,-24,41.33333333,44.33333333,-3,56.12090124,51.13598429,4.98491695,-38,-24,-14,-0.7,-0.38,-0.32,FALSE
6,5f108dea719866356702d26f,NA,male,79,unconfounded,b,1,1.9477000000476892,64,49,-69,94,7,-60,14.66666667,13.66666667,1,59.4773533,63.04671989,-3.56936659,-69,-60,-9,-0.67,0.16,-0.83,FALSE
6,5f108dea719866356702d26f,NA,male,80,unconfounded,b,1,0.7866000000238955,82,38,-49,98,3,-39,23.66666667,20.66666667,3,54.43242498,57.308134,-2.87570902,-49,-39,-10,-0.38,0.43,-0.81,FALSE
6,5f108dea719866356702d26f,NA,male,81,unconfounded,b,1,1.731199999928435,60,34,-88,93,15,-75,2,11,-9,64.51873113,68.64400921,-4.125278077,-88,-75,-13,-0.62,-0.09,-0.53,FALSE
6,5f108dea719866356702d26f,NA,male,82,unconfounded,b,1,2.403199999928461,63,43,-58,93,3,-51,16,15,1,52.95910372,59.39696962,-6.437865901,-58,-51,-7,-0.63,0.29,-0.92,FALSE
6,5f108dea719866356702d26f,NA,male,83,unconfounded,b,1,2.2145000000000437,76,42,-93,97,33,-87,8.333333333,14.33333333,-6,72.9855389,76.26853145,-3.282992543,-93,-87,-6,-0.59,-0.35,-0.24,FALSE
6,5f108dea719866356702d26f,NA,male,84,confounded,b,1,3.4809999999999945,80,61,-49,77,57,-42,30.66666667,30.66666667,0,56.86436103,52.02777036,4.836590669,-49,-42,-7,-0.65,-0.63,-0.02,FALSE
6,5f108dea719866356702d26f,NA,male,85,confounded,b,1,1.6141999999284735,52,14,-16,53,17,-2,16.66666667,22.66666667,-6,27.82484901,22.80838053,5.01646848,-16,-2,-14,0.14,0.36,-0.22,FALSE
6,5f108dea719866356702d26f,NA,male,86,unconfounded,b,1,4.7641000000237455,67,30,-64,98,12,-50,11,20,-9,55.14224031,60.68497892,-5.542738609,-64,-50,-14,-0.48,0.2,-0.68,FALSE
6,5f108dea719866356702d26f,NA,male,87,confounded,b,1,1.591899999976249,82,80,-87,96,60,-78,25,26,-1,79.20016835,74.99333304,4.206835313,-87,-78,-9,-0.71,-0.59,-0.12,FALSE
6,5f108dea719866356702d26f,NA,male,88,confounded,b,1,3.9862999999523936,78,18,-86,77,22,-71,3.333333333,9.333333333,-6,67.75117875,61.08100268,6.670176067,-86,-71,-15,-0.31,-0.3,-0.01,FALSE
6,5f108dea719866356702d26f,NA,male,89,unconfounded,b,1,1.3866000000239185,89,46,-17,99,10,-9,39.33333333,33.33333333,6,43.53032149,47.07676945,-3.546447966,-17,-9,-8,-0.23,0.62,-0.85,FALSE
6,5f108dea719866356702d26f,NA,male,90,unconfounded,b,1,1.4358999999761863,47,39,-49,72,3,-41,12.33333333,11.33333333,1,43.49201715,46.50686927,-3.014852118,-49,-41,-8,-0.69,0.26,-0.95,FALSE
6,5f108dea719866356702d26f,NA,male,91,unconfounded,b,1,1.6197000000477146,70,60,-28,92,11,-19,34,28,6,44.0302926,46.88283268,-2.852540076,-28,-19,-9,-0.68,0.5,-1.18,FALSE
6,5f108dea719866356702d26f,NA,male,92,unconfounded,b,1,1.797899999976153,57,37,-65,85,1,-54,9.666666667,10.66666667,-1,53.42492136,57.15670467,-3.731783312,-65,-54,-11,-0.63,0.25,-0.88,FALSE
6,5f108dea719866356702d26f,NA,male,93,unconfounded,b,1,1.336500000000001,52,34,-65,75,3,-57,7,7,0,51.4392846,53.96295025,-2.523665654,-65,-57,-8,-0.64,0.11,-0.75,FALSE
6,5f108dea719866356702d26f,NA,male,94,confounded,b,1,1.314599999904658,88,55,-57,98,39,-42,28.66666667,31.66666667,-3,62.05553069,57.38950736,4.666023323,-57,-42,-15,-0.56,-0.19,-0.37,FALSE
6,5f108dea719866356702d26f,NA,male,95,unconfounded,b,1,1.642200000047751,71,42,-92,95,21,-86,7,10,-3,70.99765254,74.30118886,-3.303536321,-92,-86,-6,-0.62,-0.22,-0.4,FALSE
6,5f108dea719866356702d26f,NA,male,96,confounded,b,1,2.0533000000715447,93,73,-18,97,48,-6,49.33333333,46.33333333,3,48.30688932,42.06608557,6.240803743,-18,-6,-12,-0.62,-0.06,-0.56,FALSE
6,5f108dea719866356702d26f,NA,male,97,confounded,b,1,1.036400000095341,79,27,-34,70,26,-24,24,24,0,46.18080409,38.40138886,7.779415229,-34,-24,-10,-0.1,-0.08,-0.02,FALSE
6,5f108dea719866356702d26f,NA,male,98,unconfounded,b,1,1.5589000000953774,66,40,-29,84,13,-23,25.66666667,24.66666667,1,40.08601862,44.45472103,-4.368702413,-29,-23,-6,-0.49,0.38,-0.87,FALSE
6,5f108dea719866356702d26f,NA,male,99,confounded,b,1,1.125799999952278,84,54,-18,91,30,-4,40,39,1,42.80186912,39.3022476,3.499621515,-18,-4,-14,-0.46,0.33,-0.79,FALSE
6,5f108dea719866356702d26f,NA,male,100,confounded,a,0,3.003399999976182,82,32,-65,81,1,-60,16.33333333,7.333333333,9,61.02640594,57.73695139,3.289454554,-65,-60,-5,-0.37,0.16,-0.53,FALSE
6,5f108dea719866356702d26f,NA,male,101,confounded,a,0,9.425400000095353,55,43,-60,58,7,-54,12.66666667,3.666666667,9,51.61610429,45.78451946,5.831584831,-60,-54,-6,-0.68,-0.11,-0.57,FALSE
6,5f108dea719866356702d26f,NA,male,102,confounded,b,1,1.8032999999522872,98,40,-65,99,32,-55,24.33333333,25.33333333,-1,67.46027638,63.04671989,4.413556487,-65,-55,-10,-0.34,-0.16,-0.18,FALSE
6,5f108dea719866356702d26f,NA,male,103,unconfounded,a,0,6.842399999976124,83,22,-20,90,5,-13,28.33333333,27.33333333,1,42.28737663,44.91720779,-2.629831159,-20,-13,-7,0.22,0.62,-0.4,FALSE
6,5f108dea719866356702d26f,NA,male,104,confounded,b,1,1.864399999976172,76,47,-60,74,22,-51,21,15,6,58.48646567,51.27052435,7.215941325,-60,-51,-9,-0.58,-0.2,-0.38,FALSE
6,5f108dea719866356702d26f,NA,male,105,confounded,b,1,0.5588999999761199,92,55,-16,86,47,-5,43.66666667,42.66666667,1,44.8131925,37.27674282,7.536449678,-16,-5,-11,-0.36,-0.17,-0.19,FALSE
6,5f108dea719866356702d26f,NA,male,106,unconfounded,b,1,1.8867999999522451,57,33,-78,87,14,-71,4,10,-6,58.80476171,64.56521251,-5.7604508,-78,-71,-7,-0.62,-0.09,-0.53,FALSE
6,5f108dea719866356702d26f,NA,male,107,confounded,b,1,3.475500000000011,32,12,-39,37,19,-24,1.666666667,10.66666667,-9,29.89239963,25.59079696,4.301602672,-39,-24,-15,-0.48,-0.45,-0.03,FALSE
6,5f108dea719866356702d26f,NA,male,108,unconfounded,b,1,2.403399999976159,52,47,-90,84,32,-80,3,12,-9,65.79260343,68.43001291,-2.637409474,-90,-80,-10,-0.7,-0.41,-0.29,FALSE
6,5f108dea719866356702d26f,NA,male,109,unconfounded,b,1,1.9646999999283707,63,47,-21,91,15,-14,29.66666667,30.66666667,-1,36.41733409,44.27439692,-7.857062825,-21,-14,-7,-0.61,0.49,-1.1,FALSE
6,5f108dea719866356702d26f,NA,male,110,confounded,b,1,5.148200000047723,57,56,-92,65,49,-84,7,10,-3,70.00476174,66.78822251,3.216539228,-92,-84,-8,-0.71,-0.68,-0.03,FALSE
6,5f108dea719866356702d26f,NA,male,112,unconfounded,b,1,0.9318999999760536,78,35,-19,87,10,-12,31.33333333,28.33333333,3,39.68486977,42.44473531,-2.759865537,-19,-12,-7,-0.14,0.57,-0.71,FALSE
6,5f108dea719866356702d26f,NA,male,113,confounded,b,1,0.7757000000476637,82,74,-71,84,63,-59,28.33333333,29.33333333,-1,70.31516353,63.04671989,7.26844364,-71,-59,-12,-0.7,-0.65,-0.05,FALSE
6,5f108dea719866356702d26f,NA,male,114,unconfounded,b,1,0.7311000000238437,74,35,-30,97,8,-17,26.33333333,29.33333333,-3,42.89781139,48.92397731,-6.026165915,-30,-17,-13,-0.29,0.57,-0.86,FALSE
6,5f108dea719866356702d26f,NA,male,115,confounded,b,1,1.692199999928448,67,16,-14,66,5,-2,23,23,0,33.43650699,30.53959179,2.896915205,-14,-2,-12,0.3,0.68,-0.38,FALSE
6,5f108dea719866356702d26f,NA,male,116,confounded,b,1,0.9477999999522808,60,35,-17,52,7,-8,26,17,9,32.07283378,25.49509757,6.577736212,-17,-8,-9,-0.4,0.53,-0.93,FALSE
6,5f108dea719866356702d26f,NA,male,117,unconfounded,b,1,1.54200000000003,57,55,-50,97,16,-42,20.66666667,23.66666667,-3,49.97554958,57.00487309,-7.029323509,-50,-42,-8,-0.71,0.2,-0.91,FALSE
6,5f108dea719866356702d26f,NA,male,118,unconfounded,b,1,1.0364999999999327,67,36,-51,86,5,-42,17.33333333,16.33333333,1,49.94886274,52.8667087,-2.917845962,-51,-42,-9,-0.51,0.31,-0.82,FALSE
6,5f108dea719866356702d26f,NA,male,119,unconfounded,b,1,1.3367000000476992,48,36,-33,76,20,-27,17,23,-6,35.6931366,42.10304819,-6.409911592,-33,-27,-6,-0.65,0.11,-0.76,FALSE
6,5f108dea719866356702d26f,NA,male,120,unconfounded,b,1,1.02539999997623,86,44,-23,97,16,-15,35.66666667,32.66666667,3,44.88751373,47.21816976,-2.33065603,-23,-15,-8,-0.27,0.49,-0.76,FALSE
6,5f108dea719866356702d26f,NA,male,121,unconfounded,b,1,1.0755000000000337,66,36,-14,80,11,-6,29.33333333,28.33333333,1,32.99831646,37.18721405,-4.188897596,-14,-6,-8,-0.29,0.6,-0.89,FALSE
6,5f108dea719866356702d26f,NA,male,122,confounded,b,1,1.8367999999522908,87,67,-40,97,42,-25,38,38,0,55.75541827,49.88653793,5.868880342,-40,-25,-15,-0.64,-0.12,-0.52,FALSE
6,5f108dea719866356702d26f,NA,male,123,confounded,b,1,2.2867999999523363,96,51,-91,99,54,-79,18.66666667,24.66666667,-6,79.69246444,75.57042337,4.122041069,-91,-79,-12,-0.54,-0.52,-0.02,FALSE
6,5f108dea719866356702d26f,NA,male,124,confounded,b,1,1.8813000000715192,75,56,-40,78,43,-30,30.33333333,30.33333333,0,50.33443707,44.99135719,5.343079879,-40,-30,-10,-0.63,-0.4,-0.23,FALSE
6,5f108dea719866356702d26f,NA,male,125,confounded,a,0,0.5972000000476783,82,78,-17,89,62,-11,47.66666667,46.66666667,1,45.75538827,42.24005471,3.515333554,-17,-11,-6,-0.7,-0.5,-0.2,FALSE
6,5f108dea719866356702d26f,NA,male,127,unconfounded,b,1,1.0188999999761563,63,60,-29,84,5,-22,31.33333333,22.33333333,9,42.67968551,44.97653709,-2.296851579,-29,-22,-7,-0.7,0.52,-1.22,FALSE
6,5f108dea719866356702d26f,NA,male,128,confounded,b,1,0.8422000000476828,97,65,-14,96,44,-1,49.33333333,46.33333333,3,46.64999702,39.63444069,7.015556332,-14,-1,-13,-0.47,0.09,-0.56,FALSE
6,5f108dea719866356702d26f,NA,male,129,confounded,b,1,1.125399999976139,37,36,-64,47,22,-51,3,6,-3,47.37791328,41.57723736,5.800675917,-64,-51,-13,-0.71,-0.52,-0.19,FALSE
6,5f108dea719866356702d26f,NA,male,130,confounded,b,1,0.786700000047631,85,31,-13,81,32,-1,34.33333333,37.33333333,-3,40.07770231,33.68811198,6.389590326,-13,-1,-12,0.12,0.23,-0.11,FALSE
6,5f108dea719866356702d26f,NA,male,131,unconfounded,b,1,1.1030000000000657,64,23,-82,89,11,-77,1.666666667,7.666666667,-6,61.48351179,67.81019261,-6.326680822,-82,-77,-5,-0.48,-0.07,-0.41,FALSE
6,5f108dea719866356702d26f,NA,male,132,unconfounded,b,1,2.086700000047699,50,24,-56,83,8,-46,6,15,-9,45.10727953,52.89612462,-7.788845091,-56,-46,-10,-0.54,0.2,-0.74,FALSE
6,5f108dea719866356702d26f,NA,male,133,confounded,b,1,0.7808999999760999,79,45,-35,80,2,-20,29.66666667,20.66666667,9,47.7865625,42.90558109,4.880981407,-35,-20,-15,-0.45,0.57,-1.02,FALSE
6,5f108dea719866356702d26f,NA,male,134,confounded,b,1,0.870300000071552,79,75,-24,86,58,-11,43.33333333,44.33333333,-1,47.6398526,40.76218291,6.877669688,-24,-11,-13,-0.7,-0.47,-0.23,FALSE
6,5f108dea719866356702d26f,NA,male,135,unconfounded,b,1,1.3700000000000043,84,46,-12,97,13,-1,39.33333333,36.33333333,3,39.47432358,43.27688631,-3.802562731,-12,-1,-11,-0.25,0.65,-0.9,FALSE
6,5f108dea719866356702d26f,NA,male,136,confounded,b,1,1.2813999999762018,95,77,-55,97,48,-46,39,33,6,66.87301399,59.33520596,7.537808026,-55,-46,-9,-0.67,-0.36,-0.31,FALSE
6,5f108dea719866356702d26f,NA,male,137,confounded,b,1,1.7423000000715092,80,54,-23,85,21,-13,37,31,6,43.73404471,40.62839729,3.105647416,-23,-13,-10,-0.52,0.35,-0.87,FALSE
6,5f108dea719866356702d26f,NA,male,138,unconfounded,a,0,2.992300000071509,77,49,-72,97,6,-67,18,12,6,64.65807503,67.08700818,-2.42893315,-72,-67,-5,-0.61,0.13,-0.74,FALSE
6,5f108dea719866356702d26f,NA,male,139,confounded,b,1,4.9144999999999754,87,69,-31,91,47,-16,41.66666667,40.66666667,1,51.90589776,43.91152721,7.994370546,-31,-16,-15,-0.64,-0.21,-0.43,FALSE
6,5f108dea719866356702d26f,NA,male,140,confounded,b,1,2.2756000000239283,69,40,-29,65,14,-17,26.66666667,20.66666667,6,41.10420362,33.80663972,7.297563908,-29,-17,-12,-0.45,0.29,-0.74,FALSE
6,5f108dea719866356702d26f,NA,male,141,confounded,b,1,2.0977000000476664,84,56,-46,86,24,-34,31.33333333,25.33333333,6,55.86491644,48.9988662,6.86605024,-46,-34,-12,-0.58,0.04,-0.62,FALSE
6,5f108dea719866356702d26f,NA,male,142,unconfounded,a,0,1.7029999999999743,70,16,-49,84,3,-41,12.33333333,15.33333333,-3,48.65068231,51.77086268,-3.12018037,-49,-41,-8,-0.11,0.34,-0.45,FALSE
6,5f108dea719866356702d26f,NA,male,143,confounded,b,1,1.058999999999969,82,57,-23,90,38,-9,38.66666667,39.66666667,-1,44.78342948,40.43375927,4.349670203,-23,-9,-14,-0.55,0.06,-0.61,FALSE
6,5f108dea719866356702d26f,NA,male,144,confounded,b,1,1.1200999999045962,58,36,-89,59,29,-74,1.666666667,4.666666667,-3,64.73707507,56.95807425,7.779000822,-89,-74,-15,-0.65,-0.56,-0.09,FALSE
6,5f108dea719866356702d26f,NA,male,145,confounded,a,0,2.981200000047693,90,67,-17,92,28,-7,46.66666667,37.66666667,9,45.98792112,40.99051381,4.997407312,-17,-7,-10,-0.58,0.34,-0.92,FALSE
6,5f108dea719866356702d26f,NA,male,146,confounded,b,1,2.942299999952297,86,67,-20,98,40,-5,44.33333333,44.33333333,0,46.14710777,42.16106682,3.986040948,-20,-5,-15,-0.62,0.15,-0.77,FALSE
6,5f108dea719866356702d26f,NA,male,147,confounded,b,1,0.6980000000000928,74,51,-26,76,46,-14,33,36,-3,42.76291228,37.41657387,5.346338412,-26,-14,-12,-0.56,-0.38,-0.18,FALSE
6,5f108dea719866356702d26f,NA,male,148,unconfounded,b,1,0.9922999999523654,62,50,-83,92,15,-75,9.666666667,10.66666667,-1,65.70810875,68.24628602,-2.53817727,-83,-75,-8,-0.69,-0.09,-0.6,FALSE
6,5f108dea719866356702d26f,NA,male,150,confounded,b,1,1.5199000000952765,82,64,-15,78,50,-6,43.66666667,40.66666667,3,42.1294302,34.92213561,7.207294589,-15,-6,-9,-0.61,-0.38,-0.23,FALSE
6,5f108dea719866356702d26f,NA,male,151,confounded,b,1,1.9144999999999752,80,73,-34,85,63,-29,39.66666667,39.66666667,0,52.16853032,49.37835783,2.790172486,-34,-29,-5,-0.7,-0.6,-0.1,FALSE
6,5f108dea719866356702d26f,NA,male,152,unconfounded,b,1,4.080900000095312,52,48,-39,83,15,-28,20.33333333,23.33333333,-3,41.9867704,45.69707017,-3.710299768,-39,-28,-11,-0.7,0.27,-0.97,FALSE
6,5f108dea719866356702d26f,NA,male,153,confounded,b,1,1.5755000000000337,66,52,-14,71,33,-3,34.66666667,33.66666667,1,34.88393454,30.21405118,4.669883356,-14,-3,-11,-0.62,0.03,-0.65,FALSE
6,5f108dea719866356702d26f,NA,male,154,confounded,b,1,0.7309999999999945,66,61,-21,85,54,-6,35.33333333,44.33333333,-9,39.88594851,37.77418284,2.111765679,-21,-6,-15,-0.7,-0.37,-0.33,FALSE
6,5f108dea719866356702d26f,NA,male,155,unconfounded,b,1,1.0477999999523036,49,33,-54,78,3,-44,9.333333333,12.33333333,-3,45.25728916,50.24163833,-4.98434917,-54,-44,-10,-0.64,0.27,-0.91,FALSE
6,5f108dea719866356702d26f,NA,male,156,unconfounded,b,1,2.119999999999891,58,40,-41,89,8,-31,19,22,-3,43.05810028,49.979996,-6.921895715,-41,-31,-10,-0.62,0.4,-1.02,FALSE
6,5f108dea719866356702d26f,NA,male,157,confounded,b,1,1.5755999999046253,65,35,-34,61,27,-22,22,22,0,41.44876355,34.06855833,7.380205222,-34,-22,-12,-0.44,-0.22,-0.22,FALSE
6,5f108dea719866356702d26f,NA,male,158,confounded,b,1,1.3697000000477146,67,60,-20,68,46,-10,35.66666667,34.66666667,1,39.46587837,32.83629428,6.629584088,-20,-10,-10,-0.69,-0.48,-0.21,FALSE
6,5f108dea719866356702d26f,NA,male,159,confounded,b,1,2.3310000000000173,91,75,-12,94,55,-4,51.33333333,48.33333333,3,45.25728916,40.28509512,4.97219404,-12,-4,-8,-0.64,-0.24,-0.4,FALSE
6,5f108dea719866356702d26f,NA,male,160,confounded,b,1,1.6868000000714574,89,67,-17,87,61,-12,46.33333333,45.33333333,1,45.67518169,41.90730512,3.76787657,-17,-12,-5,-0.59,-0.51,-0.08,FALSE
6,5f108dea719866356702d26f,NA,male,161,unconfounded,b,1,5.447700000047689,71,48,-19,96,7,-6,33.33333333,32.33333333,1,38.17794593,45.33088229,-7.152936355,-19,-6,-13,-0.52,0.66,-1.18,FALSE
6,5f108dea719866356702d26f,NA,male,162,confounded,a,0,3.219799999952329,83,50,-11,85,29,-1,40.66666667,37.66666667,3,38.93869826,35.64017708,3.298521182,-11,-1,-10,-0.35,0.35,-0.7,FALSE
6,5f108dea719866356702d26f,NA,male,163,unconfounded,a,0,1.4698999999761782,78,19,-16,89,2,-7,27,28,-1,38.79003308,43.28972164,-4.49968856,-16,-7,-9,0.3,0.68,-0.38,FALSE
6,5f108dea719866356702d26f,NA,male,164,unconfounded,b,1,1.0477999999523036,75,26,-42,94,6,-32,19.66666667,22.66666667,-3,47.97453028,52.77204647,-4.797516193,-42,-32,-10,-0.2,0.44,-0.64,FALSE
6,5f108dea719866356702d26f,NA,male,165,unconfounded,a,0,1.7760000000000673,92,49,-7,99,9,-1,44.66666667,35.66666667,9,40.53256578,44.96912521,-4.436559429,-7,-1,-6,-0.16,0.68,-0.84,FALSE
6,5f108dea719866356702d26f,NA,male,166,confounded,b,1,1.280999999999949,42,40,-31,59,28,-18,17,23,-6,33.950945,31.63331577,2.317629233,-31,-18,-13,-0.71,-0.23,-0.48,FALSE
6,5f108dea719866356702d26f,NA,male,167,unconfounded,b,1,1.0921000000238337,58,37,-21,83,16,-7,24.66666667,30.66666667,-6,33.40991204,38.17794593,-4.768033896,-21,-7,-14,-0.5,0.52,-1.02,FALSE
6,5f108dea719866356702d26f,NA,male,168,confounded,a,0,1.1026000000239264,88,64,-15,89,47,-2,45.66666667,44.66666667,1,44.00252518,37.18721405,6.815311129,-15,-2,-13,-0.55,-0.09,-0.46,FALSE
6,5f108dea719866356702d26f,NA,male,169,unconfounded,a,0,1.981199999928549,82,49,-56,98,10,-51,25,19,6,58.83876273,61.16098975,-2.322227012,-56,-51,-5,-0.54,0.22,-0.76,FALSE
6,5f108dea719866356702d26f,NA,male,170,unconfounded,b,1,0.9088999999762564,61,18,-37,77,14,-31,14,20,-6,40.10818703,44.29446918,-4.186282153,-37,-31,-6,-0.15,0.2,-0.35,FALSE
6,5f108dea719866356702d26f,NA,male,171,confounded,b,1,1.658899999976143,99,45,-67,98,5,-53,25.66666667,16.66666667,9,69.13432979,62.19503374,6.939296048,-67,-53,-14,-0.4,0.27,-0.67,FALSE
6,5f108dea719866356702d26f,NA,male,172,confounded,a,0,3.1754999999999427,91,73,-19,96,36,-14,48.33333333,39.33333333,9,48.17560471,44.96912521,3.206479496,-19,-14,-5,-0.63,0.11,-0.74,FALSE
6,5f108dea719866356702d26f,NA,male,173,unconfounded,b,1,0.7646000000238473,50,26,-17,66,7,-11,19.66666667,20.66666667,-1,27.71682201,32.88701196,-5.17018995,-17,-11,-6,-0.33,0.55,-0.88,FALSE
6,5f108dea719866356702d26f,NA,male,174,confounded,b,1,2.036699999928487,79,76,-68,85,37,-62,29,20,9,68.60029154,61.20457499,7.395716552,-68,-62,-6,-0.71,-0.4,-0.31,FALSE
6,5f108dea719866356702d26f,NA,male,175,unconfounded,a,0,1.847799999952372,61,43,-79,96,2,-73,8.333333333,8.333333333,0,62.18967403,69.13915115,-6.949477127,-79,-73,-6,-0.66,0.14,-0.8,FALSE
6,5f108dea719866356702d26f,NA,male,176,confounded,b,1,3.2972000000477237,65,54,-20,73,59,-6,33,42,-9,37.74475681,34.41898701,3.325769802,-20,-6,-14,-0.66,-0.62,-0.04,FALSE
6,5f108dea719866356702d26f,NA,male,177,confounded,b,1,2.697499999999991,81,40,-65,84,42,-52,18.66666667,24.66666667,-6,61.48351179,56.85849883,4.625012964,-65,-52,-13,-0.48,-0.43,-0.05,FALSE
6,5f108dea719866356702d26f,NA,male,178,unconfounded,a,0,2.44730000007155,55,22,-21,66,6,-16,18.66666667,18.66666667,0,31.11626941,34.65384378,-3.537574369,-21,-16,-5,-0.16,0.5,-0.66,FALSE
6,5f108dea719866356702d26f,NA,male,179,unconfounded,b,1,1.9142999999522772,81,51,-42,96,4,-37,30,21,9,52.36410985,55.61174936,-3.247639512,-42,-37,-5,-0.54,0.43,-0.97,FALSE
6,5f108dea719866356702d26f,NA,male,180,confounded,a,0,2.7087999999523618,81,75,-12,85,53,-3,48,45,3,42.49705872,36.36848453,6.128574196,-12,-3,-9,-0.7,-0.32,-0.38,FALSE
6,5f108dea719866356702d26f,NA,male,181,confounded,b,1,1.6923999999761463,81,74,-67,96,32,-58,29.33333333,23.33333333,6,68.17787194,63.16820579,5.009666154,-67,-58,-9,-0.7,-0.2,-0.5,FALSE
6,5f108dea719866356702d26f,NA,male,182,unconfounded,a,0,1.7754999999999654,83,61,-20,99,4,-6,41.33333333,32.33333333,9,44.28945197,47.31689856,-3.027446588,-20,-6,-14,-0.58,0.68,-1.26,FALSE
6,5f108dea719866356702d26f,NA,male,183,confounded,a,0,1.9701000000237627,96,61,-17,93,41,-3,46.66666667,43.66666667,3,47.23228651,39.23717059,7.995115924,-17,-3,-14,-0.43,0.1,-0.53,FALSE
6,5f108dea719866356702d26f,NA,male,184,unconfounded,a,0,2.530999999999949,64,57,-33,97,1,-19,29.33333333,26.33333333,3,44.16886787,50.63156679,-6.46269892,-33,-19,-14,-0.69,0.63,-1.32,FALSE
6,5f108dea719866356702d26f,NA,male,185,unconfounded,a,0,2.208899999976211,56,39,-78,85,2,-70,5.666666667,5.666666667,0,59.56695579,63.33157892,-3.764623132,-78,-70,-8,-0.66,0.09,-0.75,FALSE
6,5f108dea719866356702d26f,NA,male,186,unconfounded,b,1,1.0871000000238382,61,53,-62,85,48,-54,17.33333333,26.33333333,-9,56.19213073,58.77830288,-2.586172149,-62,-54,-8,-0.7,-0.5,-0.2,FALSE
6,5f108dea719866356702d26f,NA,male,187,confounded,a,0,2.87009999990471,81,48,-42,79,15,-34,29,20,9,51.98076567,46.26733909,5.713426581,-42,-34,-8,-0.5,0.16,-0.66,FALSE
6,5f108dea719866356702d26f,NA,male,188,unconfounded,a,0,1.5028999999761936,71,45,-35,95,9,-23,27,27,0,45.10727953,49.82636518,-4.719085645,-35,-23,-12,-0.54,0.49,-1.03,FALSE
6,5f108dea719866356702d26f,NA,male,189,unconfounded,a,0,1.1921000000238564,74,46,-44,87,1,-39,25.33333333,16.33333333,9,50.34105901,52.56953068,-2.228471667,-44,-39,-5,-0.55,0.41,-0.96,FALSE
6,5f108dea719866356702d26f,NA,male,190,unconfounded,b,1,0.9811000000238436,63,32,-59,96,5,-47,12,18,-6,51.77515492,59.09878735,-7.323632437,-59,-47,-12,-0.52,0.32,-0.84,FALSE
6,5f108dea719866356702d26f,NA,male,191,unconfounded,a,0,2.03680000007148,57,52,-69,95,11,-63,13.33333333,14.33333333,-1,58.25423208,64.54627969,-6.29204761,-69,-63,-6,-0.7,0.08,-0.78,FALSE
6,5f108dea719866356702d26f,NA,male,192,confounded,b,1,1.703300000071522,51,45,-68,56,48,-58,9.333333333,15.33333333,-6,54.73775865,51.95724738,2.780511269,-68,-58,-10,-0.7,-0.69,-0.01,FALSE
6,5f108dea719866356702d26f,NA,male,193,unconfounded,a,0,2.330899999976168,65,46,-24,88,13,-14,29,29,0,38.27096375,43.15089802,-4.879934267,-24,-14,-10,-0.58,0.51,-1.09,FALSE
6,5f108dea719866356702d26f,NA,male,194,unconfounded,a,0,2.747799999952349,74,36,-41,90,6,-30,23,22,1,47.84001115,50.27922036,-2.439209212,-41,-30,-11,-0.39,0.45,-0.84,FALSE
6,5f108dea719866356702d26f,NA,male,195,unconfounded,a,0,2.0970999999046853,66,61,-25,89,4,-18,34,25,9,41.76920716,46.13747573,-4.368268571,-25,-18,-7,-0.7,0.59,-1.29,FALSE
6,5f108dea719866356702d26f,NA,male,196,confounded,a,0,1.1309999999999718,82,65,-29,77,59,-18,39.33333333,39.33333333,0,48.81484292,41.20140235,7.613440566,-29,-18,-11,-0.64,-0.61,-0.03,FALSE
6,5f108dea719866356702d26f,NA,male,197,unconfounded,a,0,1.5422000000477285,76,48,-37,99,1,-31,29,23,6,48.04858652,55.30521374,-7.256627218,-37,-31,-6,-0.53,0.53,-1.06,FALSE
6,5f108dea719866356702d26f,NA,male,198,confounded,b,1,2.3309999999999036,65,30,-84,74,33,-69,3.666666667,12.66666667,-9,63.61516241,60.12394605,3.491216361,-84,-69,-15,-0.55,-0.47,-0.08,FALSE
6,5f108dea719866356702d26f,NA,male,199,confounded,a,0,2.375499999999988,57,2,-48,64,9,-35,3.666666667,12.66666667,-9,42.88226777,40.49965706,2.382610705,-48,-35,-13,0.06,0.14,-0.08,FALSE
6,5f108dea719866356702d26f,NA,male,200,unconfounded,b,1,1.8863000000716283,80,45,-79,99,3,-74,15.33333333,9.333333333,6,68.2169741,70.76879413,-2.551820026,-79,-74,-5,-0.57,0.13,-0.7,FALSE
6,5f108dea719866356702d26f,NA,male,201,unconfounded,a,0,1.7868999999761854,79,56,-16,99,19,-8,39.66666667,36.66666667,3,40.46672158,45.4337124,-4.966990816,-16,-8,-8,-0.54,0.52,-1.06,FALSE
6,5f108dea719866356702d26f,NA,male,202,unconfounded,b,1,1.0919999999999843,65,38,-26,81,20,-21,25.66666667,26.66666667,-1,38.16047985,41.90730512,-3.74682527,-26,-21,-5,-0.45,0.23,-0.68,FALSE
6,5f108dea719866356702d26f,NA,male,203,unconfounded,a,0,1.9866000000238273,39,29,-22,58,1,-13,15.33333333,15.33333333,0,26.71246068,30.70649587,-3.994035195,-22,-13,-9,-0.63,0.6,-1.23,FALSE
6,5f108dea719866356702d26f,NA,male,204,unconfounded,b,1,1.6760000000000446,58,49,-41,85,1,-29,22,19,3,44.69899328,48.24935233,-3.55035905,-41,-29,-12,-0.69,0.51,-1.2,FALSE
6,5f108dea719866356702d26f,NA,male,205,confounded,a,0,2.1201000000238537,65,62,-49,72,57,-42,26,29,-3,53.04714884,50.57667447,2.470474374,-49,-42,-7,-0.71,-0.66,-0.05,FALSE
6,5f108dea719866356702d26f,NA,male,206,confounded,a,0,4.736799999952268,89,74,-13,90,55,-4,50,47,3,44.96665431,38.79003308,6.176621228,-13,-4,-9,-0.65,-0.3,-0.35,FALSE
6,5f108dea719866356702d26f,NA,male,207,confounded,a,0,1.80889999997612,76,27,-21,72,4,-12,27.33333333,21.33333333,6,39.60078563,36.41733409,3.183451536,-21,-12,-9,0.01,0.61,-0.6,FALSE
6,5f108dea719866356702d26f,NA,male,208,unconfounded,a,0,2.692299999952297,49,31,-74,83,4,-63,2,8,-6,54.24020649,59.67132198,-5.431115489,-74,-63,-11,-0.65,0.1,-0.75,FALSE
6,5f108dea719866356702d26f,NA,male,209,unconfounded,b,1,6.158700000047702,81,32,-83,99,17,-77,10,13,-3,68.73621074,71.90734779,-3.171137055,-83,-77,-6,-0.45,-0.08,-0.37,FALSE
6,5f108dea719866356702d26f,NA,male,210,confounded,b,1,1.3310000000000173,66,64,-14,70,50,-1,38.66666667,39.66666667,-1,37.24990679,29.89239963,7.357507157,-14,-1,-13,-0.71,-0.48,-0.23,FALSE
6,5f108dea719866356702d26f,NA,male,211,confounded,b,1,1.1254999999999882,91,40,-37,81,27,-32,31.33333333,25.33333333,6,52.61389761,46.14710777,6.466789845,-37,-32,-5,-0.24,-0.05,-0.19,FALSE
6,5f108dea719866356702d26f,NA,male,212,unconfounded,a,0,1.1978000000715383,72,34,-68,95,3,-57,12.66666667,13.66666667,-1,59.11194653,62.51044357,-3.398497045,-68,-57,-11,-0.49,0.25,-0.74,FALSE
6,5f108dea719866356702d26f,NA,male,213,unconfounded,a,0,5.442300000071555,69,66,-55,96,34,-50,26.66666667,26.66666667,0,57.76004001,59.82938706,-2.069347044,-55,-50,-5,-0.71,-0.18,-0.53,FALSE
6,5f108dea719866356702d26f,NA,male,214,unconfounded,a,0,1.5253999999761163,52,25,-28,65,9,-22,16.33333333,17.33333333,-1,33.22983933,36.00308629,-2.773246953,-28,-22,-6,-0.37,0.33,-0.7,FALSE
6,5f108dea719866356702d26f,NA,male,215,unconfounded,a,0,2.5188999999761563,72,70,-34,99,2,-20,36,27,9,49.50420858,51.69784006,-2.193631483,-34,-20,-14,-0.71,0.61,-1.32,FALSE
6,5f108dea719866356702d26f,NA,male,216,confounded,b,1,1.8868999999760945,60,35,-32,57,29,-20,21,22,-1,38.8415585,31.82242396,7.01913454,-32,-20,-12,-0.49,-0.32,-0.17,FALSE
6,5f108dea719866356702d26f,NA,male,217,unconfounded,a,0,2.691799999952309,61,53,-28,85,3,-20,28.66666667,22.66666667,6,40.20226638,45.0653846,-4.863118215,-28,-20,-8,-0.69,0.57,-1.26,FALSE
6,5f108dea719866356702d26f,NA,male,218,confounded,b,1,0.942199999928448,95,41,-73,89,40,-63,21,22,-1,70.0285656,63.34561284,6.682952755,-73,-63,-10,-0.41,-0.4,-0.01,FALSE
6,5f108dea719866356702d26f,NA,male,219,unconfounded,b,1,1.5586999999284217,44,17,-42,71,6,-31,6.333333333,15.33333333,-9,35.91038228,42.16106682,-6.250684541,-42,-31,-11,-0.42,0.32,-0.74,FALSE
7,5f5a2c71564c5608637736f3,29,female,0,unconfounded,b,1,7.969300000011913,70,16,-49,84,3,-41,12.33333333,15.33333333,-3,48.65068231,51.77086268,-3.12018037,-49,-41,-8,-0.11,0.34,-0.45,FALSE
7,5f5a2c71564c5608637736f3,29,female,2,unconfounded,b,1,4.461799999982134,49,33,-54,78,3,-44,9.333333333,12.33333333,-3,45.25728916,50.24163833,-4.98434917,-54,-44,-10,-0.64,0.27,-0.91,FALSE
7,5f5a2c71564c5608637736f3,29,female,3,unconfounded,b,1,8.889700000017882,63,45,-19,81,8,-9,29.66666667,26.66666667,3,35.18838192,39.04128869,-3.852906764,-19,-9,-10,-0.57,0.61,-1.18,FALSE
7,5f5a2c71564c5608637736f3,29,female,4,unconfounded,b,1,17.06340000000594,45,38,-33,83,15,-21,16.66666667,25.66666667,-9,35.23571421,43.12256434,-7.886850138,-33,-21,-12,-0.69,0.36,-1.05,FALSE
7,5f5a2c71564c5608637736f3,29,female,5,unconfounded,b,1,2.931200000017867,80,45,-79,99,3,-74,15.33333333,9.333333333,6,68.2169741,70.76879413,-2.551820026,-79,-74,-5,-0.57,0.13,-0.7,FALSE
7,5f5a2c71564c5608637736f3,29,female,6,confounded,b,1,5.608900000005974,78,64,-50,80,54,-42,30.66666667,30.66666667,0,57.32558087,52.46797965,4.857601218,-50,-42,-8,-0.68,-0.58,-0.1,FALSE
7,5f5a2c71564c5608637736f3,29,female,7,confounded,a,0,22.66840000000596,91,75,-12,94,55,-4,51.33333333,48.33333333,3,45.25728916,40.28509512,4.97219404,-12,-4,-8,-0.64,-0.24,-0.4,FALSE
7,5f5a2c71564c5608637736f3,29,female,8,unconfounded,b,1,3.226699999988085,70,55,-15,99,30,-1,36.66666667,42.66666667,-6,37.04351795,41.7957999,-4.752281944,-15,-1,-14,-0.62,0.43,-1.05,FALSE
7,5f5a2c71564c5608637736f3,29,female,9,unconfounded,b,1,2.0660999999940373,81,32,-83,99,17,-77,10,13,-3,68.73621074,71.90734779,-3.171137055,-83,-77,-6,-0.45,-0.08,-0.37,FALSE
7,5f5a2c71564c5608637736f3,29,female,10,confounded,b,1,3.8637000000179,91,73,-19,96,36,-14,48.33333333,39.33333333,9,48.17560471,44.96912521,3.206479496,-19,-14,-5,-0.63,0.11,-0.74,FALSE
7,5f5a2c71564c5608637736f3,29,female,11,unconfounded,b,1,2.6214000000059627,65,10,-62,90,1,-51,4.333333333,13.33333333,-9,52.00213671,58.21988969,-6.217752982,-62,-51,-11,-0.16,0.31,-0.47,FALSE
7,5f5a2c71564c5608637736f3,29,female,12,confounded,b,1,12.573000000000008,89,74,-13,90,55,-4,50,47,3,44.96665431,38.79003308,6.176621228,-13,-4,-9,-0.65,-0.3,-0.35,FALSE
7,5f5a2c71564c5608637736f3,29,female,13,unconfounded,b,1,3.729400000005967,56,39,-78,85,2,-70,5.666666667,5.666666667,0,59.56695579,63.33157892,-3.764623132,-78,-70,-8,-0.66,0.09,-0.75,FALSE
7,5f5a2c71564c5608637736f3,29,female,14,confounded,b,1,2.6321000000238257,87,67,-40,97,42,-25,38,38,0,55.75541827,49.88653793,5.868880342,-40,-25,-15,-0.64,-0.12,-0.52,FALSE
7,5f5a2c71564c5608637736f3,29,female,15,confounded,b,1,1.6837000000178932,87,69,-31,91,47,-16,41.66666667,40.66666667,1,51.90589776,43.91152721,7.994370546,-31,-16,-15,-0.64,-0.21,-0.43,FALSE
7,5f5a2c71564c5608637736f3,29,female,16,confounded,b,1,2.5158999999761704,60,35,-17,52,7,-8,26,17,9,32.07283378,25.49509757,6.577736212,-17,-8,-9,-0.4,0.53,-0.93,FALSE
7,5f5a2c71564c5608637736f3,29,female,17,unconfounded,b,1,1.333199999988068,52,25,-28,65,9,-22,16.33333333,17.33333333,-1,33.22983933,36.00308629,-2.773246953,-28,-22,-6,-0.37,0.33,-0.7,FALSE
7,5f5a2c71564c5608637736f3,29,female,18,confounded,b,1,1.568700000017884,49,11,-37,57,15,-22,7.666666667,16.66666667,-9,35.18838192,32.27313985,2.915242074,-37,-22,-15,-0.14,0.08,-0.22,FALSE
7,5f5a2c71564c5608637736f3,29,female,19,confounded,b,1,2.181799999982104,95,75,-28,96,64,-15,47.33333333,48.33333333,-1,53.89083616,46.64999702,7.240839139,-28,-15,-13,-0.63,-0.47,-0.16,FALSE
7,5f5a2c71564c5608637736f3,29,female,20,confounded,b,1,4.896199999988056,39,30,-45,49,34,-32,8,17,-9,37.65634077,35.18522417,2.471116596,-45,-32,-13,-0.68,-0.61,-0.07,FALSE
7,5f5a2c71564c5608637736f3,29,female,21,confounded,b,1,3.675900000005925,57,2,-48,64,9,-35,3.666666667,12.66666667,-9,42.88226777,40.49965706,2.382610705,-48,-35,-13,0.06,0.14,-0.08,FALSE
7,5f5a2c71564c5608637736f3,29,female,22,unconfounded,b,1,2.3830999999940445,61,43,-79,96,2,-73,8.333333333,8.333333333,0,62.18967403,69.13915115,-6.949477127,-79,-73,-6,-0.66,0.14,-0.8,FALSE
7,5f5a2c71564c5608637736f3,29,female,23,unconfounded,b,1,2.4189999999999827,61,53,-62,85,48,-54,17.33333333,26.33333333,-9,56.19213073,58.77830288,-2.586172149,-62,-54,-8,-0.7,-0.5,-0.2,FALSE
7,5f5a2c71564c5608637736f3,29,female,24,unconfounded,b,1,1.1675000000000182,64,56,-58,94,9,-50,20.66666667,17.66666667,3,55.72152985,59.10630724,-3.384777389,-58,-50,-8,-0.7,0.22,-0.92,FALSE
7,5f5a2c71564c5608637736f3,29,female,25,unconfounded,b,1,3.1123999999761622,58,40,-41,89,8,-31,19,22,-3,43.05810028,49.979996,-6.921895715,-41,-31,-10,-0.62,0.4,-1.02,FALSE
7,5f5a2c71564c5608637736f3,29,female,26,unconfounded,b,1,3.895699999988096,67,30,-64,98,12,-50,11,20,-9,55.14224031,60.68497892,-5.542738609,-64,-50,-14,-0.48,0.2,-0.68,FALSE
7,5f5a2c71564c5608637736f3,29,female,27,confounded,b,1,1.4660999999940714,61,33,-71,68,40,-58,7.666666667,16.66666667,-9,56.78810517,54.02057221,2.767532958,-71,-58,-13,-0.58,-0.57,-0.01,FALSE
7,5f5a2c71564c5608637736f3,29,female,28,unconfounded,b,1,2.72950000000003,57,52,-69,95,11,-63,13.33333333,14.33333333,-1,58.25423208,64.54627969,-6.29204761,-69,-63,-6,-0.7,0.08,-0.78,FALSE
7,5f5a2c71564c5608637736f3,29,female,29,confounded,b,1,3.065499999999986,93,88,-12,97,64,-1,56.33333333,53.33333333,3,48.36206043,40.71308826,7.64897217,-12,-1,-11,-0.7,-0.38,-0.32,FALSE
7,5f5a2c71564c5608637736f3,29,female,30,confounded,b,1,2.232900000005941,82,65,-29,77,59,-18,39.33333333,39.33333333,0,48.81484292,41.20140235,7.613440566,-29,-18,-11,-0.64,-0.61,-0.03,FALSE
7,5f5a2c71564c5608637736f3,29,female,31,confounded,b,1,1.834299999982136,81,75,-12,85,53,-3,48,45,3,42.49705872,36.36848453,6.128574196,-12,-3,-9,-0.7,-0.32,-0.38,FALSE
7,5f5a2c71564c5608637736f3,29,female,32,confounded,b,1,3.780800000011936,76,47,-60,74,22,-51,21,15,6,58.48646567,51.27052435,7.215941325,-60,-51,-9,-0.58,-0.2,-0.38,FALSE
7,5f5a2c71564c5608637736f3,29,female,33,confounded,b,1,1.8170000000000073,96,51,-91,99,54,-79,18.66666667,24.66666667,-6,79.69246444,75.57042337,4.122041069,-91,-79,-12,-0.54,-0.52,-0.02,FALSE
7,5f5a2c71564c5608637736f3,29,female,34,unconfounded,b,1,1.5499000000059482,55,19,-13,73,1,-4,20.33333333,23.33333333,-3,27.77688887,35.17890782,-7.402018947,-13,-4,-9,0.07,0.7,-0.63,FALSE
7,5f5a2c71564c5608637736f3,29,female,36,unconfounded,b,1,2.565099999994004,47,39,-49,72,3,-41,12.33333333,11.33333333,1,43.49201715,46.50686927,-3.014852118,-49,-41,-8,-0.69,0.26,-0.95,FALSE
7,5f5a2c71564c5608637736f3,29,female,37,confounded,b,1,3.96550000000002,99,63,-12,93,52,-4,50,47,3,46.23851209,39.75759885,6.480913232,-12,-4,-8,-0.4,-0.19,-0.21,FALSE
7,5f5a2c71564c5608637736f3,29,female,38,confounded,b,1,3.2804000000059546,67,16,-14,66,5,-2,23,23,0,33.43650699,30.53959179,2.896915205,-14,-2,-12,0.3,0.68,-0.38,FALSE
7,5f5a2c71564c5608637736f3,29,female,39,confounded,b,1,1.1846999999880836,95,89,-13,98,73,-3,57,56,1,49.55804677,42.94958285,6.608463927,-13,-3,-10,-0.7,-0.53,-0.17,FALSE
7,5f5a2c71564c5608637736f3,29,female,40,confounded,b,1,1.1979000000059727,30,4,-19,23,3,-8,5,6,-1,20.01665973,12.83225104,7.184408691,-19,-8,-11,0.07,0.34,-0.27,FALSE
7,5f5a2c71564c5608637736f3,29,female,41,unconfounded,b,1,1.651599999994005,82,49,-56,98,10,-51,25,19,6,58.83876273,61.16098975,-2.322227012,-56,-51,-5,-0.54,0.22,-0.76,FALSE
7,5f5a2c71564c5608637736f3,29,female,42,unconfounded,b,1,5.26309999999404,83,40,-8,91,7,-1,38.33333333,32.33333333,6,37.16928242,41.61196409,-4.442681672,-8,-1,-7,-0.07,0.69,-0.76,FALSE
7,5f5a2c71564c5608637736f3,29,female,43,unconfounded,b,1,2.923600000023839,50,26,-17,66,7,-11,19.66666667,20.66666667,-1,27.71682201,32.88701196,-5.17018995,-17,-11,-6,-0.33,0.55,-0.88,FALSE
7,5f5a2c71564c5608637736f3,29,female,44,confounded,b,1,1.3751000000237923,79,75,-24,86,58,-11,43.33333333,44.33333333,-1,47.6398526,40.76218291,6.877669688,-24,-11,-13,-0.7,-0.47,-0.23,FALSE
7,5f5a2c71564c5608637736f3,29,female,45,unconfounded,b,1,6.102800000011882,63,60,-29,84,5,-22,31.33333333,22.33333333,9,42.67968551,44.97653709,-2.296851579,-29,-22,-7,-0.7,0.52,-1.22,FALSE
7,5f5a2c71564c5608637736f3,29,female,46,unconfounded,b,1,4.163299999982087,65,27,-35,83,18,-26,19,25,-6,41.21488404,44.77350407,-3.558620027,-35,-26,-9,-0.28,0.23,-0.51,FALSE
7,5f5a2c71564c5608637736f3,29,female,47,confounded,b,1,1.1028000000118825,84,54,-18,91,30,-4,40,39,1,42.80186912,39.3022476,3.499621515,-18,-4,-14,-0.46,0.33,-0.79,FALSE
7,5f5a2c71564c5608637736f3,29,female,48,unconfounded,b,1,2.4502999999821213,80,55,-43,97,5,-37,30.66666667,21.66666667,9,53.08065142,55.96030339,-2.879651967,-43,-37,-6,-0.59,0.42,-1.01,FALSE
7,5f5a2c71564c5608637736f3,29,female,49,confounded,b,1,8.90859999999401,76,27,-21,72,4,-12,27.33333333,21.33333333,6,39.60078563,36.41733409,3.183451536,-21,-12,-9,0.01,0.61,-0.6,FALSE
7,5f5a2c71564c5608637736f3,29,female,50,confounded,b,1,3.3832000000178937,57,40,-94,70,21,-79,1,4,-3,67.53270812,62.00537611,5.527332014,-94,-79,-15,-0.67,-0.39,-0.28,FALSE
7,5f5a2c71564c5608637736f3,29,female,51,confounded,b,1,1.3675000000000068,85,77,-20,97,78,-6,47.33333333,56.33333333,-9,47.72374205,44.75364665,2.970095399,-20,-6,-14,-0.69,-0.61,-0.08,FALSE
7,5f5a2c71564c5608637736f3,29,female,52,unconfounded,b,1,1.6066999999880522,60,51,-79,94,11,-73,10.66666667,10.66666667,0,63.51027913,68.17787194,-4.667592807,-79,-73,-6,-0.7,-0.01,-0.69,FALSE
7,5f5a2c71564c5608637736f3,29,female,53,confounded,b,1,1.3035999999940486,66,61,-21,85,54,-6,35.33333333,44.33333333,-9,39.88594851,37.77418284,2.111765679,-21,-6,-15,-0.7,-0.37,-0.33,FALSE
7,5f5a2c71564c5608637736f3,29,female,54,unconfounded,b,1,2.749500000000012,92,54,-10,99,11,-1,45.33333333,36.33333333,9,42.08985098,44.58200933,-2.492158346,-10,-1,-9,-0.3,0.67,-0.97,FALSE
7,5f5a2c71564c5608637736f3,29,female,55,unconfounded,b,1,1.7514000000059582,61,50,-88,94,11,-82,7.666666667,7.666666667,0,67.79544396,71.8903486,-4.094904639,-88,-82,-6,-0.69,-0.07,-0.62,FALSE
7,5f5a2c71564c5608637736f3,29,female,56,confounded,b,1,3.099599999994041,83,50,-11,85,29,-1,40.66666667,37.66666667,3,38.93869826,35.64017708,3.298521182,-11,-1,-10,-0.35,0.35,-0.7,FALSE
7,5f5a2c71564c5608637736f3,29,female,57,confounded,b,1,3.084000000000003,98,40,-65,99,32,-55,24.33333333,25.33333333,-1,67.46027638,63.04671989,4.413556487,-65,-55,-10,-0.34,-0.16,-0.18,FALSE
7,5f5a2c71564c5608637736f3,29,female,58,confounded,b,1,2.050699999988069,89,67,-17,87,61,-12,46.33333333,45.33333333,1,45.67518169,41.90730512,3.76787657,-17,-12,-5,-0.59,-0.51,-0.08,FALSE
7,5f5a2c71564c5608637736f3,29,female,59,unconfounded,b,1,1.6030000000000086,52,47,-90,84,32,-80,3,12,-9,65.79260343,68.43001291,-2.637409474,-90,-80,-10,-0.7,-0.41,-0.29,FALSE
7,5f5a2c71564c5608637736f3,29,female,60,unconfounded,b,1,7.6229999999999905,44,17,-42,71,6,-31,6.333333333,15.33333333,-9,35.91038228,42.16106682,-6.250684541,-42,-31,-11,-0.42,0.32,-0.74,FALSE
7,5f5a2c71564c5608637736f3,29,female,61,confounded,b,1,1.218500000000006,60,35,-32,57,29,-20,21,22,-1,38.8415585,31.82242396,7.01913454,-32,-20,-12,-0.49,-0.32,-0.17,FALSE
7,5f5a2c71564c5608637736f3,29,female,62,unconfounded,b,1,1.3013000000119632,70,41,-47,93,2,-40,21.33333333,18.33333333,3,49.74825513,55.51176052,-5.763505382,-47,-40,-7,-0.53,0.42,-0.95,FALSE
7,5f5a2c71564c5608637736f3,29,female,63,confounded,b,1,1.0361999999880709,90,67,-17,92,28,-7,46.66666667,37.66666667,9,45.98792112,40.99051381,4.997407312,-17,-7,-10,-0.58,0.34,-0.92,FALSE
7,5f5a2c71564c5608637736f3,29,female,64,unconfounded,b,1,1.2349000000059505,60,27,-47,80,4,-41,13.33333333,14.33333333,-1,44.73874781,49.93551397,-5.196766162,-47,-41,-6,-0.43,0.3,-0.73,FALSE
7,5f5a2c71564c5608637736f3,29,female,65,unconfounded,b,1,1.351900000005969,74,35,-30,97,8,-17,26.33333333,29.33333333,-3,42.89781139,48.92397731,-6.026165915,-30,-17,-13,-0.29,0.57,-0.86,FALSE
7,5f5a2c71564c5608637736f3,29,female,66,unconfounded,b,1,5.3812999999821045,57,55,-50,97,16,-42,20.66666667,23.66666667,-3,49.97554958,57.00487309,-7.029323509,-50,-42,-8,-0.71,0.2,-0.91,FALSE
7,5f5a2c71564c5608637736f3,29,female,67,unconfounded,b,1,1.2999000000059482,69,66,-55,96,34,-50,26.66666667,26.66666667,0,57.76004001,59.82938706,-2.069347044,-55,-50,-5,-0.71,-0.18,-0.53,FALSE
7,5f5a2c71564c5608637736f3,29,female,68,confounded,b,1,1.501799999982154,91,40,-37,81,27,-32,31.33333333,25.33333333,6,52.61389761,46.14710777,6.466789845,-37,-32,-5,-0.24,-0.05,-0.19,FALSE
7,5f5a2c71564c5608637736f3,29,female,69,confounded,b,1,1.2355000000000018,74,51,-26,76,46,-14,33,36,-3,42.76291228,37.41657387,5.346338412,-26,-14,-12,-0.56,-0.38,-0.18,FALSE
7,5f5a2c71564c5608637736f3,29,female,70,unconfounded,b,1,3.716499999999997,77,67,-13,98,10,-4,43.66666667,34.66666667,9,40.27681991,45.14667454,-4.86985463,-13,-4,-9,-0.67,0.66,-1.33,FALSE
7,5f5a2c71564c5608637736f3,29,female,71,unconfounded,b,1,1.6006999999880804,52,34,-65,75,3,-57,7,7,0,51.4392846,53.96295025,-2.523665654,-65,-57,-8,-0.64,0.11,-0.75,FALSE
7,5f5a2c71564c5608637736f3,29,female,72,confounded,b,1,1.2021999999880677,81,78,-44,94,63,-33,38.33333333,41.33333333,-3,58.2313394,54.06374838,4.167591025,-44,-33,-11,-0.71,-0.54,-0.17,FALSE
7,5f5a2c71564c5608637736f3,29,female,73,unconfounded,b,1,1.6325999999940564,84,46,-12,97,13,-1,39.33333333,36.33333333,3,39.47432358,43.27688631,-3.802562731,-12,-1,-11,-0.25,0.65,-0.9,FALSE
7,5f5a2c71564c5608637736f3,29,female,74,confounded,b,1,2.1010999999940623,52,14,-16,53,17,-2,16.66666667,22.66666667,-6,27.82484901,22.80838053,5.01646848,-16,-2,-14,0.14,0.36,-0.22,FALSE
7,5f5a2c71564c5608637736f3,29,female,75,confounded,b,1,1.3760999999940395,67,65,-84,92,13,-75,16,10,6,70.71539201,68.21045863,2.504933376,-84,-75,-9,-0.71,-0.07,-0.64,FALSE
7,5f5a2c71564c5608637736f3,29,female,76,confounded,b,1,1.135900000005961,82,63,-26,93,35,-12,39.66666667,38.66666667,1,47.07676945,42.94440851,4.132360945,-26,-12,-14,-0.62,0.13,-0.75,FALSE
7,5f5a2c71564c5608637736f3,29,female,77,confounded,b,1,1.4195000000000275,80,43,-41,81,8,-34,27.33333333,18.33333333,9,50.62498285,47.5137407,3.111242151,-41,-34,-7,-0.43,0.32,-0.75,FALSE
7,5f5a2c71564c5608637736f3,29,female,78,confounded,b,1,1.5677999999821282,92,55,-16,86,47,-5,43.66666667,42.66666667,1,44.8131925,37.27674282,7.536449678,-16,-5,-11,-0.36,-0.17,-0.19,FALSE
7,5f5a2c71564c5608637736f3,29,female,79,confounded,b,1,1.350999999999999,97,65,-14,96,44,-1,49.33333333,46.33333333,3,46.64999702,39.63444069,7.015556332,-14,-1,-13,-0.47,0.09,-0.56,FALSE
7,5f5a2c71564c5608637736f3,29,female,80,unconfounded,b,1,2.6999000000059254,52,41,-26,71,1,-14,22.33333333,19.33333333,3,34.47059939,37.04351795,-2.572918563,-26,-14,-12,-0.65,0.62,-1.27,FALSE
7,5f5a2c71564c5608637736f3,29,female,81,unconfounded,b,1,2.9827999999821486,69,32,-47,87,24,-39,18,24,-6,48.38043682,51.4392846,-3.058847781,-47,-39,-8,-0.41,0,-0.41,FALSE
7,5f5a2c71564c5608637736f3,29,female,83,unconfounded,b,1,3.115399999976148,74,30,-33,93,7,-20,23.66666667,26.66666667,-3,43.91152721,48.18252334,-4.270996128,-33,-20,-13,-0.21,0.54,-0.75,FALSE
7,5f5a2c71564c5608637736f3,29,female,84,unconfounded,b,1,12.12229999998209,65,38,-26,81,20,-21,25.66666667,26.66666667,-1,38.16047985,41.90730512,-3.74682527,-26,-21,-5,-0.45,0.23,-0.68,FALSE
7,5f5a2c71564c5608637736f3,29,female,85,unconfounded,b,1,1.15859999999401,79,56,-16,99,19,-8,39.66666667,36.66666667,3,40.46672158,45.4337124,-4.966990816,-16,-8,-8,-0.54,0.52,-1.06,FALSE
7,5f5a2c71564c5608637736f3,29,female,86,confounded,b,1,4.963700000017866,78,18,-86,77,22,-71,3.333333333,9.333333333,-6,67.75117875,61.08100268,6.670176067,-86,-71,-15,-0.31,-0.3,-0.01,FALSE
7,5f5a2c71564c5608637736f3,29,female,87,confounded,b,1,1.5565000000000282,95,41,-73,89,40,-63,21,22,-1,70.0285656,63.34561284,6.682952755,-73,-63,-10,-0.41,-0.4,-0.01,FALSE
7,5f5a2c71564c5608637736f3,29,female,88,unconfounded,b,1,1.599599999994041,72,34,-68,95,3,-57,12.66666667,13.66666667,-1,59.11194653,62.51044357,-3.398497045,-68,-57,-11,-0.49,0.25,-0.74,FALSE
7,5f5a2c71564c5608637736f3,29,female,89,confounded,b,1,2.870600000023842,82,32,-65,81,1,-60,16.33333333,7.333333333,9,61.02640594,57.73695139,3.289454554,-65,-60,-5,-0.37,0.16,-0.53,FALSE
7,5f5a2c71564c5608637736f3,29,female,90,unconfounded,b,1,3.836500000000001,66,61,-25,89,4,-18,34,25,9,41.76920716,46.13747573,-4.368268571,-25,-18,-7,-0.7,0.59,-1.29,FALSE
7,5f5a2c71564c5608637736f3,29,female,91,confounded,b,1,1.4506999999881032,58,36,-89,59,29,-74,1.666666667,4.666666667,-3,64.73707507,56.95807425,7.779000822,-89,-74,-15,-0.65,-0.56,-0.09,FALSE
7,5f5a2c71564c5608637736f3,29,female,92,unconfounded,b,1,1.9340999999940325,75,26,-42,94,6,-32,19.66666667,22.66666667,-3,47.97453028,52.77204647,-4.797516193,-42,-32,-10,-0.2,0.44,-0.64,FALSE
7,5f5a2c71564c5608637736f3,29,female,93,unconfounded,b,1,5.0492000000178905,67,36,-51,86,5,-42,17.33333333,16.33333333,1,49.94886274,52.8667087,-2.917845962,-51,-42,-9,-0.51,0.31,-0.82,FALSE
7,5f5a2c71564c5608637736f3,29,female,94,confounded,b,1,2.467200000017897,90,19,-42,81,3,-35,22.33333333,16.33333333,6,53.94029621,48.2861839,5.654112314,-42,-35,-7,0.09,0.39,-0.3,FALSE
7,5f5a2c71564c5608637736f3,29,female,95,confounded,b,1,7.909099999994055,84,74,-73,96,33,-62,28.33333333,22.33333333,6,71.76969339,64.9427098,6.826983592,-73,-62,-11,-0.7,-0.24,-0.46,FALSE
7,5f5a2c71564c5608637736f3,29,female,96,unconfounded,b,1,4.831000000000017,77,49,-72,97,6,-67,18,12,6,64.65807503,67.08700818,-2.42893315,-72,-67,-5,-0.61,0.13,-0.74,FALSE
7,5f5a2c71564c5608637736f3,29,female,97,confounded,b,1,1.570400000005975,42,40,-31,59,28,-18,17,23,-6,33.950945,31.63331577,2.317629233,-31,-18,-13,-0.71,-0.23,-0.48,FALSE
7,5f5a2c71564c5608637736f3,29,female,98,unconfounded,b,1,4.718499999999949,60,34,-88,93,15,-75,2,11,-9,64.51873113,68.64400921,-4.125278077,-88,-75,-13,-0.62,-0.09,-0.53,FALSE
7,5f5a2c71564c5608637736f3,29,female,100,confounded,b,1,2.1500999999940404,83,79,-38,99,58,-24,41.33333333,44.33333333,-3,56.12090124,51.13598429,4.98491695,-38,-24,-14,-0.7,-0.38,-0.32,FALSE
7,5f5a2c71564c5608637736f3,29,female,101,confounded,b,1,1.562099999993961,66,64,-14,70,50,-1,38.66666667,39.66666667,-1,37.24990679,29.89239963,7.357507157,-14,-1,-13,-0.71,-0.48,-0.23,FALSE
7,5f5a2c71564c5608637736f3,29,female,102,unconfounded,b,1,3.582700000017894,81,51,-42,96,4,-37,30,21,9,52.36410985,55.61174936,-3.247639512,-42,-37,-5,-0.54,0.43,-0.97,FALSE
7,5f5a2c71564c5608637736f3,29,female,103,confounded,b,1,3.631800000011822,69,40,-29,65,14,-17,26.66666667,20.66666667,6,41.10420362,33.80663972,7.297563908,-29,-17,-12,-0.45,0.29,-0.74,FALSE
7,5f5a2c71564c5608637736f3,29,female,104,unconfounded,b,1,1.7533000000120182,66,40,-29,84,13,-23,25.66666667,24.66666667,1,40.08601862,44.45472103,-4.368702413,-29,-23,-6,-0.49,0.38,-0.87,FALSE
7,5f5a2c71564c5608637736f3,29,female,105,unconfounded,b,1,1.7105000000000246,83,22,-20,90,5,-13,28.33333333,27.33333333,1,42.28737663,44.91720779,-2.629831159,-20,-13,-7,0.22,0.62,-0.4,FALSE
7,5f5a2c71564c5608637736f3,29,female,106,confounded,b,1,1.033299999982091,79,27,-34,70,26,-24,24,24,0,46.18080409,38.40138886,7.779415229,-34,-24,-10,-0.1,-0.08,-0.02,FALSE
7,5f5a2c71564c5608637736f3,29,female,107,unconfounded,b,1,2.5174000000059777,58,54,-47,89,7,-34,21.66666667,20.66666667,1,48.58211834,51.13598429,-2.553865948,-47,-34,-13,-0.7,0.38,-1.08,FALSE
7,5f5a2c71564c5608637736f3,29,female,108,confounded,b,1,11.903400000005943,80,54,-23,85,21,-13,37,31,6,43.73404471,40.62839729,3.105647416,-23,-13,-10,-0.52,0.35,-0.87,FALSE
7,5f5a2c71564c5608637736f3,29,female,109,unconfounded,b,1,8.08979999998212,57,33,-78,87,14,-71,4,10,-6,58.80476171,64.56521251,-5.7604508,-78,-71,-7,-0.62,-0.09,-0.53,FALSE
7,5f5a2c71564c5608637736f3,29,female,110,unconfounded,b,1,5.117099999994025,61,53,-28,85,3,-20,28.66666667,22.66666667,6,40.20226638,45.0653846,-4.863118215,-28,-20,-8,-0.69,0.57,-1.26,FALSE
7,5f5a2c71564c5608637736f3,29,female,111,unconfounded,b,1,1.535899999976209,82,38,-49,98,3,-39,23.66666667,20.66666667,3,54.43242498,57.308134,-2.87570902,-49,-39,-10,-0.38,0.43,-0.81,FALSE
7,5f5a2c71564c5608637736f3,29,female,112,unconfounded,b,1,2.9340999999940323,64,23,-82,89,11,-77,1.666666667,7.666666667,-6,61.48351179,67.81019261,-6.326680822,-82,-77,-5,-0.48,-0.07,-0.41,FALSE
7,5f5a2c71564c5608637736f3,29,female,113,confounded,b,1,1.9010999999940168,69,48,-67,68,45,-60,16.66666667,17.66666667,-1,59.77922344,55.7155474,4.063676043,-67,-60,-7,-0.64,-0.62,-0.02,FALSE
7,5f5a2c71564c5608637736f3,29,female,114,unconfounded,b,1,1.1348999999761418,71,45,-35,95,9,-23,27,27,0,45.10727953,49.82636518,-4.719085645,-35,-23,-12,-0.54,0.49,-1.03,FALSE
7,5f5a2c71564c5608637736f3,29,female,115,confounded,b,1,0.7879000000059477,48,42,-20,63,30,-5,23.33333333,29.33333333,-6,30.73904502,27.7648859,2.974159125,-20,-5,-15,-0.69,-0.04,-0.65,FALSE
7,5f5a2c71564c5608637736f3,29,female,116,confounded,b,1,1.2375999999940177,82,80,-87,96,60,-78,25,26,-1,79.20016835,74.99333304,4.206835313,-87,-78,-9,-0.71,-0.59,-0.12,FALSE
7,5f5a2c71564c5608637736f3,29,female,117,unconfounded,b,1,1.316900000005944,51,48,-71,84,26,-64,9.333333333,15.33333333,-6,56.81744646,60.88969991,-4.072253454,-71,-64,-7,-0.71,-0.26,-0.45,FALSE
7,5f5a2c71564c5608637736f3,29,female,118,confounded,b,1,1.5685000000000855,55,43,-60,58,7,-54,12.66666667,3.666666667,9,51.61610429,45.78451946,5.831584831,-60,-54,-6,-0.68,-0.11,-0.57,FALSE
7,5f5a2c71564c5608637736f3,29,female,119,unconfounded,b,1,2.3662999999820613,68,28,-25,85,2,-13,23.66666667,24.66666667,-1,38.09053542,43.09936839,-5.008832965,-25,-13,-12,-0.17,0.64,-0.81,FALSE
7,5f5a2c71564c5608637736f3,29,female,120,confounded,b,1,1.5693000000119357,65,62,-49,72,57,-42,26,29,-3,53.04714884,50.57667447,2.470474374,-49,-42,-7,-0.71,-0.66,-0.05,FALSE
7,5f5a2c71564c5608637736f3,29,female,121,unconfounded,b,1,1.2856999999880827,71,48,-19,96,7,-6,33.33333333,32.33333333,1,38.17794593,45.33088229,-7.152936355,-19,-6,-13,-0.52,0.66,-1.18,FALSE
7,5f5a2c71564c5608637736f3,29,female,122,confounded,b,1,1.4700999999940905,84,56,-46,86,24,-34,31.33333333,25.33333333,6,55.86491644,48.9988662,6.86605024,-46,-34,-12,-0.58,0.04,-0.62,FALSE
7,5f5a2c71564c5608637736f3,29,female,123,unconfounded,b,1,1.502199999988079,57,37,-65,85,1,-54,9.666666667,10.66666667,-1,53.42492136,57.15670467,-3.731783312,-65,-54,-11,-0.63,0.25,-0.88,FALSE
7,5f5a2c71564c5608637736f3,29,female,124,confounded,b,1,1.3463000000119791,79,45,-35,80,2,-20,29.66666667,20.66666667,9,47.7865625,42.90558109,4.880981407,-35,-20,-15,-0.45,0.57,-1.02,FALSE
7,5f5a2c71564c5608637736f3,29,female,125,confounded,b,1,1.9330000000001064,95,77,-55,97,48,-46,39,33,6,66.87301399,59.33520596,7.537808026,-55,-46,-9,-0.67,-0.36,-0.31,FALSE
7,5f5a2c71564c5608637736f3,29,female,126,confounded,b,1,3.50649999999996,67,51,-70,80,45,-59,16,22,-6,61.16098975,59.03106527,2.129924478,-70,-59,-11,-0.67,-0.53,-0.14,FALSE
7,5f5a2c71564c5608637736f3,29,female,127,unconfounded,b,1,1.634599999994066,56,53,-14,73,2,-7,31.66666667,22.66666667,9,32.31442746,35.78019316,-3.465765693,-14,-7,-7,-0.7,0.67,-1.37,FALSE
7,5f5a2c71564c5608637736f3,29,female,128,confounded,b,1,1.2018000000118718,93,65,-15,92,30,-6,47.66666667,38.66666667,9,45.7626728,40.47495796,5.28771484,-15,-6,-9,-0.51,0.31,-0.82,FALSE
7,5f5a2c71564c5608637736f3,29,female,129,confounded,b,1,1.2345000000000257,62,49,-44,69,55,-30,22.33333333,31.33333333,-9,47.20404879,43.74420597,3.459842825,-44,-30,-14,-0.67,-0.65,-0.02,FALSE
7,5f5a2c71564c5608637736f3,29,female,130,confounded,a,0,5.209700000017847,93,73,-18,97,48,-6,49.33333333,46.33333333,3,48.30688932,42.06608557,6.240803743,-18,-6,-12,-0.62,-0.06,-0.56,FALSE
7,5f5a2c71564c5608637736f3,29,female,131,unconfounded,b,1,2.134699999988129,48,36,-33,76,20,-27,17,23,-6,35.6931366,42.10304819,-6.409911592,-33,-27,-6,-0.65,0.11,-0.76,FALSE
7,5f5a2c71564c5608637736f3,29,female,132,unconfounded,b,1,1.9354999999999336,83,61,-20,99,4,-6,41.33333333,32.33333333,9,44.28945197,47.31689856,-3.027446588,-20,-6,-14,-0.58,0.68,-1.26,FALSE
7,5f5a2c71564c5608637736f3,29,female,133,unconfounded,b,1,3.332599999994045,76,42,-93,97,33,-87,8.333333333,14.33333333,-6,72.9855389,76.26853145,-3.282992543,-93,-87,-6,-0.59,-0.35,-0.24,FALSE
7,5f5a2c71564c5608637736f3,29,female,134,confounded,b,1,2.101199999988012,93,87,-40,99,80,-30,46.66666667,49.66666667,-3,61.33152171,56.86436103,4.467160681,-40,-30,-10,-0.7,-0.65,-0.05,FALSE
7,5f5a2c71564c5608637736f3,29,female,135,unconfounded,b,1,5.0823000000118554,55,52,-40,92,13,-29,22.33333333,25.33333333,-3,44.09333535,50.16195991,-6.068624563,-40,-29,-11,-0.7,0.35,-1.05,FALSE
7,5f5a2c71564c5608637736f3,29,female,136,confounded,a,0,5.230800000011982,45,24,-31,48,17,-18,12.66666667,15.66666667,-3,32.0451071,26.96087701,5.084230092,-31,-18,-13,-0.49,-0.07,-0.42,FALSE
7,5f5a2c71564c5608637736f3,29,female,137,confounded,b,1,2.5870999999940523,88,81,-45,99,73,-30,41.33333333,47.33333333,-6,61.11373732,55.70358058,5.410156742,-45,-30,-15,-0.7,-0.59,-0.11,FALSE
7,5f5a2c71564c5608637736f3,29,female,138,confounded,b,1,2.672800000011989,73,68,-84,83,63,-71,19,25,-6,72.86059749,68.37153404,4.489063453,-84,-71,-13,-0.7,-0.66,-0.04,FALSE
7,5f5a2c71564c5608637736f3,29,female,139,unconfounded,b,1,3.8657000000179096,74,33,-32,94,35,-27,25,34,-9,43.64248694,49.40310382,-5.760616872,-32,-27,-5,-0.27,-0.03,-0.24,FALSE
7,5f5a2c71564c5608637736f3,29,female,140,unconfounded,b,1,1.7598000000119782,63,47,-21,91,15,-14,29.66666667,30.66666667,-1,36.41733409,44.27439692,-7.857062825,-21,-14,-7,-0.61,0.49,-1.1,FALSE
7,5f5a2c71564c5608637736f3,29,female,141,unconfounded,b,1,5.250600000023837,67,35,-44,90,1,-33,19.33333333,19.33333333,0,46.64999702,51.86092513,-5.210928109,-44,-33,-11,-0.47,0.49,-0.96,FALSE
7,5f5a2c71564c5608637736f3,29,female,142,unconfounded,b,1,3.0178000000119027,80,31,-38,94,5,-26,24.33333333,24.33333333,0,48.40339749,50.86146762,-2.458070131,-38,-26,-12,-0.2,0.52,-0.72,FALSE
7,5f5a2c71564c5608637736f3,29,female,143,unconfounded,b,1,2.0073000000119237,76,48,-37,99,1,-31,29,23,6,48.04858652,55.30521374,-7.256627218,-37,-31,-6,-0.53,0.53,-1.06,FALSE
7,5f5a2c71564c5608637736f3,29,female,144,unconfounded,b,1,3.4320999999940796,72,70,-34,99,2,-20,36,27,9,49.50420858,51.69784006,-2.193631483,-34,-20,-14,-0.71,0.61,-1.32,FALSE
7,5f5a2c71564c5608637736f3,29,female,145,confounded,b,1,1.8399000000059689,99,45,-67,98,5,-53,25.66666667,16.66666667,9,69.13432979,62.19503374,6.939296048,-67,-53,-14,-0.4,0.27,-0.67,FALSE
7,5f5a2c71564c5608637736f3,29,female,146,unconfounded,b,1,3.2814999999999372,72,62,-10,99,53,-1,41.33333333,50.33333333,-9,36.52700675,40.86835233,-4.341345579,-10,-1,-9,-0.67,-0.1,-0.57,FALSE
7,5f5a2c71564c5608637736f3,29,female,147,unconfounded,b,1,1.733900000005974,63,32,-59,96,5,-47,12,18,-6,51.77515492,59.09878735,-7.323632437,-59,-47,-12,-0.52,0.32,-0.84,FALSE
7,5f5a2c71564c5608637736f3,29,female,148,confounded,b,1,2.530599999994024,53,43,-8,49,31,-1,29.33333333,26.33333333,3,26.71246068,20.67741656,6.035044121,-8,-1,-7,-0.63,-0.33,-0.3,FALSE
7,5f5a2c71564c5608637736f3,29,female,149,confounded,b,1,3.152700000017944,81,40,-65,84,42,-52,18.66666667,24.66666667,-6,61.48351179,56.85849883,4.625012964,-65,-52,-13,-0.48,-0.43,-0.05,FALSE
7,5f5a2c71564c5608637736f3,29,female,150,unconfounded,b,1,2.151099999994017,64,49,-69,94,7,-60,14.66666667,13.66666667,1,59.4773533,63.04671989,-3.56936659,-69,-60,-9,-0.67,0.16,-0.83,FALSE
7,5f5a2c71564c5608637736f3,29,female,151,confounded,b,1,2.225500000000011,81,48,-42,79,15,-34,29,20,9,51.98076567,46.26733909,5.713426581,-42,-34,-8,-0.5,0.16,-0.66,FALSE
7,5f5a2c71564c5608637736f3,29,female,152,confounded,b,1,1.8343000000119216,96,61,-17,93,41,-3,46.66666667,43.66666667,3,47.23228651,39.23717059,7.995115924,-17,-3,-14,-0.43,0.1,-0.53,FALSE
7,5f5a2c71564c5608637736f3,29,female,153,unconfounded,b,1,1.8183000000119591,49,31,-74,83,4,-63,2,8,-6,54.24020649,59.67132198,-5.431115489,-74,-63,-11,-0.65,0.1,-0.75,FALSE
7,5f5a2c71564c5608637736f3,29,female,154,confounded,b,1,1.6177999999821395,60,45,-95,64,47,-83,3.333333333,9.333333333,-6,69.8013053,65.65735975,4.143945558,-95,-83,-12,-0.68,-0.67,-0.01,FALSE
7,5f5a2c71564c5608637736f3,29,female,155,confounded,b,1,3.41519999998809,79,76,-68,85,37,-62,29,20,9,68.60029154,61.20457499,7.395716552,-68,-62,-6,-0.71,-0.4,-0.31,FALSE
7,5f5a2c71564c5608637736f3,29,female,156,confounded,b,1,2.7670000000000528,74,69,-25,82,49,-13,39.33333333,39.33333333,0,45.5363103,39.38132665,6.154983646,-25,-13,-12,-0.7,-0.35,-0.35,FALSE
7,5f5a2c71564c5608637736f3,29,female,157,confounded,b,1,7.128699999988044,86,80,-10,84,66,-3,52,49,3,43.9089968,37.49666652,6.412330282,-10,-3,-7,-0.7,-0.59,-0.11,FALSE
7,5f5a2c71564c5608637736f3,29,female,158,confounded,b,1,5.05059999999412,66,52,-14,71,33,-3,34.66666667,33.66666667,1,34.88393454,30.21405118,4.669883356,-14,-3,-11,-0.62,0.03,-0.65,FALSE
7,5f5a2c71564c5608637736f3,29,female,159,unconfounded,b,1,2.0495999999940295,62,50,-83,92,15,-75,9.666666667,10.66666667,-1,65.70810875,68.24628602,-2.53817727,-83,-75,-8,-0.69,-0.09,-0.6,FALSE
7,5f5a2c71564c5608637736f3,29,female,160,unconfounded,b,1,43.53149999999994,79,53,-16,96,9,-7,38.66666667,32.66666667,6,40.08601862,45.25728916,-5.17127054,-16,-7,-9,-0.49,0.64,-1.13,FALSE
7,5f5a2c71564c5608637736f3,29,female,161,unconfounded,b,1,90.08140000000594,63,43,-58,93,3,-51,16,15,1,52.95910372,59.39696962,-6.437865901,-58,-51,-7,-0.63,0.29,-0.92,FALSE
7,5f5a2c71564c5608637736f3,29,female,162,confounded,b,1,1.3092000000178814,82,57,-23,90,38,-9,38.66666667,39.66666667,-1,44.78342948,40.43375927,4.349670203,-23,-9,-14,-0.55,0.06,-0.61,FALSE
7,5f5a2c71564c5608637736f3,29,female,163,unconfounded,a,0,2.481999999999971,74,46,-44,87,1,-39,25.33333333,16.33333333,9,50.34105901,52.56953068,-2.228471667,-44,-39,-5,-0.55,0.41,-0.96,FALSE
7,5f5a2c71564c5608637736f3,29,female,164,unconfounded,b,1,3.223399999976209,71,42,-92,95,21,-86,7,10,-3,70.99765254,74.30118886,-3.303536321,-92,-86,-6,-0.62,-0.22,-0.4,FALSE
7,5f5a2c71564c5608637736f3,29,female,165,confounded,b,1,102.41570000001786,37,36,-64,47,22,-51,3,6,-3,47.37791328,41.57723736,5.800675917,-64,-51,-13,-0.71,-0.52,-0.19,FALSE
7,5f5a2c71564c5608637736f3,29,female,166,unconfounded,b,1,5.199300000012045,65,46,-24,88,13,-14,29,29,0,38.27096375,43.15089802,-4.879934267,-24,-14,-10,-0.58,0.51,-1.09,FALSE
7,5f5a2c71564c5608637736f3,29,female,167,unconfounded,b,1,18.946500000000015,39,29,-22,58,1,-13,15.33333333,15.33333333,0,26.71246068,30.70649587,-3.994035195,-22,-13,-9,-0.63,0.6,-1.23,FALSE
7,5f5a2c71564c5608637736f3,29,female,168,unconfounded,b,1,50.08530000001201,55,22,-21,66,6,-16,18.66666667,18.66666667,0,31.11626941,34.65384378,-3.537574369,-21,-16,-5,-0.16,0.5,-0.66,FALSE
7,5f5a2c71564c5608637736f3,29,female,169,unconfounded,b,1,13.64109999999414,85,48,-45,99,2,-40,29.33333333,20.33333333,9,54.68901982,58.20843772,-3.519417903,-45,-40,-5,-0.47,0.44,-0.91,FALSE
7,5f5a2c71564c5608637736f3,29,female,170,unconfounded,b,1,7.677900000006048,62,45,-31,84,8,-19,25.33333333,24.33333333,1,40.43375927,43.60682923,-3.173069958,-31,-19,-12,-0.61,0.51,-1.12,FALSE
7,5f5a2c71564c5608637736f3,29,female,171,unconfounded,b,1,10.405499999999847,78,19,-16,89,2,-7,27,28,-1,38.79003308,43.28972164,-4.49968856,-16,-7,-9,0.3,0.68,-0.38,FALSE
7,5f5a2c71564c5608637736f3,29,female,172,confounded,b,1,10.540400000006002,99,38,-35,87,15,-27,34,25,9,54.77834122,47.07440918,7.703932035,-35,-27,-8,-0.11,0.31,-0.42,FALSE
7,5f5a2c71564c5608637736f3,29,female,173,unconfounded,b,1,3.2997000000179924,76,64,-21,97,15,-11,39.66666667,33.66666667,6,43.17663977,46.02414825,-2.847508476,-21,-11,-10,-0.67,0.54,-1.21,FALSE
7,5f5a2c71564c5608637736f3,29,female,174,unconfounded,b,1,2.186099999993985,61,49,-22,81,3,-14,29.33333333,23.33333333,6,36.62725154,41.36289266,-4.735641114,-22,-14,-8,-0.65,0.62,-1.27,FALSE
7,5f5a2c71564c5608637736f3,29,female,175,confounded,b,1,19.246600000023815,80,61,-49,77,57,-42,30.66666667,30.66666667,0,56.86436103,52.02777036,4.836590669,-49,-42,-7,-0.65,-0.63,-0.02,FALSE
7,5f5a2c71564c5608637736f3,29,female,176,confounded,b,1,3.0992999999821222,51,45,-68,56,48,-58,9.333333333,15.33333333,-6,54.73775865,51.95724738,2.780511269,-68,-58,-10,-0.7,-0.69,-0.01,FALSE
7,5f5a2c71564c5608637736f3,29,female,177,unconfounded,b,1,2.883700000017825,70,60,-28,92,11,-19,34,28,6,44.0302926,46.88283268,-2.852540076,-28,-19,-9,-0.68,0.5,-1.18,FALSE
7,5f5a2c71564c5608637736f3,29,female,178,confounded,b,1,1.3653000000119846,80,73,-34,85,63,-29,39.66666667,39.66666667,0,52.16853032,49.37835783,2.790172486,-34,-29,-5,-0.7,-0.6,-0.1,FALSE
7,5f5a2c71564c5608637736f3,29,female,179,unconfounded,b,1,0.9674999999999728,61,18,-37,77,14,-31,14,20,-6,40.10818703,44.29446918,-4.186282153,-37,-31,-6,-0.15,0.2,-0.35,FALSE
7,5f5a2c71564c5608637736f3,29,female,180,confounded,b,1,1.2871000000238837,82,74,-71,84,63,-59,28.33333333,29.33333333,-1,70.31516353,63.04671989,7.26844364,-71,-59,-12,-0.7,-0.65,-0.05,FALSE
7,5f5a2c71564c5608637736f3,29,female,181,confounded,b,1,0.9329999999999928,59,54,-8,62,28,-3,35,29,6,30.47403266,26.54555832,3.928474339,-8,-3,-5,-0.69,0.06,-0.75,FALSE
7,5f5a2c71564c5608637736f3,29,female,182,unconfounded,b,1,1.2682999999822189,58,37,-21,83,16,-7,24.66666667,30.66666667,-6,33.40991204,38.17794593,-4.768033896,-21,-7,-14,-0.5,0.52,-1.02,FALSE
7,5f5a2c71564c5608637736f3,29,female,183,confounded,b,1,1.3838999999761654,67,60,-20,68,46,-10,35.66666667,34.66666667,1,39.46587837,32.83629428,6.629584088,-20,-10,-10,-0.69,-0.48,-0.21,FALSE
7,5f5a2c71564c5608637736f3,29,female,184,unconfounded,b,1,1.2159999999998945,86,44,-23,97,16,-15,35.66666667,32.66666667,3,44.88751373,47.21816976,-2.33065603,-23,-15,-8,-0.27,0.49,-0.76,FALSE
7,5f5a2c71564c5608637736f3,29,female,185,confounded,a,0,1.306999999999789,32,12,-39,37,19,-24,1.666666667,10.66666667,-9,29.89239963,25.59079696,4.301602672,-39,-24,-15,-0.48,-0.45,-0.03,FALSE
7,5f5a2c71564c5608637736f3,29,female,186,confounded,b,1,2.637099999994007,57,56,-92,65,49,-84,7,10,-3,70.00476174,66.78822251,3.216539228,-92,-84,-8,-0.71,-0.68,-0.03,FALSE
7,5f5a2c71564c5608637736f3,29,female,187,unconfounded,b,1,2.0012000000178887,74,36,-41,90,6,-30,23,22,1,47.84001115,50.27922036,-2.439209212,-41,-30,-11,-0.39,0.45,-0.84,FALSE
7,5f5a2c71564c5608637736f3,29,female,188,unconfounded,b,1,1.4107000000178689,72,35,-48,99,28,-41,19.66666667,28.66666667,-9,50.17524844,57.15670467,-6.981456236,-48,-41,-7,-0.43,0.02,-0.45,FALSE
7,5f5a2c71564c5608637736f3,29,female,189,confounded,b,1,2.8320000000001073,82,64,-15,78,50,-6,43.66666667,40.66666667,3,42.1294302,34.92213561,7.207294589,-15,-6,-9,-0.61,-0.38,-0.23,FALSE
7,5f5a2c71564c5608637736f3,29,female,190,unconfounded,b,1,1.1200000000001182,66,36,-14,80,11,-6,29.33333333,28.33333333,1,32.99831646,37.18721405,-4.188897596,-14,-6,-8,-0.29,0.6,-0.89,FALSE
7,5f5a2c71564c5608637736f3,29,female,191,unconfounded,b,1,22.526299999982257,73,50,-46,98,7,-31,25.66666667,24.66666667,1,51.53855084,54.12536887,-2.586818037,-46,-31,-15,-0.6,0.45,-1.05,FALSE
7,5f5a2c71564c5608637736f3,29,female,192,unconfounded,b,1,48.68450000000007,92,49,-7,99,9,-1,44.66666667,35.66666667,9,40.53256578,44.96912521,-4.436559429,-7,-1,-6,-0.16,0.68,-0.84,FALSE
7,5f5a2c71564c5608637736f3,29,female,193,confounded,b,1,1.703299999982164,88,55,-57,98,39,-42,28.66666667,31.66666667,-3,62.05553069,57.38950736,4.666023323,-57,-42,-15,-0.56,-0.19,-0.37,FALSE
7,5f5a2c71564c5608637736f3,29,female,194,unconfounded,b,1,2.2328000000120483,58,28,-19,71,11,-12,22.33333333,23.33333333,-1,31.68946548,34.98888712,-3.299421648,-19,-12,-7,-0.26,0.48,-0.74,FALSE
7,5f5a2c71564c5608637736f3,29,female,195,unconfounded,b,1,4.314099999994141,52,48,-39,83,15,-28,20.33333333,23.33333333,-3,41.9867704,45.69707017,-3.710299768,-39,-28,-11,-0.7,0.27,-0.97,FALSE
7,5f5a2c71564c5608637736f3,29,female,196,confounded,b,1,1.1091000000237727,60,58,-24,72,31,-12,31.33333333,30.33333333,1,39.13509366,34.29609631,4.838997345,-24,-12,-12,-0.71,-0.03,-0.68,FALSE
7,5f5a2c71564c5608637736f3,29,female,197,confounded,b,1,3.0309000000061133,89,83,-40,98,60,-26,44,44,0,59.44745579,51.87163644,7.575819354,-40,-26,-14,-0.7,-0.43,-0.27,FALSE
7,5f5a2c71564c5608637736f3,29,female,198,unconfounded,b,1,3.8058000000119137,68,22,-72,90,16,-61,6,15,-9,58.26376804,61.64954717,-3.385779129,-72,-61,-11,-0.39,-0.02,-0.37,FALSE
7,5f5a2c71564c5608637736f3,29,female,199,confounded,b,1,1.4148000000118373,65,54,-20,73,59,-6,33,42,-9,37.74475681,34.41898701,3.325769802,-20,-6,-14,-0.66,-0.62,-0.04,FALSE
7,5f5a2c71564c5608637736f3,29,female,200,confounded,b,1,5.861599999994041,65,35,-34,61,27,-22,22,22,0,41.44876355,34.06855833,7.380205222,-34,-22,-12,-0.44,-0.22,-0.22,FALSE
7,5f5a2c71564c5608637736f3,29,female,201,unconfounded,b,1,1.538599999994176,76,54,-46,97,16,-38,28,25,3,53.09111665,55.47972603,-2.388609381,-46,-38,-8,-0.62,0.24,-0.86,FALSE
7,5f5a2c71564c5608637736f3,29,female,202,confounded,b,1,1.849800000011783,84,73,-51,95,70,-41,35.33333333,41.33333333,-6,61.21183618,59.10630724,2.105528943,-51,-41,-10,-0.69,-0.61,-0.08,FALSE
7,5f5a2c71564c5608637736f3,29,female,203,confounded,b,1,1.086199999988139,85,31,-13,81,32,-1,34.33333333,37.33333333,-3,40.07770231,33.68811198,6.389590326,-13,-1,-12,0.12,0.23,-0.11,FALSE
7,5f5a2c71564c5608637736f3,29,female,204,confounded,b,1,13.284699999988106,75,56,-40,78,43,-30,30.33333333,30.33333333,0,50.33443707,44.99135719,5.343079879,-40,-30,-10,-0.63,-0.4,-0.23,FALSE
7,5f5a2c71564c5608637736f3,29,female,205,confounded,a,0,1.0206999999879829,81,8,-35,75,6,-24,18,19,-1,47.88179891,41.44876355,6.433035356,-35,-24,-11,0.3,0.44,-0.14,FALSE
7,5f5a2c71564c5608637736f3,29,female,206,confounded,a,0,2.215400000005957,65,30,-84,74,33,-69,3.666666667,12.66666667,-9,63.61516241,60.12394605,3.491216361,-84,-69,-15,-0.55,-0.47,-0.08,FALSE
7,5f5a2c71564c5608637736f3,29,female,207,unconfounded,b,1,1.3820999999938977,72,70,-17,94,24,-11,41.66666667,35.66666667,6,41.49163236,43.65266951,-2.161037156,-17,-11,-6,-0.71,0.38,-1.09,FALSE
7,5f5a2c71564c5608637736f3,29,female,208,confounded,b,1,1.1738000000120792,88,64,-15,89,47,-2,45.66666667,44.66666667,1,44.00252518,37.18721405,6.815311129,-15,-2,-13,-0.55,-0.09,-0.46,FALSE
7,5f5a2c71564c5608637736f3,29,female,209,unconfounded,b,1,1.7832000000180417,58,49,-41,85,1,-29,22,19,3,44.69899328,48.24935233,-3.55035905,-41,-29,-12,-0.69,0.51,-1.2,FALSE
7,5f5a2c71564c5608637736f3,29,female,210,confounded,b,1,1.94889999997622,82,78,-17,89,62,-11,47.66666667,46.66666667,1,45.75538827,42.24005471,3.515333554,-17,-11,-6,-0.7,-0.5,-0.2,FALSE
7,5f5a2c71564c5608637736f3,29,female,211,unconfounded,b,1,2.3170000000000073,50,24,-56,83,8,-46,6,15,-9,45.10727953,52.89612462,-7.788845091,-56,-46,-10,-0.54,0.2,-0.74,FALSE
7,5f5a2c71564c5608637736f3,29,female,212,confounded,b,1,1.8518000000117352,77,61,-18,90,60,-3,40,49,-9,41.52910626,38.75564475,2.773461509,-18,-3,-15,-0.63,-0.4,-0.23,FALSE
7,5f5a2c71564c5608637736f3,29,female,213,unconfounded,b,1,1.8242000000179817,78,35,-19,87,10,-12,31.33333333,28.33333333,3,39.68486977,42.44473531,-2.759865537,-19,-12,-7,-0.14,0.57,-0.71,FALSE
7,5f5a2c71564c5608637736f3,29,female,214,confounded,b,1,32.31670000001782,86,67,-20,98,40,-5,44.33333333,44.33333333,0,46.14710777,42.16106682,3.986040948,-20,-5,-15,-0.62,0.15,-0.77,FALSE
7,5f5a2c71564c5608637736f3,29,female,215,unconfounded,b,1,0.9669999999998709,89,46,-17,99,10,-9,39.33333333,33.33333333,6,43.53032149,47.07676945,-3.546447966,-17,-9,-8,-0.23,0.62,-0.85,FALSE
7,5f5a2c71564c5608637736f3,29,female,216,confounded,b,1,1.2857000000178689,94,59,-24,99,39,-12,43,42,1,49.48400415,45.36518489,4.118819261,-24,-12,-12,-0.45,0.1,-0.55,FALSE
7,5f5a2c71564c5608637736f3,29,female,217,unconfounded,b,1,1.5185999999939668,64,57,-33,97,1,-19,29.33333333,26.33333333,3,44.16886787,50.63156679,-6.46269892,-33,-19,-14,-0.69,0.63,-1.32,FALSE
7,5f5a2c71564c5608637736f3,29,female,218,confounded,b,1,107.60460000002377,81,74,-67,96,32,-58,29.33333333,23.33333333,6,68.17787194,63.16820579,5.009666154,-67,-58,-9,-0.7,-0.2,-0.5,FALSE
7,5f5a2c71564c5608637736f3,29,female,219,confounded,b,1,40.14369999998826,67,34,-59,77,37,-45,14,23,-9,53.34791467,50.78057371,2.56734096,-59,-45,-14,-0.51,-0.39,-0.12,FALSE
8,5fcca7bf6a7182b003b32a36,53,male,0,unconfounded,a,0,12.027,49,33,-54,78,3,-44,9.333333333,12.33333333,-3,45.25728916,50.24163833,-4.98434917,-54,-44,-10,-0.64,0.27,-0.91,FALSE
8,5fcca7bf6a7182b003b32a36,53,male,1,confounded,b,1,3.1270000000000095,89,74,-13,90,55,-4,50,47,3,44.96665431,38.79003308,6.176621228,-13,-4,-9,-0.65,-0.3,-0.35,FALSE
8,5fcca7bf6a7182b003b32a36,53,male,2,unconfounded,b,1,6.615000000000009,83,61,-20,99,4,-6,41.33333333,32.33333333,9,44.28945197,47.31689856,-3.027446588,-20,-6,-14,-0.58,0.68,-1.26,FALSE
8,5fcca7bf6a7182b003b32a36,53,male,3,confounded,b,1,7.72699999999999,74,51,-26,76,46,-14,33,36,-3,42.76291228,37.41657387,5.346338412,-26,-14,-12,-0.56,-0.38,-0.18,FALSE
8,5fcca7bf6a7182b003b32a36,53,male,4,unconfounded,a,0,3.347999999999999,56,39,-78,85,2,-70,5.666666667,5.666666667,0,59.56695579,63.33157892,-3.764623132,-78,-70,-8,-0.66,0.09,-0.75,FALSE
8,5fcca7bf6a7182b003b32a36,53,male,5,confounded,a,0,8.597999999999999,83,50,-11,85,29,-1,40.66666667,37.66666667,3,38.93869826,35.64017708,3.298521182,-11,-1,-10,-0.35,0.35,-0.7,FALSE
8,5fcca7bf6a7182b003b32a36,53,male,6,confounded,b,1,14.23099999999998,91,75,-12,94,55,-4,51.33333333,48.33333333,3,45.25728916,40.28509512,4.97219404,-12,-4,-8,-0.64,-0.24,-0.4,FALSE
8,5fcca7bf6a7182b003b32a36,53,male,7,unconfounded,b,1,8.881,72,35,-48,99,28,-41,19.66666667,28.66666667,-9,50.17524844,57.15670467,-6.981456236,-48,-41,-7,-0.43,0.02,-0.45,FALSE
8,5fcca7bf6a7182b003b32a36,53,male,8,confounded,a,0,16.03,99,38,-35,87,15,-27,34,25,9,54.77834122,47.07440918,7.703932035,-35,-27,-8,-0.11,0.31,-0.42,FALSE
8,5fcca7bf6a7182b003b32a36,53,male,9,confounded,b,1,4.028999999999996,81,78,-44,94,63,-33,38.33333333,41.33333333,-3,58.2313394,54.06374838,4.167591025,-44,-33,-11,-0.71,-0.54,-0.17,FALSE
8,5fcca7bf6a7182b003b32a36,53,male,10,unconfounded,a,0,8.713000000000022,74,35,-30,97,8,-17,26.33333333,29.33333333,-3,42.89781139,48.92397731,-6.026165915,-30,-17,-13,-0.29,0.57,-0.86,FALSE
8,5fcca7bf6a7182b003b32a36,53,male,11,confounded,b,1,3.23599999999999,80,73,-34,85,63,-29,39.66666667,39.66666667,0,52.16853032,49.37835783,2.790172486,-34,-29,-5,-0.7,-0.6,-0.1,FALSE
8,5fcca7bf6a7182b003b32a36,53,male,12,unconfounded,b,1,3.923000000000002,84,46,-12,97,13,-1,39.33333333,36.33333333,3,39.47432358,43.27688631,-3.802562731,-12,-1,-11,-0.25,0.65,-0.9,FALSE
8,5fcca7bf6a7182b003b32a36,53,male,13,unconfounded,a,0,3.5970000000000084,89,46,-17,99,10,-9,39.33333333,33.33333333,6,43.53032149,47.07676945,-3.546447966,-17,-9,-8,-0.23,0.62,-0.85,FALSE
8,5fcca7bf6a7182b003b32a36,53,male,14,unconfounded,a,0,3.930999999999983,80,45,-79,99,3,-74,15.33333333,9.333333333,6,68.2169741,70.76879413,-2.551820026,-79,-74,-5,-0.57,0.13,-0.7,FALSE
8,5fcca7bf6a7182b003b32a36,53,male,15,confounded,a,0,2.823999999999984,76,27,-21,72,4,-12,27.33333333,21.33333333,6,39.60078563,36.41733409,3.183451536,-21,-12,-9,0.01,0.61,-0.6,FALSE
8,5fcca7bf6a7182b003b32a36,53,male,16,unconfounded,a,0,8.729000000000013,78,19,-16,89,2,-7,27,28,-1,38.79003308,43.28972164,-4.49968856,-16,-7,-9,0.3,0.68,-0.38,FALSE
8,5fcca7bf6a7182b003b32a36,53,male,17,confounded,b,1,5.847000000000008,95,77,-55,97,48,-46,39,33,6,66.87301399,59.33520596,7.537808026,-55,-46,-9,-0.67,-0.36,-0.31,FALSE
8,5fcca7bf6a7182b003b32a36,53,male,18,unconfounded,a,0,10.944999999999991,65,46,-24,88,13,-14,29,29,0,38.27096375,43.15089802,-4.879934267,-24,-14,-10,-0.58,0.51,-1.09,FALSE
8,5fcca7bf6a7182b003b32a36,53,male,19,unconfounded,b,1,22.567999999999984,65,27,-35,83,18,-26,19,25,-6,41.21488404,44.77350407,-3.558620027,-35,-26,-9,-0.28,0.23,-0.51,FALSE
8,5fcca7bf6a7182b003b32a36,53,male,20,confounded,b,1,5.585000000000008,74,69,-25,82,49,-13,39.33333333,39.33333333,0,45.5363103,39.38132665,6.154983646,-25,-13,-12,-0.7,-0.35,-0.35,FALSE
8,5fcca7bf6a7182b003b32a36,53,male,21,confounded,b,1,3.1439999999999486,97,65,-14,96,44,-1,49.33333333,46.33333333,3,46.64999702,39.63444069,7.015556332,-14,-1,-13,-0.47,0.09,-0.56,FALSE
8,5fcca7bf6a7182b003b32a36,53,male,22,unconfounded,a,0,3.847999999999956,52,34,-65,75,3,-57,7,7,0,51.4392846,53.96295025,-2.523665654,-65,-57,-8,-0.64,0.11,-0.75,FALSE
8,5fcca7bf6a7182b003b32a36,53,male,23,confounded,b,1,7.446999999999946,52,14,-16,53,17,-2,16.66666667,22.66666667,-6,27.82484901,22.80838053,5.01646848,-16,-2,-14,0.14,0.36,-0.22,FALSE
8,5fcca7bf6a7182b003b32a36,53,male,24,unconfounded,a,0,25.784999999999968,58,49,-41,85,1,-29,22,19,3,44.69899328,48.24935233,-3.55035905,-41,-29,-12,-0.69,0.51,-1.2,FALSE
8,5fcca7bf6a7182b003b32a36,53,male,25,unconfounded,a,0,3.886000000000024,79,53,-16,96,9,-7,38.66666667,32.66666667,6,40.08601862,45.25728916,-5.17127054,-16,-7,-9,-0.49,0.64,-1.13,FALSE
8,5fcca7bf6a7182b003b32a36,53,male,26,confounded,b,1,6.524999999999977,60,58,-24,72,31,-12,31.33333333,30.33333333,1,39.13509366,34.29609631,4.838997345,-24,-12,-12,-0.71,-0.03,-0.68,FALSE
8,5fcca7bf6a7182b003b32a36,53,male,27,confounded,b,1,3.031000000000006,86,80,-10,84,66,-3,52,49,3,43.9089968,37.49666652,6.412330282,-10,-3,-7,-0.7,-0.59,-0.11,FALSE
8,5fcca7bf6a7182b003b32a36,53,male,28,unconfounded,b,1,8.254999999999995,57,33,-78,87,14,-71,4,10,-6,58.80476171,64.56521251,-5.7604508,-78,-71,-7,-0.62,-0.09,-0.53,FALSE
8,5fcca7bf6a7182b003b32a36,53,male,29,confounded,b,1,4.0680000000000405,53,43,-8,49,31,-1,29.33333333,26.33333333,3,26.71246068,20.67741656,6.035044121,-8,-1,-7,-0.63,-0.33,-0.3,FALSE
8,5fcca7bf6a7182b003b32a36,53,male,30,confounded,b,1,4.911000000000001,58,36,-89,59,29,-74,1.666666667,4.666666667,-3,64.73707507,56.95807425,7.779000822,-89,-74,-15,-0.65,-0.56,-0.09,FALSE
8,5fcca7bf6a7182b003b32a36,53,male,31,confounded,b,1,5.564000000000021,89,83,-40,98,60,-26,44,44,0,59.44745579,51.87163644,7.575819354,-40,-26,-14,-0.7,-0.43,-0.27,FALSE
8,5fcca7bf6a7182b003b32a36,53,male,32,confounded,b,1,13.048000000000002,67,34,-59,77,37,-45,14,23,-9,53.34791467,50.78057371,2.56734096,-59,-45,-14,-0.51,-0.39,-0.12,FALSE
8,5fcca7bf6a7182b003b32a36,53,male,33,unconfounded,b,1,13.897999999999968,60,34,-88,93,15,-75,2,11,-9,64.51873113,68.64400921,-4.125278077,-88,-75,-13,-0.62,-0.09,-0.53,FALSE
8,5fcca7bf6a7182b003b32a36,53,male,34,unconfounded,a,0,5.227000000000032,52,25,-28,65,9,-22,16.33333333,17.33333333,-1,33.22983933,36.00308629,-2.773246953,-28,-22,-6,-0.37,0.33,-0.7,FALSE
8,5fcca7bf6a7182b003b32a36,53,male,35,confounded,b,1,5.9839999999999804,82,78,-17,89,62,-11,47.66666667,46.66666667,1,45.75538827,42.24005471,3.515333554,-17,-11,-6,-0.7,-0.5,-0.2,FALSE
8,5fcca7bf6a7182b003b32a36,53,male,36,confounded,a,0,6.2450000000000045,69,40,-29,65,14,-17,26.66666667,20.66666667,6,41.10420362,33.80663972,7.297563908,-29,-17,-12,-0.45,0.29,-0.74,FALSE
8,5fcca7bf6a7182b003b32a36,53,male,37,confounded,b,1,3.663000000000011,79,75,-24,86,58,-11,43.33333333,44.33333333,-1,47.6398526,40.76218291,6.877669688,-24,-11,-13,-0.7,-0.47,-0.23,FALSE
8,5fcca7bf6a7182b003b32a36,53,male,38,unconfounded,b,1,7.415999999999997,52,48,-39,83,15,-28,20.33333333,23.33333333,-3,41.9867704,45.69707017,-3.710299768,-39,-28,-11,-0.7,0.27,-0.97,FALSE
8,5fcca7bf6a7182b003b32a36,53,male,39,confounded,a,0,2.8170000000000073,90,19,-42,81,3,-35,22.33333333,16.33333333,6,53.94029621,48.2861839,5.654112314,-42,-35,-7,0.09,0.39,-0.3,FALSE
8,5fcca7bf6a7182b003b32a36,53,male,40,unconfounded,a,0,4.59499999999997,60,27,-47,80,4,-41,13.33333333,14.33333333,-1,44.73874781,49.93551397,-5.196766162,-47,-41,-6,-0.43,0.3,-0.73,FALSE
8,5fcca7bf6a7182b003b32a36,53,male,41,confounded,b,1,4.279999999999973,69,48,-67,68,45,-60,16.66666667,17.66666667,-1,59.77922344,55.7155474,4.063676043,-67,-60,-7,-0.64,-0.62,-0.02,FALSE
8,5fcca7bf6a7182b003b32a36,53,male,42,confounded,b,1,3.0459999999999923,87,69,-31,91,47,-16,41.66666667,40.66666667,1,51.90589776,43.91152721,7.994370546,-31,-16,-15,-0.64,-0.21,-0.43,FALSE
8,5fcca7bf6a7182b003b32a36,53,male,43,unconfounded,a,0,5.646999999999991,81,32,-83,99,17,-77,10,13,-3,68.73621074,71.90734779,-3.171137055,-83,-77,-6,-0.45,-0.08,-0.37,FALSE
8,5fcca7bf6a7182b003b32a36,53,male,44,unconfounded,a,0,5.878999999999962,66,61,-25,89,4,-18,34,25,9,41.76920716,46.13747573,-4.368268571,-25,-18,-7,-0.7,0.59,-1.29,FALSE
8,5fcca7bf6a7182b003b32a36,53,male,45,unconfounded,a,0,3.810999999999978,92,49,-7,99,9,-1,44.66666667,35.66666667,9,40.53256578,44.96912521,-4.436559429,-7,-1,-6,-0.16,0.68,-0.84,FALSE
8,5fcca7bf6a7182b003b32a36,53,male,46,unconfounded,a,0,20.41300000000001,63,45,-19,81,8,-9,29.66666667,26.66666667,3,35.18838192,39.04128869,-3.852906764,-19,-9,-10,-0.57,0.61,-1.18,FALSE
8,5fcca7bf6a7182b003b32a36,53,male,47,unconfounded,a,0,5.93100000000004,71,45,-35,95,9,-23,27,27,0,45.10727953,49.82636518,-4.719085645,-35,-23,-12,-0.54,0.49,-1.03,FALSE
8,5fcca7bf6a7182b003b32a36,53,male,48,confounded,a,0,6.930999999999983,91,40,-37,81,27,-32,31.33333333,25.33333333,6,52.61389761,46.14710777,6.466789845,-37,-32,-5,-0.24,-0.05,-0.19,FALSE
8,5fcca7bf6a7182b003b32a36,53,male,49,confounded,b,1,13.764999999999986,89,67,-17,87,61,-12,46.33333333,45.33333333,1,45.67518169,41.90730512,3.76787657,-17,-12,-5,-0.59,-0.51,-0.08,FALSE
8,5fcca7bf6a7182b003b32a36,53,male,50,confounded,a,0,21.71199999999999,99,45,-67,98,5,-53,25.66666667,16.66666667,9,69.13432979,62.19503374,6.939296048,-67,-53,-14,-0.4,0.27,-0.67,FALSE
8,5fcca7bf6a7182b003b32a36,53,male,51,unconfounded,a,0,5.679000000000087,70,60,-28,92,11,-19,34,28,6,44.0302926,46.88283268,-2.852540076,-28,-19,-9,-0.68,0.5,-1.18,FALSE
8,5fcca7bf6a7182b003b32a36,53,male,52,unconfounded,b,1,6.399000000000001,60,51,-79,94,11,-73,10.66666667,10.66666667,0,63.51027913,68.17787194,-4.667592807,-79,-73,-6,-0.7,-0.01,-0.69,FALSE
8,5fcca7bf6a7182b003b32a36,53,male,53,unconfounded,a,0,4.899000000000001,74,36,-41,90,6,-30,23,22,1,47.84001115,50.27922036,-2.439209212,-41,-30,-11,-0.39,0.45,-0.84,FALSE
8,5fcca7bf6a7182b003b32a36,53,male,54,confounded,b,1,27.01299999999992,94,59,-24,99,39,-12,43,42,1,49.48400415,45.36518489,4.118819261,-24,-12,-12,-0.45,0.1,-0.55,FALSE
8,5fcca7bf6a7182b003b32a36,53,male,55,unconfounded,a,0,4.864000000000033,57,55,-50,97,16,-42,20.66666667,23.66666667,-3,49.97554958,57.00487309,-7.029323509,-50,-42,-8,-0.71,0.2,-0.91,FALSE
8,5fcca7bf6a7182b003b32a36,53,male,56,confounded,b,1,3.09800000000007,66,61,-21,85,54,-6,35.33333333,44.33333333,-9,39.88594851,37.77418284,2.111765679,-21,-6,-15,-0.7,-0.37,-0.33,FALSE
8,5fcca7bf6a7182b003b32a36,53,male,57,unconfounded,a,0,3.102000000000089,61,43,-79,96,2,-73,8.333333333,8.333333333,0,62.18967403,69.13915115,-6.949477127,-79,-73,-6,-0.66,0.14,-0.8,FALSE
8,5fcca7bf6a7182b003b32a36,53,male,58,unconfounded,a,0,2.2519999999999527,62,45,-31,84,8,-19,25.33333333,24.33333333,1,40.43375927,43.60682923,-3.173069958,-31,-19,-12,-0.61,0.51,-1.12,FALSE
8,5fcca7bf6a7182b003b32a36,53,male,59,unconfounded,a,0,2.663000000000011,72,70,-34,99,2,-20,36,27,9,49.50420858,51.69784006,-2.193631483,-34,-20,-14,-0.71,0.61,-1.32,FALSE
8,5fcca7bf6a7182b003b32a36,53,male,60,unconfounded,b,1,8.052999999999997,67,36,-51,86,5,-42,17.33333333,16.33333333,1,49.94886274,52.8667087,-2.917845962,-51,-42,-9,-0.51,0.31,-0.82,FALSE
8,5fcca7bf6a7182b003b32a36,53,male,61,confounded,b,1,2.5399999999999636,65,62,-49,72,57,-42,26,29,-3,53.04714884,50.57667447,2.470474374,-49,-42,-7,-0.71,-0.66,-0.05,FALSE
8,5fcca7bf6a7182b003b32a36,53,male,62,unconfounded,b,1,3.591000000000008,72,70,-17,94,24,-11,41.66666667,35.66666667,6,41.49163236,43.65266951,-2.161037156,-17,-11,-6,-0.71,0.38,-1.09,FALSE
8,5fcca7bf6a7182b003b32a36,53,male,63,unconfounded,b,1,3.295999999999935,67,30,-64,98,12,-50,11,20,-9,55.14224031,60.68497892,-5.542738609,-64,-50,-14,-0.48,0.2,-0.68,FALSE
8,5fcca7bf6a7182b003b32a36,53,male,64,unconfounded,a,0,3.0310000000000628,61,50,-88,94,11,-82,7.666666667,7.666666667,0,67.79544396,71.8903486,-4.094904639,-88,-82,-6,-0.69,-0.07,-0.62,FALSE
8,5fcca7bf6a7182b003b32a36,53,male,65,unconfounded,a,0,5.747999999999934,64,49,-69,94,7,-60,14.66666667,13.66666667,1,59.4773533,63.04671989,-3.56936659,-69,-60,-9,-0.67,0.16,-0.83,FALSE
8,5fcca7bf6a7182b003b32a36,53,male,66,unconfounded,b,1,8.23700000000008,67,35,-44,90,1,-33,19.33333333,19.33333333,0,46.64999702,51.86092513,-5.210928109,-44,-33,-11,-0.47,0.49,-0.96,FALSE
8,5fcca7bf6a7182b003b32a36,53,male,68,unconfounded,b,1,5.582000000000107,69,66,-55,96,34,-50,26.66666667,26.66666667,0,57.76004001,59.82938706,-2.069347044,-55,-50,-5,-0.71,-0.18,-0.53,FALSE
8,5fcca7bf6a7182b003b32a36,53,male,69,confounded,b,1,6.147000000000048,80,54,-23,85,21,-13,37,31,6,43.73404471,40.62839729,3.105647416,-23,-13,-10,-0.52,0.35,-0.87,FALSE
8,5fcca7bf6a7182b003b32a36,53,male,70,unconfounded,b,1,5.430999999999926,49,31,-74,83,4,-63,2,8,-6,54.24020649,59.67132198,-5.431115489,-74,-63,-11,-0.65,0.1,-0.75,FALSE
8,5fcca7bf6a7182b003b32a36,53,male,71,confounded,b,1,13.97199999999998,48,42,-20,63,30,-5,23.33333333,29.33333333,-6,30.73904502,27.7648859,2.974159125,-20,-5,-15,-0.69,-0.04,-0.65,FALSE
8,5fcca7bf6a7182b003b32a36,53,male,72,confounded,b,1,3.189000000000078,30,4,-19,23,3,-8,5,6,-1,20.01665973,12.83225104,7.184408691,-19,-8,-11,0.07,0.34,-0.27,FALSE
8,5fcca7bf6a7182b003b32a36,53,male,73,confounded,b,1,5.005999999999972,81,74,-67,96,32,-58,29.33333333,23.33333333,6,68.17787194,63.16820579,5.009666154,-67,-58,-9,-0.7,-0.2,-0.5,FALSE
8,5fcca7bf6a7182b003b32a36,53,male,74,confounded,b,1,5.255999999999972,84,54,-18,91,30,-4,40,39,1,42.80186912,39.3022476,3.499621515,-18,-4,-14,-0.46,0.33,-0.79,FALSE
8,5fcca7bf6a7182b003b32a36,53,male,75,confounded,b,1,7.34699999999998,42,40,-31,59,28,-18,17,23,-6,33.950945,31.63331577,2.317629233,-31,-18,-13,-0.71,-0.23,-0.48,FALSE
8,5fcca7bf6a7182b003b32a36,53,male,76,unconfounded,a,0,4.848999999999933,62,50,-83,92,15,-75,9.666666667,10.66666667,-1,65.70810875,68.24628602,-2.53817727,-83,-75,-8,-0.69,-0.09,-0.6,FALSE
8,5fcca7bf6a7182b003b32a36,53,male,77,unconfounded,b,1,8.680000000000064,64,56,-58,94,9,-50,20.66666667,17.66666667,3,55.72152985,59.10630724,-3.384777389,-58,-50,-8,-0.7,0.22,-0.92,FALSE
8,5fcca7bf6a7182b003b32a36,53,male,78,confounded,b,1,3.12399999999991,84,74,-73,96,33,-62,28.33333333,22.33333333,6,71.76969339,64.9427098,6.826983592,-73,-62,-11,-0.7,-0.24,-0.46,FALSE
8,5fcca7bf6a7182b003b32a36,53,male,79,confounded,b,1,3.2619999999999436,88,81,-45,99,73,-30,41.33333333,47.33333333,-6,61.11373732,55.70358058,5.410156742,-45,-30,-15,-0.7,-0.59,-0.11,FALSE
8,5fcca7bf6a7182b003b32a36,53,male,80,confounded,b,1,3.0190000000000055,93,88,-12,97,64,-1,56.33333333,53.33333333,3,48.36206043,40.71308826,7.64897217,-12,-1,-11,-0.7,-0.38,-0.32,FALSE
8,5fcca7bf6a7182b003b32a36,53,male,81,confounded,b,1,3.064000000000078,61,33,-71,68,40,-58,7.666666667,16.66666667,-9,56.78810517,54.02057221,2.767532958,-71,-58,-13,-0.58,-0.57,-0.01,FALSE
8,5fcca7bf6a7182b003b32a36,53,male,82,confounded,b,1,4.6889999999999645,81,75,-12,85,53,-3,48,45,3,42.49705872,36.36848453,6.128574196,-12,-3,-9,-0.7,-0.32,-0.38,FALSE
8,5fcca7bf6a7182b003b32a36,53,male,83,unconfounded,b,1,4.0470000000000255,65,10,-62,90,1,-51,4.333333333,13.33333333,-9,52.00213671,58.21988969,-6.217752982,-62,-51,-11,-0.16,0.31,-0.47,FALSE
8,5fcca7bf6a7182b003b32a36,53,male,84,unconfounded,b,1,5.364000000000033,73,50,-46,98,7,-31,25.66666667,24.66666667,1,51.53855084,54.12536887,-2.586818037,-46,-31,-15,-0.6,0.45,-1.05,FALSE
8,5fcca7bf6a7182b003b32a36,53,male,85,confounded,b,1,4.20900000000006,80,61,-49,77,57,-42,30.66666667,30.66666667,0,56.86436103,52.02777036,4.836590669,-49,-42,-7,-0.65,-0.63,-0.02,FALSE
8,5fcca7bf6a7182b003b32a36,53,male,86,unconfounded,a,0,6.264999999999986,79,56,-16,99,19,-8,39.66666667,36.66666667,3,40.46672158,45.4337124,-4.966990816,-16,-8,-8,-0.54,0.52,-1.06,FALSE
8,5fcca7bf6a7182b003b32a36,53,male,87,confounded,b,1,6.800000000000068,51,45,-68,56,48,-58,9.333333333,15.33333333,-6,54.73775865,51.95724738,2.780511269,-68,-58,-10,-0.7,-0.69,-0.01,FALSE
8,5fcca7bf6a7182b003b32a36,53,male,88,confounded,b,1,3.461999999999989,84,73,-51,95,70,-41,35.33333333,41.33333333,-6,61.21183618,59.10630724,2.105528943,-51,-41,-10,-0.69,-0.61,-0.08,FALSE
8,5fcca7bf6a7182b003b32a36,53,male,90,confounded,a,0,5.01400000000001,90,67,-17,92,28,-7,46.66666667,37.66666667,9,45.98792112,40.99051381,4.997407312,-17,-7,-10,-0.58,0.34,-0.92,FALSE
8,5fcca7bf6a7182b003b32a36,53,male,91,confounded,b,1,4.579000000000065,39,30,-45,49,34,-32,8,17,-9,37.65634077,35.18522417,2.471116596,-45,-32,-13,-0.68,-0.61,-0.07,FALSE
8,5fcca7bf6a7182b003b32a36,53,male,92,confounded,a,0,3.6099999999999,55,43,-60,58,7,-54,12.66666667,3.666666667,9,51.61610429,45.78451946,5.831584831,-60,-54,-6,-0.68,-0.11,-0.57,FALSE
8,5fcca7bf6a7182b003b32a36,53,male,93,confounded,a,0,5.399000000000001,79,45,-35,80,2,-20,29.66666667,20.66666667,9,47.7865625,42.90558109,4.880981407,-35,-20,-15,-0.45,0.57,-1.02,FALSE
8,5fcca7bf6a7182b003b32a36,53,male,94,unconfounded,b,1,7.350000000000023,39,29,-22,58,1,-13,15.33333333,15.33333333,0,26.71246068,30.70649587,-3.994035195,-22,-13,-9,-0.63,0.6,-1.23,FALSE
8,5fcca7bf6a7182b003b32a36,53,male,95,confounded,b,1,5.251999999999953,95,89,-13,98,73,-3,57,56,1,49.55804677,42.94958285,6.608463927,-13,-3,-10,-0.7,-0.53,-0.17,FALSE
8,5fcca7bf6a7182b003b32a36,53,male,96,confounded,b,1,11.759999999999993,93,87,-40,99,80,-30,46.66666667,49.66666667,-3,61.33152171,56.86436103,4.467160681,-40,-30,-10,-0.7,-0.65,-0.05,FALSE
8,5fcca7bf6a7182b003b32a36,53,male,97,unconfounded,a,0,3.0779999999999745,52,41,-26,71,1,-14,22.33333333,19.33333333,3,34.47059939,37.04351795,-2.572918563,-26,-14,-12,-0.65,0.62,-1.27,FALSE
8,5fcca7bf6a7182b003b32a36,53,male,98,unconfounded,a,0,4.081000000000017,56,53,-14,73,2,-7,31.66666667,22.66666667,9,32.31442746,35.78019316,-3.465765693,-14,-7,-7,-0.7,0.67,-1.37,FALSE
8,5fcca7bf6a7182b003b32a36,53,male,99,unconfounded,b,1,4.52699999999993,58,28,-19,71,11,-12,22.33333333,23.33333333,-1,31.68946548,34.98888712,-3.299421648,-19,-12,-7,-0.26,0.48,-0.74,FALSE
8,5fcca7bf6a7182b003b32a36,53,male,100,confounded,b,1,4.2650000000001,32,12,-39,37,19,-24,1.666666667,10.66666667,-9,29.89239963,25.59079696,4.301602672,-39,-24,-15,-0.48,-0.45,-0.03,FALSE
8,5fcca7bf6a7182b003b32a36,53,male,101,unconfounded,a,0,5.397000000000048,92,54,-10,99,11,-1,45.33333333,36.33333333,9,42.08985098,44.58200933,-2.492158346,-10,-1,-9,-0.3,0.67,-0.97,FALSE
8,5fcca7bf6a7182b003b32a36,53,male,102,unconfounded,a,0,5.430999999999926,86,44,-23,97,16,-15,35.66666667,32.66666667,3,44.88751373,47.21816976,-2.33065603,-23,-15,-8,-0.27,0.49,-0.76,FALSE
8,5fcca7bf6a7182b003b32a36,53,male,103,confounded,b,1,3.648000000000025,65,35,-34,61,27,-22,22,22,0,41.44876355,34.06855833,7.380205222,-34,-22,-12,-0.44,-0.22,-0.22,FALSE
8,5fcca7bf6a7182b003b32a36,53,male,104,unconfounded,a,0,6.298000000000002,81,51,-42,96,4,-37,30,21,9,52.36410985,55.61174936,-3.247639512,-42,-37,-5,-0.54,0.43,-0.97,FALSE
8,5fcca7bf6a7182b003b32a36,53,male,105,confounded,b,1,2.2479999999999336,77,61,-18,90,60,-3,40,49,-9,41.52910626,38.75564475,2.773461509,-18,-3,-15,-0.63,-0.4,-0.23,FALSE
8,5fcca7bf6a7182b003b32a36,53,male,106,unconfounded,b,1,6.34699999999998,72,34,-68,95,3,-57,12.66666667,13.66666667,-1,59.11194653,62.51044357,-3.398497045,-68,-57,-11,-0.49,0.25,-0.74,FALSE
8,5fcca7bf6a7182b003b32a36,53,male,107,unconfounded,b,1,3.5819999999999936,55,52,-40,92,13,-29,22.33333333,25.33333333,-3,44.09333535,50.16195991,-6.068624563,-40,-29,-11,-0.7,0.35,-1.05,FALSE
8,5fcca7bf6a7182b003b32a36,53,male,108,confounded,b,1,4.17999999999995,93,73,-18,97,48,-6,49.33333333,46.33333333,3,48.30688932,42.06608557,6.240803743,-18,-6,-12,-0.62,-0.06,-0.56,FALSE
8,5fcca7bf6a7182b003b32a36,53,male,109,unconfounded,b,1,3.01400000000001,74,33,-32,94,35,-27,25,34,-9,43.64248694,49.40310382,-5.760616872,-32,-27,-5,-0.27,-0.03,-0.24,FALSE
8,5fcca7bf6a7182b003b32a36,53,male,110,unconfounded,b,1,5.749000000000024,64,23,-82,89,11,-77,1.666666667,7.666666667,-6,61.48351179,67.81019261,-6.326680822,-82,-77,-5,-0.48,-0.07,-0.41,FALSE
8,5fcca7bf6a7182b003b32a36,53,male,111,confounded,b,1,3.863000000000056,57,40,-94,70,21,-79,1,4,-3,67.53270812,62.00537611,5.527332014,-94,-79,-15,-0.67,-0.39,-0.28,FALSE
8,5fcca7bf6a7182b003b32a36,53,male,112,confounded,b,1,2.3310000000000173,73,68,-84,83,63,-71,19,25,-6,72.86059749,68.37153404,4.489063453,-84,-71,-13,-0.7,-0.66,-0.04,FALSE
8,5fcca7bf6a7182b003b32a36,53,male,113,confounded,b,1,7.0639999999999645,67,65,-84,92,13,-75,16,10,6,70.71539201,68.21045863,2.504933376,-84,-75,-9,-0.71,-0.07,-0.64,FALSE
8,5fcca7bf6a7182b003b32a36,53,male,114,unconfounded,a,0,4.015999999999963,77,49,-72,97,6,-67,18,12,6,64.65807503,67.08700818,-2.42893315,-72,-67,-5,-0.61,0.13,-0.74,FALSE
8,5fcca7bf6a7182b003b32a36,53,male,115,confounded,b,1,3.68100000000004,60,35,-32,57,29,-20,21,22,-1,38.8415585,31.82242396,7.01913454,-32,-20,-12,-0.49,-0.32,-0.17,FALSE
8,5fcca7bf6a7182b003b32a36,53,male,116,unconfounded,b,1,3.4139999999999873,76,42,-93,97,33,-87,8.333333333,14.33333333,-6,72.9855389,76.26853145,-3.282992543,-93,-87,-6,-0.59,-0.35,-0.24,FALSE
8,5fcca7bf6a7182b003b32a36,53,male,117,confounded,b,1,2.830000000000041,86,67,-20,98,40,-5,44.33333333,44.33333333,0,46.14710777,42.16106682,3.986040948,-20,-5,-15,-0.62,0.15,-0.77,FALSE
8,5fcca7bf6a7182b003b32a36,53,male,118,confounded,b,1,3.147000000000048,67,60,-20,68,46,-10,35.66666667,34.66666667,1,39.46587837,32.83629428,6.629584088,-20,-10,-10,-0.69,-0.48,-0.21,FALSE
8,5fcca7bf6a7182b003b32a36,53,male,119,confounded,b,1,2.280999999999949,92,55,-16,86,47,-5,43.66666667,42.66666667,1,44.8131925,37.27674282,7.536449678,-16,-5,-11,-0.36,-0.17,-0.19,FALSE
8,5fcca7bf6a7182b003b32a36,53,male,120,unconfounded,a,0,3.175999999999931,74,46,-44,87,1,-39,25.33333333,16.33333333,9,50.34105901,52.56953068,-2.228471667,-44,-39,-5,-0.55,0.41,-0.96,FALSE
8,5fcca7bf6a7182b003b32a36,53,male,121,unconfounded,b,1,7.331000000000017,55,19,-13,73,1,-4,20.33333333,23.33333333,-3,27.77688887,35.17890782,-7.402018947,-13,-4,-9,0.07,0.7,-0.63,FALSE
8,5fcca7bf6a7182b003b32a36,53,male,122,confounded,b,1,3.09800000000007,87,67,-40,97,42,-25,38,38,0,55.75541827,49.88653793,5.868880342,-40,-25,-15,-0.64,-0.12,-0.52,FALSE
8,5fcca7bf6a7182b003b32a36,53,male,123,confounded,b,1,6.380999999999972,57,2,-48,64,9,-35,3.666666667,12.66666667,-9,42.88226777,40.49965706,2.382610705,-48,-35,-13,0.06,0.14,-0.08,FALSE
8,5fcca7bf6a7182b003b32a36,53,male,124,unconfounded,b,1,6.382000000000062,75,26,-42,94,6,-32,19.66666667,22.66666667,-3,47.97453028,52.77204647,-4.797516193,-42,-32,-10,-0.2,0.44,-0.64,FALSE
8,5fcca7bf6a7182b003b32a36,53,male,125,confounded,b,1,6.95900000000006,37,36,-64,47,22,-51,3,6,-3,47.37791328,41.57723736,5.800675917,-64,-51,-13,-0.71,-0.52,-0.19,FALSE
8,5fcca7bf6a7182b003b32a36,53,male,126,confounded,b,1,4.046999999999912,85,77,-20,97,78,-6,47.33333333,56.33333333,-9,47.72374205,44.75364665,2.970095399,-20,-6,-14,-0.69,-0.61,-0.08,FALSE
8,5fcca7bf6a7182b003b32a36,53,male,128,confounded,b,1,4.1480000000000246,78,64,-50,80,54,-42,30.66666667,30.66666667,0,57.32558087,52.46797965,4.857601218,-50,-42,-8,-0.68,-0.58,-0.1,FALSE
8,5fcca7bf6a7182b003b32a36,53,male,129,unconfounded,a,0,9.76400000000001,58,54,-47,89,7,-34,21.66666667,20.66666667,1,48.58211834,51.13598429,-2.553865948,-47,-34,-13,-0.7,0.38,-1.08,FALSE
8,5fcca7bf6a7182b003b32a36,53,male,130,confounded,b,1,5.863999999999919,99,63,-12,93,52,-4,50,47,3,46.23851209,39.75759885,6.480913232,-12,-4,-8,-0.4,-0.19,-0.21,FALSE
8,5fcca7bf6a7182b003b32a36,53,male,131,unconfounded,b,1,5.43100000000004,58,40,-41,89,8,-31,19,22,-3,43.05810028,49.979996,-6.921895715,-41,-31,-10,-0.62,0.4,-1.02,FALSE
8,5fcca7bf6a7182b003b32a36,53,male,132,unconfounded,b,1,2.2129999999999654,70,55,-15,99,30,-1,36.66666667,42.66666667,-6,37.04351795,41.7957999,-4.752281944,-15,-1,-14,-0.62,0.43,-1.05,FALSE
8,5fcca7bf6a7182b003b32a36,53,male,133,unconfounded,b,1,1.8460000000000036,77,67,-13,98,10,-4,43.66666667,34.66666667,9,40.27681991,45.14667454,-4.86985463,-13,-4,-9,-0.67,0.66,-1.33,FALSE
8,5fcca7bf6a7182b003b32a36,53,male,134,confounded,b,1,3.9740000000000464,49,11,-37,57,15,-22,7.666666667,16.66666667,-9,35.18838192,32.27313985,2.915242074,-37,-22,-15,-0.14,0.08,-0.22,FALSE
8,5fcca7bf6a7182b003b32a36,53,male,135,unconfounded,b,1,8.298999999999978,71,48,-19,96,7,-6,33.33333333,32.33333333,1,38.17794593,45.33088229,-7.152936355,-19,-6,-13,-0.52,0.66,-1.18,FALSE
8,5fcca7bf6a7182b003b32a36,53,male,136,unconfounded,b,1,9.696000000000026,61,53,-62,85,48,-54,17.33333333,26.33333333,-9,56.19213073,58.77830288,-2.586172149,-62,-54,-8,-0.7,-0.5,-0.2,FALSE
8,5fcca7bf6a7182b003b32a36,53,male,137,confounded,b,1,3.331000000000131,67,16,-14,66,5,-2,23,23,0,33.43650699,30.53959179,2.896915205,-14,-2,-12,0.3,0.68,-0.38,FALSE
8,5fcca7bf6a7182b003b32a36,53,male,138,unconfounded,b,1,6.947000000000116,50,24,-56,83,8,-46,6,15,-9,45.10727953,52.89612462,-7.788845091,-56,-46,-10,-0.54,0.2,-0.74,FALSE
8,5fcca7bf6a7182b003b32a36,53,male,139,unconfounded,b,1,8.546999999999798,70,41,-47,93,2,-40,21.33333333,18.33333333,3,49.74825513,55.51176052,-5.763505382,-47,-40,-7,-0.53,0.42,-0.95,FALSE
8,5fcca7bf6a7182b003b32a36,53,male,140,confounded,b,1,12.048999999999978,85,31,-13,81,32,-1,34.33333333,37.33333333,-3,40.07770231,33.68811198,6.389590326,-13,-1,-12,0.12,0.23,-0.11,FALSE
8,5fcca7bf6a7182b003b32a36,53,male,141,confounded,a,0,2.5650000000000546,82,32,-65,81,1,-60,16.33333333,7.333333333,9,61.02640594,57.73695139,3.289454554,-65,-60,-5,-0.37,0.16,-0.53,FALSE
8,5fcca7bf6a7182b003b32a36,53,male,142,confounded,b,1,2.7970000000000255,60,45,-95,64,47,-83,3.333333333,9.333333333,-6,69.8013053,65.65735975,4.143945558,-95,-83,-12,-0.68,-0.67,-0.01,FALSE
8,5fcca7bf6a7182b003b32a36,53,male,143,unconfounded,b,1,4.0470000000000255,48,36,-33,76,20,-27,17,23,-6,35.6931366,42.10304819,-6.409911592,-33,-27,-6,-0.65,0.11,-0.76,FALSE
8,5fcca7bf6a7182b003b32a36,53,male,144,confounded,b,1,5.230000000000018,45,24,-31,48,17,-18,12.66666667,15.66666667,-3,32.0451071,26.96087701,5.084230092,-31,-18,-13,-0.49,-0.07,-0.42,FALSE
8,5fcca7bf6a7182b003b32a36,53,male,145,unconfounded,a,0,6.007000000000062,64,57,-33,97,1,-19,29.33333333,26.33333333,3,44.16886787,50.63156679,-6.46269892,-33,-19,-14,-0.69,0.63,-1.32,FALSE
8,5fcca7bf6a7182b003b32a36,53,male,146,confounded,b,1,2.411999999999807,75,56,-40,78,43,-30,30.33333333,30.33333333,0,50.33443707,44.99135719,5.343079879,-40,-30,-10,-0.63,-0.4,-0.23,FALSE
8,5fcca7bf6a7182b003b32a36,53,male,147,confounded,b,1,3.18100000000004,82,74,-71,84,63,-59,28.33333333,29.33333333,-1,70.31516353,63.04671989,7.26844364,-71,-59,-12,-0.7,-0.65,-0.05,FALSE
8,5fcca7bf6a7182b003b32a36,53,male,148,confounded,b,1,4.338000000000193,79,27,-34,70,26,-24,24,24,0,46.18080409,38.40138886,7.779415229,-34,-24,-10,-0.1,-0.08,-0.02,FALSE
8,5fcca7bf6a7182b003b32a36,53,male,149,confounded,b,1,22.33999999999992,66,52,-14,71,33,-3,34.66666667,33.66666667,1,34.88393454,30.21405118,4.669883356,-14,-3,-11,-0.62,0.03,-0.65,FALSE
8,5fcca7bf6a7182b003b32a36,53,male,150,unconfounded,a,0,7.832999999999856,57,37,-65,85,1,-54,9.666666667,10.66666667,-1,53.42492136,57.15670467,-3.731783312,-65,-54,-11,-0.63,0.25,-0.88,FALSE
8,5fcca7bf6a7182b003b32a36,53,male,151,unconfounded,a,0,2.798999999999978,63,43,-58,93,3,-51,16,15,1,52.95910372,59.39696962,-6.437865901,-58,-51,-7,-0.63,0.29,-0.92,FALSE
8,5fcca7bf6a7182b003b32a36,53,male,152,confounded,b,1,1.811999999999898,96,51,-91,99,54,-79,18.66666667,24.66666667,-6,79.69246444,75.57042337,4.122041069,-91,-79,-12,-0.54,-0.52,-0.02,FALSE
8,5fcca7bf6a7182b003b32a36,53,male,153,confounded,b,1,1.8940000000000057,66,64,-14,70,50,-1,38.66666667,39.66666667,-1,37.24990679,29.89239963,7.357507157,-14,-1,-13,-0.71,-0.48,-0.23,FALSE
8,5fcca7bf6a7182b003b32a36,53,male,154,unconfounded,b,1,4.415000000000191,69,32,-47,87,24,-39,18,24,-6,48.38043682,51.4392846,-3.058847781,-47,-39,-8,-0.41,0,-0.41,FALSE
8,5fcca7bf6a7182b003b32a36,53,male,155,confounded,b,1,9.707000000000107,82,80,-87,96,60,-78,25,26,-1,79.20016835,74.99333304,4.206835313,-87,-78,-9,-0.71,-0.59,-0.12,FALSE
8,5fcca7bf6a7182b003b32a36,53,male,156,confounded,b,1,0.581000000000131,82,65,-29,77,59,-18,39.33333333,39.33333333,0,48.81484292,41.20140235,7.613440566,-29,-18,-11,-0.64,-0.61,-0.03,FALSE
8,5fcca7bf6a7182b003b32a36,53,male,157,unconfounded,b,1,2.41800000000012,71,42,-92,95,21,-86,7,10,-3,70.99765254,74.30118886,-3.303536321,-92,-86,-6,-0.62,-0.22,-0.4,FALSE
8,5fcca7bf6a7182b003b32a36,53,male,158,confounded,b,1,11.893000000000027,82,63,-26,93,35,-12,39.66666667,38.66666667,1,47.07676945,42.94440851,4.132360945,-26,-12,-14,-0.62,0.13,-0.75,FALSE
8,5fcca7bf6a7182b003b32a36,53,male,159,unconfounded,a,0,4.621000000000095,80,31,-38,94,5,-26,24.33333333,24.33333333,0,48.40339749,50.86146762,-2.458070131,-38,-26,-12,-0.2,0.52,-0.72,FALSE
8,5fcca7bf6a7182b003b32a36,53,male,160,confounded,b,1,13.710000000000036,95,41,-73,89,40,-63,21,22,-1,70.0285656,63.34561284,6.682952755,-73,-63,-10,-0.41,-0.4,-0.01,FALSE
8,5fcca7bf6a7182b003b32a36,53,male,161,confounded,b,1,6.1440000000000055,81,48,-42,79,15,-34,29,20,9,51.98076567,46.26733909,5.713426581,-42,-34,-8,-0.5,0.16,-0.66,FALSE
8,5fcca7bf6a7182b003b32a36,53,male,162,unconfounded,b,1,5.697999999999865,76,54,-46,97,16,-38,28,25,3,53.09111665,55.47972603,-2.388609381,-46,-38,-8,-0.62,0.24,-0.86,FALSE
8,5fcca7bf6a7182b003b32a36,53,male,163,unconfounded,b,1,7.413000000000011,50,26,-17,66,7,-11,19.66666667,20.66666667,-1,27.71682201,32.88701196,-5.17018995,-17,-11,-6,-0.33,0.55,-0.88,FALSE
8,5fcca7bf6a7182b003b32a36,53,male,164,unconfounded,b,1,2.0130000000001473,63,47,-21,91,15,-14,29.66666667,30.66666667,-1,36.41733409,44.27439692,-7.857062825,-21,-14,-7,-0.61,0.49,-1.1,FALSE
8,5fcca7bf6a7182b003b32a36,53,male,165,unconfounded,a,0,3.048000000000002,63,60,-29,84,5,-22,31.33333333,22.33333333,9,42.67968551,44.97653709,-2.296851579,-29,-22,-7,-0.7,0.52,-1.22,FALSE
8,5fcca7bf6a7182b003b32a36,53,male,166,unconfounded,a,0,2.9120000000000346,61,49,-22,81,3,-14,29.33333333,23.33333333,6,36.62725154,41.36289266,-4.735641114,-22,-14,-8,-0.65,0.62,-1.27,FALSE
8,5fcca7bf6a7182b003b32a36,53,male,167,unconfounded,a,0,4.847999999999956,82,49,-56,98,10,-51,25,19,6,58.83876273,61.16098975,-2.322227012,-56,-51,-5,-0.54,0.22,-0.76,FALSE
8,5fcca7bf6a7182b003b32a36,53,male,168,confounded,b,1,4.5470000000000255,57,56,-92,65,49,-84,7,10,-3,70.00476174,66.78822251,3.216539228,-92,-84,-8,-0.71,-0.68,-0.03,FALSE
8,5fcca7bf6a7182b003b32a36,53,male,169,confounded,b,1,3.9309999999998126,79,76,-68,85,37,-62,29,20,9,68.60029154,61.20457499,7.395716552,-68,-62,-6,-0.71,-0.4,-0.31,FALSE
8,5fcca7bf6a7182b003b32a36,53,male,170,unconfounded,a,0,4.298000000000002,61,53,-28,85,3,-20,28.66666667,22.66666667,6,40.20226638,45.0653846,-4.863118215,-28,-20,-8,-0.69,0.57,-1.26,FALSE
8,5fcca7bf6a7182b003b32a36,53,male,171,confounded,b,1,3.780999999999949,96,61,-17,93,41,-3,46.66666667,43.66666667,3,47.23228651,39.23717059,7.995115924,-17,-3,-14,-0.43,0.1,-0.53,FALSE
8,5fcca7bf6a7182b003b32a36,53,male,172,unconfounded,a,0,4.749000000000024,68,28,-25,85,2,-13,23.66666667,24.66666667,-1,38.09053542,43.09936839,-5.008832965,-25,-13,-12,-0.17,0.64,-0.81,FALSE
8,5fcca7bf6a7182b003b32a36,53,male,173,unconfounded,a,0,7.61200000000008,83,40,-8,91,7,-1,38.33333333,32.33333333,6,37.16928242,41.61196409,-4.442681672,-8,-1,-7,-0.07,0.69,-0.76,FALSE
8,5fcca7bf6a7182b003b32a36,53,male,174,confounded,b,1,15.046000000000049,91,73,-19,96,36,-14,48.33333333,39.33333333,9,48.17560471,44.96912521,3.206479496,-19,-14,-5,-0.63,0.11,-0.74,FALSE
8,5fcca7bf6a7182b003b32a36,53,male,175,unconfounded,b,1,5.364000000000033,47,39,-49,72,3,-41,12.33333333,11.33333333,1,43.49201715,46.50686927,-3.014852118,-49,-41,-8,-0.69,0.26,-0.95,FALSE
8,5fcca7bf6a7182b003b32a36,53,male,176,confounded,b,1,21.065999999999804,83,79,-38,99,58,-24,41.33333333,44.33333333,-3,56.12090124,51.13598429,4.98491695,-38,-24,-14,-0.7,-0.38,-0.32,FALSE
8,5fcca7bf6a7182b003b32a36,53,male,177,unconfounded,a,0,2.2639999999998963,76,48,-37,99,1,-31,29,23,6,48.04858652,55.30521374,-7.256627218,-37,-31,-6,-0.53,0.53,-1.06,FALSE
8,5fcca7bf6a7182b003b32a36,53,male,178,unconfounded,b,1,6.5470000000000255,70,16,-49,84,3,-41,12.33333333,15.33333333,-3,48.65068231,51.77086268,-3.12018037,-49,-41,-8,-0.11,0.34,-0.45,FALSE
8,5fcca7bf6a7182b003b32a36,53,male,179,unconfounded,b,1,12.633000000000038,52,47,-90,84,32,-80,3,12,-9,65.79260343,68.43001291,-2.637409474,-90,-80,-10,-0.7,-0.41,-0.29,FALSE
8,5fcca7bf6a7182b003b32a36,53,male,180,unconfounded,b,1,2.382000000000062,72,62,-10,99,53,-1,41.33333333,50.33333333,-9,36.52700675,40.86835233,-4.341345579,-10,-1,-9,-0.67,-0.1,-0.57,FALSE
8,5fcca7bf6a7182b003b32a36,53,male,181,unconfounded,a,0,26.413999999999987,65,38,-26,81,20,-21,25.66666667,26.66666667,-1,38.16047985,41.90730512,-3.74682527,-26,-21,-5,-0.45,0.23,-0.68,FALSE
8,5fcca7bf6a7182b003b32a36,53,male,182,unconfounded,b,1,5.4809999999999945,83,22,-20,90,5,-13,28.33333333,27.33333333,1,42.28737663,44.91720779,-2.629831159,-20,-13,-7,0.22,0.62,-0.4,FALSE
8,5fcca7bf6a7182b003b32a36,53,male,183,unconfounded,a,0,3.9809999999999945,45,38,-33,83,15,-21,16.66666667,25.66666667,-9,35.23571421,43.12256434,-7.886850138,-33,-21,-12,-0.69,0.36,-1.05,FALSE
8,5fcca7bf6a7182b003b32a36,53,male,184,confounded,b,1,2.9860000000001037,84,56,-46,86,24,-34,31.33333333,25.33333333,6,55.86491644,48.9988662,6.86605024,-46,-34,-12,-0.58,0.04,-0.62,FALSE
8,5fcca7bf6a7182b003b32a36,53,male,185,unconfounded,b,1,4.925000000000182,44,17,-42,71,6,-31,6.333333333,15.33333333,-9,35.91038228,42.16106682,-6.250684541,-42,-31,-11,-0.42,0.32,-0.74,FALSE
8,5fcca7bf6a7182b003b32a36,53,male,186,confounded,a,0,4.365000000000009,59,54,-8,62,28,-3,35,29,6,30.47403266,26.54555832,3.928474339,-8,-3,-5,-0.69,0.06,-0.75,FALSE
8,5fcca7bf6a7182b003b32a36,53,male,187,confounded,b,1,3.211999999999989,65,30,-84,74,33,-69,3.666666667,12.66666667,-9,63.61516241,60.12394605,3.491216361,-84,-69,-15,-0.55,-0.47,-0.08,FALSE
8,5fcca7bf6a7182b003b32a36,53,male,188,confounded,b,1,2.81899999999996,62,49,-44,69,55,-30,22.33333333,31.33333333,-9,47.20404879,43.74420597,3.459842825,-44,-30,-14,-0.67,-0.65,-0.02,FALSE
8,5fcca7bf6a7182b003b32a36,53,male,189,confounded,b,1,3.324000000000069,65,54,-20,73,59,-6,33,42,-9,37.74475681,34.41898701,3.325769802,-20,-6,-14,-0.66,-0.62,-0.04,FALSE
8,5fcca7bf6a7182b003b32a36,53,male,190,confounded,b,1,4.565000000000055,95,75,-28,96,64,-15,47.33333333,48.33333333,-1,53.89083616,46.64999702,7.240839139,-28,-15,-13,-0.63,-0.47,-0.16,FALSE
8,5fcca7bf6a7182b003b32a36,53,male,191,unconfounded,a,0,12.88000000000011,57,52,-69,95,11,-63,13.33333333,14.33333333,-1,58.25423208,64.54627969,-6.29204761,-69,-63,-6,-0.7,0.08,-0.78,FALSE
8,5fcca7bf6a7182b003b32a36,53,male,192,unconfounded,a,0,11.546000000000049,78,35,-19,87,10,-12,31.33333333,28.33333333,3,39.68486977,42.44473531,-2.759865537,-19,-12,-7,-0.14,0.57,-0.71,FALSE
8,5fcca7bf6a7182b003b32a36,53,male,193,unconfounded,b,1,6.18100000000004,82,38,-49,98,3,-39,23.66666667,20.66666667,3,54.43242498,57.308134,-2.87570902,-49,-39,-10,-0.38,0.43,-0.81,FALSE
8,5fcca7bf6a7182b003b32a36,53,male,194,unconfounded,b,1,15.865000000000007,58,37,-21,83,16,-7,24.66666667,30.66666667,-6,33.40991204,38.17794593,-4.768033896,-21,-7,-14,-0.5,0.52,-1.02,FALSE
8,5fcca7bf6a7182b003b32a36,53,male,195,confounded,b,1,15.754000000000133,88,64,-15,89,47,-2,45.66666667,44.66666667,1,44.00252518,37.18721405,6.815311129,-15,-2,-13,-0.55,-0.09,-0.46,FALSE
8,5fcca7bf6a7182b003b32a36,53,male,196,confounded,b,1,2.47199999999998,93,65,-15,92,30,-6,47.66666667,38.66666667,9,45.7626728,40.47495796,5.28771484,-15,-6,-9,-0.51,0.31,-0.82,FALSE
8,5fcca7bf6a7182b003b32a36,53,male,197,unconfounded,b,1,3.089999999999918,68,22,-72,90,16,-61,6,15,-9,58.26376804,61.64954717,-3.385779129,-72,-61,-11,-0.39,-0.02,-0.37,FALSE
8,5fcca7bf6a7182b003b32a36,53,male,198,confounded,b,1,3.2129999999999654,88,55,-57,98,39,-42,28.66666667,31.66666667,-3,62.05553069,57.38950736,4.666023323,-57,-42,-15,-0.56,-0.19,-0.37,FALSE
8,5fcca7bf6a7182b003b32a36,53,male,199,unconfounded,a,0,14.67599999999993,80,55,-43,97,5,-37,30.66666667,21.66666667,9,53.08065142,55.96030339,-2.879651967,-43,-37,-6,-0.59,0.42,-1.01,FALSE
8,5fcca7bf6a7182b003b32a36,53,male,200,confounded,b,1,2.8730000000000473,82,57,-23,90,38,-9,38.66666667,39.66666667,-1,44.78342948,40.43375927,4.349670203,-23,-9,-14,-0.55,0.06,-0.61,FALSE
8,5fcca7bf6a7182b003b32a36,53,male,201,unconfounded,a,0,4.197000000000116,61,18,-37,77,14,-31,14,20,-6,40.10818703,44.29446918,-4.186282153,-37,-31,-6,-0.15,0.2,-0.35,FALSE
8,5fcca7bf6a7182b003b32a36,53,male,203,confounded,b,1,5.007000000000062,76,47,-60,74,22,-51,21,15,6,58.48646567,51.27052435,7.215941325,-60,-51,-9,-0.58,-0.2,-0.38,FALSE
8,5fcca7bf6a7182b003b32a36,53,male,204,unconfounded,a,0,5.039999999999964,76,64,-21,97,15,-11,39.66666667,33.66666667,6,43.17663977,46.02414825,-2.847508476,-21,-11,-10,-0.67,0.54,-1.21,FALSE
8,5fcca7bf6a7182b003b32a36,53,male,205,confounded,b,1,3.747000000000071,67,51,-70,80,45,-59,16,22,-6,61.16098975,59.03106527,2.129924478,-70,-59,-11,-0.67,-0.53,-0.14,FALSE
8,5fcca7bf6a7182b003b32a36,53,male,206,confounded,a,0,3.400000000000091,60,35,-17,52,7,-8,26,17,9,32.07283378,25.49509757,6.577736212,-17,-8,-9,-0.4,0.53,-0.93,FALSE
8,5fcca7bf6a7182b003b32a36,53,male,207,confounded,b,1,2.5540000000000873,98,40,-65,99,32,-55,24.33333333,25.33333333,-1,67.46027638,63.04671989,4.413556487,-65,-55,-10,-0.34,-0.16,-0.18,FALSE
8,5fcca7bf6a7182b003b32a36,53,male,208,confounded,b,1,2.798000000000002,81,40,-65,84,42,-52,18.66666667,24.66666667,-6,61.48351179,56.85849883,4.625012964,-65,-52,-13,-0.48,-0.43,-0.05,FALSE
8,5fcca7bf6a7182b003b32a36,53,male,209,unconfounded,a,0,2.9349999999999454,85,48,-45,99,2,-40,29.33333333,20.33333333,9,54.68901982,58.20843772,-3.519417903,-45,-40,-5,-0.47,0.44,-0.91,FALSE
8,5fcca7bf6a7182b003b32a36,53,male,210,unconfounded,b,1,3.214999999999918,51,48,-71,84,26,-64,9.333333333,15.33333333,-6,56.81744646,60.88969991,-4.072253454,-71,-64,-7,-0.71,-0.26,-0.45,FALSE
8,5fcca7bf6a7182b003b32a36,53,male,211,unconfounded,a,0,5.566000000000031,55,22,-21,66,6,-16,18.66666667,18.66666667,0,31.11626941,34.65384378,-3.537574369,-21,-16,-5,-0.16,0.5,-0.66,FALSE
8,5fcca7bf6a7182b003b32a36,53,male,212,confounded,b,1,2.632000000000062,81,8,-35,75,6,-24,18,19,-1,47.88179891,41.44876355,6.433035356,-35,-24,-11,0.3,0.44,-0.14,FALSE
8,5fcca7bf6a7182b003b32a36,53,male,213,confounded,b,1,3.1130000000000564,78,18,-86,77,22,-71,3.333333333,9.333333333,-6,67.75117875,61.08100268,6.670176067,-86,-71,-15,-0.31,-0.3,-0.01,FALSE
8,5fcca7bf6a7182b003b32a36,53,male,214,confounded,a,0,6.412000000000035,80,43,-41,81,8,-34,27.33333333,18.33333333,9,50.62498285,47.5137407,3.111242151,-41,-34,-7,-0.43,0.32,-0.75,FALSE
8,5fcca7bf6a7182b003b32a36,53,male,215,unconfounded,b,1,7.260999999999967,66,36,-14,80,11,-6,29.33333333,28.33333333,1,32.99831646,37.18721405,-4.188897596,-14,-6,-8,-0.29,0.6,-0.89,FALSE
8,5fcca7bf6a7182b003b32a36,53,male,216,unconfounded,b,1,3.480000000000018,63,32,-59,96,5,-47,12,18,-6,51.77515492,59.09878735,-7.323632437,-59,-47,-12,-0.52,0.32,-0.84,FALSE
8,5fcca7bf6a7182b003b32a36,53,male,217,unconfounded,b,1,3.9769999999998618,66,40,-29,84,13,-23,25.66666667,24.66666667,1,40.08601862,44.45472103,-4.368702413,-29,-23,-6,-0.49,0.38,-0.87,FALSE
8,5fcca7bf6a7182b003b32a36,53,male,218,unconfounded,b,1,4.529999999999973,74,30,-33,93,7,-20,23.66666667,26.66666667,-3,43.91152721,48.18252334,-4.270996128,-33,-20,-13,-0.21,0.54,-0.75,FALSE
8,5fcca7bf6a7182b003b32a36,53,male,219,confounded,b,1,9.085000000000036,82,64,-15,78,50,-6,43.66666667,40.66666667,3,42.1294302,34.92213561,7.207294589,-15,-6,-9,-0.61,-0.38,-0.23,FALSE
9,602c0fc2eff74b4748e9b41e,35,male,0,unconfounded,b,1,5.030000000000001,72,70,-34,99,2,-20,36,27,9,49.50420858,51.69784006,-2.193631483,-34,-20,-14,-0.71,0.61,-1.32,FALSE
9,602c0fc2eff74b4748e9b41e,35,male,1,unconfounded,b,1,4.697999999999993,58,28,-19,71,11,-12,22.33333333,23.33333333,-1,31.68946548,34.98888712,-3.299421648,-19,-12,-7,-0.26,0.48,-0.74,FALSE
9,602c0fc2eff74b4748e9b41e,35,male,2,confounded,a,0,4.406000000000006,80,43,-41,81,8,-34,27.33333333,18.33333333,9,50.62498285,47.5137407,3.111242151,-41,-34,-7,-0.43,0.32,-0.75,FALSE
9,602c0fc2eff74b4748e9b41e,35,male,3,unconfounded,a,0,6.1910000000000025,52,41,-26,71,1,-14,22.33333333,19.33333333,3,34.47059939,37.04351795,-2.572918563,-26,-14,-12,-0.65,0.62,-1.27,FALSE
9,602c0fc2eff74b4748e9b41e,35,male,4,confounded,b,1,3.997,81,78,-44,94,63,-33,38.33333333,41.33333333,-3,58.2313394,54.06374838,4.167591025,-44,-33,-11,-0.71,-0.54,-0.17,FALSE
9,602c0fc2eff74b4748e9b41e,35,male,5,confounded,b,1,3.260000000000005,37,36,-64,47,22,-51,3,6,-3,47.37791328,41.57723736,5.800675917,-64,-51,-13,-0.71,-0.52,-0.19,FALSE
9,602c0fc2eff74b4748e9b41e,35,male,6,confounded,b,1,5.2960000000000065,67,34,-59,77,37,-45,14,23,-9,53.34791467,50.78057371,2.56734096,-59,-45,-14,-0.51,-0.39,-0.12,FALSE
9,602c0fc2eff74b4748e9b41e,35,male,7,confounded,a,0,2.057000000000002,80,73,-34,85,63,-29,39.66666667,39.66666667,0,52.16853032,49.37835783,2.790172486,-34,-29,-5,-0.7,-0.6,-0.1,FALSE
9,602c0fc2eff74b4748e9b41e,35,male,8,unconfounded,a,0,1.3309999999999889,60,27,-47,80,4,-41,13.33333333,14.33333333,-1,44.73874781,49.93551397,-5.196766162,-47,-41,-6,-0.43,0.3,-0.73,FALSE
9,602c0fc2eff74b4748e9b41e,35,male,9,unconfounded,b,1,1.0789999999999935,70,41,-47,93,2,-40,21.33333333,18.33333333,3,49.74825513,55.51176052,-5.763505382,-47,-40,-7,-0.53,0.42,-0.95,FALSE
9,602c0fc2eff74b4748e9b41e,35,male,10,unconfounded,b,1,2.5719999999999885,52,47,-90,84,32,-80,3,12,-9,65.79260343,68.43001291,-2.637409474,-90,-80,-10,-0.7,-0.41,-0.29,FALSE
9,602c0fc2eff74b4748e9b41e,35,male,11,confounded,b,1,1.343999999999994,66,52,-14,71,33,-3,34.66666667,33.66666667,1,34.88393454,30.21405118,4.669883356,-14,-3,-11,-0.62,0.03,-0.65,FALSE
9,602c0fc2eff74b4748e9b41e,35,male,12,confounded,b,1,0.8100000000000023,93,65,-15,92,30,-6,47.66666667,38.66666667,9,45.7626728,40.47495796,5.28771484,-15,-6,-9,-0.51,0.31,-0.82,FALSE
9,602c0fc2eff74b4748e9b41e,35,male,13,unconfounded,b,1,1.643000000000001,50,24,-56,83,8,-46,6,15,-9,45.10727953,52.89612462,-7.788845091,-56,-46,-10,-0.54,0.2,-0.74,FALSE
9,602c0fc2eff74b4748e9b41e,35,male,14,unconfounded,a,0,2.372000000000014,61,53,-62,85,48,-54,17.33333333,26.33333333,-9,56.19213073,58.77830288,-2.586172149,-62,-54,-8,-0.7,-0.5,-0.2,FALSE
9,602c0fc2eff74b4748e9b41e,35,male,15,unconfounded,b,1,0.8160000000000025,62,50,-83,92,15,-75,9.666666667,10.66666667,-1,65.70810875,68.24628602,-2.53817727,-83,-75,-8,-0.69,-0.09,-0.6,FALSE
9,602c0fc2eff74b4748e9b41e,35,male,16,unconfounded,a,0,1.8230000000000075,56,39,-78,85,2,-70,5.666666667,5.666666667,0,59.56695579,63.33157892,-3.764623132,-78,-70,-8,-0.66,0.09,-0.75,FALSE
9,602c0fc2eff74b4748e9b41e,35,male,17,unconfounded,b,1,2.4839999999999804,66,40,-29,84,13,-23,25.66666667,24.66666667,1,40.08601862,44.45472103,-4.368702413,-29,-23,-6,-0.49,0.38,-0.87,FALSE
9,602c0fc2eff74b4748e9b41e,35,male,18,confounded,b,1,1.4069999999999825,90,67,-17,92,28,-7,46.66666667,37.66666667,9,45.98792112,40.99051381,4.997407312,-17,-7,-10,-0.58,0.34,-0.92,FALSE
9,602c0fc2eff74b4748e9b41e,35,male,19,unconfounded,b,1,1.0620000000000118,76,64,-21,97,15,-11,39.66666667,33.66666667,6,43.17663977,46.02414825,-2.847508476,-21,-11,-10,-0.67,0.54,-1.21,FALSE
9,602c0fc2eff74b4748e9b41e,35,male,20,unconfounded,a,0,1.3640000000000043,63,43,-58,93,3,-51,16,15,1,52.95910372,59.39696962,-6.437865901,-58,-51,-7,-0.63,0.29,-0.92,FALSE
9,602c0fc2eff74b4748e9b41e,35,male,21,confounded,b,1,4.211999999999989,93,88,-12,97,64,-1,56.33333333,53.33333333,3,48.36206043,40.71308826,7.64897217,-12,-1,-11,-0.7,-0.38,-0.32,FALSE
9,602c0fc2eff74b4748e9b41e,35,male,22,unconfounded,b,1,2.1980000000000075,60,51,-79,94,11,-73,10.66666667,10.66666667,0,63.51027913,68.17787194,-4.667592807,-79,-73,-6,-0.7,-0.01,-0.69,FALSE
9,602c0fc2eff74b4748e9b41e,35,male,23,unconfounded,b,1,1.1779999999999973,77,67,-13,98,10,-4,43.66666667,34.66666667,9,40.27681991,45.14667454,-4.86985463,-13,-4,-9,-0.67,0.66,-1.33,FALSE
9,602c0fc2eff74b4748e9b41e,35,male,24,confounded,a,0,0.7830000000000155,86,80,-10,84,66,-3,52,49,3,43.9089968,37.49666652,6.412330282,-10,-3,-7,-0.7,-0.59,-0.11,FALSE
9,602c0fc2eff74b4748e9b41e,35,male,25,unconfounded,b,1,4.483000000000004,65,27,-35,83,18,-26,19,25,-6,41.21488404,44.77350407,-3.558620027,-35,-26,-9,-0.28,0.23,-0.51,FALSE
9,602c0fc2eff74b4748e9b41e,35,male,26,confounded,b,1,1.920000000000016,65,62,-49,72,57,-42,26,29,-3,53.04714884,50.57667447,2.470474374,-49,-42,-7,-0.71,-0.66,-0.05,FALSE
9,602c0fc2eff74b4748e9b41e,35,male,27,unconfounded,a,0,1.4129999999999825,92,49,-7,99,9,-1,44.66666667,35.66666667,9,40.53256578,44.96912521,-4.436559429,-7,-1,-6,-0.16,0.68,-0.84,FALSE
9,602c0fc2eff74b4748e9b41e,35,male,28,confounded,b,1,3.100999999999999,91,40,-37,81,27,-32,31.33333333,25.33333333,6,52.61389761,46.14710777,6.466789845,-37,-32,-5,-0.24,-0.05,-0.19,FALSE
9,602c0fc2eff74b4748e9b41e,35,male,29,confounded,b,1,1.0730000000000075,87,67,-40,97,42,-25,38,38,0,55.75541827,49.88653793,5.868880342,-40,-25,-15,-0.64,-0.12,-0.52,FALSE
9,602c0fc2eff74b4748e9b41e,35,male,30,unconfounded,a,0,2.4979999999999905,63,45,-19,81,8,-9,29.66666667,26.66666667,3,35.18838192,39.04128869,-3.852906764,-19,-9,-10,-0.57,0.61,-1.18,FALSE
9,602c0fc2eff74b4748e9b41e,35,male,31,confounded,b,1,2.7939999999999827,51,45,-68,56,48,-58,9.333333333,15.33333333,-6,54.73775865,51.95724738,2.780511269,-68,-58,-10,-0.7,-0.69,-0.01,FALSE
9,602c0fc2eff74b4748e9b41e,35,male,32,unconfounded,b,1,0.8370000000000175,58,54,-47,89,7,-34,21.66666667,20.66666667,1,48.58211834,51.13598429,-2.553865948,-47,-34,-13,-0.7,0.38,-1.08,FALSE
9,602c0fc2eff74b4748e9b41e,35,male,33,confounded,b,1,1.3160000000000025,95,75,-28,96,64,-15,47.33333333,48.33333333,-1,53.89083616,46.64999702,7.240839139,-28,-15,-13,-0.63,-0.47,-0.16,FALSE
9,602c0fc2eff74b4748e9b41e,35,male,34,confounded,b,1,3.531000000000006,75,56,-40,78,43,-30,30.33333333,30.33333333,0,50.33443707,44.99135719,5.343079879,-40,-30,-10,-0.63,-0.4,-0.23,FALSE
9,602c0fc2eff74b4748e9b41e,35,male,35,confounded,b,1,2.497000000000014,69,40,-29,65,14,-17,26.66666667,20.66666667,6,41.10420362,33.80663972,7.297563908,-29,-17,-12,-0.45,0.29,-0.74,FALSE
9,602c0fc2eff74b4748e9b41e,35,male,36,confounded,b,1,1.9550000000000125,95,77,-55,97,48,-46,39,33,6,66.87301399,59.33520596,7.537808026,-55,-46,-9,-0.67,-0.36,-0.31,FALSE
9,602c0fc2eff74b4748e9b41e,35,male,37,unconfounded,b,1,1.134999999999991,65,10,-62,90,1,-51,4.333333333,13.33333333,-9,52.00213671,58.21988969,-6.217752982,-62,-51,-11,-0.16,0.31,-0.47,FALSE
9,602c0fc2eff74b4748e9b41e,35,male,38,unconfounded,a,0,1.7530000000000143,83,40,-8,91,7,-1,38.33333333,32.33333333,6,37.16928242,41.61196409,-4.442681672,-8,-1,-7,-0.07,0.69,-0.76,FALSE
9,602c0fc2eff74b4748e9b41e,35,male,39,unconfounded,a,0,3.149000000000001,57,52,-69,95,11,-63,13.33333333,14.33333333,-1,58.25423208,64.54627969,-6.29204761,-69,-63,-6,-0.7,0.08,-0.78,FALSE
9,602c0fc2eff74b4748e9b41e,35,male,40,unconfounded,a,0,3.984000000000009,78,19,-16,89,2,-7,27,28,-1,38.79003308,43.28972164,-4.49968856,-16,-7,-9,0.3,0.68,-0.38,FALSE
9,602c0fc2eff74b4748e9b41e,35,male,41,confounded,a,0,2.102000000000004,81,8,-35,75,6,-24,18,19,-1,47.88179891,41.44876355,6.433035356,-35,-24,-11,0.3,0.44,-0.14,FALSE
9,602c0fc2eff74b4748e9b41e,35,male,42,unconfounded,b,1,1.210000000000008,85,48,-45,99,2,-40,29.33333333,20.33333333,9,54.68901982,58.20843772,-3.519417903,-45,-40,-5,-0.47,0.44,-0.91,FALSE
9,602c0fc2eff74b4748e9b41e,35,male,43,confounded,b,1,2.5790000000000077,80,61,-49,77,57,-42,30.66666667,30.66666667,0,56.86436103,52.02777036,4.836590669,-49,-42,-7,-0.65,-0.63,-0.02,FALSE
9,602c0fc2eff74b4748e9b41e,35,male,44,unconfounded,b,1,3.3940000000000055,61,18,-37,77,14,-31,14,20,-6,40.10818703,44.29446918,-4.186282153,-37,-31,-6,-0.15,0.2,-0.35,FALSE
9,602c0fc2eff74b4748e9b41e,35,male,45,confounded,b,1,1.2670000000000243,82,63,-26,93,35,-12,39.66666667,38.66666667,1,47.07676945,42.94440851,4.132360945,-26,-12,-14,-0.62,0.13,-0.75,FALSE
9,602c0fc2eff74b4748e9b41e,35,male,46,unconfounded,a,0,2.627999999999986,74,46,-44,87,1,-39,25.33333333,16.33333333,9,50.34105901,52.56953068,-2.228471667,-44,-39,-5,-0.55,0.41,-0.96,FALSE
9,602c0fc2eff74b4748e9b41e,35,male,47,confounded,b,1,1.3230000000000075,93,73,-18,97,48,-6,49.33333333,46.33333333,3,48.30688932,42.06608557,6.240803743,-18,-6,-12,-0.62,-0.06,-0.56,FALSE
9,602c0fc2eff74b4748e9b41e,35,male,48,unconfounded,a,0,2.9139999999999873,71,48,-19,96,7,-6,33.33333333,32.33333333,1,38.17794593,45.33088229,-7.152936355,-19,-6,-13,-0.52,0.66,-1.18,FALSE
9,602c0fc2eff74b4748e9b41e,35,male,49,unconfounded,a,0,2.0730000000000075,57,55,-50,97,16,-42,20.66666667,23.66666667,-3,49.97554958,57.00487309,-7.029323509,-50,-42,-8,-0.71,0.2,-0.91,FALSE
9,602c0fc2eff74b4748e9b41e,35,male,51,unconfounded,b,1,3.691999999999979,66,61,-25,89,4,-18,34,25,9,41.76920716,46.13747573,-4.368268571,-25,-18,-7,-0.7,0.59,-1.29,FALSE
9,602c0fc2eff74b4748e9b41e,35,male,52,unconfounded,b,1,1.114999999999981,62,45,-31,84,8,-19,25.33333333,24.33333333,1,40.43375927,43.60682923,-3.173069958,-31,-19,-12,-0.61,0.51,-1.12,FALSE
9,602c0fc2eff74b4748e9b41e,35,male,53,confounded,b,1,3.5379999999999825,96,51,-91,99,54,-79,18.66666667,24.66666667,-6,79.69246444,75.57042337,4.122041069,-91,-79,-12,-0.54,-0.52,-0.02,FALSE
9,602c0fc2eff74b4748e9b41e,35,male,54,confounded,a,0,2.6910000000000025,79,45,-35,80,2,-20,29.66666667,20.66666667,9,47.7865625,42.90558109,4.880981407,-35,-20,-15,-0.45,0.57,-1.02,FALSE
9,602c0fc2eff74b4748e9b41e,35,male,55,unconfounded,a,0,0.8729999999999905,58,49,-41,85,1,-29,22,19,3,44.69899328,48.24935233,-3.55035905,-41,-29,-12,-0.69,0.51,-1.2,FALSE
9,602c0fc2eff74b4748e9b41e,35,male,56,unconfounded,a,0,0.5180000000000291,73,50,-46,98,7,-31,25.66666667,24.66666667,1,51.53855084,54.12536887,-2.586818037,-46,-31,-15,-0.6,0.45,-1.05,FALSE
9,602c0fc2eff74b4748e9b41e,35,male,57,confounded,b,1,0.405999999999949,86,67,-20,98,40,-5,44.33333333,44.33333333,0,46.14710777,42.16106682,3.986040948,-20,-5,-15,-0.62,0.15,-0.77,FALSE
9,602c0fc2eff74b4748e9b41e,35,male,58,unconfounded,a,0,0.2400000000000091,69,32,-47,87,24,-39,18,24,-6,48.38043682,51.4392846,-3.058847781,-47,-39,-8,-0.41,0,-0.41,FALSE
9,602c0fc2eff74b4748e9b41e,35,male,59,unconfounded,a,0,2.780999999999949,70,16,-49,84,3,-41,12.33333333,15.33333333,-3,48.65068231,51.77086268,-3.12018037,-49,-41,-8,-0.11,0.34,-0.45,FALSE
9,602c0fc2eff74b4748e9b41e,35,male,60,confounded,a,0,2.086999999999989,88,64,-15,89,47,-2,45.66666667,44.66666667,1,44.00252518,37.18721405,6.815311129,-15,-2,-13,-0.55,-0.09,-0.46,FALSE
9,602c0fc2eff74b4748e9b41e,35,male,61,confounded,b,1,2.933999999999969,82,80,-87,96,60,-78,25,26,-1,79.20016835,74.99333304,4.206835313,-87,-78,-9,-0.71,-0.59,-0.12,FALSE
9,602c0fc2eff74b4748e9b41e,35,male,62,confounded,a,0,2.4820000000000277,83,50,-11,85,29,-1,40.66666667,37.66666667,3,38.93869826,35.64017708,3.298521182,-11,-1,-10,-0.35,0.35,-0.7,FALSE
9,602c0fc2eff74b4748e9b41e,35,male,63,unconfounded,b,1,1.0220000000000482,80,31,-38,94,5,-26,24.33333333,24.33333333,0,48.40339749,50.86146762,-2.458070131,-38,-26,-12,-0.2,0.52,-0.72,FALSE
9,602c0fc2eff74b4748e9b41e,35,male,64,unconfounded,b,1,2.0229999999999677,63,47,-21,91,15,-14,29.66666667,30.66666667,-1,36.41733409,44.27439692,-7.857062825,-21,-14,-7,-0.61,0.49,-1.1,FALSE
9,602c0fc2eff74b4748e9b41e,35,male,65,unconfounded,a,0,1.850999999999999,63,60,-29,84,5,-22,31.33333333,22.33333333,9,42.67968551,44.97653709,-2.296851579,-29,-22,-7,-0.7,0.52,-1.22,FALSE
9,602c0fc2eff74b4748e9b41e,35,male,66,confounded,a,0,2.2329999999999472,99,45,-67,98,5,-53,25.66666667,16.66666667,9,69.13432979,62.19503374,6.939296048,-67,-53,-14,-0.4,0.27,-0.67,FALSE
9,602c0fc2eff74b4748e9b41e,35,male,67,unconfounded,a,0,1.858000000000004,77,49,-72,97,6,-67,18,12,6,64.65807503,67.08700818,-2.42893315,-72,-67,-5,-0.61,0.13,-0.74,FALSE
9,602c0fc2eff74b4748e9b41e,35,male,68,unconfounded,a,0,2.0879999999999654,57,33,-78,87,14,-71,4,10,-6,58.80476171,64.56521251,-5.7604508,-78,-71,-7,-0.62,-0.09,-0.53,FALSE
9,602c0fc2eff74b4748e9b41e,35,male,69,unconfounded,a,0,1.781000000000006,45,38,-33,83,15,-21,16.66666667,25.66666667,-9,35.23571421,43.12256434,-7.886850138,-33,-21,-12,-0.69,0.36,-1.05,FALSE
9,602c0fc2eff74b4748e9b41e,35,male,70,confounded,b,1,1.3240000000000125,79,27,-34,70,26,-24,24,24,0,46.18080409,38.40138886,7.779415229,-34,-24,-10,-0.1,-0.08,-0.02,FALSE
9,602c0fc2eff74b4748e9b41e,35,male,71,unconfounded,a,0,0.8310000000000173,56,53,-14,73,2,-7,31.66666667,22.66666667,9,32.31442746,35.78019316,-3.465765693,-14,-7,-7,-0.7,0.67,-1.37,FALSE
9,602c0fc2eff74b4748e9b41e,35,male,72,confounded,b,1,1.038000000000011,88,81,-45,99,73,-30,41.33333333,47.33333333,-6,61.11373732,55.70358058,5.410156742,-45,-30,-15,-0.7,-0.59,-0.11,FALSE
9,602c0fc2eff74b4748e9b41e,35,male,73,confounded,a,0,1.218999999999994,74,51,-26,76,46,-14,33,36,-3,42.76291228,37.41657387,5.346338412,-26,-14,-12,-0.56,-0.38,-0.18,FALSE
9,602c0fc2eff74b4748e9b41e,35,male,74,confounded,b,1,1.5600000000000025,57,2,-48,64,9,-35,3.666666667,12.66666667,-9,42.88226777,40.49965706,2.382610705,-48,-35,-13,0.06,0.14,-0.08,FALSE
9,602c0fc2eff74b4748e9b41e,35,male,75,confounded,a,0,2.1219999999999573,59,54,-8,62,28,-3,35,29,6,30.47403266,26.54555832,3.928474339,-8,-3,-5,-0.69,0.06,-0.75,FALSE
9,602c0fc2eff74b4748e9b41e,35,male,76,confounded,b,1,1.6720000000000257,61,33,-71,68,40,-58,7.666666667,16.66666667,-9,56.78810517,54.02057221,2.767532958,-71,-58,-13,-0.58,-0.57,-0.01,FALSE
9,602c0fc2eff74b4748e9b41e,35,male,77,confounded,a,0,1.413000000000011,92,55,-16,86,47,-5,43.66666667,42.66666667,1,44.8131925,37.27674282,7.536449678,-16,-5,-11,-0.36,-0.17,-0.19,FALSE
9,602c0fc2eff74b4748e9b41e,35,male,78,unconfounded,b,1,1.3310000000000173,71,42,-92,95,21,-86,7,10,-3,70.99765254,74.30118886,-3.303536321,-92,-86,-6,-0.62,-0.22,-0.4,FALSE
9,602c0fc2eff74b4748e9b41e,35,male,79,unconfounded,a,0,2.538000000000011,72,70,-17,94,24,-11,41.66666667,35.66666667,6,41.49163236,43.65266951,-2.161037156,-17,-11,-6,-0.71,0.38,-1.09,FALSE
9,602c0fc2eff74b4748e9b41e,35,male,80,unconfounded,a,0,1.5529999999999973,74,33,-32,94,35,-27,25,34,-9,43.64248694,49.40310382,-5.760616872,-32,-27,-5,-0.27,-0.03,-0.24,FALSE
9,602c0fc2eff74b4748e9b41e,35,male,81,confounded,b,1,1.011000000000024,80,54,-23,85,21,-13,37,31,6,43.73404471,40.62839729,3.105647416,-23,-13,-10,-0.52,0.35,-0.87,FALSE
9,602c0fc2eff74b4748e9b41e,35,male,82,unconfounded,b,1,2.037999999999954,76,48,-37,99,1,-31,29,23,6,48.04858652,55.30521374,-7.256627218,-37,-31,-6,-0.53,0.53,-1.06,FALSE
9,602c0fc2eff74b4748e9b41e,35,male,83,confounded,b,1,1.8380000000000225,48,42,-20,63,30,-5,23.33333333,29.33333333,-6,30.73904502,27.7648859,2.974159125,-20,-5,-15,-0.69,-0.04,-0.65,FALSE
9,602c0fc2eff74b4748e9b41e,35,male,84,confounded,b,1,1.913000000000011,66,64,-14,70,50,-1,38.66666667,39.66666667,-1,37.24990679,29.89239963,7.357507157,-14,-1,-13,-0.71,-0.48,-0.23,FALSE
9,602c0fc2eff74b4748e9b41e,35,male,85,unconfounded,b,1,1.641999999999996,63,32,-59,96,5,-47,12,18,-6,51.77515492,59.09878735,-7.323632437,-59,-47,-12,-0.52,0.32,-0.84,FALSE
9,602c0fc2eff74b4748e9b41e,35,male,86,unconfounded,b,1,1.2270000000000325,61,43,-79,96,2,-73,8.333333333,8.333333333,0,62.18967403,69.13915115,-6.949477127,-79,-73,-6,-0.66,0.14,-0.8,FALSE
9,602c0fc2eff74b4748e9b41e,35,male,87,confounded,b,1,2.684000000000026,99,63,-12,93,52,-4,50,47,3,46.23851209,39.75759885,6.480913232,-12,-4,-8,-0.4,-0.19,-0.21,FALSE
9,602c0fc2eff74b4748e9b41e,35,male,88,confounded,b,1,0.914000000000044,52,14,-16,53,17,-2,16.66666667,22.66666667,-6,27.82484901,22.80838053,5.01646848,-16,-2,-14,0.14,0.36,-0.22,FALSE
9,602c0fc2eff74b4748e9b41e,35,male,90,confounded,b,1,1.3740000000000236,89,74,-13,90,55,-4,50,47,3,44.96665431,38.79003308,6.176621228,-13,-4,-9,-0.65,-0.3,-0.35,FALSE
9,602c0fc2eff74b4748e9b41e,35,male,91,unconfounded,a,0,2.474999999999966,60,34,-88,93,15,-75,2,11,-9,64.51873113,68.64400921,-4.125278077,-88,-75,-13,-0.62,-0.09,-0.53,FALSE
9,602c0fc2eff74b4748e9b41e,35,male,92,unconfounded,b,1,1.822999999999979,58,40,-41,89,8,-31,19,22,-3,43.05810028,49.979996,-6.921895715,-41,-31,-10,-0.62,0.4,-1.02,FALSE
9,602c0fc2eff74b4748e9b41e,35,male,93,unconfounded,b,1,1.379000000000019,82,49,-56,98,10,-51,25,19,6,58.83876273,61.16098975,-2.322227012,-56,-51,-5,-0.54,0.22,-0.76,FALSE
9,602c0fc2eff74b4748e9b41e,35,male,94,confounded,b,1,1.0930000000000175,67,16,-14,66,5,-2,23,23,0,33.43650699,30.53959179,2.896915205,-14,-2,-12,0.3,0.68,-0.38,FALSE
9,602c0fc2eff74b4748e9b41e,35,male,95,confounded,b,1,2.809000000000026,93,87,-40,99,80,-30,46.66666667,49.66666667,-3,61.33152171,56.86436103,4.467160681,-40,-30,-10,-0.7,-0.65,-0.05,FALSE
9,602c0fc2eff74b4748e9b41e,35,male,96,unconfounded,b,1,1.6019999999999754,55,52,-40,92,13,-29,22.33333333,25.33333333,-3,44.09333535,50.16195991,-6.068624563,-40,-29,-11,-0.7,0.35,-1.05,FALSE
9,602c0fc2eff74b4748e9b41e,35,male,97,confounded,b,1,1.808999999999969,82,65,-29,77,59,-18,39.33333333,39.33333333,0,48.81484292,41.20140235,7.613440566,-29,-18,-11,-0.64,-0.61,-0.03,FALSE
9,602c0fc2eff74b4748e9b41e,35,male,98,confounded,b,1,1.490000000000009,49,11,-37,57,15,-22,7.666666667,16.66666667,-9,35.18838192,32.27313985,2.915242074,-37,-22,-15,-0.14,0.08,-0.22,FALSE
9,602c0fc2eff74b4748e9b41e,35,male,99,unconfounded,b,1,1.2749999999999773,64,57,-33,97,1,-19,29.33333333,26.33333333,3,44.16886787,50.63156679,-6.46269892,-33,-19,-14,-0.69,0.63,-1.32,FALSE
9,602c0fc2eff74b4748e9b41e,35,male,100,unconfounded,b,1,1.5529999999999973,61,49,-22,81,3,-14,29.33333333,23.33333333,6,36.62725154,41.36289266,-4.735641114,-22,-14,-8,-0.65,0.62,-1.27,FALSE
9,602c0fc2eff74b4748e9b41e,35,male,101,confounded,b,1,1.6990000000000125,99,38,-35,87,15,-27,34,25,9,54.77834122,47.07440918,7.703932035,-35,-27,-8,-0.11,0.31,-0.42,FALSE
9,602c0fc2eff74b4748e9b41e,35,male,102,unconfounded,b,1,1.0459999999999925,48,36,-33,76,20,-27,17,23,-6,35.6931366,42.10304819,-6.409911592,-33,-27,-6,-0.65,0.11,-0.76,FALSE
9,602c0fc2eff74b4748e9b41e,35,male,103,unconfounded,b,1,1.0600000000000025,67,30,-64,98,12,-50,11,20,-9,55.14224031,60.68497892,-5.542738609,-64,-50,-14,-0.48,0.2,-0.68,FALSE
9,602c0fc2eff74b4748e9b41e,35,male,104,unconfounded,b,1,0.6800000000000068,72,62,-10,99,53,-1,41.33333333,50.33333333,-9,36.52700675,40.86835233,-4.341345579,-10,-1,-9,-0.67,-0.1,-0.57,FALSE
9,602c0fc2eff74b4748e9b41e,35,male,105,unconfounded,b,1,1.1709999999999925,55,19,-13,73,1,-4,20.33333333,23.33333333,-3,27.77688887,35.17890782,-7.402018947,-13,-4,-9,0.07,0.7,-0.63,FALSE
9,602c0fc2eff74b4748e9b41e,35,male,106,confounded,b,1,1.4209999999999925,39,30,-45,49,34,-32,8,17,-9,37.65634077,35.18522417,2.471116596,-45,-32,-13,-0.68,-0.61,-0.07,FALSE
9,602c0fc2eff74b4748e9b41e,35,male,107,unconfounded,b,1,1.329999999999984,74,36,-41,90,6,-30,23,22,1,47.84001115,50.27922036,-2.439209212,-41,-30,-11,-0.39,0.45,-0.84,FALSE
9,602c0fc2eff74b4748e9b41e,35,male,109,unconfounded,b,1,1.961999999999989,69,66,-55,96,34,-50,26.66666667,26.66666667,0,57.76004001,59.82938706,-2.069347044,-55,-50,-5,-0.71,-0.18,-0.53,FALSE
9,602c0fc2eff74b4748e9b41e,35,male,110,unconfounded,b,1,1.103999999999985,82,38,-49,98,3,-39,23.66666667,20.66666667,3,54.43242498,57.308134,-2.87570902,-49,-39,-10,-0.38,0.43,-0.81,FALSE
9,602c0fc2eff74b4748e9b41e,35,male,111,unconfounded,a,0,1.780999999999949,81,51,-42,96,4,-37,30,21,9,52.36410985,55.61174936,-3.247639512,-42,-37,-5,-0.54,0.43,-0.97,FALSE
9,602c0fc2eff74b4748e9b41e,35,male,112,confounded,b,1,1.622000000000014,94,59,-24,99,39,-12,43,42,1,49.48400415,45.36518489,4.118819261,-24,-12,-12,-0.45,0.1,-0.55,FALSE
9,602c0fc2eff74b4748e9b41e,35,male,113,confounded,b,1,1.837000000000046,96,61,-17,93,41,-3,46.66666667,43.66666667,3,47.23228651,39.23717059,7.995115924,-17,-3,-14,-0.43,0.1,-0.53,FALSE
9,602c0fc2eff74b4748e9b41e,35,male,114,confounded,b,1,1.330000000000041,83,79,-38,99,58,-24,41.33333333,44.33333333,-3,56.12090124,51.13598429,4.98491695,-38,-24,-14,-0.7,-0.38,-0.32,FALSE
9,602c0fc2eff74b4748e9b41e,35,male,115,unconfounded,b,1,2.134999999999991,58,37,-21,83,16,-7,24.66666667,30.66666667,-6,33.40991204,38.17794593,-4.768033896,-21,-7,-14,-0.5,0.52,-1.02,FALSE
9,602c0fc2eff74b4748e9b41e,35,male,116,confounded,b,1,0.934000000000026,85,77,-20,97,78,-6,47.33333333,56.33333333,-9,47.72374205,44.75364665,2.970095399,-20,-6,-14,-0.69,-0.61,-0.08,FALSE
9,602c0fc2eff74b4748e9b41e,35,male,117,unconfounded,b,1,1.6990000000000125,66,36,-14,80,11,-6,29.33333333,28.33333333,1,32.99831646,37.18721405,-4.188897596,-14,-6,-8,-0.29,0.6,-0.89,FALSE
9,602c0fc2eff74b4748e9b41e,35,male,118,confounded,b,1,1.754000000000019,60,58,-24,72,31,-12,31.33333333,30.33333333,1,39.13509366,34.29609631,4.838997345,-24,-12,-12,-0.71,-0.03,-0.68,FALSE
9,602c0fc2eff74b4748e9b41e,35,male,119,confounded,b,1,2.733000000000004,55,43,-60,58,7,-54,12.66666667,3.666666667,9,51.61610429,45.78451946,5.831584831,-60,-54,-6,-0.68,-0.11,-0.57,FALSE
9,602c0fc2eff74b4748e9b41e,35,male,120,unconfounded,b,1,0.9540000000000076,64,56,-58,94,9,-50,20.66666667,17.66666667,3,55.72152985,59.10630724,-3.384777389,-58,-50,-8,-0.7,0.22,-0.92,FALSE
9,602c0fc2eff74b4748e9b41e,35,male,121,unconfounded,b,1,0.9680000000000176,61,53,-28,85,3,-20,28.66666667,22.66666667,6,40.20226638,45.0653846,-4.863118215,-28,-20,-8,-0.69,0.57,-1.26,FALSE
9,602c0fc2eff74b4748e9b41e,35,male,122,confounded,b,1,0.8930000000000291,82,57,-23,90,38,-9,38.66666667,39.66666667,-1,44.78342948,40.43375927,4.349670203,-23,-9,-14,-0.55,0.06,-0.61,FALSE
9,602c0fc2eff74b4748e9b41e,35,male,123,unconfounded,b,1,1.468999999999994,65,46,-24,88,13,-14,29,29,0,38.27096375,43.15089802,-4.879934267,-24,-14,-10,-0.58,0.51,-1.09,FALSE
9,602c0fc2eff74b4748e9b41e,35,male,124,unconfounded,b,1,1.879000000000019,83,22,-20,90,5,-13,28.33333333,27.33333333,1,42.28737663,44.91720779,-2.629831159,-20,-13,-7,0.22,0.62,-0.4,FALSE
9,602c0fc2eff74b4748e9b41e,35,male,125,confounded,b,1,1.552000000000021,84,73,-51,95,70,-41,35.33333333,41.33333333,-6,61.21183618,59.10630724,2.105528943,-51,-41,-10,-0.69,-0.61,-0.08,FALSE
9,602c0fc2eff74b4748e9b41e,35,male,126,unconfounded,b,1,1.440999999999974,52,25,-28,65,9,-22,16.33333333,17.33333333,-1,33.22983933,36.00308629,-2.773246953,-28,-22,-6,-0.37,0.33,-0.7,FALSE
9,602c0fc2eff74b4748e9b41e,35,male,127,confounded,b,1,3.1709999999999923,81,48,-42,79,15,-34,29,20,9,51.98076567,46.26733909,5.713426581,-42,-34,-8,-0.5,0.16,-0.66,FALSE
9,602c0fc2eff74b4748e9b41e,35,male,128,confounded,b,1,2.816000000000031,69,48,-67,68,45,-60,16.66666667,17.66666667,-1,59.77922344,55.7155474,4.063676043,-67,-60,-7,-0.64,-0.62,-0.02,FALSE
9,602c0fc2eff74b4748e9b41e,35,male,129,confounded,b,1,1.643000000000029,42,40,-31,59,28,-18,17,23,-6,33.950945,31.63331577,2.317629233,-31,-18,-13,-0.71,-0.23,-0.48,FALSE
9,602c0fc2eff74b4748e9b41e,35,male,130,confounded,b,1,2.490000000000009,57,40,-94,70,21,-79,1,4,-3,67.53270812,62.00537611,5.527332014,-94,-79,-15,-0.67,-0.39,-0.28,FALSE
9,602c0fc2eff74b4748e9b41e,35,male,131,confounded,b,1,9.254999999999995,84,74,-73,96,33,-62,28.33333333,22.33333333,6,71.76969339,64.9427098,6.826983592,-73,-62,-11,-0.7,-0.24,-0.46,FALSE
9,602c0fc2eff74b4748e9b41e,35,male,132,confounded,b,1,1.1480000000000246,91,73,-19,96,36,-14,48.33333333,39.33333333,9,48.17560471,44.96912521,3.206479496,-19,-14,-5,-0.63,0.11,-0.74,FALSE
9,602c0fc2eff74b4748e9b41e,35,male,133,unconfounded,b,1,1.136000000000024,55,22,-21,66,6,-16,18.66666667,18.66666667,0,31.11626941,34.65384378,-3.537574369,-21,-16,-5,-0.16,0.5,-0.66,FALSE
9,602c0fc2eff74b4748e9b41e,35,male,134,confounded,b,1,1.0049999999999957,66,61,-21,85,54,-6,35.33333333,44.33333333,-9,39.88594851,37.77418284,2.111765679,-21,-6,-15,-0.7,-0.37,-0.33,FALSE
9,602c0fc2eff74b4748e9b41e,35,male,135,unconfounded,b,1,1.197999999999979,67,36,-51,86,5,-42,17.33333333,16.33333333,1,49.94886274,52.8667087,-2.917845962,-51,-42,-9,-0.51,0.31,-0.82,FALSE
9,602c0fc2eff74b4748e9b41e,35,male,136,confounded,b,1,2.093999999999994,95,89,-13,98,73,-3,57,56,1,49.55804677,42.94958285,6.608463927,-13,-3,-10,-0.7,-0.53,-0.17,FALSE
9,602c0fc2eff74b4748e9b41e,35,male,137,confounded,b,1,1.274000000000001,78,18,-86,77,22,-71,3.333333333,9.333333333,-6,67.75117875,61.08100268,6.670176067,-86,-71,-15,-0.31,-0.3,-0.01,FALSE
9,602c0fc2eff74b4748e9b41e,35,male,139,confounded,b,1,0.9619999999999892,79,75,-24,86,58,-11,43.33333333,44.33333333,-1,47.6398526,40.76218291,6.877669688,-24,-11,-13,-0.7,-0.47,-0.23,FALSE
9,602c0fc2eff74b4748e9b41e,35,male,140,unconfounded,b,1,0.9209999999999924,70,55,-15,99,30,-1,36.66666667,42.66666667,-6,37.04351795,41.7957999,-4.752281944,-15,-1,-14,-0.62,0.43,-1.05,FALSE
9,602c0fc2eff74b4748e9b41e,35,male,141,unconfounded,b,1,1.740000000000009,50,26,-17,66,7,-11,19.66666667,20.66666667,-1,27.71682201,32.88701196,-5.17018995,-17,-11,-6,-0.33,0.55,-0.88,FALSE
9,602c0fc2eff74b4748e9b41e,35,male,142,confounded,a,0,3.788000000000011,82,64,-15,78,50,-6,43.66666667,40.66666667,3,42.1294302,34.92213561,7.207294589,-15,-6,-9,-0.61,-0.38,-0.23,FALSE
9,602c0fc2eff74b4748e9b41e,35,male,143,unconfounded,b,1,2.3029999999999973,57,37,-65,85,1,-54,9.666666667,10.66666667,-1,53.42492136,57.15670467,-3.731783312,-65,-54,-11,-0.63,0.25,-0.88,FALSE
9,602c0fc2eff74b4748e9b41e,35,male,144,unconfounded,b,1,1.469000000000051,81,32,-83,99,17,-77,10,13,-3,68.73621074,71.90734779,-3.171137055,-83,-77,-6,-0.45,-0.08,-0.37,FALSE
9,602c0fc2eff74b4748e9b41e,35,male,145,unconfounded,b,1,2.0990000000000464,67,35,-44,90,1,-33,19.33333333,19.33333333,0,46.64999702,51.86092513,-5.210928109,-44,-33,-11,-0.47,0.49,-0.96,FALSE
9,602c0fc2eff74b4748e9b41e,35,male,146,unconfounded,b,1,1.136000000000081,51,48,-71,84,26,-64,9.333333333,15.33333333,-6,56.81744646,60.88969991,-4.072253454,-71,-64,-7,-0.71,-0.26,-0.45,FALSE
9,602c0fc2eff74b4748e9b41e,35,male,147,unconfounded,b,1,1.919999999999959,71,45,-35,95,9,-23,27,27,0,45.10727953,49.82636518,-4.719085645,-35,-23,-12,-0.54,0.49,-1.03,FALSE
9,602c0fc2eff74b4748e9b41e,35,male,148,unconfounded,b,1,1.4750000000000227,76,54,-46,97,16,-38,28,25,3,53.09111665,55.47972603,-2.388609381,-46,-38,-8,-0.62,0.24,-0.86,FALSE
9,602c0fc2eff74b4748e9b41e,35,male,149,unconfounded,b,1,1.080000000000041,86,44,-23,97,16,-15,35.66666667,32.66666667,3,44.88751373,47.21816976,-2.33065603,-23,-15,-8,-0.27,0.49,-0.76,FALSE
9,602c0fc2eff74b4748e9b41e,35,male,150,confounded,b,1,1.822999999999979,76,27,-21,72,4,-12,27.33333333,21.33333333,6,39.60078563,36.41733409,3.183451536,-21,-12,-9,0.01,0.61,-0.6,FALSE
9,602c0fc2eff74b4748e9b41e,35,male,151,unconfounded,b,1,3.086999999999989,74,30,-33,93,7,-20,23.66666667,26.66666667,-3,43.91152721,48.18252334,-4.270996128,-33,-20,-13,-0.21,0.54,-0.75,FALSE
9,602c0fc2eff74b4748e9b41e,35,male,152,confounded,b,1,1.3909999999999627,45,24,-31,48,17,-18,12.66666667,15.66666667,-3,32.0451071,26.96087701,5.084230092,-31,-18,-13,-0.49,-0.07,-0.42,FALSE
9,602c0fc2eff74b4748e9b41e,35,male,153,confounded,b,1,1.134999999999991,65,35,-34,61,27,-22,22,22,0,41.44876355,34.06855833,7.380205222,-34,-22,-12,-0.44,-0.22,-0.22,FALSE
9,602c0fc2eff74b4748e9b41e,35,male,154,confounded,b,1,0.7540000000000191,95,41,-73,89,40,-63,21,22,-1,70.0285656,63.34561284,6.682952755,-73,-63,-10,-0.41,-0.4,-0.01,FALSE
9,602c0fc2eff74b4748e9b41e,35,male,155,unconfounded,b,1,0.9079999999999018,64,49,-69,94,7,-60,14.66666667,13.66666667,1,59.4773533,63.04671989,-3.56936659,-69,-60,-9,-0.67,0.16,-0.83,FALSE
9,602c0fc2eff74b4748e9b41e,35,male,156,unconfounded,b,1,2.198999999999955,44,17,-42,71,6,-31,6.333333333,15.33333333,-9,35.91038228,42.16106682,-6.250684541,-42,-31,-11,-0.42,0.32,-0.74,FALSE
9,602c0fc2eff74b4748e9b41e,35,male,157,confounded,b,1,1.5879999999999654,53,43,-8,49,31,-1,29.33333333,26.33333333,3,26.71246068,20.67741656,6.035044121,-8,-1,-7,-0.63,-0.33,-0.3,FALSE
9,602c0fc2eff74b4748e9b41e,35,male,158,unconfounded,b,1,2.1299999999999955,79,53,-16,96,9,-7,38.66666667,32.66666667,6,40.08601862,45.25728916,-5.17127054,-16,-7,-9,-0.49,0.64,-1.13,FALSE
9,602c0fc2eff74b4748e9b41e,35,male,159,confounded,b,1,1.717999999999961,84,54,-18,91,30,-4,40,39,1,42.80186912,39.3022476,3.499621515,-18,-4,-14,-0.46,0.33,-0.79,FALSE
9,602c0fc2eff74b4748e9b41e,35,male,160,confounded,b,1,0.9959999999999808,81,75,-12,85,53,-3,48,45,3,42.49705872,36.36848453,6.128574196,-12,-3,-9,-0.7,-0.32,-0.38,FALSE
9,602c0fc2eff74b4748e9b41e,35,male,161,confounded,b,1,1.7670000000000528,98,40,-65,99,32,-55,24.33333333,25.33333333,-1,67.46027638,63.04671989,4.413556487,-65,-55,-10,-0.34,-0.16,-0.18,FALSE
9,602c0fc2eff74b4748e9b41e,35,male,162,unconfounded,b,1,1.2169999999999843,47,39,-49,72,3,-41,12.33333333,11.33333333,1,43.49201715,46.50686927,-3.014852118,-49,-41,-8,-0.69,0.26,-0.95,FALSE
9,602c0fc2eff74b4748e9b41e,35,male,163,confounded,b,1,1.2329999999999472,67,65,-84,92,13,-75,16,10,6,70.71539201,68.21045863,2.504933376,-84,-75,-9,-0.71,-0.07,-0.64,FALSE
9,602c0fc2eff74b4748e9b41e,35,male,164,confounded,b,1,0.8440000000000509,65,30,-84,74,33,-69,3.666666667,12.66666667,-9,63.61516241,60.12394605,3.491216361,-84,-69,-15,-0.55,-0.47,-0.08,FALSE
9,602c0fc2eff74b4748e9b41e,35,male,165,confounded,b,1,1.302000000000021,82,78,-17,89,62,-11,47.66666667,46.66666667,1,45.75538827,42.24005471,3.515333554,-17,-11,-6,-0.7,-0.5,-0.2,FALSE
9,602c0fc2eff74b4748e9b41e,35,male,166,confounded,b,1,1.2679999999999154,85,31,-13,81,32,-1,34.33333333,37.33333333,-3,40.07770231,33.68811198,6.389590326,-13,-1,-12,0.12,0.23,-0.11,FALSE
9,602c0fc2eff74b4748e9b41e,35,male,167,confounded,b,1,4.740000000000009,57,56,-92,65,49,-84,7,10,-3,70.00476174,66.78822251,3.216539228,-92,-84,-8,-0.71,-0.68,-0.03,FALSE
9,602c0fc2eff74b4748e9b41e,35,male,168,unconfounded,b,1,1.899000000000001,80,55,-43,97,5,-37,30.66666667,21.66666667,9,53.08065142,55.96030339,-2.879651967,-43,-37,-6,-0.59,0.42,-1.01,FALSE
9,602c0fc2eff74b4748e9b41e,35,male,169,confounded,b,1,1.3309999999999036,97,65,-14,96,44,-1,49.33333333,46.33333333,3,46.64999702,39.63444069,7.015556332,-14,-1,-13,-0.47,0.09,-0.56,FALSE
9,602c0fc2eff74b4748e9b41e,35,male,170,unconfounded,b,1,2.504000000000019,76,42,-93,97,33,-87,8.333333333,14.33333333,-6,72.9855389,76.26853145,-3.282992543,-93,-87,-6,-0.59,-0.35,-0.24,FALSE
9,602c0fc2eff74b4748e9b41e,35,male,171,unconfounded,b,1,2.910000000000082,74,35,-30,97,8,-17,26.33333333,29.33333333,-3,42.89781139,48.92397731,-6.026165915,-30,-17,-13,-0.29,0.57,-0.86,FALSE
9,602c0fc2eff74b4748e9b41e,35,male,172,confounded,b,1,1.7659999999999627,67,51,-70,80,45,-59,16,22,-6,61.16098975,59.03106527,2.129924478,-70,-59,-11,-0.67,-0.53,-0.14,FALSE
9,602c0fc2eff74b4748e9b41e,35,male,173,confounded,b,1,1.711999999999989,84,56,-46,86,24,-34,31.33333333,25.33333333,6,55.86491644,48.9988662,6.86605024,-46,-34,-12,-0.58,0.04,-0.62,FALSE
9,602c0fc2eff74b4748e9b41e,35,male,174,confounded,b,1,1.274000000000001,79,76,-68,85,37,-62,29,20,9,68.60029154,61.20457499,7.395716552,-68,-62,-6,-0.71,-0.4,-0.31,FALSE
9,602c0fc2eff74b4748e9b41e,35,male,175,confounded,b,1,1.0319999999999254,65,54,-20,73,59,-6,33,42,-9,37.74475681,34.41898701,3.325769802,-20,-6,-14,-0.66,-0.62,-0.04,FALSE
9,602c0fc2eff74b4748e9b41e,35,male,176,confounded,b,1,0.9900000000000092,60,45,-95,64,47,-83,3.333333333,9.333333333,-6,69.8013053,65.65735975,4.143945558,-95,-83,-12,-0.68,-0.67,-0.01,FALSE
9,602c0fc2eff74b4748e9b41e,35,male,177,unconfounded,b,1,0.9489999999999554,39,29,-22,58,1,-13,15.33333333,15.33333333,0,26.71246068,30.70649587,-3.994035195,-22,-13,-9,-0.63,0.6,-1.23,FALSE
9,602c0fc2eff74b4748e9b41e,35,male,178,confounded,b,1,1.538000000000011,67,60,-20,68,46,-10,35.66666667,34.66666667,1,39.46587837,32.83629428,6.629584088,-20,-10,-10,-0.69,-0.48,-0.21,FALSE
9,602c0fc2eff74b4748e9b41e,35,male,179,unconfounded,b,1,1.240000000000009,92,54,-10,99,11,-1,45.33333333,36.33333333,9,42.08985098,44.58200933,-2.492158346,-10,-1,-9,-0.3,0.67,-0.97,FALSE
9,602c0fc2eff74b4748e9b41e,35,male,180,confounded,b,1,1.469000000000051,88,55,-57,98,39,-42,28.66666667,31.66666667,-3,62.05553069,57.38950736,4.666023323,-57,-42,-15,-0.56,-0.19,-0.37,FALSE
9,602c0fc2eff74b4748e9b41e,35,male,181,confounded,b,1,1.9139999999999873,89,83,-40,98,60,-26,44,44,0,59.44745579,51.87163644,7.575819354,-40,-26,-14,-0.7,-0.43,-0.27,FALSE
9,602c0fc2eff74b4748e9b41e,35,male,182,unconfounded,b,1,1.1779999999999973,78,35,-19,87,10,-12,31.33333333,28.33333333,3,39.68486977,42.44473531,-2.759865537,-19,-12,-7,-0.14,0.57,-0.71,FALSE
9,602c0fc2eff74b4748e9b41e,35,male,183,confounded,b,1,0.8029999999999973,74,69,-25,82,49,-13,39.33333333,39.33333333,0,45.5363103,39.38132665,6.154983646,-25,-13,-12,-0.7,-0.35,-0.35,FALSE
9,602c0fc2eff74b4748e9b41e,35,male,184,confounded,b,1,1.0459999999999354,62,49,-44,69,55,-30,22.33333333,31.33333333,-9,47.20404879,43.74420597,3.459842825,-44,-30,-14,-0.67,-0.65,-0.02,FALSE
9,602c0fc2eff74b4748e9b41e,35,male,185,confounded,b,1,1.072999999999979,90,19,-42,81,3,-35,22.33333333,16.33333333,6,53.94029621,48.2861839,5.654112314,-42,-35,-7,0.09,0.39,-0.3,FALSE
9,602c0fc2eff74b4748e9b41e,35,male,186,unconfounded,b,1,1.677000000000021,49,33,-54,78,3,-44,9.333333333,12.33333333,-3,45.25728916,50.24163833,-4.98434917,-54,-44,-10,-0.64,0.27,-0.91,FALSE
9,602c0fc2eff74b4748e9b41e,35,male,187,confounded,b,1,1.2590000000000146,82,32,-65,81,1,-60,16.33333333,7.333333333,9,61.02640594,57.73695139,3.289454554,-65,-60,-5,-0.37,0.16,-0.53,FALSE
9,602c0fc2eff74b4748e9b41e,35,male,188,unconfounded,b,1,2.245999999999981,68,28,-25,85,2,-13,23.66666667,24.66666667,-1,38.09053542,43.09936839,-5.008832965,-25,-13,-12,-0.17,0.64,-0.81,FALSE
9,602c0fc2eff74b4748e9b41e,35,male,189,unconfounded,b,1,1.8579999999999472,52,34,-65,75,3,-57,7,7,0,51.4392846,53.96295025,-2.523665654,-65,-57,-8,-0.64,0.11,-0.75,FALSE
9,602c0fc2eff74b4748e9b41e,35,male,190,confounded,b,1,1.1429999999999154,82,74,-71,84,63,-59,28.33333333,29.33333333,-1,70.31516353,63.04671989,7.26844364,-71,-59,-12,-0.7,-0.65,-0.05,FALSE
9,602c0fc2eff74b4748e9b41e,35,male,191,unconfounded,b,1,1.1850000000000591,65,38,-26,81,20,-21,25.66666667,26.66666667,-1,38.16047985,41.90730512,-3.74682527,-26,-21,-5,-0.45,0.23,-0.68,FALSE
9,602c0fc2eff74b4748e9b41e,35,male,192,unconfounded,b,1,2.488999999999919,72,35,-48,99,28,-41,19.66666667,28.66666667,-9,50.17524844,57.15670467,-6.981456236,-48,-41,-7,-0.43,0.02,-0.45,FALSE
9,602c0fc2eff74b4748e9b41e,35,male,193,unconfounded,b,1,2.294999999999959,72,34,-68,95,3,-57,12.66666667,13.66666667,-1,59.11194653,62.51044357,-3.398497045,-68,-57,-11,-0.49,0.25,-0.74,FALSE
9,602c0fc2eff74b4748e9b41e,35,male,194,unconfounded,b,1,5.754000000000019,64,23,-82,89,11,-77,1.666666667,7.666666667,-6,61.48351179,67.81019261,-6.326680822,-82,-77,-5,-0.48,-0.07,-0.41,FALSE
9,602c0fc2eff74b4748e9b41e,35,male,195,confounded,b,1,3.058999999999969,73,68,-84,83,63,-71,19,25,-6,72.86059749,68.37153404,4.489063453,-84,-71,-13,-0.7,-0.66,-0.04,FALSE
9,602c0fc2eff74b4748e9b41e,35,male,196,confounded,b,1,1.6929999999999836,30,4,-19,23,3,-8,5,6,-1,20.01665973,12.83225104,7.184408691,-19,-8,-11,0.07,0.34,-0.27,FALSE
9,602c0fc2eff74b4748e9b41e,35,male,197,confounded,b,1,3.225999999999999,58,36,-89,59,29,-74,1.666666667,4.666666667,-3,64.73707507,56.95807425,7.779000822,-89,-74,-15,-0.65,-0.56,-0.09,FALSE
9,602c0fc2eff74b4748e9b41e,35,male,198,unconfounded,b,1,1.0720000000000027,89,46,-17,99,10,-9,39.33333333,33.33333333,6,43.53032149,47.07676945,-3.546447966,-17,-9,-8,-0.23,0.62,-0.85,FALSE
9,602c0fc2eff74b4748e9b41e,35,male,199,unconfounded,b,1,2.171000000000049,75,26,-42,94,6,-32,19.66666667,22.66666667,-3,47.97453028,52.77204647,-4.797516193,-42,-32,-10,-0.2,0.44,-0.64,FALSE
9,602c0fc2eff74b4748e9b41e,35,male,200,confounded,b,1,1.4409999999999172,87,69,-31,91,47,-16,41.66666667,40.66666667,1,51.90589776,43.91152721,7.994370546,-31,-16,-15,-0.64,-0.21,-0.43,FALSE
9,602c0fc2eff74b4748e9b41e,35,male,201,confounded,b,1,1.51400000000001,78,64,-50,80,54,-42,30.66666667,30.66666667,0,57.32558087,52.46797965,4.857601218,-50,-42,-8,-0.68,-0.58,-0.1,FALSE
9,602c0fc2eff74b4748e9b41e,35,male,202,unconfounded,b,1,3.7240000000000464,84,46,-12,97,13,-1,39.33333333,36.33333333,3,39.47432358,43.27688631,-3.802562731,-12,-1,-11,-0.25,0.65,-0.9,FALSE
9,602c0fc2eff74b4748e9b41e,35,male,203,confounded,b,1,1.3850000000001046,60,35,-32,57,29,-20,21,22,-1,38.8415585,31.82242396,7.01913454,-32,-20,-12,-0.49,-0.32,-0.17,FALSE
9,602c0fc2eff74b4748e9b41e,35,male,204,confounded,a,0,1.5730000000000928,89,67,-17,87,61,-12,46.33333333,45.33333333,1,45.67518169,41.90730512,3.76787657,-17,-12,-5,-0.59,-0.51,-0.08,FALSE
9,602c0fc2eff74b4748e9b41e,35,male,205,confounded,b,1,1.370999999999981,32,12,-39,37,19,-24,1.666666667,10.66666667,-9,29.89239963,25.59079696,4.301602672,-39,-24,-15,-0.48,-0.45,-0.03,FALSE
9,602c0fc2eff74b4748e9b41e,35,male,206,unconfounded,b,1,1.1850000000000591,79,56,-16,99,19,-8,39.66666667,36.66666667,3,40.46672158,45.4337124,-4.966990816,-16,-8,-8,-0.54,0.52,-1.06,FALSE
9,602c0fc2eff74b4748e9b41e,35,male,207,unconfounded,b,1,0.9689999999999372,52,48,-39,83,15,-28,20.33333333,23.33333333,-3,41.9867704,45.69707017,-3.710299768,-39,-28,-11,-0.7,0.27,-0.97,FALSE
9,602c0fc2eff74b4748e9b41e,35,male,208,unconfounded,b,1,4.302999999999997,68,22,-72,90,16,-61,6,15,-9,58.26376804,61.64954717,-3.385779129,-72,-61,-11,-0.39,-0.02,-0.37,FALSE
9,602c0fc2eff74b4748e9b41e,35,male,209,unconfounded,b,1,1.2150000000000318,80,45,-79,99,3,-74,15.33333333,9.333333333,6,68.2169741,70.76879413,-2.551820026,-79,-74,-5,-0.57,0.13,-0.7,FALSE
9,602c0fc2eff74b4748e9b41e,35,male,210,confounded,b,1,2.8659999999999854,60,35,-17,52,7,-8,26,17,9,32.07283378,25.49509757,6.577736212,-17,-8,-9,-0.4,0.53,-0.93,FALSE
9,602c0fc2eff74b4748e9b41e,35,male,211,unconfounded,b,1,2.3439999999999372,61,50,-88,94,11,-82,7.666666667,7.666666667,0,67.79544396,71.8903486,-4.094904639,-88,-82,-6,-0.69,-0.07,-0.62,FALSE
9,602c0fc2eff74b4748e9b41e,35,male,212,unconfounded,b,1,1.4349999999999454,49,31,-74,83,4,-63,2,8,-6,54.24020649,59.67132198,-5.431115489,-74,-63,-11,-0.65,0.1,-0.75,FALSE
9,602c0fc2eff74b4748e9b41e,35,male,213,unconfounded,b,1,0.9060000000000628,83,61,-20,99,4,-6,41.33333333,32.33333333,9,44.28945197,47.31689856,-3.027446588,-20,-6,-14,-0.58,0.68,-1.26,FALSE
9,602c0fc2eff74b4748e9b41e,35,male,214,unconfounded,a,0,0.8440000000000509,70,60,-28,92,11,-19,34,28,6,44.0302926,46.88283268,-2.852540076,-28,-19,-9,-0.68,0.5,-1.18,FALSE
9,602c0fc2eff74b4748e9b41e,35,male,215,confounded,b,1,1.2059999999999036,76,47,-60,74,22,-51,21,15,6,58.48646567,51.27052435,7.215941325,-60,-51,-9,-0.58,-0.2,-0.38,FALSE
9,602c0fc2eff74b4748e9b41e,35,male,216,confounded,a,0,1.844000000000051,81,74,-67,96,32,-58,29.33333333,23.33333333,6,68.17787194,63.16820579,5.009666154,-67,-58,-9,-0.7,-0.2,-0.5,FALSE
9,602c0fc2eff74b4748e9b41e,35,male,217,confounded,b,1,1.524000000000001,77,61,-18,90,60,-3,40,49,-9,41.52910626,38.75564475,2.773461509,-18,-3,-15,-0.63,-0.4,-0.23,FALSE
9,602c0fc2eff74b4748e9b41e,35,male,218,confounded,b,1,1.0730000000000928,81,40,-65,84,42,-52,18.66666667,24.66666667,-6,61.48351179,56.85849883,4.625012964,-65,-52,-13,-0.48,-0.43,-0.05,FALSE
9,602c0fc2eff74b4748e9b41e,35,male,219,confounded,b,1,1.2530000000000427,91,75,-12,94,55,-4,51.33333333,48.33333333,3,45.25728916,40.28509512,4.97219404,-12,-4,-8,-0.64,-0.24,-0.4,FALSE
10,60ddc62b071a009e0b0c2922,39,male,0,unconfounded,a,0,46.51759999847411,78,35,-19,87,10,-12,31.33333333,28.33333333,3,39.68486977,42.44473531,-2.759865537,-19,-12,-7,-0.14,0.57,-0.71,FALSE
10,60ddc62b071a009e0b0c2922,39,male,1,unconfounded,a,0,13.456600000381457,47,39,-49,72,3,-41,12.33333333,11.33333333,1,43.49201715,46.50686927,-3.014852118,-49,-41,-8,-0.69,0.26,-0.95,FALSE
10,60ddc62b071a009e0b0c2922,39,male,2,confounded,b,1,15.239300001144414,89,83,-40,98,60,-26,44,44,0,59.44745579,51.87163644,7.575819354,-40,-26,-14,-0.7,-0.43,-0.27,FALSE
10,60ddc62b071a009e0b0c2922,39,male,3,unconfounded,a,0,20.027500000000003,62,45,-31,84,8,-19,25.33333333,24.33333333,1,40.43375927,43.60682923,-3.173069958,-31,-19,-12,-0.61,0.51,-1.12,FALSE
10,60ddc62b071a009e0b0c2922,39,male,4,confounded,b,1,10.757800001144403,62,49,-44,69,55,-30,22.33333333,31.33333333,-9,47.20404879,43.74420597,3.459842825,-44,-30,-14,-0.67,-0.65,-0.02,FALSE
10,60ddc62b071a009e0b0c2922,39,male,5,confounded,b,1,14.494399999618508,73,68,-84,83,63,-71,19,25,-6,72.86059749,68.37153404,4.489063453,-84,-71,-13,-0.7,-0.66,-0.04,FALSE
10,60ddc62b071a009e0b0c2922,39,male,6,confounded,b,1,7.8261999988556,77,61,-18,90,60,-3,40,49,-9,41.52910626,38.75564475,2.773461509,-18,-3,-15,-0.63,-0.4,-0.23,FALSE
10,60ddc62b071a009e0b0c2922,39,male,7,confounded,a,0,8.72440000152585,91,73,-19,96,36,-14,48.33333333,39.33333333,9,48.17560471,44.96912521,3.206479496,-19,-14,-5,-0.63,0.11,-0.74,FALSE
10,60ddc62b071a009e0b0c2922,39,male,8,unconfounded,b,1,10.3586000003815,70,55,-15,99,30,-1,36.66666667,42.66666667,-6,37.04351795,41.7957999,-4.752281944,-15,-1,-14,-0.62,0.43,-1.05,FALSE
10,60ddc62b071a009e0b0c2922,39,male,9,unconfounded,a,0,19.8081000003815,57,52,-69,95,11,-63,13.33333333,14.33333333,-1,58.25423208,64.54627969,-6.29204761,-69,-63,-6,-0.7,0.08,-0.78,FALSE
10,60ddc62b071a009e0b0c2922,39,male,10,confounded,b,1,10.560299999237088,67,60,-20,68,46,-10,35.66666667,34.66666667,1,39.46587837,32.83629428,6.629584088,-20,-10,-10,-0.69,-0.48,-0.21,FALSE
10,60ddc62b071a009e0b0c2922,39,male,11,confounded,a,0,10.87710000038146,81,48,-42,79,15,-34,29,20,9,51.98076567,46.26733909,5.713426581,-42,-34,-8,-0.5,0.16,-0.66,FALSE
10,60ddc62b071a009e0b0c2922,39,male,12,unconfounded,b,1,4.175700000762902,74,33,-32,94,35,-27,25,34,-9,43.64248694,49.40310382,-5.760616872,-32,-27,-5,-0.27,-0.03,-0.24,FALSE
10,60ddc62b071a009e0b0c2922,39,male,13,unconfounded,a,0,10.975500000000013,82,38,-49,98,3,-39,23.66666667,20.66666667,3,54.43242498,57.308134,-2.87570902,-49,-39,-10,-0.38,0.43,-0.81,FALSE
10,60ddc62b071a009e0b0c2922,39,male,14,confounded,b,1,16.326999999999998,66,52,-14,71,33,-3,34.66666667,33.66666667,1,34.88393454,30.21405118,4.669883356,-14,-3,-11,-0.62,0.03,-0.65,FALSE
10,60ddc62b071a009e0b0c2922,39,male,15,confounded,b,1,23.10899999999998,82,65,-29,77,59,-18,39.33333333,39.33333333,0,48.81484292,41.20140235,7.613440566,-29,-18,-11,-0.64,-0.61,-0.03,FALSE
10,60ddc62b071a009e0b0c2922,39,male,16,unconfounded,a,0,16.543399999618543,58,54,-47,89,7,-34,21.66666667,20.66666667,1,48.58211834,51.13598429,-2.553865948,-47,-34,-13,-0.7,0.38,-1.08,FALSE
10,60ddc62b071a009e0b0c2922,39,male,17,unconfounded,b,1,8.493800001144393,61,53,-62,85,48,-54,17.33333333,26.33333333,-9,56.19213073,58.77830288,-2.586172149,-62,-54,-8,-0.7,-0.5,-0.2,FALSE
10,60ddc62b071a009e0b0c2922,39,male,18,unconfounded,a,0,6.0607000007629495,70,41,-47,93,2,-40,21.33333333,18.33333333,3,49.74825513,55.51176052,-5.763505382,-47,-40,-7,-0.53,0.42,-0.95,FALSE
10,60ddc62b071a009e0b0c2922,39,male,19,confounded,a,0,7.390700000762933,99,38,-35,87,15,-27,34,25,9,54.77834122,47.07440918,7.703932035,-35,-27,-8,-0.11,0.31,-0.42,FALSE
10,60ddc62b071a009e0b0c2922,39,male,20,unconfounded,b,1,6.642899999618521,49,31,-74,83,4,-63,2,8,-6,54.24020649,59.67132198,-5.431115489,-74,-63,-11,-0.65,0.1,-0.75,FALSE
10,60ddc62b071a009e0b0c2922,39,male,21,unconfounded,a,0,9.125400001525918,71,45,-35,95,9,-23,27,27,0,45.10727953,49.82636518,-4.719085645,-35,-23,-12,-0.54,0.49,-1.03,FALSE
10,60ddc62b071a009e0b0c2922,39,male,22,confounded,b,1,9.640200000762944,60,45,-95,64,47,-83,3.333333333,9.333333333,-6,69.8013053,65.65735975,4.143945558,-95,-83,-12,-0.68,-0.67,-0.01,FALSE
10,60ddc62b071a009e0b0c2922,39,male,23,unconfounded,a,0,7.190300001144408,89,46,-17,99,10,-9,39.33333333,33.33333333,6,43.53032149,47.07676945,-3.546447966,-17,-9,-8,-0.23,0.62,-0.85,FALSE
10,60ddc62b071a009e0b0c2922,39,male,24,unconfounded,b,1,6.729300001144395,58,37,-21,83,16,-7,24.66666667,30.66666667,-6,33.40991204,38.17794593,-4.768033896,-21,-7,-14,-0.5,0.52,-1.02,FALSE
10,60ddc62b071a009e0b0c2922,39,male,25,unconfounded,a,0,17.511100000381475,56,39,-78,85,2,-70,5.666666667,5.666666667,0,59.56695579,63.33157892,-3.764623132,-78,-70,-8,-0.66,0.09,-0.75,FALSE
10,60ddc62b071a009e0b0c2922,39,male,26,confounded,b,1,18.2112999992371,81,8,-35,75,6,-24,18,19,-1,47.88179891,41.44876355,6.433035356,-35,-24,-11,0.3,0.44,-0.14,FALSE
10,60ddc62b071a009e0b0c2922,39,male,27,confounded,a,0,6.594600000381433,59,54,-8,62,28,-3,35,29,6,30.47403266,26.54555832,3.928474339,-8,-3,-5,-0.69,0.06,-0.75,FALSE
10,60ddc62b071a009e0b0c2922,39,male,28,confounded,b,1,9.14250000000004,49,11,-37,57,15,-22,7.666666667,16.66666667,-9,35.18838192,32.27313985,2.915242074,-37,-22,-15,-0.14,0.08,-0.22,FALSE
10,60ddc62b071a009e0b0c2922,39,male,29,confounded,b,1,6.7579999999999245,61,33,-71,68,40,-58,7.666666667,16.66666667,-9,56.78810517,54.02057221,2.767532958,-71,-58,-13,-0.58,-0.57,-0.01,FALSE
10,60ddc62b071a009e0b0c2922,39,male,30,confounded,a,0,7.510299999236963,81,74,-67,96,32,-58,29.33333333,23.33333333,6,68.17787194,63.16820579,5.009666154,-67,-58,-9,-0.7,-0.2,-0.5,FALSE
10,60ddc62b071a009e0b0c2922,39,male,31,confounded,b,1,10.598600000381452,65,62,-49,72,57,-42,26,29,-3,53.04714884,50.57667447,2.470474374,-49,-42,-7,-0.71,-0.66,-0.05,FALSE
10,60ddc62b071a009e0b0c2922,39,male,32,unconfounded,b,1,12.561700000762926,55,52,-40,92,13,-29,22.33333333,25.33333333,-3,44.09333535,50.16195991,-6.068624563,-40,-29,-11,-0.7,0.35,-1.05,FALSE
10,60ddc62b071a009e0b0c2922,39,male,33,confounded,b,1,7.003600000381425,48,42,-20,63,30,-5,23.33333333,29.33333333,-6,30.73904502,27.7648859,2.974159125,-20,-5,-15,-0.69,-0.04,-0.65,FALSE
10,60ddc62b071a009e0b0c2922,39,male,34,confounded,a,0,12.126899999618558,93,73,-18,97,48,-6,49.33333333,46.33333333,3,48.30688932,42.06608557,6.240803743,-18,-6,-12,-0.62,-0.06,-0.56,FALSE
10,60ddc62b071a009e0b0c2922,39,male,35,unconfounded,a,0,12.069100000381468,52,34,-65,75,3,-57,7,7,0,51.4392846,53.96295025,-2.523665654,-65,-57,-8,-0.64,0.11,-0.75,FALSE
10,60ddc62b071a009e0b0c2922,39,male,36,confounded,b,1,5.407500000000027,88,55,-57,98,39,-42,28.66666667,31.66666667,-3,62.05553069,57.38950736,4.666023323,-57,-42,-15,-0.56,-0.19,-0.37,FALSE
10,60ddc62b071a009e0b0c2922,39,male,37,unconfounded,a,0,7.3279999999999745,72,70,-34,99,2,-20,36,27,9,49.50420858,51.69784006,-2.193631483,-34,-20,-14,-0.71,0.61,-1.32,FALSE
10,60ddc62b071a009e0b0c2922,39,male,38,confounded,a,0,14.57820000076299,93,88,-12,97,64,-1,56.33333333,53.33333333,3,48.36206043,40.71308826,7.64897217,-12,-1,-11,-0.7,-0.38,-0.32,FALSE
10,60ddc62b071a009e0b0c2922,39,male,39,confounded,b,1,11.240899999618591,98,40,-65,99,32,-55,24.33333333,25.33333333,-1,67.46027638,63.04671989,4.413556487,-65,-55,-10,-0.34,-0.16,-0.18,FALSE
10,60ddc62b071a009e0b0c2922,39,male,40,confounded,b,1,16.92389999961847,58,36,-89,59,29,-74,1.666666667,4.666666667,-3,64.73707507,56.95807425,7.779000822,-89,-74,-15,-0.65,-0.56,-0.09,FALSE
10,60ddc62b071a009e0b0c2922,39,male,41,confounded,b,1,6.67829999923697,67,34,-59,77,37,-45,14,23,-9,53.34791467,50.78057371,2.56734096,-59,-45,-14,-0.51,-0.39,-0.12,FALSE
10,60ddc62b071a009e0b0c2922,39,male,42,confounded,a,0,6.525100000381485,80,61,-49,77,57,-42,30.66666667,30.66666667,0,56.86436103,52.02777036,4.836590669,-49,-42,-7,-0.65,-0.63,-0.02,FALSE
10,60ddc62b071a009e0b0c2922,39,male,43,confounded,b,1,8.827200000763014,65,54,-20,73,59,-6,33,42,-9,37.74475681,34.41898701,3.325769802,-20,-6,-14,-0.66,-0.62,-0.04,FALSE
10,60ddc62b071a009e0b0c2922,39,male,44,unconfounded,a,0,7.5779999999999745,92,49,-7,99,9,-1,44.66666667,35.66666667,9,40.53256578,44.96912521,-4.436559429,-7,-1,-6,-0.16,0.68,-0.84,FALSE
10,60ddc62b071a009e0b0c2922,39,male,45,unconfounded,b,1,8.308399999618473,58,40,-41,89,8,-31,19,22,-3,43.05810028,49.979996,-6.921895715,-41,-31,-10,-0.62,0.4,-1.02,FALSE
10,60ddc62b071a009e0b0c2922,39,male,46,unconfounded,a,0,4.691299999237117,83,61,-20,99,4,-6,41.33333333,32.33333333,9,44.28945197,47.31689856,-3.027446588,-20,-6,-14,-0.58,0.68,-1.26,FALSE
10,60ddc62b071a009e0b0c2922,39,male,47,confounded,b,1,17.909799999237066,74,69,-25,82,49,-13,39.33333333,39.33333333,0,45.5363103,39.38132665,6.154983646,-25,-13,-12,-0.7,-0.35,-0.35,FALSE
10,60ddc62b071a009e0b0c2922,39,male,48,confounded,b,1,5.161900001525964,57,40,-94,70,21,-79,1,4,-3,67.53270812,62.00537611,5.527332014,-94,-79,-15,-0.67,-0.39,-0.28,FALSE
10,60ddc62b071a009e0b0c2922,39,male,49,unconfounded,b,1,5.474699998855613,67,35,-44,90,1,-33,19.33333333,19.33333333,0,46.64999702,51.86092513,-5.210928109,-44,-33,-11,-0.47,0.49,-0.96,FALSE
10,60ddc62b071a009e0b0c2922,39,male,50,confounded,a,0,5.19329999923707,80,43,-41,81,8,-34,27.33333333,18.33333333,9,50.62498285,47.5137407,3.111242151,-41,-34,-7,-0.43,0.32,-0.75,FALSE
10,60ddc62b071a009e0b0c2922,39,male,51,unconfounded,b,1,5.208899999618552,65,38,-26,81,20,-21,25.66666667,26.66666667,-1,38.16047985,41.90730512,-3.74682527,-26,-21,-5,-0.45,0.23,-0.68,FALSE
10,60ddc62b071a009e0b0c2922,39,male,52,unconfounded,b,1,8.70970000076295,57,33,-78,87,14,-71,4,10,-6,58.80476171,64.56521251,-5.7604508,-78,-71,-7,-0.62,-0.09,-0.53,FALSE
10,60ddc62b071a009e0b0c2922,39,male,53,unconfounded,a,0,6.726700000763003,86,44,-23,97,16,-15,35.66666667,32.66666667,3,44.88751373,47.21816976,-2.33065603,-23,-15,-8,-0.27,0.49,-0.76,FALSE
10,60ddc62b071a009e0b0c2922,39,male,55,confounded,b,1,8.260999999999967,78,64,-50,80,54,-42,30.66666667,30.66666667,0,57.32558087,52.46797965,4.857601218,-50,-42,-8,-0.68,-0.58,-0.1,FALSE
10,60ddc62b071a009e0b0c2922,39,male,56,confounded,b,1,13.211999999999987,95,41,-73,89,40,-63,21,22,-1,70.0285656,63.34561284,6.682952755,-73,-63,-10,-0.41,-0.4,-0.01,FALSE
10,60ddc62b071a009e0b0c2922,39,male,57,unconfounded,a,0,6.994600000381524,58,49,-41,85,1,-29,22,19,3,44.69899328,48.24935233,-3.55035905,-41,-29,-12,-0.69,0.51,-1.2,FALSE
10,60ddc62b071a009e0b0c2922,39,male,58,unconfounded,a,0,4.074800001144467,80,45,-79,99,3,-74,15.33333333,9.333333333,6,68.2169741,70.76879413,-2.551820026,-79,-74,-5,-0.57,0.13,-0.7,FALSE
10,60ddc62b071a009e0b0c2922,39,male,59,unconfounded,b,1,11.128399999618525,55,22,-21,66,6,-16,18.66666667,18.66666667,0,31.11626941,34.65384378,-3.537574369,-21,-16,-5,-0.16,0.5,-0.66,FALSE
10,60ddc62b071a009e0b0c2922,39,male,60,confounded,a,0,14.458400001525888,79,76,-68,85,37,-62,29,20,9,68.60029154,61.20457499,7.395716552,-68,-62,-6,-0.71,-0.4,-0.31,FALSE
10,60ddc62b071a009e0b0c2922,39,male,61,confounded,b,1,8.461600000381509,32,12,-39,37,19,-24,1.666666667,10.66666667,-9,29.89239963,25.59079696,4.301602672,-39,-24,-15,-0.48,-0.45,-0.03,FALSE
10,60ddc62b071a009e0b0c2922,39,male,62,confounded,a,0,5.177700000762911,82,78,-17,89,62,-11,47.66666667,46.66666667,1,45.75538827,42.24005471,3.515333554,-17,-11,-6,-0.7,-0.5,-0.2,FALSE
10,60ddc62b071a009e0b0c2922,39,male,63,unconfounded,b,1,7.11109999847406,50,26,-17,66,7,-11,19.66666667,20.66666667,-1,27.71682201,32.88701196,-5.17018995,-17,-11,-6,-0.33,0.55,-0.88,FALSE
10,60ddc62b071a009e0b0c2922,39,male,64,unconfounded,b,1,6.427399999618501,78,19,-16,89,2,-7,27,28,-1,38.79003308,43.28972164,-4.49968856,-16,-7,-9,0.3,0.68,-0.38,FALSE
10,60ddc62b071a009e0b0c2922,39,male,65,unconfounded,b,1,6.378800001144441,72,34,-68,95,3,-57,12.66666667,13.66666667,-1,59.11194653,62.51044357,-3.398497045,-68,-57,-11,-0.49,0.25,-0.74,FALSE
10,60ddc62b071a009e0b0c2922,39,male,66,confounded,b,1,7.161099998474128,85,31,-13,81,32,-1,34.33333333,37.33333333,-3,40.07770231,33.68811198,6.389590326,-13,-1,-12,0.12,0.23,-0.11,FALSE
10,60ddc62b071a009e0b0c2922,39,male,67,unconfounded,b,1,11.759999999999993,68,28,-25,85,2,-13,23.66666667,24.66666667,-1,38.09053542,43.09936839,-5.008832965,-25,-13,-12,-0.17,0.64,-0.81,FALSE
10,60ddc62b071a009e0b0c2922,39,male,68,unconfounded,b,1,8.444600000381456,65,46,-24,88,13,-14,29,29,0,38.27096375,43.15089802,-4.879934267,-24,-14,-10,-0.58,0.51,-1.09,FALSE
10,60ddc62b071a009e0b0c2922,39,male,69,unconfounded,b,1,12.761899999618436,61,43,-79,96,2,-73,8.333333333,8.333333333,0,62.18967403,69.13915115,-6.949477127,-79,-73,-6,-0.66,0.14,-0.8,FALSE
10,60ddc62b071a009e0b0c2922,39,male,70,unconfounded,a,0,10.17460000038136,52,41,-26,71,1,-14,22.33333333,19.33333333,3,34.47059939,37.04351795,-2.572918563,-26,-14,-12,-0.65,0.62,-1.27,FALSE
10,60ddc62b071a009e0b0c2922,39,male,71,unconfounded,b,1,14.061600000381532,76,42,-93,97,33,-87,8.333333333,14.33333333,-6,72.9855389,76.26853145,-3.282992543,-93,-87,-6,-0.59,-0.35,-0.24,FALSE
10,60ddc62b071a009e0b0c2922,39,male,72,unconfounded,a,0,6.160600000381578,80,55,-43,97,5,-37,30.66666667,21.66666667,9,53.08065142,55.96030339,-2.879651967,-43,-37,-6,-0.59,0.42,-1.01,FALSE
10,60ddc62b071a009e0b0c2922,39,male,73,unconfounded,b,1,4.411899999618527,64,23,-82,89,11,-77,1.666666667,7.666666667,-6,61.48351179,67.81019261,-6.326680822,-82,-77,-5,-0.48,-0.07,-0.41,FALSE
10,60ddc62b071a009e0b0c2922,39,male,74,confounded,b,1,8.02620000076297,51,45,-68,56,48,-58,9.333333333,15.33333333,-6,54.73775865,51.95724738,2.780511269,-68,-58,-10,-0.7,-0.69,-0.01,FALSE
10,60ddc62b071a009e0b0c2922,39,male,75,unconfounded,a,0,9.861100000381498,79,56,-16,99,19,-8,39.66666667,36.66666667,3,40.46672158,45.4337124,-4.966990816,-16,-8,-8,-0.54,0.52,-1.06,FALSE
10,60ddc62b071a009e0b0c2922,39,male,76,unconfounded,a,0,5.14510000038149,92,54,-10,99,11,-1,45.33333333,36.33333333,9,42.08985098,44.58200933,-2.492158346,-10,-1,-9,-0.3,0.67,-0.97,FALSE
10,60ddc62b071a009e0b0c2922,39,male,77,confounded,b,1,7.345100000381421,93,87,-40,99,80,-30,46.66666667,49.66666667,-3,61.33152171,56.86436103,4.467160681,-40,-30,-10,-0.7,-0.65,-0.05,FALSE
10,60ddc62b071a009e0b0c2922,39,male,78,confounded,a,0,7.939000000000078,99,45,-67,98,5,-53,25.66666667,16.66666667,9,69.13432979,62.19503374,6.939296048,-67,-53,-14,-0.4,0.27,-0.67,FALSE
10,60ddc62b071a009e0b0c2922,39,male,79,confounded,a,0,13.027899999618512,80,73,-34,85,63,-29,39.66666667,39.66666667,0,52.16853032,49.37835783,2.790172486,-34,-29,-5,-0.7,-0.6,-0.1,FALSE
10,60ddc62b071a009e0b0c2922,39,male,80,confounded,b,1,9.72830000114459,74,51,-26,76,46,-14,33,36,-3,42.76291228,37.41657387,5.346338412,-26,-14,-12,-0.56,-0.38,-0.18,FALSE
10,60ddc62b071a009e0b0c2922,39,male,81,confounded,a,0,8.179699998855767,67,16,-14,66,5,-2,23,23,0,33.43650699,30.53959179,2.896915205,-14,-2,-12,0.3,0.68,-0.38,FALSE
10,60ddc62b071a009e0b0c2922,39,male,82,unconfounded,a,0,10.692400001525812,60,27,-47,80,4,-41,13.33333333,14.33333333,-1,44.73874781,49.93551397,-5.196766162,-47,-41,-6,-0.43,0.3,-0.73,FALSE
10,60ddc62b071a009e0b0c2922,39,male,83,unconfounded,a,0,9.828100000381482,77,49,-72,97,6,-67,18,12,6,64.65807503,67.08700818,-2.42893315,-72,-67,-5,-0.61,0.13,-0.74,FALSE
10,60ddc62b071a009e0b0c2922,39,male,84,unconfounded,a,0,6.842100000381606,63,60,-29,84,5,-22,31.33333333,22.33333333,9,42.67968551,44.97653709,-2.296851579,-29,-22,-7,-0.7,0.52,-1.22,FALSE
10,60ddc62b071a009e0b0c2922,39,male,85,unconfounded,b,1,5.595000000000027,52,25,-28,65,9,-22,16.33333333,17.33333333,-1,33.22983933,36.00308629,-2.773246953,-28,-22,-6,-0.37,0.33,-0.7,FALSE
10,60ddc62b071a009e0b0c2922,39,male,86,unconfounded,a,0,6.760600000381373,76,48,-37,99,1,-31,29,23,6,48.04858652,55.30521374,-7.256627218,-37,-31,-6,-0.53,0.53,-1.06,FALSE
10,60ddc62b071a009e0b0c2922,39,male,87,unconfounded,b,1,5.793100000381628,81,32,-83,99,17,-77,10,13,-3,68.73621074,71.90734779,-3.171137055,-83,-77,-6,-0.45,-0.08,-0.37,FALSE
10,60ddc62b071a009e0b0c2922,39,male,88,unconfounded,a,0,24.359899999618392,61,50,-88,94,11,-82,7.666666667,7.666666667,0,67.79544396,71.8903486,-4.094904639,-88,-82,-6,-0.69,-0.07,-0.62,FALSE
10,60ddc62b071a009e0b0c2922,39,male,89,confounded,a,0,7.409200000762894,84,54,-18,91,30,-4,40,39,1,42.80186912,39.3022476,3.499621515,-18,-4,-14,-0.46,0.33,-0.79,FALSE
10,60ddc62b071a009e0b0c2922,39,male,90,confounded,b,1,4.908599998474074,78,18,-86,77,22,-71,3.333333333,9.333333333,-6,67.75117875,61.08100268,6.670176067,-86,-71,-15,-0.31,-0.3,-0.01,FALSE
10,60ddc62b071a009e0b0c2922,39,male,91,confounded,b,1,10.841499999999996,92,55,-16,86,47,-5,43.66666667,42.66666667,1,44.8131925,37.27674282,7.536449678,-16,-5,-11,-0.36,-0.17,-0.19,FALSE
10,60ddc62b071a009e0b0c2922,39,male,92,confounded,a,0,9.7781000003813,80,54,-23,85,21,-13,37,31,6,43.73404471,40.62839729,3.105647416,-23,-13,-10,-0.52,0.35,-0.87,FALSE
10,60ddc62b071a009e0b0c2922,39,male,93,unconfounded,a,0,9.009799999237202,39,29,-22,58,1,-13,15.33333333,15.33333333,0,26.71246068,30.70649587,-3.994035195,-22,-13,-9,-0.63,0.6,-1.23,FALSE
10,60ddc62b071a009e0b0c2922,39,male,94,confounded,a,0,7.861700000762994,60,58,-24,72,31,-12,31.33333333,30.33333333,1,39.13509366,34.29609631,4.838997345,-24,-12,-12,-0.71,-0.03,-0.68,FALSE
10,60ddc62b071a009e0b0c2922,39,male,95,confounded,a,0,7.999000000000024,91,75,-12,94,55,-4,51.33333333,48.33333333,3,45.25728916,40.28509512,4.97219404,-12,-4,-8,-0.64,-0.24,-0.4,FALSE
10,60ddc62b071a009e0b0c2922,39,male,96,unconfounded,a,0,7.14579999923717,73,50,-46,98,7,-31,25.66666667,24.66666667,1,51.53855084,54.12536887,-2.586818037,-46,-31,-15,-0.6,0.45,-1.05,FALSE
10,60ddc62b071a009e0b0c2922,39,male,97,unconfounded,a,0,5.598800001144355,74,36,-41,90,6,-30,23,22,1,47.84001115,50.27922036,-2.439209212,-41,-30,-11,-0.39,0.45,-0.84,FALSE
10,60ddc62b071a009e0b0c2922,39,male,98,unconfounded,b,1,5.414999999999964,63,47,-21,91,15,-14,29.66666667,30.66666667,-1,36.41733409,44.27439692,-7.857062825,-21,-14,-7,-0.61,0.49,-1.1,FALSE
10,60ddc62b071a009e0b0c2922,39,male,99,confounded,a,0,4.480000000000018,55,43,-60,58,7,-54,12.66666667,3.666666667,9,51.61610429,45.78451946,5.831584831,-60,-54,-6,-0.68,-0.11,-0.57,FALSE
10,60ddc62b071a009e0b0c2922,39,male,100,confounded,b,1,5.018099998474099,66,61,-21,85,54,-6,35.33333333,44.33333333,-9,39.88594851,37.77418284,2.111765679,-21,-6,-15,-0.7,-0.37,-0.33,FALSE
10,60ddc62b071a009e0b0c2922,39,male,101,confounded,b,1,7.728299999236924,85,77,-20,97,78,-6,47.33333333,56.33333333,-9,47.72374205,44.75364665,2.970095399,-20,-6,-14,-0.69,-0.61,-0.08,FALSE
10,60ddc62b071a009e0b0c2922,39,male,102,confounded,b,1,3.922600000381408,42,40,-31,59,28,-18,17,23,-6,33.950945,31.63331577,2.317629233,-31,-18,-13,-0.71,-0.23,-0.48,FALSE
10,60ddc62b071a009e0b0c2922,39,male,103,unconfounded,b,1,5.743299999237024,55,19,-13,73,1,-4,20.33333333,23.33333333,-3,27.77688887,35.17890782,-7.402018947,-13,-4,-9,0.07,0.7,-0.63,FALSE
10,60ddc62b071a009e0b0c2922,39,male,104,unconfounded,b,1,7.226900001525792,45,38,-33,83,15,-21,16.66666667,25.66666667,-9,35.23571421,43.12256434,-7.886850138,-33,-21,-12,-0.69,0.36,-1.05,FALSE
10,60ddc62b071a009e0b0c2922,39,male,105,unconfounded,a,0,4.459600000381442,61,49,-22,81,3,-14,29.33333333,23.33333333,6,36.62725154,41.36289266,-4.735641114,-22,-14,-8,-0.65,0.62,-1.27,FALSE
10,60ddc62b071a009e0b0c2922,39,male,106,confounded,a,0,4.9444999999998345,69,40,-29,65,14,-17,26.66666667,20.66666667,6,41.10420362,33.80663972,7.297563908,-29,-17,-12,-0.45,0.29,-0.74,FALSE
10,60ddc62b071a009e0b0c2922,39,male,107,unconfounded,a,0,7.1273000011444765,67,36,-51,86,5,-42,17.33333333,16.33333333,1,49.94886274,52.8667087,-2.917845962,-51,-42,-9,-0.51,0.31,-0.82,FALSE
10,60ddc62b071a009e0b0c2922,39,male,108,confounded,b,1,7.42389999961847,81,40,-65,84,42,-52,18.66666667,24.66666667,-6,61.48351179,56.85849883,4.625012964,-65,-52,-13,-0.48,-0.43,-0.05,FALSE
10,60ddc62b071a009e0b0c2922,39,male,109,unconfounded,b,1,8.593600000381457,61,18,-37,77,14,-31,14,20,-6,40.10818703,44.29446918,-4.186282153,-37,-31,-6,-0.15,0.2,-0.35,FALSE
10,60ddc62b071a009e0b0c2922,39,male,110,confounded,b,1,7.695100000381444,96,51,-91,99,54,-79,18.66666667,24.66666667,-6,79.69246444,75.57042337,4.122041069,-91,-79,-12,-0.54,-0.52,-0.02,FALSE
10,60ddc62b071a009e0b0c2922,39,male,111,unconfounded,a,0,7.192899999618476,66,61,-25,89,4,-18,34,25,9,41.76920716,46.13747573,-4.368268571,-25,-18,-7,-0.7,0.59,-1.29,FALSE
10,60ddc62b071a009e0b0c2922,39,male,112,unconfounded,b,1,9.425700000763072,69,32,-47,87,24,-39,18,24,-6,48.38043682,51.4392846,-3.058847781,-47,-39,-8,-0.41,0,-0.41,FALSE
10,60ddc62b071a009e0b0c2922,39,male,113,unconfounded,b,1,7.142399999618647,70,16,-49,84,3,-41,12.33333333,15.33333333,-3,48.65068231,51.77086268,-3.12018037,-49,-41,-8,-0.11,0.34,-0.45,FALSE
10,60ddc62b071a009e0b0c2922,39,male,114,unconfounded,a,0,6.7934999999999945,84,46,-12,97,13,-1,39.33333333,36.33333333,3,39.47432358,43.27688631,-3.802562731,-12,-1,-11,-0.25,0.65,-0.9,FALSE
10,60ddc62b071a009e0b0c2922,39,male,115,confounded,b,1,7.342499999999973,57,56,-92,65,49,-84,7,10,-3,70.00476174,66.78822251,3.216539228,-92,-84,-8,-0.71,-0.68,-0.03,FALSE
10,60ddc62b071a009e0b0c2922,39,male,116,unconfounded,b,1,4.41010000038159,67,30,-64,98,12,-50,11,20,-9,55.14224031,60.68497892,-5.542738609,-64,-50,-14,-0.48,0.2,-0.68,FALSE
10,60ddc62b071a009e0b0c2922,39,male,117,unconfounded,b,1,6.927999999999884,65,27,-35,83,18,-26,19,25,-6,41.21488404,44.77350407,-3.558620027,-35,-26,-9,-0.28,0.23,-0.51,FALSE
10,60ddc62b071a009e0b0c2922,39,male,118,unconfounded,b,1,5.277100000381552,50,24,-56,83,8,-46,6,15,-9,45.10727953,52.89612462,-7.788845091,-56,-46,-10,-0.54,0.2,-0.74,FALSE
10,60ddc62b071a009e0b0c2922,39,male,119,confounded,a,0,5.895499999999856,91,40,-37,81,27,-32,31.33333333,25.33333333,6,52.61389761,46.14710777,6.466789845,-37,-32,-5,-0.24,-0.05,-0.19,FALSE
10,60ddc62b071a009e0b0c2922,39,male,120,confounded,a,0,4.143200000763045,79,45,-35,80,2,-20,29.66666667,20.66666667,9,47.7865625,42.90558109,4.880981407,-35,-20,-15,-0.45,0.57,-1.02,FALSE
10,60ddc62b071a009e0b0c2922,39,male,121,confounded,b,1,8.710300001144333,81,78,-44,94,63,-33,38.33333333,41.33333333,-3,58.2313394,54.06374838,4.167591025,-44,-33,-11,-0.71,-0.54,-0.17,FALSE
10,60ddc62b071a009e0b0c2922,39,male,122,confounded,b,1,7.977499999999964,83,79,-38,99,58,-24,41.33333333,44.33333333,-3,56.12090124,51.13598429,4.98491695,-38,-24,-14,-0.7,-0.38,-0.32,FALSE
10,60ddc62b071a009e0b0c2922,39,male,123,unconfounded,a,0,8.560999999999922,80,31,-38,94,5,-26,24.33333333,24.33333333,0,48.40339749,50.86146762,-2.458070131,-38,-26,-12,-0.2,0.52,-0.72,FALSE
10,60ddc62b071a009e0b0c2922,39,male,124,unconfounded,b,1,3.776300001144364,65,10,-62,90,1,-51,4.333333333,13.33333333,-9,52.00213671,58.21988969,-6.217752982,-62,-51,-11,-0.16,0.31,-0.47,FALSE
10,60ddc62b071a009e0b0c2922,39,male,125,confounded,b,1,6.46039999961863,84,73,-51,95,70,-41,35.33333333,41.33333333,-6,61.21183618,59.10630724,2.105528943,-51,-41,-10,-0.69,-0.61,-0.08,FALSE
10,60ddc62b071a009e0b0c2922,39,male,126,unconfounded,a,0,8.192499999999882,72,70,-17,94,24,-11,41.66666667,35.66666667,6,41.49163236,43.65266951,-2.161037156,-17,-11,-6,-0.71,0.38,-1.09,FALSE
10,60ddc62b071a009e0b0c2922,39,male,127,confounded,b,1,8.381700000762976,79,27,-34,70,26,-24,24,24,0,46.18080409,38.40138886,7.779415229,-34,-24,-10,-0.1,-0.08,-0.02,FALSE
10,60ddc62b071a009e0b0c2922,39,male,128,confounded,a,0,4.566099998474101,82,32,-65,81,1,-60,16.33333333,7.333333333,9,61.02640594,57.73695139,3.289454554,-65,-60,-5,-0.37,0.16,-0.53,FALSE
10,60ddc62b071a009e0b0c2922,39,male,129,unconfounded,b,1,8.615600000381392,75,26,-42,94,6,-32,19.66666667,22.66666667,-3,47.97453028,52.77204647,-4.797516193,-42,-32,-10,-0.2,0.44,-0.64,FALSE
10,60ddc62b071a009e0b0c2922,39,male,130,unconfounded,a,0,3.9798999996185103,56,53,-14,73,2,-7,31.66666667,22.66666667,9,32.31442746,35.78019316,-3.465765693,-14,-7,-7,-0.7,0.67,-1.37,FALSE
10,60ddc62b071a009e0b0c2922,39,male,131,confounded,b,1,10.578100000381482,95,75,-28,96,64,-15,47.33333333,48.33333333,-1,53.89083616,46.64999702,7.240839139,-28,-15,-13,-0.63,-0.47,-0.16,FALSE
10,60ddc62b071a009e0b0c2922,39,male,132,confounded,a,0,7.867099998474032,53,43,-8,49,31,-1,29.33333333,26.33333333,3,26.71246068,20.67741656,6.035044121,-8,-1,-7,-0.63,-0.33,-0.3,FALSE
10,60ddc62b071a009e0b0c2922,39,male,133,unconfounded,a,0,11.93170000076293,76,54,-46,97,16,-38,28,25,3,53.09111665,55.47972603,-2.388609381,-46,-38,-8,-0.62,0.24,-0.86,FALSE
10,60ddc62b071a009e0b0c2922,39,male,134,confounded,a,0,3.896099998474256,84,56,-46,86,24,-34,31.33333333,25.33333333,6,55.86491644,48.9988662,6.86605024,-46,-34,-12,-0.58,0.04,-0.62,FALSE
10,60ddc62b071a009e0b0c2922,39,male,135,confounded,b,1,8.748900001525726,82,80,-87,96,60,-78,25,26,-1,79.20016835,74.99333304,4.206835313,-87,-78,-9,-0.71,-0.59,-0.12,FALSE
10,60ddc62b071a009e0b0c2922,39,male,136,unconfounded,a,0,5.8624999999999545,60,51,-79,94,11,-73,10.66666667,10.66666667,0,63.51027913,68.17787194,-4.667592807,-79,-73,-6,-0.7,-0.01,-0.69,FALSE
10,60ddc62b071a009e0b0c2922,39,male,137,confounded,a,0,8.425899999618423,81,75,-12,85,53,-3,48,45,3,42.49705872,36.36848453,6.128574196,-12,-3,-9,-0.7,-0.32,-0.38,FALSE
10,60ddc62b071a009e0b0c2922,39,male,138,unconfounded,a,0,5.394100000381513,64,56,-58,94,9,-50,20.66666667,17.66666667,3,55.72152985,59.10630724,-3.384777389,-58,-50,-8,-0.7,0.22,-0.92,FALSE
10,60ddc62b071a009e0b0c2922,39,male,139,unconfounded,a,0,7.944600000381342,64,57,-33,97,1,-19,29.33333333,26.33333333,3,44.16886787,50.63156679,-6.46269892,-33,-19,-14,-0.69,0.63,-1.32,FALSE
10,60ddc62b071a009e0b0c2922,39,male,140,unconfounded,b,1,7.677500000000009,71,42,-92,95,21,-86,7,10,-3,70.99765254,74.30118886,-3.303536321,-92,-86,-6,-0.62,-0.22,-0.4,FALSE
10,60ddc62b071a009e0b0c2922,39,male,141,confounded,b,1,11.644899999618474,87,67,-40,97,42,-25,38,38,0,55.75541827,49.88653793,5.868880342,-40,-25,-15,-0.64,-0.12,-0.52,FALSE
10,60ddc62b071a009e0b0c2922,39,male,142,unconfounded,a,0,6.176800001144329,83,22,-20,90,5,-13,28.33333333,27.33333333,1,42.28737663,44.91720779,-2.629831159,-20,-13,-7,0.22,0.62,-0.4,FALSE
10,60ddc62b071a009e0b0c2922,39,male,143,confounded,a,0,20.876799999237164,87,69,-31,91,47,-16,41.66666667,40.66666667,1,51.90589776,43.91152721,7.994370546,-31,-16,-15,-0.64,-0.21,-0.43,FALSE
10,60ddc62b071a009e0b0c2922,39,male,144,confounded,a,0,12.377800001144353,67,65,-84,92,13,-75,16,10,6,70.71539201,68.21045863,2.504933376,-84,-75,-9,-0.71,-0.07,-0.64,FALSE
10,60ddc62b071a009e0b0c2922,39,male,145,unconfounded,b,1,4.606500000000096,52,47,-90,84,32,-80,3,12,-9,65.79260343,68.43001291,-2.637409474,-90,-80,-10,-0.7,-0.41,-0.29,FALSE
10,60ddc62b071a009e0b0c2922,39,male,146,confounded,b,1,14.31750000000011,82,57,-23,90,38,-9,38.66666667,39.66666667,-1,44.78342948,40.43375927,4.349670203,-23,-9,-14,-0.55,0.06,-0.61,FALSE
10,60ddc62b071a009e0b0c2922,39,male,147,unconfounded,a,0,7.164100000381495,57,37,-65,85,1,-54,9.666666667,10.66666667,-1,53.42492136,57.15670467,-3.731783312,-65,-54,-11,-0.63,0.25,-0.88,FALSE
10,60ddc62b071a009e0b0c2922,39,male,148,unconfounded,b,1,5.147100000381442,58,28,-19,71,11,-12,22.33333333,23.33333333,-1,31.68946548,34.98888712,-3.299421648,-19,-12,-7,-0.26,0.48,-0.74,FALSE
10,60ddc62b071a009e0b0c2922,39,male,149,confounded,b,1,6.114499999999907,66,64,-14,70,50,-1,38.66666667,39.66666667,-1,37.24990679,29.89239963,7.357507157,-14,-1,-13,-0.71,-0.48,-0.23,FALSE
10,60ddc62b071a009e0b0c2922,39,male,150,unconfounded,a,0,7.265100000381381,70,60,-28,92,11,-19,34,28,6,44.0302926,46.88283268,-2.852540076,-28,-19,-9,-0.68,0.5,-1.18,FALSE
10,60ddc62b071a009e0b0c2922,39,male,151,unconfounded,b,1,7.444100000381468,74,35,-30,97,8,-17,26.33333333,29.33333333,-3,42.89781139,48.92397731,-6.026165915,-30,-17,-13,-0.29,0.57,-0.86,FALSE
10,60ddc62b071a009e0b0c2922,39,male,152,confounded,b,1,6.030600000381355,37,36,-64,47,22,-51,3,6,-3,47.37791328,41.57723736,5.800675917,-64,-51,-13,-0.71,-0.52,-0.19,FALSE
10,60ddc62b071a009e0b0c2922,39,male,153,confounded,a,0,6.280399999618339,60,35,-17,52,7,-8,26,17,9,32.07283378,25.49509757,6.577736212,-17,-8,-9,-0.4,0.53,-0.93,FALSE
10,60ddc62b071a009e0b0c2922,39,male,154,confounded,a,0,13.23269999885565,86,67,-20,98,40,-5,44.33333333,44.33333333,0,46.14710777,42.16106682,3.986040948,-20,-5,-15,-0.62,0.15,-0.77,FALSE
10,60ddc62b071a009e0b0c2922,39,male,155,confounded,a,0,6.761799999237155,93,65,-15,92,30,-6,47.66666667,38.66666667,9,45.7626728,40.47495796,5.28771484,-15,-6,-9,-0.51,0.31,-0.82,FALSE
10,60ddc62b071a009e0b0c2922,39,male,156,unconfounded,a,0,5.446700000762803,63,43,-58,93,3,-51,16,15,1,52.95910372,59.39696962,-6.437865901,-58,-51,-7,-0.63,0.29,-0.92,FALSE
10,60ddc62b071a009e0b0c2922,39,male,157,unconfounded,b,1,3.4046999988556763,44,17,-42,71,6,-31,6.333333333,15.33333333,-9,35.91038228,42.16106682,-6.250684541,-42,-31,-11,-0.42,0.32,-0.74,FALSE
10,60ddc62b071a009e0b0c2922,39,male,158,unconfounded,a,0,4.128200000762945,74,46,-44,87,1,-39,25.33333333,16.33333333,9,50.34105901,52.56953068,-2.228471667,-44,-39,-5,-0.55,0.41,-0.96,FALSE
10,60ddc62b071a009e0b0c2922,39,male,159,confounded,b,1,5.876100000381257,60,35,-32,57,29,-20,21,22,-1,38.8415585,31.82242396,7.01913454,-32,-20,-12,-0.49,-0.32,-0.17,FALSE
10,60ddc62b071a009e0b0c2922,39,male,160,confounded,b,1,3.894399999618372,39,30,-45,49,34,-32,8,17,-9,37.65634077,35.18522417,2.471116596,-45,-32,-13,-0.68,-0.61,-0.07,FALSE
10,60ddc62b071a009e0b0c2922,39,male,161,unconfounded,a,0,7.843800001144473,66,36,-14,80,11,-6,29.33333333,28.33333333,1,32.99831646,37.18721405,-4.188897596,-14,-6,-8,-0.29,0.6,-0.89,FALSE
10,60ddc62b071a009e0b0c2922,39,male,162,confounded,a,0,6.577799999236959,90,67,-17,92,28,-7,46.66666667,37.66666667,9,45.98792112,40.99051381,4.997407312,-17,-7,-10,-0.58,0.34,-0.92,FALSE
10,60ddc62b071a009e0b0c2922,39,male,163,confounded,b,1,11.27879999923698,88,81,-45,99,73,-30,41.33333333,47.33333333,-6,61.11373732,55.70358058,5.410156742,-45,-30,-15,-0.7,-0.59,-0.11,FALSE
10,60ddc62b071a009e0b0c2922,39,male,164,confounded,b,1,5.685700000763063,82,74,-71,84,63,-59,28.33333333,29.33333333,-1,70.31516353,63.04671989,7.26844364,-71,-59,-12,-0.7,-0.65,-0.05,FALSE
10,60ddc62b071a009e0b0c2922,39,male,165,confounded,a,0,5.978200000762854,89,67,-17,87,61,-12,46.33333333,45.33333333,1,45.67518169,41.90730512,3.76787657,-17,-12,-5,-0.59,-0.51,-0.08,FALSE
10,60ddc62b071a009e0b0c2922,39,male,166,confounded,a,0,9.04229999923723,76,47,-60,74,22,-51,21,15,6,58.48646567,51.27052435,7.215941325,-60,-51,-9,-0.58,-0.2,-0.38,FALSE
10,60ddc62b071a009e0b0c2922,39,male,167,confounded,b,1,6.478500000000167,67,51,-70,80,45,-59,16,22,-6,61.16098975,59.03106527,2.129924478,-70,-59,-11,-0.67,-0.53,-0.14,FALSE
10,60ddc62b071a009e0b0c2922,39,male,168,confounded,a,0,31.21110000038152,82,64,-15,78,50,-6,43.66666667,40.66666667,3,42.1294302,34.92213561,7.207294589,-15,-6,-9,-0.61,-0.38,-0.23,FALSE
10,60ddc62b071a009e0b0c2922,39,male,170,unconfounded,a,0,5.811500000000024,81,51,-42,96,4,-37,30,21,9,52.36410985,55.61174936,-3.247639512,-42,-37,-5,-0.54,0.43,-0.97,FALSE
10,60ddc62b071a009e0b0c2922,39,male,171,confounded,a,0,5.426500000000033,95,77,-55,97,48,-46,39,33,6,66.87301399,59.33520596,7.537808026,-55,-46,-9,-0.67,-0.36,-0.31,FALSE
10,60ddc62b071a009e0b0c2922,39,male,172,unconfounded,b,1,5.576499999999896,66,40,-29,84,13,-23,25.66666667,24.66666667,1,40.08601862,44.45472103,-4.368702413,-29,-23,-6,-0.49,0.38,-0.87,FALSE
10,60ddc62b071a009e0b0c2922,39,male,173,confounded,b,1,4.826099998474092,30,4,-19,23,3,-8,5,6,-1,20.01665973,12.83225104,7.184408691,-19,-8,-11,0.07,0.34,-0.27,FALSE
10,60ddc62b071a009e0b0c2922,39,male,174,unconfounded,b,1,10.825799999237232,72,35,-48,99,28,-41,19.66666667,28.66666667,-9,50.17524844,57.15670467,-6.981456236,-48,-41,-7,-0.43,0.02,-0.45,FALSE
10,60ddc62b071a009e0b0c2922,39,male,175,confounded,a,0,12.961299999236871,65,35,-34,61,27,-22,22,22,0,41.44876355,34.06855833,7.380205222,-34,-22,-12,-0.44,-0.22,-0.22,FALSE
10,60ddc62b071a009e0b0c2922,39,male,176,unconfounded,b,1,7.260700000763109,62,50,-83,92,15,-75,9.666666667,10.66666667,-1,65.70810875,68.24628602,-2.53817727,-83,-75,-8,-0.69,-0.09,-0.6,FALSE
10,60ddc62b071a009e0b0c2922,39,male,177,unconfounded,a,0,23.178499999999985,57,55,-50,97,16,-42,20.66666667,23.66666667,-3,49.97554958,57.00487309,-7.029323509,-50,-42,-8,-0.71,0.2,-0.91,FALSE
10,60ddc62b071a009e0b0c2922,39,male,178,confounded,a,0,10.394799999236966,89,74,-13,90,55,-4,50,47,3,44.96665431,38.79003308,6.176621228,-13,-4,-9,-0.65,-0.3,-0.35,FALSE
10,60ddc62b071a009e0b0c2922,39,male,180,confounded,a,0,6.839300001144466,86,80,-10,84,66,-3,52,49,3,43.9089968,37.49666652,6.412330282,-10,-3,-7,-0.7,-0.59,-0.11,FALSE
10,60ddc62b071a009e0b0c2922,39,male,181,unconfounded,b,1,6.677800001144533,48,36,-33,76,20,-27,17,23,-6,35.6931366,42.10304819,-6.409911592,-33,-27,-6,-0.65,0.11,-0.76,FALSE
10,60ddc62b071a009e0b0c2922,39,male,182,confounded,a,0,6.345700000763145,99,63,-12,93,52,-4,50,47,3,46.23851209,39.75759885,6.480913232,-12,-4,-8,-0.4,-0.19,-0.21,FALSE
10,60ddc62b071a009e0b0c2922,39,male,184,confounded,a,0,9.026200000762856,90,19,-42,81,3,-35,22.33333333,16.33333333,6,53.94029621,48.2861839,5.654112314,-42,-35,-7,0.09,0.39,-0.3,FALSE
10,60ddc62b071a009e0b0c2922,39,male,185,unconfounded,a,0,7.344799999237011,61,53,-28,85,3,-20,28.66666667,22.66666667,6,40.20226638,45.0653846,-4.863118215,-28,-20,-8,-0.69,0.57,-1.26,FALSE
10,60ddc62b071a009e0b0c2922,39,male,186,unconfounded,b,1,6.71039999961863,51,48,-71,84,26,-64,9.333333333,15.33333333,-6,56.81744646,60.88969991,-4.072253454,-71,-64,-7,-0.71,-0.26,-0.45,FALSE
10,60ddc62b071a009e0b0c2922,39,male,187,confounded,b,1,7.608899999618643,52,14,-16,53,17,-2,16.66666667,22.66666667,-6,27.82484901,22.80838053,5.01646848,-16,-2,-14,0.14,0.36,-0.22,FALSE
10,60ddc62b071a009e0b0c2922,39,male,188,confounded,b,1,7.043299999237206,65,30,-84,74,33,-69,3.666666667,12.66666667,-9,63.61516241,60.12394605,3.491216361,-84,-69,-15,-0.55,-0.47,-0.08,FALSE
10,60ddc62b071a009e0b0c2922,39,male,189,unconfounded,a,0,6.095799999237215,79,53,-16,96,9,-7,38.66666667,32.66666667,6,40.08601862,45.25728916,-5.17127054,-16,-7,-9,-0.49,0.64,-1.13,FALSE
10,60ddc62b071a009e0b0c2922,39,male,190,confounded,a,0,6.24480000114454,96,61,-17,93,41,-3,46.66666667,43.66666667,3,47.23228651,39.23717059,7.995115924,-17,-3,-14,-0.43,0.1,-0.53,FALSE
10,60ddc62b071a009e0b0c2922,39,male,191,unconfounded,b,1,5.526600000381222,74,30,-33,93,7,-20,23.66666667,26.66666667,-3,43.91152721,48.18252334,-4.270996128,-33,-20,-13,-0.21,0.54,-0.75,FALSE
10,60ddc62b071a009e0b0c2922,39,male,192,unconfounded,a,0,7.625899999618468,82,49,-56,98,10,-51,25,19,6,58.83876273,61.16098975,-2.322227012,-56,-51,-5,-0.54,0.22,-0.76,FALSE
10,60ddc62b071a009e0b0c2922,39,male,193,confounded,a,0,16.362700000763198,95,89,-13,98,73,-3,57,56,1,49.55804677,42.94958285,6.608463927,-13,-3,-10,-0.7,-0.53,-0.17,FALSE
10,60ddc62b071a009e0b0c2922,39,male,194,unconfounded,a,0,6.977499999999964,77,67,-13,98,10,-4,43.66666667,34.66666667,9,40.27681991,45.14667454,-4.86985463,-13,-4,-9,-0.67,0.66,-1.33,FALSE
10,60ddc62b071a009e0b0c2922,39,male,195,confounded,a,0,30.027999999999793,79,75,-24,86,58,-11,43.33333333,44.33333333,-1,47.6398526,40.76218291,6.877669688,-24,-11,-13,-0.7,-0.47,-0.23,FALSE
10,60ddc62b071a009e0b0c2922,39,male,196,confounded,b,1,6.257799999236795,69,48,-67,68,45,-60,16.66666667,17.66666667,-1,59.77922344,55.7155474,4.063676043,-67,-60,-7,-0.64,-0.62,-0.02,FALSE
10,60ddc62b071a009e0b0c2922,39,male,197,unconfounded,a,0,6.160100000381135,83,40,-8,91,7,-1,38.33333333,32.33333333,6,37.16928242,41.61196409,-4.442681672,-8,-1,-7,-0.07,0.69,-0.76,FALSE
10,60ddc62b071a009e0b0c2922,39,male,198,unconfounded,a,0,4.078500000000076,64,49,-69,94,7,-60,14.66666667,13.66666667,1,59.4773533,63.04671989,-3.56936659,-69,-60,-9,-0.67,0.16,-0.83,FALSE
10,60ddc62b071a009e0b0c2922,39,male,199,confounded,a,0,9.344799999236784,82,63,-26,93,35,-12,39.66666667,38.66666667,1,47.07676945,42.94440851,4.132360945,-26,-12,-14,-0.62,0.13,-0.75,FALSE
10,60ddc62b071a009e0b0c2922,39,male,200,unconfounded,a,0,3.494999999999891,85,48,-45,99,2,-40,29.33333333,20.33333333,9,54.68901982,58.20843772,-3.519417903,-45,-40,-5,-0.47,0.44,-0.91,FALSE
10,60ddc62b071a009e0b0c2922,39,male,201,unconfounded,b,1,11.778199998855598,68,22,-72,90,16,-61,6,15,-9,58.26376804,61.64954717,-3.385779129,-72,-61,-11,-0.39,-0.02,-0.37,FALSE
10,60ddc62b071a009e0b0c2922,39,male,202,unconfounded,b,1,8.108699998855172,72,62,-10,99,53,-1,41.33333333,50.33333333,-9,36.52700675,40.86835233,-4.341345579,-10,-1,-9,-0.67,-0.1,-0.57,FALSE
10,60ddc62b071a009e0b0c2922,39,male,203,unconfounded,a,0,10.559100000381475,76,64,-21,97,15,-11,39.66666667,33.66666667,6,43.17663977,46.02414825,-2.847508476,-21,-11,-10,-0.67,0.54,-1.21,FALSE
10,60ddc62b071a009e0b0c2922,39,male,204,unconfounded,b,1,5.960000000000036,52,48,-39,83,15,-28,20.33333333,23.33333333,-3,41.9867704,45.69707017,-3.710299768,-39,-28,-11,-0.7,0.27,-0.97,FALSE
10,60ddc62b071a009e0b0c2922,39,male,205,unconfounded,a,0,8.875799999237188,63,45,-19,81,8,-9,29.66666667,26.66666667,3,35.18838192,39.04128869,-3.852906764,-19,-9,-10,-0.57,0.61,-1.18,FALSE
10,60ddc62b071a009e0b0c2922,39,male,206,unconfounded,b,1,7.4603000011447875,63,32,-59,96,5,-47,12,18,-6,51.77515492,59.09878735,-7.323632437,-59,-47,-12,-0.52,0.32,-0.84,FALSE
10,60ddc62b071a009e0b0c2922,39,male,207,confounded,b,1,8.909700000763223,75,56,-40,78,43,-30,30.33333333,30.33333333,0,50.33443707,44.99135719,5.343079879,-40,-30,-10,-0.63,-0.4,-0.23,FALSE
10,60ddc62b071a009e0b0c2922,39,male,208,unconfounded,b,1,5.478500000000167,60,34,-88,93,15,-75,2,11,-9,64.51873113,68.64400921,-4.125278077,-88,-75,-13,-0.62,-0.09,-0.53,FALSE
10,60ddc62b071a009e0b0c2922,39,male,209,confounded,a,0,11.444799999237148,45,24,-31,48,17,-18,12.66666667,15.66666667,-3,32.0451071,26.96087701,5.084230092,-31,-18,-13,-0.49,-0.07,-0.42,FALSE
10,60ddc62b071a009e0b0c2922,39,male,210,confounded,a,0,7.393399999618396,84,74,-73,96,33,-62,28.33333333,22.33333333,6,71.76969339,64.9427098,6.826983592,-73,-62,-11,-0.7,-0.24,-0.46,FALSE
10,60ddc62b071a009e0b0c2922,39,male,211,unconfounded,b,1,7.693199998855562,49,33,-54,78,3,-44,9.333333333,12.33333333,-3,45.25728916,50.24163833,-4.98434917,-54,-44,-10,-0.64,0.27,-0.91,FALSE
10,60ddc62b071a009e0b0c2922,39,male,212,confounded,a,0,9.809299999237282,97,65,-14,96,44,-1,49.33333333,46.33333333,3,46.64999702,39.63444069,7.015556332,-14,-1,-13,-0.47,0.09,-0.56,FALSE
10,60ddc62b071a009e0b0c2922,39,male,213,confounded,b,1,8.044799999237057,57,2,-48,64,9,-35,3.666666667,12.66666667,-9,42.88226777,40.49965706,2.382610705,-48,-35,-13,0.06,0.14,-0.08,FALSE
10,60ddc62b071a009e0b0c2922,39,male,214,unconfounded,b,1,7.344199998855402,69,66,-55,96,34,-50,26.66666667,26.66666667,0,57.76004001,59.82938706,-2.069347044,-55,-50,-5,-0.71,-0.18,-0.53,FALSE
10,60ddc62b071a009e0b0c2922,39,male,215,confounded,a,0,24.559300001144493,88,64,-15,89,47,-2,45.66666667,44.66666667,1,44.00252518,37.18721405,6.815311129,-15,-2,-13,-0.55,-0.09,-0.46,FALSE
10,60ddc62b071a009e0b0c2922,39,male,216,confounded,a,0,10.177900001526268,94,59,-24,99,39,-12,43,42,1,49.48400415,45.36518489,4.118819261,-24,-12,-12,-0.45,0.1,-0.55,FALSE
10,60ddc62b071a009e0b0c2922,39,male,217,unconfounded,b,1,7.07559999847399,71,48,-19,96,7,-6,33.33333333,32.33333333,1,38.17794593,45.33088229,-7.152936355,-19,-6,-13,-0.52,0.66,-1.18,FALSE
10,60ddc62b071a009e0b0c2922,39,male,218,confounded,a,0,11.294999999999618,83,50,-11,85,29,-1,40.66666667,37.66666667,3,38.93869826,35.64017708,3.298521182,-11,-1,-10,-0.35,0.35,-0.7,FALSE
10,60ddc62b071a009e0b0c2922,39,male,219,confounded,a,0,3.7421000003814697,76,27,-21,72,4,-12,27.33333333,21.33333333,6,39.60078563,36.41733409,3.183451536,-21,-12,-9,0.01,0.61,-0.6,FALSE
11,64526be1abfd84e77ccaeb63,30,male,0,confounded,a,0,6.619,67,60,-20,68,46,-10,35.66666667,34.66666667,1,39.46587837,32.83629428,6.629584088,-20,-10,-10,-0.69,-0.48,-0.21,FALSE
11,64526be1abfd84e77ccaeb63,30,male,1,confounded,b,1,4.160199999809265,87,67,-40,97,42,-25,38,38,0,55.75541827,49.88653793,5.868880342,-40,-25,-15,-0.64,-0.12,-0.52,FALSE
11,64526be1abfd84e77ccaeb63,30,male,2,unconfounded,b,1,4.4635999999046305,75,26,-42,94,6,-32,19.66666667,22.66666667,-3,47.97453028,52.77204647,-4.797516193,-42,-32,-10,-0.2,0.44,-0.64,FALSE
11,64526be1abfd84e77ccaeb63,30,male,3,unconfounded,b,1,3.530000000000001,55,52,-40,92,13,-29,22.33333333,25.33333333,-3,44.09333535,50.16195991,-6.068624563,-40,-29,-11,-0.7,0.35,-1.05,FALSE
11,64526be1abfd84e77ccaeb63,30,male,4,unconfounded,a,0,2.663400000095379,52,25,-28,65,9,-22,16.33333333,17.33333333,-1,33.22983933,36.00308629,-2.773246953,-28,-22,-6,-0.37,0.33,-0.7,FALSE
11,64526be1abfd84e77ccaeb63,30,male,5,unconfounded,b,1,2.2960000000000065,68,22,-72,90,16,-61,6,15,-9,58.26376804,61.64954717,-3.385779129,-72,-61,-11,-0.39,-0.02,-0.37,FALSE
11,64526be1abfd84e77ccaeb63,30,male,6,confounded,b,1,2.2135999999046305,82,74,-71,84,63,-59,28.33333333,29.33333333,-1,70.31516353,63.04671989,7.26844364,-71,-59,-12,-0.7,-0.65,-0.05,FALSE
11,64526be1abfd84e77ccaeb63,30,male,7,confounded,b,1,3.0634999999999906,97,65,-14,96,44,-1,49.33333333,46.33333333,3,46.64999702,39.63444069,7.015556332,-14,-1,-13,-0.47,0.09,-0.56,FALSE
11,64526be1abfd84e77ccaeb63,30,male,8,confounded,b,1,2.2967000002861084,95,77,-55,97,48,-46,39,33,6,66.87301399,59.33520596,7.537808026,-55,-46,-9,-0.67,-0.36,-0.31,FALSE
11,64526be1abfd84e77ccaeb63,30,male,9,confounded,b,1,3.397200000286105,74,69,-25,82,49,-13,39.33333333,39.33333333,0,45.5363103,39.38132665,6.154983646,-25,-13,-12,-0.7,-0.35,-0.35,FALSE
11,64526be1abfd84e77ccaeb63,30,male,10,confounded,b,1,4.9617999997138895,65,35,-34,61,27,-22,22,22,0,41.44876355,34.06855833,7.380205222,-34,-22,-12,-0.44,-0.22,-0.22,FALSE
11,64526be1abfd84e77ccaeb63,30,male,11,unconfounded,a,0,3.380199999809264,55,19,-13,73,1,-4,20.33333333,23.33333333,-3,27.77688887,35.17890782,-7.402018947,-13,-4,-9,0.07,0.7,-0.63,FALSE
11,64526be1abfd84e77ccaeb63,30,male,12,confounded,b,1,2.9776000003814715,37,36,-64,47,22,-51,3,6,-3,47.37791328,41.57723736,5.800675917,-64,-51,-13,-0.71,-0.52,-0.19,FALSE
11,64526be1abfd84e77ccaeb63,30,male,13,confounded,a,0,3.696700000286114,86,80,-10,84,66,-3,52,49,3,43.9089968,37.49666652,6.412330282,-10,-3,-7,-0.7,-0.59,-0.11,FALSE
11,64526be1abfd84e77ccaeb63,30,male,14,unconfounded,a,0,4.7968000001907285,67,35,-44,90,1,-33,19.33333333,19.33333333,0,46.64999702,51.86092513,-5.210928109,-44,-33,-11,-0.47,0.49,-0.96,FALSE
11,64526be1abfd84e77ccaeb63,30,male,15,unconfounded,a,0,2.463200000286122,50,26,-17,66,7,-11,19.66666667,20.66666667,-1,27.71682201,32.88701196,-5.17018995,-17,-11,-6,-0.33,0.55,-0.88,FALSE
11,64526be1abfd84e77ccaeb63,30,male,16,unconfounded,b,1,2.947100000381454,61,53,-62,85,48,-54,17.33333333,26.33333333,-9,56.19213073,58.77830288,-2.586172149,-62,-54,-8,-0.7,-0.5,-0.2,FALSE
11,64526be1abfd84e77ccaeb63,30,male,17,unconfounded,b,1,3.46380000019073,39,29,-22,58,1,-13,15.33333333,15.33333333,0,26.71246068,30.70649587,-3.994035195,-22,-13,-9,-0.63,0.6,-1.23,FALSE
11,64526be1abfd84e77ccaeb63,30,male,18,confounded,b,1,2.1302999997139125,66,61,-21,85,54,-6,35.33333333,44.33333333,-9,39.88594851,37.77418284,2.111765679,-21,-6,-15,-0.7,-0.37,-0.33,FALSE
11,64526be1abfd84e77ccaeb63,30,male,20,unconfounded,b,1,2.3973000001907394,58,37,-21,83,16,-7,24.66666667,30.66666667,-6,33.40991204,38.17794593,-4.768033896,-21,-7,-14,-0.5,0.52,-1.02,FALSE
11,64526be1abfd84e77ccaeb63,30,male,21,unconfounded,a,0,3.01400000000001,80,45,-79,99,3,-74,15.33333333,9.333333333,6,68.2169741,70.76879413,-2.551820026,-79,-74,-5,-0.57,0.13,-0.7,FALSE
11,64526be1abfd84e77ccaeb63,30,male,22,confounded,a,0,4.163599999904648,76,47,-60,74,22,-51,21,15,6,58.48646567,51.27052435,7.215941325,-60,-51,-9,-0.58,-0.2,-0.38,FALSE
11,64526be1abfd84e77ccaeb63,30,male,23,unconfounded,a,0,2.4305999999046435,74,30,-33,93,7,-20,23.66666667,26.66666667,-3,43.91152721,48.18252334,-4.270996128,-33,-20,-13,-0.21,0.54,-0.75,FALSE
11,64526be1abfd84e77ccaeb63,30,male,24,unconfounded,a,0,2.097299999713897,67,36,-51,86,5,-42,17.33333333,16.33333333,1,49.94886274,52.8667087,-2.917845962,-51,-42,-9,-0.51,0.31,-0.82,FALSE
11,64526be1abfd84e77ccaeb63,30,male,25,unconfounded,b,1,4.030300000190721,57,33,-78,87,14,-71,4,10,-6,58.80476171,64.56521251,-5.7604508,-78,-71,-7,-0.62,-0.09,-0.53,FALSE
11,64526be1abfd84e77ccaeb63,30,male,26,unconfounded,a,0,4.413900000095367,62,50,-83,92,15,-75,9.666666667,10.66666667,-1,65.70810875,68.24628602,-2.53817727,-83,-75,-8,-0.69,-0.09,-0.6,FALSE
11,64526be1abfd84e77ccaeb63,30,male,27,confounded,b,1,1.8135999999046248,79,45,-35,80,2,-20,29.66666667,20.66666667,9,47.7865625,42.90558109,4.880981407,-35,-20,-15,-0.45,0.57,-1.02,FALSE
11,64526be1abfd84e77ccaeb63,30,male,28,confounded,b,1,2.6139000000953843,57,2,-48,64,9,-35,3.666666667,12.66666667,-9,42.88226777,40.49965706,2.382610705,-48,-35,-13,0.06,0.14,-0.08,FALSE
11,64526be1abfd84e77ccaeb63,30,male,30,unconfounded,a,0,4.013199999809274,70,41,-47,93,2,-40,21.33333333,18.33333333,3,49.74825513,55.51176052,-5.763505382,-47,-40,-7,-0.53,0.42,-0.95,FALSE
11,64526be1abfd84e77ccaeb63,30,male,31,confounded,a,0,5.280300000190721,89,74,-13,90,55,-4,50,47,3,44.96665431,38.79003308,6.176621228,-13,-4,-9,-0.65,-0.3,-0.35,FALSE
11,64526be1abfd84e77ccaeb63,30,male,32,unconfounded,b,1,3.0637000002861043,48,36,-33,76,20,-27,17,23,-6,35.6931366,42.10304819,-6.409911592,-33,-27,-6,-0.65,0.11,-0.76,FALSE
11,64526be1abfd84e77ccaeb63,30,male,33,unconfounded,a,0,2.0805999999046207,83,22,-20,90,5,-13,28.33333333,27.33333333,1,42.28737663,44.91720779,-2.629831159,-20,-13,-7,0.22,0.62,-0.4,FALSE
11,64526be1abfd84e77ccaeb63,30,male,34,confounded,b,1,5.430000000000007,60,45,-95,64,47,-83,3.333333333,9.333333333,-6,69.8013053,65.65735975,4.143945558,-95,-83,-12,-0.68,-0.67,-0.01,FALSE
11,64526be1abfd84e77ccaeb63,30,male,35,unconfounded,b,1,9.730400000095386,60,27,-47,80,4,-41,13.33333333,14.33333333,-1,44.73874781,49.93551397,-5.196766162,-47,-41,-6,-0.43,0.3,-0.73,FALSE
11,64526be1abfd84e77ccaeb63,30,male,36,confounded,a,0,5.230599999904655,90,67,-17,92,28,-7,46.66666667,37.66666667,9,45.98792112,40.99051381,4.997407312,-17,-7,-10,-0.58,0.34,-0.92,FALSE
11,64526be1abfd84e77ccaeb63,30,male,37,unconfounded,a,0,3.5808000001907487,61,50,-88,94,11,-82,7.666666667,7.666666667,0,67.79544396,71.8903486,-4.094904639,-88,-82,-6,-0.69,-0.07,-0.62,FALSE
11,64526be1abfd84e77ccaeb63,30,male,38,unconfounded,b,1,3.030099999904678,52,47,-90,84,32,-80,3,12,-9,65.79260343,68.43001291,-2.637409474,-90,-80,-10,-0.7,-0.41,-0.29,FALSE
11,64526be1abfd84e77ccaeb63,30,male,39,confounded,b,1,2.0969000000953315,65,30,-84,74,33,-69,3.666666667,12.66666667,-9,63.61516241,60.12394605,3.491216361,-84,-69,-15,-0.55,-0.47,-0.08,FALSE
11,64526be1abfd84e77ccaeb63,30,male,40,unconfounded,a,0,4.197000000000003,55,22,-21,66,6,-16,18.66666667,18.66666667,0,31.11626941,34.65384378,-3.537574369,-21,-16,-5,-0.16,0.5,-0.66,FALSE
11,64526be1abfd84e77ccaeb63,30,male,41,unconfounded,a,0,4.380700000286083,82,49,-56,98,10,-51,25,19,6,58.83876273,61.16098975,-2.322227012,-56,-51,-5,-0.54,0.22,-0.76,FALSE
11,64526be1abfd84e77ccaeb63,30,male,42,unconfounded,a,0,2.0637000002861328,83,61,-20,99,4,-6,41.33333333,32.33333333,9,44.28945197,47.31689856,-3.027446588,-20,-6,-14,-0.58,0.68,-1.26,FALSE
11,64526be1abfd84e77ccaeb63,30,male,43,confounded,a,0,3.14729999971388,81,8,-35,75,6,-24,18,19,-1,47.88179891,41.44876355,6.433035356,-35,-24,-11,0.3,0.44,-0.14,FALSE
11,64526be1abfd84e77ccaeb63,30,male,44,unconfounded,a,0,2.0974000000953765,80,31,-38,94,5,-26,24.33333333,24.33333333,0,48.40339749,50.86146762,-2.458070131,-38,-26,-12,-0.2,0.52,-0.72,FALSE
11,64526be1abfd84e77ccaeb63,30,male,45,confounded,a,0,4.330900000095369,91,75,-12,94,55,-4,51.33333333,48.33333333,3,45.25728916,40.28509512,4.97219404,-12,-4,-8,-0.64,-0.24,-0.4,FALSE
11,64526be1abfd84e77ccaeb63,30,male,46,confounded,b,1,3.2473000001907053,65,54,-20,73,59,-6,33,42,-9,37.74475681,34.41898701,3.325769802,-20,-6,-14,-0.66,-0.62,-0.04,FALSE
11,64526be1abfd84e77ccaeb63,30,male,47,confounded,b,1,2.9470999999045944,66,52,-14,71,33,-3,34.66666667,33.66666667,1,34.88393454,30.21405118,4.669883356,-14,-3,-11,-0.62,0.03,-0.65,FALSE
11,64526be1abfd84e77ccaeb63,30,male,48,unconfounded,a,0,2.9139999999999873,83,40,-8,91,7,-1,38.33333333,32.33333333,6,37.16928242,41.61196409,-4.442681672,-8,-1,-7,-0.07,0.69,-0.76,FALSE
11,64526be1abfd84e77ccaeb63,30,male,49,confounded,b,1,3.8141999998092615,95,41,-73,89,40,-63,21,22,-1,70.0285656,63.34561284,6.682952755,-73,-63,-10,-0.41,-0.4,-0.01,FALSE
11,64526be1abfd84e77ccaeb63,30,male,50,unconfounded,a,0,2.297499999999957,66,61,-25,89,4,-18,34,25,9,41.76920716,46.13747573,-4.368268571,-25,-18,-7,-0.7,0.59,-1.29,FALSE
11,64526be1abfd84e77ccaeb63,30,male,51,unconfounded,b,1,4.547099999904617,81,32,-83,99,17,-77,10,13,-3,68.73621074,71.90734779,-3.171137055,-83,-77,-6,-0.45,-0.08,-0.37,FALSE
11,64526be1abfd84e77ccaeb63,30,male,52,confounded,b,1,2.0309000000953574,67,65,-84,92,13,-75,16,10,6,70.71539201,68.21045863,2.504933376,-84,-75,-9,-0.71,-0.07,-0.64,FALSE
11,64526be1abfd84e77ccaeb63,30,male,53,confounded,a,0,1.930300000190698,55,43,-60,58,7,-54,12.66666667,3.666666667,9,51.61610429,45.78451946,5.831584831,-60,-54,-6,-0.68,-0.11,-0.57,FALSE
11,64526be1abfd84e77ccaeb63,30,male,54,confounded,b,1,3.7308000001907544,84,73,-51,95,70,-41,35.33333333,41.33333333,-6,61.21183618,59.10630724,2.105528943,-51,-41,-10,-0.69,-0.61,-0.08,FALSE
11,64526be1abfd84e77ccaeb63,30,male,55,unconfounded,a,0,2.9305999999046435,44,17,-42,71,6,-31,6.333333333,15.33333333,-9,35.91038228,42.16106682,-6.250684541,-42,-31,-11,-0.42,0.32,-0.74,FALSE
11,64526be1abfd84e77ccaeb63,30,male,56,unconfounded,b,1,2.4976999998092424,61,18,-37,77,14,-31,14,20,-6,40.10818703,44.29446918,-4.186282153,-37,-31,-6,-0.15,0.2,-0.35,FALSE
11,64526be1abfd84e77ccaeb63,30,male,57,unconfounded,a,0,87.26170000028611,63,47,-21,91,15,-14,29.66666667,30.66666667,-1,36.41733409,44.27439692,-7.857062825,-21,-14,-7,-0.61,0.49,-1.1,FALSE
11,64526be1abfd84e77ccaeb63,30,male,58,confounded,a,0,3.030699999809258,76,27,-21,72,4,-12,27.33333333,21.33333333,6,39.60078563,36.41733409,3.183451536,-21,-12,-9,0.01,0.61,-0.6,FALSE
11,64526be1abfd84e77ccaeb63,30,male,59,confounded,b,1,1.163300000190759,99,38,-35,87,15,-27,34,25,9,54.77834122,47.07440918,7.703932035,-35,-27,-8,-0.11,0.31,-0.42,FALSE
11,64526be1abfd84e77ccaeb63,30,male,60,confounded,b,1,1.3641000003814838,85,31,-13,81,32,-1,34.33333333,37.33333333,-3,40.07770231,33.68811198,6.389590326,-13,-1,-12,0.12,0.23,-0.11,FALSE
11,64526be1abfd84e77ccaeb63,30,male,61,confounded,b,1,3.947199999809243,32,12,-39,37,19,-24,1.666666667,10.66666667,-9,29.89239963,25.59079696,4.301602672,-39,-24,-15,-0.48,-0.45,-0.03,FALSE
11,64526be1abfd84e77ccaeb63,30,male,62,confounded,b,1,2.7973000001907735,48,42,-20,63,30,-5,23.33333333,29.33333333,-6,30.73904502,27.7648859,2.974159125,-20,-5,-15,-0.69,-0.04,-0.65,FALSE
11,64526be1abfd84e77ccaeb63,30,male,63,unconfounded,a,0,4.830800000190777,66,40,-29,84,13,-23,25.66666667,24.66666667,1,40.08601862,44.45472103,-4.368702413,-29,-23,-6,-0.49,0.38,-0.87,FALSE
11,64526be1abfd84e77ccaeb63,30,male,64,confounded,a,0,2.680800000190743,89,83,-40,98,60,-26,44,44,0,59.44745579,51.87163644,7.575819354,-40,-26,-14,-0.7,-0.43,-0.27,FALSE
11,64526be1abfd84e77ccaeb63,30,male,65,unconfounded,a,0,1.1305000000000405,70,60,-28,92,11,-19,34,28,6,44.0302926,46.88283268,-2.852540076,-28,-19,-9,-0.68,0.5,-1.18,FALSE
11,64526be1abfd84e77ccaeb63,30,male,66,unconfounded,b,1,2.2975000000000136,45,38,-33,83,15,-21,16.66666667,25.66666667,-9,35.23571421,43.12256434,-7.886850138,-33,-21,-12,-0.69,0.36,-1.05,FALSE
11,64526be1abfd84e77ccaeb63,30,male,67,unconfounded,b,1,1.5640000000000214,70,55,-15,99,30,-1,36.66666667,42.66666667,-6,37.04351795,41.7957999,-4.752281944,-15,-1,-14,-0.62,0.43,-1.05,FALSE
11,64526be1abfd84e77ccaeb63,30,male,68,confounded,b,1,2.330700000286072,61,33,-71,68,40,-58,7.666666667,16.66666667,-9,56.78810517,54.02057221,2.767532958,-71,-58,-13,-0.58,-0.57,-0.01,FALSE
11,64526be1abfd84e77ccaeb63,30,male,69,unconfounded,a,0,4.130699999809224,63,45,-19,81,8,-9,29.66666667,26.66666667,3,35.18838192,39.04128869,-3.852906764,-19,-9,-10,-0.57,0.61,-1.18,FALSE
11,64526be1abfd84e77ccaeb63,30,male,70,confounded,b,1,5.71390000009535,78,18,-86,77,22,-71,3.333333333,9.333333333,-6,67.75117875,61.08100268,6.670176067,-86,-71,-15,-0.31,-0.3,-0.01,FALSE
11,64526be1abfd84e77ccaeb63,30,male,71,confounded,b,1,2.6309000000953233,57,40,-94,70,21,-79,1,4,-3,67.53270812,62.00537611,5.527332014,-94,-79,-15,-0.67,-0.39,-0.28,FALSE
11,64526be1abfd84e77ccaeb63,30,male,72,unconfounded,b,1,3.147400000095388,50,24,-56,83,8,-46,6,15,-9,45.10727953,52.89612462,-7.788845091,-56,-46,-10,-0.54,0.2,-0.74,FALSE
11,64526be1abfd84e77ccaeb63,30,male,73,confounded,a,0,2.0139000000954184,80,54,-23,85,21,-13,37,31,6,43.73404471,40.62839729,3.105647416,-23,-13,-10,-0.52,0.35,-0.87,FALSE
11,64526be1abfd84e77ccaeb63,30,male,74,unconfounded,b,1,5.664099999904636,82,38,-49,98,3,-39,23.66666667,20.66666667,3,54.43242498,57.308134,-2.87570902,-49,-39,-10,-0.38,0.43,-0.81,FALSE
11,64526be1abfd84e77ccaeb63,30,male,75,unconfounded,a,0,3.647799999713868,47,39,-49,72,3,-41,12.33333333,11.33333333,1,43.49201715,46.50686927,-3.014852118,-49,-41,-8,-0.69,0.26,-0.95,FALSE
11,64526be1abfd84e77ccaeb63,30,male,76,confounded,a,0,2.2642000002861096,82,32,-65,81,1,-60,16.33333333,7.333333333,9,61.02640594,57.73695139,3.289454554,-65,-60,-5,-0.37,0.16,-0.53,FALSE
11,64526be1abfd84e77ccaeb63,30,male,77,unconfounded,a,0,2.797400000095365,60,51,-79,94,11,-73,10.66666667,10.66666667,0,63.51027913,68.17787194,-4.667592807,-79,-73,-6,-0.7,-0.01,-0.69,FALSE
11,64526be1abfd84e77ccaeb63,30,male,78,confounded,b,1,3.147400000095331,86,67,-20,98,40,-5,44.33333333,44.33333333,0,46.14710777,42.16106682,3.986040948,-20,-5,-15,-0.62,0.15,-0.77,FALSE
11,64526be1abfd84e77ccaeb63,30,male,79,unconfounded,a,0,2.913800000190747,56,39,-78,85,2,-70,5.666666667,5.666666667,0,59.56695579,63.33157892,-3.764623132,-78,-70,-8,-0.66,0.09,-0.75,FALSE
11,64526be1abfd84e77ccaeb63,30,male,80,confounded,b,1,2.030999999999949,81,75,-12,85,53,-3,48,45,3,42.49705872,36.36848453,6.128574196,-12,-3,-9,-0.7,-0.32,-0.38,FALSE
11,64526be1abfd84e77ccaeb63,30,male,81,confounded,b,1,2.2971000003814197,73,68,-84,83,63,-71,19,25,-6,72.86059749,68.37153404,4.489063453,-84,-71,-13,-0.7,-0.66,-0.04,FALSE
11,64526be1abfd84e77ccaeb63,30,male,82,unconfounded,a,0,2.56409999990467,79,53,-16,96,9,-7,38.66666667,32.66666667,6,40.08601862,45.25728916,-5.17127054,-16,-7,-9,-0.49,0.64,-1.13,FALSE
11,64526be1abfd84e77ccaeb63,30,male,83,unconfounded,a,0,1.8811999998092688,56,53,-14,73,2,-7,31.66666667,22.66666667,9,32.31442746,35.78019316,-3.465765693,-14,-7,-7,-0.7,0.67,-1.37,FALSE
11,64526be1abfd84e77ccaeb63,30,male,84,unconfounded,a,0,2.130800000190675,58,40,-41,89,8,-31,19,22,-3,43.05810028,49.979996,-6.921895715,-41,-31,-10,-0.62,0.4,-1.02,FALSE
11,64526be1abfd84e77ccaeb63,30,male,85,confounded,b,1,2.2975000000000136,93,87,-40,99,80,-30,46.66666667,49.66666667,-3,61.33152171,56.86436103,4.467160681,-40,-30,-10,-0.7,-0.65,-0.05,FALSE
11,64526be1abfd84e77ccaeb63,30,male,86,unconfounded,b,1,2.9139000000953956,52,48,-39,83,15,-28,20.33333333,23.33333333,-3,41.9867704,45.69707017,-3.710299768,-39,-28,-11,-0.7,0.27,-0.97,FALSE
11,64526be1abfd84e77ccaeb63,30,male,87,confounded,b,1,2.297299999713914,94,59,-24,99,39,-12,43,42,1,49.48400415,45.36518489,4.118819261,-24,-12,-12,-0.45,0.1,-0.55,FALSE
11,64526be1abfd84e77ccaeb63,30,male,88,confounded,a,0,2.813900000095373,80,61,-49,77,57,-42,30.66666667,30.66666667,0,56.86436103,52.02777036,4.836590669,-49,-42,-7,-0.65,-0.63,-0.02,FALSE
11,64526be1abfd84e77ccaeb63,30,male,89,unconfounded,b,1,2.4472000002861023,76,64,-21,97,15,-11,39.66666667,33.66666667,6,43.17663977,46.02414825,-2.847508476,-21,-11,-10,-0.67,0.54,-1.21,FALSE
11,64526be1abfd84e77ccaeb63,30,male,90,confounded,b,1,2.0972999997139823,87,69,-31,91,47,-16,41.66666667,40.66666667,1,51.90589776,43.91152721,7.994370546,-31,-16,-15,-0.64,-0.21,-0.43,FALSE
11,64526be1abfd84e77ccaeb63,30,male,91,unconfounded,b,1,2.4809999999999945,89,46,-17,99,10,-9,39.33333333,33.33333333,6,43.53032149,47.07676945,-3.546447966,-17,-9,-8,-0.23,0.62,-0.85,FALSE
11,64526be1abfd84e77ccaeb63,30,male,92,confounded,b,1,2.930699999809349,69,48,-67,68,45,-60,16.66666667,17.66666667,-1,59.77922344,55.7155474,4.063676043,-67,-60,-7,-0.64,-0.62,-0.02,FALSE
11,64526be1abfd84e77ccaeb63,30,male,93,confounded,b,1,2.180500000000052,84,54,-18,91,30,-4,40,39,1,42.80186912,39.3022476,3.499621515,-18,-4,-14,-0.46,0.33,-0.79,FALSE
11,64526be1abfd84e77ccaeb63,30,male,94,unconfounded,b,1,2.5638000001907812,86,44,-23,97,16,-15,35.66666667,32.66666667,3,44.88751373,47.21816976,-2.33065603,-23,-15,-8,-0.27,0.49,-0.76,FALSE
11,64526be1abfd84e77ccaeb63,30,male,95,unconfounded,a,0,4.413900000095396,65,46,-24,88,13,-14,29,29,0,38.27096375,43.15089802,-4.879934267,-24,-14,-10,-0.58,0.51,-1.09,FALSE
11,64526be1abfd84e77ccaeb63,30,male,96,unconfounded,b,1,2.230900000095403,67,30,-64,98,12,-50,11,20,-9,55.14224031,60.68497892,-5.542738609,-64,-50,-14,-0.48,0.2,-0.68,FALSE
11,64526be1abfd84e77ccaeb63,30,male,97,unconfounded,b,1,2.2809000000953574,69,32,-47,87,24,-39,18,24,-6,48.38043682,51.4392846,-3.058847781,-47,-39,-8,-0.41,0,-0.41,FALSE
11,64526be1abfd84e77ccaeb63,30,male,98,unconfounded,b,1,4.330499999999915,58,28,-19,71,11,-12,22.33333333,23.33333333,-1,31.68946548,34.98888712,-3.299421648,-19,-12,-7,-0.26,0.48,-0.74,FALSE
11,64526be1abfd84e77ccaeb63,30,male,99,confounded,a,0,2.097300000190785,82,64,-15,78,50,-6,43.66666667,40.66666667,3,42.1294302,34.92213561,7.207294589,-15,-6,-9,-0.61,-0.38,-0.23,FALSE
11,64526be1abfd84e77ccaeb63,30,male,100,confounded,a,0,2.59759999990456,99,45,-67,98,5,-53,25.66666667,16.66666667,9,69.13432979,62.19503374,6.939296048,-67,-53,-14,-0.4,0.27,-0.67,FALSE
11,64526be1abfd84e77ccaeb63,30,male,101,confounded,a,0,2.880700000286083,60,35,-32,57,29,-20,21,22,-1,38.8415585,31.82242396,7.01913454,-32,-20,-12,-0.49,-0.32,-0.17,FALSE
11,64526be1abfd84e77ccaeb63,30,male,102,unconfounded,a,0,6.4973000001906485,52,41,-26,71,1,-14,22.33333333,19.33333333,3,34.47059939,37.04351795,-2.572918563,-26,-14,-12,-0.65,0.62,-1.27,FALSE
11,64526be1abfd84e77ccaeb63,30,male,103,unconfounded,a,0,1.3640999999046244,74,46,-44,87,1,-39,25.33333333,16.33333333,9,50.34105901,52.56953068,-2.228471667,-44,-39,-5,-0.55,0.41,-0.96,FALSE
11,64526be1abfd84e77ccaeb63,30,male,104,unconfounded,a,0,1.7806000003814688,78,19,-16,89,2,-7,27,28,-1,38.79003308,43.28972164,-4.49968856,-16,-7,-9,0.3,0.68,-0.38,FALSE
11,64526be1abfd84e77ccaeb63,30,male,105,unconfounded,b,1,1.5805999999046207,72,35,-48,99,28,-41,19.66666667,28.66666667,-9,50.17524844,57.15670467,-6.981456236,-48,-41,-7,-0.43,0.02,-0.45,FALSE
11,64526be1abfd84e77ccaeb63,30,male,106,confounded,b,1,6.397300000190739,93,88,-12,97,64,-1,56.33333333,53.33333333,3,48.36206043,40.71308826,7.64897217,-12,-1,-11,-0.7,-0.38,-0.32,FALSE
11,64526be1abfd84e77ccaeb63,30,male,107,unconfounded,a,0,2.7810000000000628,92,49,-7,99,9,-1,44.66666667,35.66666667,9,40.53256578,44.96912521,-4.436559429,-7,-1,-6,-0.16,0.68,-0.84,FALSE
11,64526be1abfd84e77ccaeb63,30,male,108,confounded,b,1,2.7970000000000255,89,67,-17,87,61,-12,46.33333333,45.33333333,1,45.67518169,41.90730512,3.76787657,-17,-12,-5,-0.59,-0.51,-0.08,FALSE
11,64526be1abfd84e77ccaeb63,30,male,109,confounded,b,1,2.030800000190766,66,64,-14,70,50,-1,38.66666667,39.66666667,-1,37.24990679,29.89239963,7.357507157,-14,-1,-13,-0.71,-0.48,-0.23,FALSE
11,64526be1abfd84e77ccaeb63,30,male,110,unconfounded,b,1,7.897700000286136,74,33,-32,94,35,-27,25,34,-9,43.64248694,49.40310382,-5.760616872,-32,-27,-5,-0.27,-0.03,-0.24,FALSE
11,64526be1abfd84e77ccaeb63,30,male,111,confounded,b,1,2.6474000000954447,65,62,-49,72,57,-42,26,29,-3,53.04714884,50.57667447,2.470474374,-49,-42,-7,-0.71,-0.66,-0.05,FALSE
11,64526be1abfd84e77ccaeb63,30,male,112,confounded,b,1,3.247500000000059,84,74,-73,96,33,-62,28.33333333,22.33333333,6,71.76969339,64.9427098,6.826983592,-73,-62,-11,-0.7,-0.24,-0.46,FALSE
11,64526be1abfd84e77ccaeb63,30,male,113,unconfounded,a,0,3.5807000002861287,63,43,-58,93,3,-51,16,15,1,52.95910372,59.39696962,-6.437865901,-58,-51,-7,-0.63,0.29,-0.92,FALSE
11,64526be1abfd84e77ccaeb63,30,male,115,confounded,a,0,3.1970000000000027,59,54,-8,62,28,-3,35,29,6,30.47403266,26.54555832,3.928474339,-8,-3,-5,-0.69,0.06,-0.75,FALSE
11,64526be1abfd84e77ccaeb63,30,male,116,confounded,a,0,2.6140000000000327,69,40,-29,65,14,-17,26.66666667,20.66666667,6,41.10420362,33.80663972,7.297563908,-29,-17,-12,-0.45,0.29,-0.74,FALSE
11,64526be1abfd84e77ccaeb63,30,male,117,unconfounded,b,1,2.0475000000000136,65,38,-26,81,20,-21,25.66666667,26.66666667,-1,38.16047985,41.90730512,-3.74682527,-26,-21,-5,-0.45,0.23,-0.68,FALSE
11,64526be1abfd84e77ccaeb63,30,male,118,unconfounded,a,0,2.463999999999942,70,16,-49,84,3,-41,12.33333333,15.33333333,-3,48.65068231,51.77086268,-3.12018037,-49,-41,-8,-0.11,0.34,-0.45,FALSE
11,64526be1abfd84e77ccaeb63,30,male,119,confounded,b,1,2.31409999990467,51,45,-68,56,48,-58,9.333333333,15.33333333,-6,54.73775865,51.95724738,2.780511269,-68,-58,-10,-0.7,-0.69,-0.01,FALSE
11,64526be1abfd84e77ccaeb63,30,male,120,unconfounded,a,0,4.597099999904685,52,34,-65,75,3,-57,7,7,0,51.4392846,53.96295025,-2.523665654,-65,-57,-8,-0.64,0.11,-0.75,FALSE
11,64526be1abfd84e77ccaeb63,30,male,121,unconfounded,b,1,2.230599999904598,60,34,-88,93,15,-75,2,11,-9,64.51873113,68.64400921,-4.125278077,-88,-75,-13,-0.62,-0.09,-0.53,FALSE
11,64526be1abfd84e77ccaeb63,30,male,122,confounded,b,1,1.747300000190762,80,43,-41,81,8,-34,27.33333333,18.33333333,9,50.62498285,47.5137407,3.111242151,-41,-34,-7,-0.43,0.32,-0.75,FALSE
11,64526be1abfd84e77ccaeb63,30,male,123,unconfounded,b,1,1.897599999904628,76,42,-93,97,33,-87,8.333333333,14.33333333,-6,72.9855389,76.26853145,-3.282992543,-93,-87,-6,-0.59,-0.35,-0.24,FALSE
11,64526be1abfd84e77ccaeb63,30,male,124,confounded,a,0,4.880599999904689,82,65,-29,77,59,-18,39.33333333,39.33333333,0,48.81484292,41.20140235,7.613440566,-29,-18,-11,-0.64,-0.61,-0.03,FALSE
11,64526be1abfd84e77ccaeb63,30,male,125,unconfounded,a,0,91.04480000019078,77,67,-13,98,10,-4,43.66666667,34.66666667,9,40.27681991,45.14667454,-4.86985463,-13,-4,-9,-0.67,0.66,-1.33,FALSE
11,64526be1abfd84e77ccaeb63,30,male,126,confounded,b,1,2.9471999998092997,62,49,-44,69,55,-30,22.33333333,31.33333333,-9,47.20404879,43.74420597,3.459842825,-44,-30,-14,-0.67,-0.65,-0.02,FALSE
11,64526be1abfd84e77ccaeb63,30,male,127,unconfounded,a,0,6.513599999904727,57,37,-65,85,1,-54,9.666666667,10.66666667,-1,53.42492136,57.15670467,-3.731783312,-65,-54,-11,-0.63,0.25,-0.88,FALSE
11,64526be1abfd84e77ccaeb63,30,male,128,confounded,b,1,1.6806999998092351,67,51,-70,80,45,-59,16,22,-6,61.16098975,59.03106527,2.129924478,-70,-59,-11,-0.67,-0.53,-0.14,FALSE
11,64526be1abfd84e77ccaeb63,30,male,129,confounded,b,1,1.4139999999999873,95,75,-28,96,64,-15,47.33333333,48.33333333,-1,53.89083616,46.64999702,7.240839139,-28,-15,-13,-0.63,-0.47,-0.16,FALSE
11,64526be1abfd84e77ccaeb63,30,male,130,confounded,a,0,2.5643999996185585,82,80,-87,96,60,-78,25,26,-1,79.20016835,74.99333304,4.206835313,-87,-78,-9,-0.71,-0.59,-0.12,FALSE
11,64526be1abfd84e77ccaeb63,30,male,131,unconfounded,b,1,2.230700000286106,58,54,-47,89,7,-34,21.66666667,20.66666667,1,48.58211834,51.13598429,-2.553865948,-47,-34,-13,-0.7,0.38,-1.08,FALSE
11,64526be1abfd84e77ccaeb63,30,male,132,confounded,a,0,2.781100000381457,81,48,-42,79,15,-34,29,20,9,51.98076567,46.26733909,5.713426581,-42,-34,-8,-0.5,0.16,-0.66,FALSE
11,64526be1abfd84e77ccaeb63,30,male,133,unconfounded,b,1,1.397599999904628,62,45,-31,84,8,-19,25.33333333,24.33333333,1,40.43375927,43.60682923,-3.173069958,-31,-19,-12,-0.61,0.51,-1.12,FALSE
11,64526be1abfd84e77ccaeb63,30,male,134,confounded,a,0,2.614100000381427,99,63,-12,93,52,-4,50,47,3,46.23851209,39.75759885,6.480913232,-12,-4,-8,-0.4,-0.19,-0.21,FALSE
11,64526be1abfd84e77ccaeb63,30,male,135,confounded,b,1,3.7469999999999577,98,40,-65,99,32,-55,24.33333333,25.33333333,-1,67.46027638,63.04671989,4.413556487,-65,-55,-10,-0.34,-0.16,-0.18,FALSE
11,64526be1abfd84e77ccaeb63,30,male,136,confounded,a,0,2.497099999904549,80,73,-34,85,63,-29,39.66666667,39.66666667,0,52.16853032,49.37835783,2.790172486,-34,-29,-5,-0.7,-0.6,-0.1,FALSE
11,64526be1abfd84e77ccaeb63,30,male,137,confounded,b,1,2.0475000000000136,83,79,-38,99,58,-24,41.33333333,44.33333333,-3,56.12090124,51.13598429,4.98491695,-38,-24,-14,-0.7,-0.38,-0.32,FALSE
11,64526be1abfd84e77ccaeb63,30,male,138,unconfounded,b,1,5.3971999998092315,65,10,-62,90,1,-51,4.333333333,13.33333333,-9,52.00213671,58.21988969,-6.217752982,-62,-51,-11,-0.16,0.31,-0.47,FALSE
11,64526be1abfd84e77ccaeb63,30,male,139,unconfounded,b,1,1.8807000002860832,72,70,-34,99,2,-20,36,27,9,49.50420858,51.69784006,-2.193631483,-34,-20,-14,-0.71,0.61,-1.32,FALSE
11,64526be1abfd84e77ccaeb63,30,male,140,confounded,b,1,1.8473000001906712,93,65,-15,92,30,-6,47.66666667,38.66666667,9,45.7626728,40.47495796,5.28771484,-15,-6,-9,-0.51,0.31,-0.82,FALSE
11,64526be1abfd84e77ccaeb63,30,male,141,unconfounded,a,0,1.547300000190717,61,43,-79,96,2,-73,8.333333333,8.333333333,0,62.18967403,69.13915115,-6.949477127,-79,-73,-6,-0.66,0.14,-0.8,FALSE
11,64526be1abfd84e77ccaeb63,30,male,142,unconfounded,b,1,2.147599999904628,71,42,-92,95,21,-86,7,10,-3,70.99765254,74.30118886,-3.303536321,-92,-86,-6,-0.62,-0.22,-0.4,FALSE
11,64526be1abfd84e77ccaeb63,30,male,143,confounded,b,1,1.5139000000954184,88,64,-15,89,47,-2,45.66666667,44.66666667,1,44.00252518,37.18721405,6.815311129,-15,-2,-13,-0.55,-0.09,-0.46,FALSE
11,64526be1abfd84e77ccaeb63,30,male,144,unconfounded,a,0,2.5475000000000136,80,55,-43,97,5,-37,30.66666667,21.66666667,9,53.08065142,55.96030339,-2.879651967,-43,-37,-6,-0.59,0.42,-1.01,FALSE
11,64526be1abfd84e77ccaeb63,30,male,145,confounded,b,1,2.2471999998092542,96,51,-91,99,54,-79,18.66666667,24.66666667,-6,79.69246444,75.57042337,4.122041069,-91,-79,-12,-0.54,-0.52,-0.02,FALSE
11,64526be1abfd84e77ccaeb63,30,male,146,unconfounded,a,0,2.2308000001906976,76,48,-37,99,1,-31,29,23,6,48.04858652,55.30521374,-7.256627218,-37,-31,-6,-0.53,0.53,-1.06,FALSE
11,64526be1abfd84e77ccaeb63,30,male,147,unconfounded,a,0,1.1471000003814424,72,34,-68,95,3,-57,12.66666667,13.66666667,-1,59.11194653,62.51044357,-3.398497045,-68,-57,-11,-0.49,0.25,-0.74,FALSE
11,64526be1abfd84e77ccaeb63,30,male,148,confounded,b,1,2.5806999998092124,95,89,-13,98,73,-3,57,56,1,49.55804677,42.94958285,6.608463927,-13,-3,-10,-0.7,-0.53,-0.17,FALSE
11,64526be1abfd84e77ccaeb63,30,male,149,confounded,b,1,1.980700000286106,82,57,-23,90,38,-9,38.66666667,39.66666667,-1,44.78342948,40.43375927,4.349670203,-23,-9,-14,-0.55,0.06,-0.61,FALSE
11,64526be1abfd84e77ccaeb63,30,male,150,unconfounded,a,0,1.1809999999999263,68,28,-25,85,2,-13,23.66666667,24.66666667,-1,38.09053542,43.09936839,-5.008832965,-25,-13,-12,-0.17,0.64,-0.81,FALSE
11,64526be1abfd84e77ccaeb63,30,male,151,confounded,b,1,2.0126999998093424,79,76,-68,85,37,-62,29,20,9,68.60029154,61.20457499,7.395716552,-68,-62,-6,-0.71,-0.4,-0.31,FALSE
11,64526be1abfd84e77ccaeb63,30,male,152,unconfounded,a,0,1.7473999996185512,64,49,-69,94,7,-60,14.66666667,13.66666667,1,59.4773533,63.04671989,-3.56936659,-69,-60,-9,-0.67,0.16,-0.83,FALSE
11,64526be1abfd84e77ccaeb63,30,male,153,unconfounded,b,1,1.8138999996184568,79,56,-16,99,19,-8,39.66666667,36.66666667,3,40.46672158,45.4337124,-4.966990816,-16,-8,-8,-0.54,0.52,-1.06,FALSE
11,64526be1abfd84e77ccaeb63,30,male,154,unconfounded,b,1,1.6472999997139368,81,51,-42,96,4,-37,30,21,9,52.36410985,55.61174936,-3.247639512,-42,-37,-5,-0.54,0.43,-0.97,FALSE
11,64526be1abfd84e77ccaeb63,30,male,155,unconfounded,b,1,1.7473000001906485,77,49,-72,97,6,-67,18,12,6,64.65807503,67.08700818,-2.42893315,-72,-67,-5,-0.61,0.13,-0.74,FALSE
11,64526be1abfd84e77ccaeb63,30,male,156,unconfounded,b,1,1.3642000002860186,63,60,-29,84,5,-22,31.33333333,22.33333333,9,42.67968551,44.97653709,-2.296851579,-29,-22,-7,-0.7,0.52,-1.22,FALSE
11,64526be1abfd84e77ccaeb63,30,male,157,confounded,b,1,1.26400000000001,93,73,-18,97,48,-6,49.33333333,46.33333333,3,48.30688932,42.06608557,6.240803743,-18,-6,-12,-0.62,-0.06,-0.56,FALSE
11,64526be1abfd84e77ccaeb63,30,male,158,unconfounded,b,1,2.880700000286083,64,23,-82,89,11,-77,1.666666667,7.666666667,-6,61.48351179,67.81019261,-6.326680822,-82,-77,-5,-0.48,-0.07,-0.41,FALSE
11,64526be1abfd84e77ccaeb63,30,male,159,confounded,b,1,1.614199999809216,79,27,-34,70,26,-24,24,24,0,46.18080409,38.40138886,7.779415229,-34,-24,-10,-0.1,-0.08,-0.02,FALSE
11,64526be1abfd84e77ccaeb63,30,male,160,confounded,b,1,1.5473000001908304,45,24,-31,48,17,-18,12.66666667,15.66666667,-3,32.0451071,26.96087701,5.084230092,-31,-18,-13,-0.49,-0.07,-0.42,FALSE
11,64526be1abfd84e77ccaeb63,30,male,161,unconfounded,a,0,2.21390000009535,92,54,-10,99,11,-1,45.33333333,36.33333333,9,42.08985098,44.58200933,-2.492158346,-10,-1,-9,-0.3,0.67,-0.97,FALSE
11,64526be1abfd84e77ccaeb63,30,male,162,unconfounded,a,0,2.147400000095331,58,49,-41,85,1,-29,22,19,3,44.69899328,48.24935233,-3.55035905,-41,-29,-12,-0.69,0.51,-1.2,FALSE
11,64526be1abfd84e77ccaeb63,30,male,163,confounded,a,0,2.7637999997139104,79,75,-24,86,58,-11,43.33333333,44.33333333,-1,47.6398526,40.76218291,6.877669688,-24,-11,-13,-0.7,-0.47,-0.23,FALSE
11,64526be1abfd84e77ccaeb63,30,male,164,confounded,b,1,2.5140999999046016,49,11,-37,57,15,-22,7.666666667,16.66666667,-9,35.18838192,32.27313985,2.915242074,-37,-22,-15,-0.14,0.08,-0.22,FALSE
11,64526be1abfd84e77ccaeb63,30,male,165,unconfounded,b,1,2.3812000002860714,64,56,-58,94,9,-50,20.66666667,17.66666667,3,55.72152985,59.10630724,-3.384777389,-58,-50,-8,-0.7,0.22,-0.92,FALSE
11,64526be1abfd84e77ccaeb63,30,male,166,confounded,b,1,7.9305999999046435,42,40,-31,59,28,-18,17,23,-6,33.950945,31.63331577,2.317629233,-31,-18,-13,-0.71,-0.23,-0.48,FALSE
11,64526be1abfd84e77ccaeb63,30,male,167,confounded,b,1,1.613999999999919,52,14,-16,53,17,-2,16.66666667,22.66666667,-6,27.82484901,22.80838053,5.01646848,-16,-2,-14,0.14,0.36,-0.22,FALSE
11,64526be1abfd84e77ccaeb63,30,male,168,unconfounded,b,1,1.2640999999046016,72,62,-10,99,53,-1,41.33333333,50.33333333,-9,36.52700675,40.86835233,-4.341345579,-10,-1,-9,-0.67,-0.1,-0.57,FALSE
11,64526be1abfd84e77ccaeb63,30,male,169,confounded,b,1,1.3140999999045562,85,77,-20,97,78,-6,47.33333333,56.33333333,-9,47.72374205,44.75364665,2.970095399,-20,-6,-14,-0.69,-0.61,-0.08,FALSE
11,64526be1abfd84e77ccaeb63,30,male,170,confounded,b,1,1.5808000001907203,67,16,-14,66,5,-2,23,23,0,33.43650699,30.53959179,2.896915205,-14,-2,-12,0.3,0.68,-0.38,FALSE
11,64526be1abfd84e77ccaeb63,30,male,171,unconfounded,b,1,2.3307999997139177,69,66,-55,96,34,-50,26.66666667,26.66666667,0,57.76004001,59.82938706,-2.069347044,-55,-50,-5,-0.71,-0.18,-0.53,FALSE
11,64526be1abfd84e77ccaeb63,30,male,172,confounded,a,0,3.2809000000953574,91,40,-37,81,27,-32,31.33333333,25.33333333,6,52.61389761,46.14710777,6.466789845,-37,-32,-5,-0.24,-0.05,-0.19,FALSE
11,64526be1abfd84e77ccaeb63,30,male,173,confounded,b,1,2.397599999904628,78,64,-50,80,54,-42,30.66666667,30.66666667,0,57.32558087,52.46797965,4.857601218,-50,-42,-8,-0.68,-0.58,-0.1,FALSE
11,64526be1abfd84e77ccaeb63,30,male,174,unconfounded,a,0,1.6806999998092351,51,48,-71,84,26,-64,9.333333333,15.33333333,-6,56.81744646,60.88969991,-4.072253454,-71,-64,-7,-0.71,-0.26,-0.45,FALSE
11,64526be1abfd84e77ccaeb63,30,male,175,confounded,a,0,1.9472999997138911,58,36,-89,59,29,-74,1.666666667,4.666666667,-3,64.73707507,56.95807425,7.779000822,-89,-74,-15,-0.65,-0.56,-0.09,FALSE
11,64526be1abfd84e77ccaeb63,30,male,176,unconfounded,a,0,2.1974000000953993,61,49,-22,81,3,-14,29.33333333,23.33333333,6,36.62725154,41.36289266,-4.735641114,-22,-14,-8,-0.65,0.62,-1.27,FALSE
11,64526be1abfd84e77ccaeb63,30,male,177,unconfounded,b,1,1.4139999999999873,73,50,-46,98,7,-31,25.66666667,24.66666667,1,51.53855084,54.12536887,-2.586818037,-46,-31,-15,-0.6,0.45,-1.05,FALSE
11,64526be1abfd84e77ccaeb63,30,male,178,confounded,a,0,1.0639000000953729,82,78,-17,89,62,-11,47.66666667,46.66666667,1,45.75538827,42.24005471,3.515333554,-17,-11,-6,-0.7,-0.5,-0.2,FALSE
11,64526be1abfd84e77ccaeb63,30,male,179,confounded,b,1,1.147599999904628,67,34,-59,77,37,-45,14,23,-9,53.34791467,50.78057371,2.56734096,-59,-45,-14,-0.51,-0.39,-0.12,FALSE
11,64526be1abfd84e77ccaeb63,30,male,180,unconfounded,b,1,2.197499999999991,57,52,-69,95,11,-63,13.33333333,14.33333333,-1,58.25423208,64.54627969,-6.29204761,-69,-63,-6,-0.7,0.08,-0.78,FALSE
11,64526be1abfd84e77ccaeb63,30,male,181,unconfounded,b,1,1.0305999999045523,76,54,-46,97,16,-38,28,25,3,53.09111665,55.47972603,-2.388609381,-46,-38,-8,-0.62,0.24,-0.86,FALSE
11,64526be1abfd84e77ccaeb63,30,male,182,unconfounded,b,1,1.7134000000954757,78,35,-19,87,10,-12,31.33333333,28.33333333,3,39.68486977,42.44473531,-2.759865537,-19,-12,-7,-0.14,0.57,-0.71,FALSE
11,64526be1abfd84e77ccaeb63,30,male,183,unconfounded,a,0,2.3138000001906676,85,48,-45,99,2,-40,29.33333333,20.33333333,9,54.68901982,58.20843772,-3.519417903,-45,-40,-5,-0.47,0.44,-0.91,FALSE
11,64526be1abfd84e77ccaeb63,30,male,184,confounded,b,1,3.097100000381488,30,4,-19,23,3,-8,5,6,-1,20.01665973,12.83225104,7.184408691,-19,-8,-11,0.07,0.34,-0.27,FALSE
11,64526be1abfd84e77ccaeb63,30,male,185,confounded,b,1,2.247200000286057,57,56,-92,65,49,-84,7,10,-3,70.00476174,66.78822251,3.216539228,-92,-84,-8,-0.71,-0.68,-0.03,FALSE
11,64526be1abfd84e77ccaeb63,30,male,186,unconfounded,b,1,1.997000000000071,57,55,-50,97,16,-42,20.66666667,23.66666667,-3,49.97554958,57.00487309,-7.029323509,-50,-42,-8,-0.71,0.2,-0.91,FALSE
11,64526be1abfd84e77ccaeb63,30,male,187,confounded,a,0,3.263899999618502,91,73,-19,96,36,-14,48.33333333,39.33333333,9,48.17560471,44.96912521,3.206479496,-19,-14,-5,-0.63,0.11,-0.74,FALSE
11,64526be1abfd84e77ccaeb63,30,male,188,unconfounded,a,0,1.547599999904719,61,53,-28,85,3,-20,28.66666667,22.66666667,6,40.20226638,45.0653846,-4.863118215,-28,-20,-8,-0.69,0.57,-1.26,FALSE
11,64526be1abfd84e77ccaeb63,30,male,189,unconfounded,a,0,2.2975000000000136,63,32,-59,96,5,-47,12,18,-6,51.77515492,59.09878735,-7.323632437,-59,-47,-12,-0.52,0.32,-0.84,FALSE
11,64526be1abfd84e77ccaeb63,30,male,190,confounded,b,1,2.5140999999046016,82,63,-26,93,35,-12,39.66666667,38.66666667,1,47.07676945,42.94440851,4.132360945,-26,-12,-14,-0.62,0.13,-0.75,FALSE
11,64526be1abfd84e77ccaeb63,30,male,191,unconfounded,b,1,1.9143000001906785,65,27,-35,83,18,-26,19,25,-6,41.21488404,44.77350407,-3.558620027,-35,-26,-9,-0.28,0.23,-0.51,FALSE
11,64526be1abfd84e77ccaeb63,30,male,192,confounded,b,1,3.0964000000952865,39,30,-45,49,34,-32,8,17,-9,37.65634077,35.18522417,2.471116596,-45,-32,-13,-0.68,-0.61,-0.07,FALSE
11,64526be1abfd84e77ccaeb63,30,male,193,confounded,b,1,1.6138999996185248,92,55,-16,86,47,-5,43.66666667,42.66666667,1,44.8131925,37.27674282,7.536449678,-16,-5,-11,-0.36,-0.17,-0.19,FALSE
11,64526be1abfd84e77ccaeb63,30,male,194,unconfounded,b,1,1.997699999809356,71,45,-35,95,9,-23,27,27,0,45.10727953,49.82636518,-4.719085645,-35,-23,-12,-0.54,0.49,-1.03,FALSE
11,64526be1abfd84e77ccaeb63,30,male,195,confounded,b,1,2.6139000000953274,84,56,-46,86,24,-34,31.33333333,25.33333333,6,55.86491644,48.9988662,6.86605024,-46,-34,-12,-0.58,0.04,-0.62,FALSE
11,64526be1abfd84e77ccaeb63,30,male,196,confounded,b,1,2.713799999713956,75,56,-40,78,43,-30,30.33333333,30.33333333,0,50.33443707,44.99135719,5.343079879,-40,-30,-10,-0.63,-0.4,-0.23,FALSE
11,64526be1abfd84e77ccaeb63,30,male,197,confounded,b,1,1.764300000190815,88,81,-45,99,73,-30,41.33333333,47.33333333,-6,61.11373732,55.70358058,5.410156742,-45,-30,-15,-0.7,-0.59,-0.11,FALSE
11,64526be1abfd84e77ccaeb63,30,male,198,confounded,b,1,1.9139999999999873,81,78,-44,94,63,-33,38.33333333,41.33333333,-3,58.2313394,54.06374838,4.167591025,-44,-33,-11,-0.71,-0.54,-0.17,FALSE
11,64526be1abfd84e77ccaeb63,30,male,199,confounded,a,0,3.764199999809307,60,35,-17,52,7,-8,26,17,9,32.07283378,25.49509757,6.577736212,-17,-8,-9,-0.4,0.53,-0.93,FALSE
11,64526be1abfd84e77ccaeb63,30,male,200,confounded,b,1,2.6807999997139405,77,61,-18,90,60,-3,40,49,-9,41.52910626,38.75564475,2.773461509,-18,-3,-15,-0.63,-0.4,-0.23,FALSE
11,64526be1abfd84e77ccaeb63,30,male,201,unconfounded,a,0,5.213999999999942,64,57,-33,97,1,-19,29.33333333,26.33333333,3,44.16886787,50.63156679,-6.46269892,-33,-19,-14,-0.69,0.63,-1.32,FALSE
11,64526be1abfd84e77ccaeb63,30,male,202,confounded,a,0,2.63090000009538,81,74,-67,96,32,-58,29.33333333,23.33333333,6,68.17787194,63.16820579,5.009666154,-67,-58,-9,-0.7,-0.2,-0.5,FALSE
11,64526be1abfd84e77ccaeb63,30,male,203,unconfounded,a,0,1.547400000095422,49,33,-54,78,3,-44,9.333333333,12.33333333,-3,45.25728916,50.24163833,-4.98434917,-54,-44,-10,-0.64,0.27,-0.91,FALSE
11,64526be1abfd84e77ccaeb63,30,male,204,confounded,b,1,1.6295000000000073,74,51,-26,76,46,-14,33,36,-3,42.76291228,37.41657387,5.346338412,-26,-14,-12,-0.56,-0.38,-0.18,FALSE
11,64526be1abfd84e77ccaeb63,30,male,205,unconfounded,b,1,1.613900000095441,72,70,-17,94,24,-11,41.66666667,35.66666667,6,41.49163236,43.65266951,-2.161037156,-17,-11,-6,-0.71,0.38,-1.09,FALSE
11,64526be1abfd84e77ccaeb63,30,male,206,confounded,b,1,1.5141999998091933,88,55,-57,98,39,-42,28.66666667,31.66666667,-3,62.05553069,57.38950736,4.666023323,-57,-42,-15,-0.56,-0.19,-0.37,FALSE
11,64526be1abfd84e77ccaeb63,30,male,207,confounded,b,1,2.414199999809284,83,50,-11,85,29,-1,40.66666667,37.66666667,3,38.93869826,35.64017708,3.298521182,-11,-1,-10,-0.35,0.35,-0.7,FALSE
11,64526be1abfd84e77ccaeb63,30,male,208,confounded,b,1,2.1805999999046435,81,40,-65,84,42,-52,18.66666667,24.66666667,-6,61.48351179,56.85849883,4.625012964,-65,-52,-13,-0.48,-0.43,-0.05,FALSE
11,64526be1abfd84e77ccaeb63,30,male,209,confounded,b,1,1.9140999999046928,96,61,-17,93,41,-3,46.66666667,43.66666667,3,47.23228651,39.23717059,7.995115924,-17,-3,-14,-0.43,0.1,-0.53,FALSE
11,64526be1abfd84e77ccaeb63,30,male,210,unconfounded,b,1,2.113900000095555,66,36,-14,80,11,-6,29.33333333,28.33333333,1,32.99831646,37.18721405,-4.188897596,-14,-6,-8,-0.29,0.6,-0.89,FALSE
11,64526be1abfd84e77ccaeb63,30,male,211,unconfounded,b,1,7.097500000000082,74,36,-41,90,6,-30,23,22,1,47.84001115,50.27922036,-2.439209212,-41,-30,-11,-0.39,0.45,-0.84,FALSE
11,64526be1abfd84e77ccaeb63,30,male,212,unconfounded,b,1,1.8309000000951985,74,35,-30,97,8,-17,26.33333333,29.33333333,-3,42.89781139,48.92397731,-6.026165915,-30,-17,-13,-0.29,0.57,-0.86,FALSE
11,64526be1abfd84e77ccaeb63,30,male,214,confounded,a,0,2.3807000002859695,53,43,-8,49,31,-1,29.33333333,26.33333333,3,26.71246068,20.67741656,6.035044121,-8,-1,-7,-0.63,-0.33,-0.3,FALSE
11,64526be1abfd84e77ccaeb63,30,male,215,unconfounded,b,1,1.6139000000953274,49,31,-74,83,4,-63,2,8,-6,54.24020649,59.67132198,-5.431115489,-74,-63,-11,-0.65,0.1,-0.75,FALSE
11,64526be1abfd84e77ccaeb63,30,male,216,unconfounded,b,1,1.6307000002859695,71,48,-19,96,7,-6,33.33333333,32.33333333,1,38.17794593,45.33088229,-7.152936355,-19,-6,-13,-0.52,0.66,-1.18,FALSE
11,64526be1abfd84e77ccaeb63,30,male,217,unconfounded,b,1,2.0473999996186194,84,46,-12,97,13,-1,39.33333333,36.33333333,3,39.47432358,43.27688631,-3.802562731,-12,-1,-11,-0.25,0.65,-0.9,FALSE
11,64526be1abfd84e77ccaeb63,30,male,218,confounded,a,0,1.2471999998092542,90,19,-42,81,3,-35,22.33333333,16.33333333,6,53.94029621,48.2861839,5.654112314,-42,-35,-7,0.09,0.39,-0.3,FALSE
11,64526be1abfd84e77ccaeb63,30,male,219,confounded,a,0,1.9971999998092544,60,58,-24,72,31,-12,31.33333333,30.33333333,1,39.13509366,34.29609631,4.838997345,-24,-12,-12,-0.71,-0.03,-0.68,FALSE
12,662e3e72d494903379b6956a,31,male,0,unconfounded,a,0,10.796999999999995,76,64,-21,97,15,-11,39.66666667,33.66666667,6,43.17663977,46.02414825,-2.847508476,-21,-11,-10,-0.67,0.54,-1.21,FALSE
12,662e3e72d494903379b6956a,31,male,1,unconfounded,b,1,3.408999999999992,72,62,-10,99,53,-1,41.33333333,50.33333333,-9,36.52700675,40.86835233,-4.341345579,-10,-1,-9,-0.67,-0.1,-0.57,FALSE
12,662e3e72d494903379b6956a,31,male,2,confounded,b,1,5.153999999999996,81,8,-35,75,6,-24,18,19,-1,47.88179891,41.44876355,6.433035356,-35,-24,-11,0.3,0.44,-0.14,FALSE
12,662e3e72d494903379b6956a,31,male,4,confounded,b,1,10.97399999999999,86,67,-20,98,40,-5,44.33333333,44.33333333,0,46.14710777,42.16106682,3.986040948,-20,-5,-15,-0.62,0.15,-0.77,FALSE
12,662e3e72d494903379b6956a,31,male,5,confounded,a,0,3.141999999999996,82,57,-23,90,38,-9,38.66666667,39.66666667,-1,44.78342948,40.43375927,4.349670203,-23,-9,-14,-0.55,0.06,-0.61,FALSE
12,662e3e72d494903379b6956a,31,male,6,confounded,b,1,2.576000000000022,88,81,-45,99,73,-30,41.33333333,47.33333333,-6,61.11373732,55.70358058,5.410156742,-45,-30,-15,-0.7,-0.59,-0.11,FALSE
12,662e3e72d494903379b6956a,31,male,7,unconfounded,a,0,6.288999999999987,45,38,-33,83,15,-21,16.66666667,25.66666667,-9,35.23571421,43.12256434,-7.886850138,-33,-21,-12,-0.69,0.36,-1.05,FALSE
12,662e3e72d494903379b6956a,31,male,8,unconfounded,b,1,5.456999999999994,80,45,-79,99,3,-74,15.33333333,9.333333333,6,68.2169741,70.76879413,-2.551820026,-79,-74,-5,-0.57,0.13,-0.7,FALSE
12,662e3e72d494903379b6956a,31,male,9,unconfounded,b,1,2.891999999999996,69,32,-47,87,24,-39,18,24,-6,48.38043682,51.4392846,-3.058847781,-47,-39,-8,-0.41,0,-0.41,FALSE
12,662e3e72d494903379b6956a,31,male,10,unconfounded,a,0,8.346000000000004,66,36,-14,80,11,-6,29.33333333,28.33333333,1,32.99831646,37.18721405,-4.188897596,-14,-6,-8,-0.29,0.6,-0.89,FALSE
12,662e3e72d494903379b6956a,31,male,11,unconfounded,a,0,3.924000000000035,71,42,-92,95,21,-86,7,10,-3,70.99765254,74.30118886,-3.303536321,-92,-86,-6,-0.62,-0.22,-0.4,FALSE
12,662e3e72d494903379b6956a,31,male,12,unconfounded,b,1,8.021000000000015,39,29,-22,58,1,-13,15.33333333,15.33333333,0,26.71246068,30.70649587,-3.994035195,-22,-13,-9,-0.63,0.6,-1.23,FALSE
12,662e3e72d494903379b6956a,31,male,13,unconfounded,a,0,4.093000000000018,76,48,-37,99,1,-31,29,23,6,48.04858652,55.30521374,-7.256627218,-37,-31,-6,-0.53,0.53,-1.06,FALSE
12,662e3e72d494903379b6956a,31,male,14,confounded,a,0,11.908000000000015,75,56,-40,78,43,-30,30.33333333,30.33333333,0,50.33443707,44.99135719,5.343079879,-40,-30,-10,-0.63,-0.4,-0.23,FALSE
12,662e3e72d494903379b6956a,31,male,15,confounded,a,0,13.025000000000034,82,80,-87,96,60,-78,25,26,-1,79.20016835,74.99333304,4.206835313,-87,-78,-9,-0.71,-0.59,-0.12,FALSE
12,662e3e72d494903379b6956a,31,male,16,unconfounded,a,0,3.005999999999972,50,26,-17,66,7,-11,19.66666667,20.66666667,-1,27.71682201,32.88701196,-5.17018995,-17,-11,-6,-0.33,0.55,-0.88,FALSE
12,662e3e72d494903379b6956a,31,male,17,unconfounded,a,0,10.907000000000041,76,54,-46,97,16,-38,28,25,3,53.09111665,55.47972603,-2.388609381,-46,-38,-8,-0.62,0.24,-0.86,FALSE
12,662e3e72d494903379b6956a,31,male,18,unconfounded,b,1,5.892999999999972,67,35,-44,90,1,-33,19.33333333,19.33333333,0,46.64999702,51.86092513,-5.210928109,-44,-33,-11,-0.47,0.49,-0.96,FALSE
12,662e3e72d494903379b6956a,31,male,19,confounded,a,0,5.586999999999989,99,38,-35,87,15,-27,34,25,9,54.77834122,47.07440918,7.703932035,-35,-27,-8,-0.11,0.31,-0.42,FALSE
12,662e3e72d494903379b6956a,31,male,20,confounded,b,1,11.341000000000008,65,30,-84,74,33,-69,3.666666667,12.66666667,-9,63.61516241,60.12394605,3.491216361,-84,-69,-15,-0.55,-0.47,-0.08,FALSE
12,662e3e72d494903379b6956a,31,male,21,confounded,a,0,8.743999999999971,93,88,-12,97,64,-1,56.33333333,53.33333333,3,48.36206043,40.71308826,7.64897217,-12,-1,-11,-0.7,-0.38,-0.32,FALSE
12,662e3e72d494903379b6956a,31,male,22,unconfounded,a,0,9.221000000000004,66,61,-25,89,4,-18,34,25,9,41.76920716,46.13747573,-4.368268571,-25,-18,-7,-0.7,0.59,-1.29,FALSE
12,662e3e72d494903379b6956a,31,male,23,unconfounded,a,0,5.3910000000000196,64,57,-33,97,1,-19,29.33333333,26.33333333,3,44.16886787,50.63156679,-6.46269892,-33,-19,-14,-0.69,0.63,-1.32,FALSE
12,662e3e72d494903379b6956a,31,male,24,unconfounded,b,1,14.074999999999989,63,32,-59,96,5,-47,12,18,-6,51.77515492,59.09878735,-7.323632437,-59,-47,-12,-0.52,0.32,-0.84,FALSE
12,662e3e72d494903379b6956a,31,male,25,confounded,a,0,10.305000000000009,82,65,-29,77,59,-18,39.33333333,39.33333333,0,48.81484292,41.20140235,7.613440566,-29,-18,-11,-0.64,-0.61,-0.03,FALSE
12,662e3e72d494903379b6956a,31,male,26,unconfounded,b,1,4.858000000000004,55,19,-13,73,1,-4,20.33333333,23.33333333,-3,27.77688887,35.17890782,-7.402018947,-13,-4,-9,0.07,0.7,-0.63,FALSE
12,662e3e72d494903379b6956a,31,male,27,confounded,a,0,10.558999999999967,79,76,-68,85,37,-62,29,20,9,68.60029154,61.20457499,7.395716552,-68,-62,-6,-0.71,-0.4,-0.31,FALSE
12,662e3e72d494903379b6956a,31,male,28,confounded,a,0,3.718999999999994,92,55,-16,86,47,-5,43.66666667,42.66666667,1,44.8131925,37.27674282,7.536449678,-16,-5,-11,-0.36,-0.17,-0.19,FALSE
12,662e3e72d494903379b6956a,31,male,29,unconfounded,a,0,6.557999999999993,56,39,-78,85,2,-70,5.666666667,5.666666667,0,59.56695579,63.33157892,-3.764623132,-78,-70,-8,-0.66,0.09,-0.75,FALSE
12,662e3e72d494903379b6956a,31,male,30,confounded,b,1,13.89199999999994,80,73,-34,85,63,-29,39.66666667,39.66666667,0,52.16853032,49.37835783,2.790172486,-34,-29,-5,-0.7,-0.6,-0.1,FALSE
12,662e3e72d494903379b6956a,31,male,31,confounded,b,1,2.6410000000001332,67,51,-70,80,45,-59,16,22,-6,61.16098975,59.03106527,2.129924478,-70,-59,-11,-0.67,-0.53,-0.14,FALSE
12,662e3e72d494903379b6956a,31,male,32,confounded,a,0,6.475999999999999,57,40,-94,70,21,-79,1,4,-3,67.53270812,62.00537611,5.527332014,-94,-79,-15,-0.67,-0.39,-0.28,FALSE
12,662e3e72d494903379b6956a,31,male,33,confounded,a,0,8.906000000000063,60,35,-17,52,7,-8,26,17,9,32.07283378,25.49509757,6.577736212,-17,-8,-9,-0.4,0.53,-0.93,FALSE
12,662e3e72d494903379b6956a,31,male,34,confounded,a,0,4.894999999999982,84,74,-73,96,33,-62,28.33333333,22.33333333,6,71.76969339,64.9427098,6.826983592,-73,-62,-11,-0.7,-0.24,-0.46,FALSE
12,662e3e72d494903379b6956a,31,male,35,unconfounded,a,0,4.211000000000013,61,49,-22,81,3,-14,29.33333333,23.33333333,6,36.62725154,41.36289266,-4.735641114,-22,-14,-8,-0.65,0.62,-1.27,FALSE
12,662e3e72d494903379b6956a,31,male,36,confounded,a,0,2.394999999999982,90,67,-17,92,28,-7,46.66666667,37.66666667,9,45.98792112,40.99051381,4.997407312,-17,-7,-10,-0.58,0.34,-0.92,FALSE
12,662e3e72d494903379b6956a,31,male,37,confounded,b,1,6.5200000000000955,87,67,-40,97,42,-25,38,38,0,55.75541827,49.88653793,5.868880342,-40,-25,-15,-0.64,-0.12,-0.52,FALSE
12,662e3e72d494903379b6956a,31,male,38,confounded,b,1,9.98700000000008,82,74,-71,84,63,-59,28.33333333,29.33333333,-1,70.31516353,63.04671989,7.26844364,-71,-59,-12,-0.7,-0.65,-0.05,FALSE
12,662e3e72d494903379b6956a,31,male,39,confounded,b,1,4.008999999999901,57,2,-48,64,9,-35,3.666666667,12.66666667,-9,42.88226777,40.49965706,2.382610705,-48,-35,-13,0.06,0.14,-0.08,FALSE
12,662e3e72d494903379b6956a,31,male,40,confounded,a,0,5.059000000000083,69,48,-67,68,45,-60,16.66666667,17.66666667,-1,59.77922344,55.7155474,4.063676043,-67,-60,-7,-0.64,-0.62,-0.02,FALSE
12,662e3e72d494903379b6956a,31,male,41,confounded,a,0,5.692000000000007,81,74,-67,96,32,-58,29.33333333,23.33333333,6,68.17787194,63.16820579,5.009666154,-67,-58,-9,-0.7,-0.2,-0.5,FALSE
12,662e3e72d494903379b6956a,31,male,42,unconfounded,b,1,16.49000000000001,57,33,-78,87,14,-71,4,10,-6,58.80476171,64.56521251,-5.7604508,-78,-71,-7,-0.62,-0.09,-0.53,FALSE
12,662e3e72d494903379b6956a,31,male,43,unconfounded,b,1,18.838999999999945,64,23,-82,89,11,-77,1.666666667,7.666666667,-6,61.48351179,67.81019261,-6.326680822,-82,-77,-5,-0.48,-0.07,-0.41,FALSE
12,662e3e72d494903379b6956a,31,male,44,confounded,b,1,4.6059999999999945,85,77,-20,97,78,-6,47.33333333,56.33333333,-9,47.72374205,44.75364665,2.970095399,-20,-6,-14,-0.69,-0.61,-0.08,FALSE
12,662e3e72d494903379b6956a,31,male,45,confounded,b,1,3.191000000000031,62,49,-44,69,55,-30,22.33333333,31.33333333,-9,47.20404879,43.74420597,3.459842825,-44,-30,-14,-0.67,-0.65,-0.02,FALSE
12,662e3e72d494903379b6956a,31,male,46,confounded,a,0,10.892000000000053,84,54,-18,91,30,-4,40,39,1,42.80186912,39.3022476,3.499621515,-18,-4,-14,-0.46,0.33,-0.79,FALSE
12,662e3e72d494903379b6956a,31,male,47,confounded,b,1,5.776000000000067,66,64,-14,70,50,-1,38.66666667,39.66666667,-1,37.24990679,29.89239963,7.357507157,-14,-1,-13,-0.71,-0.48,-0.23,FALSE
12,662e3e72d494903379b6956a,31,male,48,confounded,a,0,6.524000000000001,67,16,-14,66,5,-2,23,23,0,33.43650699,30.53959179,2.896915205,-14,-2,-12,0.3,0.68,-0.38,FALSE
12,662e3e72d494903379b6956a,31,male,49,confounded,b,1,4.308999999999969,78,64,-50,80,54,-42,30.66666667,30.66666667,0,57.32558087,52.46797965,4.857601218,-50,-42,-8,-0.68,-0.58,-0.1,FALSE
12,662e3e72d494903379b6956a,31,male,50,unconfounded,a,0,5.642000000000053,62,45,-31,84,8,-19,25.33333333,24.33333333,1,40.43375927,43.60682923,-3.173069958,-31,-19,-12,-0.61,0.51,-1.12,FALSE
12,662e3e72d494903379b6956a,31,male,51,confounded,b,1,9.924999999999956,32,12,-39,37,19,-24,1.666666667,10.66666667,-9,29.89239963,25.59079696,4.301602672,-39,-24,-15,-0.48,-0.45,-0.03,FALSE
12,662e3e72d494903379b6956a,31,male,52,unconfounded,a,0,11.50500000000011,86,44,-23,97,16,-15,35.66666667,32.66666667,3,44.88751373,47.21816976,-2.33065603,-23,-15,-8,-0.27,0.49,-0.76,FALSE
12,662e3e72d494903379b6956a,31,male,53,confounded,b,1,26.140999999999963,93,87,-40,99,80,-30,46.66666667,49.66666667,-3,61.33152171,56.86436103,4.467160681,-40,-30,-10,-0.7,-0.65,-0.05,FALSE
12,662e3e72d494903379b6956a,31,male,54,confounded,b,1,6.789000000000101,73,68,-84,83,63,-71,19,25,-6,72.86059749,68.37153404,4.489063453,-84,-71,-13,-0.7,-0.66,-0.04,FALSE
12,662e3e72d494903379b6956a,31,male,55,unconfounded,a,0,5.307999999999993,71,48,-19,96,7,-6,33.33333333,32.33333333,1,38.17794593,45.33088229,-7.152936355,-19,-6,-13,-0.52,0.66,-1.18,FALSE
12,662e3e72d494903379b6956a,31,male,56,confounded,a,0,5.983000000000061,81,48,-42,79,15,-34,29,20,9,51.98076567,46.26733909,5.713426581,-42,-34,-8,-0.5,0.16,-0.66,FALSE
12,662e3e72d494903379b6956a,31,male,57,confounded,a,0,5.7409999999999854,95,89,-13,98,73,-3,57,56,1,49.55804677,42.94958285,6.608463927,-13,-3,-10,-0.7,-0.53,-0.17,FALSE
12,662e3e72d494903379b6956a,31,male,58,confounded,b,1,3.4589999999999463,96,51,-91,99,54,-79,18.66666667,24.66666667,-6,79.69246444,75.57042337,4.122041069,-91,-79,-12,-0.54,-0.52,-0.02,FALSE
12,662e3e72d494903379b6956a,31,male,59,unconfounded,a,0,4.174000000000092,71,45,-35,95,9,-23,27,27,0,45.10727953,49.82636518,-4.719085645,-35,-23,-12,-0.54,0.49,-1.03,FALSE
12,662e3e72d494903379b6956a,31,male,60,unconfounded,a,0,8.293000000000006,52,25,-28,65,9,-22,16.33333333,17.33333333,-1,33.22983933,36.00308629,-2.773246953,-28,-22,-6,-0.37,0.33,-0.7,FALSE
12,662e3e72d494903379b6956a,31,male,61,unconfounded,a,0,3.2060000000000173,52,41,-26,71,1,-14,22.33333333,19.33333333,3,34.47059939,37.04351795,-2.572918563,-26,-14,-12,-0.65,0.62,-1.27,FALSE
12,662e3e72d494903379b6956a,31,male,62,unconfounded,a,0,6.074999999999932,58,49,-41,85,1,-29,22,19,3,44.69899328,48.24935233,-3.55035905,-41,-29,-12,-0.69,0.51,-1.2,FALSE
12,662e3e72d494903379b6956a,31,male,63,unconfounded,b,1,5.87399999999991,51,48,-71,84,26,-64,9.333333333,15.33333333,-6,56.81744646,60.88969991,-4.072253454,-71,-64,-7,-0.71,-0.26,-0.45,FALSE
12,662e3e72d494903379b6956a,31,male,64,confounded,a,0,6.741999999999962,80,54,-23,85,21,-13,37,31,6,43.73404471,40.62839729,3.105647416,-23,-13,-10,-0.52,0.35,-0.87,FALSE
12,662e3e72d494903379b6956a,31,male,65,unconfounded,b,1,4.425999999999931,60,27,-47,80,4,-41,13.33333333,14.33333333,-1,44.73874781,49.93551397,-5.196766162,-47,-41,-6,-0.43,0.3,-0.73,FALSE
12,662e3e72d494903379b6956a,31,male,66,unconfounded,a,0,9.143000000000027,65,46,-24,88,13,-14,29,29,0,38.27096375,43.15089802,-4.879934267,-24,-14,-10,-0.58,0.51,-1.09,FALSE
12,662e3e72d494903379b6956a,31,male,67,confounded,a,0,2.437999999999988,99,45,-67,98,5,-53,25.66666667,16.66666667,9,69.13432979,62.19503374,6.939296048,-67,-53,-14,-0.4,0.27,-0.67,FALSE
12,662e3e72d494903379b6956a,31,male,68,confounded,b,1,2.675999999999931,65,54,-20,73,59,-6,33,42,-9,37.74475681,34.41898701,3.325769802,-20,-6,-14,-0.66,-0.62,-0.04,FALSE
12,662e3e72d494903379b6956a,31,male,69,confounded,a,0,5.941000000000031,67,65,-84,92,13,-75,16,10,6,70.71539201,68.21045863,2.504933376,-84,-75,-9,-0.71,-0.07,-0.64,FALSE
12,662e3e72d494903379b6956a,31,male,70,unconfounded,b,1,5.958999999999946,44,17,-42,71,6,-31,6.333333333,15.33333333,-9,35.91038228,42.16106682,-6.250684541,-42,-31,-11,-0.42,0.32,-0.74,FALSE
12,662e3e72d494903379b6956a,31,male,71,unconfounded,b,1,6.375,57,55,-50,97,16,-42,20.66666667,23.66666667,-3,49.97554958,57.00487309,-7.029323509,-50,-42,-8,-0.71,0.2,-0.91,FALSE
12,662e3e72d494903379b6956a,31,male,72,unconfounded,a,0,7.255999999999972,70,60,-28,92,11,-19,34,28,6,44.0302926,46.88283268,-2.852540076,-28,-19,-9,-0.68,0.5,-1.18,FALSE
12,662e3e72d494903379b6956a,31,male,73,unconfounded,b,1,9.706999999999994,58,40,-41,89,8,-31,19,22,-3,43.05810028,49.979996,-6.921895715,-41,-31,-10,-0.62,0.4,-1.02,FALSE
12,662e3e72d494903379b6956a,31,male,74,unconfounded,b,1,4.9080000000000155,74,35,-30,97,8,-17,26.33333333,29.33333333,-3,42.89781139,48.92397731,-6.026165915,-30,-17,-13,-0.29,0.57,-0.86,FALSE
12,662e3e72d494903379b6956a,31,male,75,confounded,a,0,5.576999999999998,96,61,-17,93,41,-3,46.66666667,43.66666667,3,47.23228651,39.23717059,7.995115924,-17,-3,-14,-0.43,0.1,-0.53,FALSE
12,662e3e72d494903379b6956a,31,male,76,confounded,a,0,6.7719999999999345,60,58,-24,72,31,-12,31.33333333,30.33333333,1,39.13509366,34.29609631,4.838997345,-24,-12,-12,-0.71,-0.03,-0.68,FALSE
12,662e3e72d494903379b6956a,31,male,77,confounded,a,0,2.8090000000000828,91,73,-19,96,36,-14,48.33333333,39.33333333,9,48.17560471,44.96912521,3.206479496,-19,-14,-5,-0.63,0.11,-0.74,FALSE
12,662e3e72d494903379b6956a,31,male,78,unconfounded,b,1,9.075000000000044,75,26,-42,94,6,-32,19.66666667,22.66666667,-3,47.97453028,52.77204647,-4.797516193,-42,-32,-10,-0.2,0.44,-0.64,FALSE
12,662e3e72d494903379b6956a,31,male,79,unconfounded,b,1,4.7590000000000146,67,30,-64,98,12,-50,11,20,-9,55.14224031,60.68497892,-5.542738609,-64,-50,-14,-0.48,0.2,-0.68,FALSE
12,662e3e72d494903379b6956a,31,male,80,confounded,a,0,3.94399999999996,82,32,-65,81,1,-60,16.33333333,7.333333333,9,61.02640594,57.73695139,3.289454554,-65,-60,-5,-0.37,0.16,-0.53,FALSE
12,662e3e72d494903379b6956a,31,male,82,confounded,a,0,6.727000000000089,97,65,-14,96,44,-1,49.33333333,46.33333333,3,46.64999702,39.63444069,7.015556332,-14,-1,-13,-0.47,0.09,-0.56,FALSE
12,662e3e72d494903379b6956a,31,male,83,confounded,a,0,10.091999999999985,53,43,-8,49,31,-1,29.33333333,26.33333333,3,26.71246068,20.67741656,6.035044121,-8,-1,-7,-0.63,-0.33,-0.3,FALSE
12,662e3e72d494903379b6956a,31,male,84,confounded,a,0,8.711000000000013,80,43,-41,81,8,-34,27.33333333,18.33333333,9,50.62498285,47.5137407,3.111242151,-41,-34,-7,-0.43,0.32,-0.75,FALSE
12,662e3e72d494903379b6956a,31,male,85,confounded,a,0,8.573999999999955,65,62,-49,72,57,-42,26,29,-3,53.04714884,50.57667447,2.470474374,-49,-42,-7,-0.71,-0.66,-0.05,FALSE
12,662e3e72d494903379b6956a,31,male,86,unconfounded,a,0,8.158999999999992,47,39,-49,72,3,-41,12.33333333,11.33333333,1,43.49201715,46.50686927,-3.014852118,-49,-41,-8,-0.69,0.26,-0.95,FALSE
12,662e3e72d494903379b6956a,31,male,87,confounded,b,1,9.809000000000085,37,36,-64,47,22,-51,3,6,-3,47.37791328,41.57723736,5.800675917,-64,-51,-13,-0.71,-0.52,-0.19,FALSE
12,662e3e72d494903379b6956a,31,male,88,unconfounded,a,0,8.988000000000056,85,48,-45,99,2,-40,29.33333333,20.33333333,9,54.68901982,58.20843772,-3.519417903,-45,-40,-5,-0.47,0.44,-0.91,FALSE
12,662e3e72d494903379b6956a,31,male,89,unconfounded,a,0,12.312000000000012,64,49,-69,94,7,-60,14.66666667,13.66666667,1,59.4773533,63.04671989,-3.56936659,-69,-60,-9,-0.67,0.16,-0.83,FALSE
12,662e3e72d494903379b6956a,31,male,90,confounded,a,0,3.6749999999999545,85,31,-13,81,32,-1,34.33333333,37.33333333,-3,40.07770231,33.68811198,6.389590326,-13,-1,-12,0.12,0.23,-0.11,FALSE
12,662e3e72d494903379b6956a,31,male,91,unconfounded,a,0,11.642000000000053,67,36,-51,86,5,-42,17.33333333,16.33333333,1,49.94886274,52.8667087,-2.917845962,-51,-42,-9,-0.51,0.31,-0.82,FALSE
12,662e3e72d494903379b6956a,31,male,92,unconfounded,a,0,13.538000000000013,82,49,-56,98,10,-51,25,19,6,58.83876273,61.16098975,-2.322227012,-56,-51,-5,-0.54,0.22,-0.76,FALSE
12,662e3e72d494903379b6956a,31,male,93,confounded,a,0,8.32500000000016,67,60,-20,68,46,-10,35.66666667,34.66666667,1,39.46587837,32.83629428,6.629584088,-20,-10,-10,-0.69,-0.48,-0.21,FALSE
12,662e3e72d494903379b6956a,31,male,94,confounded,b,1,4.155999999999949,67,34,-59,77,37,-45,14,23,-9,53.34791467,50.78057371,2.56734096,-59,-45,-14,-0.51,-0.39,-0.12,FALSE
12,662e3e72d494903379b6956a,31,male,95,unconfounded,a,0,4.2409999999999854,72,70,-34,99,2,-20,36,27,9,49.50420858,51.69784006,-2.193631483,-34,-20,-14,-0.71,0.61,-1.32,FALSE
12,662e3e72d494903379b6956a,31,male,96,unconfounded,a,0,15.092000000000098,64,56,-58,94,9,-50,20.66666667,17.66666667,3,55.72152985,59.10630724,-3.384777389,-58,-50,-8,-0.7,0.22,-0.92,FALSE
12,662e3e72d494903379b6956a,31,male,97,confounded,b,1,9.04300000000012,42,40,-31,59,28,-18,17,23,-6,33.950945,31.63331577,2.317629233,-31,-18,-13,-0.71,-0.23,-0.48,FALSE
12,662e3e72d494903379b6956a,31,male,98,unconfounded,b,1,9.122000000000073,61,50,-88,94,11,-82,7.666666667,7.666666667,0,67.79544396,71.8903486,-4.094904639,-88,-82,-6,-0.69,-0.07,-0.62,FALSE
12,662e3e72d494903379b6956a,31,male,99,confounded,a,0,4.8129999999998745,99,63,-12,93,52,-4,50,47,3,46.23851209,39.75759885,6.480913232,-12,-4,-8,-0.4,-0.19,-0.21,FALSE
12,662e3e72d494903379b6956a,31,male,100,confounded,a,0,2.375,93,73,-18,97,48,-6,49.33333333,46.33333333,3,48.30688932,42.06608557,6.240803743,-18,-6,-12,-0.62,-0.06,-0.56,FALSE
12,662e3e72d494903379b6956a,31,male,101,confounded,a,0,5.692999999999984,89,74,-13,90,55,-4,50,47,3,44.96665431,38.79003308,6.176621228,-13,-4,-9,-0.65,-0.3,-0.35,FALSE
12,662e3e72d494903379b6956a,31,male,102,confounded,a,0,4.97199999999998,84,56,-46,86,24,-34,31.33333333,25.33333333,6,55.86491644,48.9988662,6.86605024,-46,-34,-12,-0.58,0.04,-0.62,FALSE
12,662e3e72d494903379b6956a,31,male,103,unconfounded,b,1,16.740999999999985,58,28,-19,71,11,-12,22.33333333,23.33333333,-1,31.68946548,34.98888712,-3.299421648,-19,-12,-7,-0.26,0.48,-0.74,FALSE
12,662e3e72d494903379b6956a,31,male,104,unconfounded,a,0,6.4090000000001055,66,40,-29,84,13,-23,25.66666667,24.66666667,1,40.08601862,44.45472103,-4.368702413,-29,-23,-6,-0.49,0.38,-0.87,FALSE
12,662e3e72d494903379b6956a,31,male,105,unconfounded,a,0,3.7730000000001382,56,53,-14,73,2,-7,31.66666667,22.66666667,9,32.31442746,35.78019316,-3.465765693,-14,-7,-7,-0.7,0.67,-1.37,FALSE
12,662e3e72d494903379b6956a,31,male,106,confounded,a,0,4.258999999999787,82,63,-26,93,35,-12,39.66666667,38.66666667,1,47.07676945,42.94440851,4.132360945,-26,-12,-14,-0.62,0.13,-0.75,FALSE
12,662e3e72d494903379b6956a,31,male,107,unconfounded,b,1,5.3250000000000455,52,34,-65,75,3,-57,7,7,0,51.4392846,53.96295025,-2.523665654,-65,-57,-8,-0.64,0.11,-0.75,FALSE
12,662e3e72d494903379b6956a,31,male,108,unconfounded,a,0,7.808999999999969,70,16,-49,84,3,-41,12.33333333,15.33333333,-3,48.65068231,51.77086268,-3.12018037,-49,-41,-8,-0.11,0.34,-0.45,FALSE
12,662e3e72d494903379b6956a,31,male,109,confounded,b,1,5.393000000000029,81,40,-65,84,42,-52,18.66666667,24.66666667,-6,61.48351179,56.85849883,4.625012964,-65,-52,-13,-0.48,-0.43,-0.05,FALSE
12,662e3e72d494903379b6956a,31,male,110,unconfounded,a,0,6.8400000000001455,57,37,-65,85,1,-54,9.666666667,10.66666667,-1,53.42492136,57.15670467,-3.731783312,-65,-54,-11,-0.63,0.25,-0.88,FALSE
12,662e3e72d494903379b6956a,31,male,111,unconfounded,a,0,5.45699999999988,79,56,-16,99,19,-8,39.66666667,36.66666667,3,40.46672158,45.4337124,-4.966990816,-16,-8,-8,-0.54,0.52,-1.06,FALSE
12,662e3e72d494903379b6956a,31,male,112,unconfounded,a,0,12.607999999999947,62,50,-83,92,15,-75,9.666666667,10.66666667,-1,65.70810875,68.24628602,-2.53817727,-83,-75,-8,-0.69,-0.09,-0.6,FALSE
12,662e3e72d494903379b6956a,31,male,113,unconfounded,a,0,5.241999999999962,61,53,-28,85,3,-20,28.66666667,22.66666667,6,40.20226638,45.0653846,-4.863118215,-28,-20,-8,-0.69,0.57,-1.26,FALSE
12,662e3e72d494903379b6956a,31,male,114,unconfounded,b,1,4.609000000000151,50,24,-56,83,8,-46,6,15,-9,45.10727953,52.89612462,-7.788845091,-56,-46,-10,-0.54,0.2,-0.74,FALSE
12,662e3e72d494903379b6956a,31,male,115,unconfounded,a,0,6.954999999999927,63,47,-21,91,15,-14,29.66666667,30.66666667,-1,36.41733409,44.27439692,-7.857062825,-21,-14,-7,-0.61,0.49,-1.1,FALSE
12,662e3e72d494903379b6956a,31,male,116,confounded,b,1,2.8420000000000982,77,61,-18,90,60,-3,40,49,-9,41.52910626,38.75564475,2.773461509,-18,-3,-15,-0.63,-0.4,-0.23,FALSE
12,662e3e72d494903379b6956a,31,male,117,unconfounded,b,1,7.2590000000000146,65,27,-35,83,18,-26,19,25,-6,41.21488404,44.77350407,-3.558620027,-35,-26,-9,-0.28,0.23,-0.51,FALSE
12,662e3e72d494903379b6956a,31,male,118,confounded,b,1,6.179999999999836,60,45,-95,64,47,-83,3.333333333,9.333333333,-6,69.8013053,65.65735975,4.143945558,-95,-83,-12,-0.68,-0.67,-0.01,FALSE
12,662e3e72d494903379b6956a,31,male,119,confounded,a,0,9.29300000000012,88,64,-15,89,47,-2,45.66666667,44.66666667,1,44.00252518,37.18721405,6.815311129,-15,-2,-13,-0.55,-0.09,-0.46,FALSE
12,662e3e72d494903379b6956a,31,male,120,confounded,a,0,10.054999999999836,69,40,-29,65,14,-17,26.66666667,20.66666667,6,41.10420362,33.80663972,7.297563908,-29,-17,-12,-0.45,0.29,-0.74,FALSE
12,662e3e72d494903379b6956a,31,male,121,unconfounded,a,0,12.907000000000153,63,45,-19,81,8,-9,29.66666667,26.66666667,3,35.18838192,39.04128869,-3.852906764,-19,-9,-10,-0.57,0.61,-1.18,FALSE
12,662e3e72d494903379b6956a,31,male,122,confounded,b,1,31.65899999999988,98,40,-65,99,32,-55,24.33333333,25.33333333,-1,67.46027638,63.04671989,4.413556487,-65,-55,-10,-0.34,-0.16,-0.18,FALSE
12,662e3e72d494903379b6956a,31,male,123,unconfounded,b,1,19.91599999999994,57,52,-69,95,11,-63,13.33333333,14.33333333,-1,58.25423208,64.54627969,-6.29204761,-69,-63,-6,-0.7,0.08,-0.78,FALSE
12,662e3e72d494903379b6956a,31,male,124,confounded,a,0,7.192000000000007,90,19,-42,81,3,-35,22.33333333,16.33333333,6,53.94029621,48.2861839,5.654112314,-42,-35,-7,0.09,0.39,-0.3,FALSE
12,662e3e72d494903379b6956a,31,male,125,confounded,b,1,4.441000000000031,39,30,-45,49,34,-32,8,17,-9,37.65634077,35.18522417,2.471116596,-45,-32,-13,-0.68,-0.61,-0.07,FALSE
12,662e3e72d494903379b6956a,31,male,126,unconfounded,a,0,4.621000000000095,77,67,-13,98,10,-4,43.66666667,34.66666667,9,40.27681991,45.14667454,-4.86985463,-13,-4,-9,-0.67,0.66,-1.33,FALSE
12,662e3e72d494903379b6956a,31,male,127,confounded,b,1,5.158000000000129,51,45,-68,56,48,-58,9.333333333,15.33333333,-6,54.73775865,51.95724738,2.780511269,-68,-58,-10,-0.7,-0.69,-0.01,FALSE
12,662e3e72d494903379b6956a,31,male,128,unconfounded,b,1,9.177000000000136,70,55,-15,99,30,-1,36.66666667,42.66666667,-6,37.04351795,41.7957999,-4.752281944,-15,-1,-14,-0.62,0.43,-1.05,FALSE
12,662e3e72d494903379b6956a,31,male,129,confounded,a,0,12.77599999999984,74,69,-25,82,49,-13,39.33333333,39.33333333,0,45.5363103,39.38132665,6.154983646,-25,-13,-12,-0.7,-0.35,-0.35,FALSE
12,662e3e72d494903379b6956a,31,male,130,confounded,b,1,16.32199999999989,79,75,-24,86,58,-11,43.33333333,44.33333333,-1,47.6398526,40.76218291,6.877669688,-24,-11,-13,-0.7,-0.47,-0.23,FALSE
12,662e3e72d494903379b6956a,31,male,131,unconfounded,a,0,9.308999999999967,89,46,-17,99,10,-9,39.33333333,33.33333333,6,43.53032149,47.07676945,-3.546447966,-17,-9,-8,-0.23,0.62,-0.85,FALSE
12,662e3e72d494903379b6956a,31,male,132,unconfounded,b,1,12.32100000000014,49,31,-74,83,4,-63,2,8,-6,54.24020649,59.67132198,-5.431115489,-74,-63,-11,-0.65,0.1,-0.75,FALSE
12,662e3e72d494903379b6956a,31,male,133,unconfounded,a,0,6.576000000000022,63,60,-29,84,5,-22,31.33333333,22.33333333,9,42.67968551,44.97653709,-2.296851579,-29,-22,-7,-0.7,0.52,-1.22,FALSE
12,662e3e72d494903379b6956a,31,male,134,confounded,a,0,6.725999999999885,80,61,-49,77,57,-42,30.66666667,30.66666667,0,56.86436103,52.02777036,4.836590669,-49,-42,-7,-0.65,-0.63,-0.02,FALSE
12,662e3e72d494903379b6956a,31,male,135,confounded,a,0,9.142000000000053,91,75,-12,94,55,-4,51.33333333,48.33333333,3,45.25728916,40.28509512,4.97219404,-12,-4,-8,-0.64,-0.24,-0.4,FALSE
12,662e3e72d494903379b6956a,31,male,136,unconfounded,a,0,16.886999999999944,77,49,-72,97,6,-67,18,12,6,64.65807503,67.08700818,-2.42893315,-72,-67,-5,-0.61,0.13,-0.74,FALSE
12,662e3e72d494903379b6956a,31,male,137,confounded,b,1,5.708999999999833,95,41,-73,89,40,-63,21,22,-1,70.0285656,63.34561284,6.682952755,-73,-63,-10,-0.41,-0.4,-0.01,FALSE
12,662e3e72d494903379b6956a,31,male,138,unconfounded,a,0,10.472000000000207,73,50,-46,98,7,-31,25.66666667,24.66666667,1,51.53855084,54.12536887,-2.586818037,-46,-31,-15,-0.6,0.45,-1.05,FALSE
12,662e3e72d494903379b6956a,31,male,139,confounded,b,1,30.093999999999824,89,67,-17,87,61,-12,46.33333333,45.33333333,1,45.67518169,41.90730512,3.76787657,-17,-12,-5,-0.59,-0.51,-0.08,FALSE
12,662e3e72d494903379b6956a,31,male,140,unconfounded,a,0,10.523000000000138,68,28,-25,85,2,-13,23.66666667,24.66666667,-1,38.09053542,43.09936839,-5.008832965,-25,-13,-12,-0.17,0.64,-0.81,FALSE
12,662e3e72d494903379b6956a,31,male,141,unconfounded,a,0,2.7749999999998636,92,54,-10,99,11,-1,45.33333333,36.33333333,9,42.08985098,44.58200933,-2.492158346,-10,-1,-9,-0.3,0.67,-0.97,FALSE
12,662e3e72d494903379b6956a,31,male,143,confounded,b,1,21.917999999999893,58,36,-89,59,29,-74,1.666666667,4.666666667,-3,64.73707507,56.95807425,7.779000822,-89,-74,-15,-0.65,-0.56,-0.09,FALSE
12,662e3e72d494903379b6956a,31,male,144,confounded,b,1,11.294000000000096,78,18,-86,77,22,-71,3.333333333,9.333333333,-6,67.75117875,61.08100268,6.670176067,-86,-71,-15,-0.31,-0.3,-0.01,FALSE
12,662e3e72d494903379b6956a,31,male,145,unconfounded,b,1,4.904999999999973,61,53,-62,85,48,-54,17.33333333,26.33333333,-9,56.19213073,58.77830288,-2.586172149,-62,-54,-8,-0.7,-0.5,-0.2,FALSE
12,662e3e72d494903379b6956a,31,male,146,confounded,b,1,6.356999999999971,88,55,-57,98,39,-42,28.66666667,31.66666667,-3,62.05553069,57.38950736,4.666023323,-57,-42,-15,-0.56,-0.19,-0.37,FALSE
12,662e3e72d494903379b6956a,31,male,147,confounded,a,0,4.231999999999971,93,65,-15,92,30,-6,47.66666667,38.66666667,9,45.7626728,40.47495796,5.28771484,-15,-6,-9,-0.51,0.31,-0.82,FALSE
12,662e3e72d494903379b6956a,31,male,148,unconfounded,b,1,8.576000000000022,60,34,-88,93,15,-75,2,11,-9,64.51873113,68.64400921,-4.125278077,-88,-75,-13,-0.62,-0.09,-0.53,FALSE
12,662e3e72d494903379b6956a,31,male,149,unconfounded,a,0,3.5650000000000546,74,46,-44,87,1,-39,25.33333333,16.33333333,9,50.34105901,52.56953068,-2.228471667,-44,-39,-5,-0.55,0.41,-0.96,FALSE
12,662e3e72d494903379b6956a,31,male,150,unconfounded,b,1,6.1740000000002055,72,35,-48,99,28,-41,19.66666667,28.66666667,-9,50.17524844,57.15670467,-6.981456236,-48,-41,-7,-0.43,0.02,-0.45,FALSE
12,662e3e72d494903379b6956a,31,male,151,unconfounded,a,0,9.758000000000038,82,38,-49,98,3,-39,23.66666667,20.66666667,3,54.43242498,57.308134,-2.87570902,-49,-39,-10,-0.38,0.43,-0.81,FALSE
12,662e3e72d494903379b6956a,31,male,152,unconfounded,b,1,9.427000000000136,60,51,-79,94,11,-73,10.66666667,10.66666667,0,63.51027913,68.17787194,-4.667592807,-79,-73,-6,-0.7,-0.01,-0.69,FALSE
12,662e3e72d494903379b6956a,31,male,153,unconfounded,b,1,4.087999999999965,61,18,-37,77,14,-31,14,20,-6,40.10818703,44.29446918,-4.186282153,-37,-31,-6,-0.15,0.2,-0.35,FALSE
12,662e3e72d494903379b6956a,31,male,154,unconfounded,b,1,18.60699999999997,58,54,-47,89,7,-34,21.66666667,20.66666667,1,48.58211834,51.13598429,-2.553865948,-47,-34,-13,-0.7,0.38,-1.08,FALSE
12,662e3e72d494903379b6956a,31,male,155,confounded,b,1,12.45900000000006,57,56,-92,65,49,-84,7,10,-3,70.00476174,66.78822251,3.216539228,-92,-84,-8,-0.71,-0.68,-0.03,FALSE
12,662e3e72d494903379b6956a,31,male,156,confounded,b,1,6.807999999999993,45,24,-31,48,17,-18,12.66666667,15.66666667,-3,32.0451071,26.96087701,5.084230092,-31,-18,-13,-0.49,-0.07,-0.42,FALSE
12,662e3e72d494903379b6956a,31,male,157,unconfounded,b,1,5.276000000000067,65,10,-62,90,1,-51,4.333333333,13.33333333,-9,52.00213671,58.21988969,-6.217752982,-62,-51,-11,-0.16,0.31,-0.47,FALSE
12,662e3e72d494903379b6956a,31,male,158,unconfounded,a,0,3.54099999999994,79,53,-16,96,9,-7,38.66666667,32.66666667,6,40.08601862,45.25728916,-5.17127054,-16,-7,-9,-0.49,0.64,-1.13,FALSE
12,662e3e72d494903379b6956a,31,male,159,confounded,a,0,17.02500000000009,79,45,-35,80,2,-20,29.66666667,20.66666667,9,47.7865625,42.90558109,4.880981407,-35,-20,-15,-0.45,0.57,-1.02,FALSE
12,662e3e72d494903379b6956a,31,male,160,unconfounded,b,1,12.38799999999992,52,48,-39,83,15,-28,20.33333333,23.33333333,-3,41.9867704,45.69707017,-3.710299768,-39,-28,-11,-0.7,0.27,-0.97,FALSE
12,662e3e72d494903379b6956a,31,male,161,confounded,a,0,6.125,59,54,-8,62,28,-3,35,29,6,30.47403266,26.54555832,3.928474339,-8,-3,-5,-0.69,0.06,-0.75,FALSE
12,662e3e72d494903379b6956a,31,male,162,unconfounded,b,1,12.120999999999867,69,66,-55,96,34,-50,26.66666667,26.66666667,0,57.76004001,59.82938706,-2.069347044,-55,-50,-5,-0.71,-0.18,-0.53,FALSE
12,662e3e72d494903379b6956a,31,male,163,confounded,b,1,4.975000000000136,83,79,-38,99,58,-24,41.33333333,44.33333333,-3,56.12090124,51.13598429,4.98491695,-38,-24,-14,-0.7,-0.38,-0.32,FALSE
12,662e3e72d494903379b6956a,31,male,164,unconfounded,a,0,2.7259999999998854,83,61,-20,99,4,-6,41.33333333,32.33333333,9,44.28945197,47.31689856,-3.027446588,-20,-6,-14,-0.58,0.68,-1.26,FALSE
12,662e3e72d494903379b6956a,31,male,165,confounded,a,0,9.301999999999907,95,77,-55,97,48,-46,39,33,6,66.87301399,59.33520596,7.537808026,-55,-46,-9,-0.67,-0.36,-0.31,FALSE
12,662e3e72d494903379b6956a,31,male,166,unconfounded,b,1,6.508000000000038,68,22,-72,90,16,-61,6,15,-9,58.26376804,61.64954717,-3.385779129,-72,-61,-11,-0.39,-0.02,-0.37,FALSE
12,662e3e72d494903379b6956a,31,male,167,confounded,a,0,8.163000000000011,94,59,-24,99,39,-12,43,42,1,49.48400415,45.36518489,4.118819261,-24,-12,-12,-0.45,0.1,-0.55,FALSE
12,662e3e72d494903379b6956a,31,male,168,confounded,b,1,5.5219999999999345,81,78,-44,94,63,-33,38.33333333,41.33333333,-3,58.2313394,54.06374838,4.167591025,-44,-33,-11,-0.71,-0.54,-0.17,FALSE
12,662e3e72d494903379b6956a,31,male,169,unconfounded,a,0,7.523000000000138,83,40,-8,91,7,-1,38.33333333,32.33333333,6,37.16928242,41.61196409,-4.442681672,-8,-1,-7,-0.07,0.69,-0.76,FALSE
12,662e3e72d494903379b6956a,31,male,170,confounded,a,0,5.657999999999902,65,35,-34,61,27,-22,22,22,0,41.44876355,34.06855833,7.380205222,-34,-22,-12,-0.44,-0.22,-0.22,FALSE
12,662e3e72d494903379b6956a,31,male,171,confounded,a,0,10.475000000000136,82,64,-15,78,50,-6,43.66666667,40.66666667,3,42.1294302,34.92213561,7.207294589,-15,-6,-9,-0.61,-0.38,-0.23,FALSE
12,662e3e72d494903379b6956a,31,male,172,confounded,a,0,14.555000000000064,66,52,-14,71,33,-3,34.66666667,33.66666667,1,34.88393454,30.21405118,4.669883356,-14,-3,-11,-0.62,0.03,-0.65,FALSE
12,662e3e72d494903379b6956a,31,male,173,unconfounded,a,0,8.09199999999987,70,41,-47,93,2,-40,21.33333333,18.33333333,3,49.74825513,55.51176052,-5.763505382,-47,-40,-7,-0.53,0.42,-0.95,FALSE
12,662e3e72d494903379b6956a,31,male,174,confounded,a,0,2.6240000000000236,91,40,-37,81,27,-32,31.33333333,25.33333333,6,52.61389761,46.14710777,6.466789845,-37,-32,-5,-0.24,-0.05,-0.19,FALSE
12,662e3e72d494903379b6956a,31,male,175,unconfounded,a,0,6.548999999999978,92,49,-7,99,9,-1,44.66666667,35.66666667,9,40.53256578,44.96912521,-4.436559429,-7,-1,-6,-0.16,0.68,-0.84,FALSE
12,662e3e72d494903379b6956a,31,male,176,confounded,a,0,24.98999999999978,95,75,-28,96,64,-15,47.33333333,48.33333333,-1,53.89083616,46.64999702,7.240839139,-28,-15,-13,-0.63,-0.47,-0.16,FALSE
12,662e3e72d494903379b6956a,31,male,177,unconfounded,b,1,4.8840000000000146,55,22,-21,66,6,-16,18.66666667,18.66666667,0,31.11626941,34.65384378,-3.537574369,-21,-16,-5,-0.16,0.5,-0.66,FALSE
12,662e3e72d494903379b6956a,31,male,178,unconfounded,b,1,12.624000000000024,58,37,-21,83,16,-7,24.66666667,30.66666667,-6,33.40991204,38.17794593,-4.768033896,-21,-7,-14,-0.5,0.52,-1.02,FALSE
12,662e3e72d494903379b6956a,31,male,179,confounded,b,1,5.842000000000098,61,33,-71,68,40,-58,7.666666667,16.66666667,-9,56.78810517,54.02057221,2.767532958,-71,-58,-13,-0.58,-0.57,-0.01,FALSE
12,662e3e72d494903379b6956a,31,male,180,confounded,b,1,19.559999999999945,89,83,-40,98,60,-26,44,44,0,59.44745579,51.87163644,7.575819354,-40,-26,-14,-0.7,-0.43,-0.27,FALSE
12,662e3e72d494903379b6956a,31,male,181,unconfounded,a,0,13.288999999999987,84,46,-12,97,13,-1,39.33333333,36.33333333,3,39.47432358,43.27688631,-3.802562731,-12,-1,-11,-0.25,0.65,-0.9,FALSE
12,662e3e72d494903379b6956a,31,male,182,unconfounded,a,0,5.692999999999984,72,70,-17,94,24,-11,41.66666667,35.66666667,6,41.49163236,43.65266951,-2.161037156,-17,-11,-6,-0.71,0.38,-1.09,FALSE
12,662e3e72d494903379b6956a,31,male,183,unconfounded,a,0,7.205000000000155,80,55,-43,97,5,-37,30.66666667,21.66666667,9,53.08065142,55.96030339,-2.879651967,-43,-37,-6,-0.59,0.42,-1.01,FALSE
12,662e3e72d494903379b6956a,31,male,184,confounded,a,0,12.75799999999981,52,14,-16,53,17,-2,16.66666667,22.66666667,-6,27.82484901,22.80838053,5.01646848,-16,-2,-14,0.14,0.36,-0.22,FALSE
12,662e3e72d494903379b6956a,31,male,185,confounded,a,0,13.974999999999907,30,4,-19,23,3,-8,5,6,-1,20.01665973,12.83225104,7.184408691,-19,-8,-11,0.07,0.34,-0.27,FALSE
12,662e3e72d494903379b6956a,31,male,186,confounded,b,1,23.406999999999925,66,61,-21,85,54,-6,35.33333333,44.33333333,-9,39.88594851,37.77418284,2.111765679,-21,-6,-15,-0.7,-0.37,-0.33,FALSE
12,662e3e72d494903379b6956a,31,male,187,unconfounded,b,1,11.670999999999822,74,33,-32,94,35,-27,25,34,-9,43.64248694,49.40310382,-5.760616872,-32,-27,-5,-0.27,-0.03,-0.24,FALSE
12,662e3e72d494903379b6956a,31,male,188,confounded,a,0,10.473000000000184,55,43,-60,58,7,-54,12.66666667,3.666666667,9,51.61610429,45.78451946,5.831584831,-60,-54,-6,-0.68,-0.11,-0.57,FALSE
12,662e3e72d494903379b6956a,31,male,189,unconfounded,a,0,11.226000000000113,72,34,-68,95,3,-57,12.66666667,13.66666667,-1,59.11194653,62.51044357,-3.398497045,-68,-57,-11,-0.49,0.25,-0.74,FALSE
12,662e3e72d494903379b6956a,31,male,190,unconfounded,a,0,5.4220000000000255,78,35,-19,87,10,-12,31.33333333,28.33333333,3,39.68486977,42.44473531,-2.759865537,-19,-12,-7,-0.14,0.57,-0.71,FALSE
12,662e3e72d494903379b6956a,31,male,191,confounded,a,0,3.075000000000273,83,50,-11,85,29,-1,40.66666667,37.66666667,3,38.93869826,35.64017708,3.298521182,-11,-1,-10,-0.35,0.35,-0.7,FALSE
12,662e3e72d494903379b6956a,31,male,192,unconfounded,a,0,10.057999999999993,61,43,-79,96,2,-73,8.333333333,8.333333333,0,62.18967403,69.13915115,-6.949477127,-79,-73,-6,-0.66,0.14,-0.8,FALSE
12,662e3e72d494903379b6956a,31,male,193,confounded,a,0,6.226999999999862,81,75,-12,85,53,-3,48,45,3,42.49705872,36.36848453,6.128574196,-12,-3,-9,-0.7,-0.32,-0.38,FALSE
12,662e3e72d494903379b6956a,31,male,194,confounded,b,1,11.989000000000033,48,42,-20,63,30,-5,23.33333333,29.33333333,-6,30.73904502,27.7648859,2.974159125,-20,-5,-15,-0.69,-0.04,-0.65,FALSE
12,662e3e72d494903379b6956a,31,male,195,confounded,a,0,18.458000000000084,60,35,-32,57,29,-20,21,22,-1,38.8415585,31.82242396,7.01913454,-32,-20,-12,-0.49,-0.32,-0.17,FALSE
12,662e3e72d494903379b6956a,31,male,196,confounded,b,1,9.956000000000133,49,11,-37,57,15,-22,7.666666667,16.66666667,-9,35.18838192,32.27313985,2.915242074,-37,-22,-15,-0.14,0.08,-0.22,FALSE
12,662e3e72d494903379b6956a,31,male,197,unconfounded,b,1,15.057999999999993,48,36,-33,76,20,-27,17,23,-6,35.6931366,42.10304819,-6.409911592,-33,-27,-6,-0.65,0.11,-0.76,FALSE
12,662e3e72d494903379b6956a,31,male,198,unconfounded,a,0,7.335000000000036,80,31,-38,94,5,-26,24.33333333,24.33333333,0,48.40339749,50.86146762,-2.458070131,-38,-26,-12,-0.2,0.52,-0.72,FALSE
12,662e3e72d494903379b6956a,31,male,199,confounded,a,0,9.289999999999964,76,27,-21,72,4,-12,27.33333333,21.33333333,6,39.60078563,36.41733409,3.183451536,-21,-12,-9,0.01,0.61,-0.6,FALSE
12,662e3e72d494903379b6956a,31,male,200,confounded,b,1,5.867000000000189,87,69,-31,91,47,-16,41.66666667,40.66666667,1,51.90589776,43.91152721,7.994370546,-31,-16,-15,-0.64,-0.21,-0.43,FALSE
12,662e3e72d494903379b6956a,31,male,201,unconfounded,a,0,23.657999999999902,81,32,-83,99,17,-77,10,13,-3,68.73621074,71.90734779,-3.171137055,-83,-77,-6,-0.45,-0.08,-0.37,FALSE
12,662e3e72d494903379b6956a,31,male,202,unconfounded,a,0,3.655999999999949,78,19,-16,89,2,-7,27,28,-1,38.79003308,43.28972164,-4.49968856,-16,-7,-9,0.3,0.68,-0.38,FALSE
12,662e3e72d494903379b6956a,31,male,203,unconfounded,b,1,4.493000000000393,76,42,-93,97,33,-87,8.333333333,14.33333333,-6,72.9855389,76.26853145,-3.282992543,-93,-87,-6,-0.59,-0.35,-0.24,FALSE
12,662e3e72d494903379b6956a,31,male,204,confounded,a,0,4.474999999999909,82,78,-17,89,62,-11,47.66666667,46.66666667,1,45.75538827,42.24005471,3.515333554,-17,-11,-6,-0.7,-0.5,-0.2,FALSE
12,662e3e72d494903379b6956a,31,male,205,unconfounded,a,0,3.9760000000001128,81,51,-42,96,4,-37,30,21,9,52.36410985,55.61174936,-3.247639512,-42,-37,-5,-0.54,0.43,-0.97,FALSE
12,662e3e72d494903379b6956a,31,male,206,confounded,a,0,21.108000000000175,86,80,-10,84,66,-3,52,49,3,43.9089968,37.49666652,6.412330282,-10,-3,-7,-0.7,-0.59,-0.11,FALSE
12,662e3e72d494903379b6956a,31,male,207,unconfounded,b,1,5.658999999999651,74,30,-33,93,7,-20,23.66666667,26.66666667,-3,43.91152721,48.18252334,-4.270996128,-33,-20,-13,-0.21,0.54,-0.75,FALSE
12,662e3e72d494903379b6956a,31,male,208,unconfounded,b,1,11.820999999999913,55,52,-40,92,13,-29,22.33333333,25.33333333,-3,44.09333535,50.16195991,-6.068624563,-40,-29,-11,-0.7,0.35,-1.05,FALSE
12,662e3e72d494903379b6956a,31,male,210,confounded,a,0,47.10500000000002,79,27,-34,70,26,-24,24,24,0,46.18080409,38.40138886,7.779415229,-34,-24,-10,-0.1,-0.08,-0.02,FALSE
12,662e3e72d494903379b6956a,31,male,211,unconfounded,b,1,15.821000000000367,52,47,-90,84,32,-80,3,12,-9,65.79260343,68.43001291,-2.637409474,-90,-80,-10,-0.7,-0.41,-0.29,FALSE
12,662e3e72d494903379b6956a,31,male,212,unconfounded,a,0,1.5750000000002728,49,33,-54,78,3,-44,9.333333333,12.33333333,-3,45.25728916,50.24163833,-4.98434917,-54,-44,-10,-0.64,0.27,-0.91,FALSE
12,662e3e72d494903379b6956a,31,male,213,unconfounded,a,0,3.7600000000002183,83,22,-20,90,5,-13,28.33333333,27.33333333,1,42.28737663,44.91720779,-2.629831159,-20,-13,-7,0.22,0.62,-0.4,FALSE
12,662e3e72d494903379b6956a,31,male,214,unconfounded,b,1,17.855000000000018,65,38,-26,81,20,-21,25.66666667,26.66666667,-1,38.16047985,41.90730512,-3.74682527,-26,-21,-5,-0.45,0.23,-0.68,FALSE
12,662e3e72d494903379b6956a,31,male,215,confounded,b,1,61.17100000000028,74,51,-26,76,46,-14,33,36,-3,42.76291228,37.41657387,5.346338412,-26,-14,-12,-0.56,-0.38,-0.18,FALSE
12,662e3e72d494903379b6956a,31,male,216,confounded,b,1,4.9409999999998035,84,73,-51,95,70,-41,35.33333333,41.33333333,-6,61.21183618,59.10630724,2.105528943,-51,-41,-10,-0.69,-0.61,-0.08,FALSE
12,662e3e72d494903379b6956a,31,male,217,unconfounded,b,1,33.1899999999996,63,43,-58,93,3,-51,16,15,1,52.95910372,59.39696962,-6.437865901,-58,-51,-7,-0.63,0.29,-0.92,FALSE
12,662e3e72d494903379b6956a,31,male,218,unconfounded,a,0,11.556999999999787,74,36,-41,90,6,-30,23,22,1,47.84001115,50.27922036,-2.439209212,-41,-30,-11,-0.39,0.45,-0.84,FALSE
12,662e3e72d494903379b6956a,31,male,219,confounded,a,0,6.789999999999964,76,47,-60,74,22,-51,21,15,6,58.48646567,51.27052435,7.215941325,-60,-51,-9,-0.58,-0.2,-0.38,FALSE
13,665a0cc6d56e7e7f20cebc85,36,female,0,confounded,b,1,12.368100000000569,57,56,-92,65,49,-84,7,10,-3,70.00476174,66.78822251,3.216539228,-92,-84,-8,-0.71,-0.68,-0.03,FALSE
13,665a0cc6d56e7e7f20cebc85,36,female,1,confounded,b,1,13.411399999999446,69,48,-67,68,45,-60,16.66666667,17.66666667,-1,59.77922344,55.7155474,4.063676043,-67,-60,-7,-0.64,-0.62,-0.02,FALSE
13,665a0cc6d56e7e7f20cebc85,36,female,2,unconfounded,b,1,5.071400000000381,62,45,-31,84,8,-19,25.33333333,24.33333333,1,40.43375927,43.60682923,-3.173069958,-31,-19,-12,-0.61,0.51,-1.12,FALSE
13,665a0cc6d56e7e7f20cebc85,36,female,3,unconfounded,b,1,3.807600000000576,58,40,-41,89,8,-31,19,22,-3,43.05810028,49.979996,-6.921895715,-41,-31,-10,-0.62,0.4,-1.02,FALSE
13,665a0cc6d56e7e7f20cebc85,36,female,4,unconfounded,b,1,4.882200000000211,68,28,-25,85,2,-13,23.66666667,24.66666667,-1,38.09053542,43.09936839,-5.008832965,-25,-13,-12,-0.17,0.64,-0.81,FALSE
13,665a0cc6d56e7e7f20cebc85,36,female,5,confounded,b,1,5.1676999999992574,80,54,-23,85,21,-13,37,31,6,43.73404471,40.62839729,3.105647416,-23,-13,-10,-0.52,0.35,-0.87,FALSE
13,665a0cc6d56e7e7f20cebc85,36,female,6,unconfounded,b,1,3.695900000000393,67,36,-51,86,5,-42,17.33333333,16.33333333,1,49.94886274,52.8667087,-2.917845962,-51,-42,-9,-0.51,0.31,-0.82,FALSE
13,665a0cc6d56e7e7f20cebc85,36,female,7,unconfounded,b,1,5.671100000000536,47,39,-49,72,3,-41,12.33333333,11.33333333,1,43.49201715,46.50686927,-3.014852118,-49,-41,-8,-0.69,0.26,-0.95,FALSE
13,665a0cc6d56e7e7f20cebc85,36,female,8,unconfounded,b,1,5.147299999999831,55,22,-21,66,6,-16,18.66666667,18.66666667,0,31.11626941,34.65384378,-3.537574369,-21,-16,-5,-0.16,0.5,-0.66,FALSE
13,665a0cc6d56e7e7f20cebc85,36,female,9,unconfounded,b,1,3.987700000000189,63,47,-21,91,15,-14,29.66666667,30.66666667,-1,36.41733409,44.27439692,-7.857062825,-21,-14,-7,-0.61,0.49,-1.1,FALSE
13,665a0cc6d56e7e7f20cebc85,36,female,10,unconfounded,b,1,3.5496000000005665,68,22,-72,90,16,-61,6,15,-9,58.26376804,61.64954717,-3.385779129,-72,-61,-11,-0.39,-0.02,-0.37,FALSE
13,665a0cc6d56e7e7f20cebc85,36,female,11,unconfounded,b,1,6.770700000000147,69,66,-55,96,34,-50,26.66666667,26.66666667,0,57.76004001,59.82938706,-2.069347044,-55,-50,-5,-0.71,-0.18,-0.53,FALSE
13,665a0cc6d56e7e7f20cebc85,36,female,12,confounded,a,0,7.831000000000017,79,45,-35,80,2,-20,29.66666667,20.66666667,9,47.7865625,42.90558109,4.880981407,-35,-20,-15,-0.45,0.57,-1.02,FALSE
13,665a0cc6d56e7e7f20cebc85,36,female,13,unconfounded,b,1,5.973599999999635,60,27,-47,80,4,-41,13.33333333,14.33333333,-1,44.73874781,49.93551397,-5.196766162,-47,-41,-6,-0.43,0.3,-0.73,FALSE
13,665a0cc6d56e7e7f20cebc85,36,female,14,confounded,a,0,3.939000000000022,93,65,-15,92,30,-6,47.66666667,38.66666667,9,45.7626728,40.47495796,5.28771484,-15,-6,-9,-0.51,0.31,-0.82,FALSE
13,665a0cc6d56e7e7f20cebc85,36,female,15,unconfounded,b,1,4.08279999999985,48,36,-33,76,20,-27,17,23,-6,35.6931366,42.10304819,-6.409911592,-33,-27,-6,-0.65,0.11,-0.76,FALSE
13,665a0cc6d56e7e7f20cebc85,36,female,16,unconfounded,b,1,2.557399999999461,78,35,-19,87,10,-12,31.33333333,28.33333333,3,39.68486977,42.44473531,-2.759865537,-19,-12,-7,-0.14,0.57,-0.71,FALSE
13,665a0cc6d56e7e7f20cebc85,36,female,17,unconfounded,a,0,6.40839999999946,81,51,-42,96,4,-37,30,21,9,52.36410985,55.61174936,-3.247639512,-42,-37,-5,-0.54,0.43,-0.97,FALSE
13,665a0cc6d56e7e7f20cebc85,36,female,18,unconfounded,a,0,7.473599999999635,76,48,-37,99,1,-31,29,23,6,48.04858652,55.30521374,-7.256627218,-37,-31,-6,-0.53,0.53,-1.06,FALSE
13,665a0cc6d56e7e7f20cebc85,36,female,19,confounded,b,1,8.43320000000017,32,12,-39,37,19,-24,1.666666667,10.66666667,-9,29.89239963,25.59079696,4.301602672,-39,-24,-15,-0.48,-0.45,-0.03,FALSE
13,665a0cc6d56e7e7f20cebc85,36,female,20,unconfounded,a,0,6.265899999999419,63,60,-29,84,5,-22,31.33333333,22.33333333,9,42.67968551,44.97653709,-2.296851579,-29,-22,-7,-0.7,0.52,-1.22,FALSE
13,665a0cc6d56e7e7f20cebc85,36,female,21,unconfounded,b,1,2.7242000000001667,71,45,-35,95,9,-23,27,27,0,45.10727953,49.82636518,-4.719085645,-35,-23,-12,-0.54,0.49,-1.03,FALSE
13,665a0cc6d56e7e7f20cebc85,36,female,22,confounded,a,0,3.8621000000005097,99,45,-67,98,5,-53,25.66666667,16.66666667,9,69.13432979,62.19503374,6.939296048,-67,-53,-14,-0.4,0.27,-0.67,FALSE
13,665a0cc6d56e7e7f20cebc85,36,female,23,confounded,b,1,9.151400000000422,80,61,-49,77,57,-42,30.66666667,30.66666667,0,56.86436103,52.02777036,4.836590669,-49,-42,-7,-0.65,-0.63,-0.02,FALSE
13,665a0cc6d56e7e7f20cebc85,36,female,24,unconfounded,a,0,2.8239000000003784,56,39,-78,85,2,-70,5.666666667,5.666666667,0,59.56695579,63.33157892,-3.764623132,-78,-70,-8,-0.66,0.09,-0.75,FALSE
13,665a0cc6d56e7e7f20cebc85,36,female,25,confounded,a,0,5.1512999999998215,79,76,-68,85,37,-62,29,20,9,68.60029154,61.20457499,7.395716552,-68,-62,-6,-0.71,-0.4,-0.31,FALSE
13,665a0cc6d56e7e7f20cebc85,36,female,26,unconfounded,a,0,2.957600000000525,39,29,-22,58,1,-13,15.33333333,15.33333333,0,26.71246068,30.70649587,-3.994035195,-22,-13,-9,-0.63,0.6,-1.23,FALSE
13,665a0cc6d56e7e7f20cebc85,36,female,27,unconfounded,b,1,7.406999999999982,52,34,-65,75,3,-57,7,7,0,51.4392846,53.96295025,-2.523665654,-65,-57,-8,-0.64,0.11,-0.75,FALSE
13,665a0cc6d56e7e7f20cebc85,36,female,28,confounded,a,0,11.049199999999246,65,35,-34,61,27,-22,22,22,0,41.44876355,34.06855833,7.380205222,-34,-22,-12,-0.44,-0.22,-0.22,FALSE
13,665a0cc6d56e7e7f20cebc85,36,female,29,unconfounded,a,0,3.889100000000554,92,49,-7,99,9,-1,44.66666667,35.66666667,9,40.53256578,44.96912521,-4.436559429,-7,-1,-6,-0.16,0.68,-0.84,FALSE
13,665a0cc6d56e7e7f20cebc85,36,female,30,confounded,b,1,3.799799999999778,42,40,-31,59,28,-18,17,23,-6,33.950945,31.63331577,2.317629233,-31,-18,-13,-0.71,-0.23,-0.48,FALSE
13,665a0cc6d56e7e7f20cebc85,36,female,31,confounded,a,0,3.640299999999798,88,64,-15,89,47,-2,45.66666667,44.66666667,1,44.00252518,37.18721405,6.815311129,-15,-2,-13,-0.55,-0.09,-0.46,FALSE
13,665a0cc6d56e7e7f20cebc85,36,female,32,unconfounded,b,1,7.417200000000207,77,49,-72,97,6,-67,18,12,6,64.65807503,67.08700818,-2.42893315,-72,-67,-5,-0.61,0.13,-0.74,FALSE
13,665a0cc6d56e7e7f20cebc85,36,female,33,confounded,b,1,5.416400000000408,60,45,-95,64,47,-83,3.333333333,9.333333333,-6,69.8013053,65.65735975,4.143945558,-95,-83,-12,-0.68,-0.67,-0.01,FALSE
13,665a0cc6d56e7e7f20cebc85,36,female,34,unconfounded,a,0,2.2735000000000127,55,52,-40,92,13,-29,22.33333333,25.33333333,-3,44.09333535,50.16195991,-6.068624563,-40,-29,-11,-0.7,0.35,-1.05,FALSE
13,665a0cc6d56e7e7f20cebc85,36,female,35,confounded,b,1,3.1237000000002126,89,74,-13,90,55,-4,50,47,3,44.96665431,38.79003308,6.176621228,-13,-4,-9,-0.65,-0.3,-0.35,FALSE
13,665a0cc6d56e7e7f20cebc85,36,female,36,unconfounded,b,1,3.757900000000347,74,35,-30,97,8,-17,26.33333333,29.33333333,-3,42.89781139,48.92397731,-6.026165915,-30,-17,-13,-0.29,0.57,-0.86,FALSE
13,665a0cc6d56e7e7f20cebc85,36,female,37,confounded,b,1,2.7747000000001663,88,81,-45,99,73,-30,41.33333333,47.33333333,-6,61.11373732,55.70358058,5.410156742,-45,-30,-15,-0.7,-0.59,-0.11,FALSE
13,665a0cc6d56e7e7f20cebc85,36,female,38,confounded,b,1,3.334099999999637,60,35,-32,57,29,-20,21,22,-1,38.8415585,31.82242396,7.01913454,-32,-20,-12,-0.49,-0.32,-0.17,FALSE
13,665a0cc6d56e7e7f20cebc85,36,female,39,unconfounded,b,1,9.983299999999817,49,31,-74,83,4,-63,2,8,-6,54.24020649,59.67132198,-5.431115489,-74,-63,-11,-0.65,0.1,-0.75,FALSE
13,665a0cc6d56e7e7f20cebc85,36,female,40,confounded,b,1,2.3558999999993944,82,57,-23,90,38,-9,38.66666667,39.66666667,-1,44.78342948,40.43375927,4.349670203,-23,-9,-14,-0.55,0.06,-0.61,FALSE
13,665a0cc6d56e7e7f20cebc85,36,female,41,unconfounded,a,0,6.715399999999477,70,41,-47,93,2,-40,21.33333333,18.33333333,3,49.74825513,55.51176052,-5.763505382,-47,-40,-7,-0.53,0.42,-0.95,FALSE
13,665a0cc6d56e7e7f20cebc85,36,female,42,confounded,b,1,2.1814999999999714,95,89,-13,98,73,-3,57,56,1,49.55804677,42.94958285,6.608463927,-13,-3,-10,-0.7,-0.53,-0.17,FALSE
13,665a0cc6d56e7e7f20cebc85,36,female,43,unconfounded,a,0,3.7552000000001726,67,35,-44,90,1,-33,19.33333333,19.33333333,0,46.64999702,51.86092513,-5.210928109,-44,-33,-11,-0.47,0.49,-0.96,FALSE
13,665a0cc6d56e7e7f20cebc85,36,female,44,unconfounded,b,1,2.849199999999257,70,55,-15,99,30,-1,36.66666667,42.66666667,-6,37.04351795,41.7957999,-4.752281944,-15,-1,-14,-0.62,0.43,-1.05,FALSE
13,665a0cc6d56e7e7f20cebc85,36,female,45,unconfounded,a,0,6.021999999999991,64,56,-58,94,9,-50,20.66666667,17.66666667,3,55.72152985,59.10630724,-3.384777389,-58,-50,-8,-0.7,0.22,-0.92,FALSE
13,665a0cc6d56e7e7f20cebc85,36,female,46,unconfounded,b,1,3.973000000000013,83,22,-20,90,5,-13,28.33333333,27.33333333,1,42.28737663,44.91720779,-2.629831159,-20,-13,-7,0.22,0.62,-0.4,FALSE
13,665a0cc6d56e7e7f20cebc85,36,female,47,unconfounded,b,1,5.039099999999678,61,53,-28,85,3,-20,28.66666667,22.66666667,6,40.20226638,45.0653846,-4.863118215,-28,-20,-8,-0.69,0.57,-1.26,FALSE
13,665a0cc6d56e7e7f20cebc85,36,female,48,confounded,b,1,1.4902999999997633,92,55,-16,86,47,-5,43.66666667,42.66666667,1,44.8131925,37.27674282,7.536449678,-16,-5,-11,-0.36,-0.17,-0.19,FALSE
13,665a0cc6d56e7e7f20cebc85,36,female,49,confounded,b,1,1.7399999999999525,99,63,-12,93,52,-4,50,47,3,46.23851209,39.75759885,6.480913232,-12,-4,-8,-0.4,-0.19,-0.21,FALSE
13,665a0cc6d56e7e7f20cebc85,36,female,50,unconfounded,b,1,2.849800000000755,65,27,-35,83,18,-26,19,25,-6,41.21488404,44.77350407,-3.558620027,-35,-26,-9,-0.28,0.23,-0.51,FALSE
13,665a0cc6d56e7e7f20cebc85,36,female,51,confounded,b,1,2.1833999999994376,83,50,-11,85,29,-1,40.66666667,37.66666667,3,38.93869826,35.64017708,3.298521182,-11,-1,-10,-0.35,0.35,-0.7,FALSE
13,665a0cc6d56e7e7f20cebc85,36,female,52,unconfounded,b,1,4.605299999999829,67,30,-64,98,12,-50,11,20,-9,55.14224031,60.68497892,-5.542738609,-64,-50,-14,-0.48,0.2,-0.68,FALSE
13,665a0cc6d56e7e7f20cebc85,36,female,53,confounded,b,1,2.956800000000726,58,36,-89,59,29,-74,1.666666667,4.666666667,-3,64.73707507,56.95807425,7.779000822,-89,-74,-15,-0.65,-0.56,-0.09,FALSE
13,665a0cc6d56e7e7f20cebc85,36,female,54,unconfounded,b,1,4.050999999999988,58,28,-19,71,11,-12,22.33333333,23.33333333,-1,31.68946548,34.98888712,-3.299421648,-19,-12,-7,-0.26,0.48,-0.74,FALSE
13,665a0cc6d56e7e7f20cebc85,36,female,55,confounded,a,0,8.982200000000262,80,43,-41,81,8,-34,27.33333333,18.33333333,9,50.62498285,47.5137407,3.111242151,-41,-34,-7,-0.43,0.32,-0.75,FALSE
13,665a0cc6d56e7e7f20cebc85,36,female,56,unconfounded,b,1,2.157399999999484,83,40,-8,91,7,-1,38.33333333,32.33333333,6,37.16928242,41.61196409,-4.442681672,-8,-1,-7,-0.07,0.69,-0.76,FALSE
13,665a0cc6d56e7e7f20cebc85,36,female,57,unconfounded,b,1,0.98379999999986,79,56,-16,99,19,-8,39.66666667,36.66666667,3,40.46672158,45.4337124,-4.966990816,-16,-8,-8,-0.54,0.52,-1.06,FALSE
13,665a0cc6d56e7e7f20cebc85,36,female,58,confounded,b,1,3.874900000000366,90,19,-42,81,3,-35,22.33333333,16.33333333,6,53.94029621,48.2861839,5.654112314,-42,-35,-7,0.09,0.39,-0.3,FALSE
13,665a0cc6d56e7e7f20cebc85,36,female,59,unconfounded,b,1,1.6194000000002688,52,47,-90,84,32,-80,3,12,-9,65.79260343,68.43001291,-2.637409474,-90,-80,-10,-0.7,-0.41,-0.29,FALSE
13,665a0cc6d56e7e7f20cebc85,36,female,60,confounded,b,1,2.7242999999997437,79,27,-34,70,26,-24,24,24,0,46.18080409,38.40138886,7.779415229,-34,-24,-10,-0.1,-0.08,-0.02,FALSE
13,665a0cc6d56e7e7f20cebc85,36,female,61,confounded,b,1,1.2682999999998401,91,75,-12,94,55,-4,51.33333333,48.33333333,3,45.25728916,40.28509512,4.97219404,-12,-4,-8,-0.64,-0.24,-0.4,FALSE
13,665a0cc6d56e7e7f20cebc85,36,female,62,confounded,b,1,1.5081000000005815,81,48,-42,79,15,-34,29,20,9,51.98076567,46.26733909,5.713426581,-42,-34,-8,-0.5,0.16,-0.66,FALSE
13,665a0cc6d56e7e7f20cebc85,36,female,63,confounded,b,1,1.634999999999991,87,69,-31,91,47,-16,41.66666667,40.66666667,1,51.90589776,43.91152721,7.994370546,-31,-16,-15,-0.64,-0.21,-0.43,FALSE
13,665a0cc6d56e7e7f20cebc85,36,female,64,confounded,b,1,0.9669999999999844,82,64,-15,78,50,-6,43.66666667,40.66666667,3,42.1294302,34.92213561,7.207294589,-15,-6,-9,-0.61,-0.38,-0.23,FALSE
13,665a0cc6d56e7e7f20cebc85,36,female,65,unconfounded,b,1,1.9189999999999827,50,24,-56,83,8,-46,6,15,-9,45.10727953,52.89612462,-7.788845091,-56,-46,-10,-0.54,0.2,-0.74,FALSE
13,665a0cc6d56e7e7f20cebc85,36,female,66,confounded,a,0,3.7342000000002145,60,35,-17,52,7,-8,26,17,9,32.07283378,25.49509757,6.577736212,-17,-8,-9,-0.4,0.53,-0.93,FALSE
13,665a0cc6d56e7e7f20cebc85,36,female,67,unconfounded,a,0,2.9898999999994658,74,46,-44,87,1,-39,25.33333333,16.33333333,9,50.34105901,52.56953068,-2.228471667,-44,-39,-5,-0.55,0.41,-0.96,FALSE
13,665a0cc6d56e7e7f20cebc85,36,female,68,unconfounded,a,0,6.881300000000806,63,43,-58,93,3,-51,16,15,1,52.95910372,59.39696962,-6.437865901,-58,-51,-7,-0.63,0.29,-0.92,FALSE
13,665a0cc6d56e7e7f20cebc85,36,female,69,unconfounded,b,1,4.477700000000141,60,34,-88,93,15,-75,2,11,-9,64.51873113,68.64400921,-4.125278077,-88,-75,-13,-0.62,-0.09,-0.53,FALSE
13,665a0cc6d56e7e7f20cebc85,36,female,70,confounded,b,1,3.999200000000201,75,56,-40,78,43,-30,30.33333333,30.33333333,0,50.33443707,44.99135719,5.343079879,-40,-30,-10,-0.63,-0.4,-0.23,FALSE
13,665a0cc6d56e7e7f20cebc85,36,female,71,unconfounded,a,0,6.392799999999852,57,37,-65,85,1,-54,9.666666667,10.66666667,-1,53.42492136,57.15670467,-3.731783312,-65,-54,-11,-0.63,0.25,-0.88,FALSE
13,665a0cc6d56e7e7f20cebc85,36,female,72,confounded,b,1,3.8107999999997446,81,40,-65,84,42,-52,18.66666667,24.66666667,-6,61.48351179,56.85849883,4.625012964,-65,-52,-13,-0.48,-0.43,-0.05,FALSE
13,665a0cc6d56e7e7f20cebc85,36,female,73,unconfounded,a,0,4.058400000000347,82,38,-49,98,3,-39,23.66666667,20.66666667,3,54.43242498,57.308134,-2.87570902,-49,-39,-10,-0.38,0.43,-0.81,FALSE
13,665a0cc6d56e7e7f20cebc85,36,female,74,confounded,b,1,5.9739000000004125,67,51,-70,80,45,-59,16,22,-6,61.16098975,59.03106527,2.129924478,-70,-59,-11,-0.67,-0.53,-0.14,FALSE
13,665a0cc6d56e7e7f20cebc85,36,female,75,unconfounded,a,0,4.224899999999366,57,33,-78,87,14,-71,4,10,-6,58.80476171,64.56521251,-5.7604508,-78,-71,-7,-0.62,-0.09,-0.53,FALSE
13,665a0cc6d56e7e7f20cebc85,36,female,76,confounded,b,1,3.8254000000004,65,30,-84,74,33,-69,3.666666667,12.66666667,-9,63.61516241,60.12394605,3.491216361,-84,-69,-15,-0.55,-0.47,-0.08,FALSE
13,665a0cc6d56e7e7f20cebc85,36,female,77,confounded,b,1,1.2420000000000757,94,59,-24,99,39,-12,43,42,1,49.48400415,45.36518489,4.118819261,-24,-12,-12,-0.45,0.1,-0.55,FALSE
13,665a0cc6d56e7e7f20cebc85,36,female,78,confounded,b,1,2.891400000000317,84,56,-46,86,24,-34,31.33333333,25.33333333,6,55.86491644,48.9988662,6.86605024,-46,-34,-12,-0.58,0.04,-0.62,FALSE
13,665a0cc6d56e7e7f20cebc85,36,female,79,confounded,b,1,1.9752000000002,82,78,-17,89,62,-11,47.66666667,46.66666667,1,45.75538827,42.24005471,3.515333554,-17,-11,-6,-0.7,-0.5,-0.2,FALSE
13,665a0cc6d56e7e7f20cebc85,36,female,80,confounded,b,1,1.4919999999999618,49,11,-37,57,15,-22,7.666666667,16.66666667,-9,35.18838192,32.27313985,2.915242074,-37,-22,-15,-0.14,0.08,-0.22,FALSE
13,665a0cc6d56e7e7f20cebc85,36,female,81,unconfounded,b,1,1.4753999999994676,83,61,-20,99,4,-6,41.33333333,32.33333333,9,44.28945197,47.31689856,-3.027446588,-20,-6,-14,-0.58,0.68,-1.26,FALSE
13,665a0cc6d56e7e7f20cebc85,36,female,82,confounded,b,1,2.6425999999996748,95,41,-73,89,40,-63,21,22,-1,70.0285656,63.34561284,6.682952755,-73,-63,-10,-0.41,-0.4,-0.01,FALSE
13,665a0cc6d56e7e7f20cebc85,36,female,83,unconfounded,a,0,4.259099999999648,65,38,-26,81,20,-21,25.66666667,26.66666667,-1,38.16047985,41.90730512,-3.74682527,-26,-21,-5,-0.45,0.23,-0.68,FALSE
13,665a0cc6d56e7e7f20cebc85,36,female,84,unconfounded,b,1,4.391299999999774,80,31,-38,94,5,-26,24.33333333,24.33333333,0,48.40339749,50.86146762,-2.458070131,-38,-26,-12,-0.2,0.52,-0.72,FALSE
13,665a0cc6d56e7e7f20cebc85,36,female,85,unconfounded,b,1,1.9922000000002529,66,61,-25,89,4,-18,34,25,9,41.76920716,46.13747573,-4.368268571,-25,-18,-7,-0.7,0.59,-1.29,FALSE
13,665a0cc6d56e7e7f20cebc85,36,female,86,unconfounded,b,1,1.6240999999996577,44,17,-42,71,6,-31,6.333333333,15.33333333,-9,35.91038228,42.16106682,-6.250684541,-42,-31,-11,-0.42,0.32,-0.74,FALSE
13,665a0cc6d56e7e7f20cebc85,36,female,87,confounded,b,1,4.575900000000388,37,36,-64,47,22,-51,3,6,-3,47.37791328,41.57723736,5.800675917,-64,-51,-13,-0.71,-0.52,-0.19,FALSE
13,665a0cc6d56e7e7f20cebc85,36,female,88,confounded,b,1,1.3080999999996266,95,75,-28,96,64,-15,47.33333333,48.33333333,-1,53.89083616,46.64999702,7.240839139,-28,-15,-13,-0.63,-0.47,-0.16,FALSE
13,665a0cc6d56e7e7f20cebc85,36,female,89,confounded,b,1,3.725500000000011,96,51,-91,99,54,-79,18.66666667,24.66666667,-6,79.69246444,75.57042337,4.122041069,-91,-79,-12,-0.54,-0.52,-0.02,FALSE
13,665a0cc6d56e7e7f20cebc85,36,female,90,unconfounded,b,1,2.391700000000128,72,70,-34,99,2,-20,36,27,9,49.50420858,51.69784006,-2.193631483,-34,-20,-14,-0.71,0.61,-1.32,FALSE
13,665a0cc6d56e7e7f20cebc85,36,female,91,unconfounded,b,1,4.090799999999831,75,26,-42,94,6,-32,19.66666667,22.66666667,-3,47.97453028,52.77204647,-4.797516193,-42,-32,-10,-0.2,0.44,-0.64,FALSE
13,665a0cc6d56e7e7f20cebc85,36,female,92,confounded,b,1,3.3078999999994494,84,73,-51,95,70,-41,35.33333333,41.33333333,-6,61.21183618,59.10630724,2.105528943,-51,-41,-10,-0.69,-0.61,-0.08,FALSE
13,665a0cc6d56e7e7f20cebc85,36,female,93,unconfounded,b,1,3.891499999999951,76,42,-93,97,33,-87,8.333333333,14.33333333,-6,72.9855389,76.26853145,-3.282992543,-93,-87,-6,-0.59,-0.35,-0.24,FALSE
13,665a0cc6d56e7e7f20cebc85,36,female,94,unconfounded,b,1,5.82539999999949,72,34,-68,95,3,-57,12.66666667,13.66666667,-1,59.11194653,62.51044357,-3.398497045,-68,-57,-11,-0.49,0.25,-0.74,FALSE
13,665a0cc6d56e7e7f20cebc85,36,female,95,confounded,b,1,2.4419000000003734,90,67,-17,92,28,-7,46.66666667,37.66666667,9,45.98792112,40.99051381,4.997407312,-17,-7,-10,-0.58,0.34,-0.92,FALSE
13,665a0cc6d56e7e7f20cebc85,36,female,96,confounded,b,1,4.67340000000047,57,40,-94,70,21,-79,1,4,-3,67.53270812,62.00537611,5.527332014,-94,-79,-15,-0.67,-0.39,-0.28,FALSE
13,665a0cc6d56e7e7f20cebc85,36,female,97,confounded,b,1,2.641499999999951,84,74,-73,96,33,-62,28.33333333,22.33333333,6,71.76969339,64.9427098,6.826983592,-73,-62,-11,-0.7,-0.24,-0.46,FALSE
13,665a0cc6d56e7e7f20cebc85,36,female,98,confounded,a,0,6.859699999999293,82,80,-87,96,60,-78,25,26,-1,79.20016835,74.99333304,4.206835313,-87,-78,-9,-0.71,-0.59,-0.12,FALSE
13,665a0cc6d56e7e7f20cebc85,36,female,99,confounded,a,0,5.4427999999998065,91,73,-19,96,36,-14,48.33333333,39.33333333,9,48.17560471,44.96912521,3.206479496,-19,-14,-5,-0.63,0.11,-0.74,FALSE
13,665a0cc6d56e7e7f20cebc85,36,female,100,confounded,b,1,3.1590999999996257,74,51,-26,76,46,-14,33,36,-3,42.76291228,37.41657387,5.346338412,-26,-14,-12,-0.56,-0.38,-0.18,FALSE
13,665a0cc6d56e7e7f20cebc85,36,female,101,unconfounded,b,1,7.008500000000026,78,19,-16,89,2,-7,27,28,-1,38.79003308,43.28972164,-4.49968856,-16,-7,-9,0.3,0.68,-0.38,FALSE
13,665a0cc6d56e7e7f20cebc85,36,female,102,confounded,b,1,1.6585000000000036,82,63,-26,93,35,-12,39.66666667,38.66666667,1,47.07676945,42.94440851,4.132360945,-26,-12,-14,-0.62,0.13,-0.75,FALSE
13,665a0cc6d56e7e7f20cebc85,36,female,103,confounded,b,1,1.7414999999999736,74,69,-25,82,49,-13,39.33333333,39.33333333,0,45.5363103,39.38132665,6.154983646,-25,-13,-12,-0.7,-0.35,-0.35,FALSE
13,665a0cc6d56e7e7f20cebc85,36,female,104,confounded,b,1,1.8912999999998872,93,87,-40,99,80,-30,46.66666667,49.66666667,-3,61.33152171,56.86436103,4.467160681,-40,-30,-10,-0.7,-0.65,-0.05,FALSE
13,665a0cc6d56e7e7f20cebc85,36,female,105,unconfounded,b,1,4.3913999999994084,58,54,-47,89,7,-34,21.66666667,20.66666667,1,48.58211834,51.13598429,-2.553865948,-47,-34,-13,-0.7,0.38,-1.08,FALSE
13,665a0cc6d56e7e7f20cebc85,36,female,106,unconfounded,b,1,1.9078999999993584,86,44,-23,97,16,-15,35.66666667,32.66666667,3,44.88751373,47.21816976,-2.33065603,-23,-15,-8,-0.27,0.49,-0.76,FALSE
13,665a0cc6d56e7e7f20cebc85,36,female,107,confounded,b,1,2.4580000000000837,83,79,-38,99,58,-24,41.33333333,44.33333333,-3,56.12090124,51.13598429,4.98491695,-38,-24,-14,-0.7,-0.38,-0.32,FALSE
13,665a0cc6d56e7e7f20cebc85,36,female,108,confounded,b,1,1.8239000000004353,86,67,-20,98,40,-5,44.33333333,44.33333333,0,46.14710777,42.16106682,3.986040948,-20,-5,-15,-0.62,0.15,-0.77,FALSE
13,665a0cc6d56e7e7f20cebc85,36,female,109,confounded,b,1,4.059500000000071,88,55,-57,98,39,-42,28.66666667,31.66666667,-3,62.05553069,57.38950736,4.666023323,-57,-42,-15,-0.56,-0.19,-0.37,FALSE
13,665a0cc6d56e7e7f20cebc85,36,female,110,unconfounded,b,1,5.192299999999818,69,32,-47,87,24,-39,18,24,-6,48.38043682,51.4392846,-3.058847781,-47,-39,-8,-0.41,0,-0.41,FALSE
13,665a0cc6d56e7e7f20cebc85,36,female,111,confounded,b,1,3.0577000000001817,82,65,-29,77,59,-18,39.33333333,39.33333333,0,48.81484292,41.20140235,7.613440566,-29,-18,-11,-0.64,-0.61,-0.03,FALSE
13,665a0cc6d56e7e7f20cebc85,36,female,112,confounded,b,1,2.7077999999999065,62,49,-44,69,55,-30,22.33333333,31.33333333,-9,47.20404879,43.74420597,3.459842825,-44,-30,-14,-0.67,-0.65,-0.02,FALSE
13,665a0cc6d56e7e7f20cebc85,36,female,113,unconfounded,a,0,4.375099999999634,61,43,-79,96,2,-73,8.333333333,8.333333333,0,62.18967403,69.13915115,-6.949477127,-79,-73,-6,-0.66,0.14,-0.8,FALSE
13,665a0cc6d56e7e7f20cebc85,36,female,114,unconfounded,a,0,8.591099999999642,82,49,-56,98,10,-51,25,19,6,58.83876273,61.16098975,-2.322227012,-56,-51,-5,-0.54,0.22,-0.76,FALSE
13,665a0cc6d56e7e7f20cebc85,36,female,115,confounded,b,1,8.342199999999252,53,43,-8,49,31,-1,29.33333333,26.33333333,3,26.71246068,20.67741656,6.035044121,-8,-1,-7,-0.63,-0.33,-0.3,FALSE
13,665a0cc6d56e7e7f20cebc85,36,female,116,unconfounded,a,0,5.459700000000112,84,46,-12,97,13,-1,39.33333333,36.33333333,3,39.47432358,43.27688631,-3.802562731,-12,-1,-11,-0.25,0.65,-0.9,FALSE
13,665a0cc6d56e7e7f20cebc85,36,female,117,unconfounded,b,1,4.441799999999716,61,49,-22,81,3,-14,29.33333333,23.33333333,6,36.62725154,41.36289266,-4.735641114,-22,-14,-8,-0.65,0.62,-1.27,FALSE
13,665a0cc6d56e7e7f20cebc85,36,female,118,unconfounded,a,0,5.308499999999981,80,55,-43,97,5,-37,30.66666667,21.66666667,9,53.08065142,55.96030339,-2.879651967,-43,-37,-6,-0.59,0.42,-1.01,FALSE
13,665a0cc6d56e7e7f20cebc85,36,female,119,confounded,b,1,2.075400000000286,66,52,-14,71,33,-3,34.66666667,33.66666667,1,34.88393454,30.21405118,4.669883356,-14,-3,-11,-0.62,0.03,-0.65,FALSE
13,665a0cc6d56e7e7f20cebc85,36,female,120,unconfounded,b,1,2.2923000000007505,63,45,-19,81,8,-9,29.66666667,26.66666667,3,35.18838192,39.04128869,-3.852906764,-19,-9,-10,-0.57,0.61,-1.18,FALSE
13,665a0cc6d56e7e7f20cebc85,36,female,121,unconfounded,b,1,4.258800000000747,80,45,-79,99,3,-74,15.33333333,9.333333333,6,68.2169741,70.76879413,-2.551820026,-79,-74,-5,-0.57,0.13,-0.7,FALSE
13,665a0cc6d56e7e7f20cebc85,36,female,122,unconfounded,b,1,3.042399999999475,45,38,-33,83,15,-21,16.66666667,25.66666667,-9,35.23571421,43.12256434,-7.886850138,-33,-21,-12,-0.69,0.36,-1.05,FALSE
13,665a0cc6d56e7e7f20cebc85,36,female,123,confounded,b,1,2.924299999999789,67,16,-14,66,5,-2,23,23,0,33.43650699,30.53959179,2.896915205,-14,-2,-12,0.3,0.68,-0.38,FALSE
13,665a0cc6d56e7e7f20cebc85,36,female,124,confounded,b,1,1.576200000000199,97,65,-14,96,44,-1,49.33333333,46.33333333,3,46.64999702,39.63444069,7.015556332,-14,-1,-13,-0.47,0.09,-0.56,FALSE
13,665a0cc6d56e7e7f20cebc85,36,female,125,unconfounded,a,0,5.675500000000056,52,25,-28,65,9,-22,16.33333333,17.33333333,-1,33.22983933,36.00308629,-2.773246953,-28,-22,-6,-0.37,0.33,-0.7,FALSE
13,665a0cc6d56e7e7f20cebc85,36,female,126,confounded,b,1,3.5104000000003452,78,64,-50,80,54,-42,30.66666667,30.66666667,0,57.32558087,52.46797965,4.857601218,-50,-42,-8,-0.68,-0.58,-0.1,FALSE
13,665a0cc6d56e7e7f20cebc85,36,female,127,unconfounded,b,1,1.3588000000007696,89,46,-17,99,10,-9,39.33333333,33.33333333,6,43.53032149,47.07676945,-3.546447966,-17,-9,-8,-0.23,0.62,-0.85,FALSE
13,665a0cc6d56e7e7f20cebc85,36,female,128,confounded,b,1,3.177200000000198,89,83,-40,98,60,-26,44,44,0,59.44745579,51.87163644,7.575819354,-40,-26,-14,-0.7,-0.43,-0.27,FALSE
13,665a0cc6d56e7e7f20cebc85,36,female,129,unconfounded,b,1,5.7584000000003925,58,49,-41,85,1,-29,22,19,3,44.69899328,48.24935233,-3.55035905,-41,-29,-12,-0.69,0.51,-1.2,FALSE
13,665a0cc6d56e7e7f20cebc85,36,female,130,unconfounded,b,1,3.540400000000318,55,19,-13,73,1,-4,20.33333333,23.33333333,-3,27.77688887,35.17890782,-7.402018947,-13,-4,-9,0.07,0.7,-0.63,FALSE
13,665a0cc6d56e7e7f20cebc85,36,female,131,unconfounded,b,1,3.541700000000219,50,26,-17,66,7,-11,19.66666667,20.66666667,-1,27.71682201,32.88701196,-5.17018995,-17,-11,-6,-0.33,0.55,-0.88,FALSE
13,665a0cc6d56e7e7f20cebc85,36,female,132,unconfounded,b,1,6.173600000000647,61,53,-62,85,48,-54,17.33333333,26.33333333,-9,56.19213073,58.77830288,-2.586172149,-62,-54,-8,-0.7,-0.5,-0.2,FALSE
13,665a0cc6d56e7e7f20cebc85,36,female,133,confounded,b,1,1.3079999999999927,77,61,-18,90,60,-3,40,49,-9,41.52910626,38.75564475,2.773461509,-18,-3,-15,-0.63,-0.4,-0.23,FALSE
13,665a0cc6d56e7e7f20cebc85,36,female,134,confounded,b,1,2.974600000000578,51,45,-68,56,48,-58,9.333333333,15.33333333,-6,54.73775865,51.95724738,2.780511269,-68,-58,-10,-0.7,-0.69,-0.01,FALSE
13,665a0cc6d56e7e7f20cebc85,36,female,135,unconfounded,b,1,2.708200000000147,79,53,-16,96,9,-7,38.66666667,32.66666667,6,40.08601862,45.25728916,-5.17127054,-16,-7,-9,-0.49,0.64,-1.13,FALSE
13,665a0cc6d56e7e7f20cebc85,36,female,136,unconfounded,a,0,7.308299999999804,76,54,-46,97,16,-38,28,25,3,53.09111665,55.47972603,-2.388609381,-46,-38,-8,-0.62,0.24,-0.86,FALSE
13,665a0cc6d56e7e7f20cebc85,36,female,137,confounded,b,1,1.7121000000005324,66,61,-21,85,54,-6,35.33333333,44.33333333,-9,39.88594851,37.77418284,2.111765679,-21,-6,-15,-0.7,-0.37,-0.33,FALSE
13,665a0cc6d56e7e7f20cebc85,36,female,138,confounded,b,1,2.9909000000003516,86,80,-10,84,66,-3,52,49,3,43.9089968,37.49666652,6.412330282,-10,-3,-7,-0.7,-0.59,-0.11,FALSE
13,665a0cc6d56e7e7f20cebc85,36,female,139,unconfounded,b,1,6.991799999999785,81,32,-83,99,17,-77,10,13,-3,68.73621074,71.90734779,-3.171137055,-83,-77,-6,-0.45,-0.08,-0.37,FALSE
13,665a0cc6d56e7e7f20cebc85,36,female,140,unconfounded,b,1,4.142400000000407,70,16,-49,84,3,-41,12.33333333,15.33333333,-3,48.65068231,51.77086268,-3.12018037,-49,-41,-8,-0.11,0.34,-0.45,FALSE
13,665a0cc6d56e7e7f20cebc85,36,female,141,unconfounded,b,1,5.4010999999995875,74,30,-33,93,7,-20,23.66666667,26.66666667,-3,43.91152721,48.18252334,-4.270996128,-33,-20,-13,-0.21,0.54,-0.75,FALSE
13,665a0cc6d56e7e7f20cebc85,36,female,142,confounded,b,1,2.523900000000367,82,74,-71,84,63,-59,28.33333333,29.33333333,-1,70.31516353,63.04671989,7.26844364,-71,-59,-12,-0.7,-0.65,-0.05,FALSE
13,665a0cc6d56e7e7f20cebc85,36,female,143,confounded,b,1,2.558699999999249,85,31,-13,81,32,-1,34.33333333,37.33333333,-3,40.07770231,33.68811198,6.389590326,-13,-1,-12,0.12,0.23,-0.11,FALSE
13,665a0cc6d56e7e7f20cebc85,36,female,144,unconfounded,b,1,8.757799999999861,51,48,-71,84,26,-64,9.333333333,15.33333333,-6,56.81744646,60.88969991,-4.072253454,-71,-64,-7,-0.71,-0.26,-0.45,FALSE
13,665a0cc6d56e7e7f20cebc85,36,female,145,unconfounded,a,0,7.18430000000069,61,50,-88,94,11,-82,7.666666667,7.666666667,0,67.79544396,71.8903486,-4.094904639,-88,-82,-6,-0.69,-0.07,-0.62,FALSE
13,665a0cc6d56e7e7f20cebc85,36,female,146,unconfounded,b,1,3.524299999999812,65,10,-62,90,1,-51,4.333333333,13.33333333,-9,52.00213671,58.21988969,-6.217752982,-62,-51,-11,-0.16,0.31,-0.47,FALSE
13,665a0cc6d56e7e7f20cebc85,36,female,147,confounded,b,1,1.8080999999996263,93,73,-18,97,48,-6,49.33333333,46.33333333,3,48.30688932,42.06608557,6.240803743,-18,-6,-12,-0.62,-0.06,-0.56,FALSE
13,665a0cc6d56e7e7f20cebc85,36,female,148,unconfounded,b,1,2.3761000000005197,76,64,-21,97,15,-11,39.66666667,33.66666667,6,43.17663977,46.02414825,-2.847508476,-21,-11,-10,-0.67,0.54,-1.21,FALSE
13,665a0cc6d56e7e7f20cebc85,36,female,150,unconfounded,b,1,4.600400000000377,65,46,-24,88,13,-14,29,29,0,38.27096375,43.15089802,-4.879934267,-24,-14,-10,-0.58,0.51,-1.09,FALSE
13,665a0cc6d56e7e7f20cebc85,36,female,151,confounded,b,1,1.391800000000785,93,88,-12,97,64,-1,56.33333333,53.33333333,3,48.36206043,40.71308826,7.64897217,-12,-1,-11,-0.7,-0.38,-0.32,FALSE
13,665a0cc6d56e7e7f20cebc85,36,female,152,confounded,b,1,2.875799999999913,91,40,-37,81,27,-32,31.33333333,25.33333333,6,52.61389761,46.14710777,6.466789845,-37,-32,-5,-0.24,-0.05,-0.19,FALSE
13,665a0cc6d56e7e7f20cebc85,36,female,153,unconfounded,b,1,2.7239999999999327,64,49,-69,94,7,-60,14.66666667,13.66666667,1,59.4773533,63.04671989,-3.56936659,-69,-60,-9,-0.67,0.16,-0.83,FALSE
13,665a0cc6d56e7e7f20cebc85,36,female,154,unconfounded,b,1,1.5772999999998092,92,54,-10,99,11,-1,45.33333333,36.33333333,9,42.08985098,44.58200933,-2.492158346,-10,-1,-9,-0.3,0.67,-0.97,FALSE
13,665a0cc6d56e7e7f20cebc85,36,female,155,unconfounded,b,1,2.9742000000002236,70,60,-28,92,11,-19,34,28,6,44.0302926,46.88283268,-2.852540076,-28,-19,-9,-0.68,0.5,-1.18,FALSE
13,665a0cc6d56e7e7f20cebc85,36,female,156,confounded,b,1,7.658299999999827,95,77,-55,97,48,-46,39,33,6,66.87301399,59.33520596,7.537808026,-55,-46,-9,-0.67,-0.36,-0.31,FALSE
13,665a0cc6d56e7e7f20cebc85,36,female,157,unconfounded,b,1,2.0423000000007505,64,57,-33,97,1,-19,29.33333333,26.33333333,3,44.16886787,50.63156679,-6.46269892,-33,-19,-14,-0.69,0.63,-1.32,FALSE
13,665a0cc6d56e7e7f20cebc85,36,female,158,confounded,b,1,2.6582000000001926,55,43,-60,58,7,-54,12.66666667,3.666666667,9,51.61610429,45.78451946,5.831584831,-60,-54,-6,-0.68,-0.11,-0.57,FALSE
13,665a0cc6d56e7e7f20cebc85,36,female,159,unconfounded,b,1,3.0410000000000537,71,42,-92,95,21,-86,7,10,-3,70.99765254,74.30118886,-3.303536321,-92,-86,-6,-0.62,-0.22,-0.4,FALSE
13,665a0cc6d56e7e7f20cebc85,36,female,160,confounded,b,1,4.15840000000037,80,73,-34,85,63,-29,39.66666667,39.66666667,0,52.16853032,49.37835783,2.790172486,-34,-29,-5,-0.7,-0.6,-0.1,FALSE
13,665a0cc6d56e7e7f20cebc85,36,female,161,confounded,b,1,7.175999999999931,81,78,-44,94,63,-33,38.33333333,41.33333333,-3,58.2313394,54.06374838,4.167591025,-44,-33,-11,-0.71,-0.54,-0.17,FALSE
13,665a0cc6d56e7e7f20cebc85,36,female,162,confounded,b,1,3.0087999999998374,67,60,-20,68,46,-10,35.66666667,34.66666667,1,39.46587837,32.83629428,6.629584088,-20,-10,-10,-0.69,-0.48,-0.21,FALSE
13,665a0cc6d56e7e7f20cebc85,36,female,163,confounded,b,1,3.5597999999997683,67,65,-84,92,13,-75,16,10,6,70.71539201,68.21045863,2.504933376,-84,-75,-9,-0.71,-0.07,-0.64,FALSE
13,665a0cc6d56e7e7f20cebc85,36,female,164,confounded,b,1,2.7227000000001453,65,54,-20,73,59,-6,33,42,-9,37.74475681,34.41898701,3.325769802,-20,-6,-14,-0.66,-0.62,-0.04,FALSE
13,665a0cc6d56e7e7f20cebc85,36,female,165,confounded,b,1,5.858700000000226,76,47,-60,74,22,-51,21,15,6,58.48646567,51.27052435,7.215941325,-60,-51,-9,-0.58,-0.2,-0.38,FALSE
13,665a0cc6d56e7e7f20cebc85,36,female,166,confounded,b,1,1.545700000000238,85,77,-20,97,78,-6,47.33333333,56.33333333,-9,47.72374205,44.75364665,2.970095399,-20,-6,-14,-0.69,-0.61,-0.08,FALSE
13,665a0cc6d56e7e7f20cebc85,36,female,167,confounded,b,1,1.6239000000005035,66,64,-14,70,50,-1,38.66666667,39.66666667,-1,37.24990679,29.89239963,7.357507157,-14,-1,-13,-0.71,-0.48,-0.23,FALSE
13,665a0cc6d56e7e7f20cebc85,36,female,168,confounded,b,1,2.50649999999996,79,75,-24,86,58,-11,43.33333333,44.33333333,-1,47.6398526,40.76218291,6.877669688,-24,-11,-13,-0.7,-0.47,-0.23,FALSE
13,665a0cc6d56e7e7f20cebc85,36,female,169,confounded,b,1,2.3090999999994892,78,18,-86,77,22,-71,3.333333333,9.333333333,-6,67.75117875,61.08100268,6.670176067,-86,-71,-15,-0.31,-0.3,-0.01,FALSE
13,665a0cc6d56e7e7f20cebc85,36,female,170,confounded,b,1,3.0594000000003234,57,2,-48,64,9,-35,3.666666667,12.66666667,-9,42.88226777,40.49965706,2.382610705,-48,-35,-13,0.06,0.14,-0.08,FALSE
13,665a0cc6d56e7e7f20cebc85,36,female,171,unconfounded,b,1,2.7424999999998363,74,36,-41,90,6,-30,23,22,1,47.84001115,50.27922036,-2.439209212,-41,-30,-11,-0.39,0.45,-0.84,FALSE
13,665a0cc6d56e7e7f20cebc85,36,female,172,confounded,b,1,4.490799999999808,30,4,-19,23,3,-8,5,6,-1,20.01665973,12.83225104,7.184408691,-19,-8,-11,0.07,0.34,-0.27,FALSE
13,665a0cc6d56e7e7f20cebc85,36,female,174,unconfounded,b,1,2.959900000000289,73,50,-46,98,7,-31,25.66666667,24.66666667,1,51.53855084,54.12536887,-2.586818037,-46,-31,-15,-0.6,0.45,-1.05,FALSE
13,665a0cc6d56e7e7f20cebc85,36,female,175,unconfounded,b,1,7.7840000000001055,52,48,-39,83,15,-28,20.33333333,23.33333333,-3,41.9867704,45.69707017,-3.710299768,-39,-28,-11,-0.7,0.27,-0.97,FALSE
13,665a0cc6d56e7e7f20cebc85,36,female,176,confounded,a,0,3.925400000000309,59,54,-8,62,28,-3,35,29,6,30.47403266,26.54555832,3.928474339,-8,-3,-5,-0.69,0.06,-0.75,FALSE
13,665a0cc6d56e7e7f20cebc85,36,female,177,confounded,b,1,5.558400000000347,99,38,-35,87,15,-27,34,25,9,54.77834122,47.07440918,7.703932035,-35,-27,-8,-0.11,0.31,-0.42,FALSE
13,665a0cc6d56e7e7f20cebc85,36,female,178,unconfounded,b,1,3.742400000000316,62,50,-83,92,15,-75,9.666666667,10.66666667,-1,65.70810875,68.24628602,-2.53817727,-83,-75,-8,-0.69,-0.09,-0.6,FALSE
13,665a0cc6d56e7e7f20cebc85,36,female,179,unconfounded,b,1,4.792100000000573,61,18,-37,77,14,-31,14,20,-6,40.10818703,44.29446918,-4.186282153,-37,-31,-6,-0.15,0.2,-0.35,FALSE
13,665a0cc6d56e7e7f20cebc85,36,female,180,unconfounded,b,1,3.1259999999999764,77,67,-13,98,10,-4,43.66666667,34.66666667,9,40.27681991,45.14667454,-4.86985463,-13,-4,-9,-0.67,0.66,-1.33,FALSE
13,665a0cc6d56e7e7f20cebc85,36,female,181,confounded,b,1,5.711299999999937,73,68,-84,83,63,-71,19,25,-6,72.86059749,68.37153404,4.489063453,-84,-71,-13,-0.7,-0.66,-0.04,FALSE
13,665a0cc6d56e7e7f20cebc85,36,female,182,unconfounded,b,1,2.6265999999998257,72,62,-10,99,53,-1,41.33333333,50.33333333,-9,36.52700675,40.86835233,-4.341345579,-10,-1,-9,-0.67,-0.1,-0.57,FALSE
13,665a0cc6d56e7e7f20cebc85,36,female,183,unconfounded,b,1,4.4498999999993885,66,36,-14,80,11,-6,29.33333333,28.33333333,1,32.99831646,37.18721405,-4.188897596,-14,-6,-8,-0.29,0.6,-0.89,FALSE
13,665a0cc6d56e7e7f20cebc85,36,female,184,confounded,b,1,1.9754000000002632,61,33,-71,68,40,-58,7.666666667,16.66666667,-9,56.78810517,54.02057221,2.767532958,-71,-58,-13,-0.58,-0.57,-0.01,FALSE
13,665a0cc6d56e7e7f20cebc85,36,female,185,unconfounded,b,1,2.558799999999792,66,40,-29,84,13,-23,25.66666667,24.66666667,1,40.08601862,44.45472103,-4.368702413,-29,-23,-6,-0.49,0.38,-0.87,FALSE
13,665a0cc6d56e7e7f20cebc85,36,female,186,confounded,b,1,2.6852000000001226,81,74,-67,96,32,-58,29.33333333,23.33333333,6,68.17787194,63.16820579,5.009666154,-67,-58,-9,-0.7,-0.2,-0.5,FALSE
13,665a0cc6d56e7e7f20cebc85,36,female,187,confounded,b,1,1.875100000000657,52,14,-16,53,17,-2,16.66666667,22.66666667,-6,27.82484901,22.80838053,5.01646848,-16,-2,-14,0.14,0.36,-0.22,FALSE
13,665a0cc6d56e7e7f20cebc85,36,female,188,unconfounded,b,1,2.8745999999996457,72,35,-48,99,28,-41,19.66666667,28.66666667,-9,50.17524844,57.15670467,-6.981456236,-48,-41,-7,-0.43,0.02,-0.45,FALSE
13,665a0cc6d56e7e7f20cebc85,36,female,189,unconfounded,b,1,5.273500000000013,74,33,-32,94,35,-27,25,34,-9,43.64248694,49.40310382,-5.760616872,-32,-27,-5,-0.27,-0.03,-0.24,FALSE
13,665a0cc6d56e7e7f20cebc85,36,female,190,confounded,b,1,3.4080999999996493,65,62,-49,72,57,-42,26,29,-3,53.04714884,50.57667447,2.470474374,-49,-42,-7,-0.71,-0.66,-0.05,FALSE
13,665a0cc6d56e7e7f20cebc85,36,female,192,confounded,b,1,7.108599999999569,39,30,-45,49,34,-32,8,17,-9,37.65634077,35.18522417,2.471116596,-45,-32,-13,-0.68,-0.61,-0.07,FALSE
13,665a0cc6d56e7e7f20cebc85,36,female,193,confounded,b,1,4.327900000000227,67,34,-59,77,37,-45,14,23,-9,53.34791467,50.78057371,2.56734096,-59,-45,-14,-0.51,-0.39,-0.12,FALSE
13,665a0cc6d56e7e7f20cebc85,36,female,194,unconfounded,b,1,3.2574999999999363,85,48,-45,99,2,-40,29.33333333,20.33333333,9,54.68901982,58.20843772,-3.519417903,-45,-40,-5,-0.47,0.44,-0.91,FALSE
13,665a0cc6d56e7e7f20cebc85,36,female,195,confounded,b,1,4.107999999999947,69,40,-29,65,14,-17,26.66666667,20.66666667,6,41.10420362,33.80663972,7.297563908,-29,-17,-12,-0.45,0.29,-0.74,FALSE
13,665a0cc6d56e7e7f20cebc85,36,female,197,unconfounded,b,1,2.775000000000091,58,37,-21,83,16,-7,24.66666667,30.66666667,-6,33.40991204,38.17794593,-4.768033896,-21,-7,-14,-0.5,0.52,-1.02,FALSE
13,665a0cc6d56e7e7f20cebc85,36,female,198,unconfounded,b,1,5.087199999999257,57,55,-50,97,16,-42,20.66666667,23.66666667,-3,49.97554958,57.00487309,-7.029323509,-50,-42,-8,-0.71,0.2,-0.91,FALSE
13,665a0cc6d56e7e7f20cebc85,36,female,199,unconfounded,a,0,6.318200000000161,57,52,-69,95,11,-63,13.33333333,14.33333333,-1,58.25423208,64.54627969,-6.29204761,-69,-63,-6,-0.7,0.08,-0.78,FALSE
13,665a0cc6d56e7e7f20cebc85,36,female,200,unconfounded,a,0,3.051400000000285,56,53,-14,73,2,-7,31.66666667,22.66666667,9,32.31442746,35.78019316,-3.465765693,-14,-7,-7,-0.7,0.67,-1.37,FALSE
13,665a0cc6d56e7e7f20cebc85,36,female,201,unconfounded,a,0,4.991600000000517,72,70,-17,94,24,-11,41.66666667,35.66666667,6,41.49163236,43.65266951,-2.161037156,-17,-11,-6,-0.71,0.38,-1.09,FALSE
13,665a0cc6d56e7e7f20cebc85,36,female,202,unconfounded,b,1,4.390999999999849,64,23,-82,89,11,-77,1.666666667,7.666666667,-6,61.48351179,67.81019261,-6.326680822,-82,-77,-5,-0.48,-0.07,-0.41,FALSE
13,665a0cc6d56e7e7f20cebc85,36,female,203,confounded,a,0,2.975100000000566,82,32,-65,81,1,-60,16.33333333,7.333333333,9,61.02640594,57.73695139,3.289454554,-65,-60,-5,-0.37,0.16,-0.53,FALSE
13,665a0cc6d56e7e7f20cebc85,36,female,204,confounded,a,0,2.8085000000000946,96,61,-17,93,41,-3,46.66666667,43.66666667,3,47.23228651,39.23717059,7.995115924,-17,-3,-14,-0.43,0.1,-0.53,FALSE
13,665a0cc6d56e7e7f20cebc85,36,female,205,confounded,b,1,5.174900000000434,87,67,-40,97,42,-25,38,38,0,55.75541827,49.88653793,5.868880342,-40,-25,-15,-0.64,-0.12,-0.52,FALSE
13,665a0cc6d56e7e7f20cebc85,36,female,206,unconfounded,b,1,6.185999999999922,49,33,-54,78,3,-44,9.333333333,12.33333333,-3,45.25728916,50.24163833,-4.98434917,-54,-44,-10,-0.64,0.27,-0.91,FALSE
13,665a0cc6d56e7e7f20cebc85,36,female,207,confounded,b,1,3.750999999999976,76,27,-21,72,4,-12,27.33333333,21.33333333,6,39.60078563,36.41733409,3.183451536,-21,-12,-9,0.01,0.61,-0.6,FALSE
13,665a0cc6d56e7e7f20cebc85,36,female,208,confounded,a,0,5.392499999999927,98,40,-65,99,32,-55,24.33333333,25.33333333,-1,67.46027638,63.04671989,4.413556487,-65,-55,-10,-0.34,-0.16,-0.18,FALSE
13,665a0cc6d56e7e7f20cebc85,36,female,209,unconfounded,a,0,4.716000000000122,52,41,-26,71,1,-14,22.33333333,19.33333333,3,34.47059939,37.04351795,-2.572918563,-26,-14,-12,-0.65,0.62,-1.27,FALSE
13,665a0cc6d56e7e7f20cebc85,36,female,210,unconfounded,b,1,2.941900000000487,71,48,-19,96,7,-6,33.33333333,32.33333333,1,38.17794593,45.33088229,-7.152936355,-19,-6,-13,-0.52,0.66,-1.18,FALSE
13,665a0cc6d56e7e7f20cebc85,36,female,211,confounded,b,1,8.674799999999777,81,8,-35,75,6,-24,18,19,-1,47.88179891,41.44876355,6.433035356,-35,-24,-11,0.3,0.44,-0.14,FALSE
13,665a0cc6d56e7e7f20cebc85,36,female,212,confounded,b,1,1.5759999999997945,81,75,-12,85,53,-3,48,45,3,42.49705872,36.36848453,6.128574196,-12,-3,-9,-0.7,-0.32,-0.38,FALSE
13,665a0cc6d56e7e7f20cebc85,36,female,213,confounded,b,1,5.923600000000533,60,58,-24,72,31,-12,31.33333333,30.33333333,1,39.13509366,34.29609631,4.838997345,-24,-12,-12,-0.71,-0.03,-0.68,FALSE
13,665a0cc6d56e7e7f20cebc85,36,female,214,confounded,b,1,3.3420000000000982,89,67,-17,87,61,-12,46.33333333,45.33333333,1,45.67518169,41.90730512,3.76787657,-17,-12,-5,-0.59,-0.51,-0.08,FALSE
13,665a0cc6d56e7e7f20cebc85,36,female,215,unconfounded,b,1,6.02599999999984,63,32,-59,96,5,-47,12,18,-6,51.77515492,59.09878735,-7.323632437,-59,-47,-12,-0.52,0.32,-0.84,FALSE
13,665a0cc6d56e7e7f20cebc85,36,female,216,confounded,b,1,4.674700000000257,48,42,-20,63,30,-5,23.33333333,29.33333333,-6,30.73904502,27.7648859,2.974159125,-20,-5,-15,-0.69,-0.04,-0.65,FALSE
13,665a0cc6d56e7e7f20cebc85,36,female,217,unconfounded,a,0,9.158599999999524,60,51,-79,94,11,-73,10.66666667,10.66666667,0,63.51027913,68.17787194,-4.667592807,-79,-73,-6,-0.7,-0.01,-0.69,FALSE
13,665a0cc6d56e7e7f20cebc85,36,female,218,confounded,b,1,7.5577999999998164,45,24,-31,48,17,-18,12.66666667,15.66666667,-3,32.0451071,26.96087701,5.084230092,-31,-18,-13,-0.49,-0.07,-0.42,FALSE
13,665a0cc6d56e7e7f20cebc85,36,female,219,confounded,b,1,1.7417999999997846,84,54,-18,91,30,-4,40,39,1,42.80186912,39.3022476,3.499621515,-18,-4,-14,-0.46,0.33,-0.79,FALSE
14,6669df2f25867bc36bb36c7d,31,male,0,confounded,b,1,4.933599999994044,91,40,-37,81,27,-32,31.33333333,25.33333333,6,52.61389761,46.14710777,6.466789845,-37,-32,-5,-0.24,-0.05,-0.19,FALSE
14,6669df2f25867bc36bb36c7d,31,male,1,confounded,b,1,22.539800000004476,76,47,-60,74,22,-51,21,15,6,58.48646567,51.27052435,7.215941325,-60,-51,-9,-0.58,-0.2,-0.38,FALSE
14,6669df2f25867bc36bb36c7d,31,male,2,confounded,b,1,15.296700000002971,88,55,-57,98,39,-42,28.66666667,31.66666667,-3,62.05553069,57.38950736,4.666023323,-57,-42,-15,-0.56,-0.19,-0.37,FALSE
14,6669df2f25867bc36bb36c7d,31,male,3,confounded,b,1,6.461700000002992,49,11,-37,57,15,-22,7.666666667,16.66666667,-9,35.18838192,32.27313985,2.915242074,-37,-22,-15,-0.14,0.08,-0.22,FALSE
14,6669df2f25867bc36bb36c7d,31,male,4,confounded,a,0,3.7208999999985224,86,80,-10,84,66,-3,52,49,3,43.9089968,37.49666652,6.412330282,-10,-3,-7,-0.7,-0.59,-0.11,FALSE
14,6669df2f25867bc36bb36c7d,31,male,5,confounded,a,0,3.4948999999985233,90,19,-42,81,3,-35,22.33333333,16.33333333,6,53.94029621,48.2861839,5.654112314,-42,-35,-7,0.09,0.39,-0.3,FALSE
14,6669df2f25867bc36bb36c7d,31,male,6,unconfounded,a,0,5.212499999999977,61,43,-79,96,2,-73,8.333333333,8.333333333,0,62.18967403,69.13915115,-6.949477127,-79,-73,-6,-0.66,0.14,-0.8,FALSE
14,6669df2f25867bc36bb36c7d,31,male,7,confounded,b,1,35.31800000000001,78,18,-86,77,22,-71,3.333333333,9.333333333,-6,67.75117875,61.08100268,6.670176067,-86,-71,-15,-0.31,-0.3,-0.01,FALSE
14,6669df2f25867bc36bb36c7d,31,male,8,unconfounded,a,0,3.6697000000029902,76,48,-37,99,1,-31,29,23,6,48.04858652,55.30521374,-7.256627218,-37,-31,-6,-0.53,0.53,-1.06,FALSE
14,6669df2f25867bc36bb36c7d,31,male,9,unconfounded,a,0,3.0332000000029495,76,64,-21,97,15,-11,39.66666667,33.66666667,6,43.17663977,46.02414825,-2.847508476,-21,-11,-10,-0.67,0.54,-1.21,FALSE
14,6669df2f25867bc36bb36c7d,31,male,10,unconfounded,a,0,4.2421000000014715,72,34,-68,95,3,-57,12.66666667,13.66666667,-1,59.11194653,62.51044357,-3.398497045,-68,-57,-11,-0.49,0.25,-0.74,FALSE
14,6669df2f25867bc36bb36c7d,31,male,11,unconfounded,a,0,2.288900000005924,85,48,-45,99,2,-40,29.33333333,20.33333333,9,54.68901982,58.20843772,-3.519417903,-45,-40,-5,-0.47,0.44,-0.91,FALSE
14,6669df2f25867bc36bb36c7d,31,male,12,confounded,a,0,2.3149999999999977,91,73,-19,96,36,-14,48.33333333,39.33333333,9,48.17560471,44.96912521,3.206479496,-19,-14,-5,-0.63,0.11,-0.74,FALSE
14,6669df2f25867bc36bb36c7d,31,male,13,confounded,b,1,9.378400000005968,85,31,-13,81,32,-1,34.33333333,37.33333333,-3,40.07770231,33.68811198,6.389590326,-13,-1,-12,0.12,0.23,-0.11,FALSE
14,6669df2f25867bc36bb36c7d,31,male,14,confounded,b,1,3.852100000001485,65,54,-20,73,59,-6,33,42,-9,37.74475681,34.41898701,3.325769802,-20,-6,-14,-0.66,-0.62,-0.04,FALSE
14,6669df2f25867bc36bb36c7d,31,male,15,confounded,b,1,9.197499999999993,57,56,-92,65,49,-84,7,10,-3,70.00476174,66.78822251,3.216539228,-92,-84,-8,-0.71,-0.68,-0.03,FALSE
14,6669df2f25867bc36bb36c7d,31,male,16,confounded,a,0,6.733500000000049,53,43,-8,49,31,-1,29.33333333,26.33333333,3,26.71246068,20.67741656,6.035044121,-8,-1,-7,-0.63,-0.33,-0.3,FALSE
14,6669df2f25867bc36bb36c7d,31,male,17,confounded,b,1,17.461800000004473,73,68,-84,83,63,-71,19,25,-6,72.86059749,68.37153404,4.489063453,-84,-71,-13,-0.7,-0.66,-0.04,FALSE
14,6669df2f25867bc36bb36c7d,31,male,18,confounded,b,1,6.467999999999961,82,64,-15,78,50,-6,43.66666667,40.66666667,3,42.1294302,34.92213561,7.207294589,-15,-6,-9,-0.61,-0.38,-0.23,FALSE
14,6669df2f25867bc36bb36c7d,31,male,19,unconfounded,a,0,6.274000000000001,83,40,-8,91,7,-1,38.33333333,32.33333333,6,37.16928242,41.61196409,-4.442681672,-8,-1,-7,-0.07,0.69,-0.76,FALSE
14,6669df2f25867bc36bb36c7d,31,male,20,confounded,b,1,35.88730000000447,96,61,-17,93,41,-3,46.66666667,43.66666667,3,47.23228651,39.23717059,7.995115924,-17,-3,-14,-0.43,0.1,-0.53,FALSE
14,6669df2f25867bc36bb36c7d,31,male,21,confounded,a,0,22.044799999997053,91,75,-12,94,55,-4,51.33333333,48.33333333,3,45.25728916,40.28509512,4.97219404,-12,-4,-8,-0.64,-0.24,-0.4,FALSE
14,6669df2f25867bc36bb36c7d,31,male,22,unconfounded,a,0,6.183899999998516,72,70,-17,94,24,-11,41.66666667,35.66666667,6,41.49163236,43.65266951,-2.161037156,-17,-11,-6,-0.71,0.38,-1.09,FALSE
14,6669df2f25867bc36bb36c7d,31,male,23,unconfounded,b,1,10.268200000002937,74,33,-32,94,35,-27,25,34,-9,43.64248694,49.40310382,-5.760616872,-32,-27,-5,-0.27,-0.03,-0.24,FALSE
14,6669df2f25867bc36bb36c7d,31,male,24,unconfounded,a,0,6.8700000000000045,47,39,-49,72,3,-41,12.33333333,11.33333333,1,43.49201715,46.50686927,-3.014852118,-49,-41,-8,-0.69,0.26,-0.95,FALSE
14,6669df2f25867bc36bb36c7d,31,male,25,unconfounded,a,0,4.5563999999985185,82,49,-56,98,10,-51,25,19,6,58.83876273,61.16098975,-2.322227012,-56,-51,-5,-0.54,0.22,-0.76,FALSE
14,6669df2f25867bc36bb36c7d,31,male,26,unconfounded,a,0,2.738700000003007,57,37,-65,85,1,-54,9.666666667,10.66666667,-1,53.42492136,57.15670467,-3.731783312,-65,-54,-11,-0.63,0.25,-0.88,FALSE
14,6669df2f25867bc36bb36c7d,31,male,27,unconfounded,a,0,8.453400000006013,77,49,-72,97,6,-67,18,12,6,64.65807503,67.08700818,-2.42893315,-72,-67,-5,-0.61,0.13,-0.74,FALSE
14,6669df2f25867bc36bb36c7d,31,male,28,unconfounded,a,0,3.639100000001463,71,48,-19,96,7,-6,33.33333333,32.33333333,1,38.17794593,45.33088229,-7.152936355,-19,-6,-13,-0.52,0.66,-1.18,FALSE
14,6669df2f25867bc36bb36c7d,31,male,29,confounded,a,0,4.315399999998533,79,27,-34,70,26,-24,24,24,0,46.18080409,38.40138886,7.779415229,-34,-24,-10,-0.1,-0.08,-0.02,FALSE
14,6669df2f25867bc36bb36c7d,31,male,30,confounded,a,0,4.020700000002989,92,55,-16,86,47,-5,43.66666667,42.66666667,1,44.8131925,37.27674282,7.536449678,-16,-5,-11,-0.36,-0.17,-0.19,FALSE
14,6669df2f25867bc36bb36c7d,31,male,31,unconfounded,a,0,7.898100000001477,58,54,-47,89,7,-34,21.66666667,20.66666667,1,48.58211834,51.13598429,-2.553865948,-47,-34,-13,-0.7,0.38,-1.08,FALSE
14,6669df2f25867bc36bb36c7d,31,male,32,confounded,a,0,2.621500000000026,67,65,-84,92,13,-75,16,10,6,70.71539201,68.21045863,2.504933376,-84,-75,-9,-0.71,-0.07,-0.64,FALSE
14,6669df2f25867bc36bb36c7d,31,male,33,confounded,a,0,14.351,80,73,-34,85,63,-29,39.66666667,39.66666667,0,52.16853032,49.37835783,2.790172486,-34,-29,-5,-0.7,-0.6,-0.1,FALSE
14,6669df2f25867bc36bb36c7d,31,male,34,unconfounded,a,0,6.980399999998497,78,35,-19,87,10,-12,31.33333333,28.33333333,3,39.68486977,42.44473531,-2.759865537,-19,-12,-7,-0.14,0.57,-0.71,FALSE
14,6669df2f25867bc36bb36c7d,31,male,35,unconfounded,a,0,3.9546000000015056,64,56,-58,94,9,-50,20.66666667,17.66666667,3,55.72152985,59.10630724,-3.384777389,-58,-50,-8,-0.7,0.22,-0.92,FALSE
14,6669df2f25867bc36bb36c7d,31,male,36,unconfounded,a,0,6.618499999999983,73,50,-46,98,7,-31,25.66666667,24.66666667,1,51.53855084,54.12536887,-2.586818037,-46,-31,-15,-0.6,0.45,-1.05,FALSE
14,6669df2f25867bc36bb36c7d,31,male,37,unconfounded,a,0,7.1650000000000205,67,36,-51,86,5,-42,17.33333333,16.33333333,1,49.94886274,52.8667087,-2.917845962,-51,-42,-9,-0.51,0.31,-0.82,FALSE
14,6669df2f25867bc36bb36c7d,31,male,38,confounded,a,0,2.583099999994033,62,49,-44,69,55,-30,22.33333333,31.33333333,-9,47.20404879,43.74420597,3.459842825,-44,-30,-14,-0.67,-0.65,-0.02,FALSE
14,6669df2f25867bc36bb36c7d,31,male,39,unconfounded,b,1,6.878200000002948,69,66,-55,96,34,-50,26.66666667,26.66666667,0,57.76004001,59.82938706,-2.069347044,-55,-50,-5,-0.71,-0.18,-0.53,FALSE
14,6669df2f25867bc36bb36c7d,31,male,40,confounded,b,1,2.744800000004375,85,77,-20,97,78,-6,47.33333333,56.33333333,-9,47.72374205,44.75364665,2.970095399,-20,-6,-14,-0.69,-0.61,-0.08,FALSE
14,6669df2f25867bc36bb36c7d,31,male,41,confounded,a,0,8.086300000004485,99,38,-35,87,15,-27,34,25,9,54.77834122,47.07440918,7.703932035,-35,-27,-8,-0.11,0.31,-0.42,FALSE
14,6669df2f25867bc36bb36c7d,31,male,42,confounded,b,1,3.024400000005926,81,78,-44,94,63,-33,38.33333333,41.33333333,-3,58.2313394,54.06374838,4.167591025,-44,-33,-11,-0.71,-0.54,-0.17,FALSE
14,6669df2f25867bc36bb36c7d,31,male,43,confounded,a,0,3.677500000000009,60,35,-17,52,7,-8,26,17,9,32.07283378,25.49509757,6.577736212,-17,-8,-9,-0.4,0.53,-0.93,FALSE
14,6669df2f25867bc36bb36c7d,31,male,44,confounded,b,1,2.880299999997078,84,54,-18,91,30,-4,40,39,1,42.80186912,39.3022476,3.499621515,-18,-4,-14,-0.46,0.33,-0.79,FALSE
14,6669df2f25867bc36bb36c7d,31,male,45,confounded,a,0,4.8693999999985635,90,67,-17,92,28,-7,46.66666667,37.66666667,9,45.98792112,40.99051381,4.997407312,-17,-7,-10,-0.58,0.34,-0.92,FALSE
14,6669df2f25867bc36bb36c7d,31,male,46,confounded,b,1,5.780500000000075,82,80,-87,96,60,-78,25,26,-1,79.20016835,74.99333304,4.206835313,-87,-78,-9,-0.71,-0.59,-0.12,FALSE
14,6669df2f25867bc36bb36c7d,31,male,47,confounded,b,1,2.9833999999984826,69,40,-29,65,14,-17,26.66666667,20.66666667,6,41.10420362,33.80663972,7.297563908,-29,-17,-12,-0.45,0.29,-0.74,FALSE
14,6669df2f25867bc36bb36c7d,31,male,48,unconfounded,a,0,4.115799999996966,57,52,-69,95,11,-63,13.33333333,14.33333333,-1,58.25423208,64.54627969,-6.29204761,-69,-63,-6,-0.7,0.08,-0.78,FALSE
14,6669df2f25867bc36bb36c7d,31,male,49,unconfounded,a,0,2.298100000001454,49,31,-74,83,4,-63,2,8,-6,54.24020649,59.67132198,-5.431115489,-74,-63,-11,-0.65,0.1,-0.75,FALSE
14,6669df2f25867bc36bb36c7d,31,male,51,confounded,b,1,82.23629999999696,81,40,-65,84,42,-52,18.66666667,24.66666667,-6,61.48351179,56.85849883,4.625012964,-65,-52,-13,-0.48,-0.43,-0.05,FALSE
14,6669df2f25867bc36bb36c7d,31,male,52,unconfounded,a,0,42.93929999999705,80,55,-43,97,5,-37,30.66666667,21.66666667,9,53.08065142,55.96030339,-2.879651967,-43,-37,-6,-0.59,0.42,-1.01,FALSE
14,6669df2f25867bc36bb36c7d,31,male,53,unconfounded,b,1,10.80959999999402,71,42,-92,95,21,-86,7,10,-3,70.99765254,74.30118886,-3.303536321,-92,-86,-6,-0.62,-0.22,-0.4,FALSE
14,6669df2f25867bc36bb36c7d,31,male,54,unconfounded,a,0,9.844799999997008,56,53,-14,73,2,-7,31.66666667,22.66666667,9,32.31442746,35.78019316,-3.465765693,-14,-7,-7,-0.7,0.67,-1.37,FALSE
14,6669df2f25867bc36bb36c7d,31,male,55,unconfounded,a,0,4.092999999999961,64,57,-33,97,1,-19,29.33333333,26.33333333,3,44.16886787,50.63156679,-6.46269892,-33,-19,-14,-0.69,0.63,-1.32,FALSE
14,6669df2f25867bc36bb36c7d,31,male,56,confounded,b,1,2.0756000000014865,57,2,-48,64,9,-35,3.666666667,12.66666667,-9,42.88226777,40.49965706,2.382610705,-48,-35,-13,0.06,0.14,-0.08,FALSE
14,6669df2f25867bc36bb36c7d,31,male,57,confounded,a,0,2.078899999998498,84,74,-73,96,33,-62,28.33333333,22.33333333,6,71.76969339,64.9427098,6.826983592,-73,-62,-11,-0.7,-0.24,-0.46,FALSE
14,6669df2f25867bc36bb36c7d,31,male,58,confounded,b,1,10.37289999999848,82,63,-26,93,35,-12,39.66666667,38.66666667,1,47.07676945,42.94440851,4.132360945,-26,-12,-14,-0.62,0.13,-0.75,FALSE
14,6669df2f25867bc36bb36c7d,31,male,59,confounded,a,0,5.65679999999702,51,45,-68,56,48,-58,9.333333333,15.33333333,-6,54.73775865,51.95724738,2.780511269,-68,-58,-10,-0.7,-0.69,-0.01,FALSE
14,6669df2f25867bc36bb36c7d,31,male,60,confounded,b,1,2.044399999998518,60,35,-32,57,29,-20,21,22,-1,38.8415585,31.82242396,7.01913454,-32,-20,-12,-0.49,-0.32,-0.17,FALSE
14,6669df2f25867bc36bb36c7d,31,male,61,unconfounded,a,0,15.865499999999995,67,35,-44,90,1,-33,19.33333333,19.33333333,0,46.64999702,51.86092513,-5.210928109,-44,-33,-11,-0.47,0.49,-0.96,FALSE
14,6669df2f25867bc36bb36c7d,31,male,62,unconfounded,a,0,3.829499999999939,68,28,-25,85,2,-13,23.66666667,24.66666667,-1,38.09053542,43.09936839,-5.008832965,-25,-13,-12,-0.17,0.64,-0.81,FALSE
14,6669df2f25867bc36bb36c7d,31,male,63,confounded,a,0,21.50139999999851,67,16,-14,66,5,-2,23,23,0,33.43650699,30.53959179,2.896915205,-14,-2,-12,0.3,0.68,-0.38,FALSE
14,6669df2f25867bc36bb36c7d,31,male,64,unconfounded,a,0,3.5068999999984953,58,28,-19,71,11,-12,22.33333333,23.33333333,-1,31.68946548,34.98888712,-3.299421648,-19,-12,-7,-0.26,0.48,-0.74,FALSE
14,6669df2f25867bc36bb36c7d,31,male,65,confounded,b,1,2.7061999999955333,61,33,-71,68,40,-58,7.666666667,16.66666667,-9,56.78810517,54.02057221,2.767532958,-71,-58,-13,-0.58,-0.57,-0.01,FALSE
14,6669df2f25867bc36bb36c7d,31,male,66,unconfounded,a,0,2.5679999999999836,49,33,-54,78,3,-44,9.333333333,12.33333333,-3,45.25728916,50.24163833,-4.98434917,-54,-44,-10,-0.64,0.27,-0.91,FALSE
14,6669df2f25867bc36bb36c7d,31,male,67,confounded,a,0,3.649499999999989,82,57,-23,90,38,-9,38.66666667,39.66666667,-1,44.78342948,40.43375927,4.349670203,-23,-9,-14,-0.55,0.06,-0.61,FALSE
14,6669df2f25867bc36bb36c7d,31,male,69,confounded,b,1,4.8347000000030675,96,51,-91,99,54,-79,18.66666667,24.66666667,-6,79.69246444,75.57042337,4.122041069,-91,-79,-12,-0.54,-0.52,-0.02,FALSE
14,6669df2f25867bc36bb36c7d,31,male,70,unconfounded,a,0,2.41889999999853,55,22,-21,66,6,-16,18.66666667,18.66666667,0,31.11626941,34.65384378,-3.537574369,-21,-16,-5,-0.16,0.5,-0.66,FALSE
14,6669df2f25867bc36bb36c7d,31,male,71,confounded,b,1,3.3447000000030584,88,64,-15,89,47,-2,45.66666667,44.66666667,1,44.00252518,37.18721405,6.815311129,-15,-2,-13,-0.55,-0.09,-0.46,FALSE
14,6669df2f25867bc36bb36c7d,31,male,72,confounded,a,0,3.4592000000029657,80,43,-41,81,8,-34,27.33333333,18.33333333,9,50.62498285,47.5137407,3.111242151,-41,-34,-7,-0.43,0.32,-0.75,FALSE
14,6669df2f25867bc36bb36c7d,31,male,73,unconfounded,a,0,2.6746999999954824,84,46,-12,97,13,-1,39.33333333,36.33333333,3,39.47432358,43.27688631,-3.802562731,-12,-1,-11,-0.25,0.65,-0.9,FALSE
14,6669df2f25867bc36bb36c7d,31,male,74,confounded,b,1,2.5271999999955597,79,75,-24,86,58,-11,43.33333333,44.33333333,-1,47.6398526,40.76218291,6.877669688,-24,-11,-13,-0.7,-0.47,-0.23,FALSE
14,6669df2f25867bc36bb36c7d,31,male,75,unconfounded,a,0,5.232199999995487,62,50,-83,92,15,-75,9.666666667,10.66666667,-1,65.70810875,68.24628602,-2.53817727,-83,-75,-8,-0.69,-0.09,-0.6,FALSE
14,6669df2f25867bc36bb36c7d,31,male,76,unconfounded,a,0,6.7687999999971,68,22,-72,90,16,-61,6,15,-9,58.26376804,61.64954717,-3.385779129,-72,-61,-11,-0.39,-0.02,-0.37,FALSE
14,6669df2f25867bc36bb36c7d,31,male,77,confounded,b,1,1.7403999999985444,93,65,-15,92,30,-6,47.66666667,38.66666667,9,45.7626728,40.47495796,5.28771484,-15,-6,-9,-0.51,0.31,-0.82,FALSE
14,6669df2f25867bc36bb36c7d,31,male,78,unconfounded,b,1,5.573999999999955,44,17,-42,71,6,-31,6.333333333,15.33333333,-9,35.91038228,42.16106682,-6.250684541,-42,-31,-11,-0.42,0.32,-0.74,FALSE
14,6669df2f25867bc36bb36c7d,31,male,79,unconfounded,a,0,9.305499999999938,52,41,-26,71,1,-14,22.33333333,19.33333333,3,34.47059939,37.04351795,-2.572918563,-26,-14,-12,-0.65,0.62,-1.27,FALSE
14,6669df2f25867bc36bb36c7d,31,male,80,unconfounded,a,0,1.8972000000030675,79,53,-16,96,9,-7,38.66666667,32.66666667,6,40.08601862,45.25728916,-5.17127054,-16,-7,-9,-0.49,0.64,-1.13,FALSE
14,6669df2f25867bc36bb36c7d,31,male,81,unconfounded,b,1,23.58299999999997,66,36,-14,80,11,-6,29.33333333,28.33333333,1,32.99831646,37.18721405,-4.188897596,-14,-6,-8,-0.29,0.6,-0.89,FALSE
14,6669df2f25867bc36bb36c7d,31,male,82,unconfounded,b,1,3.0248999999985244,61,53,-62,85,48,-54,17.33333333,26.33333333,-9,56.19213073,58.77830288,-2.586172149,-62,-54,-8,-0.7,-0.5,-0.2,FALSE
14,6669df2f25867bc36bb36c7d,31,male,83,confounded,b,1,1.7760000000000673,89,67,-17,87,61,-12,46.33333333,45.33333333,1,45.67518169,41.90730512,3.76787657,-17,-12,-5,-0.59,-0.51,-0.08,FALSE
14,6669df2f25867bc36bb36c7d,31,male,84,confounded,b,1,2.332900000005907,82,65,-29,77,59,-18,39.33333333,39.33333333,0,48.81484292,41.20140235,7.613440566,-29,-18,-11,-0.64,-0.61,-0.03,FALSE
14,6669df2f25867bc36bb36c7d,31,male,85,unconfounded,b,1,1.875499999999988,72,62,-10,99,53,-1,41.33333333,50.33333333,-9,36.52700675,40.86835233,-4.341345579,-10,-1,-9,-0.67,-0.1,-0.57,FALSE
14,6669df2f25867bc36bb36c7d,31,male,86,unconfounded,a,0,3.5733999999985144,55,52,-40,92,13,-29,22.33333333,25.33333333,-3,44.09333535,50.16195991,-6.068624563,-40,-29,-11,-0.7,0.35,-1.05,FALSE
14,6669df2f25867bc36bb36c7d,31,male,88,unconfounded,a,0,3.2963999999984708,58,40,-41,89,8,-31,19,22,-3,43.05810028,49.979996,-6.921895715,-41,-31,-10,-0.62,0.4,-1.02,FALSE
14,6669df2f25867bc36bb36c7d,31,male,89,unconfounded,a,0,1.9861000000015565,65,38,-26,81,20,-21,25.66666667,26.66666667,-1,38.16047985,41.90730512,-3.74682527,-26,-21,-5,-0.45,0.23,-0.68,FALSE
14,6669df2f25867bc36bb36c7d,31,male,90,unconfounded,a,0,1.4516000000014628,70,41,-47,93,2,-40,21.33333333,18.33333333,3,49.74825513,55.51176052,-5.763505382,-47,-40,-7,-0.53,0.42,-0.95,FALSE
14,6669df2f25867bc36bb36c7d,31,male,91,unconfounded,a,0,6.071799999996983,51,48,-71,84,26,-64,9.333333333,15.33333333,-6,56.81744646,60.88969991,-4.072253454,-71,-64,-7,-0.71,-0.26,-0.45,FALSE
14,6669df2f25867bc36bb36c7d,31,male,92,unconfounded,a,0,16.10070000000303,60,34,-88,93,15,-75,2,11,-9,64.51873113,68.64400921,-4.125278077,-88,-75,-13,-0.62,-0.09,-0.53,FALSE
14,6669df2f25867bc36bb36c7d,31,male,93,confounded,a,0,14.586300000004483,82,32,-65,81,1,-60,16.33333333,7.333333333,9,61.02640594,57.73695139,3.289454554,-65,-60,-5,-0.37,0.16,-0.53,FALSE
14,6669df2f25867bc36bb36c7d,31,male,94,confounded,b,1,3.5507999999970252,89,83,-40,98,60,-26,44,44,0,59.44745579,51.87163644,7.575819354,-40,-26,-14,-0.7,-0.43,-0.27,FALSE
14,6669df2f25867bc36bb36c7d,31,male,95,confounded,b,1,3.639200000002916,93,88,-12,97,64,-1,56.33333333,53.33333333,3,48.36206043,40.71308826,7.64897217,-12,-1,-11,-0.7,-0.38,-0.32,FALSE
14,6669df2f25867bc36bb36c7d,31,male,96,unconfounded,a,0,2.403799999996977,63,43,-58,93,3,-51,16,15,1,52.95910372,59.39696962,-6.437865901,-58,-51,-7,-0.63,0.29,-0.92,FALSE
14,6669df2f25867bc36bb36c7d,31,male,97,confounded,b,1,3.5904999999999063,74,69,-25,82,49,-13,39.33333333,39.33333333,0,45.5363103,39.38132665,6.154983646,-25,-13,-12,-0.7,-0.35,-0.35,FALSE
14,6669df2f25867bc36bb36c7d,31,male,98,unconfounded,b,1,3.7391999999955488,45,38,-33,83,15,-21,16.66666667,25.66666667,-9,35.23571421,43.12256434,-7.886850138,-33,-21,-12,-0.69,0.36,-1.05,FALSE
14,6669df2f25867bc36bb36c7d,31,male,99,unconfounded,b,1,4.367799999996919,50,26,-17,66,7,-11,19.66666667,20.66666667,-1,27.71682201,32.88701196,-5.17018995,-17,-11,-6,-0.33,0.55,-0.88,FALSE
14,6669df2f25867bc36bb36c7d,31,male,100,confounded,b,1,1.9785000000000537,77,61,-18,90,60,-3,40,49,-9,41.52910626,38.75564475,2.773461509,-18,-3,-15,-0.63,-0.4,-0.23,FALSE
14,6669df2f25867bc36bb36c7d,31,male,101,confounded,b,1,3.4981999999955633,74,51,-26,76,46,-14,33,36,-3,42.76291228,37.41657387,5.346338412,-26,-14,-12,-0.56,-0.38,-0.18,FALSE
14,6669df2f25867bc36bb36c7d,31,male,102,unconfounded,b,1,4.049100000001545,48,36,-33,76,20,-27,17,23,-6,35.6931366,42.10304819,-6.409911592,-33,-27,-6,-0.65,0.11,-0.76,FALSE
14,6669df2f25867bc36bb36c7d,31,male,103,confounded,a,0,3.1744999999999663,80,54,-23,85,21,-13,37,31,6,43.73404471,40.62839729,3.105647416,-23,-13,-10,-0.52,0.35,-0.87,FALSE
14,6669df2f25867bc36bb36c7d,31,male,104,unconfounded,a,0,5.80410000000154,80,31,-38,94,5,-26,24.33333333,24.33333333,0,48.40339749,50.86146762,-2.458070131,-38,-26,-12,-0.2,0.52,-0.72,FALSE
14,6669df2f25867bc36bb36c7d,31,male,105,confounded,b,1,2.6751000000014074,95,77,-55,97,48,-46,39,33,6,66.87301399,59.33520596,7.537808026,-55,-46,-9,-0.67,-0.36,-0.31,FALSE
14,6669df2f25867bc36bb36c7d,31,male,106,unconfounded,b,1,2.512700000003065,52,47,-90,84,32,-80,3,12,-9,65.79260343,68.43001291,-2.637409474,-90,-80,-10,-0.7,-0.41,-0.29,FALSE
14,6669df2f25867bc36bb36c7d,31,male,107,unconfounded,a,0,2.416299999997136,75,26,-42,94,6,-32,19.66666667,22.66666667,-3,47.97453028,52.77204647,-4.797516193,-42,-32,-10,-0.2,0.44,-0.64,FALSE
14,6669df2f25867bc36bb36c7d,31,male,108,confounded,b,1,2.612600000001521,98,40,-65,99,32,-55,24.33333333,25.33333333,-1,67.46027638,63.04671989,4.413556487,-65,-55,-10,-0.34,-0.16,-0.18,FALSE
14,6669df2f25867bc36bb36c7d,31,male,109,confounded,a,0,3.311200000003055,95,89,-13,98,73,-3,57,56,1,49.55804677,42.94958285,6.608463927,-13,-3,-10,-0.7,-0.53,-0.17,FALSE
14,6669df2f25867bc36bb36c7d,31,male,110,confounded,b,1,1.76860000000147,87,69,-31,91,47,-16,41.66666667,40.66666667,1,51.90589776,43.91152721,7.994370546,-31,-16,-15,-0.64,-0.21,-0.43,FALSE
14,6669df2f25867bc36bb36c7d,31,male,111,confounded,a,0,4.003699999995433,30,4,-19,23,3,-8,5,6,-1,20.01665973,12.83225104,7.184408691,-19,-8,-11,0.07,0.34,-0.27,FALSE
14,6669df2f25867bc36bb36c7d,31,male,112,confounded,b,1,2.871299999997063,83,50,-11,85,29,-1,40.66666667,37.66666667,3,38.93869826,35.64017708,3.298521182,-11,-1,-10,-0.35,0.35,-0.7,FALSE
14,6669df2f25867bc36bb36c7d,31,male,113,confounded,a,0,5.801699999995662,93,87,-40,99,80,-30,46.66666667,49.66666667,-3,61.33152171,56.86436103,4.467160681,-40,-30,-10,-0.7,-0.65,-0.05,FALSE
14,6669df2f25867bc36bb36c7d,31,male,114,confounded,b,1,43.47710000000143,45,24,-31,48,17,-18,12.66666667,15.66666667,-3,32.0451071,26.96087701,5.084230092,-31,-18,-13,-0.49,-0.07,-0.42,FALSE
14,6669df2f25867bc36bb36c7d,31,male,115,confounded,b,1,3.2507999999968433,66,61,-21,85,54,-6,35.33333333,44.33333333,-9,39.88594851,37.77418284,2.111765679,-21,-6,-15,-0.7,-0.37,-0.33,FALSE
14,6669df2f25867bc36bb36c7d,31,male,116,unconfounded,a,0,2.5080999999941014,74,36,-41,90,6,-30,23,22,1,47.84001115,50.27922036,-2.439209212,-41,-30,-11,-0.39,0.45,-0.84,FALSE
14,6669df2f25867bc36bb36c7d,31,male,117,unconfounded,a,0,1.868100000001505,81,51,-42,96,4,-37,30,21,9,52.36410985,55.61174936,-3.247639512,-42,-37,-5,-0.54,0.43,-0.97,FALSE
14,6669df2f25867bc36bb36c7d,31,male,118,unconfounded,a,0,5.480600000001459,80,45,-79,99,3,-74,15.33333333,9.333333333,6,68.2169741,70.76879413,-2.551820026,-79,-74,-5,-0.57,0.13,-0.7,FALSE
14,6669df2f25867bc36bb36c7d,31,male,119,unconfounded,a,0,2.5153999999986354,60,51,-79,94,11,-73,10.66666667,10.66666667,0,63.51027913,68.17787194,-4.667592807,-79,-73,-6,-0.7,-0.01,-0.69,FALSE
14,6669df2f25867bc36bb36c7d,31,male,120,confounded,b,1,2.438799999996945,89,74,-13,90,55,-4,50,47,3,44.96665431,38.79003308,6.176621228,-13,-4,-9,-0.65,-0.3,-0.35,FALSE
14,6669df2f25867bc36bb36c7d,31,male,121,unconfounded,b,1,3.4871999999954824,65,10,-62,90,1,-51,4.333333333,13.33333333,-9,52.00213671,58.21988969,-6.217752982,-62,-51,-11,-0.16,0.31,-0.47,FALSE
14,6669df2f25867bc36bb36c7d,31,male,122,unconfounded,b,1,8.486199999995506,58,37,-21,83,16,-7,24.66666667,30.66666667,-6,33.40991204,38.17794593,-4.768033896,-21,-7,-14,-0.5,0.52,-1.02,FALSE
14,6669df2f25867bc36bb36c7d,31,male,123,confounded,a,0,2.6213999999984026,55,43,-60,58,7,-54,12.66666667,3.666666667,9,51.61610429,45.78451946,5.831584831,-60,-54,-6,-0.68,-0.11,-0.57,FALSE
14,6669df2f25867bc36bb36c7d,31,male,124,confounded,b,1,5.42720000000304,57,40,-94,70,21,-79,1,4,-3,67.53270812,62.00537611,5.527332014,-94,-79,-15,-0.67,-0.39,-0.28,FALSE
14,6669df2f25867bc36bb36c7d,31,male,125,confounded,b,1,3.480399999998326,99,63,-12,93,52,-4,50,47,3,46.23851209,39.75759885,6.480913232,-12,-4,-8,-0.4,-0.19,-0.21,FALSE
14,6669df2f25867bc36bb36c7d,31,male,126,confounded,b,1,2.5567000000030475,75,56,-40,78,43,-30,30.33333333,30.33333333,0,50.33443707,44.99135719,5.343079879,-40,-30,-10,-0.63,-0.4,-0.23,FALSE
14,6669df2f25867bc36bb36c7d,31,male,127,confounded,a,0,2.2450000000001182,76,27,-21,72,4,-12,27.33333333,21.33333333,6,39.60078563,36.41733409,3.183451536,-21,-12,-9,0.01,0.61,-0.6,FALSE
14,6669df2f25867bc36bb36c7d,31,male,129,confounded,a,0,3.0332999999968706,65,62,-49,72,57,-42,26,29,-3,53.04714884,50.57667447,2.470474374,-49,-42,-7,-0.71,-0.66,-0.05,FALSE
14,6669df2f25867bc36bb36c7d,31,male,130,unconfounded,a,0,2.245199999995521,70,16,-49,84,3,-41,12.33333333,15.33333333,-3,48.65068231,51.77086268,-3.12018037,-49,-41,-8,-0.11,0.34,-0.45,FALSE
14,6669df2f25867bc36bb36c7d,31,male,131,confounded,b,1,3.550400000005993,67,60,-20,68,46,-10,35.66666667,34.66666667,1,39.46587837,32.83629428,6.629584088,-20,-10,-10,-0.69,-0.48,-0.21,FALSE
14,6669df2f25867bc36bb36c7d,31,male,132,confounded,b,1,3.762399999998479,42,40,-31,59,28,-18,17,23,-6,33.950945,31.63331577,2.317629233,-31,-18,-13,-0.71,-0.23,-0.48,FALSE
14,6669df2f25867bc36bb36c7d,31,male,133,unconfounded,a,0,7.350899999998546,61,50,-88,94,11,-82,7.666666667,7.666666667,0,67.79544396,71.8903486,-4.094904639,-88,-82,-6,-0.69,-0.07,-0.62,FALSE
14,6669df2f25867bc36bb36c7d,31,male,134,unconfounded,a,0,1.5979999999999563,78,19,-16,89,2,-7,27,28,-1,38.79003308,43.28972164,-4.49968856,-16,-7,-9,0.3,0.68,-0.38,FALSE
14,6669df2f25867bc36bb36c7d,31,male,135,unconfounded,a,0,3.257000000000062,89,46,-17,99,10,-9,39.33333333,33.33333333,6,43.53032149,47.07676945,-3.546447966,-17,-9,-8,-0.23,0.62,-0.85,FALSE
14,6669df2f25867bc36bb36c7d,31,male,136,confounded,a,0,5.180700000002844,86,67,-20,98,40,-5,44.33333333,44.33333333,0,46.14710777,42.16106682,3.986040948,-20,-5,-15,-0.62,0.15,-0.77,FALSE
14,6669df2f25867bc36bb36c7d,31,male,137,confounded,b,1,4.4860999999939395,81,75,-12,85,53,-3,48,45,3,42.49705872,36.36848453,6.128574196,-12,-3,-9,-0.7,-0.32,-0.38,FALSE
14,6669df2f25867bc36bb36c7d,31,male,138,unconfounded,a,0,3.7805000000000746,74,46,-44,87,1,-39,25.33333333,16.33333333,9,50.34105901,52.56953068,-2.228471667,-44,-39,-5,-0.55,0.41,-0.96,FALSE
14,6669df2f25867bc36bb36c7d,31,male,139,confounded,a,0,4.55110000000127,95,41,-73,89,40,-63,21,22,-1,70.0285656,63.34561284,6.682952755,-73,-63,-10,-0.41,-0.4,-0.01,FALSE
14,6669df2f25867bc36bb36c7d,31,male,140,confounded,a,0,30.32720000000313,59,54,-8,62,28,-3,35,29,6,30.47403266,26.54555832,3.928474339,-8,-3,-5,-0.69,0.06,-0.75,FALSE
14,6669df2f25867bc36bb36c7d,31,male,141,confounded,b,1,2.3388999999983753,66,64,-14,70,50,-1,38.66666667,39.66666667,-1,37.24990679,29.89239963,7.357507157,-14,-1,-13,-0.71,-0.48,-0.23,FALSE
14,6669df2f25867bc36bb36c7d,31,male,142,unconfounded,a,0,2.3249000000059823,62,45,-31,84,8,-19,25.33333333,24.33333333,1,40.43375927,43.60682923,-3.173069958,-31,-19,-12,-0.61,0.51,-1.12,FALSE
14,6669df2f25867bc36bb36c7d,31,male,143,confounded,b,1,3.524499999999989,78,64,-50,80,54,-42,30.66666667,30.66666667,0,57.32558087,52.46797965,4.857601218,-50,-42,-8,-0.68,-0.58,-0.1,FALSE
14,6669df2f25867bc36bb36c7d,31,male,144,confounded,b,1,3.839999999999918,58,36,-89,59,29,-74,1.666666667,4.666666667,-3,64.73707507,56.95807425,7.779000822,-89,-74,-15,-0.65,-0.56,-0.09,FALSE
14,6669df2f25867bc36bb36c7d,31,male,145,unconfounded,a,0,10.610500000000002,83,22,-20,90,5,-13,28.33333333,27.33333333,1,42.28737663,44.91720779,-2.629831159,-20,-13,-7,0.22,0.62,-0.4,FALSE
14,6669df2f25867bc36bb36c7d,31,male,146,confounded,b,1,2.1098000000044976,94,59,-24,99,39,-12,43,42,1,49.48400415,45.36518489,4.118819261,-24,-12,-12,-0.45,0.1,-0.55,FALSE
14,6669df2f25867bc36bb36c7d,31,male,147,confounded,b,1,2.1122000000029857,66,52,-14,71,33,-3,34.66666667,33.66666667,1,34.88393454,30.21405118,4.669883356,-14,-3,-11,-0.62,0.03,-0.65,FALSE
14,6669df2f25867bc36bb36c7d,31,male,148,confounded,b,1,5.12860000000137,39,30,-45,49,34,-32,8,17,-9,37.65634077,35.18522417,2.471116596,-45,-32,-13,-0.68,-0.61,-0.07,FALSE
14,6669df2f25867bc36bb36c7d,31,male,149,confounded,b,1,1.9692000000029568,87,67,-40,97,42,-25,38,38,0,55.75541827,49.88653793,5.868880342,-40,-25,-15,-0.64,-0.12,-0.52,FALSE
14,6669df2f25867bc36bb36c7d,31,male,150,unconfounded,a,0,5.358600000001388,57,33,-78,87,14,-71,4,10,-6,58.80476171,64.56521251,-5.7604508,-78,-71,-7,-0.62,-0.09,-0.53,FALSE
14,6669df2f25867bc36bb36c7d,31,male,151,confounded,a,0,6.849500000000035,79,76,-68,85,37,-62,29,20,9,68.60029154,61.20457499,7.395716552,-68,-62,-6,-0.71,-0.4,-0.31,FALSE
14,6669df2f25867bc36bb36c7d,31,male,152,confounded,b,1,3.121299999997063,65,30,-84,74,33,-69,3.666666667,12.66666667,-9,63.61516241,60.12394605,3.491216361,-84,-69,-15,-0.55,-0.47,-0.08,FALSE
14,6669df2f25867bc36bb36c7d,31,male,153,unconfounded,b,1,4.086400000005824,76,42,-93,97,33,-87,8.333333333,14.33333333,-6,72.9855389,76.26853145,-3.282992543,-93,-87,-6,-0.59,-0.35,-0.24,FALSE
14,6669df2f25867bc36bb36c7d,31,male,154,unconfounded,a,0,3.1369999999999436,77,67,-13,98,10,-4,43.66666667,34.66666667,9,40.27681991,45.14667454,-4.86985463,-13,-4,-9,-0.67,0.66,-1.33,FALSE
14,6669df2f25867bc36bb36c7d,31,male,155,unconfounded,a,0,3.0329000000058386,79,56,-16,99,19,-8,39.66666667,36.66666667,3,40.46672158,45.4337124,-4.966990816,-16,-8,-8,-0.54,0.52,-1.06,FALSE
14,6669df2f25867bc36bb36c7d,31,male,156,unconfounded,a,0,2.4074999999998,52,34,-65,75,3,-57,7,7,0,51.4392846,53.96295025,-2.523665654,-65,-57,-8,-0.64,0.11,-0.75,FALSE
14,6669df2f25867bc36bb36c7d,31,male,157,unconfounded,a,0,2.798600000001443,83,61,-20,99,4,-6,41.33333333,32.33333333,9,44.28945197,47.31689856,-3.027446588,-20,-6,-14,-0.58,0.68,-1.26,FALSE
14,6669df2f25867bc36bb36c7d,31,male,158,unconfounded,a,0,3.873799999997118,74,30,-33,93,7,-20,23.66666667,26.66666667,-3,43.91152721,48.18252334,-4.270996128,-33,-20,-13,-0.21,0.54,-0.75,FALSE
14,6669df2f25867bc36bb36c7d,31,male,159,confounded,b,1,2.774099999994178,60,45,-95,64,47,-83,3.333333333,9.333333333,-6,69.8013053,65.65735975,4.143945558,-95,-83,-12,-0.68,-0.67,-0.01,FALSE
14,6669df2f25867bc36bb36c7d,31,male,160,confounded,a,0,4.156100000001516,81,74,-67,96,32,-58,29.33333333,23.33333333,6,68.17787194,63.16820579,5.009666154,-67,-58,-9,-0.7,-0.2,-0.5,FALSE
14,6669df2f25867bc36bb36c7d,31,male,161,unconfounded,a,0,5.960100000001603,76,54,-46,97,16,-38,28,25,3,53.09111665,55.47972603,-2.388609381,-46,-38,-8,-0.62,0.24,-0.86,FALSE
14,6669df2f25867bc36bb36c7d,31,male,162,unconfounded,b,1,2.4087000000029093,64,23,-82,89,11,-77,1.666666667,7.666666667,-6,61.48351179,67.81019261,-6.326680822,-82,-77,-5,-0.48,-0.07,-0.41,FALSE
14,6669df2f25867bc36bb36c7d,31,male,163,unconfounded,b,1,3.92720000000304,69,32,-47,87,24,-39,18,24,-6,48.38043682,51.4392846,-3.058847781,-47,-39,-8,-0.41,0,-0.41,FALSE
14,6669df2f25867bc36bb36c7d,31,male,164,confounded,b,1,24.170799999996916,82,74,-71,84,63,-59,28.33333333,29.33333333,-1,70.31516353,63.04671989,7.26844364,-71,-59,-12,-0.7,-0.65,-0.05,FALSE
14,6669df2f25867bc36bb36c7d,31,male,165,unconfounded,a,0,2.8282000000031076,52,48,-39,83,15,-28,20.33333333,23.33333333,-3,41.9867704,45.69707017,-3.710299768,-39,-28,-11,-0.7,0.27,-0.97,FALSE
14,6669df2f25867bc36bb36c7d,31,male,166,unconfounded,a,0,3.027900000005957,60,27,-47,80,4,-41,13.33333333,14.33333333,-1,44.73874781,49.93551397,-5.196766162,-47,-41,-6,-0.43,0.3,-0.73,FALSE
14,6669df2f25867bc36bb36c7d,31,male,167,unconfounded,a,0,6.9803999999985535,50,24,-56,83,8,-46,6,15,-9,45.10727953,52.89612462,-7.788845091,-56,-46,-10,-0.54,0.2,-0.74,FALSE
14,6669df2f25867bc36bb36c7d,31,male,168,confounded,a,0,3.400600000001532,97,65,-14,96,44,-1,49.33333333,46.33333333,3,46.64999702,39.63444069,7.015556332,-14,-1,-13,-0.47,0.09,-0.56,FALSE
14,6669df2f25867bc36bb36c7d,31,male,169,confounded,a,0,6.39739999999847,48,42,-20,63,30,-5,23.33333333,29.33333333,-6,30.73904502,27.7648859,2.974159125,-20,-5,-15,-0.69,-0.04,-0.65,FALSE
14,6669df2f25867bc36bb36c7d,31,male,170,unconfounded,a,0,4.669899999998506,72,70,-34,99,2,-20,36,27,9,49.50420858,51.69784006,-2.193631483,-34,-20,-14,-0.71,0.61,-1.32,FALSE
14,6669df2f25867bc36bb36c7d,31,male,171,confounded,b,1,2.405299999997169,82,78,-17,89,62,-11,47.66666667,46.66666667,1,45.75538827,42.24005471,3.515333554,-17,-11,-6,-0.7,-0.5,-0.2,FALSE
14,6669df2f25867bc36bb36c7d,31,male,172,unconfounded,a,0,2.305499999999938,64,49,-69,94,7,-60,14.66666667,13.66666667,1,59.4773533,63.04671989,-3.56936659,-69,-60,-9,-0.67,0.16,-0.83,FALSE
14,6669df2f25867bc36bb36c7d,31,male,173,unconfounded,a,0,2.3859999999999673,81,32,-83,99,17,-77,10,13,-3,68.73621074,71.90734779,-3.171137055,-83,-77,-6,-0.45,-0.08,-0.37,FALSE
14,6669df2f25867bc36bb36c7d,31,male,174,confounded,b,1,3.6224999999999454,95,75,-28,96,64,-15,47.33333333,48.33333333,-1,53.89083616,46.64999702,7.240839139,-28,-15,-13,-0.63,-0.47,-0.16,FALSE
14,6669df2f25867bc36bb36c7d,31,male,175,unconfounded,b,1,2.4341999999955988,61,18,-37,77,14,-31,14,20,-6,40.10818703,44.29446918,-4.186282153,-37,-31,-6,-0.15,0.2,-0.35,FALSE
14,6669df2f25867bc36bb36c7d,31,male,176,unconfounded,a,0,6.7766999999955715,71,45,-35,95,9,-23,27,27,0,45.10727953,49.82636518,-4.719085645,-35,-23,-12,-0.54,0.49,-1.03,FALSE
14,6669df2f25867bc36bb36c7d,31,male,177,unconfounded,a,0,2.577199999995628,82,38,-49,98,3,-39,23.66666667,20.66666667,3,54.43242498,57.308134,-2.87570902,-49,-39,-10,-0.38,0.43,-0.81,FALSE
14,6669df2f25867bc36bb36c7d,31,male,178,unconfounded,a,0,16.654199999995626,52,25,-28,65,9,-22,16.33333333,17.33333333,-1,33.22983933,36.00308629,-2.773246953,-28,-22,-6,-0.37,0.33,-0.7,FALSE
14,6669df2f25867bc36bb36c7d,31,male,179,unconfounded,a,0,7.318399999998519,67,30,-64,98,12,-50,11,20,-9,55.14224031,60.68497892,-5.542738609,-64,-50,-14,-0.48,0.2,-0.68,FALSE
14,6669df2f25867bc36bb36c7d,31,male,180,confounded,a,0,3.4567999999969743,88,81,-45,99,73,-30,41.33333333,47.33333333,-6,61.11373732,55.70358058,5.410156742,-45,-30,-15,-0.7,-0.59,-0.11,FALSE
14,6669df2f25867bc36bb36c7d,31,male,181,unconfounded,a,0,3.0918999999985317,92,54,-10,99,11,-1,45.33333333,36.33333333,9,42.08985098,44.58200933,-2.492158346,-10,-1,-9,-0.3,0.67,-0.97,FALSE
14,6669df2f25867bc36bb36c7d,31,male,182,confounded,b,1,1.6851999999953478,93,73,-18,97,48,-6,49.33333333,46.33333333,3,48.30688932,42.06608557,6.240803743,-18,-6,-12,-0.62,-0.06,-0.56,FALSE
14,6669df2f25867bc36bb36c7d,31,male,183,unconfounded,a,0,3.2135000000000673,86,44,-23,97,16,-15,35.66666667,32.66666667,3,44.88751373,47.21816976,-2.33065603,-23,-15,-8,-0.27,0.49,-0.76,FALSE
14,6669df2f25867bc36bb36c7d,31,male,184,unconfounded,a,0,2.931699999995544,57,55,-50,97,16,-42,20.66666667,23.66666667,-3,49.97554958,57.00487309,-7.029323509,-50,-42,-8,-0.71,0.2,-0.91,FALSE
14,6669df2f25867bc36bb36c7d,31,male,185,confounded,a,0,5.856899999998404,81,8,-35,75,6,-24,18,19,-1,47.88179891,41.44876355,6.433035356,-35,-24,-11,0.3,0.44,-0.14,FALSE
14,6669df2f25867bc36bb36c7d,31,male,186,unconfounded,a,0,5.267900000005966,61,53,-28,85,3,-20,28.66666667,22.66666667,6,40.20226638,45.0653846,-4.863118215,-28,-20,-8,-0.69,0.57,-1.26,FALSE
14,6669df2f25867bc36bb36c7d,31,male,187,confounded,a,0,2.297799999997096,79,45,-35,80,2,-20,29.66666667,20.66666667,9,47.7865625,42.90558109,4.880981407,-35,-20,-15,-0.45,0.57,-1.02,FALSE
14,6669df2f25867bc36bb36c7d,31,male,188,unconfounded,a,0,2.5733999999984007,56,39,-78,85,2,-70,5.666666667,5.666666667,0,59.56695579,63.33157892,-3.764623132,-78,-70,-8,-0.66,0.09,-0.75,FALSE
14,6669df2f25867bc36bb36c7d,31,male,189,unconfounded,a,0,2.5611000000014883,66,40,-29,84,13,-23,25.66666667,24.66666667,1,40.08601862,44.45472103,-4.368702413,-29,-23,-6,-0.49,0.38,-0.87,FALSE
14,6669df2f25867bc36bb36c7d,31,male,190,unconfounded,a,0,5.062599999994063,63,47,-21,91,15,-14,29.66666667,30.66666667,-1,36.41733409,44.27439692,-7.857062825,-21,-14,-7,-0.61,0.49,-1.1,FALSE
14,6669df2f25867bc36bb36c7d,31,male,191,confounded,a,0,2.724600000001601,65,35,-34,61,27,-22,22,22,0,41.44876355,34.06855833,7.380205222,-34,-22,-12,-0.44,-0.22,-0.22,FALSE
14,6669df2f25867bc36bb36c7d,31,male,192,unconfounded,a,0,2.311699999995426,65,46,-24,88,13,-14,29,29,0,38.27096375,43.15089802,-4.879934267,-24,-14,-10,-0.58,0.51,-1.09,FALSE
14,6669df2f25867bc36bb36c7d,31,male,193,unconfounded,b,1,9.037299999997003,72,35,-48,99,28,-41,19.66666667,28.66666667,-9,50.17524844,57.15670467,-6.981456236,-48,-41,-7,-0.43,0.02,-0.45,FALSE
14,6669df2f25867bc36bb36c7d,31,male,194,confounded,a,0,1.30960000000141,99,45,-67,98,5,-53,25.66666667,16.66666667,9,69.13432979,62.19503374,6.939296048,-67,-53,-14,-0.4,0.27,-0.67,FALSE
14,6669df2f25867bc36bb36c7d,31,male,195,unconfounded,a,0,3.185400000005984,58,49,-41,85,1,-29,22,19,3,44.69899328,48.24935233,-3.55035905,-41,-29,-12,-0.69,0.51,-1.2,FALSE
14,6669df2f25867bc36bb36c7d,31,male,196,confounded,b,1,4.345000000000027,84,73,-51,95,70,-41,35.33333333,41.33333333,-6,61.21183618,59.10630724,2.105528943,-51,-41,-10,-0.69,-0.61,-0.08,FALSE
14,6669df2f25867bc36bb36c7d,31,male,197,unconfounded,a,0,2.151199999995697,74,35,-30,97,8,-17,26.33333333,29.33333333,-3,42.89781139,48.92397731,-6.026165915,-30,-17,-13,-0.29,0.57,-0.86,FALSE
14,6669df2f25867bc36bb36c7d,31,male,198,unconfounded,a,0,3.121400000005906,92,49,-7,99,9,-1,44.66666667,35.66666667,9,40.53256578,44.96912521,-4.436559429,-7,-1,-6,-0.16,0.68,-0.84,FALSE
14,6669df2f25867bc36bb36c7d,31,male,199,confounded,b,1,3.721499999999878,67,51,-70,80,45,-59,16,22,-6,61.16098975,59.03106527,2.129924478,-70,-59,-11,-0.67,-0.53,-0.14,FALSE
14,6669df2f25867bc36bb36c7d,31,male,200,unconfounded,a,0,5.686300000004621,63,60,-29,84,5,-22,31.33333333,22.33333333,9,42.67968551,44.97653709,-2.296851579,-29,-22,-7,-0.7,0.52,-1.22,FALSE
14,6669df2f25867bc36bb36c7d,31,male,201,unconfounded,a,0,3.1984999999999673,63,32,-59,96,5,-47,12,18,-6,51.77515492,59.09878735,-7.323632437,-59,-47,-12,-0.52,0.32,-0.84,FALSE
14,6669df2f25867bc36bb36c7d,31,male,202,unconfounded,a,0,2.9329999999999927,66,61,-25,89,4,-18,34,25,9,41.76920716,46.13747573,-4.368268571,-25,-18,-7,-0.7,0.59,-1.29,FALSE
14,6669df2f25867bc36bb36c7d,31,male,203,confounded,b,1,5.35639999999853,52,14,-16,53,17,-2,16.66666667,22.66666667,-6,27.82484901,22.80838053,5.01646848,-16,-2,-14,0.14,0.36,-0.22,FALSE
14,6669df2f25867bc36bb36c7d,31,male,204,unconfounded,b,1,8.24519999999552,65,27,-35,83,18,-26,19,25,-6,41.21488404,44.77350407,-3.558620027,-35,-26,-9,-0.28,0.23,-0.51,FALSE
14,6669df2f25867bc36bb36c7d,31,male,205,unconfounded,a,0,3.374399999998559,55,19,-13,73,1,-4,20.33333333,23.33333333,-3,27.77688887,35.17890782,-7.402018947,-13,-4,-9,0.07,0.7,-0.63,FALSE
14,6669df2f25867bc36bb36c7d,31,male,206,unconfounded,a,0,2.1099999999999,39,29,-22,58,1,-13,15.33333333,15.33333333,0,26.71246068,30.70649587,-3.994035195,-22,-13,-9,-0.63,0.6,-1.23,FALSE
14,6669df2f25867bc36bb36c7d,31,male,207,confounded,b,1,2.4741999999955624,60,58,-24,72,31,-12,31.33333333,30.33333333,1,39.13509366,34.29609631,4.838997345,-24,-12,-12,-0.71,-0.03,-0.68,FALSE
14,6669df2f25867bc36bb36c7d,31,male,208,confounded,a,0,3.356800000004341,81,48,-42,79,15,-34,29,20,9,51.98076567,46.26733909,5.713426581,-42,-34,-8,-0.5,0.16,-0.66,FALSE
14,6669df2f25867bc36bb36c7d,31,male,209,unconfounded,b,1,3.621499999999969,70,55,-15,99,30,-1,36.66666667,42.66666667,-6,37.04351795,41.7957999,-4.752281944,-15,-1,-14,-0.62,0.43,-1.05,FALSE
14,6669df2f25867bc36bb36c7d,31,male,210,confounded,b,1,3.174899999998388,83,79,-38,99,58,-24,41.33333333,44.33333333,-3,56.12090124,51.13598429,4.98491695,-38,-24,-14,-0.7,-0.38,-0.32,FALSE
14,6669df2f25867bc36bb36c7d,31,male,211,confounded,b,1,2.7861999999954605,37,36,-64,47,22,-51,3,6,-3,47.37791328,41.57723736,5.800675917,-64,-51,-13,-0.71,-0.52,-0.19,FALSE
14,6669df2f25867bc36bb36c7d,31,male,212,unconfounded,a,0,3.474600000001601,70,60,-28,92,11,-19,34,28,6,44.0302926,46.88283268,-2.852540076,-28,-19,-9,-0.68,0.5,-1.18,FALSE
14,6669df2f25867bc36bb36c7d,31,male,213,confounded,b,1,3.13889999999833,32,12,-39,37,19,-24,1.666666667,10.66666667,-9,29.89239963,25.59079696,4.301602672,-39,-24,-15,-0.48,-0.45,-0.03,FALSE
14,6669df2f25867bc36bb36c7d,31,male,214,unconfounded,a,0,3.8921000000016193,63,45,-19,81,8,-9,29.66666667,26.66666667,3,35.18838192,39.04128869,-3.852906764,-19,-9,-10,-0.57,0.61,-1.18,FALSE
14,6669df2f25867bc36bb36c7d,31,male,215,confounded,a,0,4.280399999998508,84,56,-46,86,24,-34,31.33333333,25.33333333,6,55.86491644,48.9988662,6.86605024,-46,-34,-12,-0.58,0.04,-0.62,FALSE
14,6669df2f25867bc36bb36c7d,31,male,216,confounded,a,0,2.4158000000045377,69,48,-67,68,45,-60,16.66666667,17.66666667,-1,59.77922344,55.7155474,4.063676043,-67,-60,-7,-0.64,-0.62,-0.02,FALSE
14,6669df2f25867bc36bb36c7d,31,male,217,unconfounded,a,0,1.7627000000029511,61,49,-22,81,3,-14,29.33333333,23.33333333,6,36.62725154,41.36289266,-4.735641114,-22,-14,-8,-0.65,0.62,-1.27,FALSE
14,6669df2f25867bc36bb36c7d,31,male,218,confounded,b,1,10.974399999998468,80,61,-49,77,57,-42,30.66666667,30.66666667,0,56.86436103,52.02777036,4.836590669,-49,-42,-7,-0.65,-0.63,-0.02,FALSE
14,6669df2f25867bc36bb36c7d,31,male,219,confounded,b,1,44.23339999999848,67,34,-59,77,37,-45,14,23,-9,53.34791467,50.78057371,2.56734096,-59,-45,-14,-0.51,-0.39,-0.12,FALSE
15,66eaabc3b42823a1c9aa5d9d,59,female,0,confounded,b,1,18.814899999998488,60,45,-95,64,47,-83,3.333333333,9.333333333,-6,69.8013053,65.65735975,4.143945558,-95,-83,-12,-0.68,-0.67,-0.01,FALSE
15,66eaabc3b42823a1c9aa5d9d,59,female,1,unconfounded,b,1,7.192399999998514,76,54,-46,97,16,-38,28,25,3,53.09111665,55.47972603,-2.388609381,-46,-38,-8,-0.62,0.24,-0.86,FALSE
15,66eaabc3b42823a1c9aa5d9d,59,female,2,unconfounded,b,1,6.898600000001494,49,31,-74,83,4,-63,2,8,-6,54.24020649,59.67132198,-5.431115489,-74,-63,-11,-0.65,0.1,-0.75,FALSE
15,66eaabc3b42823a1c9aa5d9d,59,female,3,unconfounded,b,1,7.765399999998522,61,53,-28,85,3,-20,28.66666667,22.66666667,6,40.20226638,45.0653846,-4.863118215,-28,-20,-8,-0.69,0.57,-1.26,FALSE
15,66eaabc3b42823a1c9aa5d9d,59,female,4,confounded,b,1,14.036,58,36,-89,59,29,-74,1.666666667,4.666666667,-3,64.73707507,56.95807425,7.779000822,-89,-74,-15,-0.65,-0.56,-0.09,FALSE
15,66eaabc3b42823a1c9aa5d9d,59,female,5,unconfounded,b,1,8.889200000002973,69,66,-55,96,34,-50,26.66666667,26.66666667,0,57.76004001,59.82938706,-2.069347044,-55,-50,-5,-0.71,-0.18,-0.53,FALSE
15,66eaabc3b42823a1c9aa5d9d,59,female,6,confounded,a,0,11.882600000001474,84,56,-46,86,24,-34,31.33333333,25.33333333,6,55.86491644,48.9988662,6.86605024,-46,-34,-12,-0.58,0.04,-0.62,FALSE
15,66eaabc3b42823a1c9aa5d9d,59,female,7,confounded,a,0,7.581700000002968,91,73,-19,96,36,-14,48.33333333,39.33333333,9,48.17560471,44.96912521,3.206479496,-19,-14,-5,-0.63,0.11,-0.74,FALSE
15,66eaabc3b42823a1c9aa5d9d,59,female,8,confounded,b,1,11.099299999997015,48,42,-20,63,30,-5,23.33333333,29.33333333,-6,30.73904502,27.7648859,2.974159125,-20,-5,-15,-0.69,-0.04,-0.65,FALSE
15,66eaabc3b42823a1c9aa5d9d,59,female,9,unconfounded,a,0,8.53589999999852,78,19,-16,89,2,-7,27,28,-1,38.79003308,43.28972164,-4.49968856,-16,-7,-9,0.3,0.68,-0.38,FALSE
15,66eaabc3b42823a1c9aa5d9d,59,female,10,confounded,b,1,10.21539999999851,79,75,-24,86,58,-11,43.33333333,44.33333333,-1,47.6398526,40.76218291,6.877669688,-24,-11,-13,-0.7,-0.47,-0.23,FALSE
15,66eaabc3b42823a1c9aa5d9d,59,female,11,confounded,b,1,11.48350000000002,88,64,-15,89,47,-2,45.66666667,44.66666667,1,44.00252518,37.18721405,6.815311129,-15,-2,-13,-0.55,-0.09,-0.46,FALSE
15,66eaabc3b42823a1c9aa5d9d,59,female,12,confounded,b,1,14.637899999998467,42,40,-31,59,28,-18,17,23,-6,33.950945,31.63331577,2.317629233,-31,-18,-13,-0.71,-0.23,-0.48,FALSE
15,66eaabc3b42823a1c9aa5d9d,59,female,13,unconfounded,b,1,24.523000000000025,70,55,-15,99,30,-1,36.66666667,42.66666667,-6,37.04351795,41.7957999,-4.752281944,-15,-1,-14,-0.62,0.43,-1.05,FALSE
15,66eaabc3b42823a1c9aa5d9d,59,female,14,unconfounded,a,0,8.06519999999557,70,41,-47,93,2,-40,21.33333333,18.33333333,3,49.74825513,55.51176052,-5.763505382,-47,-40,-7,-0.53,0.42,-0.95,FALSE
15,66eaabc3b42823a1c9aa5d9d,59,female,15,confounded,b,1,9.24280000000448,78,18,-86,77,22,-71,3.333333333,9.333333333,-6,67.75117875,61.08100268,6.670176067,-86,-71,-15,-0.31,-0.3,-0.01,FALSE
15,66eaabc3b42823a1c9aa5d9d,59,female,16,unconfounded,b,1,9.231800000004457,92,54,-10,99,11,-1,45.33333333,36.33333333,9,42.08985098,44.58200933,-2.492158346,-10,-1,-9,-0.3,0.67,-0.97,FALSE
15,66eaabc3b42823a1c9aa5d9d,59,female,17,unconfounded,a,0,13.702900000005968,75,26,-42,94,6,-32,19.66666667,22.66666667,-3,47.97453028,52.77204647,-4.797516193,-42,-32,-10,-0.2,0.44,-0.64,FALSE
15,66eaabc3b42823a1c9aa5d9d,59,female,18,confounded,a,0,15.30470000000298,99,38,-35,87,15,-27,34,25,9,54.77834122,47.07440918,7.703932035,-35,-27,-8,-0.11,0.31,-0.42,FALSE
15,66eaabc3b42823a1c9aa5d9d,59,female,19,unconfounded,a,0,8.578599999994026,61,49,-22,81,3,-14,29.33333333,23.33333333,6,36.62725154,41.36289266,-4.735641114,-22,-14,-8,-0.65,0.62,-1.27,FALSE
15,66eaabc3b42823a1c9aa5d9d,59,female,20,unconfounded,a,0,6.260500000000036,80,45,-79,99,3,-74,15.33333333,9.333333333,6,68.2169741,70.76879413,-2.551820026,-79,-74,-5,-0.57,0.13,-0.7,FALSE
15,66eaabc3b42823a1c9aa5d9d,59,female,21,confounded,b,1,13.38689999999849,60,35,-32,57,29,-20,21,22,-1,38.8415585,31.82242396,7.01913454,-32,-20,-12,-0.49,-0.32,-0.17,FALSE
15,66eaabc3b42823a1c9aa5d9d,59,female,22,unconfounded,b,1,9.884200000002975,72,62,-10,99,53,-1,41.33333333,50.33333333,-9,36.52700675,40.86835233,-4.341345579,-10,-1,-9,-0.67,-0.1,-0.57,FALSE
15,66eaabc3b42823a1c9aa5d9d,59,female,23,confounded,a,0,17.337399999998524,80,54,-23,85,21,-13,37,31,6,43.73404471,40.62839729,3.105647416,-23,-13,-10,-0.52,0.35,-0.87,FALSE
15,66eaabc3b42823a1c9aa5d9d,59,female,24,confounded,b,1,18.47529999999705,74,51,-26,76,46,-14,33,36,-3,42.76291228,37.41657387,5.346338412,-26,-14,-12,-0.56,-0.38,-0.18,FALSE
15,66eaabc3b42823a1c9aa5d9d,59,female,25,confounded,b,1,14.203699999995536,67,16,-14,66,5,-2,23,23,0,33.43650699,30.53959179,2.896915205,-14,-2,-12,0.3,0.68,-0.38,FALSE
15,66eaabc3b42823a1c9aa5d9d,59,female,26,unconfounded,a,0,9.593199999995534,72,70,-34,99,2,-20,36,27,9,49.50420858,51.69784006,-2.193631483,-34,-20,-14,-0.71,0.61,-1.32,FALSE
15,66eaabc3b42823a1c9aa5d9d,59,female,27,confounded,b,1,11.237500000000011,88,81,-45,99,73,-30,41.33333333,47.33333333,-6,61.11373732,55.70358058,5.410156742,-45,-30,-15,-0.7,-0.59,-0.11,FALSE
15,66eaabc3b42823a1c9aa5d9d,59,female,28,unconfounded,a,0,20.712600000001487,62,45,-31,84,8,-19,25.33333333,24.33333333,1,40.43375927,43.60682923,-3.173069958,-31,-19,-12,-0.61,0.51,-1.12,FALSE
15,66eaabc3b42823a1c9aa5d9d,59,female,29,confounded,b,1,16.60560000000146,65,62,-49,72,57,-42,26,29,-3,53.04714884,50.57667447,2.470474374,-49,-42,-7,-0.71,-0.66,-0.05,FALSE
15,66eaabc3b42823a1c9aa5d9d,59,female,30,unconfounded,b,1,27.333600000001525,65,27,-35,83,18,-26,19,25,-6,41.21488404,44.77350407,-3.558620027,-35,-26,-9,-0.28,0.23,-0.51,FALSE
15,66eaabc3b42823a1c9aa5d9d,59,female,31,confounded,a,0,7.851900000005912,60,35,-17,52,7,-8,26,17,9,32.07283378,25.49509757,6.577736212,-17,-8,-9,-0.4,0.53,-0.93,FALSE
15,66eaabc3b42823a1c9aa5d9d,59,female,32,confounded,b,1,10.39740000000586,57,56,-92,65,49,-84,7,10,-3,70.00476174,66.78822251,3.216539228,-92,-84,-8,-0.71,-0.68,-0.03,FALSE
15,66eaabc3b42823a1c9aa5d9d,59,female,33,confounded,b,1,11.673100000001568,98,40,-65,99,32,-55,24.33333333,25.33333333,-1,67.46027638,63.04671989,4.413556487,-65,-55,-10,-0.34,-0.16,-0.18,FALSE
15,66eaabc3b42823a1c9aa5d9d,59,female,34,unconfounded,a,0,6.395899999998505,56,39,-78,85,2,-70,5.666666667,5.666666667,0,59.56695579,63.33157892,-3.764623132,-78,-70,-8,-0.66,0.09,-0.75,FALSE
15,66eaabc3b42823a1c9aa5d9d,59,female,35,unconfounded,a,0,6.285900000005881,47,39,-49,72,3,-41,12.33333333,11.33333333,1,43.49201715,46.50686927,-3.014852118,-49,-41,-8,-0.69,0.26,-0.95,FALSE
15,66eaabc3b42823a1c9aa5d9d,59,female,36,unconfounded,a,0,13.255300000004468,89,46,-17,99,10,-9,39.33333333,33.33333333,6,43.53032149,47.07676945,-3.546447966,-17,-9,-8,-0.23,0.62,-0.85,FALSE
15,66eaabc3b42823a1c9aa5d9d,59,female,37,unconfounded,a,0,6.363799999997013,56,53,-14,73,2,-7,31.66666667,22.66666667,9,32.31442746,35.78019316,-3.465765693,-14,-7,-7,-0.7,0.67,-1.37,FALSE
15,66eaabc3b42823a1c9aa5d9d,59,female,38,unconfounded,a,0,14.721800000004464,77,49,-72,97,6,-67,18,12,6,64.65807503,67.08700818,-2.42893315,-72,-67,-5,-0.61,0.13,-0.74,FALSE
15,66eaabc3b42823a1c9aa5d9d,59,female,39,unconfounded,a,0,15.413899999998534,63,45,-19,81,8,-9,29.66666667,26.66666667,3,35.18838192,39.04128869,-3.852906764,-19,-9,-10,-0.57,0.61,-1.18,FALSE
15,66eaabc3b42823a1c9aa5d9d,59,female,40,unconfounded,a,0,22.962799999996943,68,22,-72,90,16,-61,6,15,-9,58.26376804,61.64954717,-3.385779129,-72,-61,-11,-0.39,-0.02,-0.37,FALSE
15,66eaabc3b42823a1c9aa5d9d,59,female,41,confounded,b,1,6.621600000001422,65,35,-34,61,27,-22,22,22,0,41.44876355,34.06855833,7.380205222,-34,-22,-12,-0.44,-0.22,-0.22,FALSE
15,66eaabc3b42823a1c9aa5d9d,59,female,42,unconfounded,a,0,7.831800000004478,72,35,-48,99,28,-41,19.66666667,28.66666667,-9,50.17524844,57.15670467,-6.981456236,-48,-41,-7,-0.43,0.02,-0.45,FALSE
15,66eaabc3b42823a1c9aa5d9d,59,female,43,unconfounded,a,0,10.58169999999552,83,61,-20,99,4,-6,41.33333333,32.33333333,9,44.28945197,47.31689856,-3.027446588,-20,-6,-14,-0.58,0.68,-1.26,FALSE
15,66eaabc3b42823a1c9aa5d9d,59,female,44,unconfounded,a,0,5.980000000000018,70,60,-28,92,11,-19,34,28,6,44.0302926,46.88283268,-2.852540076,-28,-19,-9,-0.68,0.5,-1.18,FALSE
15,66eaabc3b42823a1c9aa5d9d,59,female,45,confounded,a,0,10.431700000003048,90,67,-17,92,28,-7,46.66666667,37.66666667,9,45.98792112,40.99051381,4.997407312,-17,-7,-10,-0.58,0.34,-0.92,FALSE
15,66eaabc3b42823a1c9aa5d9d,59,female,46,unconfounded,b,1,7.763000000000034,52,47,-90,84,32,-80,3,12,-9,65.79260343,68.43001291,-2.637409474,-90,-80,-10,-0.7,-0.41,-0.29,FALSE
15,66eaabc3b42823a1c9aa5d9d,59,female,47,confounded,a,0,9.253100000001496,53,43,-8,49,31,-1,29.33333333,26.33333333,3,26.71246068,20.67741656,6.035044121,-8,-1,-7,-0.63,-0.33,-0.3,FALSE
15,66eaabc3b42823a1c9aa5d9d,59,female,48,unconfounded,a,0,22.763500000000025,57,55,-50,97,16,-42,20.66666667,23.66666667,-3,49.97554958,57.00487309,-7.029323509,-50,-42,-8,-0.71,0.2,-0.91,FALSE
15,66eaabc3b42823a1c9aa5d9d,59,female,49,confounded,a,0,7.645100000001548,82,64,-15,78,50,-6,43.66666667,40.66666667,3,42.1294302,34.92213561,7.207294589,-15,-6,-9,-0.61,-0.38,-0.23,FALSE
15,66eaabc3b42823a1c9aa5d9d,59,female,50,confounded,a,0,9.047800000004486,96,61,-17,93,41,-3,46.66666667,43.66666667,3,47.23228651,39.23717059,7.995115924,-17,-3,-14,-0.43,0.1,-0.53,FALSE
15,66eaabc3b42823a1c9aa5d9d,59,female,51,unconfounded,a,0,27.31389999999851,52,25,-28,65,9,-22,16.33333333,17.33333333,-1,33.22983933,36.00308629,-2.773246953,-28,-22,-6,-0.37,0.33,-0.7,FALSE
15,66eaabc3b42823a1c9aa5d9d,59,female,52,confounded,a,0,13.086200000002918,93,88,-12,97,64,-1,56.33333333,53.33333333,3,48.36206043,40.71308826,7.64897217,-12,-1,-11,-0.7,-0.38,-0.32,FALSE
15,66eaabc3b42823a1c9aa5d9d,59,female,53,unconfounded,a,0,13.07110000000148,68,28,-25,85,2,-13,23.66666667,24.66666667,-1,38.09053542,43.09936839,-5.008832965,-25,-13,-12,-0.17,0.64,-0.81,FALSE
15,66eaabc3b42823a1c9aa5d9d,59,female,54,unconfounded,a,0,17.183699999995497,71,42,-92,95,21,-86,7,10,-3,70.99765254,74.30118886,-3.303536321,-92,-86,-6,-0.62,-0.22,-0.4,FALSE
15,66eaabc3b42823a1c9aa5d9d,59,female,55,confounded,b,1,19.98810000000151,57,2,-48,64,9,-35,3.666666667,12.66666667,-9,42.88226777,40.49965706,2.382610705,-48,-35,-13,0.06,0.14,-0.08,FALSE
15,66eaabc3b42823a1c9aa5d9d,59,female,56,unconfounded,a,0,5.612900000005993,76,42,-93,97,33,-87,8.333333333,14.33333333,-6,72.9855389,76.26853145,-3.282992543,-93,-87,-6,-0.59,-0.35,-0.24,FALSE
15,66eaabc3b42823a1c9aa5d9d,59,female,58,confounded,a,0,15.355200000003038,75,56,-40,78,43,-30,30.33333333,30.33333333,0,50.33443707,44.99135719,5.343079879,-40,-30,-10,-0.63,-0.4,-0.23,FALSE
15,66eaabc3b42823a1c9aa5d9d,59,female,59,confounded,b,1,11.819700000002967,65,54,-20,73,59,-6,33,42,-9,37.74475681,34.41898701,3.325769802,-20,-6,-14,-0.66,-0.62,-0.04,FALSE
15,66eaabc3b42823a1c9aa5d9d,59,female,60,confounded,a,0,22.61339999999848,89,83,-40,98,60,-26,44,44,0,59.44745579,51.87163644,7.575819354,-40,-26,-14,-0.7,-0.43,-0.27,FALSE
15,66eaabc3b42823a1c9aa5d9d,59,female,61,confounded,b,1,15.65969999999561,81,40,-65,84,42,-52,18.66666667,24.66666667,-6,61.48351179,56.85849883,4.625012964,-65,-52,-13,-0.48,-0.43,-0.05,FALSE
15,66eaabc3b42823a1c9aa5d9d,59,female,62,unconfounded,b,1,15.990399999998544,55,19,-13,73,1,-4,20.33333333,23.33333333,-3,27.77688887,35.17890782,-7.402018947,-13,-4,-9,0.07,0.7,-0.63,FALSE
15,66eaabc3b42823a1c9aa5d9d,59,female,63,confounded,a,0,9.117100000001528,95,75,-28,96,64,-15,47.33333333,48.33333333,-1,53.89083616,46.64999702,7.240839139,-28,-15,-13,-0.63,-0.47,-0.16,FALSE
15,66eaabc3b42823a1c9aa5d9d,59,female,64,unconfounded,a,0,10.063499999999976,82,49,-56,98,10,-51,25,19,6,58.83876273,61.16098975,-2.322227012,-56,-51,-5,-0.54,0.22,-0.76,FALSE
15,66eaabc3b42823a1c9aa5d9d,59,female,65,unconfounded,a,0,21.407900000005952,66,36,-14,80,11,-6,29.33333333,28.33333333,1,32.99831646,37.18721405,-4.188897596,-14,-6,-8,-0.29,0.6,-0.89,FALSE
15,66eaabc3b42823a1c9aa5d9d,59,female,66,confounded,b,1,12.45460000000162,49,11,-37,57,15,-22,7.666666667,16.66666667,-9,35.18838192,32.27313985,2.915242074,-37,-22,-15,-0.14,0.08,-0.22,FALSE
15,66eaabc3b42823a1c9aa5d9d,59,female,67,confounded,a,0,9.733700000002957,91,75,-12,94,55,-4,51.33333333,48.33333333,3,45.25728916,40.28509512,4.97219404,-12,-4,-8,-0.64,-0.24,-0.4,FALSE
15,66eaabc3b42823a1c9aa5d9d,59,female,68,unconfounded,a,0,7.356099999994058,79,56,-16,99,19,-8,39.66666667,36.66666667,3,40.46672158,45.4337124,-4.966990816,-16,-8,-8,-0.54,0.52,-1.06,FALSE
15,66eaabc3b42823a1c9aa5d9d,59,female,69,unconfounded,a,0,6.063300000004574,66,61,-25,89,4,-18,34,25,9,41.76920716,46.13747573,-4.368268571,-25,-18,-7,-0.7,0.59,-1.29,FALSE
15,66eaabc3b42823a1c9aa5d9d,59,female,70,confounded,a,0,10.15029999999706,82,78,-17,89,62,-11,47.66666667,46.66666667,1,45.75538827,42.24005471,3.515333554,-17,-11,-6,-0.7,-0.5,-0.2,FALSE
15,66eaabc3b42823a1c9aa5d9d,59,female,72,confounded,b,1,9.582999999999856,65,30,-84,74,33,-69,3.666666667,12.66666667,-9,63.61516241,60.12394605,3.491216361,-84,-69,-15,-0.55,-0.47,-0.08,FALSE
15,66eaabc3b42823a1c9aa5d9d,59,female,73,confounded,a,0,17.885800000004565,60,58,-24,72,31,-12,31.33333333,30.33333333,1,39.13509366,34.29609631,4.838997345,-24,-12,-12,-0.71,-0.03,-0.68,FALSE
15,66eaabc3b42823a1c9aa5d9d,59,female,74,unconfounded,a,0,12.55389999999852,67,30,-64,98,12,-50,11,20,-9,55.14224031,60.68497892,-5.542738609,-64,-50,-14,-0.48,0.2,-0.68,FALSE
15,66eaabc3b42823a1c9aa5d9d,59,female,76,confounded,a,0,17.473899999998366,79,27,-34,70,26,-24,24,24,0,46.18080409,38.40138886,7.779415229,-34,-24,-10,-0.1,-0.08,-0.02,FALSE
15,66eaabc3b42823a1c9aa5d9d,59,female,77,confounded,a,0,12.959299999997029,81,74,-67,96,32,-58,29.33333333,23.33333333,6,68.17787194,63.16820579,5.009666154,-67,-58,-9,-0.7,-0.2,-0.5,FALSE
15,66eaabc3b42823a1c9aa5d9d,59,female,78,unconfounded,a,0,7.982000000000198,63,43,-58,93,3,-51,16,15,1,52.95910372,59.39696962,-6.437865901,-58,-51,-7,-0.63,0.29,-0.92,FALSE
15,66eaabc3b42823a1c9aa5d9d,59,female,79,unconfounded,a,0,11.804200000002766,70,16,-49,84,3,-41,12.33333333,15.33333333,-3,48.65068231,51.77086268,-3.12018037,-49,-41,-8,-0.11,0.34,-0.45,FALSE
15,66eaabc3b42823a1c9aa5d9d,59,female,80,confounded,a,0,14.672000000000024,66,52,-14,71,33,-3,34.66666667,33.66666667,1,34.88393454,30.21405118,4.669883356,-14,-3,-11,-0.62,0.03,-0.65,FALSE
15,66eaabc3b42823a1c9aa5d9d,59,female,81,unconfounded,a,0,6.580799999996998,85,48,-45,99,2,-40,29.33333333,20.33333333,9,54.68901982,58.20843772,-3.519417903,-45,-40,-5,-0.47,0.44,-0.91,FALSE
15,66eaabc3b42823a1c9aa5d9d,59,female,82,confounded,a,0,17.312199999995528,78,64,-50,80,54,-42,30.66666667,30.66666667,0,57.32558087,52.46797965,4.857601218,-50,-42,-8,-0.68,-0.58,-0.1,FALSE
15,66eaabc3b42823a1c9aa5d9d,59,female,83,confounded,b,1,10.769299999996974,85,31,-13,81,32,-1,34.33333333,37.33333333,-3,40.07770231,33.68811198,6.389590326,-13,-1,-12,0.12,0.23,-0.11,FALSE
15,66eaabc3b42823a1c9aa5d9d,59,female,84,unconfounded,a,0,13.903499999999894,63,47,-21,91,15,-14,29.66666667,30.66666667,-1,36.41733409,44.27439692,-7.857062825,-21,-14,-7,-0.61,0.49,-1.1,FALSE
15,66eaabc3b42823a1c9aa5d9d,59,female,85,confounded,b,1,7.696999999999889,85,77,-20,97,78,-6,47.33333333,56.33333333,-9,47.72374205,44.75364665,2.970095399,-20,-6,-14,-0.69,-0.61,-0.08,FALSE
15,66eaabc3b42823a1c9aa5d9d,59,female,86,unconfounded,b,1,27.930899999998474,65,10,-62,90,1,-51,4.333333333,13.33333333,-9,52.00213671,58.21988969,-6.217752982,-62,-51,-11,-0.16,0.31,-0.47,FALSE
15,66eaabc3b42823a1c9aa5d9d,59,female,87,confounded,a,0,34.01660000000152,86,67,-20,98,40,-5,44.33333333,44.33333333,0,46.14710777,42.16106682,3.986040948,-20,-5,-15,-0.62,0.15,-0.77,FALSE
15,66eaabc3b42823a1c9aa5d9d,59,female,88,confounded,b,1,8.94380000000433,66,64,-14,70,50,-1,38.66666667,39.66666667,-1,37.24990679,29.89239963,7.357507157,-14,-1,-13,-0.71,-0.48,-0.23,FALSE
15,66eaabc3b42823a1c9aa5d9d,59,female,89,unconfounded,a,0,6.591100000001688,78,35,-19,87,10,-12,31.33333333,28.33333333,3,39.68486977,42.44473531,-2.759865537,-19,-12,-7,-0.14,0.57,-0.71,FALSE
15,66eaabc3b42823a1c9aa5d9d,59,female,90,confounded,a,0,5.811299999997118,79,45,-35,80,2,-20,29.66666667,20.66666667,9,47.7865625,42.90558109,4.880981407,-35,-20,-15,-0.45,0.57,-1.02,FALSE
15,66eaabc3b42823a1c9aa5d9d,59,female,91,unconfounded,b,1,19.14350000000013,58,49,-41,85,1,-29,22,19,3,44.69899328,48.24935233,-3.55035905,-41,-29,-12,-0.69,0.51,-1.2,FALSE
15,66eaabc3b42823a1c9aa5d9d,59,female,92,unconfounded,a,0,11.363100000001625,80,55,-43,97,5,-37,30.66666667,21.66666667,9,53.08065142,55.96030339,-2.879651967,-43,-37,-6,-0.59,0.42,-1.01,FALSE
15,66eaabc3b42823a1c9aa5d9d,59,female,93,unconfounded,a,0,11.101400000005924,74,46,-44,87,1,-39,25.33333333,16.33333333,9,50.34105901,52.56953068,-2.228471667,-44,-39,-5,-0.55,0.41,-0.96,FALSE
15,66eaabc3b42823a1c9aa5d9d,59,female,94,confounded,a,0,8.50210000000152,84,74,-73,96,33,-62,28.33333333,22.33333333,6,71.76969339,64.9427098,6.826983592,-73,-62,-11,-0.7,-0.24,-0.46,FALSE
15,66eaabc3b42823a1c9aa5d9d,59,female,95,unconfounded,a,0,8.217200000003004,86,44,-23,97,16,-15,35.66666667,32.66666667,3,44.88751373,47.21816976,-2.33065603,-23,-15,-8,-0.27,0.49,-0.76,FALSE
15,66eaabc3b42823a1c9aa5d9d,59,female,96,confounded,b,1,11.618200000003071,92,55,-16,86,47,-5,43.66666667,42.66666667,1,44.8131925,37.27674282,7.536449678,-16,-5,-11,-0.36,-0.17,-0.19,FALSE
15,66eaabc3b42823a1c9aa5d9d,59,female,97,confounded,b,1,25.091700000002906,80,73,-34,85,63,-29,39.66666667,39.66666667,0,52.16853032,49.37835783,2.790172486,-34,-29,-5,-0.7,-0.6,-0.1,FALSE
15,66eaabc3b42823a1c9aa5d9d,59,female,98,unconfounded,a,0,15.287500000000136,58,54,-47,89,7,-34,21.66666667,20.66666667,1,48.58211834,51.13598429,-2.553865948,-47,-34,-13,-0.7,0.38,-1.08,FALSE
15,66eaabc3b42823a1c9aa5d9d,59,female,99,confounded,a,0,12.757699999995566,82,80,-87,96,60,-78,25,26,-1,79.20016835,74.99333304,4.206835313,-87,-78,-9,-0.71,-0.59,-0.12,FALSE
15,66eaabc3b42823a1c9aa5d9d,59,female,100,unconfounded,a,0,15.222899999998615,39,29,-22,58,1,-13,15.33333333,15.33333333,0,26.71246068,30.70649587,-3.994035195,-22,-13,-9,-0.63,0.6,-1.23,FALSE
15,66eaabc3b42823a1c9aa5d9d,59,female,101,unconfounded,b,1,34.82550000000015,60,34,-88,93,15,-75,2,11,-9,64.51873113,68.64400921,-4.125278077,-88,-75,-13,-0.62,-0.09,-0.53,FALSE
15,66eaabc3b42823a1c9aa5d9d,59,female,102,confounded,a,0,6.242899999998599,99,45,-67,98,5,-53,25.66666667,16.66666667,9,69.13432979,62.19503374,6.939296048,-67,-53,-14,-0.4,0.27,-0.67,FALSE
15,66eaabc3b42823a1c9aa5d9d,59,female,103,confounded,b,1,8.165199999995593,57,40,-94,70,21,-79,1,4,-3,67.53270812,62.00537611,5.527332014,-94,-79,-15,-0.67,-0.39,-0.28,FALSE
15,66eaabc3b42823a1c9aa5d9d,59,female,104,unconfounded,a,0,8.408200000003035,65,38,-26,81,20,-21,25.66666667,26.66666667,-1,38.16047985,41.90730512,-3.74682527,-26,-21,-5,-0.45,0.23,-0.68,FALSE
15,66eaabc3b42823a1c9aa5d9d,59,female,105,confounded,b,1,18.592800000004445,69,48,-67,68,45,-60,16.66666667,17.66666667,-1,59.77922344,55.7155474,4.063676043,-67,-60,-7,-0.64,-0.62,-0.02,FALSE
15,66eaabc3b42823a1c9aa5d9d,59,female,106,confounded,a,0,22.81889999999862,67,60,-20,68,46,-10,35.66666667,34.66666667,1,39.46587837,32.83629428,6.629584088,-20,-10,-10,-0.69,-0.48,-0.21,FALSE
15,66eaabc3b42823a1c9aa5d9d,59,female,107,confounded,a,0,8.099199999995335,89,74,-13,90,55,-4,50,47,3,44.96665431,38.79003308,6.176621228,-13,-4,-9,-0.65,-0.3,-0.35,FALSE
15,66eaabc3b42823a1c9aa5d9d,59,female,108,confounded,b,1,8.849600000001601,52,14,-16,53,17,-2,16.66666667,22.66666667,-6,27.82484901,22.80838053,5.01646848,-16,-2,-14,0.14,0.36,-0.22,FALSE
15,66eaabc3b42823a1c9aa5d9d,59,female,109,confounded,b,1,25.16770000000315,81,8,-35,75,6,-24,18,19,-1,47.88179891,41.44876355,6.433035356,-35,-24,-11,0.3,0.44,-0.14,FALSE
15,66eaabc3b42823a1c9aa5d9d,59,female,110,confounded,a,0,8.266700000002857,95,77,-55,97,48,-46,39,33,6,66.87301399,59.33520596,7.537808026,-55,-46,-9,-0.67,-0.36,-0.31,FALSE
15,66eaabc3b42823a1c9aa5d9d,59,female,111,confounded,a,0,5.68189999999845,67,65,-84,92,13,-75,16,10,6,70.71539201,68.21045863,2.504933376,-84,-75,-9,-0.71,-0.07,-0.64,FALSE
15,66eaabc3b42823a1c9aa5d9d,59,female,112,confounded,b,1,7.627100000001519,80,61,-49,77,57,-42,30.66666667,30.66666667,0,56.86436103,52.02777036,4.836590669,-49,-42,-7,-0.65,-0.63,-0.02,FALSE
15,66eaabc3b42823a1c9aa5d9d,59,female,113,unconfounded,a,0,16.342999999999847,57,37,-65,85,1,-54,9.666666667,10.66666667,-1,53.42492136,57.15670467,-3.731783312,-65,-54,-11,-0.63,0.25,-0.88,FALSE
15,66eaabc3b42823a1c9aa5d9d,59,female,114,confounded,a,0,4.200100000001612,82,32,-65,81,1,-60,16.33333333,7.333333333,9,61.02640594,57.73695139,3.289454554,-65,-60,-5,-0.37,0.16,-0.53,FALSE
15,66eaabc3b42823a1c9aa5d9d,59,female,115,unconfounded,a,0,10.21539999999868,64,23,-82,89,11,-77,1.666666667,7.666666667,-6,61.48351179,67.81019261,-6.326680822,-82,-77,-5,-0.48,-0.07,-0.41,FALSE
15,66eaabc3b42823a1c9aa5d9d,59,female,116,confounded,b,1,7.348500000000058,99,63,-12,93,52,-4,50,47,3,46.23851209,39.75759885,6.480913232,-12,-4,-8,-0.4,-0.19,-0.21,FALSE
15,66eaabc3b42823a1c9aa5d9d,59,female,117,unconfounded,a,0,7.8350999999941,80,31,-38,94,5,-26,24.33333333,24.33333333,0,48.40339749,50.86146762,-2.458070131,-38,-26,-12,-0.2,0.52,-0.72,FALSE
15,66eaabc3b42823a1c9aa5d9d,59,female,118,confounded,b,1,17.36679999999683,39,30,-45,49,34,-32,8,17,-9,37.65634077,35.18522417,2.471116596,-45,-32,-13,-0.68,-0.61,-0.07,FALSE
15,66eaabc3b42823a1c9aa5d9d,59,female,119,confounded,b,1,9.399799999996958,61,33,-71,68,40,-58,7.666666667,16.66666667,-9,56.78810517,54.02057221,2.767532958,-71,-58,-13,-0.58,-0.57,-0.01,FALSE
15,66eaabc3b42823a1c9aa5d9d,59,female,120,confounded,a,0,20.19429999999693,90,19,-42,81,3,-35,22.33333333,16.33333333,6,53.94029621,48.2861839,5.654112314,-42,-35,-7,0.09,0.39,-0.3,FALSE
15,66eaabc3b42823a1c9aa5d9d,59,female,121,unconfounded,a,0,42.420500000000175,60,27,-47,80,4,-41,13.33333333,14.33333333,-1,44.73874781,49.93551397,-5.196766162,-47,-41,-6,-0.43,0.3,-0.73,FALSE
15,66eaabc3b42823a1c9aa5d9d,59,female,122,confounded,b,1,22.497399999998606,84,73,-51,95,70,-41,35.33333333,41.33333333,-6,61.21183618,59.10630724,2.105528943,-51,-41,-10,-0.69,-0.61,-0.08,FALSE
15,66eaabc3b42823a1c9aa5d9d,59,female,123,unconfounded,a,0,10.451399999998555,83,40,-8,91,7,-1,38.33333333,32.33333333,6,37.16928242,41.61196409,-4.442681672,-8,-1,-7,-0.07,0.69,-0.76,FALSE
15,66eaabc3b42823a1c9aa5d9d,59,female,124,confounded,a,0,22.561399999998457,95,41,-73,89,40,-63,21,22,-1,70.0285656,63.34561284,6.682952755,-73,-63,-10,-0.41,-0.4,-0.01,FALSE
15,66eaabc3b42823a1c9aa5d9d,59,female,125,confounded,a,0,8.425600000001396,59,54,-8,62,28,-3,35,29,6,30.47403266,26.54555832,3.928474339,-8,-3,-5,-0.69,0.06,-0.75,FALSE
15,66eaabc3b42823a1c9aa5d9d,59,female,126,confounded,a,0,12.322399999998652,83,79,-38,99,58,-24,41.33333333,44.33333333,-3,56.12090124,51.13598429,4.98491695,-38,-24,-14,-0.7,-0.38,-0.32,FALSE
15,66eaabc3b42823a1c9aa5d9d,59,female,127,confounded,b,1,11.198600000001534,66,61,-21,85,54,-6,35.33333333,44.33333333,-9,39.88594851,37.77418284,2.111765679,-21,-6,-15,-0.7,-0.37,-0.33,FALSE
15,66eaabc3b42823a1c9aa5d9d,59,female,128,unconfounded,b,1,17.691699999995535,44,17,-42,71,6,-31,6.333333333,15.33333333,-9,35.91038228,42.16106682,-6.250684541,-42,-31,-11,-0.42,0.32,-0.74,FALSE
15,66eaabc3b42823a1c9aa5d9d,59,female,129,unconfounded,b,1,14.961999999999987,61,53,-62,85,48,-54,17.33333333,26.33333333,-9,56.19213073,58.77830288,-2.586172149,-62,-54,-8,-0.7,-0.5,-0.2,FALSE
15,66eaabc3b42823a1c9aa5d9d,59,female,130,confounded,a,0,19.310600000001617,97,65,-14,96,44,-1,49.33333333,46.33333333,3,46.64999702,39.63444069,7.015556332,-14,-1,-13,-0.47,0.09,-0.56,FALSE
15,66eaabc3b42823a1c9aa5d9d,59,female,131,unconfounded,a,0,8.825000000000273,76,64,-21,97,15,-11,39.66666667,33.66666667,6,43.17663977,46.02414825,-2.847508476,-21,-11,-10,-0.67,0.54,-1.21,FALSE
15,66eaabc3b42823a1c9aa5d9d,59,female,132,confounded,a,0,8.33480000000418,93,73,-18,97,48,-6,49.33333333,46.33333333,3,48.30688932,42.06608557,6.240803743,-18,-6,-12,-0.62,-0.06,-0.56,FALSE
15,66eaabc3b42823a1c9aa5d9d,59,female,133,unconfounded,a,0,7.466099999994185,72,70,-17,94,24,-11,41.66666667,35.66666667,6,41.49163236,43.65266951,-2.161037156,-17,-11,-6,-0.71,0.38,-1.09,FALSE
15,66eaabc3b42823a1c9aa5d9d,59,female,134,unconfounded,b,1,11.98700000000008,74,35,-30,97,8,-17,26.33333333,29.33333333,-3,42.89781139,48.92397731,-6.026165915,-30,-17,-13,-0.29,0.57,-0.86,FALSE
15,66eaabc3b42823a1c9aa5d9d,59,female,135,confounded,b,1,14.15760000000182,87,67,-40,97,42,-25,38,38,0,55.75541827,49.88653793,5.868880342,-40,-25,-15,-0.64,-0.12,-0.52,FALSE
15,66eaabc3b42823a1c9aa5d9d,59,female,136,confounded,b,1,21.334499999999935,88,55,-57,98,39,-42,28.66666667,31.66666667,-3,62.05553069,57.38950736,4.666023323,-57,-42,-15,-0.56,-0.19,-0.37,FALSE
15,66eaabc3b42823a1c9aa5d9d,59,female,137,unconfounded,b,1,24.415099999994258,71,48,-19,96,7,-6,33.33333333,32.33333333,1,38.17794593,45.33088229,-7.152936355,-19,-6,-13,-0.52,0.66,-1.18,FALSE
15,66eaabc3b42823a1c9aa5d9d,59,female,138,unconfounded,a,0,10.93489999999838,73,50,-46,98,7,-31,25.66666667,24.66666667,1,51.53855084,54.12536887,-2.586818037,-46,-31,-15,-0.6,0.45,-1.05,FALSE
15,66eaabc3b42823a1c9aa5d9d,59,female,139,confounded,b,1,13.375,82,57,-23,90,38,-9,38.66666667,39.66666667,-1,44.78342948,40.43375927,4.349670203,-23,-9,-14,-0.55,0.06,-0.61,FALSE
15,66eaabc3b42823a1c9aa5d9d,59,female,140,unconfounded,a,0,5.214500000000044,92,49,-7,99,9,-1,44.66666667,35.66666667,9,40.53256578,44.96912521,-4.436559429,-7,-1,-6,-0.16,0.68,-0.84,FALSE
15,66eaabc3b42823a1c9aa5d9d,59,female,141,unconfounded,a,0,8.887399999998252,61,50,-88,94,11,-82,7.666666667,7.666666667,0,67.79544396,71.8903486,-4.094904639,-88,-82,-6,-0.69,-0.07,-0.62,FALSE
15,66eaabc3b42823a1c9aa5d9d,59,female,142,confounded,a,0,18.701899999998204,76,47,-60,74,22,-51,21,15,6,58.48646567,51.27052435,7.215941325,-60,-51,-9,-0.58,-0.2,-0.38,FALSE
15,66eaabc3b42823a1c9aa5d9d,59,female,143,unconfounded,b,1,20.644299999996747,58,37,-21,83,16,-7,24.66666667,30.66666667,-6,33.40991204,38.17794593,-4.768033896,-21,-7,-14,-0.5,0.52,-1.02,FALSE
15,66eaabc3b42823a1c9aa5d9d,59,female,144,unconfounded,a,0,33.286100000001625,52,34,-65,75,3,-57,7,7,0,51.4392846,53.96295025,-2.523665654,-65,-57,-8,-0.64,0.11,-0.75,FALSE
15,66eaabc3b42823a1c9aa5d9d,59,female,145,confounded,b,1,14.70489999999836,51,45,-68,56,48,-58,9.333333333,15.33333333,-6,54.73775865,51.95724738,2.780511269,-68,-58,-10,-0.7,-0.69,-0.01,FALSE
15,66eaabc3b42823a1c9aa5d9d,59,female,146,unconfounded,a,0,8.065100000001621,81,51,-42,96,4,-37,30,21,9,52.36410985,55.61174936,-3.247639512,-42,-37,-5,-0.54,0.43,-0.97,FALSE
15,66eaabc3b42823a1c9aa5d9d,59,female,147,unconfounded,a,0,29.015799999996943,58,28,-19,71,11,-12,22.33333333,23.33333333,-1,31.68946548,34.98888712,-3.299421648,-19,-12,-7,-0.26,0.48,-0.74,FALSE
15,66eaabc3b42823a1c9aa5d9d,59,female,148,unconfounded,b,1,12.219100000001164,45,38,-33,83,15,-21,16.66666667,25.66666667,-9,35.23571421,43.12256434,-7.886850138,-33,-21,-12,-0.69,0.36,-1.05,FALSE
15,66eaabc3b42823a1c9aa5d9d,59,female,149,unconfounded,b,1,10.549299999996949,71,45,-35,95,9,-23,27,27,0,45.10727953,49.82636518,-4.719085645,-35,-23,-12,-0.54,0.49,-1.03,FALSE
15,66eaabc3b42823a1c9aa5d9d,59,female,150,confounded,a,0,25.550100000001297,80,43,-41,81,8,-34,27.33333333,18.33333333,9,50.62498285,47.5137407,3.111242151,-41,-34,-7,-0.43,0.32,-0.75,FALSE
15,66eaabc3b42823a1c9aa5d9d,59,female,151,unconfounded,a,0,18.176399999998463,55,22,-21,66,6,-16,18.66666667,18.66666667,0,31.11626941,34.65384378,-3.537574369,-21,-16,-5,-0.16,0.5,-0.66,FALSE
15,66eaabc3b42823a1c9aa5d9d,59,female,152,unconfounded,b,1,7.447700000002897,57,33,-78,87,14,-71,4,10,-6,58.80476171,64.56521251,-5.7604508,-78,-71,-7,-0.62,-0.09,-0.53,FALSE
15,66eaabc3b42823a1c9aa5d9d,59,female,153,confounded,a,0,9.337000000000444,81,75,-12,85,53,-3,48,45,3,42.49705872,36.36848453,6.128574196,-12,-3,-9,-0.7,-0.32,-0.38,FALSE
15,66eaabc3b42823a1c9aa5d9d,59,female,154,confounded,b,1,26.13369999999577,30,4,-19,23,3,-8,5,6,-1,20.01665973,12.83225104,7.184408691,-19,-8,-11,0.07,0.34,-0.27,FALSE
15,66eaabc3b42823a1c9aa5d9d,59,female,155,confounded,b,1,12.077499999999873,37,36,-64,47,22,-51,3,6,-3,47.37791328,41.57723736,5.800675917,-64,-51,-13,-0.71,-0.52,-0.19,FALSE
15,66eaabc3b42823a1c9aa5d9d,59,female,156,unconfounded,a,0,13.070100000001275,57,52,-69,95,11,-63,13.33333333,14.33333333,-1,58.25423208,64.54627969,-6.29204761,-69,-63,-6,-0.7,0.08,-0.78,FALSE
15,66eaabc3b42823a1c9aa5d9d,59,female,157,confounded,b,1,34.73460000000159,45,24,-31,48,17,-18,12.66666667,15.66666667,-3,32.0451071,26.96087701,5.084230092,-31,-18,-13,-0.49,-0.07,-0.42,FALSE
15,66eaabc3b42823a1c9aa5d9d,59,female,158,unconfounded,a,0,21.411100000001625,74,30,-33,93,7,-20,23.66666667,26.66666667,-3,43.91152721,48.18252334,-4.270996128,-33,-20,-13,-0.21,0.54,-0.75,FALSE
15,66eaabc3b42823a1c9aa5d9d,59,female,159,unconfounded,a,0,2.6292999999968742,61,43,-79,96,2,-73,8.333333333,8.333333333,0,62.18967403,69.13915115,-6.949477127,-79,-73,-6,-0.66,0.14,-0.8,FALSE
15,66eaabc3b42823a1c9aa5d9d,59,female,160,confounded,a,0,10.62710000000152,81,78,-44,94,63,-33,38.33333333,41.33333333,-3,58.2313394,54.06374838,4.167591025,-44,-33,-11,-0.71,-0.54,-0.17,FALSE
15,66eaabc3b42823a1c9aa5d9d,59,female,161,confounded,a,0,7.716199999995752,55,43,-60,58,7,-54,12.66666667,3.666666667,9,51.61610429,45.78451946,5.831584831,-60,-54,-6,-0.68,-0.11,-0.57,FALSE
15,66eaabc3b42823a1c9aa5d9d,59,female,162,unconfounded,a,0,9.010200000002897,64,56,-58,94,9,-50,20.66666667,17.66666667,3,55.72152985,59.10630724,-3.384777389,-58,-50,-8,-0.7,0.22,-0.92,FALSE
15,66eaabc3b42823a1c9aa5d9d,59,female,163,confounded,a,0,10.131299999997282,83,50,-11,85,29,-1,40.66666667,37.66666667,3,38.93869826,35.64017708,3.298521182,-11,-1,-10,-0.35,0.35,-0.7,FALSE
15,66eaabc3b42823a1c9aa5d9d,59,female,164,unconfounded,b,1,21.43219999999565,62,50,-83,92,15,-75,9.666666667,10.66666667,-1,65.70810875,68.24628602,-2.53817727,-83,-75,-8,-0.69,-0.09,-0.6,FALSE
15,66eaabc3b42823a1c9aa5d9d,59,female,165,unconfounded,b,1,13.107199999995828,51,48,-71,84,26,-64,9.333333333,15.33333333,-6,56.81744646,60.88969991,-4.072253454,-71,-64,-7,-0.71,-0.26,-0.45,FALSE
15,66eaabc3b42823a1c9aa5d9d,59,female,166,unconfounded,a,0,5.462699999995493,60,51,-79,94,11,-73,10.66666667,10.66666667,0,63.51027913,68.17787194,-4.667592807,-79,-73,-6,-0.7,-0.01,-0.69,FALSE
15,66eaabc3b42823a1c9aa5d9d,59,female,167,confounded,b,1,10.686499999999796,67,51,-70,80,45,-59,16,22,-6,61.16098975,59.03106527,2.129924478,-70,-59,-11,-0.67,-0.53,-0.14,FALSE
15,66eaabc3b42823a1c9aa5d9d,59,female,168,unconfounded,b,1,20.73980000000483,63,32,-59,96,5,-47,12,18,-6,51.77515492,59.09878735,-7.323632437,-59,-47,-12,-0.52,0.32,-0.84,FALSE
15,66eaabc3b42823a1c9aa5d9d,59,female,169,confounded,a,0,11.817699999995511,94,59,-24,99,39,-12,43,42,1,49.48400415,45.36518489,4.118819261,-24,-12,-12,-0.45,0.1,-0.55,FALSE
15,66eaabc3b42823a1c9aa5d9d,59,female,170,unconfounded,a,0,12.003499999999804,84,46,-12,97,13,-1,39.33333333,36.33333333,3,39.47432358,43.27688631,-3.802562731,-12,-1,-11,-0.25,0.65,-0.9,FALSE
15,66eaabc3b42823a1c9aa5d9d,59,female,171,confounded,b,1,54.26429999999709,73,68,-84,83,63,-71,19,25,-6,72.86059749,68.37153404,4.489063453,-84,-71,-13,-0.7,-0.66,-0.04,FALSE
15,66eaabc3b42823a1c9aa5d9d,59,female,172,unconfounded,b,1,30.506600000001526,50,24,-56,83,8,-46,6,15,-9,45.10727953,52.89612462,-7.788845091,-56,-46,-10,-0.54,0.2,-0.74,FALSE
15,66eaabc3b42823a1c9aa5d9d,59,female,173,confounded,a,0,28.151900000005753,74,69,-25,82,49,-13,39.33333333,39.33333333,0,45.5363103,39.38132665,6.154983646,-25,-13,-12,-0.7,-0.35,-0.35,FALSE
15,66eaabc3b42823a1c9aa5d9d,59,female,174,unconfounded,a,0,42.95210000000179,81,32,-83,99,17,-77,10,13,-3,68.73621074,71.90734779,-3.171137055,-83,-77,-6,-0.45,-0.08,-0.37,FALSE
15,66eaabc3b42823a1c9aa5d9d,59,female,175,unconfounded,a,0,7.381100000001425,50,26,-17,66,7,-11,19.66666667,20.66666667,-1,27.71682201,32.88701196,-5.17018995,-17,-11,-6,-0.33,0.55,-0.88,FALSE
15,66eaabc3b42823a1c9aa5d9d,59,female,176,unconfounded,b,1,17.5108999999984,61,18,-37,77,14,-31,14,20,-6,40.10818703,44.29446918,-4.186282153,-37,-31,-6,-0.15,0.2,-0.35,FALSE
15,66eaabc3b42823a1c9aa5d9d,59,female,177,unconfounded,a,0,6.682299999997213,64,49,-69,94,7,-60,14.66666667,13.66666667,1,59.4773533,63.04671989,-3.56936659,-69,-60,-9,-0.67,0.16,-0.83,FALSE
15,66eaabc3b42823a1c9aa5d9d,59,female,178,unconfounded,a,0,6.172600000001694,83,22,-20,90,5,-13,28.33333333,27.33333333,1,42.28737663,44.91720779,-2.629831159,-20,-13,-7,0.22,0.62,-0.4,FALSE
15,66eaabc3b42823a1c9aa5d9d,59,female,179,unconfounded,a,0,28.170799999997143,52,48,-39,83,15,-28,20.33333333,23.33333333,-3,41.9867704,45.69707017,-3.710299768,-39,-28,-11,-0.7,0.27,-0.97,FALSE
15,66eaabc3b42823a1c9aa5d9d,59,female,180,unconfounded,a,0,8.117499999999836,79,53,-16,96,9,-7,38.66666667,32.66666667,6,40.08601862,45.25728916,-5.17127054,-16,-7,-9,-0.49,0.64,-1.13,FALSE
15,66eaabc3b42823a1c9aa5d9d,59,female,181,confounded,a,0,16.256300000004558,81,48,-42,79,15,-34,29,20,9,51.98076567,46.26733909,5.713426581,-42,-34,-8,-0.5,0.16,-0.66,FALSE
15,66eaabc3b42823a1c9aa5d9d,59,female,182,unconfounded,a,0,9.94139999999834,74,36,-41,90,6,-30,23,22,1,47.84001115,50.27922036,-2.439209212,-41,-30,-11,-0.39,0.45,-0.84,FALSE
15,66eaabc3b42823a1c9aa5d9d,59,female,183,unconfounded,a,0,8.483399999998255,66,40,-29,84,13,-23,25.66666667,24.66666667,1,40.08601862,44.45472103,-4.368702413,-29,-23,-6,-0.49,0.38,-0.87,FALSE
15,66eaabc3b42823a1c9aa5d9d,59,female,184,confounded,a,0,6.447999999999865,91,40,-37,81,27,-32,31.33333333,25.33333333,6,52.61389761,46.14710777,6.466789845,-37,-32,-5,-0.24,-0.05,-0.19,FALSE
15,66eaabc3b42823a1c9aa5d9d,59,female,185,confounded,a,0,32.309499999999844,82,65,-29,77,59,-18,39.33333333,39.33333333,0,48.81484292,41.20140235,7.613440566,-29,-18,-11,-0.64,-0.61,-0.03,FALSE
15,66eaabc3b42823a1c9aa5d9d,59,female,186,confounded,b,1,11.070000000000164,82,74,-71,84,63,-59,28.33333333,29.33333333,-1,70.31516353,63.04671989,7.26844364,-71,-59,-12,-0.7,-0.65,-0.05,FALSE
15,66eaabc3b42823a1c9aa5d9d,59,female,187,unconfounded,a,0,13.3528999999985,49,33,-54,78,3,-44,9.333333333,12.33333333,-3,45.25728916,50.24163833,-4.98434917,-54,-44,-10,-0.64,0.27,-0.91,FALSE
15,66eaabc3b42823a1c9aa5d9d,59,female,188,unconfounded,a,0,7.065399999998135,77,67,-13,98,10,-4,43.66666667,34.66666667,9,40.27681991,45.14667454,-4.86985463,-13,-4,-9,-0.67,0.66,-1.33,FALSE
15,66eaabc3b42823a1c9aa5d9d,59,female,189,confounded,b,1,10.918999999999867,93,87,-40,99,80,-30,46.66666667,49.66666667,-3,61.33152171,56.86436103,4.467160681,-40,-30,-10,-0.7,-0.65,-0.05,FALSE
15,66eaabc3b42823a1c9aa5d9d,59,female,190,unconfounded,a,0,9.91610000000128,82,38,-49,98,3,-39,23.66666667,20.66666667,3,54.43242498,57.308134,-2.87570902,-49,-39,-10,-0.38,0.43,-0.81,FALSE
15,66eaabc3b42823a1c9aa5d9d,59,female,191,confounded,a,0,17.119700000002922,82,63,-26,93,35,-12,39.66666667,38.66666667,1,47.07676945,42.94440851,4.132360945,-26,-12,-14,-0.62,0.13,-0.75,FALSE
15,66eaabc3b42823a1c9aa5d9d,59,female,192,confounded,a,0,11.405300000004445,86,80,-10,84,66,-3,52,49,3,43.9089968,37.49666652,6.412330282,-10,-3,-7,-0.7,-0.59,-0.11,FALSE
15,66eaabc3b42823a1c9aa5d9d,59,female,193,confounded,b,1,12.729699999995772,77,61,-18,90,60,-3,40,49,-9,41.52910626,38.75564475,2.773461509,-18,-3,-15,-0.63,-0.4,-0.23,FALSE
15,66eaabc3b42823a1c9aa5d9d,59,female,194,unconfounded,b,1,22.864100000001145,64,57,-33,97,1,-19,29.33333333,26.33333333,3,44.16886787,50.63156679,-6.46269892,-33,-19,-14,-0.69,0.63,-1.32,FALSE
15,66eaabc3b42823a1c9aa5d9d,59,female,195,confounded,b,1,10.185799999997016,87,69,-31,91,47,-16,41.66666667,40.66666667,1,51.90589776,43.91152721,7.994370546,-31,-16,-15,-0.64,-0.21,-0.43,FALSE
15,66eaabc3b42823a1c9aa5d9d,59,female,196,confounded,b,1,17.146000000000186,69,40,-29,65,14,-17,26.66666667,20.66666667,6,41.10420362,33.80663972,7.297563908,-29,-17,-12,-0.45,0.29,-0.74,FALSE
15,66eaabc3b42823a1c9aa5d9d,59,female,197,unconfounded,a,0,8.13689999999815,67,35,-44,90,1,-33,19.33333333,19.33333333,0,46.64999702,51.86092513,-5.210928109,-44,-33,-11,-0.47,0.49,-0.96,FALSE
15,66eaabc3b42823a1c9aa5d9d,59,female,198,confounded,b,1,13.73589999999831,96,51,-91,99,54,-79,18.66666667,24.66666667,-6,79.69246444,75.57042337,4.122041069,-91,-79,-12,-0.54,-0.52,-0.02,FALSE
15,66eaabc3b42823a1c9aa5d9d,59,female,199,unconfounded,a,0,6.997200000002977,55,52,-40,92,13,-29,22.33333333,25.33333333,-3,44.09333535,50.16195991,-6.068624563,-40,-29,-11,-0.7,0.35,-1.05,FALSE
15,66eaabc3b42823a1c9aa5d9d,59,female,200,confounded,b,1,17.4592999999968,67,34,-59,77,37,-45,14,23,-9,53.34791467,50.78057371,2.56734096,-59,-45,-14,-0.51,-0.39,-0.12,FALSE
15,66eaabc3b42823a1c9aa5d9d,59,female,201,confounded,a,0,59.058200000003126,89,67,-17,87,61,-12,46.33333333,45.33333333,1,45.67518169,41.90730512,3.76787657,-17,-12,-5,-0.59,-0.51,-0.08,FALSE
15,66eaabc3b42823a1c9aa5d9d,59,female,202,unconfounded,b,1,22.15439999999853,48,36,-33,76,20,-27,17,23,-6,35.6931366,42.10304819,-6.409911592,-33,-27,-6,-0.65,0.11,-0.76,FALSE
15,66eaabc3b42823a1c9aa5d9d,59,female,203,unconfounded,b,1,19.516399999998157,69,32,-47,87,24,-39,18,24,-6,48.38043682,51.4392846,-3.058847781,-47,-39,-8,-0.41,0,-0.41,FALSE
15,66eaabc3b42823a1c9aa5d9d,59,female,204,confounded,a,0,8.39889999999832,93,65,-15,92,30,-6,47.66666667,38.66666667,9,45.7626728,40.47495796,5.28771484,-15,-6,-9,-0.51,0.31,-0.82,FALSE
15,66eaabc3b42823a1c9aa5d9d,59,female,206,unconfounded,b,1,21.862500000000185,58,40,-41,89,8,-31,19,22,-3,43.05810028,49.979996,-6.921895715,-41,-31,-10,-0.62,0.4,-1.02,FALSE
15,66eaabc3b42823a1c9aa5d9d,59,female,207,unconfounded,b,1,37.64200000000028,72,34,-68,95,3,-57,12.66666667,13.66666667,-1,59.11194653,62.51044357,-3.398497045,-68,-57,-11,-0.49,0.25,-0.74,FALSE
15,66eaabc3b42823a1c9aa5d9d,59,female,208,confounded,b,1,10.24429999999711,84,54,-18,91,30,-4,40,39,1,42.80186912,39.3022476,3.499621515,-18,-4,-14,-0.46,0.33,-0.79,FALSE
15,66eaabc3b42823a1c9aa5d9d,59,female,209,confounded,a,0,18.82760000000144,79,76,-68,85,37,-62,29,20,9,68.60029154,61.20457499,7.395716552,-68,-62,-6,-0.71,-0.4,-0.31,FALSE
15,66eaabc3b42823a1c9aa5d9d,59,female,210,unconfounded,b,1,27.350900000005826,67,36,-51,86,5,-42,17.33333333,16.33333333,1,49.94886274,52.8667087,-2.917845962,-51,-42,-9,-0.51,0.31,-0.82,FALSE
15,66eaabc3b42823a1c9aa5d9d,59,female,211,confounded,b,1,15.672400000006292,95,89,-13,98,73,-3,57,56,1,49.55804677,42.94958285,6.608463927,-13,-3,-10,-0.7,-0.53,-0.17,FALSE
15,66eaabc3b42823a1c9aa5d9d,59,female,212,unconfounded,a,0,16.009300000004714,76,48,-37,99,1,-31,29,23,6,48.04858652,55.30521374,-7.256627218,-37,-31,-6,-0.53,0.53,-1.06,FALSE
15,66eaabc3b42823a1c9aa5d9d,59,female,213,unconfounded,b,1,8.63650000000007,74,33,-32,94,35,-27,25,34,-9,43.64248694,49.40310382,-5.760616872,-32,-27,-5,-0.27,-0.03,-0.24,FALSE
15,66eaabc3b42823a1c9aa5d9d,59,female,214,confounded,b,1,11.252700000002733,62,49,-44,69,55,-30,22.33333333,31.33333333,-9,47.20404879,43.74420597,3.459842825,-44,-30,-14,-0.67,-0.65,-0.02,FALSE
15,66eaabc3b42823a1c9aa5d9d,59,female,215,confounded,b,1,11.885799999996834,32,12,-39,37,19,-24,1.666666667,10.66666667,-9,29.89239963,25.59079696,4.301602672,-39,-24,-15,-0.48,-0.45,-0.03,FALSE
15,66eaabc3b42823a1c9aa5d9d,59,female,216,confounded,a,0,19.50970000000325,76,27,-21,72,4,-12,27.33333333,21.33333333,6,39.60078563,36.41733409,3.183451536,-21,-12,-9,0.01,0.61,-0.6,FALSE
15,66eaabc3b42823a1c9aa5d9d,59,female,217,unconfounded,a,0,6.280200000002878,52,41,-26,71,1,-14,22.33333333,19.33333333,3,34.47059939,37.04351795,-2.572918563,-26,-14,-12,-0.65,0.62,-1.27,FALSE
15,66eaabc3b42823a1c9aa5d9d,59,female,218,unconfounded,a,0,8.562999999999647,63,60,-29,84,5,-22,31.33333333,22.33333333,9,42.67968551,44.97653709,-2.296851579,-29,-22,-7,-0.7,0.52,-1.22,FALSE
15,66eaabc3b42823a1c9aa5d9d,59,female,219,unconfounded,a,0,17.94510000000173,65,46,-24,88,13,-14,29,29,0,38.27096375,43.15089802,-4.879934267,-24,-14,-10,-0.58,0.51,-1.09,FALSE
16,67059d99d1093140330a3926,23,female,0,unconfounded,b,1,7.614700000047691,71,42,-92,95,21,-86,7,10,-3,70.99765254,74.30118886,-3.303536321,-92,-86,-6,-0.62,-0.22,-0.4,FALSE
16,67059d99d1093140330a3926,23,female,1,confounded,b,1,8.958200000047668,81,40,-65,84,42,-52,18.66666667,24.66666667,-6,61.48351179,56.85849883,4.625012964,-65,-52,-13,-0.48,-0.43,-0.05,FALSE
16,67059d99d1093140330a3926,23,female,2,unconfounded,b,1,4.225400000095362,61,53,-28,85,3,-20,28.66666667,22.66666667,6,40.20226638,45.0653846,-4.863118215,-28,-20,-8,-0.69,0.57,-1.26,FALSE
16,67059d99d1093140330a3926,23,female,3,unconfounded,b,1,5.396500000000003,58,37,-21,83,16,-7,24.66666667,30.66666667,-6,33.40991204,38.17794593,-4.768033896,-21,-7,-14,-0.5,0.52,-1.02,FALSE
16,67059d99d1093140330a3926,23,female,4,confounded,b,1,3.543500000000023,52,14,-16,53,17,-2,16.66666667,22.66666667,-6,27.82484901,22.80838053,5.01646848,-16,-2,-14,0.14,0.36,-0.22,FALSE
16,67059d99d1093140330a3926,23,female,5,unconfounded,b,1,3.082099999904642,74,33,-32,94,35,-27,25,34,-9,43.64248694,49.40310382,-5.760616872,-32,-27,-5,-0.27,-0.03,-0.24,FALSE
16,67059d99d1093140330a3926,23,female,6,unconfounded,b,1,1.8468999999761593,66,36,-14,80,11,-6,29.33333333,28.33333333,1,32.99831646,37.18721405,-4.188897596,-14,-6,-8,-0.29,0.6,-0.89,FALSE
16,67059d99d1093140330a3926,23,female,7,unconfounded,b,1,7.274399999976168,48,36,-33,76,20,-27,17,23,-6,35.6931366,42.10304819,-6.409911592,-33,-27,-6,-0.65,0.11,-0.76,FALSE
16,67059d99d1093140330a3926,23,female,8,confounded,b,1,2.428899999976153,82,57,-23,90,38,-9,38.66666667,39.66666667,-1,44.78342948,40.43375927,4.349670203,-23,-9,-14,-0.55,0.06,-0.61,FALSE
16,67059d99d1093140330a3926,23,female,9,confounded,b,1,2.896000000000015,61,33,-71,68,40,-58,7.666666667,16.66666667,-9,56.78810517,54.02057221,2.767532958,-71,-58,-13,-0.58,-0.57,-0.01,FALSE
16,67059d99d1093140330a3926,23,female,10,confounded,b,1,2.128799999952321,77,61,-18,90,60,-3,40,49,-9,41.52910626,38.75564475,2.773461509,-18,-3,-15,-0.63,-0.4,-0.23,FALSE
16,67059d99d1093140330a3926,23,female,11,confounded,b,1,2.395100000023831,67,51,-70,80,45,-59,16,22,-6,61.16098975,59.03106527,2.129924478,-70,-59,-11,-0.67,-0.53,-0.14,FALSE
16,67059d99d1093140330a3926,23,female,12,unconfounded,b,1,3.4957000000476626,64,56,-58,94,9,-50,20.66666667,17.66666667,3,55.72152985,59.10630724,-3.384777389,-58,-50,-8,-0.7,0.22,-0.92,FALSE
16,67059d99d1093140330a3926,23,female,13,confounded,b,1,4.762400000095369,97,65,-14,96,44,-1,49.33333333,46.33333333,3,46.64999702,39.63444069,7.015556332,-14,-1,-13,-0.47,0.09,-0.56,FALSE
16,67059d99d1093140330a3926,23,female,14,unconfounded,b,1,10.095799999952334,57,52,-69,95,11,-63,13.33333333,14.33333333,-1,58.25423208,64.54627969,-6.29204761,-69,-63,-6,-0.7,0.08,-0.78,FALSE
16,67059d99d1093140330a3926,23,female,15,confounded,b,1,1.8951999999284792,81,74,-67,96,32,-58,29.33333333,23.33333333,6,68.17787194,63.16820579,5.009666154,-67,-58,-9,-0.7,-0.2,-0.5,FALSE
16,67059d99d1093140330a3926,23,female,16,confounded,b,1,7.0625,75,56,-40,78,43,-30,30.33333333,30.33333333,0,50.33443707,44.99135719,5.343079879,-40,-30,-10,-0.63,-0.4,-0.23,FALSE
16,67059d99d1093140330a3926,23,female,17,unconfounded,b,1,2.761399999976163,77,67,-13,98,10,-4,43.66666667,34.66666667,9,40.27681991,45.14667454,-4.86985463,-13,-4,-9,-0.67,0.66,-1.33,FALSE
16,67059d99d1093140330a3926,23,female,18,unconfounded,b,1,4.32860000002384,49,31,-74,83,4,-63,2,8,-6,54.24020649,59.67132198,-5.431115489,-74,-63,-11,-0.65,0.1,-0.75,FALSE
16,67059d99d1093140330a3926,23,female,19,unconfounded,a,0,11.795999999999992,80,45,-79,99,3,-74,15.33333333,9.333333333,6,68.2169741,70.76879413,-2.551820026,-79,-74,-5,-0.57,0.13,-0.7,FALSE
16,67059d99d1093140330a3926,23,female,20,confounded,b,1,5.562299999952302,93,87,-40,99,80,-30,46.66666667,49.66666667,-3,61.33152171,56.86436103,4.467160681,-40,-30,-10,-0.7,-0.65,-0.05,FALSE
16,67059d99d1093140330a3926,23,female,21,unconfounded,b,1,4.2973999999761645,67,30,-64,98,12,-50,11,20,-9,55.14224031,60.68497892,-5.542738609,-64,-50,-14,-0.48,0.2,-0.68,FALSE
16,67059d99d1093140330a3926,23,female,22,unconfounded,b,1,4.763100000023854,65,27,-35,83,18,-26,19,25,-6,41.21488404,44.77350407,-3.558620027,-35,-26,-9,-0.28,0.23,-0.51,FALSE
16,67059d99d1093140330a3926,23,female,23,unconfounded,b,1,5.9950000000000045,82,49,-56,98,10,-51,25,19,6,58.83876273,61.16098975,-2.322227012,-56,-51,-5,-0.54,0.22,-0.76,FALSE
16,67059d99d1093140330a3926,23,female,24,confounded,b,1,3.8283999999761704,95,75,-28,96,64,-15,47.33333333,48.33333333,-1,53.89083616,46.64999702,7.240839139,-28,-15,-13,-0.63,-0.47,-0.16,FALSE
16,67059d99d1093140330a3926,23,female,25,unconfounded,b,1,5.463200000047664,39,29,-22,58,1,-13,15.33333333,15.33333333,0,26.71246068,30.70649587,-3.994035195,-22,-13,-9,-0.63,0.6,-1.23,FALSE
16,67059d99d1093140330a3926,23,female,26,confounded,b,1,2.6958999999761772,48,42,-20,63,30,-5,23.33333333,29.33333333,-6,30.73904502,27.7648859,2.974159125,-20,-5,-15,-0.69,-0.04,-0.65,FALSE
16,67059d99d1093140330a3926,23,female,27,confounded,b,1,3.0304000000953693,84,56,-46,86,24,-34,31.33333333,25.33333333,6,55.86491644,48.9988662,6.86605024,-46,-34,-12,-0.58,0.04,-0.62,FALSE
16,67059d99d1093140330a3926,23,female,28,confounded,b,1,13.396500000000003,80,54,-23,85,21,-13,37,31,6,43.73404471,40.62839729,3.105647416,-23,-13,-10,-0.52,0.35,-0.87,FALSE
16,67059d99d1093140330a3926,23,female,29,unconfounded,b,1,9.462099999904638,52,25,-28,65,9,-22,16.33333333,17.33333333,-1,33.22983933,36.00308629,-2.773246953,-28,-22,-6,-0.37,0.33,-0.7,FALSE
16,67059d99d1093140330a3926,23,female,30,unconfounded,b,1,3.0291000000238455,61,53,-62,85,48,-54,17.33333333,26.33333333,-9,56.19213073,58.77830288,-2.586172149,-62,-54,-8,-0.7,-0.5,-0.2,FALSE
16,67059d99d1093140330a3926,23,female,31,unconfounded,b,1,2.1966999999284553,66,61,-25,89,4,-18,34,25,9,41.76920716,46.13747573,-4.368268571,-25,-18,-7,-0.7,0.59,-1.29,FALSE
16,67059d99d1093140330a3926,23,female,32,unconfounded,b,1,3.929500000000018,55,19,-13,73,1,-4,20.33333333,23.33333333,-3,27.77688887,35.17890782,-7.402018947,-13,-4,-9,0.07,0.7,-0.63,FALSE
16,67059d99d1093140330a3926,23,female,33,unconfounded,b,1,2.363100000023792,89,46,-17,99,10,-9,39.33333333,33.33333333,6,43.53032149,47.07676945,-3.546447966,-17,-9,-8,-0.23,0.62,-0.85,FALSE
16,67059d99d1093140330a3926,23,female,34,confounded,a,0,11.863499999999988,55,43,-60,58,7,-54,12.66666667,3.666666667,9,51.61610429,45.78451946,5.831584831,-60,-54,-6,-0.68,-0.11,-0.57,FALSE
16,67059d99d1093140330a3926,23,female,35,unconfounded,b,1,4.561899999976163,62,50,-83,92,15,-75,9.666666667,10.66666667,-1,65.70810875,68.24628602,-2.53817727,-83,-75,-8,-0.69,-0.09,-0.6,FALSE
16,67059d99d1093140330a3926,23,female,36,unconfounded,b,1,4.428699999928483,72,70,-17,94,24,-11,41.66666667,35.66666667,6,41.49163236,43.65266951,-2.161037156,-17,-11,-6,-0.71,0.38,-1.09,FALSE
16,67059d99d1093140330a3926,23,female,37,unconfounded,b,1,3.694999999999993,58,40,-41,89,8,-31,19,22,-3,43.05810028,49.979996,-6.921895715,-41,-31,-10,-0.62,0.4,-1.02,FALSE
16,67059d99d1093140330a3926,23,female,38,confounded,b,1,4.83010000002389,96,51,-91,99,54,-79,18.66666667,24.66666667,-6,79.69246444,75.57042337,4.122041069,-91,-79,-12,-0.54,-0.52,-0.02,FALSE
16,67059d99d1093140330a3926,23,female,39,unconfounded,b,1,4.7964999999999804,77,49,-72,97,6,-67,18,12,6,64.65807503,67.08700818,-2.42893315,-72,-67,-5,-0.61,0.13,-0.74,FALSE
16,67059d99d1093140330a3926,23,female,40,confounded,a,0,6.594600000023831,80,61,-49,77,57,-42,30.66666667,30.66666667,0,56.86436103,52.02777036,4.836590669,-49,-42,-7,-0.65,-0.63,-0.02,FALSE
16,67059d99d1093140330a3926,23,female,41,confounded,b,1,5.028500000000008,83,50,-11,85,29,-1,40.66666667,37.66666667,3,38.93869826,35.64017708,3.298521182,-11,-1,-10,-0.35,0.35,-0.7,FALSE
16,67059d99d1093140330a3926,23,female,42,confounded,b,1,6.129299999952309,83,79,-38,99,58,-24,41.33333333,44.33333333,-3,56.12090124,51.13598429,4.98491695,-38,-24,-14,-0.7,-0.38,-0.32,FALSE
16,67059d99d1093140330a3926,23,female,43,unconfounded,a,0,11.995000000000005,61,49,-22,81,3,-14,29.33333333,23.33333333,6,36.62725154,41.36289266,-4.735641114,-22,-14,-8,-0.65,0.62,-1.27,FALSE
16,67059d99d1093140330a3926,23,female,44,unconfounded,a,0,12.062999999999988,61,43,-79,96,2,-73,8.333333333,8.333333333,0,62.18967403,69.13915115,-6.949477127,-79,-73,-6,-0.66,0.14,-0.8,FALSE
16,67059d99d1093140330a3926,23,female,45,unconfounded,b,1,40.99589999997613,81,32,-83,99,17,-77,10,13,-3,68.73621074,71.90734779,-3.171137055,-83,-77,-6,-0.45,-0.08,-0.37,FALSE
16,67059d99d1093140330a3926,23,female,46,unconfounded,b,1,22.99589999997619,81,51,-42,96,4,-37,30,21,9,52.36410985,55.61174936,-3.247639512,-42,-37,-5,-0.54,0.43,-0.97,FALSE
16,67059d99d1093140330a3926,23,female,47,unconfounded,b,1,2.6303999999761913,72,35,-48,99,28,-41,19.66666667,28.66666667,-9,50.17524844,57.15670467,-6.981456236,-48,-41,-7,-0.43,0.02,-0.45,FALSE
16,67059d99d1093140330a3926,23,female,48,confounded,b,1,2.997400000095354,78,18,-86,77,22,-71,3.333333333,9.333333333,-6,67.75117875,61.08100268,6.670176067,-86,-71,-15,-0.31,-0.3,-0.01,FALSE
16,67059d99d1093140330a3926,23,female,49,confounded,b,1,5.129299999952309,87,69,-31,91,47,-16,41.66666667,40.66666667,1,51.90589776,43.91152721,7.994370546,-31,-16,-15,-0.64,-0.21,-0.43,FALSE
16,67059d99d1093140330a3926,23,female,50,unconfounded,b,1,10.497200000047712,80,31,-38,94,5,-26,24.33333333,24.33333333,0,48.40339749,50.86146762,-2.458070131,-38,-26,-12,-0.2,0.52,-0.72,FALSE
16,67059d99d1093140330a3926,23,female,51,unconfounded,b,1,4.896399999976154,83,61,-20,99,4,-6,41.33333333,32.33333333,9,44.28945197,47.31689856,-3.027446588,-20,-6,-14,-0.58,0.68,-1.26,FALSE
16,67059d99d1093140330a3926,23,female,52,unconfounded,b,1,4.728599999904645,64,23,-82,89,11,-77,1.666666667,7.666666667,-6,61.48351179,67.81019261,-6.326680822,-82,-77,-5,-0.48,-0.07,-0.41,FALSE
16,67059d99d1093140330a3926,23,female,53,unconfounded,a,0,16.829999999999927,58,28,-19,71,11,-12,22.33333333,23.33333333,-1,31.68946548,34.98888712,-3.299421648,-19,-12,-7,-0.26,0.48,-0.74,FALSE
16,67059d99d1093140330a3926,23,female,54,confounded,b,1,7.463499999999954,79,27,-34,70,26,-24,24,24,0,46.18080409,38.40138886,7.779415229,-34,-24,-10,-0.1,-0.08,-0.02,FALSE
16,67059d99d1093140330a3926,23,female,55,confounded,b,1,7.530400000095369,60,35,-32,57,29,-20,21,22,-1,38.8415585,31.82242396,7.01913454,-32,-20,-12,-0.49,-0.32,-0.17,FALSE
16,67059d99d1093140330a3926,23,female,56,confounded,b,1,1.5958000000715629,65,30,-84,74,33,-69,3.666666667,12.66666667,-9,63.61516241,60.12394605,3.491216361,-84,-69,-15,-0.55,-0.47,-0.08,FALSE
16,67059d99d1093140330a3926,23,female,57,confounded,b,1,1.5293000000715438,66,61,-21,85,54,-6,35.33333333,44.33333333,-9,39.88594851,37.77418284,2.111765679,-21,-6,-15,-0.7,-0.37,-0.33,FALSE
16,67059d99d1093140330a3926,23,female,58,confounded,b,1,2.062999999999988,80,73,-34,85,63,-29,39.66666667,39.66666667,0,52.16853032,49.37835783,2.790172486,-34,-29,-5,-0.7,-0.6,-0.1,FALSE
16,67059d99d1093140330a3926,23,female,59,unconfounded,a,0,5.629500000000007,83,40,-8,91,7,-1,38.33333333,32.33333333,6,37.16928242,41.61196409,-4.442681672,-8,-1,-7,-0.07,0.69,-0.76,FALSE
16,67059d99d1093140330a3926,23,female,60,confounded,b,1,5.496700000047667,53,43,-8,49,31,-1,29.33333333,26.33333333,3,26.71246068,20.67741656,6.035044121,-8,-1,-7,-0.63,-0.33,-0.3,FALSE
16,67059d99d1093140330a3926,23,female,61,confounded,b,1,13.76289999997607,86,67,-20,98,40,-5,44.33333333,44.33333333,0,46.14710777,42.16106682,3.986040948,-20,-5,-15,-0.62,0.15,-0.77,FALSE
16,67059d99d1093140330a3926,23,female,62,confounded,a,0,9.22939999997618,84,74,-73,96,33,-62,28.33333333,22.33333333,6,71.76969339,64.9427098,6.826983592,-73,-62,-11,-0.7,-0.24,-0.46,FALSE
16,67059d99d1093140330a3926,23,female,63,unconfounded,b,1,3.4965000000000828,57,37,-65,85,1,-54,9.666666667,10.66666667,-1,53.42492136,57.15670467,-3.731783312,-65,-54,-11,-0.63,0.25,-0.88,FALSE
16,67059d99d1093140330a3926,23,female,64,confounded,b,1,3.296899999976062,91,73,-19,96,36,-14,48.33333333,39.33333333,9,48.17560471,44.96912521,3.206479496,-19,-14,-5,-0.63,0.11,-0.74,FALSE
16,67059d99d1093140330a3926,23,female,65,confounded,b,1,6.097800000071516,93,88,-12,97,64,-1,56.33333333,53.33333333,3,48.36206043,40.71308826,7.64897217,-12,-1,-11,-0.7,-0.38,-0.32,FALSE
16,67059d99d1093140330a3926,23,female,66,confounded,b,1,3.930000000000064,81,8,-35,75,6,-24,18,19,-1,47.88179891,41.44876355,6.433035356,-35,-24,-11,0.3,0.44,-0.14,FALSE
16,67059d99d1093140330a3926,23,female,67,unconfounded,b,1,8.529999999999973,45,38,-33,83,15,-21,16.66666667,25.66666667,-9,35.23571421,43.12256434,-7.886850138,-33,-21,-12,-0.69,0.36,-1.05,FALSE
16,67059d99d1093140330a3926,23,female,68,confounded,b,1,42.328100000023824,84,73,-51,95,70,-41,35.33333333,41.33333333,-6,61.21183618,59.10630724,2.105528943,-51,-41,-10,-0.69,-0.61,-0.08,FALSE
16,67059d99d1093140330a3926,23,female,69,confounded,b,1,3.163000000000011,51,45,-68,56,48,-58,9.333333333,15.33333333,-6,54.73775865,51.95724738,2.780511269,-68,-58,-10,-0.7,-0.69,-0.01,FALSE
16,67059d99d1093140330a3926,23,female,70,unconfounded,a,0,11.46189999997614,47,39,-49,72,3,-41,12.33333333,11.33333333,1,43.49201715,46.50686927,-3.014852118,-49,-41,-8,-0.69,0.26,-0.95,FALSE
16,67059d99d1093140330a3926,23,female,71,unconfounded,a,0,57.530000000000086,61,50,-88,94,11,-82,7.666666667,7.666666667,0,67.79544396,71.8903486,-4.094904639,-88,-82,-6,-0.69,-0.07,-0.62,FALSE
16,67059d99d1093140330a3926,23,female,72,confounded,b,1,7.396700000047645,60,45,-95,64,47,-83,3.333333333,9.333333333,-6,69.8013053,65.65735975,4.143945558,-95,-83,-12,-0.68,-0.67,-0.01,FALSE
16,67059d99d1093140330a3926,23,female,73,confounded,b,1,4.59699999999998,91,40,-37,81,27,-32,31.33333333,25.33333333,6,52.61389761,46.14710777,6.466789845,-37,-32,-5,-0.24,-0.05,-0.19,FALSE
16,67059d99d1093140330a3926,23,female,74,unconfounded,b,1,4.72820000004765,62,45,-31,84,8,-19,25.33333333,24.33333333,1,40.43375927,43.60682923,-3.173069958,-31,-19,-12,-0.61,0.51,-1.12,FALSE
16,67059d99d1093140330a3926,23,female,75,unconfounded,b,1,9.929000000000087,51,48,-71,84,26,-64,9.333333333,15.33333333,-6,56.81744646,60.88969991,-4.072253454,-71,-64,-7,-0.71,-0.26,-0.45,FALSE
16,67059d99d1093140330a3926,23,female,76,confounded,b,1,2.3287999999522526,95,89,-13,98,73,-3,57,56,1,49.55804677,42.94958285,6.608463927,-13,-3,-10,-0.7,-0.53,-0.17,FALSE
16,67059d99d1093140330a3926,23,female,77,confounded,b,1,20.996399999976234,81,78,-44,94,63,-33,38.33333333,41.33333333,-3,58.2313394,54.06374838,4.167591025,-44,-33,-11,-0.71,-0.54,-0.17,FALSE
16,67059d99d1093140330a3926,23,female,78,confounded,b,1,2.627700000047639,57,2,-48,64,9,-35,3.666666667,12.66666667,-9,42.88226777,40.49965706,2.382610705,-48,-35,-13,0.06,0.14,-0.08,FALSE
16,67059d99d1093140330a3926,23,female,79,unconfounded,b,1,1.8471999999284208,60,27,-47,80,4,-41,13.33333333,14.33333333,-1,44.73874781,49.93551397,-5.196766162,-47,-41,-6,-0.43,0.3,-0.73,FALSE
16,67059d99d1093140330a3926,23,female,80,confounded,b,1,1.0642000000477765,67,34,-59,77,37,-45,14,23,-9,53.34791467,50.78057371,2.56734096,-59,-45,-14,-0.51,-0.39,-0.12,FALSE
16,67059d99d1093140330a3926,23,female,81,confounded,b,1,1.5761000000237573,67,60,-20,68,46,-10,35.66666667,34.66666667,1,39.46587837,32.83629428,6.629584088,-20,-10,-10,-0.69,-0.48,-0.21,FALSE
16,67059d99d1093140330a3926,23,female,82,unconfounded,b,1,1.26400000000001,65,10,-62,90,1,-51,4.333333333,13.33333333,-9,52.00213671,58.21988969,-6.217752982,-62,-51,-11,-0.16,0.31,-0.47,FALSE
16,67059d99d1093140330a3926,23,female,83,unconfounded,b,1,3.098699999928499,50,26,-17,66,7,-11,19.66666667,20.66666667,-1,27.71682201,32.88701196,-5.17018995,-17,-11,-6,-0.33,0.55,-0.88,FALSE
16,67059d99d1093140330a3926,23,female,84,unconfounded,b,1,1.0154999999999743,60,34,-88,93,15,-75,2,11,-9,64.51873113,68.64400921,-4.125278077,-88,-75,-13,-0.62,-0.09,-0.53,FALSE
16,67059d99d1093140330a3926,23,female,85,confounded,b,1,2.145600000023819,91,75,-12,94,55,-4,51.33333333,48.33333333,3,45.25728916,40.28509512,4.97219404,-12,-4,-8,-0.64,-0.24,-0.4,FALSE
16,67059d99d1093140330a3926,23,female,86,unconfounded,b,1,1.797899999976153,92,54,-10,99,11,-1,45.33333333,36.33333333,9,42.08985098,44.58200933,-2.492158346,-10,-1,-9,-0.3,0.67,-0.97,FALSE
16,67059d99d1093140330a3926,23,female,87,unconfounded,b,1,3.1257000000476864,57,55,-50,97,16,-42,20.66666667,23.66666667,-3,49.97554958,57.00487309,-7.029323509,-50,-42,-8,-0.71,0.2,-0.91,FALSE
16,67059d99d1093140330a3926,23,female,88,unconfounded,b,1,1.4919000000953702,52,41,-26,71,1,-14,22.33333333,19.33333333,3,34.47059939,37.04351795,-2.572918563,-26,-14,-12,-0.65,0.62,-1.27,FALSE
16,67059d99d1093140330a3926,23,female,89,confounded,b,1,3.0972000000476783,57,40,-94,70,21,-79,1,4,-3,67.53270812,62.00537611,5.527332014,-94,-79,-15,-0.67,-0.39,-0.28,FALSE
16,67059d99d1093140330a3926,23,female,90,unconfounded,b,1,1.2808999999761,61,18,-37,77,14,-31,14,20,-6,40.10818703,44.29446918,-4.186282153,-37,-31,-6,-0.15,0.2,-0.35,FALSE
16,67059d99d1093140330a3926,23,female,91,unconfounded,a,0,4.1626999999284635,76,54,-46,97,16,-38,28,25,3,53.09111665,55.47972603,-2.388609381,-46,-38,-8,-0.62,0.24,-0.86,FALSE
16,67059d99d1093140330a3926,23,female,92,confounded,b,1,2.4107000000476546,39,30,-45,49,34,-32,8,17,-9,37.65634077,35.18522417,2.471116596,-45,-32,-13,-0.68,-0.61,-0.07,FALSE
16,67059d99d1093140330a3926,23,female,93,unconfounded,b,1,2.417500000000018,68,22,-72,90,16,-61,6,15,-9,58.26376804,61.64954717,-3.385779129,-72,-61,-11,-0.39,-0.02,-0.37,FALSE
16,67059d99d1093140330a3926,23,female,94,unconfounded,a,0,6.158899999976143,92,49,-7,99,9,-1,44.66666667,35.66666667,9,40.53256578,44.96912521,-4.436559429,-7,-1,-6,-0.16,0.68,-0.84,FALSE
16,67059d99d1093140330a3926,23,female,95,confounded,b,1,1.3804999999999836,76,27,-21,72,4,-12,27.33333333,21.33333333,6,39.60078563,36.41733409,3.183451536,-21,-12,-9,0.01,0.61,-0.6,FALSE
16,67059d99d1093140330a3926,23,female,97,unconfounded,b,1,2.4911999999284262,67,35,-44,90,1,-33,19.33333333,19.33333333,0,46.64999702,51.86092513,-5.210928109,-44,-33,-11,-0.47,0.49,-0.96,FALSE
16,67059d99d1093140330a3926,23,female,98,unconfounded,b,1,1.9640000000000557,49,33,-54,78,3,-44,9.333333333,12.33333333,-3,45.25728916,50.24163833,-4.98434917,-54,-44,-10,-0.64,0.27,-0.91,FALSE
16,67059d99d1093140330a3926,23,female,99,unconfounded,b,1,2.9943999999761672,84,46,-12,97,13,-1,39.33333333,36.33333333,3,39.47432358,43.27688631,-3.802562731,-12,-1,-11,-0.25,0.65,-0.9,FALSE
16,67059d99d1093140330a3926,23,female,100,confounded,b,1,4.117799999952354,37,36,-64,47,22,-51,3,6,-3,47.37791328,41.57723736,5.800675917,-64,-51,-13,-0.71,-0.52,-0.19,FALSE
16,67059d99d1093140330a3926,23,female,101,confounded,b,1,45.591799999952286,93,73,-18,97,48,-6,49.33333333,46.33333333,3,48.30688932,42.06608557,6.240803743,-18,-6,-12,-0.62,-0.06,-0.56,FALSE
16,67059d99d1093140330a3926,23,female,102,confounded,b,1,1.21160000002385,60,35,-17,52,7,-8,26,17,9,32.07283378,25.49509757,6.577736212,-17,-8,-9,-0.4,0.53,-0.93,FALSE
16,67059d99d1093140330a3926,23,female,103,unconfounded,b,1,3.8746999999284526,68,28,-25,85,2,-13,23.66666667,24.66666667,-1,38.09053542,43.09936839,-5.008832965,-25,-13,-12,-0.17,0.64,-0.81,FALSE
16,67059d99d1093140330a3926,23,female,104,confounded,b,1,1.5119999999999436,81,75,-12,85,53,-3,48,45,3,42.49705872,36.36848453,6.128574196,-12,-3,-9,-0.7,-0.32,-0.38,FALSE
16,67059d99d1093140330a3926,23,female,105,unconfounded,b,1,0.9650000000000318,63,32,-59,96,5,-47,12,18,-6,51.77515492,59.09878735,-7.323632437,-59,-47,-12,-0.52,0.32,-0.84,FALSE
16,67059d99d1093140330a3926,23,female,106,confounded,b,1,0.991699999928528,67,16,-14,66,5,-2,23,23,0,33.43650699,30.53959179,2.896915205,-14,-2,-12,0.3,0.68,-0.38,FALSE
16,67059d99d1093140330a3926,23,female,107,unconfounded,b,1,1.56379999995238,52,47,-90,84,32,-80,3,12,-9,65.79260343,68.43001291,-2.637409474,-90,-80,-10,-0.7,-0.41,-0.29,FALSE
16,67059d99d1093140330a3926,23,female,108,unconfounded,b,1,2.3804999999999836,63,43,-58,93,3,-51,16,15,1,52.95910372,59.39696962,-6.437865901,-58,-51,-7,-0.63,0.29,-0.92,FALSE
16,67059d99d1093140330a3926,23,female,109,unconfounded,b,1,1.5955000000000157,55,22,-21,66,6,-16,18.66666667,18.66666667,0,31.11626941,34.65384378,-3.537574369,-21,-16,-5,-0.16,0.5,-0.66,FALSE
16,67059d99d1093140330a3926,23,female,110,confounded,b,1,1.8103000000716063,73,68,-84,83,63,-71,19,25,-6,72.86059749,68.37153404,4.489063453,-84,-71,-13,-0.7,-0.66,-0.04,FALSE
16,67059d99d1093140330a3926,23,female,111,unconfounded,a,0,1.01400000000001,65,38,-26,81,20,-21,25.66666667,26.66666667,-1,38.16047985,41.90730512,-3.74682527,-26,-21,-5,-0.45,0.23,-0.68,FALSE
16,67059d99d1093140330a3926,23,female,112,unconfounded,b,1,1.2968999999761763,83,22,-20,90,5,-13,28.33333333,27.33333333,1,42.28737663,44.91720779,-2.629831159,-20,-13,-7,0.22,0.62,-0.4,FALSE
16,67059d99d1093140330a3926,23,female,113,unconfounded,b,1,1.17680000007158,63,60,-29,84,5,-22,31.33333333,22.33333333,9,42.67968551,44.97653709,-2.296851579,-29,-22,-7,-0.7,0.52,-1.22,FALSE
16,67059d99d1093140330a3926,23,female,114,confounded,b,1,2.163800000071433,82,74,-71,84,63,-59,28.33333333,29.33333333,-1,70.31516353,63.04671989,7.26844364,-71,-59,-12,-0.7,-0.65,-0.05,FALSE
16,67059d99d1093140330a3926,23,female,115,confounded,b,1,1.0106000000238282,85,31,-13,81,32,-1,34.33333333,37.33333333,-3,40.07770231,33.68811198,6.389590326,-13,-1,-12,0.12,0.23,-0.11,FALSE
16,67059d99d1093140330a3926,23,female,116,unconfounded,b,1,1.3748000000715592,80,55,-43,97,5,-37,30.66666667,21.66666667,9,53.08065142,55.96030339,-2.879651967,-43,-37,-6,-0.59,0.42,-1.01,FALSE
16,67059d99d1093140330a3926,23,female,117,unconfounded,a,0,3.09280000007152,74,46,-44,87,1,-39,25.33333333,16.33333333,9,50.34105901,52.56953068,-2.228471667,-44,-39,-5,-0.55,0.41,-0.96,FALSE
16,67059d99d1093140330a3926,23,female,118,confounded,b,1,11.314299999952368,92,55,-16,86,47,-5,43.66666667,42.66666667,1,44.8131925,37.27674282,7.536449678,-16,-5,-11,-0.36,-0.17,-0.19,FALSE
16,67059d99d1093140330a3926,23,female,119,unconfounded,b,1,4.047500000000014,71,45,-35,95,9,-23,27,27,0,45.10727953,49.82636518,-4.719085645,-35,-23,-12,-0.54,0.49,-1.03,FALSE
16,67059d99d1093140330a3926,23,female,120,confounded,b,1,5.197799999952281,69,48,-67,68,45,-60,16.66666667,17.66666667,-1,59.77922344,55.7155474,4.063676043,-67,-60,-7,-0.64,-0.62,-0.02,FALSE
16,67059d99d1093140330a3926,23,female,121,unconfounded,b,1,7.667700000047603,86,44,-23,97,16,-15,35.66666667,32.66666667,3,44.88751373,47.21816976,-2.33065603,-23,-15,-8,-0.27,0.49,-0.76,FALSE
16,67059d99d1093140330a3926,23,female,122,unconfounded,b,1,1.4085999999045953,72,70,-34,99,2,-20,36,27,9,49.50420858,51.69784006,-2.193631483,-34,-20,-14,-0.71,0.61,-1.32,FALSE
16,67059d99d1093140330a3926,23,female,123,confounded,b,1,1.93040000009546,74,69,-25,82,49,-13,39.33333333,39.33333333,0,45.5363103,39.38132665,6.154983646,-25,-13,-12,-0.7,-0.35,-0.35,FALSE
16,67059d99d1093140330a3926,23,female,124,unconfounded,b,1,0.749600000023861,71,48,-19,96,7,-6,33.33333333,32.33333333,1,38.17794593,45.33088229,-7.152936355,-19,-6,-13,-0.52,0.66,-1.18,FALSE
16,67059d99d1093140330a3926,23,female,125,unconfounded,a,0,6.594500000000039,85,48,-45,99,2,-40,29.33333333,20.33333333,9,54.68901982,58.20843772,-3.519417903,-45,-40,-5,-0.47,0.44,-0.91,FALSE
16,67059d99d1093140330a3926,23,female,126,confounded,b,1,1.9181000000238555,95,41,-73,89,40,-63,21,22,-1,70.0285656,63.34561284,6.682952755,-73,-63,-10,-0.41,-0.4,-0.01,FALSE
16,67059d99d1093140330a3926,23,female,127,unconfounded,b,1,11.218000000000076,69,32,-47,87,24,-39,18,24,-6,48.38043682,51.4392846,-3.058847781,-47,-39,-8,-0.41,0,-0.41,FALSE
16,67059d99d1093140330a3926,23,female,128,confounded,b,1,1.5286000000237436,62,49,-44,69,55,-30,22.33333333,31.33333333,-9,47.20404879,43.74420597,3.459842825,-44,-30,-14,-0.67,-0.65,-0.02,FALSE
16,67059d99d1093140330a3926,23,female,129,unconfounded,b,1,3.9468999999762673,76,42,-93,97,33,-87,8.333333333,14.33333333,-6,72.9855389,76.26853145,-3.282992543,-93,-87,-6,-0.59,-0.35,-0.24,FALSE
16,67059d99d1093140330a3926,23,female,130,unconfounded,b,1,6.530699999928629,70,41,-47,93,2,-40,21.33333333,18.33333333,3,49.74825513,55.51176052,-5.763505382,-47,-40,-7,-0.53,0.42,-0.95,FALSE
16,67059d99d1093140330a3926,23,female,131,confounded,b,1,2.377199999928507,58,36,-89,59,29,-74,1.666666667,4.666666667,-3,64.73707507,56.95807425,7.779000822,-89,-74,-15,-0.65,-0.56,-0.09,FALSE
16,67059d99d1093140330a3926,23,female,132,unconfounded,b,1,0.8857000000475637,70,60,-28,92,11,-19,34,28,6,44.0302926,46.88283268,-2.852540076,-28,-19,-9,-0.68,0.5,-1.18,FALSE
16,67059d99d1093140330a3926,23,female,133,unconfounded,b,1,7.859299999952327,72,34,-68,95,3,-57,12.66666667,13.66666667,-1,59.11194653,62.51044357,-3.398497045,-68,-57,-11,-0.49,0.25,-0.74,FALSE
16,67059d99d1093140330a3926,23,female,134,unconfounded,b,1,0.9849999999999,82,38,-49,98,3,-39,23.66666667,20.66666667,3,54.43242498,57.308134,-2.87570902,-49,-39,-10,-0.38,0.43,-0.81,FALSE
16,67059d99d1093140330a3926,23,female,135,confounded,b,1,1.577200000047469,98,40,-65,99,32,-55,24.33333333,25.33333333,-1,67.46027638,63.04671989,4.413556487,-65,-55,-10,-0.34,-0.16,-0.18,FALSE
16,67059d99d1093140330a3926,23,female,136,confounded,b,1,2.586200000047711,66,64,-14,70,50,-1,38.66666667,39.66666667,-1,37.24990679,29.89239963,7.357507157,-14,-1,-13,-0.71,-0.48,-0.23,FALSE
16,67059d99d1093140330a3926,23,female,137,unconfounded,b,1,1.4689999999998236,70,55,-15,99,30,-1,36.66666667,42.66666667,-6,37.04351795,41.7957999,-4.752281944,-15,-1,-14,-0.62,0.43,-1.05,FALSE
16,67059d99d1093140330a3926,23,female,138,confounded,b,1,7.72400000000016,67,65,-84,92,13,-75,16,10,6,70.71539201,68.21045863,2.504933376,-84,-75,-9,-0.71,-0.07,-0.64,FALSE
16,67059d99d1093140330a3926,23,female,139,confounded,b,1,23.63219999992839,42,40,-31,59,28,-18,17,23,-6,33.950945,31.63331577,2.317629233,-31,-18,-13,-0.71,-0.23,-0.48,FALSE
16,67059d99d1093140330a3926,23,female,140,confounded,b,1,1.5508999999760815,74,51,-26,76,46,-14,33,36,-3,42.76291228,37.41657387,5.346338412,-26,-14,-12,-0.56,-0.38,-0.18,FALSE
16,67059d99d1093140330a3926,23,female,141,unconfounded,b,1,2.2345000000000255,76,64,-21,97,15,-11,39.66666667,33.66666667,6,43.17663977,46.02414825,-2.847508476,-21,-11,-10,-0.67,0.54,-1.21,FALSE
16,67059d99d1093140330a3926,23,female,143,confounded,b,1,1.8350000000000364,95,77,-55,97,48,-46,39,33,6,66.87301399,59.33520596,7.537808026,-55,-46,-9,-0.67,-0.36,-0.31,FALSE
16,67059d99d1093140330a3926,23,female,144,confounded,b,1,1.9048999999761236,94,59,-24,99,39,-12,43,42,1,49.48400415,45.36518489,4.118819261,-24,-12,-12,-0.45,0.1,-0.55,FALSE
16,67059d99d1093140330a3926,23,female,145,confounded,b,1,1.6338999999761654,65,35,-34,61,27,-22,22,22,0,41.44876355,34.06855833,7.380205222,-34,-22,-12,-0.44,-0.22,-0.22,FALSE
16,67059d99d1093140330a3926,23,female,146,unconfounded,b,1,5.076399999976275,79,53,-16,96,9,-7,38.66666667,32.66666667,6,40.08601862,45.25728916,-5.17127054,-16,-7,-9,-0.49,0.64,-1.13,FALSE
16,67059d99d1093140330a3926,23,female,147,confounded,b,1,1.4101000000237036,82,78,-17,89,62,-11,47.66666667,46.66666667,1,45.75538827,42.24005471,3.515333554,-17,-11,-6,-0.7,-0.5,-0.2,FALSE
16,67059d99d1093140330a3926,23,female,148,confounded,b,1,1.39739999997596,66,52,-14,71,33,-3,34.66666667,33.66666667,1,34.88393454,30.21405118,4.669883356,-14,-3,-11,-0.62,0.03,-0.65,FALSE
16,67059d99d1093140330a3926,23,female,149,confounded,b,1,1.064399999976331,89,83,-40,98,60,-26,44,44,0,59.44745579,51.87163644,7.575819354,-40,-26,-14,-0.7,-0.43,-0.27,FALSE
16,67059d99d1093140330a3926,23,female,151,confounded,b,1,1.3190000000001874,65,54,-20,73,59,-6,33,42,-9,37.74475681,34.41898701,3.325769802,-20,-6,-14,-0.66,-0.62,-0.04,FALSE
16,67059d99d1093140330a3926,23,female,152,unconfounded,b,1,1.0703000000714835,58,49,-41,85,1,-29,22,19,3,44.69899328,48.24935233,-3.55035905,-41,-29,-12,-0.69,0.51,-1.2,FALSE
16,67059d99d1093140330a3926,23,female,153,unconfounded,b,1,7.972999999999956,57,33,-78,87,14,-71,4,10,-6,58.80476171,64.56521251,-5.7604508,-78,-71,-7,-0.62,-0.09,-0.53,FALSE
16,67059d99d1093140330a3926,23,female,154,confounded,a,0,4.196100000023762,82,32,-65,81,1,-60,16.33333333,7.333333333,9,61.02640594,57.73695139,3.289454554,-65,-60,-5,-0.37,0.16,-0.53,FALSE
16,67059d99d1093140330a3926,23,female,155,confounded,b,1,1.5036999999285854,82,64,-15,78,50,-6,43.66666667,40.66666667,3,42.1294302,34.92213561,7.207294589,-15,-6,-9,-0.61,-0.38,-0.23,FALSE
16,67059d99d1093140330a3926,23,female,156,unconfounded,b,1,9.838999999999942,56,39,-78,85,2,-70,5.666666667,5.666666667,0,59.56695579,63.33157892,-3.764623132,-78,-70,-8,-0.66,0.09,-0.75,FALSE
16,67059d99d1093140330a3926,23,female,157,unconfounded,b,1,2.4133999999760363,78,35,-19,87,10,-12,31.33333333,28.33333333,3,39.68486977,42.44473531,-2.759865537,-19,-12,-7,-0.14,0.57,-0.71,FALSE
16,67059d99d1093140330a3926,23,female,158,confounded,b,1,0.7402000000477074,99,63,-12,93,52,-4,50,47,3,46.23851209,39.75759885,6.480913232,-12,-4,-8,-0.4,-0.19,-0.21,FALSE
16,67059d99d1093140330a3926,23,female,159,confounded,b,1,1.2956999999285015,49,11,-37,57,15,-22,7.666666667,16.66666667,-9,35.18838192,32.27313985,2.915242074,-37,-22,-15,-0.14,0.08,-0.22,FALSE
16,67059d99d1093140330a3926,23,female,160,confounded,b,1,3.958000000000084,90,19,-42,81,3,-35,22.33333333,16.33333333,6,53.94029621,48.2861839,5.654112314,-42,-35,-7,0.09,0.39,-0.3,FALSE
16,67059d99d1093140330a3926,23,female,161,confounded,b,1,2.576299999952198,65,62,-49,72,57,-42,26,29,-3,53.04714884,50.57667447,2.470474374,-49,-42,-7,-0.71,-0.66,-0.05,FALSE
16,67059d99d1093140330a3926,23,female,162,unconfounded,b,1,1.1147000000476055,63,45,-19,81,8,-9,29.66666667,26.66666667,3,35.18838192,39.04128869,-3.852906764,-19,-9,-10,-0.57,0.61,-1.18,FALSE
16,67059d99d1093140330a3926,23,female,163,unconfounded,b,1,3.403600000023971,56,53,-14,73,2,-7,31.66666667,22.66666667,9,32.31442746,35.78019316,-3.465765693,-14,-7,-7,-0.7,0.67,-1.37,FALSE
16,67059d99d1093140330a3926,23,female,164,unconfounded,b,1,2.4683999999761,69,66,-55,96,34,-50,26.66666667,26.66666667,0,57.76004001,59.82938706,-2.069347044,-55,-50,-5,-0.71,-0.18,-0.53,FALSE
16,67059d99d1093140330a3926,23,female,165,unconfounded,b,1,3.0225999999045143,74,35,-30,97,8,-17,26.33333333,29.33333333,-3,42.89781139,48.92397731,-6.026165915,-30,-17,-13,-0.29,0.57,-0.86,FALSE
16,67059d99d1093140330a3926,23,female,166,confounded,b,1,2.1884999999999764,79,76,-68,85,37,-62,29,20,9,68.60029154,61.20457499,7.395716552,-68,-62,-6,-0.71,-0.4,-0.31,FALSE
16,67059d99d1093140330a3926,23,female,167,confounded,b,1,1.58400000000006,87,67,-40,97,42,-25,38,38,0,55.75541827,49.88653793,5.868880342,-40,-25,-15,-0.64,-0.12,-0.52,FALSE
16,67059d99d1093140330a3926,23,female,168,unconfounded,b,1,1.4987999999523254,52,34,-65,75,3,-57,7,7,0,51.4392846,53.96295025,-2.523665654,-65,-57,-8,-0.64,0.11,-0.75,FALSE
16,67059d99d1093140330a3926,23,female,169,confounded,b,1,0.9313999999760654,79,75,-24,86,58,-11,43.33333333,44.33333333,-1,47.6398526,40.76218291,6.877669688,-24,-11,-13,-0.7,-0.47,-0.23,FALSE
16,67059d99d1093140330a3926,23,female,170,confounded,b,1,0.8802000000478074,93,65,-15,92,30,-6,47.66666667,38.66666667,9,45.7626728,40.47495796,5.28771484,-15,-6,-9,-0.51,0.31,-0.82,FALSE
16,67059d99d1093140330a3926,23,female,172,confounded,b,1,1.9642999999523456,90,67,-17,92,28,-7,46.66666667,37.66666667,9,45.98792112,40.99051381,4.997407312,-17,-7,-10,-0.58,0.34,-0.92,FALSE
16,67059d99d1093140330a3926,23,female,173,confounded,b,1,1.0935999999046544,82,63,-26,93,35,-12,39.66666667,38.66666667,1,47.07676945,42.94440851,4.132360945,-26,-12,-14,-0.62,0.13,-0.75,FALSE
16,67059d99d1093140330a3926,23,female,174,unconfounded,b,1,0.9366000000238728,60,51,-79,94,11,-73,10.66666667,10.66666667,0,63.51027913,68.17787194,-4.667592807,-79,-73,-6,-0.7,-0.01,-0.69,FALSE
16,67059d99d1093140330a3926,23,female,175,confounded,b,1,1.7050000000001546,78,64,-50,80,54,-42,30.66666667,30.66666667,0,57.32558087,52.46797965,4.857601218,-50,-42,-8,-0.68,-0.58,-0.1,FALSE
16,67059d99d1093140330a3926,23,female,176,confounded,b,1,0.7727000000477346,59,54,-8,62,28,-3,35,29,6,30.47403266,26.54555832,3.928474339,-8,-3,-5,-0.69,0.06,-0.75,FALSE
16,67059d99d1093140330a3926,23,female,177,confounded,b,1,2.0056000000238328,82,80,-87,96,60,-78,25,26,-1,79.20016835,74.99333304,4.206835313,-87,-78,-9,-0.71,-0.59,-0.12,FALSE
16,67059d99d1093140330a3926,23,female,178,unconfounded,b,1,1.5003999999760254,75,26,-42,94,6,-32,19.66666667,22.66666667,-3,47.97453028,52.77204647,-4.797516193,-42,-32,-10,-0.2,0.44,-0.64,FALSE
16,67059d99d1093140330a3926,23,female,179,unconfounded,b,1,1.8051000000239128,70,16,-49,84,3,-41,12.33333333,15.33333333,-3,48.65068231,51.77086268,-3.12018037,-49,-41,-8,-0.11,0.34,-0.45,FALSE
16,67059d99d1093140330a3926,23,female,180,unconfounded,b,1,1.1734999999998763,72,62,-10,99,53,-1,41.33333333,50.33333333,-9,36.52700675,40.86835233,-4.341345579,-10,-1,-9,-0.67,-0.1,-0.57,FALSE
16,67059d99d1093140330a3926,23,female,181,unconfounded,b,1,1.08400000000006,52,48,-39,83,15,-28,20.33333333,23.33333333,-3,41.9867704,45.69707017,-3.710299768,-39,-28,-11,-0.7,0.27,-0.97,FALSE
16,67059d99d1093140330a3926,23,female,182,unconfounded,b,1,1.3616000000238273,66,40,-29,84,13,-23,25.66666667,24.66666667,1,40.08601862,44.45472103,-4.368702413,-29,-23,-6,-0.49,0.38,-0.87,FALSE
16,67059d99d1093140330a3926,23,female,183,confounded,b,1,1.5713999999761654,86,80,-10,84,66,-3,52,49,3,43.9089968,37.49666652,6.412330282,-10,-3,-7,-0.7,-0.59,-0.11,FALSE
16,67059d99d1093140330a3926,23,female,184,confounded,b,1,1.2411000000238346,89,74,-13,90,55,-4,50,47,3,44.96665431,38.79003308,6.176621228,-13,-4,-9,-0.65,-0.3,-0.35,FALSE
16,67059d99d1093140330a3926,23,female,185,confounded,b,1,0.8468999999761309,99,38,-35,87,15,-27,34,25,9,54.77834122,47.07440918,7.703932035,-35,-27,-8,-0.11,0.31,-0.42,FALSE
16,67059d99d1093140330a3926,23,female,186,confounded,b,1,0.8971000000237837,69,40,-29,65,14,-17,26.66666667,20.66666667,6,41.10420362,33.80663972,7.297563908,-29,-17,-12,-0.45,0.29,-0.74,FALSE
16,67059d99d1093140330a3926,23,female,187,confounded,b,1,1.0262000000475382,88,64,-15,89,47,-2,45.66666667,44.66666667,1,44.00252518,37.18721405,6.815311129,-15,-2,-13,-0.55,-0.09,-0.46,FALSE
16,67059d99d1093140330a3926,23,female,188,confounded,b,1,0.9314999999999144,60,58,-24,72,31,-12,31.33333333,30.33333333,1,39.13509366,34.29609631,4.838997345,-24,-12,-12,-0.71,-0.03,-0.68,FALSE
16,67059d99d1093140330a3926,23,female,189,confounded,b,1,1.5231000000239874,76,47,-60,74,22,-51,21,15,6,58.48646567,51.27052435,7.215941325,-60,-51,-9,-0.58,-0.2,-0.38,FALSE
16,67059d99d1093140330a3926,23,female,190,confounded,b,1,1.137199999928498,80,43,-41,81,8,-34,27.33333333,18.33333333,9,50.62498285,47.5137407,3.111242151,-41,-34,-7,-0.43,0.32,-0.75,FALSE
16,67059d99d1093140330a3926,23,female,191,unconfounded,b,1,1.040200000047662,78,19,-16,89,2,-7,27,28,-1,38.79003308,43.28972164,-4.49968856,-16,-7,-9,0.3,0.68,-0.38,FALSE
16,67059d99d1093140330a3926,23,female,192,unconfounded,b,1,0.9243999999762308,67,36,-51,86,5,-42,17.33333333,16.33333333,1,49.94886274,52.8667087,-2.917845962,-51,-42,-9,-0.51,0.31,-0.82,FALSE
16,67059d99d1093140330a3926,23,female,193,confounded,b,1,0.9442999999523636,88,81,-45,99,73,-30,41.33333333,47.33333333,-6,61.11373732,55.70358058,5.410156742,-45,-30,-15,-0.7,-0.59,-0.11,FALSE
16,67059d99d1093140330a3926,23,female,194,unconfounded,b,1,1.299399999976231,79,56,-16,99,19,-8,39.66666667,36.66666667,3,40.46672158,45.4337124,-4.966990816,-16,-8,-8,-0.54,0.52,-1.06,FALSE
16,67059d99d1093140330a3926,23,female,195,unconfounded,b,1,1.0713999999761654,64,49,-69,94,7,-60,14.66666667,13.66666667,1,59.4773533,63.04671989,-3.56936659,-69,-60,-9,-0.67,0.16,-0.83,FALSE
16,67059d99d1093140330a3926,23,female,196,confounded,b,1,4.195999999999913,99,45,-67,98,5,-53,25.66666667,16.66666667,9,69.13432979,62.19503374,6.939296048,-67,-53,-14,-0.4,0.27,-0.67,FALSE
16,67059d99d1093140330a3926,23,female,197,confounded,b,1,2.5204000000953783,45,24,-31,48,17,-18,12.66666667,15.66666667,-3,32.0451071,26.96087701,5.084230092,-31,-18,-13,-0.49,-0.07,-0.42,FALSE
16,67059d99d1093140330a3926,23,female,198,confounded,b,1,1.4335999999048,79,45,-35,80,2,-20,29.66666667,20.66666667,9,47.7865625,42.90558109,4.880981407,-35,-20,-15,-0.45,0.57,-1.02,FALSE
16,67059d99d1093140330a3926,23,female,199,unconfounded,b,1,0.9786000000237892,44,17,-42,71,6,-31,6.333333333,15.33333333,-9,35.91038228,42.16106682,-6.250684541,-42,-31,-11,-0.42,0.32,-0.74,FALSE
16,67059d99d1093140330a3926,23,female,200,confounded,b,1,2.1549000000952674,57,56,-92,65,49,-84,7,10,-3,70.00476174,66.78822251,3.216539228,-92,-84,-8,-0.71,-0.68,-0.03,FALSE
16,67059d99d1093140330a3926,23,female,201,confounded,b,1,5.499600000023747,30,4,-19,23,3,-8,5,6,-1,20.01665973,12.83225104,7.184408691,-19,-8,-11,0.07,0.34,-0.27,FALSE
16,67059d99d1093140330a3926,23,female,202,unconfounded,b,1,7.26370000004772,64,57,-33,97,1,-19,29.33333333,26.33333333,3,44.16886787,50.63156679,-6.46269892,-33,-19,-14,-0.69,0.63,-1.32,FALSE
16,67059d99d1093140330a3926,23,female,203,confounded,b,1,1.0462999999522251,82,65,-29,77,59,-18,39.33333333,39.33333333,0,48.81484292,41.20140235,7.613440566,-29,-18,-11,-0.64,-0.61,-0.03,FALSE
16,67059d99d1093140330a3926,23,female,204,confounded,b,1,1.1567999999524543,85,77,-20,97,78,-6,47.33333333,56.33333333,-9,47.72374205,44.75364665,2.970095399,-20,-6,-14,-0.69,-0.61,-0.08,FALSE
16,67059d99d1093140330a3926,23,female,205,unconfounded,b,1,1.1865000000000236,58,54,-47,89,7,-34,21.66666667,20.66666667,1,48.58211834,51.13598429,-2.553865948,-47,-34,-13,-0.7,0.38,-1.08,FALSE
16,67059d99d1093140330a3926,23,female,206,confounded,b,1,3.351399999976138,88,55,-57,98,39,-42,28.66666667,31.66666667,-3,62.05553069,57.38950736,4.666023323,-57,-42,-15,-0.56,-0.19,-0.37,FALSE
16,67059d99d1093140330a3926,23,female,207,unconfounded,b,1,2.8248000000717184,73,50,-46,98,7,-31,25.66666667,24.66666667,1,51.53855084,54.12536887,-2.586818037,-46,-31,-15,-0.6,0.45,-1.05,FALSE
16,67059d99d1093140330a3926,23,female,208,confounded,b,1,0.976399999976138,84,54,-18,91,30,-4,40,39,1,42.80186912,39.3022476,3.499621515,-18,-4,-14,-0.46,0.33,-0.79,FALSE
16,67059d99d1093140330a3926,23,female,209,confounded,b,1,1.0865000000001146,32,12,-39,37,19,-24,1.666666667,10.66666667,-9,29.89239963,25.59079696,4.301602672,-39,-24,-15,-0.48,-0.45,-0.03,FALSE
16,67059d99d1093140330a3926,23,female,210,unconfounded,b,1,0.9429999999999836,65,46,-24,88,13,-14,29,29,0,38.27096375,43.15089802,-4.879934267,-24,-14,-10,-0.58,0.51,-1.09,FALSE
16,67059d99d1093140330a3926,23,female,211,unconfounded,b,1,1.4947999999521926,74,36,-41,90,6,-30,23,22,1,47.84001115,50.27922036,-2.439209212,-41,-30,-11,-0.39,0.45,-0.84,FALSE
16,67059d99d1093140330a3926,23,female,212,unconfounded,b,1,1.2711000000238073,50,24,-56,83,8,-46,6,15,-9,45.10727953,52.89612462,-7.788845091,-56,-46,-10,-0.54,0.2,-0.74,FALSE
16,67059d99d1093140330a3926,23,female,213,confounded,b,1,1.2087999999523618,81,48,-42,79,15,-34,29,20,9,51.98076567,46.26733909,5.713426581,-42,-34,-8,-0.5,0.16,-0.66,FALSE
16,67059d99d1093140330a3926,23,female,214,unconfounded,b,1,1.5131000000239965,55,52,-40,92,13,-29,22.33333333,25.33333333,-3,44.09333535,50.16195991,-6.068624563,-40,-29,-11,-0.7,0.35,-1.05,FALSE
16,67059d99d1093140330a3926,23,female,215,confounded,b,1,1.091899999976249,89,67,-17,87,61,-12,46.33333333,45.33333333,1,45.67518169,41.90730512,3.76787657,-17,-12,-5,-0.59,-0.51,-0.08,FALSE
16,67059d99d1093140330a3926,23,female,216,unconfounded,b,1,1.0817000000477035,63,47,-21,91,15,-14,29.66666667,30.66666667,-1,36.41733409,44.27439692,-7.857062825,-21,-14,-7,-0.61,0.49,-1.1,FALSE
16,67059d99d1093140330a3926,23,female,217,confounded,b,1,1.0671999999283344,96,61,-17,93,41,-3,46.66666667,43.66666667,3,47.23228651,39.23717059,7.995115924,-17,-3,-14,-0.43,0.1,-0.53,FALSE
16,67059d99d1093140330a3926,23,female,218,unconfounded,b,1,1.1230999999045252,76,48,-37,99,1,-31,29,23,6,48.04858652,55.30521374,-7.256627218,-37,-31,-6,-0.53,0.53,-1.06,FALSE
16,67059d99d1093140330a3926,23,female,219,unconfounded,b,1,6.02209999990464,74,30,-33,93,7,-20,23.66666667,26.66666667,-3,43.91152721,48.18252334,-4.270996128,-33,-20,-13,-0.21,0.54,-0.75,FALSE
17,676056c4ad585b4aeebf6154,20,female,0,unconfounded,b,1,7.348099999904619,71,42,-92,95,21,-86,7,10,-3,70.99765254,74.30118886,-3.303536321,-92,-86,-6,-0.62,-0.22,-0.4,FALSE
17,676056c4ad585b4aeebf6154,20,female,1,unconfounded,a,0,6.623199999809259,80,55,-43,97,5,-37,30.66666667,21.66666667,9,53.08065142,55.96030339,-2.879651967,-43,-37,-6,-0.59,0.42,-1.01,FALSE
17,676056c4ad585b4aeebf6154,20,female,2,confounded,b,1,5.698699999809264,86,67,-20,98,40,-5,44.33333333,44.33333333,0,46.14710777,42.16106682,3.986040948,-20,-5,-15,-0.62,0.15,-0.77,FALSE
17,676056c4ad585b4aeebf6154,20,female,3,unconfounded,b,1,4.949299999713901,44,17,-42,71,6,-31,6.333333333,15.33333333,-9,35.91038228,42.16106682,-6.250684541,-42,-31,-11,-0.42,0.32,-0.74,FALSE
17,676056c4ad585b4aeebf6154,20,female,4,confounded,b,1,7.390099999904635,67,34,-59,77,37,-45,14,23,-9,53.34791467,50.78057371,2.56734096,-59,-45,-14,-0.51,-0.39,-0.12,FALSE
17,676056c4ad585b4aeebf6154,20,female,5,confounded,b,1,5.0655,84,74,-73,96,33,-62,28.33333333,22.33333333,6,71.76969339,64.9427098,6.826983592,-73,-62,-11,-0.7,-0.24,-0.46,FALSE
17,676056c4ad585b4aeebf6154,20,female,6,confounded,b,1,5.730099999904624,88,55,-57,98,39,-42,28.66666667,31.66666667,-3,62.05553069,57.38950736,4.666023323,-57,-42,-15,-0.56,-0.19,-0.37,FALSE
17,676056c4ad585b4aeebf6154,20,female,7,confounded,b,1,4.12610000038147,79,75,-24,86,58,-11,43.33333333,44.33333333,-1,47.6398526,40.76218291,6.877669688,-24,-11,-13,-0.7,-0.47,-0.23,FALSE
17,676056c4ad585b4aeebf6154,20,female,8,confounded,a,0,4.211400000095367,82,57,-23,90,38,-9,38.66666667,39.66666667,-1,44.78342948,40.43375927,4.349670203,-23,-9,-14,-0.55,0.06,-0.61,FALSE
17,676056c4ad585b4aeebf6154,20,female,9,unconfounded,a,0,9.653699999809264,72,35,-48,99,28,-41,19.66666667,28.66666667,-9,50.17524844,57.15670467,-6.981456236,-48,-41,-7,-0.43,0.02,-0.45,FALSE
17,676056c4ad585b4aeebf6154,20,female,10,confounded,a,0,7.407199999809251,81,48,-42,79,15,-34,29,20,9,51.98076567,46.26733909,5.713426581,-42,-34,-8,-0.5,0.16,-0.66,FALSE
17,676056c4ad585b4aeebf6154,20,female,11,unconfounded,a,0,2.268400000095369,50,24,-56,83,8,-46,6,15,-9,45.10727953,52.89612462,-7.788845091,-56,-46,-10,-0.54,0.2,-0.74,FALSE
17,676056c4ad585b4aeebf6154,20,female,12,confounded,b,1,3.1674000000953697,74,69,-25,82,49,-13,39.33333333,39.33333333,0,45.5363103,39.38132665,6.154983646,-25,-13,-12,-0.7,-0.35,-0.35,FALSE
17,676056c4ad585b4aeebf6154,20,female,13,confounded,b,1,4.760599999904628,60,58,-24,72,31,-12,31.33333333,30.33333333,1,39.13509366,34.29609631,4.838997345,-24,-12,-12,-0.71,-0.03,-0.68,FALSE
17,676056c4ad585b4aeebf6154,20,female,14,confounded,a,0,7.073199999809276,69,48,-67,68,45,-60,16.66666667,17.66666667,-1,59.77922344,55.7155474,4.063676043,-67,-60,-7,-0.64,-0.62,-0.02,FALSE
17,676056c4ad585b4aeebf6154,20,female,15,confounded,b,1,4.004400000095359,84,54,-18,91,30,-4,40,39,1,42.80186912,39.3022476,3.499621515,-18,-4,-14,-0.46,0.33,-0.79,FALSE
17,676056c4ad585b4aeebf6154,20,female,16,unconfounded,b,1,5.627900000095366,74,35,-30,97,8,-17,26.33333333,29.33333333,-3,42.89781139,48.92397731,-6.026165915,-30,-17,-13,-0.29,0.57,-0.86,FALSE
17,676056c4ad585b4aeebf6154,20,female,17,confounded,a,0,6.790799999713897,80,43,-41,81,8,-34,27.33333333,18.33333333,9,50.62498285,47.5137407,3.111242151,-41,-34,-7,-0.43,0.32,-0.75,FALSE
17,676056c4ad585b4aeebf6154,20,female,18,unconfounded,a,0,10.440599999904634,74,36,-41,90,6,-30,23,22,1,47.84001115,50.27922036,-2.439209212,-41,-30,-11,-0.39,0.45,-0.84,FALSE
17,676056c4ad585b4aeebf6154,20,female,19,unconfounded,b,1,4.185100000381482,79,53,-16,96,9,-7,38.66666667,32.66666667,6,40.08601862,45.25728916,-5.17127054,-16,-7,-9,-0.49,0.64,-1.13,FALSE
17,676056c4ad585b4aeebf6154,20,female,20,unconfounded,b,1,8.215300000190723,70,16,-49,84,3,-41,12.33333333,15.33333333,-3,48.65068231,51.77086268,-3.12018037,-49,-41,-8,-0.11,0.34,-0.45,FALSE
17,676056c4ad585b4aeebf6154,20,female,21,unconfounded,b,1,6.9897000002861205,51,48,-71,84,26,-64,9.333333333,15.33333333,-6,56.81744646,60.88969991,-4.072253454,-71,-64,-7,-0.71,-0.26,-0.45,FALSE
17,676056c4ad585b4aeebf6154,20,female,22,confounded,b,1,2.795500000000004,52,14,-16,53,17,-2,16.66666667,22.66666667,-6,27.82484901,22.80838053,5.01646848,-16,-2,-14,0.14,0.36,-0.22,FALSE
17,676056c4ad585b4aeebf6154,20,female,23,confounded,b,1,1.7840000000000202,85,77,-20,97,78,-6,47.33333333,56.33333333,-9,47.72374205,44.75364665,2.970095399,-20,-6,-14,-0.69,-0.61,-0.08,FALSE
17,676056c4ad585b4aeebf6154,20,female,24,confounded,b,1,2.8555999999046264,42,40,-31,59,28,-18,17,23,-6,33.950945,31.63331577,2.317629233,-31,-18,-13,-0.71,-0.23,-0.48,FALSE
17,676056c4ad585b4aeebf6154,20,female,25,unconfounded,b,1,1.8944000000953736,84,46,-12,97,13,-1,39.33333333,36.33333333,3,39.47432358,43.27688631,-3.802562731,-12,-1,-11,-0.25,0.65,-0.9,FALSE
17,676056c4ad585b4aeebf6154,20,female,26,unconfounded,b,1,3.501400000095373,56,53,-14,73,2,-7,31.66666667,22.66666667,9,32.31442746,35.78019316,-3.465765693,-14,-7,-7,-0.7,0.67,-1.37,FALSE
17,676056c4ad585b4aeebf6154,20,female,27,confounded,b,1,4.403699999809277,84,73,-51,95,70,-41,35.33333333,41.33333333,-6,61.21183618,59.10630724,2.105528943,-51,-41,-10,-0.69,-0.61,-0.08,FALSE
17,676056c4ad585b4aeebf6154,20,female,28,unconfounded,a,0,6.261699999809252,66,40,-29,84,13,-23,25.66666667,24.66666667,1,40.08601862,44.45472103,-4.368702413,-29,-23,-6,-0.49,0.38,-0.87,FALSE
17,676056c4ad585b4aeebf6154,20,female,29,confounded,b,1,2.892599999904633,89,67,-17,87,61,-12,46.33333333,45.33333333,1,45.67518169,41.90730512,3.76787657,-17,-12,-5,-0.59,-0.51,-0.08,FALSE
17,676056c4ad585b4aeebf6154,20,female,30,confounded,b,1,7.117900000095432,51,45,-68,56,48,-58,9.333333333,15.33333333,-6,54.73775865,51.95724738,2.780511269,-68,-58,-10,-0.7,-0.69,-0.01,FALSE
17,676056c4ad585b4aeebf6154,20,female,31,confounded,b,1,4.268799999713906,95,41,-73,89,40,-63,21,22,-1,70.0285656,63.34561284,6.682952755,-73,-63,-10,-0.41,-0.4,-0.01,FALSE
17,676056c4ad585b4aeebf6154,20,female,32,unconfounded,b,1,4.349599999904626,68,22,-72,90,16,-61,6,15,-9,58.26376804,61.64954717,-3.385779129,-72,-61,-11,-0.39,-0.02,-0.37,FALSE
17,676056c4ad585b4aeebf6154,20,female,33,unconfounded,b,1,4.292300000190778,65,27,-35,83,18,-26,19,25,-6,41.21488404,44.77350407,-3.558620027,-35,-26,-9,-0.28,0.23,-0.51,FALSE
17,676056c4ad585b4aeebf6154,20,female,34,confounded,b,1,3.1510000000000105,80,73,-34,85,63,-29,39.66666667,39.66666667,0,52.16853032,49.37835783,2.790172486,-34,-29,-5,-0.7,-0.6,-0.1,FALSE
17,676056c4ad585b4aeebf6154,20,female,35,unconfounded,b,1,2.2560999999046203,71,48,-19,96,7,-6,33.33333333,32.33333333,1,38.17794593,45.33088229,-7.152936355,-19,-6,-13,-0.52,0.66,-1.18,FALSE
17,676056c4ad585b4aeebf6154,20,female,36,unconfounded,b,1,4.953800000190768,71,45,-35,95,9,-23,27,27,0,45.10727953,49.82636518,-4.719085645,-35,-23,-12,-0.54,0.49,-1.03,FALSE
17,676056c4ad585b4aeebf6154,20,female,37,unconfounded,b,1,2.6014000000953956,45,38,-33,83,15,-21,16.66666667,25.66666667,-9,35.23571421,43.12256434,-7.886850138,-33,-21,-12,-0.69,0.36,-1.05,FALSE
17,676056c4ad585b4aeebf6154,20,female,38,confounded,a,0,3.852199999809272,91,40,-37,81,27,-32,31.33333333,25.33333333,6,52.61389761,46.14710777,6.466789845,-37,-32,-5,-0.24,-0.05,-0.19,FALSE
17,676056c4ad585b4aeebf6154,20,female,39,confounded,b,1,7.833300000190718,95,75,-28,96,64,-15,47.33333333,48.33333333,-1,53.89083616,46.64999702,7.240839139,-28,-15,-13,-0.63,-0.47,-0.16,FALSE
17,676056c4ad585b4aeebf6154,20,female,41,confounded,b,1,4.8852000002860905,67,51,-70,80,45,-59,16,22,-6,61.16098975,59.03106527,2.129924478,-70,-59,-11,-0.67,-0.53,-0.14,FALSE
17,676056c4ad585b4aeebf6154,20,female,42,confounded,b,1,3.4048000001907326,95,89,-13,98,73,-3,57,56,1,49.55804677,42.94958285,6.608463927,-13,-3,-10,-0.7,-0.53,-0.17,FALSE
17,676056c4ad585b4aeebf6154,20,female,43,confounded,b,1,2.759099999904663,76,27,-21,72,4,-12,27.33333333,21.33333333,6,39.60078563,36.41733409,3.183451536,-21,-12,-9,0.01,0.61,-0.6,FALSE
17,676056c4ad585b4aeebf6154,20,female,44,confounded,b,1,2.285199999809265,48,42,-20,63,30,-5,23.33333333,29.33333333,-6,30.73904502,27.7648859,2.974159125,-20,-5,-15,-0.69,-0.04,-0.65,FALSE
17,676056c4ad585b4aeebf6154,20,female,45,unconfounded,a,0,5.537199999809218,85,48,-45,99,2,-40,29.33333333,20.33333333,9,54.68901982,58.20843772,-3.519417903,-45,-40,-5,-0.47,0.44,-0.91,FALSE
17,676056c4ad585b4aeebf6154,20,female,47,unconfounded,b,1,4.208699999809255,58,28,-19,71,11,-12,22.33333333,23.33333333,-1,31.68946548,34.98888712,-3.299421648,-19,-12,-7,-0.26,0.48,-0.74,FALSE
17,676056c4ad585b4aeebf6154,20,female,48,unconfounded,b,1,4.227000000000032,48,36,-33,76,20,-27,17,23,-6,35.6931366,42.10304819,-6.409911592,-33,-27,-6,-0.65,0.11,-0.76,FALSE
17,676056c4ad585b4aeebf6154,20,female,50,confounded,b,1,4.211099999904604,80,54,-23,85,21,-13,37,31,6,43.73404471,40.62839729,3.105647416,-23,-13,-10,-0.52,0.35,-0.87,FALSE
17,676056c4ad585b4aeebf6154,20,female,51,confounded,b,1,3.0447999997138595,45,24,-31,48,17,-18,12.66666667,15.66666667,-3,32.0451071,26.96087701,5.084230092,-31,-18,-13,-0.49,-0.07,-0.42,FALSE
17,676056c4ad585b4aeebf6154,20,female,52,confounded,b,1,2.9515999999046016,61,33,-71,68,40,-58,7.666666667,16.66666667,-9,56.78810517,54.02057221,2.767532958,-71,-58,-13,-0.58,-0.57,-0.01,FALSE
17,676056c4ad585b4aeebf6154,20,female,53,confounded,b,1,2.5605000000000473,79,76,-68,85,37,-62,29,20,9,68.60029154,61.20457499,7.395716552,-68,-62,-6,-0.71,-0.4,-0.31,FALSE
17,676056c4ad585b4aeebf6154,20,female,54,confounded,a,0,4.510699999809276,91,73,-19,96,36,-14,48.33333333,39.33333333,9,48.17560471,44.96912521,3.206479496,-19,-14,-5,-0.63,0.11,-0.74,FALSE
17,676056c4ad585b4aeebf6154,20,female,55,unconfounded,b,1,1.9121000003814856,66,36,-14,80,11,-6,29.33333333,28.33333333,1,32.99831646,37.18721405,-4.188897596,-14,-6,-8,-0.29,0.6,-0.89,FALSE
17,676056c4ad585b4aeebf6154,20,female,56,confounded,b,1,1.3208000001907294,89,74,-13,90,55,-4,50,47,3,44.96665431,38.79003308,6.176621228,-13,-4,-9,-0.65,-0.3,-0.35,FALSE
17,676056c4ad585b4aeebf6154,20,female,57,confounded,b,1,6.526900000095395,78,64,-50,80,54,-42,30.66666667,30.66666667,0,57.32558087,52.46797965,4.857601218,-50,-42,-8,-0.68,-0.58,-0.1,FALSE
17,676056c4ad585b4aeebf6154,20,female,58,unconfounded,b,1,1.8584999999999925,83,61,-20,99,4,-6,41.33333333,32.33333333,9,44.28945197,47.31689856,-3.027446588,-20,-6,-14,-0.58,0.68,-1.26,FALSE
17,676056c4ad585b4aeebf6154,20,female,59,confounded,b,1,2.4957999997138813,90,67,-17,92,28,-7,46.66666667,37.66666667,9,45.98792112,40.99051381,4.997407312,-17,-7,-10,-0.58,0.34,-0.92,FALSE
17,676056c4ad585b4aeebf6154,20,female,60,confounded,b,1,3.4930999999046435,79,27,-34,70,26,-24,24,24,0,46.18080409,38.40138886,7.779415229,-34,-24,-10,-0.1,-0.08,-0.02,FALSE
17,676056c4ad585b4aeebf6154,20,female,61,unconfounded,b,1,3.5524000000953606,52,48,-39,83,15,-28,20.33333333,23.33333333,-3,41.9867704,45.69707017,-3.710299768,-39,-28,-11,-0.7,0.27,-0.97,FALSE
17,676056c4ad585b4aeebf6154,20,female,62,confounded,a,0,5.0190000000000055,82,80,-87,96,60,-78,25,26,-1,79.20016835,74.99333304,4.206835313,-87,-78,-9,-0.71,-0.59,-0.12,FALSE
17,676056c4ad585b4aeebf6154,20,female,63,confounded,a,0,5.618599999904632,99,38,-35,87,15,-27,34,25,9,54.77834122,47.07440918,7.703932035,-35,-27,-8,-0.11,0.31,-0.42,FALSE
17,676056c4ad585b4aeebf6154,20,female,64,confounded,b,1,4.252099999904601,96,61,-17,93,41,-3,46.66666667,43.66666667,3,47.23228651,39.23717059,7.995115924,-17,-3,-14,-0.43,0.1,-0.53,FALSE
17,676056c4ad585b4aeebf6154,20,female,65,unconfounded,a,0,7.935099999904651,70,41,-47,93,2,-40,21.33333333,18.33333333,3,49.74825513,55.51176052,-5.763505382,-47,-40,-7,-0.53,0.42,-0.95,FALSE
17,676056c4ad585b4aeebf6154,20,female,66,unconfounded,b,1,9.583099999904675,67,35,-44,90,1,-33,19.33333333,19.33333333,0,46.64999702,51.86092513,-5.210928109,-44,-33,-11,-0.47,0.49,-0.96,FALSE
17,676056c4ad585b4aeebf6154,20,female,67,unconfounded,b,1,3.878600000381482,65,10,-62,90,1,-51,4.333333333,13.33333333,-9,52.00213671,58.21988969,-6.217752982,-62,-51,-11,-0.16,0.31,-0.47,FALSE
17,676056c4ad585b4aeebf6154,20,female,68,confounded,b,1,2.129900000095404,97,65,-14,96,44,-1,49.33333333,46.33333333,3,46.64999702,39.63444069,7.015556332,-14,-1,-13,-0.47,0.09,-0.56,FALSE
17,676056c4ad585b4aeebf6154,20,female,69,unconfounded,a,0,2.888699999809319,63,45,-19,81,8,-9,29.66666667,26.66666667,3,35.18838192,39.04128869,-3.852906764,-19,-9,-10,-0.57,0.61,-1.18,FALSE
17,676056c4ad585b4aeebf6154,20,female,70,confounded,b,1,6.034999999999968,57,56,-92,65,49,-84,7,10,-3,70.00476174,66.78822251,3.216539228,-92,-84,-8,-0.71,-0.68,-0.03,FALSE
17,676056c4ad585b4aeebf6154,20,female,71,confounded,b,1,3.3112999997138672,75,56,-40,78,43,-30,30.33333333,30.33333333,0,50.33443707,44.99135719,5.343079879,-40,-30,-10,-0.63,-0.4,-0.23,FALSE
17,676056c4ad585b4aeebf6154,20,female,72,unconfounded,a,0,4.151499999999999,63,43,-58,93,3,-51,16,15,1,52.95910372,59.39696962,-6.437865901,-58,-51,-7,-0.63,0.29,-0.92,FALSE
17,676056c4ad585b4aeebf6154,20,female,73,confounded,b,1,10.72380000019075,93,88,-12,97,64,-1,56.33333333,53.33333333,3,48.36206043,40.71308826,7.64897217,-12,-1,-11,-0.7,-0.38,-0.32,FALSE
17,676056c4ad585b4aeebf6154,20,female,74,unconfounded,b,1,6.884599999904651,69,32,-47,87,24,-39,18,24,-6,48.38043682,51.4392846,-3.058847781,-47,-39,-8,-0.41,0,-0.41,FALSE
17,676056c4ad585b4aeebf6154,20,female,75,confounded,a,0,3.778700000286108,82,32,-65,81,1,-60,16.33333333,7.333333333,9,61.02640594,57.73695139,3.289454554,-65,-60,-5,-0.37,0.16,-0.53,FALSE
17,676056c4ad585b4aeebf6154,20,female,76,unconfounded,a,0,6.259999999999991,67,36,-51,86,5,-42,17.33333333,16.33333333,1,49.94886274,52.8667087,-2.917845962,-51,-42,-9,-0.51,0.31,-0.82,FALSE
17,676056c4ad585b4aeebf6154,20,female,77,unconfounded,a,0,3.0856000003814756,86,44,-23,97,16,-15,35.66666667,32.66666667,3,44.88751373,47.21816976,-2.33065603,-23,-15,-8,-0.27,0.49,-0.76,FALSE
17,676056c4ad585b4aeebf6154,20,female,78,confounded,a,0,4.366599999904622,83,50,-11,85,29,-1,40.66666667,37.66666667,3,38.93869826,35.64017708,3.298521182,-11,-1,-10,-0.35,0.35,-0.7,FALSE
17,676056c4ad585b4aeebf6154,20,female,79,unconfounded,a,0,4.522900000095433,67,30,-64,98,12,-50,11,20,-9,55.14224031,60.68497892,-5.542738609,-64,-50,-14,-0.48,0.2,-0.68,FALSE
17,676056c4ad585b4aeebf6154,20,female,80,confounded,b,1,3.97810000038146,79,45,-35,80,2,-20,29.66666667,20.66666667,9,47.7865625,42.90558109,4.880981407,-35,-20,-15,-0.45,0.57,-1.02,FALSE
17,676056c4ad585b4aeebf6154,20,female,81,confounded,b,1,4.222199999809277,78,18,-86,77,22,-71,3.333333333,9.333333333,-6,67.75117875,61.08100268,6.670176067,-86,-71,-15,-0.31,-0.3,-0.01,FALSE
17,676056c4ad585b4aeebf6154,20,female,82,confounded,b,1,4.446800000190706,65,35,-34,61,27,-22,22,22,0,41.44876355,34.06855833,7.380205222,-34,-22,-12,-0.44,-0.22,-0.22,FALSE
17,676056c4ad585b4aeebf6154,20,female,83,confounded,b,1,5.712900000095374,62,49,-44,69,55,-30,22.33333333,31.33333333,-9,47.20404879,43.74420597,3.459842825,-44,-30,-14,-0.67,-0.65,-0.02,FALSE
17,676056c4ad585b4aeebf6154,20,female,84,unconfounded,b,1,3.435099999904537,63,47,-21,91,15,-14,29.66666667,30.66666667,-1,36.41733409,44.27439692,-7.857062825,-21,-14,-7,-0.61,0.49,-1.1,FALSE
17,676056c4ad585b4aeebf6154,20,female,85,unconfounded,b,1,4.771599999904538,65,46,-24,88,13,-14,29,29,0,38.27096375,43.15089802,-4.879934267,-24,-14,-10,-0.58,0.51,-1.09,FALSE
17,676056c4ad585b4aeebf6154,20,female,86,confounded,b,1,3.519999999999982,87,69,-31,91,47,-16,41.66666667,40.66666667,1,51.90589776,43.91152721,7.994370546,-31,-16,-15,-0.64,-0.21,-0.43,FALSE
17,676056c4ad585b4aeebf6154,20,female,87,unconfounded,b,1,4.874199999809321,52,47,-90,84,32,-80,3,12,-9,65.79260343,68.43001291,-2.637409474,-90,-80,-10,-0.7,-0.41,-0.29,FALSE
17,676056c4ad585b4aeebf6154,20,female,88,unconfounded,b,1,4.729800000190721,60,34,-88,93,15,-75,2,11,-9,64.51873113,68.64400921,-4.125278077,-88,-75,-13,-0.62,-0.09,-0.53,FALSE
17,676056c4ad585b4aeebf6154,20,female,89,unconfounded,b,1,2.4095999999046853,70,60,-28,92,11,-19,34,28,6,44.0302926,46.88283268,-2.852540076,-28,-19,-9,-0.68,0.5,-1.18,FALSE
17,676056c4ad585b4aeebf6154,20,female,90,confounded,b,1,5.410900000095467,73,68,-84,83,63,-71,19,25,-6,72.86059749,68.37153404,4.489063453,-84,-71,-13,-0.7,-0.66,-0.04,FALSE
17,676056c4ad585b4aeebf6154,20,female,91,unconfounded,b,1,3.5994000000953292,58,37,-21,83,16,-7,24.66666667,30.66666667,-6,33.40991204,38.17794593,-4.768033896,-21,-7,-14,-0.5,0.52,-1.02,FALSE
17,676056c4ad585b4aeebf6154,20,female,92,unconfounded,b,1,3.353800000190745,76,48,-37,99,1,-31,29,23,6,48.04858652,55.30521374,-7.256627218,-37,-31,-6,-0.53,0.53,-1.06,FALSE
17,676056c4ad585b4aeebf6154,20,female,93,unconfounded,a,0,13.007599999904642,62,45,-31,84,8,-19,25.33333333,24.33333333,1,40.43375927,43.60682923,-3.173069958,-31,-19,-12,-0.61,0.51,-1.12,FALSE
17,676056c4ad585b4aeebf6154,20,female,94,confounded,b,1,7.242799999713839,65,54,-20,73,59,-6,33,42,-9,37.74475681,34.41898701,3.325769802,-20,-6,-14,-0.66,-0.62,-0.04,FALSE
17,676056c4ad585b4aeebf6154,20,female,95,unconfounded,a,0,4.50159999990467,80,45,-79,99,3,-74,15.33333333,9.333333333,6,68.2169741,70.76879413,-2.551820026,-79,-74,-5,-0.57,0.13,-0.7,FALSE
17,676056c4ad585b4aeebf6154,20,female,96,unconfounded,b,1,7.612099999904558,81,32,-83,99,17,-77,10,13,-3,68.73621074,71.90734779,-3.171137055,-83,-77,-6,-0.45,-0.08,-0.37,FALSE
17,676056c4ad585b4aeebf6154,20,female,97,unconfounded,b,1,3.0013999996184566,49,31,-74,83,4,-63,2,8,-6,54.24020649,59.67132198,-5.431115489,-74,-63,-11,-0.65,0.1,-0.75,FALSE
17,676056c4ad585b4aeebf6154,20,female,98,confounded,a,0,3.745099999904596,82,64,-15,78,50,-6,43.66666667,40.66666667,3,42.1294302,34.92213561,7.207294589,-15,-6,-9,-0.61,-0.38,-0.23,FALSE
17,676056c4ad585b4aeebf6154,20,female,99,confounded,a,0,5.9358000001907385,82,63,-26,93,35,-12,39.66666667,38.66666667,1,47.07676945,42.94440851,4.132360945,-26,-12,-14,-0.62,0.13,-0.75,FALSE
17,676056c4ad585b4aeebf6154,20,female,100,unconfounded,b,1,4.902099999904635,62,50,-83,92,15,-75,9.666666667,10.66666667,-1,65.70810875,68.24628602,-2.53817727,-83,-75,-8,-0.69,-0.09,-0.6,FALSE
17,676056c4ad585b4aeebf6154,20,female,101,confounded,a,0,7.601600000381495,93,73,-18,97,48,-6,49.33333333,46.33333333,3,48.30688932,42.06608557,6.240803743,-18,-6,-12,-0.62,-0.06,-0.56,FALSE
17,676056c4ad585b4aeebf6154,20,female,102,unconfounded,b,1,7.0150000000001,49,33,-54,78,3,-44,9.333333333,12.33333333,-3,45.25728916,50.24163833,-4.98434917,-54,-44,-10,-0.64,0.27,-0.91,FALSE
17,676056c4ad585b4aeebf6154,20,female,103,confounded,a,0,6.182999999999993,55,43,-60,58,7,-54,12.66666667,3.666666667,9,51.61610429,45.78451946,5.831584831,-60,-54,-6,-0.68,-0.11,-0.57,FALSE
17,676056c4ad585b4aeebf6154,20,female,104,confounded,b,1,5.070800000190729,57,40,-94,70,21,-79,1,4,-3,67.53270812,62.00537611,5.527332014,-94,-79,-15,-0.67,-0.39,-0.28,FALSE
17,676056c4ad585b4aeebf6154,20,female,105,unconfounded,a,0,3.866700000286073,64,57,-33,97,1,-19,29.33333333,26.33333333,3,44.16886787,50.63156679,-6.46269892,-33,-19,-14,-0.69,0.63,-1.32,FALSE
17,676056c4ad585b4aeebf6154,20,female,106,unconfounded,b,1,4.908999999999992,72,62,-10,99,53,-1,41.33333333,50.33333333,-9,36.52700675,40.86835233,-4.341345579,-10,-1,-9,-0.67,-0.1,-0.57,FALSE
17,676056c4ad585b4aeebf6154,20,female,107,confounded,a,0,4.491099999904577,53,43,-8,49,31,-1,29.33333333,26.33333333,3,26.71246068,20.67741656,6.035044121,-8,-1,-7,-0.63,-0.33,-0.3,FALSE
17,676056c4ad585b4aeebf6154,20,female,108,confounded,a,0,3.9905999999047026,93,65,-15,92,30,-6,47.66666667,38.66666667,9,45.7626728,40.47495796,5.28771484,-15,-6,-9,-0.51,0.31,-0.82,FALSE
17,676056c4ad585b4aeebf6154,20,female,109,unconfounded,b,1,5.5265000000000555,55,19,-13,73,1,-4,20.33333333,23.33333333,-3,27.77688887,35.17890782,-7.402018947,-13,-4,-9,0.07,0.7,-0.63,FALSE
17,676056c4ad585b4aeebf6154,20,female,110,unconfounded,a,0,4.960099999904628,78,35,-19,87,10,-12,31.33333333,28.33333333,3,39.68486977,42.44473531,-2.759865537,-19,-12,-7,-0.14,0.57,-0.71,FALSE
17,676056c4ad585b4aeebf6154,20,female,111,unconfounded,b,1,7.235700000286101,64,23,-82,89,11,-77,1.666666667,7.666666667,-6,61.48351179,67.81019261,-6.326680822,-82,-77,-5,-0.48,-0.07,-0.41,FALSE
17,676056c4ad585b4aeebf6154,20,female,112,unconfounded,b,1,5.169099999904574,58,49,-41,85,1,-29,22,19,3,44.69899328,48.24935233,-3.55035905,-41,-29,-12,-0.69,0.51,-1.2,FALSE
17,676056c4ad585b4aeebf6154,20,female,113,confounded,b,1,4.170400000095469,65,30,-84,74,33,-69,3.666666667,12.66666667,-9,63.61516241,60.12394605,3.491216361,-84,-69,-15,-0.55,-0.47,-0.08,FALSE
17,676056c4ad585b4aeebf6154,20,female,114,unconfounded,a,0,7.085400000095319,52,25,-28,65,9,-22,16.33333333,17.33333333,-1,33.22983933,36.00308629,-2.773246953,-28,-22,-6,-0.37,0.33,-0.7,FALSE
17,676056c4ad585b4aeebf6154,20,female,115,confounded,a,0,6.433999999999969,99,45,-67,98,5,-53,25.66666667,16.66666667,9,69.13432979,62.19503374,6.939296048,-67,-53,-14,-0.4,0.27,-0.67,FALSE
17,676056c4ad585b4aeebf6154,20,female,116,unconfounded,a,0,4.693699999809269,61,53,-28,85,3,-20,28.66666667,22.66666667,6,40.20226638,45.0653846,-4.863118215,-28,-20,-8,-0.69,0.57,-1.26,FALSE
17,676056c4ad585b4aeebf6154,20,female,117,unconfounded,b,1,7.793200000286106,68,28,-25,85,2,-13,23.66666667,24.66666667,-1,38.09053542,43.09936839,-5.008832965,-25,-13,-12,-0.17,0.64,-0.81,FALSE
17,676056c4ad585b4aeebf6154,20,female,118,unconfounded,a,0,8.08540000009532,52,34,-65,75,3,-57,7,7,0,51.4392846,53.96295025,-2.523665654,-65,-57,-8,-0.64,0.11,-0.75,FALSE
17,676056c4ad585b4aeebf6154,20,female,119,unconfounded,b,1,7.177999999999997,72,34,-68,95,3,-57,12.66666667,13.66666667,-1,59.11194653,62.51044357,-3.398497045,-68,-57,-11,-0.49,0.25,-0.74,FALSE
17,676056c4ad585b4aeebf6154,20,female,120,confounded,a,0,17.841200000286108,86,80,-10,84,66,-3,52,49,3,43.9089968,37.49666652,6.412330282,-10,-3,-7,-0.7,-0.59,-0.11,FALSE
17,676056c4ad585b4aeebf6154,20,female,121,confounded,a,0,5.5070999999046535,66,52,-14,71,33,-3,34.66666667,33.66666667,1,34.88393454,30.21405118,4.669883356,-14,-3,-11,-0.62,0.03,-0.65,FALSE
17,676056c4ad585b4aeebf6154,20,female,122,confounded,b,1,6.144999999999982,81,40,-65,84,42,-52,18.66666667,24.66666667,-6,61.48351179,56.85849883,4.625012964,-65,-52,-13,-0.48,-0.43,-0.05,FALSE
17,676056c4ad585b4aeebf6154,20,female,123,confounded,b,1,11.207700000286197,58,36,-89,59,29,-74,1.666666667,4.666666667,-3,64.73707507,56.95807425,7.779000822,-89,-74,-15,-0.65,-0.56,-0.09,FALSE
17,676056c4ad585b4aeebf6154,20,female,124,confounded,b,1,5.523899999618493,67,60,-20,68,46,-10,35.66666667,34.66666667,1,39.46587837,32.83629428,6.629584088,-20,-10,-10,-0.69,-0.48,-0.21,FALSE
17,676056c4ad585b4aeebf6154,20,female,125,unconfounded,a,0,9.555800000190745,77,49,-72,97,6,-67,18,12,6,64.65807503,67.08700818,-2.42893315,-72,-67,-5,-0.61,0.13,-0.74,FALSE
17,676056c4ad585b4aeebf6154,20,female,126,unconfounded,a,0,4.944300000190651,83,22,-20,90,5,-13,28.33333333,27.33333333,1,42.28737663,44.91720779,-2.629831159,-20,-13,-7,0.22,0.62,-0.4,FALSE
17,676056c4ad585b4aeebf6154,20,female,127,confounded,b,1,4.553300000190802,37,36,-64,47,22,-51,3,6,-3,47.37791328,41.57723736,5.800675917,-64,-51,-13,-0.71,-0.52,-0.19,FALSE
17,676056c4ad585b4aeebf6154,20,female,128,unconfounded,a,0,3.2907000002860514,70,55,-15,99,30,-1,36.66666667,42.66666667,-6,37.04351795,41.7957999,-4.752281944,-15,-1,-14,-0.62,0.43,-1.05,FALSE
17,676056c4ad585b4aeebf6154,20,female,129,unconfounded,b,1,14.290299999713966,74,33,-32,94,35,-27,25,34,-9,43.64248694,49.40310382,-5.760616872,-32,-27,-5,-0.27,-0.03,-0.24,FALSE
17,676056c4ad585b4aeebf6154,20,female,130,unconfounded,b,1,3.836999999999989,61,53,-62,85,48,-54,17.33333333,26.33333333,-9,56.19213073,58.77830288,-2.586172149,-62,-54,-8,-0.7,-0.5,-0.2,FALSE
17,676056c4ad585b4aeebf6154,20,female,131,confounded,b,1,6.78509999990456,88,81,-45,99,73,-30,41.33333333,47.33333333,-6,61.11373732,55.70358058,5.410156742,-45,-30,-15,-0.7,-0.59,-0.11,FALSE
17,676056c4ad585b4aeebf6154,20,female,132,confounded,a,0,4.160599999904662,69,40,-29,65,14,-17,26.66666667,20.66666667,6,41.10420362,33.80663972,7.297563908,-29,-17,-12,-0.45,0.29,-0.74,FALSE
17,676056c4ad585b4aeebf6154,20,female,133,unconfounded,b,1,5.684400000095366,55,52,-40,92,13,-29,22.33333333,25.33333333,-3,44.09333535,50.16195991,-6.068624563,-40,-29,-11,-0.7,0.35,-1.05,FALSE
17,676056c4ad585b4aeebf6154,20,female,134,confounded,b,1,8.840199999809215,32,12,-39,37,19,-24,1.666666667,10.66666667,-9,29.89239963,25.59079696,4.301602672,-39,-24,-15,-0.48,-0.45,-0.03,FALSE
17,676056c4ad585b4aeebf6154,20,female,135,confounded,a,0,4.18259999990471,76,47,-60,74,22,-51,21,15,6,58.48646567,51.27052435,7.215941325,-60,-51,-9,-0.58,-0.2,-0.38,FALSE
17,676056c4ad585b4aeebf6154,20,female,136,confounded,a,0,4.75,80,61,-49,77,57,-42,30.66666667,30.66666667,0,56.86436103,52.02777036,4.836590669,-49,-42,-7,-0.65,-0.63,-0.02,FALSE
17,676056c4ad585b4aeebf6154,20,female,137,unconfounded,a,0,3.869400000095311,92,54,-10,99,11,-1,45.33333333,36.33333333,9,42.08985098,44.58200933,-2.492158346,-10,-1,-9,-0.3,0.67,-0.97,FALSE
17,676056c4ad585b4aeebf6154,20,female,138,confounded,b,1,8.35130000019069,74,51,-26,76,46,-14,33,36,-3,42.76291228,37.41657387,5.346338412,-26,-14,-12,-0.56,-0.38,-0.18,FALSE
17,676056c4ad585b4aeebf6154,20,female,139,unconfounded,b,1,10.005900000095266,57,55,-50,97,16,-42,20.66666667,23.66666667,-3,49.97554958,57.00487309,-7.029323509,-50,-42,-8,-0.71,0.2,-0.91,FALSE
17,676056c4ad585b4aeebf6154,20,female,140,confounded,a,0,8.67960000038147,82,65,-29,77,59,-18,39.33333333,39.33333333,0,48.81484292,41.20140235,7.613440566,-29,-18,-11,-0.64,-0.61,-0.03,FALSE
17,676056c4ad585b4aeebf6154,20,female,141,unconfounded,a,0,10.34949999999992,39,29,-22,58,1,-13,15.33333333,15.33333333,0,26.71246068,30.70649587,-3.994035195,-22,-13,-9,-0.63,0.6,-1.23,FALSE
17,676056c4ad585b4aeebf6154,20,female,142,confounded,a,0,9.33329999971386,95,77,-55,97,48,-46,39,33,6,66.87301399,59.33520596,7.537808026,-55,-46,-9,-0.67,-0.36,-0.31,FALSE
17,676056c4ad585b4aeebf6154,20,female,143,confounded,a,0,9.440499999999927,82,78,-17,89,62,-11,47.66666667,46.66666667,1,45.75538827,42.24005471,3.515333554,-17,-11,-6,-0.7,-0.5,-0.2,FALSE
17,676056c4ad585b4aeebf6154,20,female,144,confounded,b,1,7.97359999990465,60,35,-32,57,29,-20,21,22,-1,38.8415585,31.82242396,7.01913454,-32,-20,-12,-0.49,-0.32,-0.17,FALSE
17,676056c4ad585b4aeebf6154,20,female,145,unconfounded,b,1,10.5002000002861,65,38,-26,81,20,-21,25.66666667,26.66666667,-1,38.16047985,41.90730512,-3.74682527,-26,-21,-5,-0.45,0.23,-0.68,FALSE
17,676056c4ad585b4aeebf6154,20,female,146,unconfounded,a,0,5.859200000286023,63,60,-29,84,5,-22,31.33333333,22.33333333,9,42.67968551,44.97653709,-2.296851579,-29,-22,-7,-0.7,0.52,-1.22,FALSE
17,676056c4ad585b4aeebf6154,20,female,147,unconfounded,a,0,9.215499999999906,58,54,-47,89,7,-34,21.66666667,20.66666667,1,48.58211834,51.13598429,-2.553865948,-47,-34,-13,-0.7,0.38,-1.08,FALSE
17,676056c4ad585b4aeebf6154,20,female,148,confounded,b,1,9.315000000000056,85,31,-13,81,32,-1,34.33333333,37.33333333,-3,40.07770231,33.68811198,6.389590326,-13,-1,-12,0.12,0.23,-0.11,FALSE
17,676056c4ad585b4aeebf6154,20,female,149,unconfounded,a,0,5.452100000381506,77,67,-13,98,10,-4,43.66666667,34.66666667,9,40.27681991,45.14667454,-4.86985463,-13,-4,-9,-0.67,0.66,-1.33,FALSE
17,676056c4ad585b4aeebf6154,20,female,150,confounded,a,0,6.8509000000954074,81,8,-35,75,6,-24,18,19,-1,47.88179891,41.44876355,6.433035356,-35,-24,-11,0.3,0.44,-0.14,FALSE
17,676056c4ad585b4aeebf6154,20,female,151,unconfounded,a,0,12.722400000095377,57,37,-65,85,1,-54,9.666666667,10.66666667,-1,53.42492136,57.15670467,-3.731783312,-65,-54,-11,-0.63,0.25,-0.88,FALSE
17,676056c4ad585b4aeebf6154,20,female,152,unconfounded,b,1,5.246400000095264,58,40,-41,89,8,-31,19,22,-3,43.05810028,49.979996,-6.921895715,-41,-31,-10,-0.62,0.4,-1.02,FALSE
17,676056c4ad585b4aeebf6154,20,female,153,confounded,b,1,9.81569999980934,93,87,-40,99,80,-30,46.66666667,49.66666667,-3,61.33152171,56.86436103,4.467160681,-40,-30,-10,-0.7,-0.65,-0.05,FALSE
17,676056c4ad585b4aeebf6154,20,female,154,unconfounded,b,1,25.534900000095377,57,52,-69,95,11,-63,13.33333333,14.33333333,-1,58.25423208,64.54627969,-6.29204761,-69,-63,-6,-0.7,0.08,-0.78,FALSE
17,676056c4ad585b4aeebf6154,20,female,155,confounded,b,1,5.2104000000952055,77,61,-18,90,60,-3,40,49,-9,41.52910626,38.75564475,2.773461509,-18,-3,-15,-0.63,-0.4,-0.23,FALSE
17,676056c4ad585b4aeebf6154,20,female,157,unconfounded,a,0,5.880399999618703,60,51,-79,94,11,-73,10.66666667,10.66666667,0,63.51027913,68.17787194,-4.667592807,-79,-73,-6,-0.7,-0.01,-0.69,FALSE
17,676056c4ad585b4aeebf6154,20,female,158,unconfounded,a,0,8.366999999999962,64,49,-69,94,7,-60,14.66666667,13.66666667,1,59.4773533,63.04671989,-3.56936659,-69,-60,-9,-0.67,0.16,-0.83,FALSE
17,676056c4ad585b4aeebf6154,20,female,159,confounded,a,0,7.068299999713872,84,56,-46,86,24,-34,31.33333333,25.33333333,6,55.86491644,48.9988662,6.86605024,-46,-34,-12,-0.58,0.04,-0.62,FALSE
17,676056c4ad585b4aeebf6154,20,female,160,confounded,a,0,9.163900000095282,89,83,-40,98,60,-26,44,44,0,59.44745579,51.87163644,7.575819354,-40,-26,-14,-0.7,-0.43,-0.27,FALSE
17,676056c4ad585b4aeebf6154,20,female,161,unconfounded,b,1,11.974500000000036,61,18,-37,77,14,-31,14,20,-6,40.10818703,44.29446918,-4.186282153,-37,-31,-6,-0.15,0.2,-0.35,FALSE
17,676056c4ad585b4aeebf6154,20,female,162,unconfounded,a,0,9.4568999996186,61,49,-22,81,3,-14,29.33333333,23.33333333,6,36.62725154,41.36289266,-4.735641114,-22,-14,-8,-0.65,0.62,-1.27,FALSE
17,676056c4ad585b4aeebf6154,20,female,163,unconfounded,a,0,2.600800000190702,66,61,-25,89,4,-18,34,25,9,41.76920716,46.13747573,-4.368268571,-25,-18,-7,-0.7,0.59,-1.29,FALSE
17,676056c4ad585b4aeebf6154,20,female,164,unconfounded,a,0,5.043999999999869,82,49,-56,98,10,-51,25,19,6,58.83876273,61.16098975,-2.322227012,-56,-51,-5,-0.54,0.22,-0.76,FALSE
17,676056c4ad585b4aeebf6154,20,female,165,confounded,a,0,3.289599999904567,94,59,-24,99,39,-12,43,42,1,49.48400415,45.36518489,4.118819261,-24,-12,-12,-0.45,0.1,-0.55,FALSE
17,676056c4ad585b4aeebf6154,20,female,166,confounded,b,1,6.412500000000136,81,75,-12,85,53,-3,48,45,3,42.49705872,36.36848453,6.128574196,-12,-3,-9,-0.7,-0.32,-0.38,FALSE
17,676056c4ad585b4aeebf6154,20,female,167,confounded,b,1,9.44069999980934,83,79,-38,99,58,-24,41.33333333,44.33333333,-3,56.12090124,51.13598429,4.98491695,-38,-24,-14,-0.7,-0.38,-0.32,FALSE
17,676056c4ad585b4aeebf6154,20,female,168,confounded,b,1,7.131599999904665,88,64,-15,89,47,-2,45.66666667,44.66666667,1,44.00252518,37.18721405,6.815311129,-15,-2,-13,-0.55,-0.09,-0.46,FALSE
17,676056c4ad585b4aeebf6154,20,female,169,confounded,b,1,7.2409999999999854,66,64,-14,70,50,-1,38.66666667,39.66666667,-1,37.24990679,29.89239963,7.357507157,-14,-1,-13,-0.71,-0.48,-0.23,FALSE
17,676056c4ad585b4aeebf6154,20,female,170,unconfounded,a,0,5.504100000381641,76,64,-21,97,15,-11,39.66666667,33.66666667,6,43.17663977,46.02414825,-2.847508476,-21,-11,-10,-0.67,0.54,-1.21,FALSE
17,676056c4ad585b4aeebf6154,20,female,171,confounded,b,1,8.150900000095362,66,61,-21,85,54,-6,35.33333333,44.33333333,-9,39.88594851,37.77418284,2.111765679,-21,-6,-15,-0.7,-0.37,-0.33,FALSE
17,676056c4ad585b4aeebf6154,20,female,172,unconfounded,a,0,4.093900000095346,82,38,-49,98,3,-39,23.66666667,20.66666667,3,54.43242498,57.308134,-2.87570902,-49,-39,-10,-0.38,0.43,-0.81,FALSE
17,676056c4ad585b4aeebf6154,20,female,173,confounded,a,0,4.519200000286219,87,67,-40,97,42,-25,38,38,0,55.75541827,49.88653793,5.868880342,-40,-25,-15,-0.64,-0.12,-0.52,FALSE
17,676056c4ad585b4aeebf6154,20,female,174,confounded,a,0,10.915799999713954,90,19,-42,81,3,-35,22.33333333,16.33333333,6,53.94029621,48.2861839,5.654112314,-42,-35,-7,0.09,0.39,-0.3,FALSE
17,676056c4ad585b4aeebf6154,20,female,175,unconfounded,a,0,5.518200000286242,92,49,-7,99,9,-1,44.66666667,35.66666667,9,40.53256578,44.96912521,-4.436559429,-7,-1,-6,-0.16,0.68,-0.84,FALSE
17,676056c4ad585b4aeebf6154,20,female,176,unconfounded,a,0,5.202099999904476,47,39,-49,72,3,-41,12.33333333,11.33333333,1,43.49201715,46.50686927,-3.014852118,-49,-41,-8,-0.69,0.26,-0.95,FALSE
17,676056c4ad585b4aeebf6154,20,female,177,unconfounded,a,0,4.214300000190633,64,56,-58,94,9,-50,20.66666667,17.66666667,3,55.72152985,59.10630724,-3.384777389,-58,-50,-8,-0.7,0.22,-0.92,FALSE
17,676056c4ad585b4aeebf6154,20,female,178,unconfounded,a,0,3.884299999713903,52,41,-26,71,1,-14,22.33333333,19.33333333,3,34.47059939,37.04351795,-2.572918563,-26,-14,-12,-0.65,0.62,-1.27,FALSE
17,676056c4ad585b4aeebf6154,20,female,179,unconfounded,a,0,8.758599999904618,69,66,-55,96,34,-50,26.66666667,26.66666667,0,57.76004001,59.82938706,-2.069347044,-55,-50,-5,-0.71,-0.18,-0.53,FALSE
17,676056c4ad585b4aeebf6154,20,female,180,unconfounded,b,1,6.949099999904547,74,30,-33,93,7,-20,23.66666667,26.66666667,-3,43.91152721,48.18252334,-4.270996128,-33,-20,-13,-0.21,0.54,-0.75,FALSE
17,676056c4ad585b4aeebf6154,20,female,181,unconfounded,a,0,8.15930000019057,61,43,-79,96,2,-73,8.333333333,8.333333333,0,62.18967403,69.13915115,-6.949477127,-79,-73,-6,-0.66,0.14,-0.8,FALSE
17,676056c4ad585b4aeebf6154,20,female,182,unconfounded,a,0,5.717300000190789,72,70,-17,94,24,-11,41.66666667,35.66666667,6,41.49163236,43.65266951,-2.161037156,-17,-11,-6,-0.71,0.38,-1.09,FALSE
17,676056c4ad585b4aeebf6154,20,female,183,unconfounded,a,0,3.7530999999046344,78,19,-16,89,2,-7,27,28,-1,38.79003308,43.28972164,-4.49968856,-16,-7,-9,0.3,0.68,-0.38,FALSE
17,676056c4ad585b4aeebf6154,20,female,184,unconfounded,b,1,6.58929999971383,76,42,-93,97,33,-87,8.333333333,14.33333333,-6,72.9855389,76.26853145,-3.282992543,-93,-87,-6,-0.59,-0.35,-0.24,FALSE
17,676056c4ad585b4aeebf6154,20,female,185,unconfounded,a,0,6.319299999713849,76,54,-46,97,16,-38,28,25,3,53.09111665,55.47972603,-2.388609381,-46,-38,-8,-0.62,0.24,-0.86,FALSE
17,676056c4ad585b4aeebf6154,20,female,186,unconfounded,a,0,8.567800000190573,50,26,-17,66,7,-11,19.66666667,20.66666667,-1,27.71682201,32.88701196,-5.17018995,-17,-11,-6,-0.33,0.55,-0.88,FALSE
17,676056c4ad585b4aeebf6154,20,female,187,confounded,a,0,7.242300000190653,92,55,-16,86,47,-5,43.66666667,42.66666667,1,44.8131925,37.27674282,7.536449678,-16,-5,-11,-0.36,-0.17,-0.19,FALSE
17,676056c4ad585b4aeebf6154,20,female,188,unconfounded,a,0,9.341900000095391,79,56,-16,99,19,-8,39.66666667,36.66666667,3,40.46672158,45.4337124,-4.966990816,-16,-8,-8,-0.54,0.52,-1.06,FALSE
17,676056c4ad585b4aeebf6154,20,female,189,confounded,b,1,4.211100000381521,30,4,-19,23,3,-8,5,6,-1,20.01665973,12.83225104,7.184408691,-19,-8,-11,0.07,0.34,-0.27,FALSE
17,676056c4ad585b4aeebf6154,20,female,190,unconfounded,b,1,7.085000000000036,63,32,-59,96,5,-47,12,18,-6,51.77515492,59.09878735,-7.323632437,-59,-47,-12,-0.52,0.32,-0.84,FALSE
17,676056c4ad585b4aeebf6154,20,female,191,confounded,a,0,7.933200000285979,59,54,-8,62,28,-3,35,29,6,30.47403266,26.54555832,3.928474339,-8,-3,-5,-0.69,0.06,-0.75,FALSE
17,676056c4ad585b4aeebf6154,20,female,192,confounded,a,0,10.6685999999047,91,75,-12,94,55,-4,51.33333333,48.33333333,3,45.25728916,40.28509512,4.97219404,-12,-4,-8,-0.64,-0.24,-0.4,FALSE
17,676056c4ad585b4aeebf6154,20,female,193,unconfounded,a,0,5.771700000286046,73,50,-46,98,7,-31,25.66666667,24.66666667,1,51.53855084,54.12536887,-2.586818037,-46,-31,-15,-0.6,0.45,-1.05,FALSE
17,676056c4ad585b4aeebf6154,20,female,194,confounded,b,1,5.989099999904738,60,45,-95,64,47,-83,3.333333333,9.333333333,-6,69.8013053,65.65735975,4.143945558,-95,-83,-12,-0.68,-0.67,-0.01,FALSE
17,676056c4ad585b4aeebf6154,20,female,195,unconfounded,a,0,3.7686999998093142,89,46,-17,99,10,-9,39.33333333,33.33333333,6,43.53032149,47.07676945,-3.546447966,-17,-9,-8,-0.23,0.62,-0.85,FALSE
17,676056c4ad585b4aeebf6154,20,female,196,unconfounded,b,1,6.983500000000049,57,33,-78,87,14,-71,4,10,-6,58.80476171,64.56521251,-5.7604508,-78,-71,-7,-0.62,-0.09,-0.53,FALSE
17,676056c4ad585b4aeebf6154,20,female,197,unconfounded,a,0,6.1535999999046,74,46,-44,87,1,-39,25.33333333,16.33333333,9,50.34105901,52.56953068,-2.228471667,-44,-39,-5,-0.55,0.41,-0.96,FALSE
17,676056c4ad585b4aeebf6154,20,female,198,confounded,a,0,6.292599999904496,60,35,-17,52,7,-8,26,17,9,32.07283378,25.49509757,6.577736212,-17,-8,-9,-0.4,0.53,-0.93,FALSE
17,676056c4ad585b4aeebf6154,20,female,199,confounded,b,1,8.067400000095404,65,62,-49,72,57,-42,26,29,-3,53.04714884,50.57667447,2.470474374,-49,-42,-7,-0.71,-0.66,-0.05,FALSE
17,676056c4ad585b4aeebf6154,20,female,200,confounded,b,1,4.2719999999999345,39,30,-45,49,34,-32,8,17,-9,37.65634077,35.18522417,2.471116596,-45,-32,-13,-0.68,-0.61,-0.07,FALSE
17,676056c4ad585b4aeebf6154,20,female,201,confounded,a,0,5.523700000285999,67,65,-84,92,13,-75,16,10,6,70.71539201,68.21045863,2.504933376,-84,-75,-9,-0.71,-0.07,-0.64,FALSE
17,676056c4ad585b4aeebf6154,20,female,202,unconfounded,b,1,12.499000000000024,60,27,-47,80,4,-41,13.33333333,14.33333333,-1,44.73874781,49.93551397,-5.196766162,-47,-41,-6,-0.43,0.3,-0.73,FALSE
17,676056c4ad585b4aeebf6154,20,female,203,confounded,b,1,8.499299999713912,96,51,-91,99,54,-79,18.66666667,24.66666667,-6,79.69246444,75.57042337,4.122041069,-91,-79,-12,-0.54,-0.52,-0.02,FALSE
17,676056c4ad585b4aeebf6154,20,female,204,confounded,a,0,4.891100000381584,81,74,-67,96,32,-58,29.33333333,23.33333333,6,68.17787194,63.16820579,5.009666154,-67,-58,-9,-0.7,-0.2,-0.5,FALSE
17,676056c4ad585b4aeebf6154,20,female,205,unconfounded,b,1,11.36200000000008,61,50,-88,94,11,-82,7.666666667,7.666666667,0,67.79544396,71.8903486,-4.094904639,-88,-82,-6,-0.69,-0.07,-0.62,FALSE
17,676056c4ad585b4aeebf6154,20,female,206,confounded,a,0,8.750900000095271,81,78,-44,94,63,-33,38.33333333,41.33333333,-3,58.2313394,54.06374838,4.167591025,-44,-33,-11,-0.71,-0.54,-0.17,FALSE
17,676056c4ad585b4aeebf6154,20,female,207,unconfounded,a,0,9.609000000000153,56,39,-78,85,2,-70,5.666666667,5.666666667,0,59.56695579,63.33157892,-3.764623132,-78,-70,-8,-0.66,0.09,-0.75,FALSE
17,676056c4ad585b4aeebf6154,20,female,208,unconfounded,a,0,3.0364000000954547,81,51,-42,96,4,-37,30,21,9,52.36410985,55.61174936,-3.247639512,-42,-37,-5,-0.54,0.43,-0.97,FALSE
17,676056c4ad585b4aeebf6154,20,female,209,unconfounded,a,0,6.850599999904716,83,40,-8,91,7,-1,38.33333333,32.33333333,6,37.16928242,41.61196409,-4.442681672,-8,-1,-7,-0.07,0.69,-0.76,FALSE
17,676056c4ad585b4aeebf6154,20,female,210,confounded,b,1,11.91209999990474,49,11,-37,57,15,-22,7.666666667,16.66666667,-9,35.18838192,32.27313985,2.915242074,-37,-22,-15,-0.14,0.08,-0.22,FALSE
17,676056c4ad585b4aeebf6154,20,female,211,unconfounded,b,1,12.572700000286204,55,22,-21,66,6,-16,18.66666667,18.66666667,0,31.11626941,34.65384378,-3.537574369,-21,-16,-5,-0.16,0.5,-0.66,FALSE
17,676056c4ad585b4aeebf6154,20,female,212,confounded,b,1,18.231100000381502,57,2,-48,64,9,-35,3.666666667,12.66666667,-9,42.88226777,40.49965706,2.382610705,-48,-35,-13,0.06,0.14,-0.08,FALSE
17,676056c4ad585b4aeebf6154,20,female,213,confounded,a,0,3.552500000000009,99,63,-12,93,52,-4,50,47,3,46.23851209,39.75759885,6.480913232,-12,-4,-8,-0.4,-0.19,-0.21,FALSE
17,676056c4ad585b4aeebf6154,20,female,214,unconfounded,b,1,5.224400000095329,75,26,-42,94,6,-32,19.66666667,22.66666667,-3,47.97453028,52.77204647,-4.797516193,-42,-32,-10,-0.2,0.44,-0.64,FALSE
17,676056c4ad585b4aeebf6154,20,female,215,unconfounded,a,0,2.4037999997140105,72,70,-34,99,2,-20,36,27,9,49.50420858,51.69784006,-2.193631483,-34,-20,-14,-0.71,0.61,-1.32,FALSE
17,676056c4ad585b4aeebf6154,20,female,216,confounded,a,0,3.4981999998092306,98,40,-65,99,32,-55,24.33333333,25.33333333,-1,67.46027638,63.04671989,4.413556487,-65,-55,-10,-0.34,-0.16,-0.18,FALSE
17,676056c4ad585b4aeebf6154,20,female,217,confounded,a,0,6.935599999904525,67,16,-14,66,5,-2,23,23,0,33.43650699,30.53959179,2.896915205,-14,-2,-12,0.3,0.68,-0.38,FALSE
17,676056c4ad585b4aeebf6154,20,female,218,confounded,b,1,9.259400000095413,82,74,-71,84,63,-59,28.33333333,29.33333333,-1,70.31516353,63.04671989,7.26844364,-71,-59,-12,-0.7,-0.65,-0.05,FALSE
17,676056c4ad585b4aeebf6154,20,female,219,unconfounded,a,0,4.843199999809258,80,31,-38,94,5,-26,24.33333333,24.33333333,0,48.40339749,50.86146762,-2.458070131,-38,-26,-12,-0.2,0.52,-0.72,FALSE
18,67605b46477e62eda732c8a3,27,female,0,unconfounded,b,1,6.957199999999233,58,49,-41,85,1,-29,22,19,3,44.69899328,48.24935233,-3.55035905,-41,-29,-12,-0.69,0.51,-1.2,FALSE
18,67605b46477e62eda732c8a3,27,female,1,confounded,b,1,4.62269999999927,97,65,-14,96,44,-1,49.33333333,46.33333333,3,46.64999702,39.63444069,7.015556332,-14,-1,-13,-0.47,0.09,-0.56,FALSE
18,67605b46477e62eda732c8a3,27,female,2,confounded,a,0,5.594099999999628,79,45,-35,80,2,-20,29.66666667,20.66666667,9,47.7865625,42.90558109,4.880981407,-35,-20,-15,-0.45,0.57,-1.02,FALSE
18,67605b46477e62eda732c8a3,27,female,3,unconfounded,b,1,4.028599999999642,77,67,-13,98,10,-4,43.66666667,34.66666667,9,40.27681991,45.14667454,-4.86985463,-13,-4,-9,-0.67,0.66,-1.33,FALSE
18,67605b46477e62eda732c8a3,27,female,4,unconfounded,b,1,2.8287999999988926,45,38,-33,83,15,-21,16.66666667,25.66666667,-9,35.23571421,43.12256434,-7.886850138,-33,-21,-12,-0.69,0.36,-1.05,FALSE
18,67605b46477e62eda732c8a3,27,female,5,confounded,b,1,4.927899999998516,39,30,-45,49,34,-32,8,17,-9,37.65634077,35.18522417,2.471116596,-45,-32,-13,-0.68,-0.61,-0.07,FALSE
18,67605b46477e62eda732c8a3,27,female,6,unconfounded,a,0,3.579299999998881,61,43,-79,96,2,-73,8.333333333,8.333333333,0,62.18967403,69.13915115,-6.949477127,-79,-73,-6,-0.66,0.14,-0.8,FALSE
18,67605b46477e62eda732c8a3,27,female,7,confounded,b,1,4.961500000000001,67,16,-14,66,5,-2,23,23,0,33.43650699,30.53959179,2.896915205,-14,-2,-12,0.3,0.68,-0.38,FALSE
18,67605b46477e62eda732c8a3,27,female,8,confounded,b,1,2.6607999999988863,83,50,-11,85,29,-1,40.66666667,37.66666667,3,38.93869826,35.64017708,3.298521182,-11,-1,-10,-0.35,0.35,-0.7,FALSE
18,67605b46477e62eda732c8a3,27,female,9,confounded,b,1,2.8775999999996316,82,64,-15,78,50,-6,43.66666667,40.66666667,3,42.1294302,34.92213561,7.207294589,-15,-6,-9,-0.61,-0.38,-0.23,FALSE
18,67605b46477e62eda732c8a3,27,female,10,confounded,b,1,3.3770000000000095,67,51,-70,80,45,-59,16,22,-6,61.16098975,59.03106527,2.129924478,-70,-59,-11,-0.67,-0.53,-0.14,FALSE
18,67605b46477e62eda732c8a3,27,female,11,unconfounded,b,1,5.245599999999627,83,22,-20,90,5,-13,28.33333333,27.33333333,1,42.28737663,44.91720779,-2.629831159,-20,-13,-7,0.22,0.62,-0.4,FALSE
18,67605b46477e62eda732c8a3,27,female,12,confounded,b,1,2.445799999998883,83,79,-38,99,58,-24,41.33333333,44.33333333,-3,56.12090124,51.13598429,4.98491695,-38,-24,-14,-0.7,-0.38,-0.32,FALSE
18,67605b46477e62eda732c8a3,27,female,13,confounded,b,1,1.779500000000013,93,65,-15,92,30,-6,47.66666667,38.66666667,9,45.7626728,40.47495796,5.28771484,-15,-6,-9,-0.51,0.31,-0.82,FALSE
18,67605b46477e62eda732c8a3,27,female,14,confounded,b,1,2.645099999999644,95,89,-13,98,73,-3,57,56,1,49.55804677,42.94958285,6.608463927,-13,-3,-10,-0.7,-0.53,-0.17,FALSE
18,67605b46477e62eda732c8a3,27,female,15,unconfounded,b,1,3.3287999999988926,57,33,-78,87,14,-71,4,10,-6,58.80476171,64.56521251,-5.7604508,-78,-71,-7,-0.62,-0.09,-0.53,FALSE
18,67605b46477e62eda732c8a3,27,female,16,unconfounded,a,0,3.178800000000763,56,39,-78,85,2,-70,5.666666667,5.666666667,0,59.56695579,63.33157892,-3.764623132,-78,-70,-8,-0.66,0.09,-0.75,FALSE
18,67605b46477e62eda732c8a3,27,female,17,confounded,b,1,2.9278000000007296,73,68,-84,83,63,-71,19,25,-6,72.86059749,68.37153404,4.489063453,-84,-71,-13,-0.7,-0.66,-0.04,FALSE
18,67605b46477e62eda732c8a3,27,female,18,unconfounded,b,1,1.9453999999984717,78,35,-19,87,10,-12,31.33333333,28.33333333,3,39.68486977,42.44473531,-2.759865537,-19,-12,-7,-0.14,0.57,-0.71,FALSE
18,67605b46477e62eda732c8a3,27,female,19,confounded,a,0,3.479099999999619,79,76,-68,85,37,-62,29,20,9,68.60029154,61.20457499,7.395716552,-68,-62,-6,-0.71,-0.4,-0.31,FALSE
18,67605b46477e62eda732c8a3,27,female,20,confounded,b,1,2.1620999999996684,61,33,-71,68,40,-58,7.666666667,16.66666667,-9,56.78810517,54.02057221,2.767532958,-71,-58,-13,-0.58,-0.57,-0.01,FALSE
18,67605b46477e62eda732c8a3,27,female,21,unconfounded,b,1,1.712099999999623,63,43,-58,93,3,-51,16,15,1,52.95910372,59.39696962,-6.437865901,-58,-51,-7,-0.63,0.29,-0.92,FALSE
18,67605b46477e62eda732c8a3,27,female,22,confounded,b,1,1.6957000000011249,99,63,-12,93,52,-4,50,47,3,46.23851209,39.75759885,6.480913232,-12,-4,-8,-0.4,-0.19,-0.21,FALSE
18,67605b46477e62eda732c8a3,27,female,23,unconfounded,a,0,2.912999999999954,76,48,-37,99,1,-31,29,23,6,48.04858652,55.30521374,-7.256627218,-37,-31,-6,-0.53,0.53,-1.06,FALSE
18,67605b46477e62eda732c8a3,27,female,24,confounded,b,1,3.39440000000036,69,48,-67,68,45,-60,16.66666667,17.66666667,-1,59.77922344,55.7155474,4.063676043,-67,-60,-7,-0.64,-0.62,-0.02,FALSE
18,67605b46477e62eda732c8a3,27,female,25,unconfounded,b,1,2.5284000000003175,58,40,-41,89,8,-31,19,22,-3,43.05810028,49.979996,-6.921895715,-41,-31,-10,-0.62,0.4,-1.02,FALSE
18,67605b46477e62eda732c8a3,27,female,26,confounded,b,1,1.9952000000010912,81,75,-12,85,53,-3,48,45,3,42.49705872,36.36848453,6.128574196,-12,-3,-9,-0.7,-0.32,-0.38,FALSE
18,67605b46477e62eda732c8a3,27,female,27,confounded,b,1,2.2286000000015065,53,43,-8,49,31,-1,29.33333333,26.33333333,3,26.71246068,20.67741656,6.035044121,-8,-1,-7,-0.63,-0.33,-0.3,FALSE
18,67605b46477e62eda732c8a3,27,female,28,confounded,b,1,2.229400000000396,95,75,-28,96,64,-15,47.33333333,48.33333333,-1,53.89083616,46.64999702,7.240839139,-28,-15,-13,-0.63,-0.47,-0.16,FALSE
18,67605b46477e62eda732c8a3,27,female,29,confounded,a,0,3.928699999999253,59,54,-8,62,28,-3,35,29,6,30.47403266,26.54555832,3.928474339,-8,-3,-5,-0.69,0.06,-0.75,FALSE
18,67605b46477e62eda732c8a3,27,female,30,unconfounded,b,1,2.8110999999996125,72,70,-34,99,2,-20,36,27,9,49.50420858,51.69784006,-2.193631483,-34,-20,-14,-0.71,0.61,-1.32,FALSE
18,67605b46477e62eda732c8a3,27,female,31,confounded,b,1,2.3461999999992713,78,18,-86,77,22,-71,3.333333333,9.333333333,-6,67.75117875,61.08100268,6.670176067,-86,-71,-15,-0.31,-0.3,-0.01,FALSE
18,67605b46477e62eda732c8a3,27,female,32,confounded,b,1,2.3279000000003407,76,47,-60,74,22,-51,21,15,6,58.48646567,51.27052435,7.215941325,-60,-51,-9,-0.58,-0.2,-0.38,FALSE
18,67605b46477e62eda732c8a3,27,female,33,confounded,b,1,5.4780999999996425,99,38,-35,87,15,-27,34,25,9,54.77834122,47.07440918,7.703932035,-35,-27,-8,-0.11,0.31,-0.42,FALSE
18,67605b46477e62eda732c8a3,27,female,34,confounded,b,1,2.2116000000015106,32,12,-39,37,19,-24,1.666666667,10.66666667,-9,29.89239963,25.59079696,4.301602672,-39,-24,-15,-0.48,-0.45,-0.03,FALSE
18,67605b46477e62eda732c8a3,27,female,35,confounded,b,1,1.311800000000744,91,40,-37,81,27,-32,31.33333333,25.33333333,6,52.61389761,46.14710777,6.466789845,-37,-32,-5,-0.24,-0.05,-0.19,FALSE
18,67605b46477e62eda732c8a3,27,female,36,unconfounded,b,1,1.0447999999988724,74,36,-41,90,6,-30,23,22,1,47.84001115,50.27922036,-2.439209212,-41,-30,-11,-0.39,0.45,-0.84,FALSE
18,67605b46477e62eda732c8a3,27,female,37,unconfounded,b,1,2.579400000000362,50,24,-56,83,8,-46,6,15,-9,45.10727953,52.89612462,-7.788845091,-56,-46,-10,-0.54,0.2,-0.74,FALSE
18,67605b46477e62eda732c8a3,27,female,38,confounded,b,1,2.095699999999283,82,78,-17,89,62,-11,47.66666667,46.66666667,1,45.75538827,42.24005471,3.515333554,-17,-11,-6,-0.7,-0.5,-0.2,FALSE
18,67605b46477e62eda732c8a3,27,female,39,unconfounded,b,1,2.627900000000352,58,54,-47,89,7,-34,21.66666667,20.66666667,1,48.58211834,51.13598429,-2.553865948,-47,-34,-13,-0.7,0.38,-1.08,FALSE
18,67605b46477e62eda732c8a3,27,female,40,unconfounded,b,1,7.678099999999631,76,42,-93,97,33,-87,8.333333333,14.33333333,-6,72.9855389,76.26853145,-3.282992543,-93,-87,-6,-0.59,-0.35,-0.24,FALSE
18,67605b46477e62eda732c8a3,27,female,41,unconfounded,b,1,1.5451000000014687,57,37,-65,85,1,-54,9.666666667,10.66666667,-1,53.42492136,57.15670467,-3.731783312,-65,-54,-11,-0.63,0.25,-0.88,FALSE
18,67605b46477e62eda732c8a3,27,female,42,unconfounded,b,1,4.362800000000789,77,49,-72,97,6,-67,18,12,6,64.65807503,67.08700818,-2.42893315,-72,-67,-5,-0.61,0.13,-0.74,FALSE
18,67605b46477e62eda732c8a3,27,female,43,unconfounded,b,1,2.6293999999985544,69,32,-47,87,24,-39,18,24,-6,48.38043682,51.4392846,-3.058847781,-47,-39,-8,-0.41,0,-0.41,FALSE
18,67605b46477e62eda732c8a3,27,female,44,confounded,b,1,1.6973000000007232,66,61,-21,85,54,-6,35.33333333,44.33333333,-9,39.88594851,37.77418284,2.111765679,-21,-6,-15,-0.7,-0.37,-0.33,FALSE
18,67605b46477e62eda732c8a3,27,female,45,confounded,b,1,1.546699999999305,84,54,-18,91,30,-4,40,39,1,42.80186912,39.3022476,3.499621515,-18,-4,-14,-0.46,0.33,-0.79,FALSE
18,67605b46477e62eda732c8a3,27,female,46,unconfounded,b,1,4.395599999999661,52,41,-26,71,1,-14,22.33333333,19.33333333,3,34.47059939,37.04351795,-2.572918563,-26,-14,-12,-0.65,0.62,-1.27,FALSE
18,67605b46477e62eda732c8a3,27,female,47,confounded,b,1,1.5446999999992386,69,40,-29,65,14,-17,26.66666667,20.66666667,6,41.10420362,33.80663972,7.297563908,-29,-17,-12,-0.45,0.29,-0.74,FALSE
18,67605b46477e62eda732c8a3,27,female,48,unconfounded,a,0,3.0632999999988897,79,56,-16,99,19,-8,39.66666667,36.66666667,3,40.46672158,45.4337124,-4.966990816,-16,-8,-8,-0.54,0.52,-1.06,FALSE
18,67605b46477e62eda732c8a3,27,female,49,confounded,b,1,2.6300999999996293,88,81,-45,99,73,-30,41.33333333,47.33333333,-6,61.11373732,55.70358058,5.410156742,-45,-30,-15,-0.7,-0.59,-0.11,FALSE
18,67605b46477e62eda732c8a3,27,female,50,confounded,b,1,1.5965999999996257,84,74,-73,96,33,-62,28.33333333,22.33333333,6,71.76969339,64.9427098,6.826983592,-73,-62,-11,-0.7,-0.24,-0.46,FALSE
18,67605b46477e62eda732c8a3,27,female,51,unconfounded,b,1,3.9962999999988824,71,45,-35,95,9,-23,27,27,0,45.10727953,49.82636518,-4.719085645,-35,-23,-12,-0.54,0.49,-1.03,FALSE
18,67605b46477e62eda732c8a3,27,female,52,confounded,b,1,3.311499999999967,81,8,-35,75,6,-24,18,19,-1,47.88179891,41.44876355,6.433035356,-35,-24,-11,0.3,0.44,-0.14,FALSE
18,67605b46477e62eda732c8a3,27,female,53,unconfounded,b,1,1.9939000000003944,47,39,-49,72,3,-41,12.33333333,11.33333333,1,43.49201715,46.50686927,-3.014852118,-49,-41,-8,-0.69,0.26,-0.95,FALSE
18,67605b46477e62eda732c8a3,27,female,54,confounded,b,1,5.8466999999992595,80,54,-23,85,21,-13,37,31,6,43.73404471,40.62839729,3.105647416,-23,-13,-10,-0.52,0.35,-0.87,FALSE
18,67605b46477e62eda732c8a3,27,female,55,confounded,b,1,1.7309999999999943,57,56,-92,65,49,-84,7,10,-3,70.00476174,66.78822251,3.216539228,-92,-84,-8,-0.71,-0.68,-0.03,FALSE
18,67605b46477e62eda732c8a3,27,female,56,unconfounded,b,1,2.0797999999988974,81,32,-83,99,17,-77,10,13,-3,68.73621074,71.90734779,-3.171137055,-83,-77,-6,-0.45,-0.08,-0.37,FALSE
18,67605b46477e62eda732c8a3,27,female,57,confounded,b,1,1.628599999999608,42,40,-31,59,28,-18,17,23,-6,33.950945,31.63331577,2.317629233,-31,-18,-13,-0.71,-0.23,-0.48,FALSE
18,67605b46477e62eda732c8a3,27,female,58,unconfounded,b,1,1.0623999999984903,70,16,-49,84,3,-41,12.33333333,15.33333333,-3,48.65068231,51.77086268,-3.12018037,-49,-41,-8,-0.11,0.34,-0.45,FALSE
18,67605b46477e62eda732c8a3,27,female,59,confounded,b,1,1.3618000000007555,75,56,-40,78,43,-30,30.33333333,30.33333333,0,50.33443707,44.99135719,5.343079879,-40,-30,-10,-0.63,-0.4,-0.23,FALSE
18,67605b46477e62eda732c8a3,27,female,60,unconfounded,b,1,1.5609000000003448,51,48,-71,84,26,-64,9.333333333,15.33333333,-6,56.81744646,60.88969991,-4.072253454,-71,-64,-7,-0.71,-0.26,-0.45,FALSE
18,67605b46477e62eda732c8a3,27,female,61,confounded,b,1,1.694600000001515,60,35,-32,57,29,-20,21,22,-1,38.8415585,31.82242396,7.01913454,-32,-20,-12,-0.49,-0.32,-0.17,FALSE
18,67605b46477e62eda732c8a3,27,female,62,confounded,b,1,1.5965999999996257,81,40,-65,84,42,-52,18.66666667,24.66666667,-6,61.48351179,56.85849883,4.625012964,-65,-52,-13,-0.48,-0.43,-0.05,FALSE
18,67605b46477e62eda732c8a3,27,female,63,unconfounded,b,1,2.3273000000007187,89,46,-17,99,10,-9,39.33333333,33.33333333,6,43.53032149,47.07676945,-3.546447966,-17,-9,-8,-0.23,0.62,-0.85,FALSE
18,67605b46477e62eda732c8a3,27,female,64,confounded,b,1,1.9963000000007585,82,57,-23,90,38,-9,38.66666667,39.66666667,-1,44.78342948,40.43375927,4.349670203,-23,-9,-14,-0.55,0.06,-0.61,FALSE
18,67605b46477e62eda732c8a3,27,female,65,confounded,b,1,1.3941000000015151,67,65,-84,92,13,-75,16,10,6,70.71539201,68.21045863,2.504933376,-84,-75,-9,-0.71,-0.07,-0.64,FALSE
18,67605b46477e62eda732c8a3,27,female,66,unconfounded,b,1,4.313499999999976,70,41,-47,93,2,-40,21.33333333,18.33333333,3,49.74825513,55.51176052,-5.763505382,-47,-40,-7,-0.53,0.42,-0.95,FALSE
18,67605b46477e62eda732c8a3,27,female,67,confounded,b,1,3.4954999999999927,88,64,-15,89,47,-2,45.66666667,44.66666667,1,44.00252518,37.18721405,6.815311129,-15,-2,-13,-0.55,-0.09,-0.46,FALSE
18,67605b46477e62eda732c8a3,27,female,68,confounded,b,1,2.2110999999996466,86,80,-10,84,66,-3,52,49,3,43.9089968,37.49666652,6.412330282,-10,-3,-7,-0.7,-0.59,-0.11,FALSE
18,67605b46477e62eda732c8a3,27,female,69,unconfounded,b,1,4.061599999999601,63,60,-29,84,5,-22,31.33333333,22.33333333,9,42.67968551,44.97653709,-2.296851579,-29,-22,-7,-0.7,0.52,-1.22,FALSE
18,67605b46477e62eda732c8a3,27,female,70,unconfounded,b,1,2.3953999999984603,76,64,-21,97,15,-11,39.66666667,33.66666667,6,43.17663977,46.02414825,-2.847508476,-21,-11,-10,-0.67,0.54,-1.21,FALSE
18,67605b46477e62eda732c8a3,27,female,71,unconfounded,b,1,2.428099999999631,63,45,-19,81,8,-9,29.66666667,26.66666667,3,35.18838192,39.04128869,-3.852906764,-19,-9,-10,-0.57,0.61,-1.18,FALSE
18,67605b46477e62eda732c8a3,27,female,72,unconfounded,a,0,4.579900000000407,64,56,-58,94,9,-50,20.66666667,17.66666667,3,55.72152985,59.10630724,-3.384777389,-58,-50,-8,-0.7,0.22,-0.92,FALSE
18,67605b46477e62eda732c8a3,27,female,73,confounded,b,1,2.611599999999669,49,11,-37,57,15,-22,7.666666667,16.66666667,-9,35.18838192,32.27313985,2.915242074,-37,-22,-15,-0.14,0.08,-0.22,FALSE
18,67605b46477e62eda732c8a3,27,female,74,unconfounded,b,1,1.6797000000011622,57,55,-50,97,16,-42,20.66666667,23.66666667,-3,49.97554958,57.00487309,-7.029323509,-50,-42,-8,-0.71,0.2,-0.91,FALSE
18,67605b46477e62eda732c8a3,27,female,75,unconfounded,a,0,7.494199999999296,55,22,-21,66,6,-16,18.66666667,18.66666667,0,31.11626941,34.65384378,-3.537574369,-21,-16,-5,-0.16,0.5,-0.66,FALSE
18,67605b46477e62eda732c8a3,27,female,76,unconfounded,b,1,2.295099999999593,78,19,-16,89,2,-7,27,28,-1,38.79003308,43.28972164,-4.49968856,-16,-7,-9,0.3,0.68,-0.38,FALSE
18,67605b46477e62eda732c8a3,27,female,77,unconfounded,b,1,1.3960999999996488,81,51,-42,96,4,-37,30,21,9,52.36410985,55.61174936,-3.247639512,-42,-37,-5,-0.54,0.43,-0.97,FALSE
18,67605b46477e62eda732c8a3,27,female,78,unconfounded,b,1,1.3444000000004053,63,47,-21,91,15,-14,29.66666667,30.66666667,-1,36.41733409,44.27439692,-7.857062825,-21,-14,-7,-0.61,0.49,-1.1,FALSE
18,67605b46477e62eda732c8a3,27,female,79,confounded,b,1,1.1789999999999736,89,67,-17,87,61,-12,46.33333333,45.33333333,1,45.67518169,41.90730512,3.76787657,-17,-12,-5,-0.59,-0.51,-0.08,FALSE
18,67605b46477e62eda732c8a3,27,female,80,confounded,b,1,1.6299000000003616,82,74,-71,84,63,-59,28.33333333,29.33333333,-1,70.31516353,63.04671989,7.26844364,-71,-59,-12,-0.7,-0.65,-0.05,FALSE
18,67605b46477e62eda732c8a3,27,female,81,unconfounded,b,1,2.264000000000067,74,30,-33,93,7,-20,23.66666667,26.66666667,-3,43.91152721,48.18252334,-4.270996128,-33,-20,-13,-0.21,0.54,-0.75,FALSE
18,67605b46477e62eda732c8a3,27,female,82,unconfounded,b,1,3.7789000000003625,63,32,-59,96,5,-47,12,18,-6,51.77515492,59.09878735,-7.323632437,-59,-47,-12,-0.52,0.32,-0.84,FALSE
18,67605b46477e62eda732c8a3,27,female,83,confounded,b,1,1.9610999999996463,89,83,-40,98,60,-26,44,44,0,59.44745579,51.87163644,7.575819354,-40,-26,-14,-0.7,-0.43,-0.27,FALSE
18,67605b46477e62eda732c8a3,27,female,84,confounded,b,1,1.9943000000007487,87,69,-31,91,47,-16,41.66666667,40.66666667,1,51.90589776,43.91152721,7.994370546,-31,-16,-15,-0.64,-0.21,-0.43,FALSE
18,67605b46477e62eda732c8a3,27,female,85,confounded,b,1,1.5953000000007478,81,78,-44,94,63,-33,38.33333333,41.33333333,-3,58.2313394,54.06374838,4.167591025,-44,-33,-11,-0.71,-0.54,-0.17,FALSE
18,67605b46477e62eda732c8a3,27,female,86,confounded,b,1,2.2621999999992113,77,61,-18,90,60,-3,40,49,-9,41.52910626,38.75564475,2.773461509,-18,-3,-15,-0.63,-0.4,-0.23,FALSE
18,67605b46477e62eda732c8a3,27,female,87,confounded,b,1,2.4785999999996875,67,34,-59,77,37,-45,14,23,-9,53.34791467,50.78057371,2.56734096,-59,-45,-14,-0.51,-0.39,-0.12,FALSE
18,67605b46477e62eda732c8a3,27,female,88,unconfounded,b,1,1.744899999998438,62,50,-83,92,15,-75,9.666666667,10.66666667,-1,65.70810875,68.24628602,-2.53817727,-83,-75,-8,-0.69,-0.09,-0.6,FALSE
18,67605b46477e62eda732c8a3,27,female,89,confounded,b,1,1.26110000000142,85,77,-20,97,78,-6,47.33333333,56.33333333,-9,47.72374205,44.75364665,2.970095399,-20,-6,-14,-0.69,-0.61,-0.08,FALSE
18,67605b46477e62eda732c8a3,27,female,90,confounded,b,1,0.9791999999991958,74,69,-25,82,49,-13,39.33333333,39.33333333,0,45.5363103,39.38132665,6.154983646,-25,-13,-12,-0.7,-0.35,-0.35,FALSE
18,67605b46477e62eda732c8a3,27,female,91,unconfounded,b,1,1.5289999999999964,65,10,-62,90,1,-51,4.333333333,13.33333333,-9,52.00213671,58.21988969,-6.217752982,-62,-51,-11,-0.16,0.31,-0.47,FALSE
18,67605b46477e62eda732c8a3,27,female,92,confounded,b,1,1.4952000000010912,84,56,-46,86,24,-34,31.33333333,25.33333333,6,55.86491644,48.9988662,6.86605024,-46,-34,-12,-0.58,0.04,-0.62,FALSE
18,67605b46477e62eda732c8a3,27,female,93,unconfounded,b,1,2.66139999999848,68,22,-72,90,16,-61,6,15,-9,58.26376804,61.64954717,-3.385779129,-72,-61,-11,-0.39,-0.02,-0.37,FALSE
18,67605b46477e62eda732c8a3,27,female,94,unconfounded,b,1,1.2449000000003707,79,53,-16,96,9,-7,38.66666667,32.66666667,6,40.08601862,45.25728916,-5.17127054,-16,-7,-9,-0.49,0.64,-1.13,FALSE
18,67605b46477e62eda732c8a3,27,female,95,unconfounded,b,1,1.1124999999999543,49,33,-54,78,3,-44,9.333333333,12.33333333,-3,45.25728916,50.24163833,-4.98434917,-54,-44,-10,-0.64,0.27,-0.91,FALSE
18,67605b46477e62eda732c8a3,27,female,96,confounded,b,1,1.362099999999714,65,54,-20,73,59,-6,33,42,-9,37.74475681,34.41898701,3.325769802,-20,-6,-14,-0.66,-0.62,-0.04,FALSE
18,67605b46477e62eda732c8a3,27,female,98,unconfounded,b,1,2.062999999999988,58,28,-19,71,11,-12,22.33333333,23.33333333,-1,31.68946548,34.98888712,-3.299421648,-19,-12,-7,-0.26,0.48,-0.74,FALSE
18,67605b46477e62eda732c8a3,27,female,99,confounded,b,1,1.9944000000002688,74,51,-26,76,46,-14,33,36,-3,42.76291228,37.41657387,5.346338412,-26,-14,-12,-0.56,-0.38,-0.18,FALSE
18,67605b46477e62eda732c8a3,27,female,101,confounded,b,1,1.311800000000744,88,55,-57,98,39,-42,28.66666667,31.66666667,-3,62.05553069,57.38950736,4.666023323,-57,-42,-15,-0.56,-0.19,-0.37,FALSE
18,67605b46477e62eda732c8a3,27,female,103,confounded,b,1,1.045599999999581,76,27,-21,72,4,-12,27.33333333,21.33333333,6,39.60078563,36.41733409,3.183451536,-21,-12,-9,0.01,0.61,-0.6,FALSE
18,67605b46477e62eda732c8a3,27,female,104,confounded,b,1,1.327300000000719,78,64,-50,80,54,-42,30.66666667,30.66666667,0,57.32558087,52.46797965,4.857601218,-50,-42,-8,-0.68,-0.58,-0.1,FALSE
18,67605b46477e62eda732c8a3,27,female,105,unconfounded,b,1,1.6269999999999527,52,34,-65,75,3,-57,7,7,0,51.4392846,53.96295025,-2.523665654,-65,-57,-8,-0.64,0.11,-0.75,FALSE
18,67605b46477e62eda732c8a3,27,female,106,unconfounded,b,1,0.9279999999999972,67,35,-44,90,1,-33,19.33333333,19.33333333,0,46.64999702,51.86092513,-5.210928109,-44,-33,-11,-0.47,0.49,-0.96,FALSE
18,67605b46477e62eda732c8a3,27,female,107,confounded,b,1,1.2280999999995856,57,2,-48,64,9,-35,3.666666667,12.66666667,-9,42.88226777,40.49965706,2.382610705,-48,-35,-13,0.06,0.14,-0.08,FALSE
18,67605b46477e62eda732c8a3,27,female,108,unconfounded,b,1,1.6625999999996566,70,60,-28,92,11,-19,34,28,6,44.0302926,46.88283268,-2.852540076,-28,-19,-9,-0.68,0.5,-1.18,FALSE
18,67605b46477e62eda732c8a3,27,female,109,confounded,b,1,1.976699999999255,60,45,-95,64,47,-83,3.333333333,9.333333333,-6,69.8013053,65.65735975,4.143945558,-95,-83,-12,-0.68,-0.67,-0.01,FALSE
18,67605b46477e62eda732c8a3,27,female,110,unconfounded,b,1,1.5464000000004037,82,38,-49,98,3,-39,23.66666667,20.66666667,3,54.43242498,57.308134,-2.87570902,-49,-39,-10,-0.38,0.43,-0.81,FALSE
18,67605b46477e62eda732c8a3,27,female,111,unconfounded,b,1,4.558900000000335,52,47,-90,84,32,-80,3,12,-9,65.79260343,68.43001291,-2.637409474,-90,-80,-10,-0.7,-0.41,-0.29,FALSE
18,67605b46477e62eda732c8a3,27,female,112,unconfounded,b,1,2.3462000000010903,70,55,-15,99,30,-1,36.66666667,42.66666667,-6,37.04351795,41.7957999,-4.752281944,-15,-1,-14,-0.62,0.43,-1.05,FALSE
18,67605b46477e62eda732c8a3,27,female,113,confounded,b,1,1.6790999999996077,48,42,-20,63,30,-5,23.33333333,29.33333333,-6,30.73904502,27.7648859,2.974159125,-20,-5,-15,-0.69,-0.04,-0.65,FALSE
18,67605b46477e62eda732c8a3,27,female,114,unconfounded,b,1,1.2960000000000491,55,19,-13,73,1,-4,20.33333333,23.33333333,-3,27.77688887,35.17890782,-7.402018947,-13,-4,-9,0.07,0.7,-0.63,FALSE
18,67605b46477e62eda732c8a3,27,female,115,confounded,b,1,0.9954000000003588,96,51,-91,99,54,-79,18.66666667,24.66666667,-6,79.69246444,75.57042337,4.122041069,-91,-79,-12,-0.54,-0.52,-0.02,FALSE
18,67605b46477e62eda732c8a3,27,female,116,unconfounded,b,1,1.8618999999985135,65,38,-26,81,20,-21,25.66666667,26.66666667,-1,38.16047985,41.90730512,-3.74682527,-26,-21,-5,-0.45,0.23,-0.68,FALSE
18,67605b46477e62eda732c8a3,27,female,117,unconfounded,b,1,1.344600000001492,82,49,-56,98,10,-51,25,19,6,58.83876273,61.16098975,-2.322227012,-56,-51,-5,-0.54,0.22,-0.76,FALSE
18,67605b46477e62eda732c8a3,27,female,118,confounded,b,1,2.978199999999333,80,73,-34,85,63,-29,39.66666667,39.66666667,0,52.16853032,49.37835783,2.790172486,-34,-29,-5,-0.7,-0.6,-0.1,FALSE
18,67605b46477e62eda732c8a3,27,female,119,unconfounded,b,1,2.362099999999714,66,61,-25,89,4,-18,34,25,9,41.76920716,46.13747573,-4.368268571,-25,-18,-7,-0.7,0.59,-1.29,FALSE
18,67605b46477e62eda732c8a3,27,female,120,confounded,b,1,3.629799999998909,37,36,-64,47,22,-51,3,6,-3,47.37791328,41.57723736,5.800675917,-64,-51,-13,-0.71,-0.52,-0.19,FALSE
18,67605b46477e62eda732c8a3,27,female,121,confounded,b,1,1.9284999999999857,66,52,-14,71,33,-3,34.66666667,33.66666667,1,34.88393454,30.21405118,4.669883356,-14,-3,-11,-0.62,0.03,-0.65,FALSE
18,67605b46477e62eda732c8a3,27,female,122,confounded,b,1,1.5789000000004307,90,67,-17,92,28,-7,46.66666667,37.66666667,9,45.98792112,40.99051381,4.997407312,-17,-7,-10,-0.58,0.34,-0.92,FALSE
18,67605b46477e62eda732c8a3,27,female,123,unconfounded,b,1,1.629700000001094,61,53,-62,85,48,-54,17.33333333,26.33333333,-9,56.19213073,58.77830288,-2.586172149,-62,-54,-8,-0.7,-0.5,-0.2,FALSE
18,67605b46477e62eda732c8a3,27,female,124,confounded,b,1,2.8122999999987996,65,35,-34,61,27,-22,22,22,0,41.44876355,34.06855833,7.380205222,-34,-22,-12,-0.44,-0.22,-0.22,FALSE
18,67605b46477e62eda732c8a3,27,female,125,unconfounded,b,1,1.745900000000347,67,30,-64,98,12,-50,11,20,-9,55.14224031,60.68497892,-5.542738609,-64,-50,-14,-0.48,0.2,-0.68,FALSE
18,67605b46477e62eda732c8a3,27,female,126,unconfounded,b,1,2.328799999998978,57,52,-69,95,11,-63,13.33333333,14.33333333,-1,58.25423208,64.54627969,-6.29204761,-69,-63,-6,-0.7,0.08,-0.78,FALSE
18,67605b46477e62eda732c8a3,27,female,127,unconfounded,a,0,2.8975000000000364,92,49,-7,99,9,-1,44.66666667,35.66666667,9,40.53256578,44.96912521,-4.436559429,-7,-1,-6,-0.16,0.68,-0.84,FALSE
18,67605b46477e62eda732c8a3,27,female,128,unconfounded,b,1,2.578400000000329,39,29,-22,58,1,-13,15.33333333,15.33333333,0,26.71246068,30.70649587,-3.994035195,-22,-13,-9,-0.63,0.6,-1.23,FALSE
18,67605b46477e62eda732c8a3,27,female,129,unconfounded,a,0,2.878800000000751,85,48,-45,99,2,-40,29.33333333,20.33333333,9,54.68901982,58.20843772,-3.519417903,-45,-40,-5,-0.47,0.44,-0.91,FALSE
18,67605b46477e62eda732c8a3,27,female,130,confounded,b,1,1.9623999999985244,87,67,-40,97,42,-25,38,38,0,55.75541827,49.88653793,5.868880342,-40,-25,-15,-0.64,-0.12,-0.52,FALSE
18,67605b46477e62eda732c8a3,27,female,131,confounded,b,1,2.095699999999283,81,48,-42,79,15,-34,29,20,9,51.98076567,46.26733909,5.713426581,-42,-34,-8,-0.5,0.16,-0.66,FALSE
18,67605b46477e62eda732c8a3,27,female,132,confounded,b,1,1.295500000000061,79,75,-24,86,58,-11,43.33333333,44.33333333,-1,47.6398526,40.76218291,6.877669688,-24,-11,-13,-0.7,-0.47,-0.23,FALSE
18,67605b46477e62eda732c8a3,27,female,133,confounded,b,1,1.8453999999985624,66,64,-14,70,50,-1,38.66666667,39.66666667,-1,37.24990679,29.89239963,7.357507157,-14,-1,-13,-0.71,-0.48,-0.23,FALSE
18,67605b46477e62eda732c8a3,27,female,134,confounded,b,1,1.5781999999992422,92,55,-16,86,47,-5,43.66666667,42.66666667,1,44.8131925,37.27674282,7.536449678,-16,-5,-11,-0.36,-0.17,-0.19,FALSE
18,67605b46477e62eda732c8a3,27,female,135,confounded,b,1,1.895299999998883,94,59,-24,99,39,-12,43,42,1,49.48400415,45.36518489,4.118819261,-24,-12,-12,-0.45,0.1,-0.55,FALSE
18,67605b46477e62eda732c8a3,27,female,136,unconfounded,b,1,1.8941999999992731,56,53,-14,73,2,-7,31.66666667,22.66666667,9,32.31442746,35.78019316,-3.465765693,-14,-7,-7,-0.7,0.67,-1.37,FALSE
18,67605b46477e62eda732c8a3,27,female,137,confounded,b,1,1.046099999999683,91,75,-12,94,55,-4,51.33333333,48.33333333,3,45.25728916,40.28509512,4.97219404,-12,-4,-8,-0.64,-0.24,-0.4,FALSE
18,67605b46477e62eda732c8a3,27,female,138,confounded,b,1,1.9624000000003432,57,40,-94,70,21,-79,1,4,-3,67.53270812,62.00537611,5.527332014,-94,-79,-15,-0.67,-0.39,-0.28,FALSE
18,67605b46477e62eda732c8a3,27,female,139,unconfounded,b,1,1.1282999999988306,84,46,-12,97,13,-1,39.33333333,36.33333333,3,39.47432358,43.27688631,-3.802562731,-12,-1,-11,-0.25,0.65,-0.9,FALSE
18,67605b46477e62eda732c8a3,27,female,140,unconfounded,b,1,1.4294999999999618,49,31,-74,83,4,-63,2,8,-6,54.24020649,59.67132198,-5.431115489,-74,-63,-11,-0.65,0.1,-0.75,FALSE
18,67605b46477e62eda732c8a3,27,female,141,unconfounded,b,1,1.3117999999988117,52,48,-39,83,15,-28,20.33333333,23.33333333,-3,41.9867704,45.69707017,-3.710299768,-39,-28,-11,-0.7,0.27,-0.97,FALSE
18,67605b46477e62eda732c8a3,27,female,142,confounded,b,1,1.6123999999985017,80,61,-49,77,57,-42,30.66666667,30.66666667,0,56.86436103,52.02777036,4.836590669,-49,-42,-7,-0.65,-0.63,-0.02,FALSE
18,67605b46477e62eda732c8a3,27,female,143,confounded,b,1,2.2945000000000846,84,73,-51,95,70,-41,35.33333333,41.33333333,-6,61.21183618,59.10630724,2.105528943,-51,-41,-10,-0.69,-0.61,-0.08,FALSE
18,67605b46477e62eda732c8a3,27,female,144,unconfounded,b,1,1.2951999999993404,76,54,-46,97,16,-38,28,25,3,53.09111665,55.47972603,-2.388609381,-46,-38,-8,-0.62,0.24,-0.86,FALSE
18,67605b46477e62eda732c8a3,27,female,145,confounded,a,0,2.561199999999303,82,80,-87,96,60,-78,25,26,-1,79.20016835,74.99333304,4.206835313,-87,-78,-9,-0.71,-0.59,-0.12,FALSE
18,67605b46477e62eda732c8a3,27,female,146,confounded,b,1,1.0289000000003623,52,14,-16,53,17,-2,16.66666667,22.66666667,-6,27.82484901,22.80838053,5.01646848,-16,-2,-14,0.14,0.36,-0.22,FALSE
18,67605b46477e62eda732c8a3,27,female,147,unconfounded,b,1,1.4944000000003823,71,48,-19,96,7,-6,33.33333333,32.33333333,1,38.17794593,45.33088229,-7.152936355,-19,-6,-13,-0.52,0.66,-1.18,FALSE
18,67605b46477e62eda732c8a3,27,female,148,confounded,b,1,1.1784999999999854,58,36,-89,59,29,-74,1.666666667,4.666666667,-3,64.73707507,56.95807425,7.779000822,-89,-74,-15,-0.65,-0.56,-0.09,FALSE
18,67605b46477e62eda732c8a3,27,female,149,unconfounded,b,1,0.995300000000725,74,33,-32,94,35,-27,25,34,-9,43.64248694,49.40310382,-5.760616872,-32,-27,-5,-0.27,-0.03,-0.24,FALSE
18,67605b46477e62eda732c8a3,27,female,150,unconfounded,b,1,2.1295000000000073,60,34,-88,93,15,-75,2,11,-9,64.51873113,68.64400921,-4.125278077,-88,-75,-13,-0.62,-0.09,-0.53,FALSE
18,67605b46477e62eda732c8a3,27,female,151,confounded,b,1,1.0275999999996657,80,43,-41,81,8,-34,27.33333333,18.33333333,9,50.62498285,47.5137407,3.111242151,-41,-34,-7,-0.43,0.32,-0.75,FALSE
18,67605b46477e62eda732c8a3,27,female,152,unconfounded,b,1,1.147100000001501,64,23,-82,89,11,-77,1.666666667,7.666666667,-6,61.48351179,67.81019261,-6.326680822,-82,-77,-5,-0.48,-0.07,-0.41,FALSE
18,67605b46477e62eda732c8a3,27,female,153,unconfounded,b,1,1.4466999999992822,72,34,-68,95,3,-57,12.66666667,13.66666667,-1,59.11194653,62.51044357,-3.398497045,-68,-57,-11,-0.49,0.25,-0.74,FALSE
18,67605b46477e62eda732c8a3,27,female,154,unconfounded,b,1,0.9445999999996956,64,57,-33,97,1,-19,29.33333333,26.33333333,3,44.16886787,50.63156679,-6.46269892,-33,-19,-14,-0.69,0.63,-1.32,FALSE
18,67605b46477e62eda732c8a3,27,female,155,unconfounded,b,1,1.2285999999996875,68,28,-25,85,2,-13,23.66666667,24.66666667,-1,38.09053542,43.09936839,-5.008832965,-25,-13,-12,-0.17,0.64,-0.81,FALSE
18,67605b46477e62eda732c8a3,27,female,156,confounded,b,1,1.4622999999988906,51,45,-68,56,48,-58,9.333333333,15.33333333,-6,54.73775865,51.95724738,2.780511269,-68,-58,-10,-0.7,-0.69,-0.01,FALSE
18,67605b46477e62eda732c8a3,27,female,157,unconfounded,b,1,1.761600000001522,80,45,-79,99,3,-74,15.33333333,9.333333333,6,68.2169741,70.76879413,-2.551820026,-79,-74,-5,-0.57,0.13,-0.7,FALSE
18,67605b46477e62eda732c8a3,27,female,158,unconfounded,b,1,2.860500000000002,86,44,-23,97,16,-15,35.66666667,32.66666667,3,44.88751373,47.21816976,-2.33065603,-23,-15,-8,-0.27,0.49,-0.76,FALSE
18,67605b46477e62eda732c8a3,27,female,159,unconfounded,b,1,1.8281999999992424,75,26,-42,94,6,-32,19.66666667,22.66666667,-3,47.97453028,52.77204647,-4.797516193,-42,-32,-10,-0.2,0.44,-0.64,FALSE
18,67605b46477e62eda732c8a3,27,female,160,unconfounded,b,1,1.5130999999995538,66,36,-14,80,11,-6,29.33333333,28.33333333,1,32.99831646,37.18721405,-4.188897596,-14,-6,-8,-0.29,0.6,-0.89,FALSE
18,67605b46477e62eda732c8a3,27,female,161,confounded,b,1,1.096400000000358,65,30,-84,74,33,-69,3.666666667,12.66666667,-9,63.61516241,60.12394605,3.491216361,-84,-69,-15,-0.55,-0.47,-0.08,FALSE
18,67605b46477e62eda732c8a3,27,female,162,unconfounded,b,1,0.9142999999988888,72,70,-17,94,24,-11,41.66666667,35.66666667,6,41.49163236,43.65266951,-2.161037156,-17,-11,-6,-0.71,0.38,-1.09,FALSE
18,67605b46477e62eda732c8a3,27,female,163,confounded,b,1,1.37789999999859,79,27,-34,70,26,-24,24,24,0,46.18080409,38.40138886,7.779415229,-34,-24,-10,-0.1,-0.08,-0.02,FALSE
18,67605b46477e62eda732c8a3,27,female,164,unconfounded,b,1,1.279200000001083,74,35,-30,97,8,-17,26.33333333,29.33333333,-3,42.89781139,48.92397731,-6.026165915,-30,-17,-13,-0.29,0.57,-0.86,FALSE
18,67605b46477e62eda732c8a3,27,female,165,unconfounded,b,1,1.4634000000003198,61,18,-37,77,14,-31,14,20,-6,40.10818703,44.29446918,-4.186282153,-37,-31,-6,-0.15,0.2,-0.35,FALSE
18,67605b46477e62eda732c8a3,27,female,166,confounded,b,1,0.8612999999987778,89,74,-13,90,55,-4,50,47,3,44.96665431,38.79003308,6.176621228,-13,-4,-9,-0.65,-0.3,-0.35,FALSE
18,67605b46477e62eda732c8a3,27,female,167,confounded,b,1,1.3272000000010848,62,49,-44,69,55,-30,22.33333333,31.33333333,-9,47.20404879,43.74420597,3.459842825,-44,-30,-14,-0.67,-0.65,-0.02,FALSE
18,67605b46477e62eda732c8a3,27,female,168,unconfounded,b,1,0.8775999999995747,60,51,-79,94,11,-73,10.66666667,10.66666667,0,63.51027913,68.17787194,-4.667592807,-79,-73,-6,-0.7,-0.01,-0.69,FALSE
18,67605b46477e62eda732c8a3,27,female,169,unconfounded,b,1,1.1108999999985372,64,49,-69,94,7,-60,14.66666667,13.66666667,1,59.4773533,63.04671989,-3.56936659,-69,-60,-9,-0.67,0.16,-0.83,FALSE
18,67605b46477e62eda732c8a3,27,female,171,unconfounded,b,1,1.22849999999994,66,40,-29,84,13,-23,25.66666667,24.66666667,1,40.08601862,44.45472103,-4.368702413,-29,-23,-6,-0.49,0.38,-0.87,FALSE
18,67605b46477e62eda732c8a3,27,female,172,confounded,b,1,1.0131999999991876,60,58,-24,72,31,-12,31.33333333,30.33333333,1,39.13509366,34.29609631,4.838997345,-24,-12,-12,-0.71,-0.03,-0.68,FALSE
18,67605b46477e62eda732c8a3,27,female,173,unconfounded,b,1,1.145299999998883,69,66,-55,96,34,-50,26.66666667,26.66666667,0,57.76004001,59.82938706,-2.069347044,-55,-50,-5,-0.71,-0.18,-0.53,FALSE
18,67605b46477e62eda732c8a3,27,female,174,unconfounded,b,1,1.2129999999999654,61,50,-88,94,11,-82,7.666666667,7.666666667,0,67.79544396,71.8903486,-4.094904639,-88,-82,-6,-0.69,-0.07,-0.62,FALSE
18,67605b46477e62eda732c8a3,27,female,175,unconfounded,b,1,1.960399999998458,65,46,-24,88,13,-14,29,29,0,38.27096375,43.15089802,-4.879934267,-24,-14,-10,-0.58,0.51,-1.09,FALSE
18,67605b46477e62eda732c8a3,27,female,176,unconfounded,b,1,1.0794000000003052,44,17,-42,71,6,-31,6.333333333,15.33333333,-9,35.91038228,42.16106682,-6.250684541,-42,-31,-11,-0.42,0.32,-0.74,FALSE
18,67605b46477e62eda732c8a3,27,female,177,unconfounded,b,1,1.3789999999999054,83,40,-8,91,7,-1,38.33333333,32.33333333,6,37.16928242,41.61196409,-4.442681672,-8,-1,-7,-0.07,0.69,-0.76,FALSE
18,67605b46477e62eda732c8a3,27,female,178,confounded,b,1,0.9621999999992568,85,31,-13,81,32,-1,34.33333333,37.33333333,-3,40.07770231,33.68811198,6.389590326,-13,-1,-12,0.12,0.23,-0.11,FALSE
18,67605b46477e62eda732c8a3,27,female,179,confounded,b,1,0.8634000000004107,93,88,-12,97,64,-1,56.33333333,53.33333333,3,48.36206043,40.71308826,7.64897217,-12,-1,-11,-0.7,-0.38,-0.32,FALSE
18,67605b46477e62eda732c8a3,27,female,180,confounded,b,1,1.045500000000061,55,43,-60,58,7,-54,12.66666667,3.666666667,9,51.61610429,45.78451946,5.831584831,-60,-54,-6,-0.68,-0.11,-0.57,FALSE
18,67605b46477e62eda732c8a3,27,female,181,confounded,b,1,1.195200000001023,98,40,-65,99,32,-55,24.33333333,25.33333333,-1,67.46027638,63.04671989,4.413556487,-65,-55,-10,-0.34,-0.16,-0.18,FALSE
18,67605b46477e62eda732c8a3,27,female,182,unconfounded,b,1,1.796299999998837,72,35,-48,99,28,-41,19.66666667,28.66666667,-9,50.17524844,57.15670467,-6.981456236,-48,-41,-7,-0.43,0.02,-0.45,FALSE
18,67605b46477e62eda732c8a3,27,female,183,unconfounded,b,1,1.1954999999999243,65,27,-35,83,18,-26,19,25,-6,41.21488404,44.77350407,-3.558620027,-35,-26,-9,-0.28,0.23,-0.51,FALSE
18,67605b46477e62eda732c8a3,27,female,184,unconfounded,b,1,3.995300000000725,50,26,-17,66,7,-11,19.66666667,20.66666667,-1,27.71682201,32.88701196,-5.17018995,-17,-11,-6,-0.33,0.55,-0.88,FALSE
18,67605b46477e62eda732c8a3,27,female,185,confounded,b,1,1.5125000000000457,45,24,-31,48,17,-18,12.66666667,15.66666667,-3,32.0451071,26.96087701,5.084230092,-31,-18,-13,-0.49,-0.07,-0.42,FALSE
18,67605b46477e62eda732c8a3,27,female,186,confounded,b,1,1.2290999999996757,65,62,-49,72,57,-42,26,29,-3,53.04714884,50.57667447,2.470474374,-49,-42,-7,-0.71,-0.66,-0.05,FALSE
18,67605b46477e62eda732c8a3,27,female,187,confounded,b,1,1.494699999999284,93,87,-40,99,80,-30,46.66666667,49.66666667,-3,61.33152171,56.86436103,4.467160681,-40,-30,-10,-0.7,-0.65,-0.05,FALSE
18,67605b46477e62eda732c8a3,27,female,188,confounded,b,1,1.8778000000006616,81,74,-67,96,32,-58,29.33333333,23.33333333,6,68.17787194,63.16820579,5.009666154,-67,-58,-9,-0.7,-0.2,-0.5,FALSE
18,67605b46477e62eda732c8a3,27,female,189,confounded,b,1,1.8125,95,41,-73,89,40,-63,21,22,-1,70.0285656,63.34561284,6.682952755,-73,-63,-10,-0.41,-0.4,-0.01,FALSE
18,67605b46477e62eda732c8a3,27,female,190,unconfounded,b,1,1.1288999999985665,61,49,-22,81,3,-14,29.33333333,23.33333333,6,36.62725154,41.36289266,-4.735641114,-22,-14,-8,-0.65,0.62,-1.27,FALSE
18,67605b46477e62eda732c8a3,27,female,191,confounded,b,1,1.028599999999642,96,61,-17,93,41,-3,46.66666667,43.66666667,3,47.23228651,39.23717059,7.995115924,-17,-3,-14,-0.43,0.1,-0.53,FALSE
18,67605b46477e62eda732c8a3,27,female,192,confounded,b,1,1.0122999999989588,67,60,-20,68,46,-10,35.66666667,34.66666667,1,39.46587837,32.83629428,6.629584088,-20,-10,-10,-0.69,-0.48,-0.21,FALSE
18,67605b46477e62eda732c8a3,27,female,193,unconfounded,b,1,1.4612000000010994,71,42,-92,95,21,-86,7,10,-3,70.99765254,74.30118886,-3.303536321,-92,-86,-6,-0.62,-0.22,-0.4,FALSE
18,67605b46477e62eda732c8a3,27,female,194,unconfounded,b,1,1.4453000000007703,73,50,-46,98,7,-31,25.66666667,24.66666667,1,51.53855084,54.12536887,-2.586818037,-46,-31,-15,-0.6,0.45,-1.05,FALSE
18,67605b46477e62eda732c8a3,27,female,195,unconfounded,b,1,1.0112999999988688,92,54,-10,99,11,-1,45.33333333,36.33333333,9,42.08985098,44.58200933,-2.492158346,-10,-1,-9,-0.3,0.67,-0.97,FALSE
18,67605b46477e62eda732c8a3,27,female,196,unconfounded,b,1,2.211999999999989,67,36,-51,86,5,-42,17.33333333,16.33333333,1,49.94886274,52.8667087,-2.917845962,-51,-42,-9,-0.51,0.31,-0.82,FALSE
18,67605b46477e62eda732c8a3,27,female,197,unconfounded,b,1,3.22840000000042,60,27,-47,80,4,-41,13.33333333,14.33333333,-1,44.73874781,49.93551397,-5.196766162,-47,-41,-6,-0.43,0.3,-0.73,FALSE
18,67605b46477e62eda732c8a3,27,female,198,unconfounded,b,1,2.7113000000007332,74,46,-44,87,1,-39,25.33333333,16.33333333,9,50.34105901,52.56953068,-2.228471667,-44,-39,-5,-0.55,0.41,-0.96,FALSE
18,67605b46477e62eda732c8a3,27,female,199,confounded,b,1,1.5952000000012276,86,67,-20,98,40,-5,44.33333333,44.33333333,0,46.14710777,42.16106682,3.986040948,-20,-5,-15,-0.62,0.15,-0.77,FALSE
18,67605b46477e62eda732c8a3,27,female,200,confounded,b,1,1.1954999999999243,90,19,-42,81,3,-35,22.33333333,16.33333333,6,53.94029621,48.2861839,5.654112314,-42,-35,-7,0.09,0.39,-0.3,FALSE
18,67605b46477e62eda732c8a3,27,female,201,confounded,b,1,0.979099999999562,82,63,-26,93,35,-12,39.66666667,38.66666667,1,47.07676945,42.94440851,4.132360945,-26,-12,-14,-0.62,0.13,-0.75,FALSE
18,67605b46477e62eda732c8a3,27,female,202,unconfounded,b,1,1.9122999999988224,80,31,-38,94,5,-26,24.33333333,24.33333333,0,48.40339749,50.86146762,-2.458070131,-38,-26,-12,-0.2,0.52,-0.72,FALSE
18,67605b46477e62eda732c8a3,27,female,203,unconfounded,b,1,1.0474000000003798,83,61,-20,99,4,-6,41.33333333,32.33333333,9,44.28945197,47.31689856,-3.027446588,-20,-6,-14,-0.58,0.68,-1.26,FALSE
18,67605b46477e62eda732c8a3,27,female,204,confounded,b,1,1.2630999999995538,82,32,-65,81,1,-60,16.33333333,7.333333333,9,61.02640594,57.73695139,3.289454554,-65,-60,-5,-0.37,0.16,-0.53,FALSE
18,67605b46477e62eda732c8a3,27,female,205,unconfounded,b,1,0.8285999999997102,72,62,-10,99,53,-1,41.33333333,50.33333333,-9,36.52700675,40.86835233,-4.341345579,-10,-1,-9,-0.67,-0.1,-0.57,FALSE
18,67605b46477e62eda732c8a3,27,female,206,confounded,b,1,0.8790999999996529,30,4,-19,23,3,-8,5,6,-1,20.01665973,12.83225104,7.184408691,-19,-8,-11,0.07,0.34,-0.27,FALSE
18,67605b46477e62eda732c8a3,27,female,207,unconfounded,b,1,0.9786999999993212,80,55,-43,97,5,-37,30.66666667,21.66666667,9,53.08065142,55.96030339,-2.879651967,-43,-37,-6,-0.59,0.42,-1.01,FALSE
18,67605b46477e62eda732c8a3,27,female,208,unconfounded,b,1,1.2626000000014983,62,45,-31,84,8,-19,25.33333333,24.33333333,1,40.43375927,43.60682923,-3.173069958,-31,-19,-12,-0.61,0.51,-1.12,FALSE
18,67605b46477e62eda732c8a3,27,female,209,confounded,b,1,1.4458000000007587,91,73,-19,96,36,-14,48.33333333,39.33333333,9,48.17560471,44.96912521,3.206479496,-19,-14,-5,-0.63,0.11,-0.74,FALSE
18,67605b46477e62eda732c8a3,27,female,210,confounded,b,1,1.212099999999623,99,45,-67,98,5,-53,25.66666667,16.66666667,9,69.13432979,62.19503374,6.939296048,-67,-53,-14,-0.4,0.27,-0.67,FALSE
18,67605b46477e62eda732c8a3,27,female,211,unconfounded,b,1,1.4111999999992122,55,52,-40,92,13,-29,22.33333333,25.33333333,-3,44.09333535,50.16195991,-6.068624563,-40,-29,-11,-0.7,0.35,-1.05,FALSE
18,67605b46477e62eda732c8a3,27,female,212,confounded,b,1,1.1953000000006568,60,35,-17,52,7,-8,26,17,9,32.07283378,25.49509757,6.577736212,-17,-8,-9,-0.4,0.53,-0.93,FALSE
18,67605b46477e62eda732c8a3,27,female,213,unconfounded,b,1,1.211999999999989,48,36,-33,76,20,-27,17,23,-6,35.6931366,42.10304819,-6.409911592,-33,-27,-6,-0.65,0.11,-0.76,FALSE
18,67605b46477e62eda732c8a3,27,female,214,unconfounded,b,1,0.7793999999985317,58,37,-21,83,16,-7,24.66666667,30.66666667,-6,33.40991204,38.17794593,-4.768033896,-21,-7,-14,-0.5,0.52,-1.02,FALSE
18,67605b46477e62eda732c8a3,27,female,215,unconfounded,b,1,1.0949999999999136,52,25,-28,65,9,-22,16.33333333,17.33333333,-1,33.22983933,36.00308629,-2.773246953,-28,-22,-6,-0.37,0.33,-0.7,FALSE
18,67605b46477e62eda732c8a3,27,female,216,confounded,b,1,1.279199999999264,95,77,-55,97,48,-46,39,33,6,66.87301399,59.33520596,7.537808026,-55,-46,-9,-0.67,-0.36,-0.31,FALSE
18,67605b46477e62eda732c8a3,27,female,217,confounded,b,1,1.0305999999995947,93,73,-18,97,48,-6,49.33333333,46.33333333,3,48.30688932,42.06608557,6.240803743,-18,-6,-12,-0.62,-0.06,-0.56,FALSE
18,67605b46477e62eda732c8a3,27,female,218,unconfounded,b,1,1.195400000000291,61,53,-28,85,3,-20,28.66666667,22.66666667,6,40.20226638,45.0653846,-4.863118215,-28,-20,-8,-0.69,0.57,-1.26,FALSE
18,67605b46477e62eda732c8a3,27,female,219,confounded,b,1,1.3279000000003407,82,65,-29,77,59,-18,39.33333333,39.33333333,0,48.81484292,41.20140235,7.613440566,-29,-18,-11,-0.64,-0.61,-0.03,FALSE
19,677853a510ec19bf89b5b32d,27,male,0,unconfounded,a,0,13.696700000002975,52,34,-65,75,3,-57,7,7,0,51.4392846,53.96295025,-2.523665654,-65,-57,-8,-0.64,0.11,-0.75,FALSE
19,677853a510ec19bf89b5b32d,27,male,1,confounded,a,0,10.549200000002967,97,65,-14,96,44,-1,49.33333333,46.33333333,3,46.64999702,39.63444069,7.015556332,-14,-1,-13,-0.47,0.09,-0.56,FALSE
19,677853a510ec19bf89b5b32d,27,male,2,confounded,a,0,7.641699999988077,69,48,-67,68,45,-60,16.66666667,17.66666667,-1,59.77922344,55.7155474,4.063676043,-67,-60,-7,-0.64,-0.62,-0.02,FALSE
19,677853a510ec19bf89b5b32d,27,male,3,confounded,a,0,8.409200000002983,99,63,-12,93,52,-4,50,47,3,46.23851209,39.75759885,6.480913232,-12,-4,-8,-0.4,-0.19,-0.21,FALSE
19,677853a510ec19bf89b5b32d,27,male,4,unconfounded,b,1,8.808700000002972,44,17,-42,71,6,-31,6.333333333,15.33333333,-9,35.91038228,42.16106682,-6.250684541,-42,-31,-11,-0.42,0.32,-0.74,FALSE
19,677853a510ec19bf89b5b32d,27,male,5,confounded,a,0,12.22380000001192,82,78,-17,89,62,-11,47.66666667,46.66666667,1,45.75538827,42.24005471,3.515333554,-17,-11,-6,-0.7,-0.5,-0.2,FALSE
19,677853a510ec19bf89b5b32d,27,male,6,confounded,a,0,6.3122999999970375,90,19,-42,81,3,-35,22.33333333,16.33333333,6,53.94029621,48.2861839,5.654112314,-42,-35,-7,0.09,0.39,-0.3,FALSE
19,677853a510ec19bf89b5b32d,27,male,7,confounded,b,1,8.50800000000001,86,67,-20,98,40,-5,44.33333333,44.33333333,0,46.14710777,42.16106682,3.986040948,-20,-5,-15,-0.62,0.15,-0.77,FALSE
19,677853a510ec19bf89b5b32d,27,male,8,confounded,a,0,15.297200000002988,79,27,-34,70,26,-24,24,24,0,46.18080409,38.40138886,7.779415229,-34,-24,-10,-0.1,-0.08,-0.02,FALSE
19,677853a510ec19bf89b5b32d,27,male,9,unconfounded,b,1,5.811099999994042,61,18,-37,77,14,-31,14,20,-6,40.10818703,44.29446918,-4.186282153,-37,-31,-6,-0.15,0.2,-0.35,FALSE
19,677853a510ec19bf89b5b32d,27,male,10,confounded,a,0,11.308799999997037,81,8,-35,75,6,-24,18,19,-1,47.88179891,41.44876355,6.433035356,-35,-24,-11,0.3,0.44,-0.14,FALSE
19,677853a510ec19bf89b5b32d,27,male,11,unconfounded,a,0,4.558900000005991,70,41,-47,93,2,-40,21.33333333,18.33333333,3,49.74825513,55.51176052,-5.763505382,-47,-40,-7,-0.53,0.42,-0.95,FALSE
19,677853a510ec19bf89b5b32d,27,male,12,unconfounded,b,1,5.99709999999402,52,47,-90,84,32,-80,3,12,-9,65.79260343,68.43001291,-2.637409474,-90,-80,-10,-0.7,-0.41,-0.29,FALSE
19,677853a510ec19bf89b5b32d,27,male,13,confounded,b,1,8.280400000005955,32,12,-39,37,19,-24,1.666666667,10.66666667,-9,29.89239963,25.59079696,4.301602672,-39,-24,-15,-0.48,-0.45,-0.03,FALSE
19,677853a510ec19bf89b5b32d,27,male,14,unconfounded,a,0,29.364199999988102,52,48,-39,83,15,-28,20.33333333,23.33333333,-3,41.9867704,45.69707017,-3.710299768,-39,-28,-11,-0.7,0.27,-0.97,FALSE
19,677853a510ec19bf89b5b32d,27,male,15,unconfounded,a,0,4.50470000000297,67,36,-51,86,5,-42,17.33333333,16.33333333,1,49.94886274,52.8667087,-2.917845962,-51,-42,-9,-0.51,0.31,-0.82,FALSE
19,677853a510ec19bf89b5b32d,27,male,16,unconfounded,a,0,2.7629000000059705,58,40,-41,89,8,-31,19,22,-3,43.05810028,49.979996,-6.921895715,-41,-31,-10,-0.62,0.4,-1.02,FALSE
19,677853a510ec19bf89b5b32d,27,male,17,confounded,a,0,6.315300000011916,57,40,-94,70,21,-79,1,4,-3,67.53270812,62.00537611,5.527332014,-94,-79,-15,-0.67,-0.39,-0.28,FALSE
19,677853a510ec19bf89b5b32d,27,male,18,confounded,b,1,9.902499999999977,49,11,-37,57,15,-22,7.666666667,16.66666667,-9,35.18838192,32.27313985,2.915242074,-37,-22,-15,-0.14,0.08,-0.22,FALSE
19,677853a510ec19bf89b5b32d,27,male,19,confounded,b,1,9.458300000011944,73,68,-84,83,63,-71,19,25,-6,72.86059749,68.37153404,4.489063453,-84,-71,-13,-0.7,-0.66,-0.04,FALSE
19,677853a510ec19bf89b5b32d,27,male,20,unconfounded,a,0,3.7595000000000023,50,26,-17,66,7,-11,19.66666667,20.66666667,-1,27.71682201,32.88701196,-5.17018995,-17,-11,-6,-0.33,0.55,-0.88,FALSE
19,677853a510ec19bf89b5b32d,27,male,21,confounded,a,0,5.534200000003011,93,65,-15,92,30,-6,47.66666667,38.66666667,9,45.7626728,40.47495796,5.28771484,-15,-6,-9,-0.51,0.31,-0.82,FALSE
19,677853a510ec19bf89b5b32d,27,male,22,confounded,a,0,13.160900000005997,90,67,-17,92,28,-7,46.66666667,37.66666667,9,45.98792112,40.99051381,4.997407312,-17,-7,-10,-0.58,0.34,-0.92,FALSE
19,677853a510ec19bf89b5b32d,27,male,23,confounded,a,0,2.90949999999998,55,43,-60,58,7,-54,12.66666667,3.666666667,9,51.61610429,45.78451946,5.831584831,-60,-54,-6,-0.68,-0.11,-0.57,FALSE
19,677853a510ec19bf89b5b32d,27,male,24,confounded,a,0,5.516999999999996,53,43,-8,49,31,-1,29.33333333,26.33333333,3,26.71246068,20.67741656,6.035044121,-8,-1,-7,-0.63,-0.33,-0.3,FALSE
19,677853a510ec19bf89b5b32d,27,male,25,confounded,b,1,8.024299999997027,57,2,-48,64,9,-35,3.666666667,12.66666667,-9,42.88226777,40.49965706,2.382610705,-48,-35,-13,0.06,0.14,-0.08,FALSE
19,677853a510ec19bf89b5b32d,27,male,26,unconfounded,a,0,7.841899999991028,75,26,-42,94,6,-32,19.66666667,22.66666667,-3,47.97453028,52.77204647,-4.797516193,-42,-32,-10,-0.2,0.44,-0.64,FALSE
19,677853a510ec19bf89b5b32d,27,male,27,unconfounded,a,0,2.9434000000059655,56,53,-14,73,2,-7,31.66666667,22.66666667,9,32.31442746,35.78019316,-3.465765693,-14,-7,-7,-0.7,0.67,-1.37,FALSE
19,677853a510ec19bf89b5b32d,27,male,28,unconfounded,a,0,3.5325000000000273,72,34,-68,95,3,-57,12.66666667,13.66666667,-1,59.11194653,62.51044357,-3.398497045,-68,-57,-11,-0.49,0.25,-0.74,FALSE
19,677853a510ec19bf89b5b32d,27,male,29,confounded,b,1,8.368499999999983,84,73,-51,95,70,-41,35.33333333,41.33333333,-6,61.21183618,59.10630724,2.105528943,-51,-41,-10,-0.69,-0.61,-0.08,FALSE
19,677853a510ec19bf89b5b32d,27,male,30,unconfounded,a,0,3.056299999997009,64,56,-58,94,9,-50,20.66666667,17.66666667,3,55.72152985,59.10630724,-3.384777389,-58,-50,-8,-0.7,0.22,-0.92,FALSE
19,677853a510ec19bf89b5b32d,27,male,31,unconfounded,b,1,21.24579999999702,72,35,-48,99,28,-41,19.66666667,28.66666667,-9,50.17524844,57.15670467,-6.981456236,-48,-41,-7,-0.43,0.02,-0.45,FALSE
19,677853a510ec19bf89b5b32d,27,male,32,unconfounded,a,0,7.896500000000003,68,28,-25,85,2,-13,23.66666667,24.66666667,-1,38.09053542,43.09936839,-5.008832965,-25,-13,-12,-0.17,0.64,-0.81,FALSE
19,677853a510ec19bf89b5b32d,27,male,33,confounded,b,1,15.66780000001188,66,64,-14,70,50,-1,38.66666667,39.66666667,-1,37.24990679,29.89239963,7.357507157,-14,-1,-13,-0.71,-0.48,-0.23,FALSE
19,677853a510ec19bf89b5b32d,27,male,34,unconfounded,a,0,7.769499999999994,78,19,-16,89,2,-7,27,28,-1,38.79003308,43.28972164,-4.49968856,-16,-7,-9,0.3,0.68,-0.38,FALSE
19,677853a510ec19bf89b5b32d,27,male,35,unconfounded,a,0,3.660900000005995,76,48,-37,99,1,-31,29,23,6,48.04858652,55.30521374,-7.256627218,-37,-31,-6,-0.53,0.53,-1.06,FALSE
19,677853a510ec19bf89b5b32d,27,male,36,confounded,a,0,4.683300000011911,96,61,-17,93,41,-3,46.66666667,43.66666667,3,47.23228651,39.23717059,7.995115924,-17,-3,-14,-0.43,0.1,-0.53,FALSE
19,677853a510ec19bf89b5b32d,27,male,37,confounded,b,1,11.126900000006003,95,75,-28,96,64,-15,47.33333333,48.33333333,-1,53.89083616,46.64999702,7.240839139,-28,-15,-13,-0.63,-0.47,-0.16,FALSE
19,677853a510ec19bf89b5b32d,27,male,38,confounded,b,1,16.075900000006015,82,65,-29,77,59,-18,39.33333333,39.33333333,0,48.81484292,41.20140235,7.613440566,-29,-18,-11,-0.64,-0.61,-0.03,FALSE
19,677853a510ec19bf89b5b32d,27,male,40,unconfounded,a,0,25.775200000002997,83,61,-20,99,4,-6,41.33333333,32.33333333,9,44.28945197,47.31689856,-3.027446588,-20,-6,-14,-0.58,0.68,-1.26,FALSE
19,677853a510ec19bf89b5b32d,27,male,41,unconfounded,a,0,5.668200000002912,66,40,-29,84,13,-23,25.66666667,24.66666667,1,40.08601862,44.45472103,-4.368702413,-29,-23,-6,-0.49,0.38,-0.87,FALSE
19,677853a510ec19bf89b5b32d,27,male,42,unconfounded,a,0,3.884700000003022,64,57,-33,97,1,-19,29.33333333,26.33333333,3,44.16886787,50.63156679,-6.46269892,-33,-19,-14,-0.69,0.63,-1.32,FALSE
19,677853a510ec19bf89b5b32d,27,male,43,confounded,b,1,12.051699999988044,82,57,-23,90,38,-9,38.66666667,39.66666667,-1,44.78342948,40.43375927,4.349670203,-23,-9,-14,-0.55,0.06,-0.61,FALSE
19,677853a510ec19bf89b5b32d,27,male,44,unconfounded,a,0,9.16579999999692,92,49,-7,99,9,-1,44.66666667,35.66666667,9,40.53256578,44.96912521,-4.436559429,-7,-1,-6,-0.16,0.68,-0.84,FALSE
19,677853a510ec19bf89b5b32d,27,male,45,confounded,b,1,14.535399999991114,37,36,-64,47,22,-51,3,6,-3,47.37791328,41.57723736,5.800675917,-64,-51,-13,-0.71,-0.52,-0.19,FALSE
19,677853a510ec19bf89b5b32d,27,male,46,unconfounded,a,0,18.11440000000596,78,35,-19,87,10,-12,31.33333333,28.33333333,3,39.68486977,42.44473531,-2.759865537,-19,-12,-7,-0.14,0.57,-0.71,FALSE
19,677853a510ec19bf89b5b32d,27,male,47,unconfounded,a,0,8.548999999999978,55,22,-21,66,6,-16,18.66666667,18.66666667,0,31.11626941,34.65384378,-3.537574369,-21,-16,-5,-0.16,0.5,-0.66,FALSE
19,677853a510ec19bf89b5b32d,27,male,48,unconfounded,a,0,7.044100000008939,76,64,-21,97,15,-11,39.66666667,33.66666667,6,43.17663977,46.02414825,-2.847508476,-21,-11,-10,-0.67,0.54,-1.21,FALSE
19,677853a510ec19bf89b5b32d,27,male,49,confounded,b,1,8.44310000000894,67,51,-70,80,45,-59,16,22,-6,61.16098975,59.03106527,2.129924478,-70,-59,-11,-0.67,-0.53,-0.14,FALSE
19,677853a510ec19bf89b5b32d,27,male,50,confounded,b,1,7.292100000008872,67,60,-20,68,46,-10,35.66666667,34.66666667,1,39.46587837,32.83629428,6.629584088,-20,-10,-10,-0.69,-0.48,-0.21,FALSE
19,677853a510ec19bf89b5b32d,27,male,51,unconfounded,a,0,9.225299999996992,49,31,-74,83,4,-63,2,8,-6,54.24020649,59.67132198,-5.431115489,-74,-63,-11,-0.65,0.1,-0.75,FALSE
19,677853a510ec19bf89b5b32d,27,male,52,unconfounded,a,0,6.309499999999957,60,51,-79,94,11,-73,10.66666667,10.66666667,0,63.51027913,68.17787194,-4.667592807,-79,-73,-6,-0.7,-0.01,-0.69,FALSE
19,677853a510ec19bf89b5b32d,27,male,53,confounded,b,1,24.76459999999406,65,62,-49,72,57,-42,26,29,-3,53.04714884,50.57667447,2.470474374,-49,-42,-7,-0.71,-0.66,-0.05,FALSE
19,677853a510ec19bf89b5b32d,27,male,54,unconfounded,a,0,2.927099999994084,63,60,-29,84,5,-22,31.33333333,22.33333333,9,42.67968551,44.97653709,-2.296851579,-29,-22,-7,-0.7,0.52,-1.22,FALSE
19,677853a510ec19bf89b5b32d,27,male,55,confounded,b,1,5.345299999996996,85,77,-20,97,78,-6,47.33333333,56.33333333,-9,47.72374205,44.75364665,2.970095399,-20,-6,-14,-0.69,-0.61,-0.08,FALSE
19,677853a510ec19bf89b5b32d,27,male,56,unconfounded,b,1,11.643700000003037,63,32,-59,96,5,-47,12,18,-6,51.77515492,59.09878735,-7.323632437,-59,-47,-12,-0.52,0.32,-0.84,FALSE
19,677853a510ec19bf89b5b32d,27,male,57,unconfounded,a,0,3.939599999994016,47,39,-49,72,3,-41,12.33333333,11.33333333,1,43.49201715,46.50686927,-3.014852118,-49,-41,-8,-0.69,0.26,-0.95,FALSE
19,677853a510ec19bf89b5b32d,27,male,58,confounded,b,1,14.875999999999976,78,64,-50,80,54,-42,30.66666667,30.66666667,0,57.32558087,52.46797965,4.857601218,-50,-42,-8,-0.68,-0.58,-0.1,FALSE
19,677853a510ec19bf89b5b32d,27,male,59,unconfounded,b,1,23.460000000000036,57,55,-50,97,16,-42,20.66666667,23.66666667,-3,49.97554958,57.00487309,-7.029323509,-50,-42,-8,-0.71,0.2,-0.91,FALSE
19,677853a510ec19bf89b5b32d,27,male,60,confounded,a,0,5.506900000005999,80,54,-23,85,21,-13,37,31,6,43.73404471,40.62839729,3.105647416,-23,-13,-10,-0.52,0.35,-0.87,FALSE
19,677853a510ec19bf89b5b32d,27,male,61,confounded,a,0,7.374300000011885,82,64,-15,78,50,-6,43.66666667,40.66666667,3,42.1294302,34.92213561,7.207294589,-15,-6,-9,-0.61,-0.38,-0.23,FALSE
19,677853a510ec19bf89b5b32d,27,male,62,confounded,a,0,6.9162999999970225,80,73,-34,85,63,-29,39.66666667,39.66666667,0,52.16853032,49.37835783,2.790172486,-34,-29,-5,-0.7,-0.6,-0.1,FALSE
19,677853a510ec19bf89b5b32d,27,male,63,confounded,a,0,15.609500000000024,60,58,-24,72,31,-12,31.33333333,30.33333333,1,39.13509366,34.29609631,4.838997345,-24,-12,-12,-0.71,-0.03,-0.68,FALSE
19,677853a510ec19bf89b5b32d,27,male,64,unconfounded,a,0,2.8097000000029766,52,41,-26,71,1,-14,22.33333333,19.33333333,3,34.47059939,37.04351795,-2.572918563,-26,-14,-12,-0.65,0.62,-1.27,FALSE
19,677853a510ec19bf89b5b32d,27,male,65,confounded,b,1,8.087099999994052,66,52,-14,71,33,-3,34.66666667,33.66666667,1,34.88393454,30.21405118,4.669883356,-14,-3,-11,-0.62,0.03,-0.65,FALSE
19,677853a510ec19bf89b5b32d,27,male,66,unconfounded,a,0,3.7887999999970816,61,53,-28,85,3,-20,28.66666667,22.66666667,6,40.20226638,45.0653846,-4.863118215,-28,-20,-8,-0.69,0.57,-1.26,FALSE
19,677853a510ec19bf89b5b32d,27,male,67,unconfounded,a,0,3.667799999996987,83,22,-20,90,5,-13,28.33333333,27.33333333,1,42.28737663,44.91720779,-2.629831159,-20,-13,-7,0.22,0.62,-0.4,FALSE
19,677853a510ec19bf89b5b32d,27,male,68,confounded,b,1,30.775499999999965,60,35,-32,57,29,-20,21,22,-1,38.8415585,31.82242396,7.01913454,-32,-20,-12,-0.49,-0.32,-0.17,FALSE
19,677853a510ec19bf89b5b32d,27,male,69,unconfounded,b,1,12.630599999994049,81,32,-83,99,17,-77,10,13,-3,68.73621074,71.90734779,-3.171137055,-83,-77,-6,-0.45,-0.08,-0.37,FALSE
19,677853a510ec19bf89b5b32d,27,male,70,unconfounded,a,0,2.599700000003054,74,46,-44,87,1,-39,25.33333333,16.33333333,9,50.34105901,52.56953068,-2.228471667,-44,-39,-5,-0.55,0.41,-0.96,FALSE
19,677853a510ec19bf89b5b32d,27,male,71,unconfounded,a,0,5.332799999996951,61,50,-88,94,11,-82,7.666666667,7.666666667,0,67.79544396,71.8903486,-4.094904639,-88,-82,-6,-0.69,-0.07,-0.62,FALSE
19,677853a510ec19bf89b5b32d,27,male,72,unconfounded,a,0,5.1099999999999,55,52,-40,92,13,-29,22.33333333,25.33333333,-3,44.09333535,50.16195991,-6.068624563,-40,-29,-11,-0.7,0.35,-1.05,FALSE
19,677853a510ec19bf89b5b32d,27,male,73,confounded,b,1,18.959500000000048,88,81,-45,99,73,-30,41.33333333,47.33333333,-6,61.11373732,55.70358058,5.410156742,-45,-30,-15,-0.7,-0.59,-0.11,FALSE
19,677853a510ec19bf89b5b32d,27,male,74,confounded,b,1,7.174400000005903,51,45,-68,56,48,-58,9.333333333,15.33333333,-6,54.73775865,51.95724738,2.780511269,-68,-58,-10,-0.7,-0.69,-0.01,FALSE
19,677853a510ec19bf89b5b32d,27,male,75,confounded,b,1,11.764499999999998,79,75,-24,86,58,-11,43.33333333,44.33333333,-1,47.6398526,40.76218291,6.877669688,-24,-11,-13,-0.7,-0.47,-0.23,FALSE
19,677853a510ec19bf89b5b32d,27,male,76,unconfounded,a,0,20.746600000008925,48,36,-33,76,20,-27,17,23,-6,35.6931366,42.10304819,-6.409911592,-33,-27,-6,-0.65,0.11,-0.76,FALSE
19,677853a510ec19bf89b5b32d,27,male,77,confounded,a,0,8.076999999999998,94,59,-24,99,39,-12,43,42,1,49.48400415,45.36518489,4.118819261,-24,-12,-12,-0.45,0.1,-0.55,FALSE
19,677853a510ec19bf89b5b32d,27,male,78,unconfounded,a,0,2.743099999994115,66,61,-25,89,4,-18,34,25,9,41.76920716,46.13747573,-4.368268571,-25,-18,-7,-0.7,0.59,-1.29,FALSE
19,677853a510ec19bf89b5b32d,27,male,79,unconfounded,a,0,6.846900000005917,80,31,-38,94,5,-26,24.33333333,24.33333333,0,48.40339749,50.86146762,-2.458070131,-38,-26,-12,-0.2,0.52,-0.72,FALSE
19,677853a510ec19bf89b5b32d,27,male,80,unconfounded,a,0,3.11019999998814,89,46,-17,99,10,-9,39.33333333,33.33333333,6,43.53032149,47.07676945,-3.546447966,-17,-9,-8,-0.23,0.62,-0.85,FALSE
19,677853a510ec19bf89b5b32d,27,male,81,unconfounded,a,0,2.4477000000030102,67,35,-44,90,1,-33,19.33333333,19.33333333,0,46.64999702,51.86092513,-5.210928109,-44,-33,-11,-0.47,0.49,-0.96,FALSE
19,677853a510ec19bf89b5b32d,27,male,82,confounded,a,0,7.041999999999916,83,50,-11,85,29,-1,40.66666667,37.66666667,3,38.93869826,35.64017708,3.298521182,-11,-1,-10,-0.35,0.35,-0.7,FALSE
19,677853a510ec19bf89b5b32d,27,male,83,confounded,a,0,2.7435999999939895,91,40,-37,81,27,-32,31.33333333,25.33333333,6,52.61389761,46.14710777,6.466789845,-37,-32,-5,-0.24,-0.05,-0.19,FALSE
19,677853a510ec19bf89b5b32d,27,male,84,unconfounded,a,0,4.093599999994012,81,51,-42,96,4,-37,30,21,9,52.36410985,55.61174936,-3.247639512,-42,-37,-5,-0.54,0.43,-0.97,FALSE
19,677853a510ec19bf89b5b32d,27,male,85,confounded,a,0,6.227299999997058,88,64,-15,89,47,-2,45.66666667,44.66666667,1,44.00252518,37.18721405,6.815311129,-15,-2,-13,-0.55,-0.09,-0.46,FALSE
19,677853a510ec19bf89b5b32d,27,male,86,confounded,a,0,5.82000000000005,84,54,-18,91,30,-4,40,39,1,42.80186912,39.3022476,3.499621515,-18,-4,-14,-0.46,0.33,-0.79,FALSE
19,677853a510ec19bf89b5b32d,27,male,87,confounded,b,1,17.592200000003004,42,40,-31,59,28,-18,17,23,-6,33.950945,31.63331577,2.317629233,-31,-18,-13,-0.71,-0.23,-0.48,FALSE
19,677853a510ec19bf89b5b32d,27,male,88,unconfounded,a,0,2.2666000000090207,76,54,-46,97,16,-38,28,25,3,53.09111665,55.47972603,-2.388609381,-46,-38,-8,-0.62,0.24,-0.86,FALSE
19,677853a510ec19bf89b5b32d,27,male,89,confounded,a,0,4.060199999988072,86,80,-10,84,66,-3,52,49,3,43.9089968,37.49666652,6.412330282,-10,-3,-7,-0.7,-0.59,-0.11,FALSE
19,677853a510ec19bf89b5b32d,27,male,90,confounded,a,0,28.992099999994025,74,69,-25,82,49,-13,39.33333333,39.33333333,0,45.5363103,39.38132665,6.154983646,-25,-13,-12,-0.7,-0.35,-0.35,FALSE
19,677853a510ec19bf89b5b32d,27,male,91,unconfounded,b,1,13.351099999993949,71,42,-92,95,21,-86,7,10,-3,70.99765254,74.30118886,-3.303536321,-92,-86,-6,-0.62,-0.22,-0.4,FALSE
19,677853a510ec19bf89b5b32d,27,male,92,confounded,a,0,9.230800000011868,83,79,-38,99,58,-24,41.33333333,44.33333333,-3,56.12090124,51.13598429,4.98491695,-38,-24,-14,-0.7,-0.38,-0.32,FALSE
19,677853a510ec19bf89b5b32d,27,male,93,unconfounded,b,1,6.483499999999822,65,10,-62,90,1,-51,4.333333333,13.33333333,-9,52.00213671,58.21988969,-6.217752982,-62,-51,-11,-0.16,0.31,-0.47,FALSE
19,677853a510ec19bf89b5b32d,27,male,94,unconfounded,a,0,2.9505000000001473,72,70,-17,94,24,-11,41.66666667,35.66666667,6,41.49163236,43.65266951,-2.161037156,-17,-11,-6,-0.71,0.38,-1.09,FALSE
19,677853a510ec19bf89b5b32d,27,male,95,unconfounded,a,0,1.9772000000029948,82,38,-49,98,3,-39,23.66666667,20.66666667,3,54.43242498,57.308134,-2.87570902,-49,-39,-10,-0.38,0.43,-0.81,FALSE
19,677853a510ec19bf89b5b32d,27,male,97,unconfounded,a,0,5.710100000008879,51,48,-71,84,26,-64,9.333333333,15.33333333,-6,56.81744646,60.88969991,-4.072253454,-71,-64,-7,-0.71,-0.26,-0.45,FALSE
19,677853a510ec19bf89b5b32d,27,male,98,unconfounded,a,0,6.657700000002933,65,38,-26,81,20,-21,25.66666667,26.66666667,-1,38.16047985,41.90730512,-3.74682527,-26,-21,-5,-0.45,0.23,-0.68,FALSE
19,677853a510ec19bf89b5b32d,27,male,99,confounded,a,0,3.0667999999971016,65,35,-34,61,27,-22,22,22,0,41.44876355,34.06855833,7.380205222,-34,-22,-12,-0.44,-0.22,-0.22,FALSE
19,677853a510ec19bf89b5b32d,27,male,100,unconfounded,a,0,3.68469999998797,70,60,-28,92,11,-19,34,28,6,44.0302926,46.88283268,-2.852540076,-28,-19,-9,-0.68,0.5,-1.18,FALSE
19,677853a510ec19bf89b5b32d,27,male,101,confounded,b,1,16.100200000003042,89,83,-40,98,60,-26,44,44,0,59.44745579,51.87163644,7.575819354,-40,-26,-14,-0.7,-0.43,-0.27,FALSE
19,677853a510ec19bf89b5b32d,27,male,102,unconfounded,b,1,10.809400000006008,67,30,-64,98,12,-50,11,20,-9,55.14224031,60.68497892,-5.542738609,-64,-50,-14,-0.48,0.2,-0.68,FALSE
19,677853a510ec19bf89b5b32d,27,male,103,confounded,b,1,7.942899999991141,57,56,-92,65,49,-84,7,10,-3,70.00476174,66.78822251,3.216539228,-92,-84,-8,-0.71,-0.68,-0.03,FALSE
19,677853a510ec19bf89b5b32d,27,male,104,unconfounded,a,0,3.827299999996967,60,27,-47,80,4,-41,13.33333333,14.33333333,-1,44.73874781,49.93551397,-5.196766162,-47,-41,-6,-0.43,0.3,-0.73,FALSE
19,677853a510ec19bf89b5b32d,27,male,106,confounded,b,1,3.6193999999909465,77,61,-18,90,60,-3,40,49,-9,41.52910626,38.75564475,2.773461509,-18,-3,-15,-0.63,-0.4,-0.23,FALSE
19,677853a510ec19bf89b5b32d,27,male,107,confounded,b,1,12.008600000008984,30,4,-19,23,3,-8,5,6,-1,20.01665973,12.83225104,7.184408691,-19,-8,-11,0.07,0.34,-0.27,FALSE
19,677853a510ec19bf89b5b32d,27,male,109,confounded,a,0,19.13149999999996,88,55,-57,98,39,-42,28.66666667,31.66666667,-3,62.05553069,57.38950736,4.666023323,-57,-42,-15,-0.56,-0.19,-0.37,FALSE
19,677853a510ec19bf89b5b32d,27,male,110,confounded,a,0,6.494799999997213,89,74,-13,90,55,-4,50,47,3,44.96665431,38.79003308,6.176621228,-13,-4,-9,-0.65,-0.3,-0.35,FALSE
19,677853a510ec19bf89b5b32d,27,male,111,unconfounded,a,0,2.6664000000059787,57,37,-65,85,1,-54,9.666666667,10.66666667,-1,53.42492136,57.15670467,-3.731783312,-65,-54,-11,-0.63,0.25,-0.88,FALSE
19,677853a510ec19bf89b5b32d,27,male,112,unconfounded,a,0,3.652299999997013,69,66,-55,96,34,-50,26.66666667,26.66666667,0,57.76004001,59.82938706,-2.069347044,-55,-50,-5,-0.71,-0.18,-0.53,FALSE
19,677853a510ec19bf89b5b32d,27,male,113,unconfounded,a,0,1.3774000000059914,49,33,-54,78,3,-44,9.333333333,12.33333333,-3,45.25728916,50.24163833,-4.98434917,-54,-44,-10,-0.64,0.27,-0.91,FALSE
19,677853a510ec19bf89b5b32d,27,male,114,confounded,a,0,3.1336000000089825,74,51,-26,76,46,-14,33,36,-3,42.76291228,37.41657387,5.346338412,-26,-14,-12,-0.56,-0.38,-0.18,FALSE
19,677853a510ec19bf89b5b32d,27,male,115,confounded,a,0,3.4375,99,45,-67,98,5,-53,25.66666667,16.66666667,9,69.13432979,62.19503374,6.939296048,-67,-53,-14,-0.4,0.27,-0.67,FALSE
19,677853a510ec19bf89b5b32d,27,male,116,confounded,a,0,4.06049999999982,87,69,-31,91,47,-16,41.66666667,40.66666667,1,51.90589776,43.91152721,7.994370546,-31,-16,-15,-0.64,-0.21,-0.43,FALSE
19,677853a510ec19bf89b5b32d,27,male,117,unconfounded,a,0,1.8988999999910448,79,53,-16,96,9,-7,38.66666667,32.66666667,6,40.08601862,45.25728916,-5.17127054,-16,-7,-9,-0.49,0.64,-1.13,FALSE
19,677853a510ec19bf89b5b32d,27,male,118,confounded,a,0,10.830299999997123,81,48,-42,79,15,-34,29,20,9,51.98076567,46.26733909,5.713426581,-42,-34,-8,-0.5,0.16,-0.66,FALSE
19,677853a510ec19bf89b5b32d,27,male,119,confounded,a,0,2.2601000000090608,67,65,-84,92,13,-75,16,10,6,70.71539201,68.21045863,2.504933376,-84,-75,-9,-0.71,-0.07,-0.64,FALSE
19,677853a510ec19bf89b5b32d,27,male,120,unconfounded,a,0,2.5054999999999836,64,23,-82,89,11,-77,1.666666667,7.666666667,-6,61.48351179,67.81019261,-6.326680822,-82,-77,-5,-0.48,-0.07,-0.41,FALSE
19,677853a510ec19bf89b5b32d,27,male,121,unconfounded,a,0,1.472200000003113,82,49,-56,98,10,-51,25,19,6,58.83876273,61.16098975,-2.322227012,-56,-51,-5,-0.54,0.22,-0.76,FALSE
19,677853a510ec19bf89b5b32d,27,male,122,unconfounded,a,0,2.20169999998825,65,46,-24,88,13,-14,29,29,0,38.27096375,43.15089802,-4.879934267,-24,-14,-10,-0.58,0.51,-1.09,FALSE
19,677853a510ec19bf89b5b32d,27,male,123,confounded,b,1,4.400400000005902,60,45,-95,64,47,-83,3.333333333,9.333333333,-6,69.8013053,65.65735975,4.143945558,-95,-83,-12,-0.68,-0.67,-0.01,FALSE
19,677853a510ec19bf89b5b32d,27,male,124,confounded,a,0,13.177299999997103,67,16,-14,66,5,-2,23,23,0,33.43650699,30.53959179,2.896915205,-14,-2,-12,0.3,0.68,-0.38,FALSE
19,677853a510ec19bf89b5b32d,27,male,125,unconfounded,a,0,8.871099999994158,58,49,-41,85,1,-29,22,19,3,44.69899328,48.24935233,-3.55035905,-41,-29,-12,-0.69,0.51,-1.2,FALSE
19,677853a510ec19bf89b5b32d,27,male,126,unconfounded,a,0,1.8495999999938704,63,47,-21,91,15,-14,29.66666667,30.66666667,-1,36.41733409,44.27439692,-7.857062825,-21,-14,-7,-0.61,0.49,-1.1,FALSE
19,677853a510ec19bf89b5b32d,27,male,127,confounded,a,0,3.0995999999940977,95,77,-55,97,48,-46,39,33,6,66.87301399,59.33520596,7.537808026,-55,-46,-9,-0.67,-0.36,-0.31,FALSE
19,677853a510ec19bf89b5b32d,27,male,128,unconfounded,a,0,8.509800000012092,56,39,-78,85,2,-70,5.666666667,5.666666667,0,59.56695579,63.33157892,-3.764623132,-78,-70,-8,-0.66,0.09,-0.75,FALSE
19,677853a510ec19bf89b5b32d,27,male,129,unconfounded,a,0,1.441399999991063,77,67,-13,98,10,-4,43.66666667,34.66666667,9,40.27681991,45.14667454,-4.86985463,-13,-4,-9,-0.67,0.66,-1.33,FALSE
19,677853a510ec19bf89b5b32d,27,male,130,unconfounded,a,0,1.1771999999880336,61,43,-79,96,2,-73,8.333333333,8.333333333,0,62.18967403,69.13915115,-6.949477127,-79,-73,-6,-0.66,0.14,-0.8,FALSE
19,677853a510ec19bf89b5b32d,27,male,131,unconfounded,a,0,1.07630000001177,84,46,-12,97,13,-1,39.33333333,36.33333333,3,39.47432358,43.27688631,-3.802562731,-12,-1,-11,-0.25,0.65,-0.9,FALSE
19,677853a510ec19bf89b5b32d,27,male,132,confounded,a,0,1.4666999999881227,81,74,-67,96,32,-58,29.33333333,23.33333333,6,68.17787194,63.16820579,5.009666154,-67,-58,-9,-0.7,-0.2,-0.5,FALSE
19,677853a510ec19bf89b5b32d,27,male,133,unconfounded,a,0,0.9928000000120392,72,70,-34,99,2,-20,36,27,9,49.50420858,51.69784006,-2.193631483,-34,-20,-14,-0.71,0.61,-1.32,FALSE
19,677853a510ec19bf89b5b32d,27,male,134,unconfounded,b,1,2.0764999999998963,61,53,-62,85,48,-54,17.33333333,26.33333333,-9,56.19213073,58.77830288,-2.586172149,-62,-54,-8,-0.7,-0.5,-0.2,FALSE
19,677853a510ec19bf89b5b32d,27,male,135,unconfounded,a,0,1.1187999999970089,58,28,-19,71,11,-12,22.33333333,23.33333333,-1,31.68946548,34.98888712,-3.299421648,-19,-12,-7,-0.26,0.48,-0.74,FALSE
19,677853a510ec19bf89b5b32d,27,male,136,confounded,a,0,9.865999999999984,75,56,-40,78,43,-30,30.33333333,30.33333333,0,50.33443707,44.99135719,5.343079879,-40,-30,-10,-0.63,-0.4,-0.23,FALSE
19,677853a510ec19bf89b5b32d,27,male,137,confounded,a,0,22.516299999997045,52,14,-16,53,17,-2,16.66666667,22.66666667,-6,27.82484901,22.80838053,5.01646848,-16,-2,-14,0.14,0.36,-0.22,FALSE
19,677853a510ec19bf89b5b32d,27,male,138,confounded,a,0,3.133599999993976,89,67,-17,87,61,-12,46.33333333,45.33333333,1,45.67518169,41.90730512,3.76787657,-17,-12,-5,-0.59,-0.51,-0.08,FALSE
19,677853a510ec19bf89b5b32d,27,male,139,confounded,b,1,3.3138999999910084,67,34,-59,77,37,-45,14,23,-9,53.34791467,50.78057371,2.56734096,-59,-45,-14,-0.51,-0.39,-0.12,FALSE
19,677853a510ec19bf89b5b32d,27,male,140,confounded,a,0,3.154299999996965,98,40,-65,99,32,-55,24.33333333,25.33333333,-1,67.46027638,63.04671989,4.413556487,-65,-55,-10,-0.34,-0.16,-0.18,FALSE
19,677853a510ec19bf89b5b32d,27,male,141,unconfounded,a,0,3.8877999999970143,60,34,-88,93,15,-75,2,11,-9,64.51873113,68.64400921,-4.125278077,-88,-75,-13,-0.62,-0.09,-0.53,FALSE
19,677853a510ec19bf89b5b32d,27,male,142,confounded,a,0,1.7164999999999964,92,55,-16,86,47,-5,43.66666667,42.66666667,1,44.8131925,37.27674282,7.536449678,-16,-5,-11,-0.36,-0.17,-0.19,FALSE
19,677853a510ec19bf89b5b32d,27,male,143,unconfounded,a,0,9.561699999987924,72,62,-10,99,53,-1,41.33333333,50.33333333,-9,36.52700675,40.86835233,-4.341345579,-10,-1,-9,-0.67,-0.1,-0.57,FALSE
19,677853a510ec19bf89b5b32d,27,male,144,unconfounded,a,0,2.184299999996938,74,30,-33,93,7,-20,23.66666667,26.66666667,-3,43.91152721,48.18252334,-4.270996128,-33,-20,-13,-0.21,0.54,-0.75,FALSE
19,677853a510ec19bf89b5b32d,27,male,145,unconfounded,a,0,1.536200000002964,73,50,-46,98,7,-31,25.66666667,24.66666667,1,51.53855084,54.12536887,-2.586818037,-46,-31,-15,-0.6,0.45,-1.05,FALSE
19,677853a510ec19bf89b5b32d,27,male,146,unconfounded,a,0,1.4322999999969852,63,45,-19,81,8,-9,29.66666667,26.66666667,3,35.18838192,39.04128869,-3.852906764,-19,-9,-10,-0.57,0.61,-1.18,FALSE
19,677853a510ec19bf89b5b32d,27,male,147,confounded,b,1,3.759799999996858,96,51,-91,99,54,-79,18.66666667,24.66666667,-6,79.69246444,75.57042337,4.122041069,-91,-79,-12,-0.54,-0.52,-0.02,FALSE
19,677853a510ec19bf89b5b32d,27,male,148,confounded,a,0,3.743100000009008,80,61,-49,77,57,-42,30.66666667,30.66666667,0,56.86436103,52.02777036,4.836590669,-49,-42,-7,-0.65,-0.63,-0.02,FALSE
19,677853a510ec19bf89b5b32d,27,male,149,unconfounded,a,0,1.2769999999998165,80,45,-79,99,3,-74,15.33333333,9.333333333,6,68.2169741,70.76879413,-2.551820026,-79,-74,-5,-0.57,0.13,-0.7,FALSE
19,677853a510ec19bf89b5b32d,27,male,150,confounded,a,0,7.176599999994096,66,61,-21,85,54,-6,35.33333333,44.33333333,-9,39.88594851,37.77418284,2.111765679,-21,-6,-15,-0.7,-0.37,-0.33,FALSE
19,677853a510ec19bf89b5b32d,27,male,151,confounded,a,0,4.243400000005977,91,75,-12,94,55,-4,51.33333333,48.33333333,3,45.25728916,40.28509512,4.97219404,-12,-4,-8,-0.64,-0.24,-0.4,FALSE
19,677853a510ec19bf89b5b32d,27,male,152,confounded,b,1,2.7590999999940777,62,49,-44,69,55,-30,22.33333333,31.33333333,-9,47.20404879,43.74420597,3.459842825,-44,-30,-14,-0.67,-0.65,-0.02,FALSE
19,677853a510ec19bf89b5b32d,27,male,153,unconfounded,a,0,1.6997999999969124,79,56,-16,99,19,-8,39.66666667,36.66666667,3,40.46672158,45.4337124,-4.966990816,-16,-8,-8,-0.54,0.52,-1.06,FALSE
19,677853a510ec19bf89b5b32d,27,male,154,unconfounded,a,0,2.2509999999999764,57,33,-78,87,14,-71,4,10,-6,58.80476171,64.56521251,-5.7604508,-78,-71,-7,-0.62,-0.09,-0.53,FALSE
19,677853a510ec19bf89b5b32d,27,male,155,confounded,a,0,1.566099999994094,60,35,-17,52,7,-8,26,17,9,32.07283378,25.49509757,6.577736212,-17,-8,-9,-0.4,0.53,-0.93,FALSE
19,677853a510ec19bf89b5b32d,27,male,156,unconfounded,a,0,1.2280999999941289,71,48,-19,96,7,-6,33.33333333,32.33333333,1,38.17794593,45.33088229,-7.152936355,-19,-6,-13,-0.52,0.66,-1.18,FALSE
19,677853a510ec19bf89b5b32d,27,male,157,confounded,a,0,4.176299999997127,59,54,-8,62,28,-3,35,29,6,30.47403266,26.54555832,3.928474339,-8,-3,-5,-0.69,0.06,-0.75,FALSE
19,677853a510ec19bf89b5b32d,27,male,158,confounded,a,0,1.9935999999941032,69,40,-29,65,14,-17,26.66666667,20.66666667,6,41.10420362,33.80663972,7.297563908,-29,-17,-12,-0.45,0.29,-0.74,FALSE
19,677853a510ec19bf89b5b32d,27,male,159,unconfounded,a,0,1.1273999999909847,77,49,-72,97,6,-67,18,12,6,64.65807503,67.08700818,-2.42893315,-72,-67,-5,-0.61,0.13,-0.74,FALSE
19,677853a510ec19bf89b5b32d,27,male,160,unconfounded,a,0,0.9990000000000236,85,48,-45,99,2,-40,29.33333333,20.33333333,9,54.68901982,58.20843772,-3.519417903,-45,-40,-5,-0.47,0.44,-0.91,FALSE
19,677853a510ec19bf89b5b32d,27,male,161,unconfounded,a,0,1.049299999996947,65,27,-35,83,18,-26,19,25,-6,41.21488404,44.77350407,-3.558620027,-35,-26,-9,-0.28,0.23,-0.51,FALSE
19,677853a510ec19bf89b5b32d,27,male,162,unconfounded,a,0,1.176699999988159,66,36,-14,80,11,-6,29.33333333,28.33333333,1,32.99831646,37.18721405,-4.188897596,-14,-6,-8,-0.29,0.6,-0.89,FALSE
19,677853a510ec19bf89b5b32d,27,male,163,unconfounded,a,0,1.050700000002962,68,22,-72,90,16,-61,6,15,-9,58.26376804,61.64954717,-3.385779129,-72,-61,-11,-0.39,-0.02,-0.37,FALSE
19,677853a510ec19bf89b5b32d,27,male,164,unconfounded,b,1,2.4162000000028456,69,32,-47,87,24,-39,18,24,-6,48.38043682,51.4392846,-3.058847781,-47,-39,-8,-0.41,0,-0.41,FALSE
19,677853a510ec19bf89b5b32d,27,male,165,confounded,b,1,6.110500000000002,39,30,-45,49,34,-32,8,17,-9,37.65634077,35.18522417,2.471116596,-45,-32,-13,-0.68,-0.61,-0.07,FALSE
19,677853a510ec19bf89b5b32d,27,male,166,confounded,b,1,4.1965000000000146,85,31,-13,81,32,-1,34.33333333,37.33333333,-3,40.07770231,33.68811198,6.389590326,-13,-1,-12,0.12,0.23,-0.11,FALSE
19,677853a510ec19bf89b5b32d,27,male,167,confounded,a,0,5.258299999997007,82,63,-26,93,35,-12,39.66666667,38.66666667,1,47.07676945,42.94440851,4.132360945,-26,-12,-14,-0.62,0.13,-0.75,FALSE
19,677853a510ec19bf89b5b32d,27,male,168,unconfounded,a,0,1.2342999999971198,58,54,-47,89,7,-34,21.66666667,20.66666667,1,48.58211834,51.13598429,-2.553865948,-47,-34,-13,-0.7,0.38,-1.08,FALSE
19,677853a510ec19bf89b5b32d,27,male,169,unconfounded,a,0,1.2268999999910193,83,40,-8,91,7,-1,38.33333333,32.33333333,6,37.16928242,41.61196409,-4.442681672,-8,-1,-7,-0.07,0.69,-0.76,FALSE
19,677853a510ec19bf89b5b32d,27,male,170,confounded,a,0,2.274299999997083,95,41,-73,89,40,-63,21,22,-1,70.0285656,63.34561284,6.682952755,-73,-63,-10,-0.41,-0.4,-0.01,FALSE
19,677853a510ec19bf89b5b32d,27,male,171,confounded,a,0,2.0097999999970853,87,67,-40,97,42,-25,38,38,0,55.75541827,49.88653793,5.868880342,-40,-25,-15,-0.64,-0.12,-0.52,FALSE
19,677853a510ec19bf89b5b32d,27,male,172,confounded,a,0,1.2215000000001055,80,43,-41,81,8,-34,27.33333333,18.33333333,9,50.62498285,47.5137407,3.111242151,-41,-34,-7,-0.43,0.32,-0.75,FALSE
19,677853a510ec19bf89b5b32d,27,male,173,confounded,a,0,1.1770999999939704,76,47,-60,74,22,-51,21,15,6,58.48646567,51.27052435,7.215941325,-60,-51,-9,-0.58,-0.2,-0.38,FALSE
19,677853a510ec19bf89b5b32d,27,male,174,unconfounded,a,0,1.1273000000119282,74,36,-41,90,6,-30,23,22,1,47.84001115,50.27922036,-2.439209212,-41,-30,-11,-0.39,0.45,-0.84,FALSE
19,677853a510ec19bf89b5b32d,27,male,175,unconfounded,a,0,1.327299999996967,64,49,-69,94,7,-60,14.66666667,13.66666667,1,59.4773533,63.04671989,-3.56936659,-69,-60,-9,-0.67,0.16,-0.83,FALSE
19,677853a510ec19bf89b5b32d,27,male,176,unconfounded,a,0,1.1325999999939995,58,37,-21,83,16,-7,24.66666667,30.66666667,-6,33.40991204,38.17794593,-4.768033896,-21,-7,-14,-0.5,0.52,-1.02,FALSE
19,677853a510ec19bf89b5b32d,27,male,177,unconfounded,a,0,1.0319999999999254,80,55,-43,97,5,-37,30.66666667,21.66666667,9,53.08065142,55.96030339,-2.879651967,-43,-37,-6,-0.59,0.42,-1.01,FALSE
19,677853a510ec19bf89b5b32d,27,male,178,unconfounded,a,0,1.310400000005984,71,45,-35,95,9,-23,27,27,0,45.10727953,49.82636518,-4.719085645,-35,-23,-12,-0.54,0.49,-1.03,FALSE
19,677853a510ec19bf89b5b32d,27,male,179,confounded,a,0,3.750299999996969,84,74,-73,96,33,-62,28.33333333,22.33333333,6,71.76969339,64.9427098,6.826983592,-73,-62,-11,-0.7,-0.24,-0.46,FALSE
19,677853a510ec19bf89b5b32d,27,male,180,unconfounded,a,0,1.1504999999999654,74,35,-30,97,8,-17,26.33333333,29.33333333,-3,42.89781139,48.92397731,-6.026165915,-30,-17,-13,-0.29,0.57,-0.86,FALSE
19,677853a510ec19bf89b5b32d,27,male,181,confounded,a,0,2.1273999999909847,93,88,-12,97,64,-1,56.33333333,53.33333333,3,48.36206043,40.71308826,7.64897217,-12,-1,-11,-0.7,-0.38,-0.32,FALSE
19,677853a510ec19bf89b5b32d,27,male,182,confounded,b,1,3.151700000003075,65,54,-20,73,59,-6,33,42,-9,37.74475681,34.41898701,3.325769802,-20,-6,-14,-0.66,-0.62,-0.04,FALSE
19,677853a510ec19bf89b5b32d,27,male,183,unconfounded,a,0,1.2267000000031203,55,19,-13,73,1,-4,20.33333333,23.33333333,-3,27.77688887,35.17890782,-7.402018947,-13,-4,-9,0.07,0.7,-0.63,FALSE
19,677853a510ec19bf89b5b32d,27,male,184,unconfounded,a,0,1.8167000000030384,62,50,-83,92,15,-75,9.666666667,10.66666667,-1,65.70810875,68.24628602,-2.53817727,-83,-75,-8,-0.69,-0.09,-0.6,FALSE
19,677853a510ec19bf89b5b32d,27,male,185,confounded,b,1,3.709399999991092,81,40,-65,84,42,-52,18.66666667,24.66666667,-6,61.48351179,56.85849883,4.625012964,-65,-52,-13,-0.48,-0.43,-0.05,FALSE
19,677853a510ec19bf89b5b32d,27,male,186,unconfounded,a,0,2.03449999999998,62,45,-31,84,8,-19,25.33333333,24.33333333,1,40.43375927,43.60682923,-3.173069958,-31,-19,-12,-0.61,0.51,-1.12,FALSE
19,677853a510ec19bf89b5b32d,27,male,187,confounded,a,0,5.560299999996914,82,74,-71,84,63,-59,28.33333333,29.33333333,-1,70.31516353,63.04671989,7.26844364,-71,-59,-12,-0.7,-0.65,-0.05,FALSE
19,677853a510ec19bf89b5b32d,27,male,188,confounded,a,0,1.9990000000000236,84,56,-46,86,24,-34,31.33333333,25.33333333,6,55.86491644,48.9988662,6.86605024,-46,-34,-12,-0.58,0.04,-0.62,FALSE
19,677853a510ec19bf89b5b32d,27,male,189,confounded,a,0,2.227200000002995,45,24,-31,48,17,-18,12.66666667,15.66666667,-3,32.0451071,26.96087701,5.084230092,-31,-18,-13,-0.49,-0.07,-0.42,FALSE
19,677853a510ec19bf89b5b32d,27,male,190,unconfounded,a,0,1.5837999999971544,63,43,-58,93,3,-51,16,15,1,52.95910372,59.39696962,-6.437865901,-58,-51,-7,-0.63,0.29,-0.92,FALSE
19,677853a510ec19bf89b5b32d,27,male,191,confounded,b,1,1.9479000000058024,82,80,-87,96,60,-78,25,26,-1,79.20016835,74.99333304,4.206835313,-87,-78,-9,-0.71,-0.59,-0.12,FALSE
19,677853a510ec19bf89b5b32d,27,male,192,confounded,a,0,1.9669999999998709,99,38,-35,87,15,-27,34,25,9,54.77834122,47.07440918,7.703932035,-35,-27,-8,-0.11,0.31,-0.42,FALSE
19,677853a510ec19bf89b5b32d,27,male,193,confounded,a,0,5.382100000008904,81,75,-12,85,53,-3,48,45,3,42.49705872,36.36848453,6.128574196,-12,-3,-9,-0.7,-0.32,-0.38,FALSE
19,677853a510ec19bf89b5b32d,27,male,194,unconfounded,a,0,2.4511000000088643,70,16,-49,84,3,-41,12.33333333,15.33333333,-3,48.65068231,51.77086268,-3.12018037,-49,-41,-8,-0.11,0.34,-0.45,FALSE
19,677853a510ec19bf89b5b32d,27,male,195,unconfounded,a,0,5.769100000009075,92,54,-10,99,11,-1,45.33333333,36.33333333,9,42.08985098,44.58200933,-2.492158346,-10,-1,-9,-0.3,0.67,-0.97,FALSE
19,677853a510ec19bf89b5b32d,27,male,196,unconfounded,a,0,1.1602000000029875,39,29,-22,58,1,-13,15.33333333,15.33333333,0,26.71246068,30.70649587,-3.994035195,-22,-13,-9,-0.63,0.6,-1.23,FALSE
19,677853a510ec19bf89b5b32d,27,male,197,confounded,a,0,5.02979999999684,58,36,-89,59,29,-74,1.666666667,4.666666667,-3,64.73707507,56.95807425,7.779000822,-89,-74,-15,-0.65,-0.56,-0.09,FALSE
19,677853a510ec19bf89b5b32d,27,male,198,unconfounded,a,0,1.5590999999940325,57,52,-69,95,11,-63,13.33333333,14.33333333,-1,58.25423208,64.54627969,-6.29204761,-69,-63,-6,-0.7,0.08,-0.78,FALSE
19,677853a510ec19bf89b5b32d,27,male,199,confounded,a,0,5.322100000008959,91,73,-19,96,36,-14,48.33333333,39.33333333,9,48.17560471,44.96912521,3.206479496,-19,-14,-5,-0.63,0.11,-0.74,FALSE
19,677853a510ec19bf89b5b32d,27,male,200,confounded,a,0,8.049999999999955,48,42,-20,63,30,-5,23.33333333,29.33333333,-6,30.73904502,27.7648859,2.974159125,-20,-5,-15,-0.69,-0.04,-0.65,FALSE
19,677853a510ec19bf89b5b32d,27,male,201,confounded,b,1,3.676900000005844,65,30,-84,74,33,-69,3.666666667,12.66666667,-9,63.61516241,60.12394605,3.491216361,-84,-69,-15,-0.55,-0.47,-0.08,FALSE
19,677853a510ec19bf89b5b32d,27,male,202,unconfounded,a,0,2.792799999996987,70,55,-15,99,30,-1,36.66666667,42.66666667,-6,37.04351795,41.7957999,-4.752281944,-15,-1,-14,-0.62,0.43,-1.05,FALSE
19,677853a510ec19bf89b5b32d,27,male,203,confounded,a,0,2.143400000006068,82,32,-65,81,1,-60,16.33333333,7.333333333,9,61.02640594,57.73695139,3.289454554,-65,-60,-5,-0.37,0.16,-0.53,FALSE
19,677853a510ec19bf89b5b32d,27,male,204,confounded,a,0,1.4342999999971653,76,27,-21,72,4,-12,27.33333333,21.33333333,6,39.60078563,36.41733409,3.183451536,-21,-12,-9,0.01,0.61,-0.6,FALSE
19,677853a510ec19bf89b5b32d,27,male,205,unconfounded,b,1,3.882600000009006,74,33,-32,94,35,-27,25,34,-9,43.64248694,49.40310382,-5.760616872,-32,-27,-5,-0.27,-0.03,-0.24,FALSE
19,677853a510ec19bf89b5b32d,27,male,206,unconfounded,a,0,1.559500000000071,52,25,-28,65,9,-22,16.33333333,17.33333333,-1,33.22983933,36.00308629,-2.773246953,-28,-22,-6,-0.37,0.33,-0.7,FALSE
19,677853a510ec19bf89b5b32d,27,male,207,confounded,a,0,2.6767999999970016,95,89,-13,98,73,-3,57,56,1,49.55804677,42.94958285,6.608463927,-13,-3,-10,-0.7,-0.53,-0.17,FALSE
19,677853a510ec19bf89b5b32d,27,male,208,confounded,a,0,1.2502000000029057,79,45,-35,80,2,-20,29.66666667,20.66666667,9,47.7865625,42.90558109,4.880981407,-35,-20,-15,-0.45,0.57,-1.02,FALSE
19,677853a510ec19bf89b5b32d,27,male,209,unconfounded,a,0,1.0267000000028474,61,49,-22,81,3,-14,29.33333333,23.33333333,6,36.62725154,41.36289266,-4.735641114,-22,-14,-8,-0.65,0.62,-1.27,FALSE
19,677853a510ec19bf89b5b32d,27,male,210,confounded,b,1,10.893499999999904,93,87,-40,99,80,-30,46.66666667,49.66666667,-3,61.33152171,56.86436103,4.467160681,-40,-30,-10,-0.7,-0.65,-0.05,FALSE
19,677853a510ec19bf89b5b32d,27,male,211,unconfounded,a,0,5.307700000003024,86,44,-23,97,16,-15,35.66666667,32.66666667,3,44.88751373,47.21816976,-2.33065603,-23,-15,-8,-0.27,0.49,-0.76,FALSE
19,677853a510ec19bf89b5b32d,27,male,212,unconfounded,a,0,2.2654999999999745,45,38,-33,83,15,-21,16.66666667,25.66666667,-9,35.23571421,43.12256434,-7.886850138,-33,-21,-12,-0.69,0.36,-1.05,FALSE
19,677853a510ec19bf89b5b32d,27,male,213,unconfounded,a,0,2.010899999991125,50,24,-56,83,8,-46,6,15,-9,45.10727953,52.89612462,-7.788845091,-56,-46,-10,-0.54,0.2,-0.74,FALSE
19,677853a510ec19bf89b5b32d,27,male,214,confounded,b,1,4.943200000002889,78,18,-86,77,22,-71,3.333333333,9.333333333,-6,67.75117875,61.08100268,6.670176067,-86,-71,-15,-0.31,-0.3,-0.01,FALSE
19,677853a510ec19bf89b5b32d,27,male,215,confounded,b,1,3.616700000002993,61,33,-71,68,40,-58,7.666666667,16.66666667,-9,56.78810517,54.02057221,2.767532958,-71,-58,-13,-0.58,-0.57,-0.01,FALSE
19,677853a510ec19bf89b5b32d,27,male,216,confounded,a,0,2.141899999990983,79,76,-68,85,37,-62,29,20,9,68.60029154,61.20457499,7.395716552,-68,-62,-6,-0.71,-0.4,-0.31,FALSE
19,677853a510ec19bf89b5b32d,27,male,217,confounded,a,0,2.7929999999998927,93,73,-18,97,48,-6,49.33333333,46.33333333,3,48.30688932,42.06608557,6.240803743,-18,-6,-12,-0.62,-0.06,-0.56,FALSE
19,677853a510ec19bf89b5b32d,27,male,218,unconfounded,a,0,4.885200000003124,76,42,-93,97,33,-87,8.333333333,14.33333333,-6,72.9855389,76.26853145,-3.282992543,-93,-87,-6,-0.59,-0.35,-0.24,FALSE
19,677853a510ec19bf89b5b32d,27,male,219,confounded,a,0,2.4756999999881373,81,78,-44,94,63,-33,38.33333333,41.33333333,-3,58.2313394,54.06374838,4.167591025,-44,-33,-11,-0.71,-0.54,-0.17,FALSE
20,67d04e57ae59b71e07329bf5,52,female,0,confounded,b,1,10.879000000000003,67,16,-14,66,5,-2,23,23,0,33.43650699,30.53959179,2.896915205,-14,-2,-12,0.3,0.68,-0.38,FALSE
20,67d04e57ae59b71e07329bf5,52,female,1,unconfounded,a,0,16.88500000000002,60,27,-47,80,4,-41,13.33333333,14.33333333,-1,44.73874781,49.93551397,-5.196766162,-47,-41,-6,-0.43,0.3,-0.73,FALSE
20,67d04e57ae59b71e07329bf5,52,female,2,confounded,a,0,4.926000000000016,95,41,-73,89,40,-63,21,22,-1,70.0285656,63.34561284,6.682952755,-73,-63,-10,-0.41,-0.4,-0.01,FALSE
20,67d04e57ae59b71e07329bf5,52,female,3,confounded,b,1,8.358000000000004,65,54,-20,73,59,-6,33,42,-9,37.74475681,34.41898701,3.325769802,-20,-6,-14,-0.66,-0.62,-0.04,FALSE
20,67d04e57ae59b71e07329bf5,52,female,4,confounded,b,1,6.043000000000006,59,54,-8,62,28,-3,35,29,6,30.47403266,26.54555832,3.928474339,-8,-3,-5,-0.69,0.06,-0.75,FALSE
20,67d04e57ae59b71e07329bf5,52,female,5,confounded,b,1,7.376000000000005,66,52,-14,71,33,-3,34.66666667,33.66666667,1,34.88393454,30.21405118,4.669883356,-14,-3,-11,-0.62,0.03,-0.65,FALSE
20,67d04e57ae59b71e07329bf5,52,female,6,confounded,b,1,8.510999999999996,60,35,-32,57,29,-20,21,22,-1,38.8415585,31.82242396,7.01913454,-32,-20,-12,-0.49,-0.32,-0.17,FALSE
20,67d04e57ae59b71e07329bf5,52,female,7,confounded,b,1,4.772999999999996,65,62,-49,72,57,-42,26,29,-3,53.04714884,50.57667447,2.470474374,-49,-42,-7,-0.71,-0.66,-0.05,FALSE
20,67d04e57ae59b71e07329bf5,52,female,8,unconfounded,b,1,2.5749999999999886,58,49,-41,85,1,-29,22,19,3,44.69899328,48.24935233,-3.55035905,-41,-29,-12,-0.69,0.51,-1.2,FALSE
20,67d04e57ae59b71e07329bf5,52,female,9,unconfounded,b,1,4.343999999999994,63,43,-58,93,3,-51,16,15,1,52.95910372,59.39696962,-6.437865901,-58,-51,-7,-0.63,0.29,-0.92,FALSE
20,67d04e57ae59b71e07329bf5,52,female,10,confounded,b,1,3.242000000000018,49,11,-37,57,15,-22,7.666666667,16.66666667,-9,35.18838192,32.27313985,2.915242074,-37,-22,-15,-0.14,0.08,-0.22,FALSE
20,67d04e57ae59b71e07329bf5,52,female,11,unconfounded,a,0,4.810000000000002,61,43,-79,96,2,-73,8.333333333,8.333333333,0,62.18967403,69.13915115,-6.949477127,-79,-73,-6,-0.66,0.14,-0.8,FALSE
20,67d04e57ae59b71e07329bf5,52,female,12,confounded,b,1,4.843999999999994,91,75,-12,94,55,-4,51.33333333,48.33333333,3,45.25728916,40.28509512,4.97219404,-12,-4,-8,-0.64,-0.24,-0.4,FALSE
20,67d04e57ae59b71e07329bf5,52,female,13,confounded,a,0,5.2690000000000055,82,32,-65,81,1,-60,16.33333333,7.333333333,9,61.02640594,57.73695139,3.289454554,-65,-60,-5,-0.37,0.16,-0.53,FALSE
20,67d04e57ae59b71e07329bf5,52,female,14,confounded,b,1,9.32299999999998,67,65,-84,92,13,-75,16,10,6,70.71539201,68.21045863,2.504933376,-84,-75,-9,-0.71,-0.07,-0.64,FALSE
20,67d04e57ae59b71e07329bf5,52,female,15,confounded,b,1,3.3589999999999804,52,14,-16,53,17,-2,16.66666667,22.66666667,-6,27.82484901,22.80838053,5.01646848,-16,-2,-14,0.14,0.36,-0.22,FALSE
20,67d04e57ae59b71e07329bf5,52,female,16,confounded,b,1,6.092999999999989,85,77,-20,97,78,-6,47.33333333,56.33333333,-9,47.72374205,44.75364665,2.970095399,-20,-6,-14,-0.69,-0.61,-0.08,FALSE
20,67d04e57ae59b71e07329bf5,52,female,17,unconfounded,a,0,2.6270000000000095,61,49,-22,81,3,-14,29.33333333,23.33333333,6,36.62725154,41.36289266,-4.735641114,-22,-14,-8,-0.65,0.62,-1.27,FALSE
20,67d04e57ae59b71e07329bf5,52,female,18,unconfounded,a,0,4.960999999999984,58,28,-19,71,11,-12,22.33333333,23.33333333,-1,31.68946548,34.98888712,-3.299421648,-19,-12,-7,-0.26,0.48,-0.74,FALSE
20,67d04e57ae59b71e07329bf5,52,female,19,confounded,b,1,9.553999999999974,94,59,-24,99,39,-12,43,42,1,49.48400415,45.36518489,4.118819261,-24,-12,-12,-0.45,0.1,-0.55,FALSE
20,67d04e57ae59b71e07329bf5,52,female,20,unconfounded,b,1,4.774999999999977,66,36,-14,80,11,-6,29.33333333,28.33333333,1,32.99831646,37.18721405,-4.188897596,-14,-6,-8,-0.29,0.6,-0.89,FALSE
20,67d04e57ae59b71e07329bf5,52,female,21,unconfounded,a,0,6.910000000000025,71,42,-92,95,21,-86,7,10,-3,70.99765254,74.30118886,-3.303536321,-92,-86,-6,-0.62,-0.22,-0.4,FALSE
20,67d04e57ae59b71e07329bf5,52,female,22,confounded,b,1,8.194000000000017,67,34,-59,77,37,-45,14,23,-9,53.34791467,50.78057371,2.56734096,-59,-45,-14,-0.51,-0.39,-0.12,FALSE
20,67d04e57ae59b71e07329bf5,52,female,23,unconfounded,a,0,4.652999999999963,49,33,-54,78,3,-44,9.333333333,12.33333333,-3,45.25728916,50.24163833,-4.98434917,-54,-44,-10,-0.64,0.27,-0.91,FALSE
20,67d04e57ae59b71e07329bf5,52,female,24,confounded,b,1,10.009999999999993,32,12,-39,37,19,-24,1.666666667,10.66666667,-9,29.89239963,25.59079696,4.301602672,-39,-24,-15,-0.48,-0.45,-0.03,FALSE
20,67d04e57ae59b71e07329bf5,52,female,25,unconfounded,a,0,2.6930000000000405,64,56,-58,94,9,-50,20.66666667,17.66666667,3,55.72152985,59.10630724,-3.384777389,-58,-50,-8,-0.7,0.22,-0.92,FALSE
20,67d04e57ae59b71e07329bf5,52,female,26,unconfounded,b,1,6.676000000000045,67,30,-64,98,12,-50,11,20,-9,55.14224031,60.68497892,-5.542738609,-64,-50,-14,-0.48,0.2,-0.68,FALSE
20,67d04e57ae59b71e07329bf5,52,female,27,unconfounded,a,0,2.826999999999998,82,49,-56,98,10,-51,25,19,6,58.83876273,61.16098975,-2.322227012,-56,-51,-5,-0.54,0.22,-0.76,FALSE
20,67d04e57ae59b71e07329bf5,52,female,28,confounded,b,1,3.975999999999999,86,80,-10,84,66,-3,52,49,3,43.9089968,37.49666652,6.412330282,-10,-3,-7,-0.7,-0.59,-0.11,FALSE
20,67d04e57ae59b71e07329bf5,52,female,29,confounded,b,1,3.326000000000022,82,65,-29,77,59,-18,39.33333333,39.33333333,0,48.81484292,41.20140235,7.613440566,-29,-18,-11,-0.64,-0.61,-0.03,FALSE
20,67d04e57ae59b71e07329bf5,52,female,30,confounded,b,1,3.641999999999996,79,27,-34,70,26,-24,24,24,0,46.18080409,38.40138886,7.779415229,-34,-24,-10,-0.1,-0.08,-0.02,FALSE
20,67d04e57ae59b71e07329bf5,52,female,31,confounded,b,1,6.425999999999988,89,74,-13,90,55,-4,50,47,3,44.96665431,38.79003308,6.176621228,-13,-4,-9,-0.65,-0.3,-0.35,FALSE
20,67d04e57ae59b71e07329bf5,52,female,32,confounded,a,0,9.860000000000014,91,40,-37,81,27,-32,31.33333333,25.33333333,6,52.61389761,46.14710777,6.466789845,-37,-32,-5,-0.24,-0.05,-0.19,FALSE
20,67d04e57ae59b71e07329bf5,52,female,33,unconfounded,a,0,6.744000000000028,77,67,-13,98,10,-4,43.66666667,34.66666667,9,40.27681991,45.14667454,-4.86985463,-13,-4,-9,-0.67,0.66,-1.33,FALSE
20,67d04e57ae59b71e07329bf5,52,female,34,confounded,a,0,3.6399999999999864,81,75,-12,85,53,-3,48,45,3,42.49705872,36.36848453,6.128574196,-12,-3,-9,-0.7,-0.32,-0.38,FALSE
20,67d04e57ae59b71e07329bf5,52,female,35,confounded,b,1,2.7099999999999795,95,77,-55,97,48,-46,39,33,6,66.87301399,59.33520596,7.537808026,-55,-46,-9,-0.67,-0.36,-0.31,FALSE
20,67d04e57ae59b71e07329bf5,52,female,36,confounded,b,1,6.141999999999996,87,69,-31,91,47,-16,41.66666667,40.66666667,1,51.90589776,43.91152721,7.994370546,-31,-16,-15,-0.64,-0.21,-0.43,FALSE
20,67d04e57ae59b71e07329bf5,52,female,37,unconfounded,b,1,5.577000000000055,65,46,-24,88,13,-14,29,29,0,38.27096375,43.15089802,-4.879934267,-24,-14,-10,-0.58,0.51,-1.09,FALSE
20,67d04e57ae59b71e07329bf5,52,female,38,unconfounded,a,0,9.008999999999958,57,37,-65,85,1,-54,9.666666667,10.66666667,-1,53.42492136,57.15670467,-3.731783312,-65,-54,-11,-0.63,0.25,-0.88,FALSE
20,67d04e57ae59b71e07329bf5,52,female,39,confounded,b,1,7.161000000000001,82,63,-26,93,35,-12,39.66666667,38.66666667,1,47.07676945,42.94440851,4.132360945,-26,-12,-14,-0.62,0.13,-0.75,FALSE
20,67d04e57ae59b71e07329bf5,52,female,40,confounded,b,1,8.440999999999974,84,56,-46,86,24,-34,31.33333333,25.33333333,6,55.86491644,48.9988662,6.86605024,-46,-34,-12,-0.58,0.04,-0.62,FALSE
20,67d04e57ae59b71e07329bf5,52,female,41,confounded,b,1,5.425000000000011,37,36,-64,47,22,-51,3,6,-3,47.37791328,41.57723736,5.800675917,-64,-51,-13,-0.71,-0.52,-0.19,FALSE
20,67d04e57ae59b71e07329bf5,52,female,42,unconfounded,a,0,5.492999999999995,52,25,-28,65,9,-22,16.33333333,17.33333333,-1,33.22983933,36.00308629,-2.773246953,-28,-22,-6,-0.37,0.33,-0.7,FALSE
20,67d04e57ae59b71e07329bf5,52,female,43,unconfounded,a,0,3.841999999999985,83,22,-20,90,5,-13,28.33333333,27.33333333,1,42.28737663,44.91720779,-2.629831159,-20,-13,-7,0.22,0.62,-0.4,FALSE
20,67d04e57ae59b71e07329bf5,52,female,44,unconfounded,a,0,5.935000000000002,51,48,-71,84,26,-64,9.333333333,15.33333333,-6,56.81744646,60.88969991,-4.072253454,-71,-64,-7,-0.71,-0.26,-0.45,FALSE
20,67d04e57ae59b71e07329bf5,52,female,45,confounded,a,0,4.293000000000006,60,58,-24,72,31,-12,31.33333333,30.33333333,1,39.13509366,34.29609631,4.838997345,-24,-12,-12,-0.71,-0.03,-0.68,FALSE
20,67d04e57ae59b71e07329bf5,52,female,46,unconfounded,b,1,10.427999999999995,73,50,-46,98,7,-31,25.66666667,24.66666667,1,51.53855084,54.12536887,-2.586818037,-46,-31,-15,-0.6,0.45,-1.05,FALSE
20,67d04e57ae59b71e07329bf5,52,female,47,confounded,b,1,7.125,89,83,-40,98,60,-26,44,44,0,59.44745579,51.87163644,7.575819354,-40,-26,-14,-0.7,-0.43,-0.27,FALSE
20,67d04e57ae59b71e07329bf5,52,female,48,confounded,b,1,5.845000000000027,80,54,-23,85,21,-13,37,31,6,43.73404471,40.62839729,3.105647416,-23,-13,-10,-0.52,0.35,-0.87,FALSE
20,67d04e57ae59b71e07329bf5,52,female,49,confounded,b,1,5.156999999999982,81,40,-65,84,42,-52,18.66666667,24.66666667,-6,61.48351179,56.85849883,4.625012964,-65,-52,-13,-0.48,-0.43,-0.05,FALSE
20,67d04e57ae59b71e07329bf5,52,female,50,unconfounded,b,1,7.043999999999983,52,48,-39,83,15,-28,20.33333333,23.33333333,-3,41.9867704,45.69707017,-3.710299768,-39,-28,-11,-0.7,0.27,-0.97,FALSE
20,67d04e57ae59b71e07329bf5,52,female,51,unconfounded,b,1,10.24200000000002,69,66,-55,96,34,-50,26.66666667,26.66666667,0,57.76004001,59.82938706,-2.069347044,-55,-50,-5,-0.71,-0.18,-0.53,FALSE
20,67d04e57ae59b71e07329bf5,52,female,52,confounded,a,0,6.3110000000000355,99,45,-67,98,5,-53,25.66666667,16.66666667,9,69.13432979,62.19503374,6.939296048,-67,-53,-14,-0.4,0.27,-0.67,FALSE
20,67d04e57ae59b71e07329bf5,52,female,53,unconfounded,a,0,7.05800000000005,71,45,-35,95,9,-23,27,27,0,45.10727953,49.82636518,-4.719085645,-35,-23,-12,-0.54,0.49,-1.03,FALSE
20,67d04e57ae59b71e07329bf5,52,female,54,confounded,b,1,3.242999999999995,93,87,-40,99,80,-30,46.66666667,49.66666667,-3,61.33152171,56.86436103,4.467160681,-40,-30,-10,-0.7,-0.65,-0.05,FALSE
20,67d04e57ae59b71e07329bf5,52,female,55,confounded,b,1,6.996000000000038,60,45,-95,64,47,-83,3.333333333,9.333333333,-6,69.8013053,65.65735975,4.143945558,-95,-83,-12,-0.68,-0.67,-0.01,FALSE
20,67d04e57ae59b71e07329bf5,52,female,56,confounded,b,1,8.36099999999999,39,30,-45,49,34,-32,8,17,-9,37.65634077,35.18522417,2.471116596,-45,-32,-13,-0.68,-0.61,-0.07,FALSE
20,67d04e57ae59b71e07329bf5,52,female,57,confounded,b,1,2.6230000000000473,99,63,-12,93,52,-4,50,47,3,46.23851209,39.75759885,6.480913232,-12,-4,-8,-0.4,-0.19,-0.21,FALSE
20,67d04e57ae59b71e07329bf5,52,female,58,unconfounded,a,0,8.044999999999959,80,55,-43,97,5,-37,30.66666667,21.66666667,9,53.08065142,55.96030339,-2.879651967,-43,-37,-6,-0.59,0.42,-1.01,FALSE
20,67d04e57ae59b71e07329bf5,52,female,59,unconfounded,b,1,5.009999999999991,89,46,-17,99,10,-9,39.33333333,33.33333333,6,43.53032149,47.07676945,-3.546447966,-17,-9,-8,-0.23,0.62,-0.85,FALSE
20,67d04e57ae59b71e07329bf5,52,female,60,unconfounded,a,0,6.393000000000029,56,39,-78,85,2,-70,5.666666667,5.666666667,0,59.56695579,63.33157892,-3.764623132,-78,-70,-8,-0.66,0.09,-0.75,FALSE
20,67d04e57ae59b71e07329bf5,52,female,61,unconfounded,b,1,5.975999999999999,62,45,-31,84,8,-19,25.33333333,24.33333333,1,40.43375927,43.60682923,-3.173069958,-31,-19,-12,-0.61,0.51,-1.12,FALSE
20,67d04e57ae59b71e07329bf5,52,female,62,unconfounded,a,0,6.572000000000003,92,49,-7,99,9,-1,44.66666667,35.66666667,9,40.53256578,44.96912521,-4.436559429,-7,-1,-6,-0.16,0.68,-0.84,FALSE
20,67d04e57ae59b71e07329bf5,52,female,63,confounded,b,1,8.742999999999938,82,80,-87,96,60,-78,25,26,-1,79.20016835,74.99333304,4.206835313,-87,-78,-9,-0.71,-0.59,-0.12,FALSE
20,67d04e57ae59b71e07329bf5,52,female,64,confounded,b,1,4.692999999999984,45,24,-31,48,17,-18,12.66666667,15.66666667,-3,32.0451071,26.96087701,5.084230092,-31,-18,-13,-0.49,-0.07,-0.42,FALSE
20,67d04e57ae59b71e07329bf5,52,female,65,confounded,a,0,9.191000000000033,83,50,-11,85,29,-1,40.66666667,37.66666667,3,38.93869826,35.64017708,3.298521182,-11,-1,-10,-0.35,0.35,-0.7,FALSE
20,67d04e57ae59b71e07329bf5,52,female,66,confounded,a,0,9.260999999999967,90,67,-17,92,28,-7,46.66666667,37.66666667,9,45.98792112,40.99051381,4.997407312,-17,-7,-10,-0.58,0.34,-0.92,FALSE
20,67d04e57ae59b71e07329bf5,52,female,67,unconfounded,a,0,5.5230000000000246,52,41,-26,71,1,-14,22.33333333,19.33333333,3,34.47059939,37.04351795,-2.572918563,-26,-14,-12,-0.65,0.62,-1.27,FALSE
20,67d04e57ae59b71e07329bf5,52,female,68,confounded,b,1,7.461000000000013,89,67,-17,87,61,-12,46.33333333,45.33333333,1,45.67518169,41.90730512,3.76787657,-17,-12,-5,-0.59,-0.51,-0.08,FALSE
20,67d04e57ae59b71e07329bf5,52,female,69,confounded,b,1,3.6090000000000377,92,55,-16,86,47,-5,43.66666667,42.66666667,1,44.8131925,37.27674282,7.536449678,-16,-5,-11,-0.36,-0.17,-0.19,FALSE
20,67d04e57ae59b71e07329bf5,52,female,70,unconfounded,b,1,8.759000000000015,44,17,-42,71,6,-31,6.333333333,15.33333333,-9,35.91038228,42.16106682,-6.250684541,-42,-31,-11,-0.42,0.32,-0.74,FALSE
20,67d04e57ae59b71e07329bf5,52,female,71,unconfounded,b,1,5.5230000000000246,76,64,-21,97,15,-11,39.66666667,33.66666667,6,43.17663977,46.02414825,-2.847508476,-21,-11,-10,-0.67,0.54,-1.21,FALSE
20,67d04e57ae59b71e07329bf5,52,female,72,confounded,b,1,7.043999999999983,99,38,-35,87,15,-27,34,25,9,54.77834122,47.07440918,7.703932035,-35,-27,-8,-0.11,0.31,-0.42,FALSE
20,67d04e57ae59b71e07329bf5,52,female,73,confounded,b,1,2.759999999999991,67,51,-70,80,45,-59,16,22,-6,61.16098975,59.03106527,2.129924478,-70,-59,-11,-0.67,-0.53,-0.14,FALSE
20,67d04e57ae59b71e07329bf5,52,female,74,unconfounded,b,1,4.126999999999953,61,18,-37,77,14,-31,14,20,-6,40.10818703,44.29446918,-4.186282153,-37,-31,-6,-0.15,0.2,-0.35,FALSE
20,67d04e57ae59b71e07329bf5,52,female,75,unconfounded,b,1,9.245000000000005,57,33,-78,87,14,-71,4,10,-6,58.80476171,64.56521251,-5.7604508,-78,-71,-7,-0.62,-0.09,-0.53,FALSE
20,67d04e57ae59b71e07329bf5,52,female,76,confounded,b,1,8.325000000000045,65,30,-84,74,33,-69,3.666666667,12.66666667,-9,63.61516241,60.12394605,3.491216361,-84,-69,-15,-0.55,-0.47,-0.08,FALSE
20,67d04e57ae59b71e07329bf5,52,female,77,unconfounded,b,1,7.109000000000037,64,23,-82,89,11,-77,1.666666667,7.666666667,-6,61.48351179,67.81019261,-6.326680822,-82,-77,-5,-0.48,-0.07,-0.41,FALSE
20,67d04e57ae59b71e07329bf5,52,female,78,unconfounded,a,0,3.95900000000006,52,34,-65,75,3,-57,7,7,0,51.4392846,53.96295025,-2.523665654,-65,-57,-8,-0.64,0.11,-0.75,FALSE
20,67d04e57ae59b71e07329bf5,52,female,79,unconfounded,b,1,6.793000000000006,74,33,-32,94,35,-27,25,34,-9,43.64248694,49.40310382,-5.760616872,-32,-27,-5,-0.27,-0.03,-0.24,FALSE
20,67d04e57ae59b71e07329bf5,52,female,80,unconfounded,b,1,9.02699999999993,60,34,-88,93,15,-75,2,11,-9,64.51873113,68.64400921,-4.125278077,-88,-75,-13,-0.62,-0.09,-0.53,FALSE
20,67d04e57ae59b71e07329bf5,52,female,81,confounded,b,1,7.923000000000002,93,65,-15,92,30,-6,47.66666667,38.66666667,9,45.7626728,40.47495796,5.28771484,-15,-6,-9,-0.51,0.31,-0.82,FALSE
20,67d04e57ae59b71e07329bf5,52,female,82,unconfounded,b,1,7.243999999999915,65,38,-26,81,20,-21,25.66666667,26.66666667,-1,38.16047985,41.90730512,-3.74682527,-26,-21,-5,-0.45,0.23,-0.68,FALSE
20,67d04e57ae59b71e07329bf5,52,female,83,confounded,b,1,6.11200000000008,74,51,-26,76,46,-14,33,36,-3,42.76291228,37.41657387,5.346338412,-26,-14,-12,-0.56,-0.38,-0.18,FALSE
20,67d04e57ae59b71e07329bf5,52,female,84,confounded,b,1,4.894999999999982,62,49,-44,69,55,-30,22.33333333,31.33333333,-9,47.20404879,43.74420597,3.459842825,-44,-30,-14,-0.67,-0.65,-0.02,FALSE
20,67d04e57ae59b71e07329bf5,52,female,86,confounded,b,1,10.52699999999993,79,75,-24,86,58,-11,43.33333333,44.33333333,-1,47.6398526,40.76218291,6.877669688,-24,-11,-13,-0.7,-0.47,-0.23,FALSE
20,67d04e57ae59b71e07329bf5,52,female,87,confounded,b,1,2.616999999999962,61,33,-71,68,40,-58,7.666666667,16.66666667,-9,56.78810517,54.02057221,2.767532958,-71,-58,-13,-0.58,-0.57,-0.01,FALSE
20,67d04e57ae59b71e07329bf5,52,female,88,confounded,b,1,4.8250000000000455,82,74,-71,84,63,-59,28.33333333,29.33333333,-1,70.31516353,63.04671989,7.26844364,-71,-59,-12,-0.7,-0.65,-0.05,FALSE
20,67d04e57ae59b71e07329bf5,52,female,89,confounded,b,1,2.5930000000000746,42,40,-31,59,28,-18,17,23,-6,33.950945,31.63331577,2.317629233,-31,-18,-13,-0.71,-0.23,-0.48,FALSE
20,67d04e57ae59b71e07329bf5,52,female,90,confounded,a,0,5.251999999999953,90,19,-42,81,3,-35,22.33333333,16.33333333,6,53.94029621,48.2861839,5.654112314,-42,-35,-7,0.09,0.39,-0.3,FALSE
20,67d04e57ae59b71e07329bf5,52,female,91,confounded,a,0,7.257000000000062,80,61,-49,77,57,-42,30.66666667,30.66666667,0,56.86436103,52.02777036,4.836590669,-49,-42,-7,-0.65,-0.63,-0.02,FALSE
20,67d04e57ae59b71e07329bf5,52,female,92,confounded,b,1,5.52800000000002,78,18,-86,77,22,-71,3.333333333,9.333333333,-6,67.75117875,61.08100268,6.670176067,-86,-71,-15,-0.31,-0.3,-0.01,FALSE
20,67d04e57ae59b71e07329bf5,52,female,93,confounded,b,1,6.775999999999954,76,47,-60,74,22,-51,21,15,6,58.48646567,51.27052435,7.215941325,-60,-51,-9,-0.58,-0.2,-0.38,FALSE
20,67d04e57ae59b71e07329bf5,52,female,94,confounded,b,1,3.643000000000029,57,40,-94,70,21,-79,1,4,-3,67.53270812,62.00537611,5.527332014,-94,-79,-15,-0.67,-0.39,-0.28,FALSE
20,67d04e57ae59b71e07329bf5,52,female,95,unconfounded,a,0,2.994000000000028,78,35,-19,87,10,-12,31.33333333,28.33333333,3,39.68486977,42.44473531,-2.759865537,-19,-12,-7,-0.14,0.57,-0.71,FALSE
20,67d04e57ae59b71e07329bf5,52,female,96,confounded,b,1,3.426000000000045,77,61,-18,90,60,-3,40,49,-9,41.52910626,38.75564475,2.773461509,-18,-3,-15,-0.63,-0.4,-0.23,FALSE
20,67d04e57ae59b71e07329bf5,52,female,97,unconfounded,a,0,3.5399999999999636,75,26,-42,94,6,-32,19.66666667,22.66666667,-3,47.97453028,52.77204647,-4.797516193,-42,-32,-10,-0.2,0.44,-0.64,FALSE
20,67d04e57ae59b71e07329bf5,52,female,99,unconfounded,b,1,4.075999999999908,52,47,-90,84,32,-80,3,12,-9,65.79260343,68.43001291,-2.637409474,-90,-80,-10,-0.7,-0.41,-0.29,FALSE
20,67d04e57ae59b71e07329bf5,52,female,100,confounded,b,1,4.243000000000052,82,78,-17,89,62,-11,47.66666667,46.66666667,1,45.75538827,42.24005471,3.515333554,-17,-11,-6,-0.7,-0.5,-0.2,FALSE
20,67d04e57ae59b71e07329bf5,52,female,101,confounded,b,1,2.726999999999975,96,51,-91,99,54,-79,18.66666667,24.66666667,-6,79.69246444,75.57042337,4.122041069,-91,-79,-12,-0.54,-0.52,-0.02,FALSE
20,67d04e57ae59b71e07329bf5,52,female,102,unconfounded,a,0,10.144999999999982,63,32,-59,96,5,-47,12,18,-6,51.77515492,59.09878735,-7.323632437,-59,-47,-12,-0.52,0.32,-0.84,FALSE
20,67d04e57ae59b71e07329bf5,52,female,103,unconfounded,a,0,9.756999999999948,72,70,-34,99,2,-20,36,27,9,49.50420858,51.69784006,-2.193631483,-34,-20,-14,-0.71,0.61,-1.32,FALSE
20,67d04e57ae59b71e07329bf5,52,female,104,confounded,b,1,3.8600000000000136,67,60,-20,68,46,-10,35.66666667,34.66666667,1,39.46587837,32.83629428,6.629584088,-20,-10,-10,-0.69,-0.48,-0.21,FALSE
20,67d04e57ae59b71e07329bf5,52,female,105,confounded,b,1,4.275999999999954,65,35,-34,61,27,-22,22,22,0,41.44876355,34.06855833,7.380205222,-34,-22,-12,-0.44,-0.22,-0.22,FALSE
20,67d04e57ae59b71e07329bf5,52,female,106,unconfounded,b,1,4.6590000000001055,57,52,-69,95,11,-63,13.33333333,14.33333333,-1,58.25423208,64.54627969,-6.29204761,-69,-63,-6,-0.7,0.08,-0.78,FALSE
20,67d04e57ae59b71e07329bf5,52,female,107,unconfounded,a,0,4.844000000000051,47,39,-49,72,3,-41,12.33333333,11.33333333,1,43.49201715,46.50686927,-3.014852118,-49,-41,-8,-0.69,0.26,-0.95,FALSE
20,67d04e57ae59b71e07329bf5,52,female,108,confounded,b,1,2.272999999999911,95,89,-13,98,73,-3,57,56,1,49.55804677,42.94958285,6.608463927,-13,-3,-10,-0.7,-0.53,-0.17,FALSE
20,67d04e57ae59b71e07329bf5,52,female,109,unconfounded,a,0,4.04200000000003,77,49,-72,97,6,-67,18,12,6,64.65807503,67.08700818,-2.42893315,-72,-67,-5,-0.61,0.13,-0.74,FALSE
20,67d04e57ae59b71e07329bf5,52,female,110,unconfounded,a,0,3.7560000000000855,67,36,-51,86,5,-42,17.33333333,16.33333333,1,49.94886274,52.8667087,-2.917845962,-51,-42,-9,-0.51,0.31,-0.82,FALSE
20,67d04e57ae59b71e07329bf5,52,female,111,unconfounded,b,1,1.677000000000021,84,46,-12,97,13,-1,39.33333333,36.33333333,3,39.47432358,43.27688631,-3.802562731,-12,-1,-11,-0.25,0.65,-0.9,FALSE
20,67d04e57ae59b71e07329bf5,52,female,112,unconfounded,b,1,4.759999999999991,45,38,-33,83,15,-21,16.66666667,25.66666667,-9,35.23571421,43.12256434,-7.886850138,-33,-21,-12,-0.69,0.36,-1.05,FALSE
20,67d04e57ae59b71e07329bf5,52,female,113,unconfounded,b,1,2.407000000000039,48,36,-33,76,20,-27,17,23,-6,35.6931366,42.10304819,-6.409911592,-33,-27,-6,-0.65,0.11,-0.76,FALSE
20,67d04e57ae59b71e07329bf5,52,female,114,confounded,a,0,5.659999999999968,91,73,-19,96,36,-14,48.33333333,39.33333333,9,48.17560471,44.96912521,3.206479496,-19,-14,-5,-0.63,0.11,-0.74,FALSE
20,67d04e57ae59b71e07329bf5,52,female,115,unconfounded,a,0,3.475999999999999,76,54,-46,97,16,-38,28,25,3,53.09111665,55.47972603,-2.388609381,-46,-38,-8,-0.62,0.24,-0.86,FALSE
20,67d04e57ae59b71e07329bf5,52,female,116,confounded,b,1,2.926000000000045,51,45,-68,56,48,-58,9.333333333,15.33333333,-6,54.73775865,51.95724738,2.780511269,-68,-58,-10,-0.7,-0.69,-0.01,FALSE
20,67d04e57ae59b71e07329bf5,52,female,117,unconfounded,a,0,4.627000000000066,82,38,-49,98,3,-39,23.66666667,20.66666667,3,54.43242498,57.308134,-2.87570902,-49,-39,-10,-0.38,0.43,-0.81,FALSE
20,67d04e57ae59b71e07329bf5,52,female,118,confounded,b,1,6.9939999999999145,84,73,-51,95,70,-41,35.33333333,41.33333333,-6,61.21183618,59.10630724,2.105528943,-51,-41,-10,-0.69,-0.61,-0.08,FALSE
20,67d04e57ae59b71e07329bf5,52,female,119,unconfounded,a,0,2.6100000000000136,85,48,-45,99,2,-40,29.33333333,20.33333333,9,54.68901982,58.20843772,-3.519417903,-45,-40,-5,-0.47,0.44,-0.91,FALSE
20,67d04e57ae59b71e07329bf5,52,female,120,unconfounded,b,1,4.090000000000032,55,52,-40,92,13,-29,22.33333333,25.33333333,-3,44.09333535,50.16195991,-6.068624563,-40,-29,-11,-0.7,0.35,-1.05,FALSE
20,67d04e57ae59b71e07329bf5,52,female,121,unconfounded,a,0,2.842999999999961,79,53,-16,96,9,-7,38.66666667,32.66666667,6,40.08601862,45.25728916,-5.17127054,-16,-7,-9,-0.49,0.64,-1.13,FALSE
20,67d04e57ae59b71e07329bf5,52,female,122,unconfounded,b,1,1.9110000000000584,68,22,-72,90,16,-61,6,15,-9,58.26376804,61.64954717,-3.385779129,-72,-61,-11,-0.39,-0.02,-0.37,FALSE
20,67d04e57ae59b71e07329bf5,52,female,123,confounded,b,1,3.1940000000000737,30,4,-19,23,3,-8,5,6,-1,20.01665973,12.83225104,7.184408691,-19,-8,-11,0.07,0.34,-0.27,FALSE
20,67d04e57ae59b71e07329bf5,52,female,124,confounded,b,1,2.312000000000012,57,56,-92,65,49,-84,7,10,-3,70.00476174,66.78822251,3.216539228,-92,-84,-8,-0.71,-0.68,-0.03,FALSE
20,67d04e57ae59b71e07329bf5,52,female,125,confounded,b,1,2.3419999999999845,58,36,-89,59,29,-74,1.666666667,4.666666667,-3,64.73707507,56.95807425,7.779000822,-89,-74,-15,-0.65,-0.56,-0.09,FALSE
20,67d04e57ae59b71e07329bf5,52,female,126,unconfounded,a,0,4.376999999999953,74,30,-33,93,7,-20,23.66666667,26.66666667,-3,43.91152721,48.18252334,-4.270996128,-33,-20,-13,-0.21,0.54,-0.75,FALSE
20,67d04e57ae59b71e07329bf5,52,female,127,unconfounded,a,0,4.426999999999907,68,28,-25,85,2,-13,23.66666667,24.66666667,-1,38.09053542,43.09936839,-5.008832965,-25,-13,-12,-0.17,0.64,-0.81,FALSE
20,67d04e57ae59b71e07329bf5,52,female,128,unconfounded,b,1,2.2229999999999563,81,32,-83,99,17,-77,10,13,-3,68.73621074,71.90734779,-3.171137055,-83,-77,-6,-0.45,-0.08,-0.37,FALSE
20,67d04e57ae59b71e07329bf5,52,female,129,unconfounded,a,0,2.893000000000029,70,60,-28,92,11,-19,34,28,6,44.0302926,46.88283268,-2.852540076,-28,-19,-9,-0.68,0.5,-1.18,FALSE
20,67d04e57ae59b71e07329bf5,52,female,130,confounded,a,0,5.292999999999893,96,61,-17,93,41,-3,46.66666667,43.66666667,3,47.23228651,39.23717059,7.995115924,-17,-3,-14,-0.43,0.1,-0.53,FALSE
20,67d04e57ae59b71e07329bf5,52,female,131,unconfounded,a,0,2.8940000000000055,70,41,-47,93,2,-40,21.33333333,18.33333333,3,49.74825513,55.51176052,-5.763505382,-47,-40,-7,-0.53,0.42,-0.95,FALSE
20,67d04e57ae59b71e07329bf5,52,female,132,unconfounded,b,1,4.260999999999967,79,56,-16,99,19,-8,39.66666667,36.66666667,3,40.46672158,45.4337124,-4.966990816,-16,-8,-8,-0.54,0.52,-1.06,FALSE
20,67d04e57ae59b71e07329bf5,52,female,133,unconfounded,a,0,4.27800000000002,72,35,-48,99,28,-41,19.66666667,28.66666667,-9,50.17524844,57.15670467,-6.981456236,-48,-41,-7,-0.43,0.02,-0.45,FALSE
20,67d04e57ae59b71e07329bf5,52,female,134,confounded,b,1,4.009999999999991,78,64,-50,80,54,-42,30.66666667,30.66666667,0,57.32558087,52.46797965,4.857601218,-50,-42,-8,-0.68,-0.58,-0.1,FALSE
20,67d04e57ae59b71e07329bf5,52,female,135,confounded,a,0,3.2770000000000437,69,40,-29,65,14,-17,26.66666667,20.66666667,6,41.10420362,33.80663972,7.297563908,-29,-17,-12,-0.45,0.29,-0.74,FALSE
20,67d04e57ae59b71e07329bf5,52,female,136,unconfounded,a,0,3.893000000000029,76,48,-37,99,1,-31,29,23,6,48.04858652,55.30521374,-7.256627218,-37,-31,-6,-0.53,0.53,-1.06,FALSE
20,67d04e57ae59b71e07329bf5,52,female,137,confounded,b,1,15.326999999999998,57,2,-48,64,9,-35,3.666666667,12.66666667,-9,42.88226777,40.49965706,2.382610705,-48,-35,-13,0.06,0.14,-0.08,FALSE
20,67d04e57ae59b71e07329bf5,52,female,138,confounded,b,1,3.826999999999998,81,74,-67,96,32,-58,29.33333333,23.33333333,6,68.17787194,63.16820579,5.009666154,-67,-58,-9,-0.7,-0.2,-0.5,FALSE
20,67d04e57ae59b71e07329bf5,52,female,140,unconfounded,a,0,1.6859999999999218,80,45,-79,99,3,-74,15.33333333,9.333333333,6,68.2169741,70.76879413,-2.551820026,-79,-74,-5,-0.57,0.13,-0.7,FALSE
20,67d04e57ae59b71e07329bf5,52,female,141,unconfounded,a,0,1.7260000000001128,83,61,-20,99,4,-6,41.33333333,32.33333333,9,44.28945197,47.31689856,-3.027446588,-20,-6,-14,-0.58,0.68,-1.26,FALSE
20,67d04e57ae59b71e07329bf5,52,female,142,confounded,b,1,2.143000000000029,88,64,-15,89,47,-2,45.66666667,44.66666667,1,44.00252518,37.18721405,6.815311129,-15,-2,-13,-0.55,-0.09,-0.46,FALSE
20,67d04e57ae59b71e07329bf5,52,female,144,confounded,a,0,3.011000000000194,80,43,-41,81,8,-34,27.33333333,18.33333333,9,50.62498285,47.5137407,3.111242151,-41,-34,-7,-0.43,0.32,-0.75,FALSE
20,67d04e57ae59b71e07329bf5,52,female,145,unconfounded,a,0,2.393000000000029,78,19,-16,89,2,-7,27,28,-1,38.79003308,43.28972164,-4.49968856,-16,-7,-9,0.3,0.68,-0.38,FALSE
20,67d04e57ae59b71e07329bf5,52,female,146,confounded,b,1,3.242000000000189,85,31,-13,81,32,-1,34.33333333,37.33333333,-3,40.07770231,33.68811198,6.389590326,-13,-1,-12,0.12,0.23,-0.11,FALSE
20,67d04e57ae59b71e07329bf5,52,female,147,confounded,b,1,5.710000000000036,88,81,-45,99,73,-30,41.33333333,47.33333333,-6,61.11373732,55.70358058,5.410156742,-45,-30,-15,-0.7,-0.59,-0.11,FALSE
20,67d04e57ae59b71e07329bf5,52,female,148,confounded,b,1,6.226000000000113,98,40,-65,99,32,-55,24.33333333,25.33333333,-1,67.46027638,63.04671989,4.413556487,-65,-55,-10,-0.34,-0.16,-0.18,FALSE
20,67d04e57ae59b71e07329bf5,52,female,149,confounded,b,1,2.893000000000029,75,56,-40,78,43,-30,30.33333333,30.33333333,0,50.33443707,44.99135719,5.343079879,-40,-30,-10,-0.63,-0.4,-0.23,FALSE
20,67d04e57ae59b71e07329bf5,52,female,150,confounded,b,1,4.494000000000142,86,67,-20,98,40,-5,44.33333333,44.33333333,0,46.14710777,42.16106682,3.986040948,-20,-5,-15,-0.62,0.15,-0.77,FALSE
20,67d04e57ae59b71e07329bf5,52,female,151,confounded,b,1,10.475999999999884,82,57,-23,90,38,-9,38.66666667,39.66666667,-1,44.78342948,40.43375927,4.349670203,-23,-9,-14,-0.55,0.06,-0.61,FALSE
20,67d04e57ae59b71e07329bf5,52,female,152,unconfounded,b,1,6.461000000000013,72,62,-10,99,53,-1,41.33333333,50.33333333,-9,36.52700675,40.86835233,-4.341345579,-10,-1,-9,-0.67,-0.1,-0.57,FALSE
20,67d04e57ae59b71e07329bf5,52,female,153,unconfounded,a,0,2.576999999999998,39,29,-22,58,1,-13,15.33333333,15.33333333,0,26.71246068,30.70649587,-3.994035195,-22,-13,-9,-0.63,0.6,-1.23,FALSE
20,67d04e57ae59b71e07329bf5,52,female,154,unconfounded,a,0,3.1440000000000055,61,53,-28,85,3,-20,28.66666667,22.66666667,6,40.20226638,45.0653846,-4.863118215,-28,-20,-8,-0.69,0.57,-1.26,FALSE
20,67d04e57ae59b71e07329bf5,52,female,155,unconfounded,a,0,7.977000000000089,64,57,-33,97,1,-19,29.33333333,26.33333333,3,44.16886787,50.63156679,-6.46269892,-33,-19,-14,-0.69,0.63,-1.32,FALSE
20,67d04e57ae59b71e07329bf5,52,female,156,unconfounded,a,0,6.45900000000006,72,34,-68,95,3,-57,12.66666667,13.66666667,-1,59.11194653,62.51044357,-3.398497045,-68,-57,-11,-0.49,0.25,-0.74,FALSE
20,67d04e57ae59b71e07329bf5,52,female,157,confounded,b,1,3.293999999999869,79,76,-68,85,37,-62,29,20,9,68.60029154,61.20457499,7.395716552,-68,-62,-6,-0.71,-0.4,-0.31,FALSE
20,67d04e57ae59b71e07329bf5,52,female,158,unconfounded,a,0,5.627999999999929,56,53,-14,73,2,-7,31.66666667,22.66666667,9,32.31442746,35.78019316,-3.465765693,-14,-7,-7,-0.7,0.67,-1.37,FALSE
20,67d04e57ae59b71e07329bf5,52,female,159,confounded,a,0,3.6920000000000073,93,73,-18,97,48,-6,49.33333333,46.33333333,3,48.30688932,42.06608557,6.240803743,-18,-6,-12,-0.62,-0.06,-0.56,FALSE
20,67d04e57ae59b71e07329bf5,52,female,160,unconfounded,a,0,2.836999999999989,60,51,-79,94,11,-73,10.66666667,10.66666667,0,63.51027913,68.17787194,-4.667592807,-79,-73,-6,-0.7,-0.01,-0.69,FALSE
20,67d04e57ae59b71e07329bf5,52,female,161,confounded,b,1,2.6140000000000327,48,42,-20,63,30,-5,23.33333333,29.33333333,-6,30.73904502,27.7648859,2.974159125,-20,-5,-15,-0.69,-0.04,-0.65,FALSE
20,67d04e57ae59b71e07329bf5,52,female,162,confounded,b,1,2.4260000000001583,95,75,-28,96,64,-15,47.33333333,48.33333333,-1,53.89083616,46.64999702,7.240839139,-28,-15,-13,-0.63,-0.47,-0.16,FALSE
20,67d04e57ae59b71e07329bf5,52,female,163,unconfounded,a,0,2.826000000000022,49,31,-74,83,4,-63,2,8,-6,54.24020649,59.67132198,-5.431115489,-74,-63,-11,-0.65,0.1,-0.75,FALSE
20,67d04e57ae59b71e07329bf5,52,female,164,unconfounded,b,1,1.558999999999969,92,54,-10,99,11,-1,45.33333333,36.33333333,9,42.08985098,44.58200933,-2.492158346,-10,-1,-9,-0.3,0.67,-0.97,FALSE
20,67d04e57ae59b71e07329bf5,52,female,165,confounded,a,0,3.0570000000000164,81,8,-35,75,6,-24,18,19,-1,47.88179891,41.44876355,6.433035356,-35,-24,-11,0.3,0.44,-0.14,FALSE
20,67d04e57ae59b71e07329bf5,52,female,166,confounded,b,1,1.4610000000000127,84,54,-18,91,30,-4,40,39,1,42.80186912,39.3022476,3.499621515,-18,-4,-14,-0.46,0.33,-0.79,FALSE
20,67d04e57ae59b71e07329bf5,52,female,167,unconfounded,b,1,3.810999999999922,57,55,-50,97,16,-42,20.66666667,23.66666667,-3,49.97554958,57.00487309,-7.029323509,-50,-42,-8,-0.71,0.2,-0.91,FALSE
20,67d04e57ae59b71e07329bf5,52,female,168,unconfounded,a,0,2.310999999999922,63,60,-29,84,5,-22,31.33333333,22.33333333,9,42.67968551,44.97653709,-2.296851579,-29,-22,-7,-0.7,0.52,-1.22,FALSE
20,67d04e57ae59b71e07329bf5,52,female,169,unconfounded,b,1,2.2619999999999436,58,37,-21,83,16,-7,24.66666667,30.66666667,-6,33.40991204,38.17794593,-4.768033896,-21,-7,-14,-0.5,0.52,-1.02,FALSE
20,67d04e57ae59b71e07329bf5,52,female,170,unconfounded,a,0,2.55600000000004,74,36,-41,90,6,-30,23,22,1,47.84001115,50.27922036,-2.439209212,-41,-30,-11,-0.39,0.45,-0.84,FALSE
20,67d04e57ae59b71e07329bf5,52,female,171,unconfounded,a,0,1.7940000000000964,50,24,-56,83,8,-46,6,15,-9,45.10727953,52.89612462,-7.788845091,-56,-46,-10,-0.54,0.2,-0.74,FALSE
20,67d04e57ae59b71e07329bf5,52,female,172,unconfounded,a,0,4.44199999999978,63,45,-19,81,8,-9,29.66666667,26.66666667,3,35.18838192,39.04128869,-3.852906764,-19,-9,-10,-0.57,0.61,-1.18,FALSE
20,67d04e57ae59b71e07329bf5,52,female,173,confounded,a,0,2.425999999999931,84,74,-73,96,33,-62,28.33333333,22.33333333,6,71.76969339,64.9427098,6.826983592,-73,-62,-11,-0.7,-0.24,-0.46,FALSE
20,67d04e57ae59b71e07329bf5,52,female,174,unconfounded,b,1,1.542999999999893,62,50,-83,92,15,-75,9.666666667,10.66666667,-1,65.70810875,68.24628602,-2.53817727,-83,-75,-8,-0.69,-0.09,-0.6,FALSE
20,67d04e57ae59b71e07329bf5,52,female,175,unconfounded,a,0,4.79300000000012,63,47,-21,91,15,-14,29.66666667,30.66666667,-1,36.41733409,44.27439692,-7.857062825,-21,-14,-7,-0.61,0.49,-1.1,FALSE
20,67d04e57ae59b71e07329bf5,52,female,176,unconfounded,a,0,2.175999999999931,69,32,-47,87,24,-39,18,24,-6,48.38043682,51.4392846,-3.058847781,-47,-39,-8,-0.41,0,-0.41,FALSE
20,67d04e57ae59b71e07329bf5,52,female,177,confounded,b,1,3.7269999999998618,80,73,-34,85,63,-29,39.66666667,39.66666667,0,52.16853032,49.37835783,2.790172486,-34,-29,-5,-0.7,-0.6,-0.1,FALSE
20,67d04e57ae59b71e07329bf5,52,female,178,confounded,a,0,5.376000000000204,53,43,-8,49,31,-1,29.33333333,26.33333333,3,26.71246068,20.67741656,6.035044121,-8,-1,-7,-0.63,-0.33,-0.3,FALSE
20,67d04e57ae59b71e07329bf5,52,female,179,unconfounded,a,0,2.7749999999998636,58,40,-41,89,8,-31,19,22,-3,43.05810028,49.979996,-6.921895715,-41,-31,-10,-0.62,0.4,-1.02,FALSE
20,67d04e57ae59b71e07329bf5,52,female,180,unconfounded,a,0,2.826000000000022,65,10,-62,90,1,-51,4.333333333,13.33333333,-9,52.00213671,58.21988969,-6.217752982,-62,-51,-11,-0.16,0.31,-0.47,FALSE
20,67d04e57ae59b71e07329bf5,52,female,181,confounded,a,0,2.9600000000000364,76,27,-21,72,4,-12,27.33333333,21.33333333,6,39.60078563,36.41733409,3.183451536,-21,-12,-9,0.01,0.61,-0.6,FALSE
20,67d04e57ae59b71e07329bf5,52,female,182,confounded,a,0,2.2769999999998163,88,55,-57,98,39,-42,28.66666667,31.66666667,-3,62.05553069,57.38950736,4.666023323,-57,-42,-15,-0.56,-0.19,-0.37,FALSE
20,67d04e57ae59b71e07329bf5,52,female,183,unconfounded,a,0,3.6940000000001874,81,51,-42,96,4,-37,30,21,9,52.36410985,55.61174936,-3.247639512,-42,-37,-5,-0.54,0.43,-0.97,FALSE
20,67d04e57ae59b71e07329bf5,52,female,184,confounded,a,0,2.109000000000151,79,45,-35,80,2,-20,29.66666667,20.66666667,9,47.7865625,42.90558109,4.880981407,-35,-20,-15,-0.45,0.57,-1.02,FALSE
20,67d04e57ae59b71e07329bf5,52,female,185,confounded,b,1,1.4610000000000127,97,65,-14,96,44,-1,49.33333333,46.33333333,3,46.64999702,39.63444069,7.015556332,-14,-1,-13,-0.47,0.09,-0.56,FALSE
20,67d04e57ae59b71e07329bf5,52,female,186,confounded,b,1,6.046000000000049,69,48,-67,68,45,-60,16.66666667,17.66666667,-1,59.77922344,55.7155474,4.063676043,-67,-60,-7,-0.64,-0.62,-0.02,FALSE
20,67d04e57ae59b71e07329bf5,52,female,187,confounded,b,1,4.526000000000067,74,69,-25,82,49,-13,39.33333333,39.33333333,0,45.5363103,39.38132665,6.154983646,-25,-13,-12,-0.7,-0.35,-0.35,FALSE
20,67d04e57ae59b71e07329bf5,52,female,188,unconfounded,b,1,4.142999999999802,61,53,-62,85,48,-54,17.33333333,26.33333333,-9,56.19213073,58.77830288,-2.586172149,-62,-54,-8,-0.7,-0.5,-0.2,FALSE
20,67d04e57ae59b71e07329bf5,52,female,189,unconfounded,a,0,2.0759999999997945,86,44,-23,97,16,-15,35.66666667,32.66666667,3,44.88751373,47.21816976,-2.33065603,-23,-15,-8,-0.27,0.49,-0.76,FALSE
20,67d04e57ae59b71e07329bf5,52,female,190,unconfounded,a,0,3.727000000000089,71,48,-19,96,7,-6,33.33333333,32.33333333,1,38.17794593,45.33088229,-7.152936355,-19,-6,-13,-0.52,0.66,-1.18,FALSE
20,67d04e57ae59b71e07329bf5,52,female,191,unconfounded,a,0,1.793999999999869,67,35,-44,90,1,-33,19.33333333,19.33333333,0,46.64999702,51.86092513,-5.210928109,-44,-33,-11,-0.47,0.49,-0.96,FALSE
20,67d04e57ae59b71e07329bf5,52,female,192,unconfounded,a,0,4.027000000000044,58,54,-47,89,7,-34,21.66666667,20.66666667,1,48.58211834,51.13598429,-2.553865948,-47,-34,-13,-0.7,0.38,-1.08,FALSE
20,67d04e57ae59b71e07329bf5,52,female,193,unconfounded,b,1,2.3769999999999527,70,16,-49,84,3,-41,12.33333333,15.33333333,-3,48.65068231,51.77086268,-3.12018037,-49,-41,-8,-0.11,0.34,-0.45,FALSE
20,67d04e57ae59b71e07329bf5,52,female,194,unconfounded,b,1,1.9610000000000127,70,55,-15,99,30,-1,36.66666667,42.66666667,-6,37.04351795,41.7957999,-4.752281944,-15,-1,-14,-0.62,0.43,-1.05,FALSE
20,67d04e57ae59b71e07329bf5,52,female,195,unconfounded,a,0,2.578999999999951,65,27,-35,83,18,-26,19,25,-6,41.21488404,44.77350407,-3.558620027,-35,-26,-9,-0.28,0.23,-0.51,FALSE
20,67d04e57ae59b71e07329bf5,52,female,196,unconfounded,b,1,3.0420000000001437,74,35,-30,97,8,-17,26.33333333,29.33333333,-3,42.89781139,48.92397731,-6.026165915,-30,-17,-13,-0.29,0.57,-0.86,FALSE
20,67d04e57ae59b71e07329bf5,52,female,197,unconfounded,a,0,2.4759999999998854,66,61,-25,89,4,-18,34,25,9,41.76920716,46.13747573,-4.368268571,-25,-18,-7,-0.7,0.59,-1.29,FALSE
20,67d04e57ae59b71e07329bf5,52,female,198,confounded,a,0,2.0420000000001437,60,35,-17,52,7,-8,26,17,9,32.07283378,25.49509757,6.577736212,-17,-8,-9,-0.4,0.53,-0.93,FALSE
20,67d04e57ae59b71e07329bf5,52,female,199,confounded,a,0,2.5279999999997926,81,48,-42,79,15,-34,29,20,9,51.98076567,46.26733909,5.713426581,-42,-34,-8,-0.5,0.16,-0.66,FALSE
20,67d04e57ae59b71e07329bf5,52,female,200,confounded,a,0,1.627999999999929,66,61,-21,85,54,-6,35.33333333,44.33333333,-9,39.88594851,37.77418284,2.111765679,-21,-6,-15,-0.7,-0.37,-0.33,FALSE
20,67d04e57ae59b71e07329bf5,52,female,201,confounded,b,1,1.7789999999999964,55,43,-60,58,7,-54,12.66666667,3.666666667,9,51.61610429,45.78451946,5.831584831,-60,-54,-6,-0.68,-0.11,-0.57,FALSE
20,67d04e57ae59b71e07329bf5,52,female,202,unconfounded,a,0,3.811999999999898,61,50,-88,94,11,-82,7.666666667,7.666666667,0,67.79544396,71.8903486,-4.094904639,-88,-82,-6,-0.69,-0.07,-0.62,FALSE
20,67d04e57ae59b71e07329bf5,52,female,203,confounded,b,1,3.2439999999999145,87,67,-40,97,42,-25,38,38,0,55.75541827,49.88653793,5.868880342,-40,-25,-15,-0.64,-0.12,-0.52,FALSE
20,67d04e57ae59b71e07329bf5,52,female,204,unconfounded,a,0,2.62700000000018,74,46,-44,87,1,-39,25.33333333,16.33333333,9,50.34105901,52.56953068,-2.228471667,-44,-39,-5,-0.55,0.41,-0.96,FALSE
20,67d04e57ae59b71e07329bf5,52,female,205,unconfounded,a,0,3.770999999999958,83,40,-8,91,7,-1,38.33333333,32.33333333,6,37.16928242,41.61196409,-4.442681672,-8,-1,-7,-0.07,0.69,-0.76,FALSE
20,67d04e57ae59b71e07329bf5,52,female,206,unconfounded,a,0,2.411000000000058,55,22,-21,66,6,-16,18.66666667,18.66666667,0,31.11626941,34.65384378,-3.537574369,-21,-16,-5,-0.16,0.5,-0.66,FALSE
20,67d04e57ae59b71e07329bf5,52,female,207,unconfounded,a,0,2.076000000000022,66,40,-29,84,13,-23,25.66666667,24.66666667,1,40.08601862,44.45472103,-4.368702413,-29,-23,-6,-0.49,0.38,-0.87,FALSE
20,67d04e57ae59b71e07329bf5,52,female,208,unconfounded,a,0,2.259999999999991,80,31,-38,94,5,-26,24.33333333,24.33333333,0,48.40339749,50.86146762,-2.458070131,-38,-26,-12,-0.2,0.52,-0.72,FALSE
20,67d04e57ae59b71e07329bf5,52,female,209,confounded,b,1,1.8460000000000036,82,64,-15,78,50,-6,43.66666667,40.66666667,3,42.1294302,34.92213561,7.207294589,-15,-6,-9,-0.61,-0.38,-0.23,FALSE
20,67d04e57ae59b71e07329bf5,52,female,210,confounded,b,1,5.425999999999931,83,79,-38,99,58,-24,41.33333333,44.33333333,-3,56.12090124,51.13598429,4.98491695,-38,-24,-14,-0.7,-0.38,-0.32,FALSE
20,67d04e57ae59b71e07329bf5,52,female,211,unconfounded,a,0,2.2280000000000655,50,26,-17,66,7,-11,19.66666667,20.66666667,-1,27.71682201,32.88701196,-5.17018995,-17,-11,-6,-0.33,0.55,-0.88,FALSE
20,67d04e57ae59b71e07329bf5,52,female,212,confounded,b,1,3.5260000000000673,81,78,-44,94,63,-33,38.33333333,41.33333333,-3,58.2313394,54.06374838,4.167591025,-44,-33,-11,-0.71,-0.54,-0.17,FALSE
20,67d04e57ae59b71e07329bf5,52,female,213,unconfounded,a,0,3.4769999999998618,72,70,-17,94,24,-11,41.66666667,35.66666667,6,41.49163236,43.65266951,-2.161037156,-17,-11,-6,-0.71,0.38,-1.09,FALSE
20,67d04e57ae59b71e07329bf5,52,female,214,unconfounded,a,0,3.1369999999999436,55,19,-13,73,1,-4,20.33333333,23.33333333,-3,27.77688887,35.17890782,-7.402018947,-13,-4,-9,0.07,0.7,-0.63,FALSE
20,67d04e57ae59b71e07329bf5,52,female,215,confounded,b,1,2.643000000000029,73,68,-84,83,63,-71,19,25,-6,72.86059749,68.37153404,4.489063453,-84,-71,-13,-0.7,-0.66,-0.04,FALSE
20,67d04e57ae59b71e07329bf5,52,female,216,confounded,b,1,2.675999999999931,66,64,-14,70,50,-1,38.66666667,39.66666667,-1,37.24990679,29.89239963,7.357507157,-14,-1,-13,-0.71,-0.48,-0.23,FALSE
20,67d04e57ae59b71e07329bf5,52,female,217,unconfounded,b,1,1.9929999999999384,76,42,-93,97,33,-87,8.333333333,14.33333333,-6,72.9855389,76.26853145,-3.282992543,-93,-87,-6,-0.59,-0.35,-0.24,FALSE
20,67d04e57ae59b71e07329bf5,52,female,218,unconfounded,a,0,1.9600000000000364,64,49,-69,94,7,-60,14.66666667,13.66666667,1,59.4773533,63.04671989,-3.56936659,-69,-60,-9,-0.67,0.16,-0.83,FALSE
20,67d04e57ae59b71e07329bf5,52,female,219,confounded,b,1,1.908999999999878,93,88,-12,97,64,-1,56.33333333,53.33333333,3,48.36206043,40.71308826,7.64897217,-12,-1,-11,-0.7,-0.38,-0.32,FALSE
21,67e2a624e55987ea03570bc1,24,male,0,confounded,b,1,6.426200000047658,30,4,-19,23,3,-8,5,6,-1,20.01665973,12.83225104,7.184408691,-19,-8,-11,0.07,0.34,-0.27,FALSE
21,67e2a624e55987ea03570bc1,24,male,1,confounded,b,1,5.792899999976157,95,77,-55,97,48,-46,39,33,6,66.87301399,59.33520596,7.537808026,-55,-46,-9,-0.67,-0.36,-0.31,FALSE
21,67e2a624e55987ea03570bc1,24,male,2,confounded,b,1,4.539199999988085,90,19,-42,81,3,-35,22.33333333,16.33333333,6,53.94029621,48.2861839,5.654112314,-42,-35,-7,0.09,0.39,-0.3,FALSE
21,67e2a624e55987ea03570bc1,24,male,3,unconfounded,b,1,3.3564999999999827,70,60,-28,92,11,-19,34,28,6,44.0302926,46.88283268,-2.852540076,-28,-19,-9,-0.68,0.5,-1.18,FALSE
21,67e2a624e55987ea03570bc1,24,male,4,unconfounded,b,1,1.9730000000000132,69,66,-55,96,34,-50,26.66666667,26.66666667,0,57.76004001,59.82938706,-2.069347044,-55,-50,-5,-0.71,-0.18,-0.53,FALSE
21,67e2a624e55987ea03570bc1,24,male,5,unconfounded,b,1,1.8896999999880677,65,38,-26,81,20,-21,25.66666667,26.66666667,-1,38.16047985,41.90730512,-3.74682527,-26,-21,-5,-0.45,0.23,-0.68,FALSE
21,67e2a624e55987ea03570bc1,24,male,6,confounded,b,1,2.9240000000000066,81,75,-12,85,53,-3,48,45,3,42.49705872,36.36848453,6.128574196,-12,-3,-9,-0.7,-0.32,-0.38,FALSE
21,67e2a624e55987ea03570bc1,24,male,7,confounded,b,1,2.371500000000026,82,74,-71,84,63,-59,28.33333333,29.33333333,-1,70.31516353,63.04671989,7.26844364,-71,-59,-12,-0.7,-0.65,-0.05,FALSE
21,67e2a624e55987ea03570bc1,24,male,8,unconfounded,b,1,4.327200000047696,55,22,-21,66,6,-16,18.66666667,18.66666667,0,31.11626941,34.65384378,-3.537574369,-21,-16,-5,-0.16,0.5,-0.66,FALSE
21,67e2a624e55987ea03570bc1,24,male,9,unconfounded,b,1,2.7715999999642236,60,34,-88,93,15,-75,2,11,-9,64.51873113,68.64400921,-4.125278077,-88,-75,-13,-0.62,-0.09,-0.53,FALSE
21,67e2a624e55987ea03570bc1,24,male,10,confounded,b,1,2.923099999964222,84,74,-73,96,33,-62,28.33333333,22.33333333,6,71.76969339,64.9427098,6.826983592,-73,-62,-11,-0.7,-0.24,-0.46,FALSE
21,67e2a624e55987ea03570bc1,24,male,11,unconfounded,a,0,5.244099999964249,56,53,-14,73,2,-7,31.66666667,22.66666667,9,32.31442746,35.78019316,-3.465765693,-14,-7,-7,-0.7,0.67,-1.37,FALSE
21,67e2a624e55987ea03570bc1,24,male,12,unconfounded,a,0,5.2577000000476914,61,49,-22,81,3,-14,29.33333333,23.33333333,6,36.62725154,41.36289266,-4.735641114,-22,-14,-8,-0.65,0.62,-1.27,FALSE
21,67e2a624e55987ea03570bc1,24,male,13,confounded,b,1,3.1261999999881027,87,67,-40,97,42,-25,38,38,0,55.75541827,49.88653793,5.868880342,-40,-25,-15,-0.64,-0.12,-0.52,FALSE
21,67e2a624e55987ea03570bc1,24,male,14,confounded,b,1,3.2916999999880545,75,56,-40,78,43,-30,30.33333333,30.33333333,0,50.33443707,44.99135719,5.343079879,-40,-30,-10,-0.63,-0.4,-0.23,FALSE
21,67e2a624e55987ea03570bc1,24,male,15,confounded,a,0,4.405600000023867,80,43,-41,81,8,-34,27.33333333,18.33333333,9,50.62498285,47.5137407,3.111242151,-41,-34,-7,-0.43,0.32,-0.75,FALSE
21,67e2a624e55987ea03570bc1,24,male,16,unconfounded,a,0,3.406399999976145,52,41,-26,71,1,-14,22.33333333,19.33333333,3,34.47059939,37.04351795,-2.572918563,-26,-14,-12,-0.65,0.62,-1.27,FALSE
21,67e2a624e55987ea03570bc1,24,male,17,confounded,b,1,2.8749000000357796,96,51,-91,99,54,-79,18.66666667,24.66666667,-6,79.69246444,75.57042337,4.122041069,-91,-79,-12,-0.54,-0.52,-0.02,FALSE
21,67e2a624e55987ea03570bc1,24,male,19,confounded,b,1,5.873299999952337,82,57,-23,90,38,-9,38.66666667,39.66666667,-1,44.78342948,40.43375927,4.349670203,-23,-9,-14,-0.55,0.06,-0.61,FALSE
21,67e2a624e55987ea03570bc1,24,male,20,unconfounded,b,1,4.277800000011894,73,50,-46,98,7,-31,25.66666667,24.66666667,1,51.53855084,54.12536887,-2.586818037,-46,-31,-15,-0.6,0.45,-1.05,FALSE
21,67e2a624e55987ea03570bc1,24,male,21,unconfounded,b,1,3.211500000000001,84,46,-12,97,13,-1,39.33333333,36.33333333,3,39.47432358,43.27688631,-3.802562731,-12,-1,-11,-0.25,0.65,-0.9,FALSE
21,67e2a624e55987ea03570bc1,24,male,22,confounded,b,1,2.0810000000000173,82,65,-29,77,59,-18,39.33333333,39.33333333,0,48.81484292,41.20140235,7.613440566,-29,-18,-11,-0.64,-0.61,-0.03,FALSE
21,67e2a624e55987ea03570bc1,24,male,23,confounded,a,0,3.3245000000000005,99,45,-67,98,5,-53,25.66666667,16.66666667,9,69.13432979,62.19503374,6.939296048,-67,-53,-14,-0.4,0.27,-0.67,FALSE
21,67e2a624e55987ea03570bc1,24,male,24,unconfounded,b,1,4.6453000000119005,64,49,-69,94,7,-60,14.66666667,13.66666667,1,59.4773533,63.04671989,-3.56936659,-69,-60,-9,-0.67,0.16,-0.83,FALSE
21,67e2a624e55987ea03570bc1,24,male,25,confounded,a,0,2.362199999988036,99,63,-12,93,52,-4,50,47,3,46.23851209,39.75759885,6.480913232,-12,-4,-8,-0.4,-0.19,-0.21,FALSE
21,67e2a624e55987ea03570bc1,24,male,26,unconfounded,b,1,1.7379999999999995,72,62,-10,99,53,-1,41.33333333,50.33333333,-9,36.52700675,40.86835233,-4.341345579,-10,-1,-9,-0.67,-0.1,-0.57,FALSE
21,67e2a624e55987ea03570bc1,24,male,27,unconfounded,a,0,4.908099999964236,64,57,-33,97,1,-19,29.33333333,26.33333333,3,44.16886787,50.63156679,-6.46269892,-33,-19,-14,-0.69,0.63,-1.32,FALSE
21,67e2a624e55987ea03570bc1,24,male,28,unconfounded,b,1,6.274800000011908,48,36,-33,76,20,-27,17,23,-6,35.6931366,42.10304819,-6.409911592,-33,-27,-6,-0.65,0.11,-0.76,FALSE
21,67e2a624e55987ea03570bc1,24,male,29,confounded,a,0,2.8412000000476496,94,59,-24,99,39,-12,43,42,1,49.48400415,45.36518489,4.118819261,-24,-12,-12,-0.45,0.1,-0.55,FALSE
21,67e2a624e55987ea03570bc1,24,male,30,confounded,b,1,1.8741000000238728,66,64,-14,70,50,-1,38.66666667,39.66666667,-1,37.24990679,29.89239963,7.357507157,-14,-1,-13,-0.71,-0.48,-0.23,FALSE
21,67e2a624e55987ea03570bc1,24,male,31,confounded,b,1,4.974100000023839,49,11,-37,57,15,-22,7.666666667,16.66666667,-9,35.18838192,32.27313985,2.915242074,-37,-22,-15,-0.14,0.08,-0.22,FALSE
21,67e2a624e55987ea03570bc1,24,male,32,unconfounded,b,1,2.174500000000023,77,49,-72,97,6,-67,18,12,6,64.65807503,67.08700818,-2.42893315,-72,-67,-5,-0.61,0.13,-0.74,FALSE
21,67e2a624e55987ea03570bc1,24,male,33,confounded,b,1,4.3748000000119305,74,51,-26,76,46,-14,33,36,-3,42.76291228,37.41657387,5.346338412,-26,-14,-12,-0.56,-0.38,-0.18,FALSE
21,67e2a624e55987ea03570bc1,24,male,34,confounded,b,1,1.9123999999761736,89,83,-40,98,60,-26,44,44,0,59.44745579,51.87163644,7.575819354,-40,-26,-14,-0.7,-0.43,-0.27,FALSE
21,67e2a624e55987ea03570bc1,24,male,35,confounded,a,0,1.989500000000021,37,36,-64,47,22,-51,3,6,-3,47.37791328,41.57723736,5.800675917,-64,-51,-13,-0.71,-0.52,-0.19,FALSE
21,67e2a624e55987ea03570bc1,24,male,36,unconfounded,b,1,2.208000000000027,45,38,-33,83,15,-21,16.66666667,25.66666667,-9,35.23571421,43.12256434,-7.886850138,-33,-21,-12,-0.69,0.36,-1.05,FALSE
21,67e2a624e55987ea03570bc1,24,male,37,confounded,b,1,1.4744999999999775,60,58,-24,72,31,-12,31.33333333,30.33333333,1,39.13509366,34.29609631,4.838997345,-24,-12,-12,-0.71,-0.03,-0.68,FALSE
21,67e2a624e55987ea03570bc1,24,male,38,confounded,b,1,1.6076999999880854,84,54,-18,91,30,-4,40,39,1,42.80186912,39.3022476,3.499621515,-18,-4,-14,-0.46,0.33,-0.79,FALSE
21,67e2a624e55987ea03570bc1,24,male,39,unconfounded,a,0,3.4916999999881,70,16,-49,84,3,-41,12.33333333,15.33333333,-3,48.65068231,51.77086268,-3.12018037,-49,-41,-8,-0.11,0.34,-0.45,FALSE
21,67e2a624e55987ea03570bc1,24,male,40,unconfounded,a,0,1.9710000000000036,52,25,-28,65,9,-22,16.33333333,17.33333333,-1,33.22983933,36.00308629,-2.773246953,-28,-22,-6,-0.37,0.33,-0.7,FALSE
21,67e2a624e55987ea03570bc1,24,male,41,confounded,b,1,6.17349999999999,79,75,-24,86,58,-11,43.33333333,44.33333333,-1,47.6398526,40.76218291,6.877669688,-24,-11,-13,-0.7,-0.47,-0.23,FALSE
21,67e2a624e55987ea03570bc1,24,male,42,unconfounded,b,1,1.8753000000119189,57,55,-50,97,16,-42,20.66666667,23.66666667,-3,49.97554958,57.00487309,-7.029323509,-50,-42,-8,-0.71,0.2,-0.91,FALSE
21,67e2a624e55987ea03570bc1,24,male,43,unconfounded,a,0,1.3406000000238123,74,46,-44,87,1,-39,25.33333333,16.33333333,9,50.34105901,52.56953068,-2.228471667,-44,-39,-5,-0.55,0.41,-0.96,FALSE
21,67e2a624e55987ea03570bc1,24,male,44,unconfounded,a,0,1.6298999999761463,60,27,-47,80,4,-41,13.33333333,14.33333333,-1,44.73874781,49.93551397,-5.196766162,-47,-41,-6,-0.43,0.3,-0.73,FALSE
21,67e2a624e55987ea03570bc1,24,male,45,confounded,a,0,3.057800000011923,58,36,-89,59,29,-74,1.666666667,4.666666667,-3,64.73707507,56.95807425,7.779000822,-89,-74,-15,-0.65,-0.56,-0.09,FALSE
21,67e2a624e55987ea03570bc1,24,male,46,confounded,b,1,2.3935000000000173,60,35,-32,57,29,-20,21,22,-1,38.8415585,31.82242396,7.01913454,-32,-20,-12,-0.49,-0.32,-0.17,FALSE
21,67e2a624e55987ea03570bc1,24,male,47,unconfounded,a,0,2.55860000002383,81,32,-83,99,17,-77,10,13,-3,68.73621074,71.90734779,-3.171137055,-83,-77,-6,-0.45,-0.08,-0.37,FALSE
21,67e2a624e55987ea03570bc1,24,male,48,unconfounded,b,1,2.3251000000238378,57,52,-69,95,11,-63,13.33333333,14.33333333,-1,58.25423208,64.54627969,-6.29204761,-69,-63,-6,-0.7,0.08,-0.78,FALSE
21,67e2a624e55987ea03570bc1,24,male,49,confounded,a,0,3.3921999999881223,93,88,-12,97,64,-1,56.33333333,53.33333333,3,48.36206043,40.71308826,7.64897217,-12,-1,-11,-0.7,-0.38,-0.32,FALSE
21,67e2a624e55987ea03570bc1,24,male,50,confounded,a,0,2.857700000047714,99,38,-35,87,15,-27,34,25,9,54.77834122,47.07440918,7.703932035,-35,-27,-8,-0.11,0.31,-0.42,FALSE
21,67e2a624e55987ea03570bc1,24,male,51,unconfounded,b,1,2.1106999999880713,61,18,-37,77,14,-31,14,20,-6,40.10818703,44.29446918,-4.186282153,-37,-31,-6,-0.15,0.2,-0.35,FALSE
21,67e2a624e55987ea03570bc1,24,male,52,unconfounded,a,0,2.492500000000007,58,40,-41,89,8,-31,19,22,-3,43.05810028,49.979996,-6.921895715,-41,-31,-10,-0.62,0.4,-1.02,FALSE
21,67e2a624e55987ea03570bc1,24,male,53,confounded,a,0,3.7083000000119455,80,61,-49,77,57,-42,30.66666667,30.66666667,0,56.86436103,52.02777036,4.836590669,-49,-42,-7,-0.65,-0.63,-0.02,FALSE
21,67e2a624e55987ea03570bc1,24,male,54,unconfounded,a,0,2.6416000000238,72,70,-34,99,2,-20,36,27,9,49.50420858,51.69784006,-2.193631483,-34,-20,-14,-0.71,0.61,-1.32,FALSE
21,67e2a624e55987ea03570bc1,24,male,55,confounded,a,0,3.2091000000238523,61,33,-71,68,40,-58,7.666666667,16.66666667,-9,56.78810517,54.02057221,2.767532958,-71,-58,-13,-0.58,-0.57,-0.01,FALSE
21,67e2a624e55987ea03570bc1,24,male,56,confounded,b,1,1.1915999999642397,80,73,-34,85,63,-29,39.66666667,39.66666667,0,52.16853032,49.37835783,2.790172486,-34,-29,-5,-0.7,-0.6,-0.1,FALSE
21,67e2a624e55987ea03570bc1,24,male,57,confounded,b,1,1.5914999999999964,93,65,-15,92,30,-6,47.66666667,38.66666667,9,45.7626728,40.47495796,5.28771484,-15,-6,-9,-0.51,0.31,-0.82,FALSE
21,67e2a624e55987ea03570bc1,24,male,58,unconfounded,a,0,1.2244999999999775,49,31,-74,83,4,-63,2,8,-6,54.24020649,59.67132198,-5.431115489,-74,-63,-11,-0.65,0.1,-0.75,FALSE
21,67e2a624e55987ea03570bc1,24,male,59,confounded,a,0,3.3750999999642772,69,48,-67,68,45,-60,16.66666667,17.66666667,-1,59.77922344,55.7155474,4.063676043,-67,-60,-7,-0.64,-0.62,-0.02,FALSE
21,67e2a624e55987ea03570bc1,24,male,60,unconfounded,a,0,1.3584999999999925,58,37,-21,83,16,-7,24.66666667,30.66666667,-6,33.40991204,38.17794593,-4.768033896,-21,-7,-14,-0.5,0.52,-1.02,FALSE
21,67e2a624e55987ea03570bc1,24,male,61,confounded,b,1,0.8416000000238455,80,54,-23,85,21,-13,37,31,6,43.73404471,40.62839729,3.105647416,-23,-13,-10,-0.52,0.35,-0.87,FALSE
21,67e2a624e55987ea03570bc1,24,male,62,confounded,b,1,1.057699999988074,91,73,-19,96,36,-14,48.33333333,39.33333333,9,48.17560471,44.96912521,3.206479496,-19,-14,-5,-0.63,0.11,-0.74,FALSE
21,67e2a624e55987ea03570bc1,24,male,63,unconfounded,b,1,1.4915999999642509,56,39,-78,85,2,-70,5.666666667,5.666666667,0,59.56695579,63.33157892,-3.764623132,-78,-70,-8,-0.66,0.09,-0.75,FALSE
21,67e2a624e55987ea03570bc1,24,male,64,confounded,b,1,0.9919999999999618,81,78,-44,94,63,-33,38.33333333,41.33333333,-3,58.2313394,54.06374838,4.167591025,-44,-33,-11,-0.71,-0.54,-0.17,FALSE
21,67e2a624e55987ea03570bc1,24,male,65,confounded,a,0,0.6583999999761545,51,45,-68,56,48,-58,9.333333333,15.33333333,-6,54.73775865,51.95724738,2.780511269,-68,-58,-10,-0.7,-0.69,-0.01,FALSE
21,67e2a624e55987ea03570bc1,24,male,66,confounded,b,1,0.8248999999761395,89,74,-13,90,55,-4,50,47,3,44.96665431,38.79003308,6.176621228,-13,-4,-9,-0.65,-0.3,-0.35,FALSE
21,67e2a624e55987ea03570bc1,24,male,67,unconfounded,a,0,2.174800000011942,62,45,-31,84,8,-19,25.33333333,24.33333333,1,40.43375927,43.60682923,-3.173069958,-31,-19,-12,-0.61,0.51,-1.12,FALSE
21,67e2a624e55987ea03570bc1,24,male,68,unconfounded,a,0,1.1415000000000075,61,53,-62,85,48,-54,17.33333333,26.33333333,-9,56.19213073,58.77830288,-2.586172149,-62,-54,-8,-0.7,-0.5,-0.2,FALSE
21,67e2a624e55987ea03570bc1,24,male,69,confounded,b,1,0.840899999976159,62,49,-44,69,55,-30,22.33333333,31.33333333,-9,47.20404879,43.74420597,3.459842825,-44,-30,-14,-0.67,-0.65,-0.02,FALSE
21,67e2a624e55987ea03570bc1,24,male,70,unconfounded,b,1,0.94110000002388,76,64,-21,97,15,-11,39.66666667,33.66666667,6,43.17663977,46.02414825,-2.847508476,-21,-11,-10,-0.67,0.54,-1.21,FALSE
21,67e2a624e55987ea03570bc1,24,male,71,confounded,a,0,0.7582999999523281,65,62,-49,72,57,-42,26,29,-3,53.04714884,50.57667447,2.470474374,-49,-42,-7,-0.71,-0.66,-0.05,FALSE
21,67e2a624e55987ea03570bc1,24,male,72,unconfounded,b,1,0.7581999999880509,72,34,-68,95,3,-57,12.66666667,13.66666667,-1,59.11194653,62.51044357,-3.398497045,-68,-57,-11,-0.49,0.25,-0.74,FALSE
21,67e2a624e55987ea03570bc1,24,male,73,unconfounded,b,1,1.9926999999880763,71,42,-92,95,21,-86,7,10,-3,70.99765254,74.30118886,-3.303536321,-92,-86,-6,-0.62,-0.22,-0.4,FALSE
21,67e2a624e55987ea03570bc1,24,male,74,confounded,a,0,1.3745999999642322,95,89,-13,98,73,-3,57,56,1,49.55804677,42.94958285,6.608463927,-13,-3,-10,-0.7,-0.53,-0.17,FALSE
21,67e2a624e55987ea03570bc1,24,male,75,unconfounded,b,1,1.4590999999642236,77,67,-13,98,10,-4,43.66666667,34.66666667,9,40.27681991,45.14667454,-4.86985463,-13,-4,-9,-0.67,0.66,-1.33,FALSE
21,67e2a624e55987ea03570bc1,24,male,76,confounded,b,1,2.425699999988069,90,67,-17,92,28,-7,46.66666667,37.66666667,9,45.98792112,40.99051381,4.997407312,-17,-7,-10,-0.58,0.34,-0.92,FALSE
21,67e2a624e55987ea03570bc1,24,male,77,unconfounded,b,1,2.375100000023849,66,40,-29,84,13,-23,25.66666667,24.66666667,1,40.08601862,44.45472103,-4.368702413,-29,-23,-6,-0.49,0.38,-0.87,FALSE
21,67e2a624e55987ea03570bc1,24,male,78,unconfounded,a,0,2.6075999999641795,61,53,-28,85,3,-20,28.66666667,22.66666667,6,40.20226638,45.0653846,-4.863118215,-28,-20,-8,-0.69,0.57,-1.26,FALSE
21,67e2a624e55987ea03570bc1,24,male,79,confounded,a,0,1.574800000011919,81,40,-65,84,42,-52,18.66666667,24.66666667,-6,61.48351179,56.85849883,4.625012964,-65,-52,-13,-0.48,-0.43,-0.05,FALSE
21,67e2a624e55987ea03570bc1,24,male,80,unconfounded,b,1,2.175400000035779,76,42,-93,97,33,-87,8.333333333,14.33333333,-6,72.9855389,76.26853145,-3.282992543,-93,-87,-6,-0.59,-0.35,-0.24,FALSE
21,67e2a624e55987ea03570bc1,24,male,81,confounded,b,1,2.008000000000038,81,74,-67,96,32,-58,29.33333333,23.33333333,6,68.17787194,63.16820579,5.009666154,-67,-58,-9,-0.7,-0.2,-0.5,FALSE
21,67e2a624e55987ea03570bc1,24,male,82,unconfounded,a,0,2.2913000000119155,61,50,-88,94,11,-82,7.666666667,7.666666667,0,67.79544396,71.8903486,-4.094904639,-88,-82,-6,-0.69,-0.07,-0.62,FALSE
21,67e2a624e55987ea03570bc1,24,male,83,unconfounded,b,1,2.9916999999881,55,52,-40,92,13,-29,22.33333333,25.33333333,-3,44.09333535,50.16195991,-6.068624563,-40,-29,-11,-0.7,0.35,-1.05,FALSE
21,67e2a624e55987ea03570bc1,24,male,84,confounded,a,0,3.708200000047782,79,27,-34,70,26,-24,24,24,0,46.18080409,38.40138886,7.779415229,-34,-24,-10,-0.1,-0.08,-0.02,FALSE
21,67e2a624e55987ea03570bc1,24,male,85,unconfounded,a,0,2.3416999999881227,52,34,-65,75,3,-57,7,7,0,51.4392846,53.96295025,-2.523665654,-65,-57,-8,-0.64,0.11,-0.75,FALSE
21,67e2a624e55987ea03570bc1,24,male,86,unconfounded,a,0,2.4746999999880472,75,26,-42,94,6,-32,19.66666667,22.66666667,-3,47.97453028,52.77204647,-4.797516193,-42,-32,-10,-0.2,0.44,-0.64,FALSE
21,67e2a624e55987ea03570bc1,24,male,87,unconfounded,a,0,3.391499999999951,83,61,-20,99,4,-6,41.33333333,32.33333333,9,44.28945197,47.31689856,-3.027446588,-20,-6,-14,-0.58,0.68,-1.26,FALSE
21,67e2a624e55987ea03570bc1,24,male,88,confounded,a,0,2.842199999987997,32,12,-39,37,19,-24,1.666666667,10.66666667,-9,29.89239963,25.59079696,4.301602672,-39,-24,-15,-0.48,-0.45,-0.03,FALSE
21,67e2a624e55987ea03570bc1,24,male,89,confounded,a,0,1.8786999999880436,39,30,-45,49,34,-32,8,17,-9,37.65634077,35.18522417,2.471116596,-45,-32,-13,-0.68,-0.61,-0.07,FALSE
21,67e2a624e55987ea03570bc1,24,male,90,unconfounded,a,0,2.94139999997617,76,48,-37,99,1,-31,29,23,6,48.04858652,55.30521374,-7.256627218,-37,-31,-6,-0.53,0.53,-1.06,FALSE
21,67e2a624e55987ea03570bc1,24,male,91,confounded,a,0,3.9908000000119728,81,8,-35,75,6,-24,18,19,-1,47.88179891,41.44876355,6.433035356,-35,-24,-11,0.3,0.44,-0.14,FALSE
21,67e2a624e55987ea03570bc1,24,male,92,unconfounded,a,0,2.9578999999762345,58,49,-41,85,1,-29,22,19,3,44.69899328,48.24935233,-3.55035905,-41,-29,-12,-0.69,0.51,-1.2,FALSE
21,67e2a624e55987ea03570bc1,24,male,93,confounded,a,0,2.0391999999881136,89,67,-17,87,61,-12,46.33333333,45.33333333,1,45.67518169,41.90730512,3.76787657,-17,-12,-5,-0.59,-0.51,-0.08,FALSE
21,67e2a624e55987ea03570bc1,24,male,94,confounded,a,0,2.107899999976212,84,73,-51,95,70,-41,35.33333333,41.33333333,-6,61.21183618,59.10630724,2.105528943,-51,-41,-10,-0.69,-0.61,-0.08,FALSE
21,67e2a624e55987ea03570bc1,24,male,95,unconfounded,b,1,1.8926999999880536,44,17,-42,71,6,-31,6.333333333,15.33333333,-9,35.91038228,42.16106682,-6.250684541,-42,-31,-11,-0.42,0.32,-0.74,FALSE
21,67e2a624e55987ea03570bc1,24,male,96,unconfounded,a,0,1.5908000000119955,66,61,-25,89,4,-18,34,25,9,41.76920716,46.13747573,-4.368268571,-25,-18,-7,-0.7,0.59,-1.29,FALSE
21,67e2a624e55987ea03570bc1,24,male,97,unconfounded,a,0,2.1583999999761545,80,55,-43,97,5,-37,30.66666667,21.66666667,9,53.08065142,55.96030339,-2.879651967,-43,-37,-6,-0.59,0.42,-1.01,FALSE
21,67e2a624e55987ea03570bc1,24,male,98,unconfounded,a,0,1.577900000035811,81,51,-42,96,4,-37,30,21,9,52.36410985,55.61174936,-3.247639512,-42,-37,-5,-0.54,0.43,-0.97,FALSE
21,67e2a624e55987ea03570bc1,24,male,99,confounded,b,1,1.5943000000119127,74,69,-25,82,49,-13,39.33333333,39.33333333,0,45.5363103,39.38132665,6.154983646,-25,-13,-12,-0.7,-0.35,-0.35,FALSE
21,67e2a624e55987ea03570bc1,24,male,100,unconfounded,a,0,1.3448000000120146,83,40,-8,91,7,-1,38.33333333,32.33333333,6,37.16928242,41.61196409,-4.442681672,-8,-1,-7,-0.07,0.69,-0.76,FALSE
21,67e2a624e55987ea03570bc1,24,male,101,unconfounded,b,1,1.558499999999981,61,43,-79,96,2,-73,8.333333333,8.333333333,0,62.18967403,69.13915115,-6.949477127,-79,-73,-6,-0.66,0.14,-0.8,FALSE
21,67e2a624e55987ea03570bc1,24,male,102,confounded,b,1,1.6083000000119227,91,75,-12,94,55,-4,51.33333333,48.33333333,3,45.25728916,40.28509512,4.97219404,-12,-4,-8,-0.64,-0.24,-0.4,FALSE
21,67e2a624e55987ea03570bc1,24,male,103,confounded,b,1,1.54019999998809,83,79,-38,99,58,-24,41.33333333,44.33333333,-3,56.12090124,51.13598429,4.98491695,-38,-24,-14,-0.7,-0.38,-0.32,FALSE
21,67e2a624e55987ea03570bc1,24,male,104,confounded,a,0,1.7907999999523554,82,78,-17,89,62,-11,47.66666667,46.66666667,1,45.75538827,42.24005471,3.515333554,-17,-11,-6,-0.7,-0.5,-0.2,FALSE
21,67e2a624e55987ea03570bc1,24,male,105,unconfounded,b,1,1.3411999999881346,92,49,-7,99,9,-1,44.66666667,35.66666667,9,40.53256578,44.96912521,-4.436559429,-7,-1,-6,-0.16,0.68,-0.84,FALSE
21,67e2a624e55987ea03570bc1,24,male,106,unconfounded,a,0,1.9118999999760715,74,35,-30,97,8,-17,26.33333333,29.33333333,-3,42.89781139,48.92397731,-6.026165915,-30,-17,-13,-0.29,0.57,-0.86,FALSE
21,67e2a624e55987ea03570bc1,24,male,107,unconfounded,a,0,5.241699999987986,52,48,-39,83,15,-28,20.33333333,23.33333333,-3,41.9867704,45.69707017,-3.710299768,-39,-28,-11,-0.7,0.27,-0.97,FALSE
21,67e2a624e55987ea03570bc1,24,male,108,confounded,a,0,6.056399999976179,83,50,-11,85,29,-1,40.66666667,37.66666667,3,38.93869826,35.64017708,3.298521182,-11,-1,-10,-0.35,0.35,-0.7,FALSE
21,67e2a624e55987ea03570bc1,24,male,109,confounded,a,0,0.05760000002385368,65,54,-20,73,59,-6,33,42,-9,37.74475681,34.41898701,3.325769802,-20,-6,-14,-0.66,-0.62,-0.04,FALSE
21,67e2a624e55987ea03570bc1,24,male,110,confounded,b,1,2.543300000011868,67,60,-20,68,46,-10,35.66666667,34.66666667,1,39.46587837,32.83629428,6.629584088,-20,-10,-10,-0.69,-0.48,-0.21,FALSE
21,67e2a624e55987ea03570bc1,24,male,111,unconfounded,a,0,2.5398999999761145,69,32,-47,87,24,-39,18,24,-6,48.38043682,51.4392846,-3.058847781,-47,-39,-8,-0.41,0,-0.41,FALSE
21,67e2a624e55987ea03570bc1,24,male,112,unconfounded,a,0,1.7568999999762127,57,37,-65,85,1,-54,9.666666667,10.66666667,-1,53.42492136,57.15670467,-3.731783312,-65,-54,-11,-0.63,0.25,-0.88,FALSE
21,67e2a624e55987ea03570bc1,24,male,113,confounded,a,0,2.2248000000118964,92,55,-16,86,47,-5,43.66666667,42.66666667,1,44.8131925,37.27674282,7.536449678,-16,-5,-11,-0.36,-0.17,-0.19,FALSE
21,67e2a624e55987ea03570bc1,24,male,114,confounded,b,1,2.6584000000357264,79,76,-68,85,37,-62,29,20,9,68.60029154,61.20457499,7.395716552,-68,-62,-6,-0.71,-0.4,-0.31,FALSE
21,67e2a624e55987ea03570bc1,24,male,115,confounded,a,0,3.422800000011989,53,43,-8,49,31,-1,29.33333333,26.33333333,3,26.71246068,20.67741656,6.035044121,-8,-1,-7,-0.63,-0.33,-0.3,FALSE
21,67e2a624e55987ea03570bc1,24,male,116,unconfounded,a,0,1.4291000000238228,55,19,-13,73,1,-4,20.33333333,23.33333333,-3,27.77688887,35.17890782,-7.402018947,-13,-4,-9,0.07,0.7,-0.63,FALSE
21,67e2a624e55987ea03570bc1,24,male,117,unconfounded,a,0,1.9915999999642509,50,24,-56,83,8,-46,6,15,-9,45.10727953,52.89612462,-7.788845091,-56,-46,-10,-0.54,0.2,-0.74,FALSE
21,67e2a624e55987ea03570bc1,24,male,118,confounded,b,1,1.761300000011829,73,68,-84,83,63,-71,19,25,-6,72.86059749,68.37153404,4.489063453,-84,-71,-13,-0.7,-0.66,-0.04,FALSE
21,67e2a624e55987ea03570bc1,24,male,119,unconfounded,b,1,2.641599999964228,64,23,-82,89,11,-77,1.666666667,7.666666667,-6,61.48351179,67.81019261,-6.326680822,-82,-77,-5,-0.48,-0.07,-0.41,FALSE
21,67e2a624e55987ea03570bc1,24,male,120,unconfounded,b,1,2.298099999964279,52,47,-90,84,32,-80,3,12,-9,65.79260343,68.43001291,-2.637409474,-90,-80,-10,-0.7,-0.41,-0.29,FALSE
21,67e2a624e55987ea03570bc1,24,male,121,confounded,b,1,2.9908999999761363,95,41,-73,89,40,-63,21,22,-1,70.0285656,63.34561284,6.682952755,-73,-63,-10,-0.41,-0.4,-0.01,FALSE
21,67e2a624e55987ea03570bc1,24,male,122,confounded,a,0,2.7280000000000655,59,54,-8,62,28,-3,35,29,6,30.47403266,26.54555832,3.928474339,-8,-3,-5,-0.69,0.06,-0.75,FALSE
21,67e2a624e55987ea03570bc1,24,male,123,unconfounded,a,0,2.176000000000045,58,54,-47,89,7,-34,21.66666667,20.66666667,1,48.58211834,51.13598429,-2.553865948,-47,-34,-13,-0.7,0.38,-1.08,FALSE
21,67e2a624e55987ea03570bc1,24,male,124,unconfounded,a,0,1.8079999999999927,79,53,-16,96,9,-7,38.66666667,32.66666667,6,40.08601862,45.25728916,-5.17127054,-16,-7,-9,-0.49,0.64,-1.13,FALSE
21,67e2a624e55987ea03570bc1,24,male,125,confounded,a,0,3.6101999999880263,93,87,-40,99,80,-30,46.66666667,49.66666667,-3,61.33152171,56.86436103,4.467160681,-40,-30,-10,-0.7,-0.65,-0.05,FALSE
21,67e2a624e55987ea03570bc1,24,male,126,confounded,b,1,3.0916000000238455,88,64,-15,89,47,-2,45.66666667,44.66666667,1,44.00252518,37.18721405,6.815311129,-15,-2,-13,-0.55,-0.09,-0.46,FALSE
21,67e2a624e55987ea03570bc1,24,male,127,confounded,a,0,1.6417999999522408,57,40,-94,70,21,-79,1,4,-3,67.53270812,62.00537611,5.527332014,-94,-79,-15,-0.67,-0.39,-0.28,FALSE
21,67e2a624e55987ea03570bc1,24,male,128,unconfounded,a,0,8.091600000023845,50,26,-17,66,7,-11,19.66666667,20.66666667,-1,27.71682201,32.88701196,-5.17018995,-17,-11,-6,-0.33,0.55,-0.88,FALSE
21,67e2a624e55987ea03570bc1,24,male,129,unconfounded,a,0,3.376900000035789,82,49,-56,98,10,-51,25,19,6,58.83876273,61.16098975,-2.322227012,-56,-51,-5,-0.54,0.22,-0.76,FALSE
21,67e2a624e55987ea03570bc1,24,male,130,unconfounded,a,0,1.607899999976098,47,39,-49,72,3,-41,12.33333333,11.33333333,1,43.49201715,46.50686927,-3.014852118,-49,-41,-8,-0.69,0.26,-0.95,FALSE
21,67e2a624e55987ea03570bc1,24,male,131,unconfounded,a,0,1.6834000000357037,78,35,-19,87,10,-12,31.33333333,28.33333333,3,39.68486977,42.44473531,-2.759865537,-19,-12,-7,-0.14,0.57,-0.71,FALSE
21,67e2a624e55987ea03570bc1,24,male,132,unconfounded,b,1,1.6249000000357228,63,43,-58,93,3,-51,16,15,1,52.95910372,59.39696962,-6.437865901,-58,-51,-7,-0.63,0.29,-0.92,FALSE
21,67e2a624e55987ea03570bc1,24,male,133,confounded,b,1,1.8579999999999472,60,45,-95,64,47,-83,3.333333333,9.333333333,-6,69.8013053,65.65735975,4.143945558,-95,-83,-12,-0.68,-0.67,-0.01,FALSE
21,67e2a624e55987ea03570bc1,24,male,134,confounded,a,0,1.708399999976109,82,32,-65,81,1,-60,16.33333333,7.333333333,9,61.02640594,57.73695139,3.289454554,-65,-60,-5,-0.37,0.16,-0.53,FALSE
21,67e2a624e55987ea03570bc1,24,male,135,confounded,b,1,2.20900000000006,82,63,-26,93,35,-12,39.66666667,38.66666667,1,47.07676945,42.94440851,4.132360945,-26,-12,-14,-0.62,0.13,-0.75,FALSE
21,67e2a624e55987ea03570bc1,24,male,136,unconfounded,b,1,2.674800000011942,39,29,-22,58,1,-13,15.33333333,15.33333333,0,26.71246068,30.70649587,-3.994035195,-22,-13,-9,-0.63,0.6,-1.23,FALSE
21,67e2a624e55987ea03570bc1,24,male,137,unconfounded,b,1,2.362199999987979,83,22,-20,90,5,-13,28.33333333,27.33333333,1,42.28737663,44.91720779,-2.629831159,-20,-13,-7,0.22,0.62,-0.4,FALSE
21,67e2a624e55987ea03570bc1,24,male,138,confounded,b,1,1.7430000000000518,87,69,-31,91,47,-16,41.66666667,40.66666667,1,51.90589776,43.91152721,7.994370546,-31,-16,-15,-0.64,-0.21,-0.43,FALSE
21,67e2a624e55987ea03570bc1,24,male,139,confounded,b,1,1.97460000002377,82,64,-15,78,50,-6,43.66666667,40.66666667,3,42.1294302,34.92213561,7.207294589,-15,-6,-9,-0.61,-0.38,-0.23,FALSE
21,67e2a624e55987ea03570bc1,24,male,140,unconfounded,b,1,1.9420000000000073,74,33,-32,94,35,-27,25,34,-9,43.64248694,49.40310382,-5.760616872,-32,-27,-5,-0.27,-0.03,-0.24,FALSE
21,67e2a624e55987ea03570bc1,24,male,141,unconfounded,b,1,2.1246000000237473,76,54,-46,97,16,-38,28,25,3,53.09111665,55.47972603,-2.388609381,-46,-38,-8,-0.62,0.24,-0.86,FALSE
21,67e2a624e55987ea03570bc1,24,male,142,confounded,b,1,1.7415999999642509,66,52,-14,71,33,-3,34.66666667,33.66666667,1,34.88393454,30.21405118,4.669883356,-14,-3,-11,-0.62,0.03,-0.65,FALSE
21,67e2a624e55987ea03570bc1,24,male,143,unconfounded,b,1,1.4086000000238528,92,54,-10,99,11,-1,45.33333333,36.33333333,9,42.08985098,44.58200933,-2.492158346,-10,-1,-9,-0.3,0.67,-0.97,FALSE
21,67e2a624e55987ea03570bc1,24,male,144,unconfounded,b,1,2.69139999997617,68,28,-25,85,2,-13,23.66666667,24.66666667,-1,38.09053542,43.09936839,-5.008832965,-25,-13,-12,-0.17,0.64,-0.81,FALSE
21,67e2a624e55987ea03570bc1,24,male,146,unconfounded,b,1,2.090000000000032,80,45,-79,99,3,-74,15.33333333,9.333333333,6,68.2169741,70.76879413,-2.551820026,-79,-74,-5,-0.57,0.13,-0.7,FALSE
21,67e2a624e55987ea03570bc1,24,male,148,unconfounded,b,1,1.8783000000119048,79,56,-16,99,19,-8,39.66666667,36.66666667,3,40.46672158,45.4337124,-4.966990816,-16,-8,-8,-0.54,0.52,-1.06,FALSE
21,67e2a624e55987ea03570bc1,24,male,149,confounded,b,1,1.2783000000119955,85,77,-20,97,78,-6,47.33333333,56.33333333,-9,47.72374205,44.75364665,2.970095399,-20,-6,-14,-0.69,-0.61,-0.08,FALSE
21,67e2a624e55987ea03570bc1,24,male,150,confounded,a,0,2.610099999964177,79,45,-35,80,2,-20,29.66666667,20.66666667,9,47.7865625,42.90558109,4.880981407,-35,-20,-15,-0.45,0.57,-1.02,FALSE
21,67e2a624e55987ea03570bc1,24,male,151,unconfounded,b,1,1.9248000000119416,49,33,-54,78,3,-44,9.333333333,12.33333333,-3,45.25728916,50.24163833,-4.98434917,-54,-44,-10,-0.64,0.27,-0.91,FALSE
21,67e2a624e55987ea03570bc1,24,male,152,unconfounded,a,0,2.0080999999642017,67,30,-64,98,12,-50,11,20,-9,55.14224031,60.68497892,-5.542738609,-64,-50,-14,-0.48,0.2,-0.68,FALSE
21,67e2a624e55987ea03570bc1,24,male,153,confounded,b,1,1.6779999999999973,52,14,-16,53,17,-2,16.66666667,22.66666667,-6,27.82484901,22.80838053,5.01646848,-16,-2,-14,0.14,0.36,-0.22,FALSE
21,67e2a624e55987ea03570bc1,24,male,154,unconfounded,b,1,2.8583000000119227,63,32,-59,96,5,-47,12,18,-6,51.77515492,59.09878735,-7.323632437,-59,-47,-12,-0.52,0.32,-0.84,FALSE
21,67e2a624e55987ea03570bc1,24,male,155,confounded,a,0,1.65689999997619,85,31,-13,81,32,-1,34.33333333,37.33333333,-3,40.07770231,33.68811198,6.389590326,-13,-1,-12,0.12,0.23,-0.11,FALSE
21,67e2a624e55987ea03570bc1,24,male,156,unconfounded,b,1,1.5415000000000418,71,48,-19,96,7,-6,33.33333333,32.33333333,1,38.17794593,45.33088229,-7.152936355,-19,-6,-13,-0.52,0.66,-1.18,FALSE
21,67e2a624e55987ea03570bc1,24,male,157,confounded,a,0,1.308199999988119,67,16,-14,66,5,-2,23,23,0,33.43650699,30.53959179,2.896915205,-14,-2,-12,0.3,0.68,-0.38,FALSE
21,67e2a624e55987ea03570bc1,24,male,158,confounded,a,0,1.3564999999999827,91,40,-37,81,27,-32,31.33333333,25.33333333,6,52.61389761,46.14710777,6.466789845,-37,-32,-5,-0.24,-0.05,-0.19,FALSE
21,67e2a624e55987ea03570bc1,24,male,159,unconfounded,a,0,1.058100000023842,71,45,-35,95,9,-23,27,27,0,45.10727953,49.82636518,-4.719085645,-35,-23,-12,-0.54,0.49,-1.03,FALSE
21,67e2a624e55987ea03570bc1,24,male,160,confounded,b,1,1.5733000000119546,96,61,-17,93,41,-3,46.66666667,43.66666667,3,47.23228651,39.23717059,7.995115924,-17,-3,-14,-0.43,0.1,-0.53,FALSE
21,67e2a624e55987ea03570bc1,24,male,161,unconfounded,b,1,1.7759999999999536,89,46,-17,99,10,-9,39.33333333,33.33333333,6,43.53032149,47.07676945,-3.546447966,-17,-9,-8,-0.23,0.62,-0.85,FALSE
21,67e2a624e55987ea03570bc1,24,male,162,confounded,b,1,1.2241000000238955,45,24,-31,48,17,-18,12.66666667,15.66666667,-3,32.0451071,26.96087701,5.084230092,-31,-18,-13,-0.49,-0.07,-0.42,FALSE
21,67e2a624e55987ea03570bc1,24,male,163,unconfounded,b,1,1.5936999999880754,74,36,-41,90,6,-30,23,22,1,47.84001115,50.27922036,-2.439209212,-41,-30,-11,-0.39,0.45,-0.84,FALSE
21,67e2a624e55987ea03570bc1,24,male,164,unconfounded,b,1,1.9920000000000757,70,41,-47,93,2,-40,21.33333333,18.33333333,3,49.74825513,55.51176052,-5.763505382,-47,-40,-7,-0.53,0.42,-0.95,FALSE
21,67e2a624e55987ea03570bc1,24,male,165,confounded,b,1,3.256399999976111,88,55,-57,98,39,-42,28.66666667,31.66666667,-3,62.05553069,57.38950736,4.666023323,-57,-42,-15,-0.56,-0.19,-0.37,FALSE
21,67e2a624e55987ea03570bc1,24,male,166,confounded,b,1,6.76190000003578,67,51,-70,80,45,-59,16,22,-6,61.16098975,59.03106527,2.129924478,-70,-59,-11,-0.67,-0.53,-0.14,FALSE
21,67e2a624e55987ea03570bc1,24,male,167,confounded,b,1,1.6416000000239137,95,75,-28,96,64,-15,47.33333333,48.33333333,-1,53.89083616,46.64999702,7.240839139,-28,-15,-13,-0.63,-0.47,-0.16,FALSE
21,67e2a624e55987ea03570bc1,24,male,169,unconfounded,b,1,1.99249999999995,65,27,-35,83,18,-26,19,25,-6,41.21488404,44.77350407,-3.558620027,-35,-26,-9,-0.28,0.23,-0.51,FALSE
21,67e2a624e55987ea03570bc1,24,male,170,unconfounded,b,1,1.3570000000000846,86,44,-23,97,16,-15,35.66666667,32.66666667,3,44.88751373,47.21816976,-2.33065603,-23,-15,-8,-0.27,0.49,-0.76,FALSE
21,67e2a624e55987ea03570bc1,24,male,171,unconfounded,b,1,1.6783999999761363,85,48,-45,99,2,-40,29.33333333,20.33333333,9,54.68901982,58.20843772,-3.519417903,-45,-40,-5,-0.47,0.44,-0.91,FALSE
21,67e2a624e55987ea03570bc1,24,male,172,unconfounded,b,1,1.5751999999880582,67,36,-51,86,5,-42,17.33333333,16.33333333,1,49.94886274,52.8667087,-2.917845962,-51,-42,-9,-0.51,0.31,-0.82,FALSE
21,67e2a624e55987ea03570bc1,24,male,173,confounded,b,1,1.5098999999761418,88,81,-45,99,73,-30,41.33333333,47.33333333,-6,61.11373732,55.70358058,5.410156742,-45,-30,-15,-0.7,-0.59,-0.11,FALSE
21,67e2a624e55987ea03570bc1,24,male,174,confounded,b,1,2.30860000002383,67,34,-59,77,37,-45,14,23,-9,53.34791467,50.78057371,2.56734096,-59,-45,-14,-0.51,-0.39,-0.12,FALSE
21,67e2a624e55987ea03570bc1,24,male,175,confounded,b,1,2.1234000000357582,57,56,-92,65,49,-84,7,10,-3,70.00476174,66.78822251,3.216539228,-92,-84,-8,-0.71,-0.68,-0.03,FALSE
21,67e2a624e55987ea03570bc1,24,male,176,unconfounded,b,1,1.3748000000118736,78,19,-16,89,2,-7,27,28,-1,38.79003308,43.28972164,-4.49968856,-16,-7,-9,0.3,0.68,-0.38,FALSE
21,67e2a624e55987ea03570bc1,24,male,177,unconfounded,b,1,1.6916999999880318,63,60,-29,84,5,-22,31.33333333,22.33333333,9,42.67968551,44.97653709,-2.296851579,-29,-22,-7,-0.7,0.52,-1.22,FALSE
21,67e2a624e55987ea03570bc1,24,male,178,confounded,b,1,2.341000000000008,67,65,-84,92,13,-75,16,10,6,70.71539201,68.21045863,2.504933376,-84,-75,-9,-0.71,-0.07,-0.64,FALSE
21,67e2a624e55987ea03570bc1,24,male,179,unconfounded,a,0,2.4253999999760936,62,50,-83,92,15,-75,9.666666667,10.66666667,-1,65.70810875,68.24628602,-2.53817727,-83,-75,-8,-0.69,-0.09,-0.6,FALSE
21,67e2a624e55987ea03570bc1,24,male,180,confounded,b,1,2.79200000000003,42,40,-31,59,28,-18,17,23,-6,33.950945,31.63331577,2.317629233,-31,-18,-13,-0.71,-0.23,-0.48,FALSE
21,67e2a624e55987ea03570bc1,24,male,181,unconfounded,b,1,2.2576999999880627,57,33,-78,87,14,-71,4,10,-6,58.80476171,64.56521251,-5.7604508,-78,-71,-7,-0.62,-0.09,-0.53,FALSE
21,67e2a624e55987ea03570bc1,24,male,182,confounded,b,1,1.2409999999999854,66,61,-21,85,54,-6,35.33333333,44.33333333,-9,39.88594851,37.77418284,2.111765679,-21,-6,-15,-0.7,-0.37,-0.33,FALSE
21,67e2a624e55987ea03570bc1,24,male,183,confounded,b,1,1.70900000000006,76,27,-21,72,4,-12,27.33333333,21.33333333,6,39.60078563,36.41733409,3.183451536,-21,-12,-9,0.01,0.61,-0.6,FALSE
21,67e2a624e55987ea03570bc1,24,male,184,confounded,b,1,2.808100000023842,86,67,-20,98,40,-5,44.33333333,44.33333333,0,46.14710777,42.16106682,3.986040948,-20,-5,-15,-0.62,0.15,-0.77,FALSE
21,67e2a624e55987ea03570bc1,24,male,185,confounded,b,1,2.1411999999879754,98,40,-65,99,32,-55,24.33333333,25.33333333,-1,67.46027638,63.04671989,4.413556487,-65,-55,-10,-0.34,-0.16,-0.18,FALSE
21,67e2a624e55987ea03570bc1,24,male,186,confounded,a,0,3.941400000035742,84,56,-46,86,24,-34,31.33333333,25.33333333,6,55.86491644,48.9988662,6.86605024,-46,-34,-12,-0.58,0.04,-0.62,FALSE
21,67e2a624e55987ea03570bc1,24,male,187,unconfounded,a,0,2.309100000023818,66,36,-14,80,11,-6,29.33333333,28.33333333,1,32.99831646,37.18721405,-4.188897596,-14,-6,-8,-0.29,0.6,-0.89,FALSE
21,67e2a624e55987ea03570bc1,24,male,188,confounded,a,0,2.1406000000238237,86,80,-10,84,66,-3,52,49,3,43.9089968,37.49666652,6.412330282,-10,-3,-7,-0.7,-0.59,-0.11,FALSE
21,67e2a624e55987ea03570bc1,24,male,189,unconfounded,a,0,1.808100000023842,64,56,-58,94,9,-50,20.66666667,17.66666667,3,55.72152985,59.10630724,-3.384777389,-58,-50,-8,-0.7,0.22,-0.92,FALSE
21,67e2a624e55987ea03570bc1,24,male,190,unconfounded,a,0,4.092100000023834,65,46,-24,88,13,-14,29,29,0,38.27096375,43.15089802,-4.879934267,-24,-14,-10,-0.58,0.51,-1.09,FALSE
21,67e2a624e55987ea03570bc1,24,male,191,confounded,a,0,3.7418999999762264,65,35,-34,61,27,-22,22,22,0,41.44876355,34.06855833,7.380205222,-34,-22,-12,-0.44,-0.22,-0.22,FALSE
21,67e2a624e55987ea03570bc1,24,male,192,unconfounded,b,1,2.326100000023871,65,10,-62,90,1,-51,4.333333333,13.33333333,-9,52.00213671,58.21988969,-6.217752982,-62,-51,-11,-0.16,0.31,-0.47,FALSE
21,67e2a624e55987ea03570bc1,24,male,193,unconfounded,a,0,5.875300000011862,51,48,-71,84,26,-64,9.333333333,15.33333333,-6,56.81744646,60.88969991,-4.072253454,-71,-64,-7,-0.71,-0.26,-0.45,FALSE
21,67e2a624e55987ea03570bc1,24,male,194,confounded,b,1,1.808399999976132,82,80,-87,96,60,-78,25,26,-1,79.20016835,74.99333304,4.206835313,-87,-78,-9,-0.71,-0.59,-0.12,FALSE
21,67e2a624e55987ea03570bc1,24,male,195,unconfounded,b,1,4.478200000047764,72,35,-48,99,28,-41,19.66666667,28.66666667,-9,50.17524844,57.15670467,-6.981456236,-48,-41,-7,-0.43,0.02,-0.45,FALSE
21,67e2a624e55987ea03570bc1,24,male,196,confounded,a,0,3.939999999999941,48,42,-20,63,30,-5,23.33333333,29.33333333,-6,30.73904502,27.7648859,2.974159125,-20,-5,-15,-0.69,-0.04,-0.65,FALSE
21,67e2a624e55987ea03570bc1,24,male,197,confounded,b,1,1.9067000000476355,65,30,-84,74,33,-69,3.666666667,12.66666667,-9,63.61516241,60.12394605,3.491216361,-84,-69,-15,-0.55,-0.47,-0.08,FALSE
21,67e2a624e55987ea03570bc1,24,male,198,unconfounded,a,0,2.27410000002385,60,51,-79,94,11,-73,10.66666667,10.66666667,0,63.51027913,68.17787194,-4.667592807,-79,-73,-6,-0.7,-0.01,-0.69,FALSE
21,67e2a624e55987ea03570bc1,24,male,199,unconfounded,a,0,1.5901999999881582,63,45,-19,81,8,-9,29.66666667,26.66666667,3,35.18838192,39.04128869,-3.852906764,-19,-9,-10,-0.57,0.61,-1.18,FALSE
21,67e2a624e55987ea03570bc1,24,male,200,confounded,a,0,3.308400000035818,76,47,-60,74,22,-51,21,15,6,58.48646567,51.27052435,7.215941325,-60,-51,-9,-0.58,-0.2,-0.38,FALSE
21,67e2a624e55987ea03570bc1,24,male,201,unconfounded,a,0,1.4084000000357264,67,35,-44,90,1,-33,19.33333333,19.33333333,0,46.64999702,51.86092513,-5.210928109,-44,-33,-11,-0.47,0.49,-0.96,FALSE
21,67e2a624e55987ea03570bc1,24,male,202,unconfounded,a,0,2.8402000000476164,63,47,-21,91,15,-14,29.66666667,30.66666667,-1,36.41733409,44.27439692,-7.857062825,-21,-14,-7,-0.61,0.49,-1.1,FALSE
21,67e2a624e55987ea03570bc1,24,male,203,unconfounded,a,0,2.2081999999880964,72,70,-17,94,24,-11,41.66666667,35.66666667,6,41.49163236,43.65266951,-2.161037156,-17,-11,-6,-0.71,0.38,-1.09,FALSE
21,67e2a624e55987ea03570bc1,24,male,204,confounded,a,0,1.5423000000118918,60,35,-17,52,7,-8,26,17,9,32.07283378,25.49509757,6.577736212,-17,-8,-9,-0.4,0.53,-0.93,FALSE
21,67e2a624e55987ea03570bc1,24,male,205,unconfounded,a,0,1.6746000000239292,82,38,-49,98,3,-39,23.66666667,20.66666667,3,54.43242498,57.308134,-2.87570902,-49,-39,-10,-0.38,0.43,-0.81,FALSE
21,67e2a624e55987ea03570bc1,24,male,206,confounded,a,0,1.6229999999999336,55,43,-60,58,7,-54,12.66666667,3.666666667,9,51.61610429,45.78451946,5.831584831,-60,-54,-6,-0.68,-0.11,-0.57,FALSE
21,67e2a624e55987ea03570bc1,24,male,207,confounded,b,1,2.40689999997619,93,73,-18,97,48,-6,49.33333333,46.33333333,3,48.30688932,42.06608557,6.240803743,-18,-6,-12,-0.62,-0.06,-0.56,FALSE
21,67e2a624e55987ea03570bc1,24,male,208,confounded,a,0,2.025000000000091,57,2,-48,64,9,-35,3.666666667,12.66666667,-9,42.88226777,40.49965706,2.382610705,-48,-35,-13,0.06,0.14,-0.08,FALSE
21,67e2a624e55987ea03570bc1,24,male,209,confounded,a,0,1.2458000000119682,69,40,-29,65,14,-17,26.66666667,20.66666667,6,41.10420362,33.80663972,7.297563908,-29,-17,-12,-0.45,0.29,-0.74,FALSE
21,67e2a624e55987ea03570bc1,24,male,210,unconfounded,a,0,1.992100000023811,74,30,-33,93,7,-20,23.66666667,26.66666667,-3,43.91152721,48.18252334,-4.270996128,-33,-20,-13,-0.21,0.54,-0.75,FALSE
21,67e2a624e55987ea03570bc1,24,male,211,unconfounded,b,1,1.507899999976189,70,55,-15,99,30,-1,36.66666667,42.66666667,-6,37.04351795,41.7957999,-4.752281944,-15,-1,-14,-0.62,0.43,-1.05,FALSE
21,67e2a624e55987ea03570bc1,24,male,212,unconfounded,a,0,1.2903000000119391,80,31,-38,94,5,-26,24.33333333,24.33333333,0,48.40339749,50.86146762,-2.458070131,-38,-26,-12,-0.2,0.52,-0.72,FALSE
21,67e2a624e55987ea03570bc1,24,male,213,confounded,a,0,2.458399999976109,81,48,-42,79,15,-34,29,20,9,51.98076567,46.26733909,5.713426581,-42,-34,-8,-0.5,0.16,-0.66,FALSE
21,67e2a624e55987ea03570bc1,24,male,214,confounded,a,0,3.9916000000238223,78,64,-50,80,54,-42,30.66666667,30.66666667,0,57.32558087,52.46797965,4.857601218,-50,-42,-8,-0.68,-0.58,-0.1,FALSE
21,67e2a624e55987ea03570bc1,24,male,215,confounded,a,0,3.0090000000000146,78,18,-86,77,22,-71,3.333333333,9.333333333,-6,67.75117875,61.08100268,6.670176067,-86,-71,-15,-0.31,-0.3,-0.01,FALSE
21,67e2a624e55987ea03570bc1,24,male,216,unconfounded,a,0,4.19010000002379,58,28,-19,71,11,-12,22.33333333,23.33333333,-1,31.68946548,34.98888712,-3.299421648,-19,-12,-7,-0.26,0.48,-0.74,FALSE
21,67e2a624e55987ea03570bc1,24,male,217,confounded,a,0,2.574900000035768,97,65,-14,96,44,-1,49.33333333,46.33333333,3,46.64999702,39.63444069,7.015556332,-14,-1,-13,-0.47,0.09,-0.56,FALSE
21,67e2a624e55987ea03570bc1,24,male,218,unconfounded,b,1,3.2414000000356964,68,22,-72,90,16,-61,6,15,-9,58.26376804,61.64954717,-3.385779129,-72,-61,-11,-0.39,-0.02,-0.37,FALSE
21,67e2a624e55987ea03570bc1,24,male,219,confounded,b,1,1.3083000000118543,77,61,-18,90,60,-3,40,49,-9,41.52910626,38.75564475,2.773461509,-18,-3,-15,-0.63,-0.4,-0.23,FALSE
