agree_button.numClicks,agree_button.timesOn,agree_button.timesOff,decline_button.numClicks,decline_button.timesOn,decline_button.timesOff,age,sex,occupation,date,expName,psychopyVersion,OS,frameRate,PROLIFIC_PID,STUDY_ID,SESSION_ID,continue_button.numClicks,continue_button.timesOn,continue_button.timesOff,slider.response,slider.rt,submit_button.numClicks,submit_button.timesOn,submit_button.timesOff,questions_loop_2.thisRepN,questions_loop_2.thisTrialN,questions_loop_2.thisN,questions_loop_2.thisIndex,questions_loop_2.ran,check_correctness.started,check_correctness.stopped,failed_questions.started,failed_questions.stopped,continue_button_3.numClicks,continue_button_3.timesOn,continue_button_3.timesOff,mouse_resp.x,mouse_resp.y,mouse_resp.leftButton,mouse_resp.midButton,mouse_resp.rightButton,mouse_resp.time,mouse_resp.clicked_name,continue_button_2.numClicks,continue_button_2.timesOn,continue_button_2.timesOff,trials.thisRepN,trials.thisTrialN,trials.thisN,trials.thisIndex,trials.ran,outcome_a1,outcome_a2,outcome_a3,outcome_b1,outcome_b2,outcome_b3,ev_a,ev_b,ev_diff,var_a,var_b,var_diff,loss_a,loss_b,loss_diff,skew_a,skew_b,skew_diff,lottery_type,sanity_check,bonus_payment,end_resp.keys,end_resp.rt,end_resp.duration
1,[2.8432000000001842],[2.8432000000001842],0,[],[],54,male,Senior Manager,2025-08-18_14h30.26.107,lotterie_task,2024.2.4,Win32,7.496251874,626285ad898d0ce84c5e1184,68947058ad5ea3fc73912f3f,68a328b0ebf58746998ccfbc,,,,,,,,,,,,,,,,,,,,,,,,,,,,,,,,,,,,,,,,,,,,,,,,,,,,,,,,,,,
,,,,,,54,male,Senior Manager,2025-08-18_14h30.26.107,lotterie_task,2024.2.4,Win32,7.496251874,626285ad898d0ce84c5e1184,68947058ad5ea3fc73912f3f,68a328b0ebf58746998ccfbc,,,,,,,,,,,,,,,,,,,,,,,,,,,,,,,,,,,,,,,,,,,,,,,,,,,,,,,,,,,
,,,,,,54,male,Senior Manager,2025-08-18_14h30.26.107,lotterie_task,2024.2.4,Win32,7.496251874,626285ad898d0ce84c5e1184,68947058ad5ea3fc73912f3f,68a328b0ebf58746998ccfbc,1,[23.993900000000377],[23.993900000000377],,,,,,,,,,,,,,,,,,,,,,,,,,,,,,,,,,,,,,,,,,,,,,,,,,,,,,,,
,,,,,,54,male,Senior Manager,2025-08-18_14h30.26.107,lotterie_task,2024.2.4,Win32,7.496251874,626285ad898d0ce84c5e1184,68947058ad5ea3fc73912f3f,68a328b0ebf58746998ccfbc,,,,33,9.4552,1,[65.83129999999981],[65.83129999999981],0,0,0,0,1,,,,,,,,,,,,,,,,,,,,,,,,,,,,,,,,,,,,,,,,,,,,,,
,,,,,,54,male,Senior Manager,2025-08-18_14h30.26.107,lotterie_task,2024.2.4,Win32,7.496251874,626285ad898d0ce84c5e1184,68947058ad5ea3fc73912f3f,68a328b0ebf58746998ccfbc,,,,33,32.3327,1,[113.23229999999981],[113.23239999999944],1,0,1,0,1,,,,,,,,,,,,,,,,,,,,,,,,,,,,,,,,,,,,,,,,,,,,,,
,,,,,,54,male,Senior Manager,2025-08-18_14h30.26.107,lotterie_task,2024.2.4,Win32,7.496251874,626285ad898d0ce84c5e1184,68947058ad5ea3fc73912f3f,68a328b0ebf58746998ccfbc,,,,,,,,,,,,,,113.4981,113.4983,,,,,,,,,,,,,,,,,,,,,,,,,,,,,,,,,,,,,,,,,,,,
,,,,,,54,male,Senior Manager,2025-08-18_14h30.26.107,lotterie_task,2024.2.4,Win32,7.496251874,626285ad898d0ce84c5e1184,68947058ad5ea3fc73912f3f,68a328b0ebf58746998ccfbc,,,,,,,,,,,,,,,,113.4983,113.4996,,,,,,,,,,,,,,,,,,,,,,,,,,,,,,,,,,,,,,,,,,
,,,,,,54,male,Senior Manager,2025-08-18_14h30.26.107,lotterie_task,2024.2.4,Win32,7.496251874,626285ad898d0ce84c5e1184,68947058ad5ea3fc73912f3f,68a328b0ebf58746998ccfbc,,,,,,,,,,,,,,,,,,1,[117.63689999999943],[117.63689999999943],,,,,,,,,,,,,,,,,,,,,,,,,,,,,,,,,,,,,,,
,,,,,,54,male,Senior Manager,2025-08-18_14h30.26.107,lotterie_task,2024.2.4,Win32,7.496251874,626285ad898d0ce84c5e1184,68947058ad5ea3fc73912f3f,68a328b0ebf58746998ccfbc,,,,,,,,,,,,,,,,,,,,,,,,,,,,,,,,,,,,,,,,,,,,,,,,,,,,,,,,,,,
,,,,,,54,male,Senior Manager,2025-08-18_14h30.26.107,lotterie_task,2024.2.4,Win32,7.496251874,626285ad898d0ce84c5e1184,68947058ad5ea3fc73912f3f,68a328b0ebf58746998ccfbc,,,,,,,,,,,,,,,,,,,,,[0.24166666666666667],[-0.053703703703703705],[1],[0],[0],[10.188399999999461],"[""coins_a_3"",""coins_a_3""]",0,[],[],0,0,0,46,1,57,37,-65,85,1,-54,9.666666667,10.66666667,-1,53.42492136,57.15670467,-3.731783312,-65,-54,-11,-0.63,0.25,-0.88,unconfounded,FALSE,,,,
,,,,,,54,male,Senior Manager,2025-08-18_14h30.26.107,lotterie_task,2024.2.4,Win32,7.496251874,626285ad898d0ce84c5e1184,68947058ad5ea3fc73912f3f,68a328b0ebf58746998ccfbc,,,,,,,,,,,,,,,,,,,,,[0.25833333333333336],[-0.05648148148148148],[1],[0],[0],[9.932599999999638],"[""coins_a_3"",""coins_a_3""]",0,[],[],0,1,1,182,1,81,74,-67,96,32,-58,29.33333333,23.33333333,6,68.17787194,63.16820579,5.009666154,-67,-58,-9,-0.7,-0.2,-0.5,confounded,FALSE,,,,
,,,,,,54,male,Senior Manager,2025-08-18_14h30.26.107,lotterie_task,2024.2.4,Win32,7.496251874,626285ad898d0ce84c5e1184,68947058ad5ea3fc73912f3f,68a328b0ebf58746998ccfbc,,,,,,,,,,,,,,,,,,,,,[-0.35185185185185186],[-0.04537037037037037],[1],[0],[0],[8.697099999999608],"[""coins_a_3"",""coins_a_3""]",0,[],[],0,2,2,207,1,79,45,-35,80,2,-20,29.66666667,20.66666667,9,47.7865625,42.90558109,4.880981407,-35,-20,-15,-0.45,0.57,-1.02,confounded,FALSE,,,,
,,,,,,54,male,Senior Manager,2025-08-18_14h30.26.107,lotterie_task,2024.2.4,Win32,7.496251874,626285ad898d0ce84c5e1184,68947058ad5ea3fc73912f3f,68a328b0ebf58746998ccfbc,,,,,,,,,,,,,,,,,,,,,[-0.35185185185185186],[-0.04537037037037037],[1],[0],[0],[7.191699999999258],"[""coins_a_3"",""coins_a_3""]",0,[],[],0,3,3,213,1,60,35,-17,52,7,-8,26,17,9,32.07283378,25.49509757,6.577736212,-17,-8,-9,-0.4,0.53,-0.93,confounded,FALSE,,,,
,,,,,,54,male,Senior Manager,2025-08-18_14h30.26.107,lotterie_task,2024.2.4,Win32,7.496251874,626285ad898d0ce84c5e1184,68947058ad5ea3fc73912f3f,68a328b0ebf58746998ccfbc,,,,,,,,,,,,,,,,,,,,,[-0.33796296296296297],[-0.026851851851851852],[1],[0],[0],[10.763500000000022],"[""coins_b_3"",""coins_b_3""]",0,[],[],0,4,4,2,1,72,35,-48,99,28,-41,19.66666667,28.66666667,-9,50.17524844,57.15670467,-6.981456236,-48,-41,-7,-0.43,0.02,-0.45,unconfounded,FALSE,,,,
,,,,,,54,male,Senior Manager,2025-08-18_14h30.26.107,lotterie_task,2024.2.4,Win32,7.496251874,626285ad898d0ce84c5e1184,68947058ad5ea3fc73912f3f,68a328b0ebf58746998ccfbc,,,,,,,,,,,,,,,,,,,,,[0.3592592592592593],[0.030555555555555555],[1],[0],[0],[8.23029999999983],"[""coins_b_3"",""coins_b_3""]",0,[],[],0,5,5,186,1,45,24,-31,48,17,-18,12.66666667,15.66666667,-3,32.0451071,26.96087701,5.084230092,-31,-18,-13,-0.49,-0.07,-0.42,confounded,FALSE,,,,
,,,,,,54,male,Senior Manager,2025-08-18_14h30.26.107,lotterie_task,2024.2.4,Win32,7.496251874,626285ad898d0ce84c5e1184,68947058ad5ea3fc73912f3f,68a328b0ebf58746998ccfbc,,,,,,,,,,,,,,,,,,,,,[-0.287962962962963],[-0.014814814814814815],[1],[0],[0],[6.673299999999813],"[""coins_a_3"",""coins_a_3""]",0,[],[],0,6,6,30,1,70,16,-49,84,3,-41,12.33333333,15.33333333,-3,48.65068231,51.77086268,-3.12018037,-49,-41,-8,-0.11,0.34,-0.45,unconfounded,FALSE,,,,
,,,,,,54,male,Senior Manager,2025-08-18_14h30.26.107,lotterie_task,2024.2.4,Win32,7.496251874,626285ad898d0ce84c5e1184,68947058ad5ea3fc73912f3f,68a328b0ebf58746998ccfbc,,,,,,,,,,,,,,,,,,,,,[0.21296296296296297],[0.022222222222222223],[1],[0],[0],[10.28049999999999],"[""coins_a_3"",""coins_a_3""]",0,[],[],0,7,7,77,1,76,54,-46,97,16,-38,28,25,3,53.09111665,55.47972603,-2.388609381,-46,-38,-8,-0.62,0.24,-0.86,unconfounded,FALSE,,,,
,,,,,,54,male,Senior Manager,2025-08-18_14h30.26.107,lotterie_task,2024.2.4,Win32,7.496251874,626285ad898d0ce84c5e1184,68947058ad5ea3fc73912f3f,68a328b0ebf58746998ccfbc,,,,,,,,,,,,,,,,,,,,,[-0.25833333333333336],[0.011111111111111112],[1],[0],[0],[13.417200000000179],"[""coins_a_3"",""coins_a_3""]",0,[],[],0,8,8,141,1,83,79,-38,99,58,-24,41.33333333,44.33333333,-3,56.12090124,51.13598429,4.98491695,-38,-24,-14,-0.7,-0.38,-0.32,confounded,FALSE,,,,
,,,,,,54,male,Senior Manager,2025-08-18_14h30.26.107,lotterie_task,2024.2.4,Win32,7.496251874,626285ad898d0ce84c5e1184,68947058ad5ea3fc73912f3f,68a328b0ebf58746998ccfbc,,,,,,,,,,,,,,,,,,,,,[0.29907407407407405],[0.041666666666666664],[1],[0],[0],[3.439299999999804],"[""coins_a_3"",""coins_a_3""]",0,[],[],0,9,9,63,1,66,36,-14,80,11,-6,29.33333333,28.33333333,1,32.99831646,37.18721405,-4.188897596,-14,-6,-8,-0.29,0.6,-0.89,unconfounded,FALSE,,,,
,,,,,,54,male,Senior Manager,2025-08-18_14h30.26.107,lotterie_task,2024.2.4,Win32,7.496251874,626285ad898d0ce84c5e1184,68947058ad5ea3fc73912f3f,68a328b0ebf58746998ccfbc,,,,,,,,,,,,,,,,,,,,,[-0.3611111111111111],[0.0962962962962963],[1],[0],[0],[6.058299999999832],"[""coins_a_3"",""coins_a_3""]",0,[],[],0,10,10,214,1,59,54,-8,62,28,-3,35,29,6,30.47403266,26.54555832,3.928474339,-8,-3,-5,-0.69,0.06,-0.75,confounded,FALSE,,,,
,,,,,,54,male,Senior Manager,2025-08-18_14h30.26.107,lotterie_task,2024.2.4,Win32,7.496251874,626285ad898d0ce84c5e1184,68947058ad5ea3fc73912f3f,68a328b0ebf58746998ccfbc,,,,,,,,,,,,,,,,,,,,,[-0.36944444444444446],[0.007407407407407408],[1],[0],[0],[36.91229999999982],"[""coins_b_3"",""coins_b_3""]",0,[],[],0,11,11,25,1,71,42,-92,95,21,-86,7,10,-3,70.99765254,74.30118886,-3.303536321,-92,-86,-6,-0.62,-0.22,-0.4,unconfounded,FALSE,,,,
,,,,,,54,male,Senior Manager,2025-08-18_14h30.26.107,lotterie_task,2024.2.4,Win32,7.496251874,626285ad898d0ce84c5e1184,68947058ad5ea3fc73912f3f,68a328b0ebf58746998ccfbc,,,,,,,,,,,,,,,,,,,,,[-0.25277777777777777],[-0.002777777777777778],[1],[0],[0],[9.904499999999985],"[""coins_b_3"",""coins_b_3""]",0,[],[],0,12,12,131,1,95,41,-73,89,40,-63,21,22,-1,70.0285656,63.34561284,6.682952755,-73,-63,-10,-0.41,-0.4,-0.01,confounded,FALSE,,,,
,,,,,,54,male,Senior Manager,2025-08-18_14h30.26.107,lotterie_task,2024.2.4,Win32,7.496251874,626285ad898d0ce84c5e1184,68947058ad5ea3fc73912f3f,68a328b0ebf58746998ccfbc,,,,,,,,,,,,,,,,,,,,,[0.2953703703703704],[0.040740740740740744],[1],[0],[0],[7.987000000000023],"[""coins_a_3"",""coins_a_3""]",0,[],[],0,13,13,204,1,90,67,-17,92,28,-7,46.66666667,37.66666667,9,45.98792112,40.99051381,4.997407312,-17,-7,-10,-0.58,0.34,-0.92,confounded,FALSE,,,,
,,,,,,54,male,Senior Manager,2025-08-18_14h30.26.107,lotterie_task,2024.2.4,Win32,7.496251874,626285ad898d0ce84c5e1184,68947058ad5ea3fc73912f3f,68a328b0ebf58746998ccfbc,,,,,,,,,,,,,,,,,,,,,[-0.30185185185185187],[-0.022222222222222223],[1],[0],[0],[5.18210000000056],"[""coins_a_3"",""coins_a_3""]",0,[],[],0,14,14,184,1,82,63,-26,93,35,-12,39.66666667,38.66666667,1,47.07676945,42.94440851,4.132360945,-26,-12,-14,-0.62,0.13,-0.75,confounded,FALSE,,,,
,,,,,,54,male,Senior Manager,2025-08-18_14h30.26.107,lotterie_task,2024.2.4,Win32,7.496251874,626285ad898d0ce84c5e1184,68947058ad5ea3fc73912f3f,68a328b0ebf58746998ccfbc,,,,,,,,,,,,,,,,,,,,,[0.2462962962962963],[0.03425925925925926],[1],[0],[0],[24.923000000000002],"[""coins_b_3"",""coins_b_3""]",0,[],[],0,15,15,127,1,93,87,-40,99,80,-30,46.66666667,49.66666667,-3,61.33152171,56.86436103,4.467160681,-40,-30,-10,-0.7,-0.65,-0.05,confounded,FALSE,,,,
,,,,,,54,male,Senior Manager,2025-08-18_14h30.26.107,lotterie_task,2024.2.4,Win32,7.496251874,626285ad898d0ce84c5e1184,68947058ad5ea3fc73912f3f,68a328b0ebf58746998ccfbc,,,,,,,,,,,,,,,,,,,,,[0.2462962962962963],[0.03425925925925926],[1],[0],[0],[5.999299999999835],"[""coins_b_3"",""coins_b_3""]",0,[],[],0,16,16,109,1,96,51,-91,99,54,-79,18.66666667,24.66666667,-6,79.69246444,75.57042337,4.122041069,-91,-79,-12,-0.54,-0.52,-0.02,confounded,FALSE,,,,
,,,,,,54,male,Senior Manager,2025-08-18_14h30.26.107,lotterie_task,2024.2.4,Win32,7.496251874,626285ad898d0ce84c5e1184,68947058ad5ea3fc73912f3f,68a328b0ebf58746998ccfbc,,,,,,,,,,,,,,,,,,,,,[0.25092592592592594],[0.017592592592592594],[1],[0],[0],[9.05280000000073],"[""coins_b_3"",""coins_b_3""]",0,[],[],0,17,17,111,1,32,12,-39,37,19,-24,1.666666667,10.66666667,-9,29.89239963,25.59079696,4.301602672,-39,-24,-15,-0.48,-0.45,-0.03,confounded,FALSE,,,,
,,,,,,54,male,Senior Manager,2025-08-18_14h30.26.107,lotterie_task,2024.2.4,Win32,7.496251874,626285ad898d0ce84c5e1184,68947058ad5ea3fc73912f3f,68a328b0ebf58746998ccfbc,,,,,,,,,,,,,,,,,,,,,[0.25092592592592594],[0.017592592592592594],[1],[0],[0],[4.290200000000198],"[""coins_b_3"",""coins_b_3""]",0,[],[],0,18,18,138,1,81,78,-44,94,63,-33,38.33333333,41.33333333,-3,58.2313394,54.06374838,4.167591025,-44,-33,-11,-0.71,-0.54,-0.17,confounded,FALSE,,,,
,,,,,,54,male,Senior Manager,2025-08-18_14h30.26.107,lotterie_task,2024.2.4,Win32,7.496251874,626285ad898d0ce84c5e1184,68947058ad5ea3fc73912f3f,68a328b0ebf58746998ccfbc,,,,,,,,,,,,,,,,,,,,,[-0.37777777777777777],[0.022222222222222223],[1],[0],[0],[7.2520000000000095],"[""coins_a_3"",""coins_a_3""]",0,[],[],0,19,19,36,1,57,52,-69,95,11,-63,13.33333333,14.33333333,-1,58.25423208,64.54627969,-6.29204761,-69,-63,-6,-0.7,0.08,-0.78,unconfounded,FALSE,,,,
,,,,,,54,male,Senior Manager,2025-08-18_14h30.26.107,lotterie_task,2024.2.4,Win32,7.496251874,626285ad898d0ce84c5e1184,68947058ad5ea3fc73912f3f,68a328b0ebf58746998ccfbc,,,,,,,,,,,,,,,,,,,,,[0.26296296296296295],[0.011111111111111112],[1],[0],[0],[12.757600000000537],"[""coins_b_3"",""coins_b_3""]",0,[],[],0,20,20,26,1,49,33,-54,78,3,-44,9.333333333,12.33333333,-3,45.25728916,50.24163833,-4.98434917,-54,-44,-10,-0.64,0.27,-0.91,unconfounded,FALSE,,,,
,,,,,,54,male,Senior Manager,2025-08-18_14h30.26.107,lotterie_task,2024.2.4,Win32,7.496251874,626285ad898d0ce84c5e1184,68947058ad5ea3fc73912f3f,68a328b0ebf58746998ccfbc,,,,,,,,,,,,,,,,,,,,,[0.2740740740740741],[0.03611111111111111],[1],[0],[0],[9.235700000000236],"[""coins_b_3"",""coins_b_3""]",0,[],[],0,21,21,8,1,67,30,-64,98,12,-50,11,20,-9,55.14224031,60.68497892,-5.542738609,-64,-50,-14,-0.48,0.2,-0.68,unconfounded,FALSE,,,,
,,,,,,54,male,Senior Manager,2025-08-18_14h30.26.107,lotterie_task,2024.2.4,Win32,7.496251874,626285ad898d0ce84c5e1184,68947058ad5ea3fc73912f3f,68a328b0ebf58746998ccfbc,,,,,,,,,,,,,,,,,,,,,[-0.2],[0.006481481481481481],[1],[0],[0],[11.966099999999642],"[""coins_b_3"",""coins_b_3""]",0,[],[],0,22,22,150,1,60,45,-95,64,47,-83,3.333333333,9.333333333,-6,69.8013053,65.65735975,4.143945558,-95,-83,-12,-0.68,-0.67,-0.01,confounded,FALSE,,,,
,,,,,,54,male,Senior Manager,2025-08-18_14h30.26.107,lotterie_task,2024.2.4,Win32,7.496251874,626285ad898d0ce84c5e1184,68947058ad5ea3fc73912f3f,68a328b0ebf58746998ccfbc,,,,,,,,,,,,,,,,,,,,,[0.32314814814814813],[0.062037037037037036],[1],[0],[0],[4.611100000000533],"[""coins_a_3"",""coins_a_3""]",0,[],[],0,23,23,78,1,84,46,-12,97,13,-1,39.33333333,36.33333333,3,39.47432358,43.27688631,-3.802562731,-12,-1,-11,-0.25,0.65,-0.9,unconfounded,FALSE,,,,
,,,,,,54,male,Senior Manager,2025-08-18_14h30.26.107,lotterie_task,2024.2.4,Win32,7.496251874,626285ad898d0ce84c5e1184,68947058ad5ea3fc73912f3f,68a328b0ebf58746998ccfbc,,,,,,,,,,,,,,,,,,,,,[-0.21944444444444444],[0.012037037037037037],[1],[0],[0],[5.974200000000167],"[""coins_b_3"",""coins_b_3""]",0,[],[],0,24,24,11,1,74,33,-32,94,35,-27,25,34,-9,43.64248694,49.40310382,-5.760616872,-32,-27,-5,-0.27,-0.03,-0.24,unconfounded,FALSE,,,,
,,,,,,54,male,Senior Manager,2025-08-18_14h30.26.107,lotterie_task,2024.2.4,Win32,7.496251874,626285ad898d0ce84c5e1184,68947058ad5ea3fc73912f3f,68a328b0ebf58746998ccfbc,,,,,,,,,,,,,,,,,,,,,[0.25092592592592594],[0.023148148148148147],[1],[0],[0],[7.864600000000564],"[""coins_a_3"",""coins_a_3""]",0,[],[],0,25,25,66,1,63,43,-58,93,3,-51,16,15,1,52.95910372,59.39696962,-6.437865901,-58,-51,-7,-0.63,0.29,-0.92,unconfounded,FALSE,,,,
,,,,,,54,male,Senior Manager,2025-08-18_14h30.26.107,lotterie_task,2024.2.4,Win32,7.496251874,626285ad898d0ce84c5e1184,68947058ad5ea3fc73912f3f,68a328b0ebf58746998ccfbc,,,,,,,,,,,,,,,,,,,,,[-0.37407407407407406],[0.037037037037037035],[1],[0],[0],[5.996400000000392],"[""coins_a_3"",""coins_a_3""]",0,[],[],0,26,26,100,1,63,60,-29,84,5,-22,31.33333333,22.33333333,9,42.67968551,44.97653709,-2.296851579,-29,-22,-7,-0.7,0.52,-1.22,unconfounded,FALSE,,,,
,,,,,,54,male,Senior Manager,2025-08-18_14h30.26.107,lotterie_task,2024.2.4,Win32,7.496251874,626285ad898d0ce84c5e1184,68947058ad5ea3fc73912f3f,68a328b0ebf58746998ccfbc,,,,,,,,,,,,,,,,,,,,,[-0.35185185185185186],[0.05925925925925926],[1],[0],[0],[13.078300000000752],"[""coins_a_3"",""coins_a_3""]",0,[],[],0,27,27,119,1,80,73,-34,85,63,-29,39.66666667,39.66666667,0,52.16853032,49.37835783,2.790172486,-34,-29,-5,-0.7,-0.6,-0.1,confounded,FALSE,,,,
,,,,,,54,male,Senior Manager,2025-08-18_14h30.26.107,lotterie_task,2024.2.4,Win32,7.496251874,626285ad898d0ce84c5e1184,68947058ad5ea3fc73912f3f,68a328b0ebf58746998ccfbc,,,,,,,,,,,,,,,,,,,,,[-0.35185185185185186],[0.05925925925925926],[1],[0],[0],[3.958200000000147],"[""coins_a_3"",""coins_a_3""]",0,[],[],0,28,28,208,1,93,65,-15,92,30,-6,47.66666667,38.66666667,9,45.7626728,40.47495796,5.28771484,-15,-6,-9,-0.51,0.31,-0.82,confounded,FALSE,,,,
,,,,,,54,male,Senior Manager,2025-08-18_14h30.26.107,lotterie_task,2024.2.4,Win32,7.496251874,626285ad898d0ce84c5e1184,68947058ad5ea3fc73912f3f,68a328b0ebf58746998ccfbc,,,,,,,,,,,,,,,,,,,,,[-0.35185185185185186],[0.05925925925925926],[1],[0],[0],[4.791799999999853],"[""coins_a_3"",""coins_a_3""]",0,[],[],0,29,29,133,1,80,61,-49,77,57,-42,30.66666667,30.66666667,0,56.86436103,52.02777036,4.836590669,-49,-42,-7,-0.65,-0.63,-0.02,confounded,FALSE,,,,
,,,,,,54,male,Senior Manager,2025-08-18_14h30.26.107,lotterie_task,2024.2.4,Win32,7.496251874,626285ad898d0ce84c5e1184,68947058ad5ea3fc73912f3f,68a328b0ebf58746998ccfbc,,,,,,,,,,,,,,,,,,,,,[0.2351851851851852],[0.041666666666666664],[1],[0],[0],[10.443100000000527],"[""coins_a_3"",""coins_a_3""]",0,[],[],0,30,30,44,1,60,27,-47,80,4,-41,13.33333333,14.33333333,-1,44.73874781,49.93551397,-5.196766162,-47,-41,-6,-0.43,0.3,-0.73,unconfounded,FALSE,,,,
,,,,,,54,male,Senior Manager,2025-08-18_14h30.26.107,lotterie_task,2024.2.4,Win32,7.496251874,626285ad898d0ce84c5e1184,68947058ad5ea3fc73912f3f,68a328b0ebf58746998ccfbc,,,,,,,,,,,,,,,,,,,,,[0.2388888888888889],[0.058333333333333334],[1],[0],[0],[3.9429000000004066],"[""coins_a_3"",""coins_a_3""]",0,[],[],0,31,31,99,1,72,70,-34,99,2,-20,36,27,9,49.50420858,51.69784006,-2.193631483,-34,-20,-14,-0.71,0.61,-1.32,unconfounded,FALSE,,,,
,,,,,,54,male,Senior Manager,2025-08-18_14h30.26.107,lotterie_task,2024.2.4,Win32,7.496251874,626285ad898d0ce84c5e1184,68947058ad5ea3fc73912f3f,68a328b0ebf58746998ccfbc,,,,,,,,,,,,,,,,,,,,,[-0.3453703703703704],[0.05462962962962963],[1],[0],[0],[11.142499999999984],"[""coins_b_3"",""coins_b_3""]",0,[],[],0,32,32,20,1,64,23,-82,89,11,-77,1.666666667,7.666666667,-6,61.48351179,67.81019261,-6.326680822,-82,-77,-5,-0.48,-0.07,-0.41,unconfounded,FALSE,,,,
,,,,,,54,male,Senior Manager,2025-08-18_14h30.26.107,lotterie_task,2024.2.4,Win32,7.496251874,626285ad898d0ce84c5e1184,68947058ad5ea3fc73912f3f,68a328b0ebf58746998ccfbc,,,,,,,,,,,,,,,,,,,,,[0.19444444444444445],[0.06944444444444445],[1],[0],[0],[7.202499999999986],"[""coins_a_3"",""coins_a_3""]",0,[],[],0,33,33,70,1,73,50,-46,98,7,-31,25.66666667,24.66666667,1,51.53855084,54.12536887,-2.586818037,-46,-31,-15,-0.6,0.45,-1.05,unconfounded,FALSE,,,,
,,,,,,54,male,Senior Manager,2025-08-18_14h30.26.107,lotterie_task,2024.2.4,Win32,7.496251874,626285ad898d0ce84c5e1184,68947058ad5ea3fc73912f3f,68a328b0ebf58746998ccfbc,,,,,,,,,,,,,,,,,,,,,[0.19444444444444445],[0.06944444444444445],[1],[0],[0],[3.926799999999787],"[""coins_a_3"",""coins_a_3""]",0,[],[],0,34,34,197,1,97,65,-14,96,44,-1,49.33333333,46.33333333,3,46.64999702,39.63444069,7.015556332,-14,-1,-13,-0.47,0.09,-0.56,confounded,FALSE,,,,
,,,,,,54,male,Senior Manager,2025-08-18_14h30.26.107,lotterie_task,2024.2.4,Win32,7.496251874,626285ad898d0ce84c5e1184,68947058ad5ea3fc73912f3f,68a328b0ebf58746998ccfbc,,,,,,,,,,,,,,,,,,,,,[-0.35648148148148145],[0.008333333333333333],[1],[0],[0],[8.584000000000003],"[""coins_b_3"",""coins_b_3""]",0,[],[],0,35,35,129,1,65,62,-49,72,57,-42,26,29,-3,53.04714884,50.57667447,2.470474374,-49,-42,-7,-0.71,-0.66,-0.05,confounded,FALSE,,,,
,,,,,,54,male,Senior Manager,2025-08-18_14h30.26.107,lotterie_task,2024.2.4,Win32,7.496251874,626285ad898d0ce84c5e1184,68947058ad5ea3fc73912f3f,68a328b0ebf58746998ccfbc,,,,,,,,,,,,,,,,,,,,,[0.287962962962963],[0.017592592592592594],[1],[0],[0],[18.983700000000226],"[""coins_b_3"",""coins_b_3""]",0,[],[],0,36,36,149,1,37,36,-64,47,22,-51,3,6,-3,47.37791328,41.57723736,5.800675917,-64,-51,-13,-0.71,-0.52,-0.19,confounded,FALSE,,,,
,,,,,,54,male,Senior Manager,2025-08-18_14h30.26.107,lotterie_task,2024.2.4,Win32,7.496251874,626285ad898d0ce84c5e1184,68947058ad5ea3fc73912f3f,68a328b0ebf58746998ccfbc,,,,,,,,,,,,,,,,,,,,,[0.28888888888888886],[0.017592592592592594],[1],[0],[0],[5.309100000000626],"[""coins_b_3"",""coins_b_3""]",0,[],[],0,37,37,16,1,58,37,-21,83,16,-7,24.66666667,30.66666667,-6,33.40991204,38.17794593,-4.768033896,-21,-7,-14,-0.5,0.52,-1.02,unconfounded,FALSE,,,,
,,,,,,54,male,Senior Manager,2025-08-18_14h30.26.107,lotterie_task,2024.2.4,Win32,7.496251874,626285ad898d0ce84c5e1184,68947058ad5ea3fc73912f3f,68a328b0ebf58746998ccfbc,,,,,,,,,,,,,,,,,,,,,[-0.2462962962962963],[-0.008333333333333333],[1],[0],[0],[3.4727000000001453],"[""coins_a_3"",""coins_a_3""]",0,[],[],0,38,38,192,1,84,56,-46,86,24,-34,31.33333333,25.33333333,6,55.86491644,48.9988662,6.86605024,-46,-34,-12,-0.58,0.04,-0.62,confounded,FALSE,,,,
,,,,,,54,male,Senior Manager,2025-08-18_14h30.26.107,lotterie_task,2024.2.4,Win32,7.496251874,626285ad898d0ce84c5e1184,68947058ad5ea3fc73912f3f,68a328b0ebf58746998ccfbc,,,,,,,,,,,,,,,,,,,,,[0.30092592592592593],[-0.02962962962962963],[1],[0],[0],[7.73279999999977],"[""coins_b_3"",""coins_b_3""]",0,[],[],0,39,39,193,1,30,4,-19,23,3,-8,5,6,-1,20.01665973,12.83225104,7.184408691,-19,-8,-11,0.07,0.34,-0.27,confounded,FALSE,,,,
,,,,,,54,male,Senior Manager,2025-08-18_14h30.26.107,lotterie_task,2024.2.4,Win32,7.496251874,626285ad898d0ce84c5e1184,68947058ad5ea3fc73912f3f,68a328b0ebf58746998ccfbc,,,,,,,,,,,,,,,,,,,,,[-0.3287037037037037],[0.012037037037037037],[1],[0],[0],[9.666999999999916],"[""coins_b_3"",""coins_b_3""]",0,[],[],0,40,40,4,1,65,10,-62,90,1,-51,4.333333333,13.33333333,-9,52.00213671,58.21988969,-6.217752982,-62,-51,-11,-0.16,0.31,-0.47,unconfounded,FALSE,,,,
,,,,,,54,male,Senior Manager,2025-08-18_14h30.26.107,lotterie_task,2024.2.4,Win32,7.496251874,626285ad898d0ce84c5e1184,68947058ad5ea3fc73912f3f,68a328b0ebf58746998ccfbc,,,,,,,,,,,,,,,,,,,,,[-0.3287037037037037],[0.012037037037037037],[1],[0],[0],[6.973900000000299],"[""coins_a_3"",""coins_a_3""]",0,[],[],0,41,41,195,1,82,32,-65,81,1,-60,16.33333333,7.333333333,9,61.02640594,57.73695139,3.289454554,-65,-60,-5,-0.37,0.16,-0.53,confounded,FALSE,,,,
,,,,,,54,male,Senior Manager,2025-08-18_14h30.26.107,lotterie_task,2024.2.4,Win32,7.496251874,626285ad898d0ce84c5e1184,68947058ad5ea3fc73912f3f,68a328b0ebf58746998ccfbc,,,,,,,,,,,,,,,,,,,,,[-0.3287037037037037],[0.012037037037037037],[1],[0],[0],[4.255200000000286],"[""coins_a_3"",""coins_a_3""]",0,[],[],0,42,42,152,1,82,64,-15,78,50,-6,43.66666667,40.66666667,3,42.1294302,34.92213561,7.207294589,-15,-6,-9,-0.61,-0.38,-0.23,confounded,FALSE,,,,
,,,,,,54,male,Senior Manager,2025-08-18_14h30.26.107,lotterie_task,2024.2.4,Win32,7.496251874,626285ad898d0ce84c5e1184,68947058ad5ea3fc73912f3f,68a328b0ebf58746998ccfbc,,,,,,,,,,,,,,,,,,,,,[0.24166666666666667],[0.028703703703703703],[1],[0],[0],[3.7979000000004817],"[""coins_a_3"",""coins_a_3""]",0,[],[],0,43,43,202,1,81,48,-42,79,15,-34,29,20,9,51.98076567,46.26733909,5.713426581,-42,-34,-8,-0.5,0.16,-0.66,confounded,FALSE,,,,
,,,,,,54,male,Senior Manager,2025-08-18_14h30.26.107,lotterie_task,2024.2.4,Win32,7.496251874,626285ad898d0ce84c5e1184,68947058ad5ea3fc73912f3f,68a328b0ebf58746998ccfbc,,,,,,,,,,,,,,,,,,,,,[0.24166666666666667],[0.028703703703703703],[1],[0],[0],[5.120999999999981],"[""coins_a_3"",""coins_a_3""]",0,[],[],0,44,44,206,1,55,43,-60,58,7,-54,12.66666667,3.666666667,9,51.61610429,45.78451946,5.831584831,-60,-54,-6,-0.68,-0.11,-0.57,confounded,FALSE,,,,
,,,,,,54,male,Senior Manager,2025-08-18_14h30.26.107,lotterie_task,2024.2.4,Win32,7.496251874,626285ad898d0ce84c5e1184,68947058ad5ea3fc73912f3f,68a328b0ebf58746998ccfbc,,,,,,,,,,,,,,,,,,,,,[-0.24537037037037038],[0.007407407407407408],[1],[0],[0],[16.45320000000015],"[""coins_a_3"",""coins_a_3""]",0,[],[],0,45,45,55,1,60,51,-79,94,11,-73,10.66666667,10.66666667,0,63.51027913,68.17787194,-4.667592807,-79,-73,-6,-0.7,-0.01,-0.69,unconfounded,FALSE,,,,
,,,,,,54,male,Senior Manager,2025-08-18_14h30.26.107,lotterie_task,2024.2.4,Win32,7.496251874,626285ad898d0ce84c5e1184,68947058ad5ea3fc73912f3f,68a328b0ebf58746998ccfbc,,,,,,,,,,,,,,,,,,,,,[-0.24537037037037038],[0.007407407407407408],[1],[0],[0],[4.590299999999843],"[""coins_a_3"",""coins_a_3""]",0,[],[],0,46,46,93,1,79,53,-16,96,9,-7,38.66666667,32.66666667,6,40.08601862,45.25728916,-5.17127054,-16,-7,-9,-0.49,0.64,-1.13,unconfounded,FALSE,,,,
,,,,,,54,male,Senior Manager,2025-08-18_14h30.26.107,lotterie_task,2024.2.4,Win32,7.496251874,626285ad898d0ce84c5e1184,68947058ad5ea3fc73912f3f,68a328b0ebf58746998ccfbc,,,,,,,,,,,,,,,,,,,,,[0.37222222222222223],[0.000925925925925926],[1],[0],[0],[2.953000000000088],"[""coins_a_3"",""coins_a_3""]",0,[],[],0,47,47,79,1,82,38,-49,98,3,-39,23.66666667,20.66666667,3,54.43242498,57.308134,-2.87570902,-49,-39,-10,-0.38,0.43,-0.81,unconfounded,FALSE,,,,
,,,,,,54,male,Senior Manager,2025-08-18_14h30.26.107,lotterie_task,2024.2.4,Win32,7.496251874,626285ad898d0ce84c5e1184,68947058ad5ea3fc73912f3f,68a328b0ebf58746998ccfbc,,,,,,,,,,,,,,,,,,,,,[-0.14722222222222223],[-0.02962962962962963],[1],[0],[0],[20.415200000000254],"[""coins_b_3"",""coins_b_3""]",0,[],[],0,48,48,27,1,74,35,-30,97,8,-17,26.33333333,29.33333333,-3,42.89781139,48.92397731,-6.026165915,-30,-17,-13,-0.29,0.57,-0.86,unconfounded,FALSE,,,,
,,,,,,54,male,Senior Manager,2025-08-18_14h30.26.107,lotterie_task,2024.2.4,Win32,7.496251874,626285ad898d0ce84c5e1184,68947058ad5ea3fc73912f3f,68a328b0ebf58746998ccfbc,,,,,,,,,,,,,,,,,,,,,[0.3435185185185185],[0.006481481481481481],[1],[0],[0],[6.654899999999429],"[""coins_a_3"",""coins_a_3""]",0,[],[],0,49,49,134,1,67,16,-14,66,5,-2,23,23,0,33.43650699,30.53959179,2.896915205,-14,-2,-12,0.3,0.68,-0.38,confounded,FALSE,,,,
,,,,,,54,male,Senior Manager,2025-08-18_14h30.26.107,lotterie_task,2024.2.4,Win32,7.496251874,626285ad898d0ce84c5e1184,68947058ad5ea3fc73912f3f,68a328b0ebf58746998ccfbc,,,,,,,,,,,,,,,,,,,,,[-0.2953703703703704],[-0.04351851851851852],[1],[0],[0],[3.599499999999921],"[""coins_a_3"",""coins_a_3""]",0,[],[],0,50,50,102,1,81,51,-42,96,4,-37,30,21,9,52.36410985,55.61174936,-3.247639512,-42,-37,-5,-0.54,0.43,-0.97,unconfounded,FALSE,,,,
,,,,,,54,male,Senior Manager,2025-08-18_14h30.26.107,lotterie_task,2024.2.4,Win32,7.496251874,626285ad898d0ce84c5e1184,68947058ad5ea3fc73912f3f,68a328b0ebf58746998ccfbc,,,,,,,,,,,,,,,,,,,,,[0.4074074074074074],[0.021296296296296296],[1],[0],[0],[7.35770000000025],"[""coins_a_3"",""coins_a_3""]",0,[],[],0,51,51,67,1,47,39,-49,72,3,-41,12.33333333,11.33333333,1,43.49201715,46.50686927,-3.014852118,-49,-41,-8,-0.69,0.26,-0.95,unconfounded,FALSE,,,,
,,,,,,54,male,Senior Manager,2025-08-18_14h30.26.107,lotterie_task,2024.2.4,Win32,7.496251874,626285ad898d0ce84c5e1184,68947058ad5ea3fc73912f3f,68a328b0ebf58746998ccfbc,,,,,,,,,,,,,,,,,,,,,[-0.3712962962962963],[-0.019444444444444445],[1],[0],[0],[4.98390000000029],"[""coins_a_3"",""coins_a_3""]",0,[],[],0,52,52,167,1,67,60,-20,68,46,-10,35.66666667,34.66666667,1,39.46587837,32.83629428,6.629584088,-20,-10,-10,-0.69,-0.48,-0.21,confounded,FALSE,,,,
,,,,,,54,male,Senior Manager,2025-08-18_14h30.26.107,lotterie_task,2024.2.4,Win32,7.496251874,626285ad898d0ce84c5e1184,68947058ad5ea3fc73912f3f,68a328b0ebf58746998ccfbc,,,,,,,,,,,,,,,,,,,,,[-0.3574074074074074],[-0.026851851851851852],[1],[0],[0],[10.022299999999746],"[""coins_a_3"",""coins_a_3""]",0,[],[],0,53,53,49,1,67,35,-44,90,1,-33,19.33333333,19.33333333,0,46.64999702,51.86092513,-5.210928109,-44,-33,-11,-0.47,0.49,-0.96,unconfounded,FALSE,,,,
,,,,,,54,male,Senior Manager,2025-08-18_14h30.26.107,lotterie_task,2024.2.4,Win32,7.496251874,626285ad898d0ce84c5e1184,68947058ad5ea3fc73912f3f,68a328b0ebf58746998ccfbc,,,,,,,,,,,,,,,,,,,,,[0.2537037037037037],[0.004629629629629629],[1],[0],[0],[3.4246000000005097],"[""coins_a_3"",""coins_a_3""]",1,[646.41],[646.41],0,54,54,88,1,61,49,-22,81,3,-14,29.33333333,23.33333333,6,36.62725154,41.36289266,-4.735641114,-22,-14,-8,-0.65,0.62,-1.27,unconfounded,FALSE,,,,
,,,,,,54,male,Senior Manager,2025-08-18_14h30.26.107,lotterie_task,2024.2.4,Win32,7.496251874,626285ad898d0ce84c5e1184,68947058ad5ea3fc73912f3f,68a328b0ebf58746998ccfbc,,,,,,,,,,,,,,,,,,,,,[-0.3453703703703704],[0.040740740740740744],[1],[0],[0],[14.155700000000138],"[""coins_b_3"",""coins_b_3""]",0,[],[],0,55,55,154,1,42,40,-31,59,28,-18,17,23,-6,33.950945,31.63331577,2.317629233,-31,-18,-13,-0.71,-0.23,-0.48,confounded,FALSE,,,,
,,,,,,54,male,Senior Manager,2025-08-18_14h30.26.107,lotterie_task,2024.2.4,Win32,7.496251874,626285ad898d0ce84c5e1184,68947058ad5ea3fc73912f3f,68a328b0ebf58746998ccfbc,,,,,,,,,,,,,,,,,,,,,[0.3398148148148148],[0.06296296296296296],[1],[0],[0],[28.746100000000638],"[""coins_b_3"",""coins_b_3""]",0,[],[],0,56,56,121,1,67,34,-59,77,37,-45,14,23,-9,53.34791467,50.78057371,2.56734096,-59,-45,-14,-0.51,-0.39,-0.12,confounded,FALSE,,,,
,,,,,,54,male,Senior Manager,2025-08-18_14h30.26.107,lotterie_task,2024.2.4,Win32,7.496251874,626285ad898d0ce84c5e1184,68947058ad5ea3fc73912f3f,68a328b0ebf58746998ccfbc,,,,,,,,,,,,,,,,,,,,,[0.3416666666666667],[0.05925925925925926],[1],[0],[0],[4.339400000000296],"[""coins_a_3"",""coins_a_3""]",0,[],[],0,57,57,212,1,83,50,-11,85,29,-1,40.66666667,37.66666667,3,38.93869826,35.64017708,3.298521182,-11,-1,-10,-0.35,0.35,-0.7,confounded,FALSE,,,,
,,,,,,54,male,Senior Manager,2025-08-18_14h30.26.107,lotterie_task,2024.2.4,Win32,7.496251874,626285ad898d0ce84c5e1184,68947058ad5ea3fc73912f3f,68a328b0ebf58746998ccfbc,,,,,,,,,,,,,,,,,,,,,[0.34074074074074073],[0.05740740740740741],[1],[0],[0],[4.851200000000176],"[""coins_a_3"",""coins_a_3""]",0,[],[],0,58,58,178,1,87,67,-40,97,42,-25,38,38,0,55.75541827,49.88653793,5.868880342,-40,-25,-15,-0.64,-0.12,-0.52,confounded,FALSE,,,,
,,,,,,54,male,Senior Manager,2025-08-18_14h30.26.107,lotterie_task,2024.2.4,Win32,7.496251874,626285ad898d0ce84c5e1184,68947058ad5ea3fc73912f3f,68a328b0ebf58746998ccfbc,,,,,,,,,,,,,,,,,,,,,[0.34074074074074073],[0.05740740740740741],[1],[0],[0],[2.9120000000000346],"[""coins_a_3"",""coins_a_3""]",0,[],[],0,59,59,176,1,79,75,-24,86,58,-11,43.33333333,44.33333333,-1,47.6398526,40.76218291,6.877669688,-24,-11,-13,-0.7,-0.47,-0.23,confounded,FALSE,,,,
,,,,,,54,male,Senior Manager,2025-08-18_14h30.26.107,lotterie_task,2024.2.4,Win32,7.496251874,626285ad898d0ce84c5e1184,68947058ad5ea3fc73912f3f,68a328b0ebf58746998ccfbc,,,,,,,,,,,,,,,,,,,,,[-0.2777777777777778],[0.062037037037037036],[1],[0],[0],[8.535999999999945],"[""coins_a_3"",""coins_a_3""]",0,[],[],0,60,60,188,1,92,55,-16,86,47,-5,43.66666667,42.66666667,1,44.8131925,37.27674282,7.536449678,-16,-5,-11,-0.36,-0.17,-0.19,confounded,FALSE,,,,
,,,,,,54,male,Senior Manager,2025-08-18_14h30.26.107,lotterie_task,2024.2.4,Win32,7.496251874,626285ad898d0ce84c5e1184,68947058ad5ea3fc73912f3f,68a328b0ebf58746998ccfbc,,,,,,,,,,,,,,,,,,,,,[-0.2962962962962963],[0.028703703703703703],[1],[0],[0],[6.188000000000102],"[""coins_b_3"",""coins_b_3""]",0,[],[],0,61,61,22,1,61,18,-37,77,14,-31,14,20,-6,40.10818703,44.29446918,-4.186282153,-37,-31,-6,-0.15,0.2,-0.35,unconfounded,FALSE,,,,
,,,,,,54,male,Senior Manager,2025-08-18_14h30.26.107,lotterie_task,2024.2.4,Win32,7.496251874,626285ad898d0ce84c5e1184,68947058ad5ea3fc73912f3f,68a328b0ebf58746998ccfbc,,,,,,,,,,,,,,,,,,,,,[-0.30092592592592593],[0.004629629629629629],[1],[0],[0],[9.291899999999373],"[""coins_a_3"",""coins_a_3""]",0,[],[],0,62,62,64,1,67,36,-51,86,5,-42,17.33333333,16.33333333,1,49.94886274,52.8667087,-2.917845962,-51,-42,-9,-0.51,0.31,-0.82,unconfounded,FALSE,,,,
,,,,,,54,male,Senior Manager,2025-08-18_14h30.26.107,lotterie_task,2024.2.4,Win32,7.496251874,626285ad898d0ce84c5e1184,68947058ad5ea3fc73912f3f,68a328b0ebf58746998ccfbc,,,,,,,,,,,,,,,,,,,,,[0.2898148148148148],[0.01574074074074074],[1],[0],[0],[8.9256000000006],"[""coins_b_3"",""coins_b_3""]",0,[],[],0,63,63,114,1,51,45,-68,56,48,-58,9.333333333,15.33333333,-6,54.73775865,51.95724738,2.780511269,-68,-58,-10,-0.7,-0.69,-0.01,confounded,FALSE,,,,
,,,,,,54,male,Senior Manager,2025-08-18_14h30.26.107,lotterie_task,2024.2.4,Win32,7.496251874,626285ad898d0ce84c5e1184,68947058ad5ea3fc73912f3f,68a328b0ebf58746998ccfbc,,,,,,,,,,,,,,,,,,,,,[-0.20185185185185187],[0.016666666666666666],[1],[0],[0],[15.275199999999245],"[""coins_b_3"",""coins_b_3""]",0,[],[],0,64,64,17,1,49,31,-74,83,4,-63,2,8,-6,54.24020649,59.67132198,-5.431115489,-74,-63,-11,-0.65,0.1,-0.75,unconfounded,FALSE,,,,
,,,,,,54,male,Senior Manager,2025-08-18_14h30.26.107,lotterie_task,2024.2.4,Win32,7.496251874,626285ad898d0ce84c5e1184,68947058ad5ea3fc73912f3f,68a328b0ebf58746998ccfbc,,,,,,,,,,,,,,,,,,,,,[-0.20925925925925926],[0.002777777777777778],[1],[0],[0],[4.960399999999481],"[""coins_a_3"",""coins_a_3""]",0,[],[],0,65,65,215,1,80,43,-41,81,8,-34,27.33333333,18.33333333,9,50.62498285,47.5137407,3.111242151,-41,-34,-7,-0.43,0.32,-0.75,confounded,FALSE,,,,
,,,,,,54,male,Senior Manager,2025-08-18_14h30.26.107,lotterie_task,2024.2.4,Win32,7.496251874,626285ad898d0ce84c5e1184,68947058ad5ea3fc73912f3f,68a328b0ebf58746998ccfbc,,,,,,,,,,,,,,,,,,,,,[0.2814814814814815],[-0.019444444444444445],[1],[0],[0],[12.548200000000179],"[""coins_a_3"",""coins_a_3""]",0,[],[],0,66,66,162,1,78,64,-50,80,54,-42,30.66666667,30.66666667,0,57.32558087,52.46797965,4.857601218,-50,-42,-8,-0.68,-0.58,-0.1,confounded,FALSE,,,,
,,,,,,54,male,Senior Manager,2025-08-18_14h30.26.107,lotterie_task,2024.2.4,Win32,7.496251874,626285ad898d0ce84c5e1184,68947058ad5ea3fc73912f3f,68a328b0ebf58746998ccfbc,,,,,,,,,,,,,,,,,,,,,[-0.375],[0.012962962962962963],[1],[0],[0],[7.19179999999983],"[""coins_a_3"",""coins_a_3""]",0,[],[],0,67,67,153,1,86,80,-10,84,66,-3,52,49,3,43.9089968,37.49666652,6.412330282,-10,-3,-7,-0.7,-0.59,-0.11,confounded,FALSE,,,,
,,,,,,54,male,Senior Manager,2025-08-18_14h30.26.107,lotterie_task,2024.2.4,Win32,7.496251874,626285ad898d0ce84c5e1184,68947058ad5ea3fc73912f3f,68a328b0ebf58746998ccfbc,,,,,,,,,,,,,,,,,,,,,[-0.36018518518518516],[0.06574074074074074],[1],[0],[0],[4.78120000000024],"[""coins_a_3"",""coins_a_3""]",0,[],[],0,68,68,163,1,99,63,-12,93,52,-4,50,47,3,46.23851209,39.75759885,6.480913232,-12,-4,-8,-0.4,-0.19,-0.21,confounded,FALSE,,,,
,,,,,,54,male,Senior Manager,2025-08-18_14h30.26.107,lotterie_task,2024.2.4,Win32,7.496251874,626285ad898d0ce84c5e1184,68947058ad5ea3fc73912f3f,68a328b0ebf58746998ccfbc,,,,,,,,,,,,,,,,,,,,,[-0.3638888888888889],[0.062037037037037036],[1],[0],[0],[4.619900000000371],"[""coins_a_3"",""coins_a_3""]",0,[],[],0,69,69,40,1,63,47,-21,91,15,-14,29.66666667,30.66666667,-1,36.41733409,44.27439692,-7.857062825,-21,-14,-7,-0.61,0.49,-1.1,unconfounded,FALSE,,,,
,,,,,,54,male,Senior Manager,2025-08-18_14h30.26.107,lotterie_task,2024.2.4,Win32,7.496251874,626285ad898d0ce84c5e1184,68947058ad5ea3fc73912f3f,68a328b0ebf58746998ccfbc,,,,,,,,,,,,,,,,,,,,,[-0.19537037037037036],[0.011111111111111112],[1],[0],[0],[14.855799999999817],"[""coins_b_3"",""coins_b_3""]",0,[],[],0,70,70,159,1,82,74,-71,84,63,-59,28.33333333,29.33333333,-1,70.31516353,63.04671989,7.26844364,-71,-59,-12,-0.7,-0.65,-0.05,confounded,FALSE,,,,
,,,,,,54,male,Senior Manager,2025-08-18_14h30.26.107,lotterie_task,2024.2.4,Win32,7.496251874,626285ad898d0ce84c5e1184,68947058ad5ea3fc73912f3f,68a328b0ebf58746998ccfbc,,,,,,,,,,,,,,,,,,,,,[0.39166666666666666],[0],[1],[0],[0],[6.257100000000605],"[""coins_b_3"",""coins_b_3""]",0,[],[],0,71,71,125,1,85,77,-20,97,78,-6,47.33333333,56.33333333,-9,47.72374205,44.75364665,2.970095399,-20,-6,-14,-0.69,-0.61,-0.08,confounded,FALSE,,,,
,,,,,,54,male,Senior Manager,2025-08-18_14h30.26.107,lotterie_task,2024.2.4,Win32,7.496251874,626285ad898d0ce84c5e1184,68947058ad5ea3fc73912f3f,68a328b0ebf58746998ccfbc,,,,,,,,,,,,,,,,,,,,,[-0.2796296296296296],[0.026851851851851852],[1],[0],[0],[9.407999999999902],"[""coins_a_3"",""coins_a_3""]",0,[],[],0,72,72,41,1,72,34,-68,95,3,-57,12.66666667,13.66666667,-1,59.11194653,62.51044357,-3.398497045,-68,-57,-11,-0.49,0.25,-0.74,unconfounded,FALSE,,,,
,,,,,,54,male,Senior Manager,2025-08-18_14h30.26.107,lotterie_task,2024.2.4,Win32,7.496251874,626285ad898d0ce84c5e1184,68947058ad5ea3fc73912f3f,68a328b0ebf58746998ccfbc,,,,,,,,,,,,,,,,,,,,,[0.3824074074074074],[-0.027777777777777776],[1],[0],[0],[7.518799999999715],"[""coins_b_3"",""coins_b_3""]",0,[],[],0,73,73,174,1,85,31,-13,81,32,-1,34.33333333,37.33333333,-3,40.07770231,33.68811198,6.389590326,-13,-1,-12,0.12,0.23,-0.11,confounded,FALSE,,,,
,,,,,,54,male,Senior Manager,2025-08-18_14h30.26.107,lotterie_task,2024.2.4,Win32,7.496251874,626285ad898d0ce84c5e1184,68947058ad5ea3fc73912f3f,68a328b0ebf58746998ccfbc,,,,,,,,,,,,,,,,,,,,,[0.37777777777777777],[-0.027777777777777776],[1],[0],[0],[7.707400000000348],"[""coins_b_3"",""coins_b_3""]",0,[],[],0,74,74,216,1,45,12,-30,50,15,-25,9,13.33,4.33,916,902.22,-13.78,30,25,-5,0.2,0.3,0.1,unconfounded,TRUE,,,,
,,,,,,54,male,Senior Manager,2025-08-18_14h30.26.107,lotterie_task,2024.2.4,Win32,7.496251874,626285ad898d0ce84c5e1184,68947058ad5ea3fc73912f3f,68a328b0ebf58746998ccfbc,,,,,,,,,,,,,,,,,,,,,[0.37222222222222223],[0.020370370370370372],[1],[0],[0],[6.686799999999835],"[""coins_a_3"",""coins_a_3""]",0,[],[],0,75,75,80,1,86,44,-23,97,16,-15,35.66666667,32.66666667,3,44.88751373,47.21816976,-2.33065603,-23,-15,-8,-0.27,0.49,-0.76,unconfounded,FALSE,,,,
,,,,,,54,male,Senior Manager,2025-08-18_14h30.26.107,lotterie_task,2024.2.4,Win32,7.496251874,626285ad898d0ce84c5e1184,68947058ad5ea3fc73912f3f,68a328b0ebf58746998ccfbc,,,,,,,,,,,,,,,,,,,,,[0.37222222222222223],[0.020370370370370372],[1],[0],[0],[6.642599999999675],"[""coins_b_3"",""coins_b_3""]",0,[],[],0,76,76,116,1,65,30,-84,74,33,-69,3.666666667,12.66666667,-9,63.61516241,60.12394605,3.491216361,-84,-69,-15,-0.55,-0.47,-0.08,confounded,FALSE,,,,
,,,,,,54,male,Senior Manager,2025-08-18_14h30.26.107,lotterie_task,2024.2.4,Win32,7.496251874,626285ad898d0ce84c5e1184,68947058ad5ea3fc73912f3f,68a328b0ebf58746998ccfbc,,,,,,,,,,,,,,,,,,,,,[0.375],[0.019444444444444445],[1],[0],[0],[3.9390999999995984],"[""coins_a_3"",""coins_a_3""]",0,[],[],0,77,77,87,1,82,49,-56,98,10,-51,25,19,6,58.83876273,61.16098975,-2.322227012,-56,-51,-5,-0.54,0.22,-0.76,unconfounded,FALSE,,,,
,,,,,,54,male,Senior Manager,2025-08-18_14h30.26.107,lotterie_task,2024.2.4,Win32,7.496251874,626285ad898d0ce84c5e1184,68947058ad5ea3fc73912f3f,68a328b0ebf58746998ccfbc,,,,,,,,,,,,,,,,,,,,,[0.35462962962962963],[-0.006481481481481481],[1],[0],[0],[3.7887000000001763],"[""coins_a_3"",""coins_a_3""]",0,[],[],0,78,78,199,1,76,47,-60,74,22,-51,21,15,6,58.48646567,51.27052435,7.215941325,-60,-51,-9,-0.58,-0.2,-0.38,confounded,FALSE,,,,
,,,,,,54,male,Senior Manager,2025-08-18_14h30.26.107,lotterie_task,2024.2.4,Win32,7.496251874,626285ad898d0ce84c5e1184,68947058ad5ea3fc73912f3f,68a328b0ebf58746998ccfbc,,,,,,,,,,,,,,,,,,,,,[0.35462962962962963],[-0.006481481481481481],[1],[0],[0],[3.923899999999435],"[""coins_a_3"",""coins_a_3""]",0,[],[],0,79,79,101,1,83,61,-20,99,4,-6,41.33333333,32.33333333,9,44.28945197,47.31689856,-3.027446588,-20,-6,-14,-0.58,0.68,-1.26,unconfounded,FALSE,,,,
,,,,,,54,male,Senior Manager,2025-08-18_14h30.26.107,lotterie_task,2024.2.4,Win32,7.496251874,626285ad898d0ce84c5e1184,68947058ad5ea3fc73912f3f,68a328b0ebf58746998ccfbc,,,,,,,,,,,,,,,,,,,,,[0.35462962962962963],[-0.006481481481481481],[1],[0],[0],[4.348300000000677],"[""coins_a_3"",""coins_a_3""]",0,[],[],0,80,80,181,1,84,74,-73,96,33,-62,28.33333333,22.33333333,6,71.76969339,64.9427098,6.826983592,-73,-62,-11,-0.7,-0.24,-0.46,confounded,FALSE,,,,
,,,,,,54,male,Senior Manager,2025-08-18_14h30.26.107,lotterie_task,2024.2.4,Win32,7.496251874,626285ad898d0ce84c5e1184,68947058ad5ea3fc73912f3f,68a328b0ebf58746998ccfbc,,,,,,,,,,,,,,,,,,,,,[-0.21851851851851853],[-0.001851851851851852],[1],[0],[0],[15.607700000000136],"[""coins_a_3"",""coins_a_3""]",0,[],[],0,81,81,53,1,55,22,-21,66,6,-16,18.66666667,18.66666667,0,31.11626941,34.65384378,-3.537574369,-21,-16,-5,-0.16,0.5,-0.66,unconfounded,FALSE,,,,
,,,,,,54,male,Senior Manager,2025-08-18_14h30.26.107,lotterie_task,2024.2.4,Win32,7.496251874,626285ad898d0ce84c5e1184,68947058ad5ea3fc73912f3f,68a328b0ebf58746998ccfbc,,,,,,,,,,,,,,,,,,,,,[0.2722222222222222],[0.019444444444444445],[1],[0],[0],[10.243299999999863],"[""coins_b_3"",""coins_b_3""]",0,[],[],0,82,82,177,1,82,80,-87,96,60,-78,25,26,-1,79.20016835,74.99333304,4.206835313,-87,-78,-9,-0.71,-0.59,-0.12,confounded,FALSE,,,,
,,,,,,54,male,Senior Manager,2025-08-18_14h30.26.107,lotterie_task,2024.2.4,Win32,7.496251874,626285ad898d0ce84c5e1184,68947058ad5ea3fc73912f3f,68a328b0ebf58746998ccfbc,,,,,,,,,,,,,,,,,,,,,[-0.24722222222222223],[0.006481481481481481],[1],[0],[0],[9.572900000000459],"[""coins_a_3"",""coins_a_3""]",0,[],[],0,83,83,161,1,91,40,-37,81,27,-32,31.33333333,25.33333333,6,52.61389761,46.14710777,6.466789845,-37,-32,-5,-0.24,-0.05,-0.19,confounded,FALSE,,,,
,,,,,,54,male,Senior Manager,2025-08-18_14h30.26.107,lotterie_task,2024.2.4,Win32,7.496251874,626285ad898d0ce84c5e1184,68947058ad5ea3fc73912f3f,68a328b0ebf58746998ccfbc,,,,,,,,,,,,,,,,,,,,,[0.28703703703703703],[-0.005555555555555556],[1],[0],[0],[3.7447000000001935],"[""coins_a_3"",""coins_a_3""]",0,[],[],0,84,84,210,1,91,73,-19,96,36,-14,48.33333333,39.33333333,9,48.17560471,44.96912521,3.206479496,-19,-14,-5,-0.63,0.11,-0.74,confounded,FALSE,,,,
,,,,,,54,male,Senior Manager,2025-08-18_14h30.26.107,lotterie_task,2024.2.4,Win32,7.496251874,626285ad898d0ce84c5e1184,68947058ad5ea3fc73912f3f,68a328b0ebf58746998ccfbc,,,,,,,,,,,,,,,,,,,,,[0.4064814814814815],[-0.010185185185185186],[1],[0],[0],[8.567700000000173],"[""coins_b_3"",""coins_b_3""]",0,[],[],0,85,85,168,1,95,75,-28,96,64,-15,47.33333333,48.33333333,-1,53.89083616,46.64999702,7.240839139,-28,-15,-13,-0.63,-0.47,-0.16,confounded,FALSE,,,,
,,,,,,54,male,Senior Manager,2025-08-18_14h30.26.107,lotterie_task,2024.2.4,Win32,7.496251874,626285ad898d0ce84c5e1184,68947058ad5ea3fc73912f3f,68a328b0ebf58746998ccfbc,,,,,,,,,,,,,,,,,,,,,[0.3675925925925926],[-0.010185185185185186],[1],[0],[0],[8.424799999999777],"[""coins_b_3"",""coins_b_3""]",0,[],[],0,86,86,6,1,61,53,-62,85,48,-54,17.33333333,26.33333333,-9,56.19213073,58.77830288,-2.586172149,-62,-54,-8,-0.7,-0.5,-0.2,unconfounded,FALSE,,,,
,,,,,,54,male,Senior Manager,2025-08-18_14h30.26.107,lotterie_task,2024.2.4,Win32,7.496251874,626285ad898d0ce84c5e1184,68947058ad5ea3fc73912f3f,68a328b0ebf58746998ccfbc,,,,,,,,,,,,,,,,,,,,,[0.34814814814814815],[0.020370370370370372],[1],[0],[0],[6.207400000000462],"[""coins_b_3"",""coins_b_3""]",0,[],[],0,87,87,113,1,66,61,-21,85,54,-6,35.33333333,44.33333333,-9,39.88594851,37.77418284,2.111765679,-21,-6,-15,-0.7,-0.37,-0.33,confounded,FALSE,,,,
,,,,,,54,male,Senior Manager,2025-08-18_14h30.26.107,lotterie_task,2024.2.4,Win32,7.496251874,626285ad898d0ce84c5e1184,68947058ad5ea3fc73912f3f,68a328b0ebf58746998ccfbc,,,,,,,,,,,,,,,,,,,,,[0.34814814814814815],[0.020370370370370372],[1],[0],[0],[17.764999999999986],"[""coins_a_3"",""coins_a_3""]",0,[],[],0,88,88,47,1,58,28,-19,71,11,-12,22.33333333,23.33333333,-1,31.68946548,34.98888712,-3.299421648,-19,-12,-7,-0.26,0.48,-0.74,unconfounded,FALSE,,,,
,,,,,,54,male,Senior Manager,2025-08-18_14h30.26.107,lotterie_task,2024.2.4,Win32,7.496251874,626285ad898d0ce84c5e1184,68947058ad5ea3fc73912f3f,68a328b0ebf58746998ccfbc,,,,,,,,,,,,,,,,,,,,,[-0.24444444444444444],[-0.037037037037037035],[1],[0],[0],[7.353200000000129],"[""coins_a_3"",""coins_a_3""]",0,[],[],0,89,89,183,1,60,58,-24,72,31,-12,31.33333333,30.33333333,1,39.13509366,34.29609631,4.838997345,-24,-12,-12,-0.71,-0.03,-0.68,confounded,FALSE,,,,
,,,,,,54,male,Senior Manager,2025-08-18_14h30.26.107,lotterie_task,2024.2.4,Win32,7.496251874,626285ad898d0ce84c5e1184,68947058ad5ea3fc73912f3f,68a328b0ebf58746998ccfbc,,,,,,,,,,,,,,,,,,,,,[-0.24444444444444444],[-0.037037037037037035],[1],[0],[0],[5.95799999999997],"[""coins_a_3"",""coins_a_3""]",0,[],[],0,90,90,59,1,52,34,-65,75,3,-57,7,7,0,51.4392846,53.96295025,-2.523665654,-65,-57,-8,-0.64,0.11,-0.75,unconfounded,FALSE,,,,
,,,,,,54,male,Senior Manager,2025-08-18_14h30.26.107,lotterie_task,2024.2.4,Win32,7.496251874,626285ad898d0ce84c5e1184,68947058ad5ea3fc73912f3f,68a328b0ebf58746998ccfbc,,,,,,,,,,,,,,,,,,,,,[0.4185185185185185],[-0.017592592592592594],[1],[0],[0],[11.36309999999969],"[""coins_b_3"",""coins_b_3""]",0,[],[],0,91,91,136,1,69,48,-67,68,45,-60,16.66666667,17.66666667,-1,59.77922344,55.7155474,4.063676043,-67,-60,-7,-0.64,-0.62,-0.02,confounded,FALSE,,,,
,,,,,,54,male,Senior Manager,2025-08-18_14h30.26.107,lotterie_task,2024.2.4,Win32,7.496251874,626285ad898d0ce84c5e1184,68947058ad5ea3fc73912f3f,68a328b0ebf58746998ccfbc,,,,,,,,,,,,,,,,,,,,,[-0.18796296296296297],[-0.012962962962962963],[1],[0],[0],[5.944200000000137],"[""coins_a_3"",""coins_a_3""]",0,[],[],0,92,92,86,1,80,45,-79,99,3,-74,15.33333333,9.333333333,6,68.2169741,70.76879413,-2.551820026,-79,-74,-5,-0.57,0.13,-0.7,unconfounded,FALSE,,,,
,,,,,,54,male,Senior Manager,2025-08-18_14h30.26.107,lotterie_task,2024.2.4,Win32,7.496251874,626285ad898d0ce84c5e1184,68947058ad5ea3fc73912f3f,68a328b0ebf58746998ccfbc,,,,,,,,,,,,,,,,,,,,,[0.33425925925925926],[0.027777777777777776],[1],[0],[0],[4.704500000000053],"[""coins_a_3"",""coins_a_3""]",0,[],[],0,93,93,173,1,99,38,-35,87,15,-27,34,25,9,54.77834122,47.07440918,7.703932035,-35,-27,-8,-0.11,0.31,-0.42,confounded,FALSE,,,,
,,,,,,54,male,Senior Manager,2025-08-18_14h30.26.107,lotterie_task,2024.2.4,Win32,7.496251874,626285ad898d0ce84c5e1184,68947058ad5ea3fc73912f3f,68a328b0ebf58746998ccfbc,,,,,,,,,,,,,,,,,,,,,[0.33425925925925926],[0.030555555555555555],[1],[0],[0],[18.779400000000464],"[""coins_b_3"",""coins_b_3""]",0,[],[],0,94,94,124,1,88,55,-57,98,39,-42,28.66666667,31.66666667,-3,62.05553069,57.38950736,4.666023323,-57,-42,-15,-0.56,-0.19,-0.37,confounded,FALSE,,,,
,,,,,,54,male,Senior Manager,2025-08-18_14h30.26.107,lotterie_task,2024.2.4,Win32,7.496251874,626285ad898d0ce84c5e1184,68947058ad5ea3fc73912f3f,68a328b0ebf58746998ccfbc,,,,,,,,,,,,,,,,,,,,,[-0.47314814814814815],[0.03981481481481482],[1],[0],[0],[18.43090000000052],"[""coins_a_3"",""coins_a_3""]",0,[],[],0,95,95,194,1,53,43,-8,49,31,-1,29.33333333,26.33333333,3,26.71246068,20.67741656,6.035044121,-8,-1,-7,-0.63,-0.33,-0.3,confounded,FALSE,,,,
,,,,,,54,male,Senior Manager,2025-08-18_14h30.26.107,lotterie_task,2024.2.4,Win32,7.496251874,626285ad898d0ce84c5e1184,68947058ad5ea3fc73912f3f,68a328b0ebf58746998ccfbc,,,,,,,,,,,,,,,,,,,,,[-0.46296296296296297],[0.003703703703703704],[1],[0],[0],[6.733899999999494],"[""coins_a_3"",""coins_a_3""]",0,[],[],0,96,96,198,1,66,52,-14,71,33,-3,34.66666667,33.66666667,1,34.88393454,30.21405118,4.669883356,-14,-3,-11,-0.62,0.03,-0.65,confounded,FALSE,,,,
,,,,,,54,male,Senior Manager,2025-08-18_14h30.26.107,lotterie_task,2024.2.4,Win32,7.496251874,626285ad898d0ce84c5e1184,68947058ad5ea3fc73912f3f,68a328b0ebf58746998ccfbc,,,,,,,,,,,,,,,,,,,,,[-0.21944444444444444],[-0.007407407407407408],[1],[0],[0],[5.29520000000025],"[""coins_a_3"",""coins_a_3""]",0,[],[],0,97,97,103,1,92,49,-7,99,9,-1,44.66666667,35.66666667,9,40.53256578,44.96912521,-4.436559429,-7,-1,-6,-0.16,0.68,-0.84,unconfounded,FALSE,,,,
,,,,,,54,male,Senior Manager,2025-08-18_14h30.26.107,lotterie_task,2024.2.4,Win32,7.496251874,626285ad898d0ce84c5e1184,68947058ad5ea3fc73912f3f,68a328b0ebf58746998ccfbc,,,,,,,,,,,,,,,,,,,,,[0.41203703703703703],[0.000925925925925926],[1],[0],[0],[6.0172999999999774],"[""coins_b_3"",""coins_b_3""]",0,[],[],0,98,98,137,1,74,51,-26,76,46,-14,33,36,-3,42.76291228,37.41657387,5.346338412,-26,-14,-12,-0.56,-0.38,-0.18,confounded,FALSE,,,,
,,,,,,54,male,Senior Manager,2025-08-18_14h30.26.107,lotterie_task,2024.2.4,Win32,7.496251874,626285ad898d0ce84c5e1184,68947058ad5ea3fc73912f3f,68a328b0ebf58746998ccfbc,,,,,,,,,,,,,,,,,,,,,[0.41203703703703703],[0.000925925925925926],[1],[0],[0],[4.540099999999484],"[""coins_b_3"",""coins_b_3""]",0,[],[],0,99,99,117,1,73,68,-84,83,63,-71,19,25,-6,72.86059749,68.37153404,4.489063453,-84,-71,-13,-0.7,-0.66,-0.04,confounded,FALSE,,,,
,,,,,,54,male,Senior Manager,2025-08-18_14h30.26.107,lotterie_task,2024.2.4,Win32,7.496251874,626285ad898d0ce84c5e1184,68947058ad5ea3fc73912f3f,68a328b0ebf58746998ccfbc,,,,,,,,,,,,,,,,,,,,,[0.42962962962962964],[-0.001851851851851852],[1],[0],[0],[7.256200000000263],"[""coins_a_3"",""coins_a_3""]",0,[],[],0,100,100,185,1,76,27,-21,72,4,-12,27.33333333,21.33333333,6,39.60078563,36.41733409,3.183451536,-21,-12,-9,0.01,0.61,-0.6,confounded,FALSE,,,,
,,,,,,54,male,Senior Manager,2025-08-18_14h30.26.107,lotterie_task,2024.2.4,Win32,7.496251874,626285ad898d0ce84c5e1184,68947058ad5ea3fc73912f3f,68a328b0ebf58746998ccfbc,,,,,,,,,,,,,,,,,,,,,[0.38981481481481484],[0.040740740740740744],[1],[0],[0],[8.08849999999984],"[""coins_a_3"",""coins_a_3""]",0,[],[],0,101,101,95,1,77,49,-72,97,6,-67,18,12,6,64.65807503,67.08700818,-2.42893315,-72,-67,-5,-0.61,0.13,-0.74,unconfounded,FALSE,,,,
,,,,,,54,male,Senior Manager,2025-08-18_14h30.26.107,lotterie_task,2024.2.4,Win32,7.496251874,626285ad898d0ce84c5e1184,68947058ad5ea3fc73912f3f,68a328b0ebf58746998ccfbc,,,,,,,,,,,,,,,,,,,,,[-0.21203703703703702],[-0.018518518518518517],[1],[0],[0],[15.824900000000525],"[""coins_b_3"",""coins_b_3""]",0,[],[],0,102,102,24,1,75,26,-42,94,6,-32,19.66666667,22.66666667,-3,47.97453028,52.77204647,-4.797516193,-42,-32,-10,-0.2,0.44,-0.64,unconfounded,FALSE,,,,
,,,,,,54,male,Senior Manager,2025-08-18_14h30.26.107,lotterie_task,2024.2.4,Win32,7.496251874,626285ad898d0ce84c5e1184,68947058ad5ea3fc73912f3f,68a328b0ebf58746998ccfbc,,,,,,,,,,,,,,,,,,,,,[-0.2],[-0.012962962962962963],[1],[0],[0],[8.30940000000055],"[""coins_b_3"",""coins_b_3""]",0,[],[],0,103,103,43,1,50,26,-17,66,7,-11,19.66666667,20.66666667,-1,27.71682201,32.88701196,-5.17018995,-17,-11,-6,-0.33,0.55,-0.88,unconfounded,FALSE,,,,
,,,,,,54,male,Senior Manager,2025-08-18_14h30.26.107,lotterie_task,2024.2.4,Win32,7.496251874,626285ad898d0ce84c5e1184,68947058ad5ea3fc73912f3f,68a328b0ebf58746998ccfbc,,,,,,,,,,,,,,,,,,,,,[0.3861111111111111],[0.016666666666666666],[1],[0],[0],[32.986699999999246],"[""coins_a_3"",""coins_a_3""]",0,[],[],0,104,104,50,1,69,66,-55,96,34,-50,26.66666667,26.66666667,0,57.76004001,59.82938706,-2.069347044,-55,-50,-5,-0.71,-0.18,-0.53,unconfounded,FALSE,,,,
,,,,,,54,male,Senior Manager,2025-08-18_14h30.26.107,lotterie_task,2024.2.4,Win32,7.496251874,626285ad898d0ce84c5e1184,68947058ad5ea3fc73912f3f,68a328b0ebf58746998ccfbc,,,,,,,,,,,,,,,,,,,,,[0.3861111111111111],[0.016666666666666666],[1],[0],[0],[4.6529000000005],"[""coins_a_3"",""coins_a_3""]",0,[],[],0,105,105,89,1,76,64,-21,97,15,-11,39.66666667,33.66666667,6,43.17663977,46.02414825,-2.847508476,-21,-11,-10,-0.67,0.54,-1.21,unconfounded,FALSE,,,,
,,,,,,54,male,Senior Manager,2025-08-18_14h30.26.107,lotterie_task,2024.2.4,Win32,7.496251874,626285ad898d0ce84c5e1184,68947058ad5ea3fc73912f3f,68a328b0ebf58746998ccfbc,,,,,,,,,,,,,,,,,,,,,[-0.25555555555555554],[-0.002777777777777778],[1],[0],[0],[7.089500000000044],"[""coins_b_3"",""coins_b_3""]",0,[],[],0,106,106,1,1,52,47,-90,84,32,-80,3,12,-9,65.79260343,68.43001291,-2.637409474,-90,-80,-10,-0.7,-0.41,-0.29,unconfounded,FALSE,,,,
,,,,,,54,male,Senior Manager,2025-08-18_14h30.26.107,lotterie_task,2024.2.4,Win32,7.496251874,626285ad898d0ce84c5e1184,68947058ad5ea3fc73912f3f,68a328b0ebf58746998ccfbc,,,,,,,,,,,,,,,,,,,,,[-0.25833333333333336],[-0.014814814814814815],[1],[0],[0],[8.400200000000268],"[""coins_a_3"",""coins_a_3""]",0,[],[],0,107,107,56,1,80,31,-38,94,5,-26,24.33333333,24.33333333,0,48.40339749,50.86146762,-2.458070131,-38,-26,-12,-0.2,0.52,-0.72,unconfounded,FALSE,,,,
,,,,,,54,male,Senior Manager,2025-08-18_14h30.26.107,lotterie_task,2024.2.4,Win32,7.496251874,626285ad898d0ce84c5e1184,68947058ad5ea3fc73912f3f,68a328b0ebf58746998ccfbc,,,,,,,,,,,,,,,,,,,,,[0.3472222222222222],[-0.028703703703703703],[1],[0],[0],[10.804700000000366],"[""coins_b_3"",""coins_b_3""]",0,[],[],0,108,108,130,1,57,56,-92,65,49,-84,7,10,-3,70.00476174,66.78822251,3.216539228,-92,-84,-8,-0.71,-0.68,-0.03,confounded,FALSE,,,,
,,,,,,54,male,Senior Manager,2025-08-18_14h30.26.107,lotterie_task,2024.2.4,Win32,7.496251874,626285ad898d0ce84c5e1184,68947058ad5ea3fc73912f3f,68a328b0ebf58746998ccfbc,,,,,,,,,,,,,,,,,,,,,[0.3296296296296296],[0.023148148148148147],[1],[0],[0],[9.603800000000774],"[""coins_b_3"",""coins_b_3""]",1,[1195.9134000000004],[1195.9135],0,109,109,13,1,63,32,-59,96,5,-47,12,18,-6,51.77515492,59.09878735,-7.323632437,-59,-47,-12,-0.52,0.32,-0.84,unconfounded,FALSE,,,,
,,,,,,54,male,Senior Manager,2025-08-18_14h30.26.107,lotterie_task,2024.2.4,Win32,7.496251874,626285ad898d0ce84c5e1184,68947058ad5ea3fc73912f3f,68a328b0ebf58746998ccfbc,,,,,,,,,,,,,,,,,,,,,[0.2361111111111111],[0.020370370370370372],[1],[0],[0],[8.910300000000689],"[""coins_b_3"",""coins_b_3""]",0,[],[],0,110,110,23,1,51,48,-71,84,26,-64,9.333333333,15.33333333,-6,56.81744646,60.88969991,-4.072253454,-71,-64,-7,-0.71,-0.26,-0.45,unconfounded,FALSE,,,,
,,,,,,54,male,Senior Manager,2025-08-18_14h30.26.107,lotterie_task,2024.2.4,Win32,7.496251874,626285ad898d0ce84c5e1184,68947058ad5ea3fc73912f3f,68a328b0ebf58746998ccfbc,,,,,,,,,,,,,,,,,,,,,[0.3037037037037037],[0.03333333333333333],[1],[0],[0],[5.485299999999825],"[""coins_a_3"",""coins_a_3""]",0,[],[],0,111,111,189,1,93,88,-12,97,64,-1,56.33333333,53.33333333,3,48.36206043,40.71308826,7.64897217,-12,-1,-11,-0.7,-0.38,-0.32,confounded,FALSE,,,,
,,,,,,54,male,Senior Manager,2025-08-18_14h30.26.107,lotterie_task,2024.2.4,Win32,7.496251874,626285ad898d0ce84c5e1184,68947058ad5ea3fc73912f3f,68a328b0ebf58746998ccfbc,,,,,,,,,,,,,,,,,,,,,[0.35555555555555557],[0.037037037037037035],[1],[0],[0],[9.406899999999496],"[""coins_b_3"",""coins_b_3""]",0,[],[],0,112,112,171,1,65,35,-34,61,27,-22,22,22,0,41.44876355,34.06855833,7.380205222,-34,-22,-12,-0.44,-0.22,-0.22,confounded,FALSE,,,,
,,,,,,54,male,Senior Manager,2025-08-18_14h30.26.107,lotterie_task,2024.2.4,Win32,7.496251874,626285ad898d0ce84c5e1184,68947058ad5ea3fc73912f3f,68a328b0ebf58746998ccfbc,,,,,,,,,,,,,,,,,,,,,[-0.4027777777777778],[0.06111111111111111],[1],[0],[0],[12.31029999999987],"[""coins_b_3"",""coins_b_3""]",0,[],[],0,113,113,157,1,58,36,-89,59,29,-74,1.666666667,4.666666667,-3,64.73707507,56.95807425,7.779000822,-89,-74,-15,-0.65,-0.56,-0.09,confounded,FALSE,,,,
,,,,,,54,male,Senior Manager,2025-08-18_14h30.26.107,lotterie_task,2024.2.4,Win32,7.496251874,626285ad898d0ce84c5e1184,68947058ad5ea3fc73912f3f,68a328b0ebf58746998ccfbc,,,,,,,,,,,,,,,,,,,,,[0.36944444444444446],[0.008333333333333333],[1],[0],[0],[9.682799999999816],"[""coins_b_3"",""coins_b_3""]",0,[],[],0,114,114,148,1,60,35,-32,57,29,-20,21,22,-1,38.8415585,31.82242396,7.01913454,-32,-20,-12,-0.49,-0.32,-0.17,confounded,FALSE,,,,
,,,,,,54,male,Senior Manager,2025-08-18_14h30.26.107,lotterie_task,2024.2.4,Win32,7.496251874,626285ad898d0ce84c5e1184,68947058ad5ea3fc73912f3f,68a328b0ebf58746998ccfbc,,,,,,,,,,,,,,,,,,,,,[0.36944444444444446],[0.008333333333333333],[1],[0],[0],[3.589900000000398],"[""coins_b_3"",""coins_b_3""]",0,[],[],0,115,115,9,1,72,62,-10,99,53,-1,41.33333333,50.33333333,-9,36.52700675,40.86835233,-4.341345579,-10,-1,-9,-0.67,-0.1,-0.57,unconfounded,FALSE,,,,
,,,,,,54,male,Senior Manager,2025-08-18_14h30.26.107,lotterie_task,2024.2.4,Win32,7.496251874,626285ad898d0ce84c5e1184,68947058ad5ea3fc73912f3f,68a328b0ebf58746998ccfbc,,,,,,,,,,,,,,,,,,,,,[0.3287037037037037],[0.001851851851851852],[1],[0],[0],[21.67160000000058],"[""coins_b_3"",""coins_b_3""]",0,[],[],0,116,116,10,1,44,17,-42,71,6,-31,6.333333333,15.33333333,-9,35.91038228,42.16106682,-6.250684541,-42,-31,-11,-0.42,0.32,-0.74,unconfounded,FALSE,,,,
,,,,,,54,male,Senior Manager,2025-08-18_14h30.26.107,lotterie_task,2024.2.4,Win32,7.496251874,626285ad898d0ce84c5e1184,68947058ad5ea3fc73912f3f,68a328b0ebf58746998ccfbc,,,,,,,,,,,,,,,,,,,,,[0.3287037037037037],[0.001851851851851852],[1],[0],[0],[2.0405999999995856],"[""coins_a_3"",""coins_a_3""]",0,[],[],0,117,117,107,1,80,55,-43,97,5,-37,30.66666667,21.66666667,9,53.08065142,55.96030339,-2.879651967,-43,-37,-6,-0.59,0.42,-1.01,unconfounded,FALSE,,,,
,,,,,,54,male,Senior Manager,2025-08-18_14h30.26.107,lotterie_task,2024.2.4,Win32,7.496251874,626285ad898d0ce84c5e1184,68947058ad5ea3fc73912f3f,68a328b0ebf58746998ccfbc,,,,,,,,,,,,,,,,,,,,,[-0.23148148148148148],[0.012037037037037037],[1],[0],[0],[3.077899999999545],"[""coins_b_3"",""coins_b_3""]",0,[],[],0,118,118,118,1,65,54,-20,73,59,-6,33,42,-9,37.74475681,34.41898701,3.325769802,-20,-6,-14,-0.66,-0.62,-0.04,confounded,FALSE,,,,
,,,,,,54,male,Senior Manager,2025-08-18_14h30.26.107,lotterie_task,2024.2.4,Win32,7.496251874,626285ad898d0ce84c5e1184,68947058ad5ea3fc73912f3f,68a328b0ebf58746998ccfbc,,,,,,,,,,,,,,,,,,,,,[0.30092592592592593],[0.001851851851851852],[1],[0],[0],[3.4534000000005562],"[""coins_a_3"",""coins_a_3""]",0,[],[],0,119,119,48,1,71,45,-35,95,9,-23,27,27,0,45.10727953,49.82636518,-4.719085645,-35,-23,-12,-0.54,0.49,-1.03,unconfounded,FALSE,,,,
,,,,,,54,male,Senior Manager,2025-08-18_14h30.26.107,lotterie_task,2024.2.4,Win32,7.496251874,626285ad898d0ce84c5e1184,68947058ad5ea3fc73912f3f,68a328b0ebf58746998ccfbc,,,,,,,,,,,,,,,,,,,,,[-0.33796296296296297],[0.03333333333333333],[1],[0],[0],[5.1195999999995365],"[""coins_b_3"",""coins_b_3""]",0,[],[],0,120,120,135,1,77,61,-18,90,60,-3,40,49,-9,41.52910626,38.75564475,2.773461509,-18,-3,-15,-0.63,-0.4,-0.23,confounded,FALSE,,,,
,,,,,,54,male,Senior Manager,2025-08-18_14h30.26.107,lotterie_task,2024.2.4,Win32,7.496251874,626285ad898d0ce84c5e1184,68947058ad5ea3fc73912f3f,68a328b0ebf58746998ccfbc,,,,,,,,,,,,,,,,,,,,,[-0.33796296296296297],[0.03425925925925926],[1],[0],[0],[2.7343000000005304],"[""coins_a_3"",""coins_a_3""]",0,[],[],0,121,121,106,1,74,46,-44,87,1,-39,25.33333333,16.33333333,9,50.34105901,52.56953068,-2.228471667,-44,-39,-5,-0.55,0.41,-0.96,unconfounded,FALSE,,,,
,,,,,,54,male,Senior Manager,2025-08-18_14h30.26.107,lotterie_task,2024.2.4,Win32,7.496251874,626285ad898d0ce84c5e1184,68947058ad5ea3fc73912f3f,68a328b0ebf58746998ccfbc,,,,,,,,,,,,,,,,,,,,,[0.3768518518518518],[0.008333333333333333],[1],[0],[0],[8.577400000000353],"[""coins_b_3"",""coins_b_3""]",0,[],[],0,122,122,21,1,76,42,-93,97,33,-87,8.333333333,14.33333333,-6,72.9855389,76.26853145,-3.282992543,-93,-87,-6,-0.59,-0.35,-0.24,unconfounded,FALSE,,,,
,,,,,,54,male,Senior Manager,2025-08-18_14h30.26.107,lotterie_task,2024.2.4,Win32,7.496251874,626285ad898d0ce84c5e1184,68947058ad5ea3fc73912f3f,68a328b0ebf58746998ccfbc,,,,,,,,,,,,,,,,,,,,,[-0.29074074074074074],[0.017592592592592594],[1],[0],[0],[5.297100000000455],"[""coins_a_3"",""coins_a_3""]",0,[],[],0,123,123,54,1,61,50,-88,94,11,-82,7.666666667,7.666666667,0,67.79544396,71.8903486,-4.094904639,-88,-82,-6,-0.69,-0.07,-0.62,unconfounded,FALSE,,,,
,,,,,,54,male,Senior Manager,2025-08-18_14h30.26.107,lotterie_task,2024.2.4,Win32,7.496251874,626285ad898d0ce84c5e1184,68947058ad5ea3fc73912f3f,68a328b0ebf58746998ccfbc,,,,,,,,,,,,,,,,,,,,,[-0.29074074074074074],[0.017592592592592594],[1],[0],[0],[4.598400000000538],"[""coins_a_3"",""coins_a_3""]",0,[],[],0,124,124,96,1,66,61,-25,89,4,-18,34,25,9,41.76920716,46.13747573,-4.368268571,-25,-18,-7,-0.7,0.59,-1.29,unconfounded,FALSE,,,,
,,,,,,54,male,Senior Manager,2025-08-18_14h30.26.107,lotterie_task,2024.2.4,Win32,7.496251874,626285ad898d0ce84c5e1184,68947058ad5ea3fc73912f3f,68a328b0ebf58746998ccfbc,,,,,,,,,,,,,,,,,,,,,[0.2574074074074074],[0.027777777777777776],[1],[0],[0],[4.107299999999668],"[""coins_b_3"",""coins_b_3""]",0,[],[],0,125,125,142,1,52,14,-16,53,17,-2,16.66666667,22.66666667,-6,27.82484901,22.80838053,5.01646848,-16,-2,-14,0.14,0.36,-0.22,confounded,FALSE,,,,
,,,,,,54,male,Senior Manager,2025-08-18_14h30.26.107,lotterie_task,2024.2.4,Win32,7.496251874,626285ad898d0ce84c5e1184,68947058ad5ea3fc73912f3f,68a328b0ebf58746998ccfbc,,,,,,,,,,,,,,,,,,,,,[-0.2074074074074074],[0.001851851851851852],[1],[0],[0],[9.574699999999211],"[""coins_b_3"",""coins_b_3""]",0,[],[],0,126,126,15,1,69,32,-47,87,24,-39,18,24,-6,48.38043682,51.4392846,-3.058847781,-47,-39,-8,-0.41,0,-0.41,unconfounded,FALSE,,,,
,,,,,,54,male,Senior Manager,2025-08-18_14h30.26.107,lotterie_task,2024.2.4,Win32,7.496251874,626285ad898d0ce84c5e1184,68947058ad5ea3fc73912f3f,68a328b0ebf58746998ccfbc,,,,,,,,,,,,,,,,,,,,,[-0.2074074074074074],[0.001851851851851852],[1],[0],[0],[7.436599999999544],"[""coins_a_3"",""coins_a_3""]",0,[],[],0,127,127,31,1,55,19,-13,73,1,-4,20.33333333,23.33333333,-3,27.77688887,35.17890782,-7.402018947,-13,-4,-9,0.07,0.7,-0.63,unconfounded,FALSE,,,,
,,,,,,54,male,Senior Manager,2025-08-18_14h30.26.107,lotterie_task,2024.2.4,Win32,7.496251874,626285ad898d0ce84c5e1184,68947058ad5ea3fc73912f3f,68a328b0ebf58746998ccfbc,,,,,,,,,,,,,,,,,,,,,[-0.2074074074074074],[0.001851851851851852],[1],[0],[0],[3.0781000000006316],"[""coins_a_3"",""coins_a_3""]",0,[],[],0,128,128,73,1,79,56,-16,99,19,-8,39.66666667,36.66666667,3,40.46672158,45.4337124,-4.966990816,-16,-8,-8,-0.54,0.52,-1.06,unconfounded,FALSE,,,,
,,,,,,54,male,Senior Manager,2025-08-18_14h30.26.107,lotterie_task,2024.2.4,Win32,7.496251874,626285ad898d0ce84c5e1184,68947058ad5ea3fc73912f3f,68a328b0ebf58746998ccfbc,,,,,,,,,,,,,,,,,,,,,[-0.2074074074074074],[0.001851851851851852],[1],[0],[0],[2.3841000000006716],"[""coins_b_3"",""coins_b_3""]",0,[],[],0,129,129,139,1,61,33,-71,68,40,-58,7.666666667,16.66666667,-9,56.78810517,54.02057221,2.767532958,-71,-58,-13,-0.58,-0.57,-0.01,confounded,FALSE,,,,
,,,,,,54,male,Senior Manager,2025-08-18_14h30.26.107,lotterie_task,2024.2.4,Win32,7.496251874,626285ad898d0ce84c5e1184,68947058ad5ea3fc73912f3f,68a328b0ebf58746998ccfbc,,,,,,,,,,,,,,,,,,,,,[0.36203703703703705],[0.003703703703703704],[1],[0],[0],[11.189799999999877],"[""coins_b_3"",""coins_b_3""]",0,[],[],0,130,130,110,1,84,73,-51,95,70,-41,35.33333333,41.33333333,-6,61.21183618,59.10630724,2.105528943,-51,-41,-10,-0.69,-0.61,-0.08,confounded,FALSE,,,,
,,,,,,54,male,Senior Manager,2025-08-18_14h30.26.107,lotterie_task,2024.2.4,Win32,7.496251874,626285ad898d0ce84c5e1184,68947058ad5ea3fc73912f3f,68a328b0ebf58746998ccfbc,,,,,,,,,,,,,,,,,,,,,[-0.2861111111111111],[-0.023148148148148147],[1],[0],[0],[3.213799999999992],"[""coins_a_3"",""coins_a_3""]",0,[],[],0,131,131,211,1,91,75,-12,94,55,-4,51.33333333,48.33333333,3,45.25728916,40.28509512,4.97219404,-12,-4,-8,-0.64,-0.24,-0.4,confounded,FALSE,,,,
,,,,,,54,male,Senior Manager,2025-08-18_14h30.26.107,lotterie_task,2024.2.4,Win32,7.496251874,626285ad898d0ce84c5e1184,68947058ad5ea3fc73912f3f,68a328b0ebf58746998ccfbc,,,,,,,,,,,,,,,,,,,,,[-0.22685185185185186],[-0.03148148148148148],[1],[0],[0],[6.716599999999744],"[""coins_b_3"",""coins_b_3""]",0,[],[],0,132,132,170,1,57,40,-94,70,21,-79,1,4,-3,67.53270812,62.00537611,5.527332014,-94,-79,-15,-0.67,-0.39,-0.28,confounded,FALSE,,,,
,,,,,,54,male,Senior Manager,2025-08-18_14h30.26.107,lotterie_task,2024.2.4,Win32,7.496251874,626285ad898d0ce84c5e1184,68947058ad5ea3fc73912f3f,68a328b0ebf58746998ccfbc,,,,,,,,,,,,,,,,,,,,,[-0.22685185185185186],[-0.03148148148148148],[1],[0],[0],[2.9004000000004453],"[""coins_b_3"",""coins_b_3""]",0,[],[],0,133,133,132,1,81,40,-65,84,42,-52,18.66666667,24.66666667,-6,61.48351179,56.85849883,4.625012964,-65,-52,-13,-0.48,-0.43,-0.05,confounded,FALSE,,,,
,,,,,,54,male,Senior Manager,2025-08-18_14h30.26.107,lotterie_task,2024.2.4,Win32,7.496251874,626285ad898d0ce84c5e1184,68947058ad5ea3fc73912f3f,68a328b0ebf58746998ccfbc,,,,,,,,,,,,,,,,,,,,,[-0.23055555555555557],[-0.030555555555555555],[1],[0],[0],[6.169500000000198],"[""coins_a_3"",""coins_a_3""]",0,[],[],0,134,134,175,1,67,65,-84,92,13,-75,16,10,6,70.71539201,68.21045863,2.504933376,-84,-75,-9,-0.71,-0.07,-0.64,confounded,FALSE,,,,
,,,,,,54,male,Senior Manager,2025-08-18_14h30.26.107,lotterie_task,2024.2.4,Win32,7.496251874,626285ad898d0ce84c5e1184,68947058ad5ea3fc73912f3f,68a328b0ebf58746998ccfbc,,,,,,,,,,,,,,,,,,,,,[-0.24814814814814815],[-0.03333333333333333],[1],[0],[0],[8.547200000000203],"[""coins_b_3"",""coins_b_3""]",0,[],[],0,135,135,123,1,82,65,-29,77,59,-18,39.33333333,39.33333333,0,48.81484292,41.20140235,7.613440566,-29,-18,-11,-0.64,-0.61,-0.03,confounded,FALSE,,,,
,,,,,,54,male,Senior Manager,2025-08-18_14h30.26.107,lotterie_task,2024.2.4,Win32,7.496251874,626285ad898d0ce84c5e1184,68947058ad5ea3fc73912f3f,68a328b0ebf58746998ccfbc,,,,,,,,,,,,,,,,,,,,,[0.3194444444444444],[-0.010185185185185186],[1],[0],[0],[2.9056000000007316],"[""coins_a_3"",""coins_a_3""]",0,[],[],0,136,136,158,1,82,78,-17,89,62,-11,47.66666667,46.66666667,1,45.75538827,42.24005471,3.515333554,-17,-11,-6,-0.7,-0.5,-0.2,confounded,FALSE,,,,
,,,,,,54,male,Senior Manager,2025-08-18_14h30.26.107,lotterie_task,2024.2.4,Win32,7.496251874,626285ad898d0ce84c5e1184,68947058ad5ea3fc73912f3f,68a328b0ebf58746998ccfbc,,,,,,,,,,,,,,,,,,,,,[0.3194444444444444],[-0.010185185185185186],[1],[0],[0],[15.071799999999712],"[""coins_a_3"",""coins_a_3""]",0,[],[],0,137,137,201,1,94,59,-24,99,39,-12,43,42,1,49.48400415,45.36518489,4.118819261,-24,-12,-12,-0.45,0.1,-0.55,confounded,FALSE,,,,
,,,,,,54,male,Senior Manager,2025-08-18_14h30.26.107,lotterie_task,2024.2.4,Win32,7.496251874,626285ad898d0ce84c5e1184,68947058ad5ea3fc73912f3f,68a328b0ebf58746998ccfbc,,,,,,,,,,,,,,,,,,,,,[0.28888888888888886],[0.03333333333333333],[1],[0],[0],[7.475100000000566],"[""coins_a_3"",""coins_a_3""]",0,[],[],0,138,138,155,1,81,75,-12,85,53,-3,48,45,3,42.49705872,36.36848453,6.128574196,-12,-3,-9,-0.7,-0.32,-0.38,confounded,FALSE,,,,
,,,,,,54,male,Senior Manager,2025-08-18_14h30.26.107,lotterie_task,2024.2.4,Win32,7.496251874,626285ad898d0ce84c5e1184,68947058ad5ea3fc73912f3f,68a328b0ebf58746998ccfbc,,,,,,,,,,,,,,,,,,,,,[-0.22314814814814815],[-0.04722222222222222],[1],[0],[0],[2.4111999999990985],"[""coins_a_3"",""coins_a_3""]",0,[],[],0,139,139,81,1,64,56,-58,94,9,-50,20.66666667,17.66666667,3,55.72152985,59.10630724,-3.384777389,-58,-50,-8,-0.7,0.22,-0.92,unconfounded,FALSE,,,,
,,,,,,54,male,Senior Manager,2025-08-18_14h30.26.107,lotterie_task,2024.2.4,Win32,7.496251874,626285ad898d0ce84c5e1184,68947058ad5ea3fc73912f3f,68a328b0ebf58746998ccfbc,,,,,,,,,,,,,,,,,,,,,[0.3527777777777778],[-0.005555555555555556],[1],[0],[0],[2.2276000000003933],"[""coins_a_3"",""coins_a_3""]",0,[],[],0,140,140,52,1,61,43,-79,96,2,-73,8.333333333,8.333333333,0,62.18967403,69.13915115,-6.949477127,-79,-73,-6,-0.66,0.14,-0.8,unconfounded,FALSE,,,,
,,,,,,54,male,Senior Manager,2025-08-18_14h30.26.107,lotterie_task,2024.2.4,Win32,7.496251874,626285ad898d0ce84c5e1184,68947058ad5ea3fc73912f3f,68a328b0ebf58746998ccfbc,,,,,,,,,,,,,,,,,,,,,[0.35462962962962963],[-0.004629629629629629],[1],[0],[0],[2.209400000000187],"[""coins_a_3"",""coins_a_3""]",0,[],[],0,141,141,85,1,89,46,-17,99,10,-9,39.33333333,33.33333333,6,43.53032149,47.07676945,-3.546447966,-17,-9,-8,-0.23,0.62,-0.85,unconfounded,FALSE,,,,
,,,,,,54,male,Senior Manager,2025-08-18_14h30.26.107,lotterie_task,2024.2.4,Win32,7.496251874,626285ad898d0ce84c5e1184,68947058ad5ea3fc73912f3f,68a328b0ebf58746998ccfbc,,,,,,,,,,,,,,,,,,,,,[0.37037037037037035],[0.027777777777777776],[1],[0],[0],[9.321599999999535],"[""coins_b_3"",""coins_b_3""]",0,[],[],0,142,142,166,1,88,64,-15,89,47,-2,45.66666667,44.66666667,1,44.00252518,37.18721405,6.815311129,-15,-2,-13,-0.55,-0.09,-0.46,confounded,FALSE,,,,
,,,,,,54,male,Senior Manager,2025-08-18_14h30.26.107,lotterie_task,2024.2.4,Win32,7.496251874,626285ad898d0ce84c5e1184,68947058ad5ea3fc73912f3f,68a328b0ebf58746998ccfbc,,,,,,,,,,,,,,,,,,,,,[-0.29444444444444445],[-0.030555555555555555],[1],[0],[0],[6.880100000000539],"[""coins_a_3"",""coins_a_3""]",0,[],[],0,143,143,38,1,52,25,-28,65,9,-22,16.33333333,17.33333333,-1,33.22983933,36.00308629,-2.773246953,-28,-22,-6,-0.37,0.33,-0.7,unconfounded,FALSE,,,,
,,,,,,54,male,Senior Manager,2025-08-18_14h30.26.107,lotterie_task,2024.2.4,Win32,7.496251874,626285ad898d0ce84c5e1184,68947058ad5ea3fc73912f3f,68a328b0ebf58746998ccfbc,,,,,,,,,,,,,,,,,,,,,[0.29259259259259257],[-0.013888888888888888],[1],[0],[0],[12.800799999999981],"[""coins_a_3"",""coins_a_3""]",0,[],[],0,144,144,57,1,39,29,-22,58,1,-13,15.33333333,15.33333333,0,26.71246068,30.70649587,-3.994035195,-22,-13,-9,-0.63,0.6,-1.23,unconfounded,FALSE,,,,
,,,,,,54,male,Senior Manager,2025-08-18_14h30.26.107,lotterie_task,2024.2.4,Win32,7.496251874,626285ad898d0ce84c5e1184,68947058ad5ea3fc73912f3f,68a328b0ebf58746998ccfbc,,,,,,,,,,,,,,,,,,,,,[0.29259259259259257],[-0.013888888888888888],[1],[0],[0],[3.6075000000000728],"[""coins_a_3"",""coins_a_3""]",0,[],[],0,145,145,76,1,58,49,-41,85,1,-29,22,19,3,44.69899328,48.24935233,-3.55035905,-41,-29,-12,-0.69,0.51,-1.2,unconfounded,FALSE,,,,
,,,,,,54,male,Senior Manager,2025-08-18_14h30.26.107,lotterie_task,2024.2.4,Win32,7.496251874,626285ad898d0ce84c5e1184,68947058ad5ea3fc73912f3f,68a328b0ebf58746998ccfbc,,,,,,,,,,,,,,,,,,,,,[0.29259259259259257],[-0.013888888888888888],[1],[0],[0],[7.023599999999533],"[""coins_b_3"",""coins_b_3""]",0,[],[],0,146,146,145,1,81,8,-35,75,6,-24,18,19,-1,47.88179891,41.44876355,6.433035356,-35,-24,-11,0.3,0.44,-0.14,confounded,FALSE,,,,
,,,,,,54,male,Senior Manager,2025-08-18_14h30.26.107,lotterie_task,2024.2.4,Win32,7.496251874,626285ad898d0ce84c5e1184,68947058ad5ea3fc73912f3f,68a328b0ebf58746998ccfbc,,,,,,,,,,,,,,,,,,,,,[0.24537037037037038],[0.020370370370370372],[1],[0],[0],[11.52510000000052],"[""coins_b_3"",""coins_b_3""]",0,[],[],0,147,147,126,1,79,27,-34,70,26,-24,24,24,0,46.18080409,38.40138886,7.779415229,-34,-24,-10,-0.1,-0.08,-0.02,confounded,FALSE,,,,
,,,,,,54,male,Senior Manager,2025-08-18_14h30.26.107,lotterie_task,2024.2.4,Win32,7.496251874,626285ad898d0ce84c5e1184,68947058ad5ea3fc73912f3f,68a328b0ebf58746998ccfbc,,,,,,,,,,,,,,,,,,,,,[-0.20277777777777778],[-0.024074074074074074],[1],[0],[0],[3.951100000000679],"[""coins_b_3"",""coins_b_3""]",0,[],[],0,148,148,219,1,65,50,-10,72,55,-4,35,41,6,900,860,-40,10,4,-6,-0.2,0.05,0.25,confounded,TRUE,,,,
,,,,,,54,male,Senior Manager,2025-08-18_14h30.26.107,lotterie_task,2024.2.4,Win32,7.496251874,626285ad898d0ce84c5e1184,68947058ad5ea3fc73912f3f,68a328b0ebf58746998ccfbc,,,,,,,,,,,,,,,,,,,,,[-0.20277777777777778],[-0.024074074074074074],[1],[0],[0],[6.538200000000188],"[""coins_a_3"",""coins_a_3""]",0,[],[],0,149,149,45,1,65,38,-26,81,20,-21,25.66666667,26.66666667,-1,38.16047985,41.90730512,-3.74682527,-26,-21,-5,-0.45,0.23,-0.68,unconfounded,FALSE,,,,
,,,,,,54,male,Senior Manager,2025-08-18_14h30.26.107,lotterie_task,2024.2.4,Win32,7.496251874,626285ad898d0ce84c5e1184,68947058ad5ea3fc73912f3f,68a328b0ebf58746998ccfbc,,,,,,,,,,,,,,,,,,,,,[-0.20277777777777778],[-0.024074074074074074],[1],[0],[0],[2.758399999999483],"[""coins_a_3"",""coins_a_3""]",0,[],[],0,150,150,203,1,79,76,-68,85,37,-62,29,20,9,68.60029154,61.20457499,7.395716552,-68,-62,-6,-0.71,-0.4,-0.31,confounded,FALSE,,,,
,,,,,,54,male,Senior Manager,2025-08-18_14h30.26.107,lotterie_task,2024.2.4,Win32,7.496251874,626285ad898d0ce84c5e1184,68947058ad5ea3fc73912f3f,68a328b0ebf58746998ccfbc,,,,,,,,,,,,,,,,,,,,,[-0.19814814814814816],[-0.004629629629629629],[1],[0],[0],[18.181400000000167],"[""coins_a_3"",""coins_a_3""]",0,[],[],0,151,151,28,1,81,32,-83,99,17,-77,10,13,-3,68.73621074,71.90734779,-3.171137055,-83,-77,-6,-0.45,-0.08,-0.37,unconfounded,FALSE,,,,
,,,,,,54,male,Senior Manager,2025-08-18_14h30.26.107,lotterie_task,2024.2.4,Win32,7.496251874,626285ad898d0ce84c5e1184,68947058ad5ea3fc73912f3f,68a328b0ebf58746998ccfbc,,,,,,,,,,,,,,,,,,,,,[0.3435185185185185],[0.004629629629629629],[1],[0],[0],[2.689000000000078],"[""coins_a_3"",""coins_a_3""]",0,[],[],0,152,152,37,1,62,50,-83,92,15,-75,9.666666667,10.66666667,-1,65.70810875,68.24628602,-2.53817727,-83,-75,-8,-0.69,-0.09,-0.6,unconfounded,FALSE,,,,
,,,,,,54,male,Senior Manager,2025-08-18_14h30.26.107,lotterie_task,2024.2.4,Win32,7.496251874,626285ad898d0ce84c5e1184,68947058ad5ea3fc73912f3f,68a328b0ebf58746998ccfbc,,,,,,,,,,,,,,,,,,,,,[-0.3851851851851852],[-0.010185185185185186],[1],[0],[0],[10.659700000000157],"[""coins_b_3"",""coins_b_3""]",0,[],[],0,153,153,35,1,74,30,-33,93,7,-20,23.66666667,26.66666667,-3,43.91152721,48.18252334,-4.270996128,-33,-20,-13,-0.21,0.54,-0.75,unconfounded,FALSE,,,,
,,,,,,54,male,Senior Manager,2025-08-18_14h30.26.107,lotterie_task,2024.2.4,Win32,7.496251874,626285ad898d0ce84c5e1184,68947058ad5ea3fc73912f3f,68a328b0ebf58746998ccfbc,,,,,,,,,,,,,,,,,,,,,[0.3194444444444444],[0.019444444444444445],[1],[0],[0],[7.2500999999997475],"[""coins_b_3"",""coins_b_3""]",0,[],[],0,154,154,122,1,48,42,-20,63,30,-5,23.33333333,29.33333333,-6,30.73904502,27.7648859,2.974159125,-20,-5,-15,-0.69,-0.04,-0.65,confounded,FALSE,,,,
,,,,,,54,male,Senior Manager,2025-08-18_14h30.26.107,lotterie_task,2024.2.4,Win32,7.496251874,626285ad898d0ce84c5e1184,68947058ad5ea3fc73912f3f,68a328b0ebf58746998ccfbc,,,,,,,,,,,,,,,,,,,,,[0.3194444444444444],[0.019444444444444445],[1],[0],[0],[5.87279999999987],"[""coins_b_3"",""coins_b_3""]",0,[],[],0,155,155,147,1,88,81,-45,99,73,-30,41.33333333,47.33333333,-6,61.11373732,55.70358058,5.410156742,-45,-30,-15,-0.7,-0.59,-0.11,confounded,FALSE,,,,
,,,,,,54,male,Senior Manager,2025-08-18_14h30.26.107,lotterie_task,2024.2.4,Win32,7.496251874,626285ad898d0ce84c5e1184,68947058ad5ea3fc73912f3f,68a328b0ebf58746998ccfbc,,,,,,,,,,,,,,,,,,,,,[0.32037037037037036],[0.003703703703703704],[1],[0],[0],[4.49340000000052],"[""coins_a_3"",""coins_a_3""]",0,[],[],0,156,156,105,1,56,53,-14,73,2,-7,31.66666667,22.66666667,9,32.31442746,35.78019316,-3.465765693,-14,-7,-7,-0.7,0.67,-1.37,unconfounded,FALSE,,,,
,,,,,,54,male,Senior Manager,2025-08-18_14h30.26.107,lotterie_task,2024.2.4,Win32,7.496251874,626285ad898d0ce84c5e1184,68947058ad5ea3fc73912f3f,68a328b0ebf58746998ccfbc,,,,,,,,,,,,,,,,,,,,,[0.32037037037037036],[0.003703703703703704],[1],[0],[0],[17.65300000000002],"[""coins_a_3"",""coins_a_3""]",0,[],[],0,157,157,29,1,57,55,-50,97,16,-42,20.66666667,23.66666667,-3,49.97554958,57.00487309,-7.029323509,-50,-42,-8,-0.71,0.2,-0.91,unconfounded,FALSE,,,,
,,,,,,54,male,Senior Manager,2025-08-18_14h30.26.107,lotterie_task,2024.2.4,Win32,7.496251874,626285ad898d0ce84c5e1184,68947058ad5ea3fc73912f3f,68a328b0ebf58746998ccfbc,,,,,,,,,,,,,,,,,,,,,[0.32037037037037036],[0.003703703703703704],[1],[0],[0],[4.607600000000502],"[""coins_b_3"",""coins_b_3""]",0,[],[],0,158,158,217,1,60,33,-12,66,40,-5,27,33.67,6.67,868.67,822.89,-45.78,12,5,-7,-0.1,0.1,0.2,unconfounded,TRUE,,,,
,,,,,,54,male,Senior Manager,2025-08-18_14h30.26.107,lotterie_task,2024.2.4,Win32,7.496251874,626285ad898d0ce84c5e1184,68947058ad5ea3fc73912f3f,68a328b0ebf58746998ccfbc,,,,,,,,,,,,,,,,,,,,,[-0.2777777777777778],[0.012037037037037037],[1],[0],[0],[6.018400000000383],"[""coins_b_3"",""coins_b_3""]",0,[],[],0,159,159,112,1,62,49,-44,69,55,-30,22.33333333,31.33333333,-9,47.20404879,43.74420597,3.459842825,-44,-30,-14,-0.67,-0.65,-0.02,confounded,FALSE,,,,
,,,,,,54,male,Senior Manager,2025-08-18_14h30.26.107,lotterie_task,2024.2.4,Win32,7.496251874,626285ad898d0ce84c5e1184,68947058ad5ea3fc73912f3f,68a328b0ebf58746998ccfbc,,,,,,,,,,,,,,,,,,,,,[-0.2777777777777778],[0.012037037037037037],[1],[0],[0],[2.7159000000003743],"[""coins_a_3"",""coins_a_3""]",0,[],[],0,160,160,62,1,71,48,-19,96,7,-6,33.33333333,32.33333333,1,38.17794593,45.33088229,-7.152936355,-19,-6,-13,-0.52,0.66,-1.18,unconfounded,FALSE,,,,
,,,,,,54,male,Senior Manager,2025-08-18_14h30.26.107,lotterie_task,2024.2.4,Win32,7.496251874,626285ad898d0ce84c5e1184,68947058ad5ea3fc73912f3f,68a328b0ebf58746998ccfbc,,,,,,,,,,,,,,,,,,,,,[-0.2777777777777778],[0.012037037037037037],[1],[0],[0],[4.134100000000444],"[""coins_a_3"",""coins_a_3""]",0,[],[],0,161,161,92,1,83,40,-8,91,7,-1,38.33333333,32.33333333,6,37.16928242,41.61196409,-4.442681672,-8,-1,-7,-0.07,0.69,-0.76,unconfounded,FALSE,,,,
,,,,,,54,male,Senior Manager,2025-08-18_14h30.26.107,lotterie_task,2024.2.4,Win32,7.496251874,626285ad898d0ce84c5e1184,68947058ad5ea3fc73912f3f,68a328b0ebf58746998ccfbc,,,,,,,,,,,,,,,,,,,,,[0.3907407407407407],[0.0712962962962963],[1],[0],[0],[6.92659999999978],"[""coins_b_3"",""coins_b_3""]",0,[],[],0,162,162,3,1,60,34,-88,93,15,-75,2,11,-9,64.51873113,68.64400921,-4.125278077,-88,-75,-13,-0.62,-0.09,-0.53,unconfounded,FALSE,,,,
,,,,,,54,male,Senior Manager,2025-08-18_14h30.26.107,lotterie_task,2024.2.4,Win32,7.496251874,626285ad898d0ce84c5e1184,68947058ad5ea3fc73912f3f,68a328b0ebf58746998ccfbc,,,,,,,,,,,,,,,,,,,,,[0.3907407407407407],[0.0712962962962963],[1],[0],[0],[3.5338999999994485],"[""coins_a_3"",""coins_a_3""]",0,[],[],0,163,163,14,1,70,55,-15,99,30,-1,36.66666667,42.66666667,-6,37.04351795,41.7957999,-4.752281944,-15,-1,-14,-0.62,0.43,-1.05,unconfounded,FALSE,,,,
,,,,,,54,male,Senior Manager,2025-08-18_14h30.26.107,lotterie_task,2024.2.4,Win32,7.496251874,626285ad898d0ce84c5e1184,68947058ad5ea3fc73912f3f,68a328b0ebf58746998ccfbc,,,,,,,,,,,,,,,,,,,,,[0.3907407407407407],[0.0712962962962963],[1],[0],[0],[2.57770000000005],"[""coins_a_3"",""coins_a_3""]",1,[1616.44],[1616.44],0,164,164,94,1,72,70,-17,94,24,-11,41.66666667,35.66666667,6,41.49163236,43.65266951,-2.161037156,-17,-11,-6,-0.71,0.38,-1.09,unconfounded,FALSE,,,,
,,,,,,54,male,Senior Manager,2025-08-18_14h30.26.107,lotterie_task,2024.2.4,Win32,7.496251874,626285ad898d0ce84c5e1184,68947058ad5ea3fc73912f3f,68a328b0ebf58746998ccfbc,,,,,,,,,,,,,,,,,,,,,[0.32407407407407407],[0.03425925925925926],[1],[0],[0],[3.1066999999991367],"[""coins_a_3"",""coins_a_3""]",0,[],[],0,165,165,82,1,64,57,-33,97,1,-19,29.33333333,26.33333333,3,44.16886787,50.63156679,-6.46269892,-33,-19,-14,-0.69,0.63,-1.32,unconfounded,FALSE,,,,
,,,,,,54,male,Senior Manager,2025-08-18_14h30.26.107,lotterie_task,2024.2.4,Win32,7.496251874,626285ad898d0ce84c5e1184,68947058ad5ea3fc73912f3f,68a328b0ebf58746998ccfbc,,,,,,,,,,,,,,,,,,,,,[-0.25462962962962965],[0.032407407407407406],[1],[0],[0],[7.027700000000095],"[""coins_a_3"",""coins_a_3""]",0,[],[],0,166,166,61,1,58,54,-47,89,7,-34,21.66666667,20.66666667,1,48.58211834,51.13598429,-2.553865948,-47,-34,-13,-0.7,0.38,-1.08,unconfounded,FALSE,,,,
,,,,,,54,male,Senior Manager,2025-08-18_14h30.26.107,lotterie_task,2024.2.4,Win32,7.496251874,626285ad898d0ce84c5e1184,68947058ad5ea3fc73912f3f,68a328b0ebf58746998ccfbc,,,,,,,,,,,,,,,,,,,,,[0.32685185185185184],[0.03425925925925926],[1],[0],[0],[9.768400000000383],"[""coins_b_3"",""coins_b_3""]",0,[],[],0,167,167,5,1,45,38,-33,83,15,-21,16.66666667,25.66666667,-9,35.23571421,43.12256434,-7.886850138,-33,-21,-12,-0.69,0.36,-1.05,unconfounded,FALSE,,,,
,,,,,,54,male,Senior Manager,2025-08-18_14h30.26.107,lotterie_task,2024.2.4,Win32,7.496251874,626285ad898d0ce84c5e1184,68947058ad5ea3fc73912f3f,68a328b0ebf58746998ccfbc,,,,,,,,,,,,,,,,,,,,,[0.32685185185185184],[0.03425925925925926],[1],[0],[0],[4.1189999999999145],"[""coins_a_3"",""coins_a_3""]",0,[],[],0,168,168,187,1,66,64,-14,70,50,-1,38.66666667,39.66666667,-1,37.24990679,29.89239963,7.357507157,-14,-1,-13,-0.71,-0.48,-0.23,confounded,FALSE,,,,
,,,,,,54,male,Senior Manager,2025-08-18_14h30.26.107,lotterie_task,2024.2.4,Win32,7.496251874,626285ad898d0ce84c5e1184,68947058ad5ea3fc73912f3f,68a328b0ebf58746998ccfbc,,,,,,,,,,,,,,,,,,,,,[0.38796296296296295],[0.037037037037037035],[1],[0],[0],[13.489799999999832],"[""coins_b_3"",""coins_b_3""]",0,[],[],0,169,169,190,1,87,69,-31,91,47,-16,41.66666667,40.66666667,1,51.90589776,43.91152721,7.994370546,-31,-16,-15,-0.64,-0.21,-0.43,confounded,FALSE,,,,
,,,,,,54,male,Senior Manager,2025-08-18_14h30.26.107,lotterie_task,2024.2.4,Win32,7.496251874,626285ad898d0ce84c5e1184,68947058ad5ea3fc73912f3f,68a328b0ebf58746998ccfbc,,,,,,,,,,,,,,,,,,,,,[0.38796296296296295],[0.037037037037037035],[1],[0],[0],[3.5987999999997555],"[""coins_a_3"",""coins_a_3""]",0,[],[],0,170,170,146,1,90,19,-42,81,3,-35,22.33333333,16.33333333,6,53.94029621,48.2861839,5.654112314,-42,-35,-7,0.09,0.39,-0.3,confounded,FALSE,,,,
,,,,,,54,male,Senior Manager,2025-08-18_14h30.26.107,lotterie_task,2024.2.4,Win32,7.496251874,626285ad898d0ce84c5e1184,68947058ad5ea3fc73912f3f,68a328b0ebf58746998ccfbc,,,,,,,,,,,,,,,,,,,,,[-0.3453703703703704],[0.007407407407407408],[1],[0],[0],[18.32759999999962],"[""coins_b_3"",""coins_b_3""]",0,[],[],0,171,171,32,1,52,48,-39,83,15,-28,20.33333333,23.33333333,-3,41.9867704,45.69707017,-3.710299768,-39,-28,-11,-0.7,0.27,-0.97,unconfounded,FALSE,,,,
,,,,,,54,male,Senior Manager,2025-08-18_14h30.26.107,lotterie_task,2024.2.4,Win32,7.496251874,626285ad898d0ce84c5e1184,68947058ad5ea3fc73912f3f,68a328b0ebf58746998ccfbc,,,,,,,,,,,,,,,,,,,,,[0.2777777777777778],[0.06851851851851852],[1],[0],[0],[7.8958999999995285],"[""coins_a_3"",""coins_a_3""]",0,[],[],0,172,172,140,1,89,83,-40,98,60,-26,44,44,0,59.44745579,51.87163644,7.575819354,-40,-26,-14,-0.7,-0.43,-0.27,confounded,FALSE,,,,
,,,,,,54,male,Senior Manager,2025-08-18_14h30.26.107,lotterie_task,2024.2.4,Win32,7.496251874,626285ad898d0ce84c5e1184,68947058ad5ea3fc73912f3f,68a328b0ebf58746998ccfbc,,,,,,,,,,,,,,,,,,,,,[0.2962962962962963],[0.040740740740740744],[1],[0],[0],[2.572499999999991],"[""coins_a_3"",""coins_a_3""]",0,[],[],0,173,173,91,1,76,48,-37,99,1,-31,29,23,6,48.04858652,55.30521374,-7.256627218,-37,-31,-6,-0.53,0.53,-1.06,unconfounded,FALSE,,,,
,,,,,,54,male,Senior Manager,2025-08-18_14h30.26.107,lotterie_task,2024.2.4,Win32,7.496251874,626285ad898d0ce84c5e1184,68947058ad5ea3fc73912f3f,68a328b0ebf58746998ccfbc,,,,,,,,,,,,,,,,,,,,,[-0.21296296296296297],[-0.007407407407407408],[1],[0],[0],[2.2371999999991203],"[""coins_a_3"",""coins_a_3""]",0,[],[],0,174,174,180,1,89,74,-13,90,55,-4,50,47,3,44.96665431,38.79003308,6.176621228,-13,-4,-9,-0.65,-0.3,-0.35,confounded,FALSE,,,,
,,,,,,54,male,Senior Manager,2025-08-18_14h30.26.107,lotterie_task,2024.2.4,Win32,7.496251874,626285ad898d0ce84c5e1184,68947058ad5ea3fc73912f3f,68a328b0ebf58746998ccfbc,,,,,,,,,,,,,,,,,,,,,[-0.21574074074074073],[0.018518518518518517],[1],[0],[0],[6.605799999999817],"[""coins_a_3"",""coins_a_3""]",0,[],[],0,175,175,156,1,82,57,-23,90,38,-9,38.66666667,39.66666667,-1,44.78342948,40.43375927,4.349670203,-23,-9,-14,-0.55,0.06,-0.61,confounded,FALSE,,,,
,,,,,,54,male,Senior Manager,2025-08-18_14h30.26.107,lotterie_task,2024.2.4,Win32,7.496251874,626285ad898d0ce84c5e1184,68947058ad5ea3fc73912f3f,68a328b0ebf58746998ccfbc,,,,,,,,,,,,,,,,,,,,,[-0.2222222222222222],[0.023148148148148147],[1],[0],[0],[4.0952000000002045],"[""coins_b_3"",""coins_b_3""]",0,[],[],0,176,176,143,1,49,11,-37,57,15,-22,7.666666667,16.66666667,-9,35.18838192,32.27313985,2.915242074,-37,-22,-15,-0.14,0.08,-0.22,confounded,FALSE,,,,
,,,,,,54,male,Senior Manager,2025-08-18_14h30.26.107,lotterie_task,2024.2.4,Win32,7.496251874,626285ad898d0ce84c5e1184,68947058ad5ea3fc73912f3f,68a328b0ebf58746998ccfbc,,,,,,,,,,,,,,,,,,,,,[0.36944444444444446],[0.022222222222222223],[1],[0],[0],[4.525299999999788],"[""coins_b_3"",""coins_b_3""]",0,[],[],0,177,177,108,1,57,2,-48,64,9,-35,3.666666667,12.66666667,-9,42.88226777,40.49965706,2.382610705,-48,-35,-13,0.06,0.14,-0.08,confounded,FALSE,,,,
,,,,,,54,male,Senior Manager,2025-08-18_14h30.26.107,lotterie_task,2024.2.4,Win32,7.496251874,626285ad898d0ce84c5e1184,68947058ad5ea3fc73912f3f,68a328b0ebf58746998ccfbc,,,,,,,,,,,,,,,,,,,,,[0.36944444444444446],[0.022222222222222223],[1],[0],[0],[2.895999999999958],"[""coins_a_3"",""coins_a_3""]",0,[],[],0,178,178,144,1,95,89,-13,98,73,-3,57,56,1,49.55804677,42.94958285,6.608463927,-13,-3,-10,-0.7,-0.53,-0.17,confounded,FALSE,,,,
,,,,,,54,male,Senior Manager,2025-08-18_14h30.26.107,lotterie_task,2024.2.4,Win32,7.496251874,626285ad898d0ce84c5e1184,68947058ad5ea3fc73912f3f,68a328b0ebf58746998ccfbc,,,,,,,,,,,,,,,,,,,,,[-0.2638888888888889],[-0.013888888888888888],[1],[0],[0],[9.360400000000482],"[""coins_b_3"",""coins_b_3""]",0,[],[],0,179,179,160,1,98,40,-65,99,32,-55,24.33333333,25.33333333,-1,67.46027638,63.04671989,4.413556487,-65,-55,-10,-0.34,-0.16,-0.18,confounded,FALSE,,,,
,,,,,,54,male,Senior Manager,2025-08-18_14h30.26.107,lotterie_task,2024.2.4,Win32,7.496251874,626285ad898d0ce84c5e1184,68947058ad5ea3fc73912f3f,68a328b0ebf58746998ccfbc,,,,,,,,,,,,,,,,,,,,,[-0.2638888888888889],[-0.013888888888888888],[1],[0],[0],[6.350299999999834],"[""coins_b_3"",""coins_b_3""]",0,[],[],0,180,180,164,1,78,18,-86,77,22,-71,3.333333333,9.333333333,-6,67.75117875,61.08100268,6.670176067,-86,-71,-15,-0.31,-0.3,-0.01,confounded,FALSE,,,,
,,,,,,54,male,Senior Manager,2025-08-18_14h30.26.107,lotterie_task,2024.2.4,Win32,7.496251874,626285ad898d0ce84c5e1184,68947058ad5ea3fc73912f3f,68a328b0ebf58746998ccfbc,,,,,,,,,,,,,,,,,,,,,[0.34074074074074073],[0.011111111111111112],[1],[0],[0],[2.7395999999996548],"[""coins_a_3"",""coins_a_3""]",0,[],[],0,181,181,151,1,95,77,-55,97,48,-46,39,33,6,66.87301399,59.33520596,7.537808026,-55,-46,-9,-0.67,-0.36,-0.31,confounded,FALSE,,,,
,,,,,,54,male,Senior Manager,2025-08-18_14h30.26.107,lotterie_task,2024.2.4,Win32,7.496251874,626285ad898d0ce84c5e1184,68947058ad5ea3fc73912f3f,68a328b0ebf58746998ccfbc,,,,,,,,,,,,,,,,,,,,,[0.337037037037037],[0.009259259259259259],[1],[0],[0],[4.305299999999761],"[""coins_a_3"",""coins_a_3""]",0,[],[],0,182,182,65,1,66,40,-29,84,13,-23,25.66666667,24.66666667,1,40.08601862,44.45472103,-4.368702413,-29,-23,-6,-0.49,0.38,-0.87,unconfounded,FALSE,,,,
,,,,,,54,male,Senior Manager,2025-08-18_14h30.26.107,lotterie_task,2024.2.4,Win32,7.496251874,626285ad898d0ce84c5e1184,68947058ad5ea3fc73912f3f,68a328b0ebf58746998ccfbc,,,,,,,,,,,,,,,,,,,,,[0.337037037037037],[0.009259259259259259],[1],[0],[0],[2.9637999999997646],"[""coins_a_3"",""coins_a_3""]",0,[],[],0,183,183,84,1,70,60,-28,92,11,-19,34,28,6,44.0302926,46.88283268,-2.852540076,-28,-19,-9,-0.68,0.5,-1.18,unconfounded,FALSE,,,,
,,,,,,54,male,Senior Manager,2025-08-18_14h30.26.107,lotterie_task,2024.2.4,Win32,7.496251874,626285ad898d0ce84c5e1184,68947058ad5ea3fc73912f3f,68a328b0ebf58746998ccfbc,,,,,,,,,,,,,,,,,,,,,[-0.47314814814814815],[0.040740740740740744],[1],[0],[0],[10.029099999999744],"[""coins_b_3"",""coins_b_3""]",0,[],[],0,184,184,18,1,48,36,-33,76,20,-27,17,23,-6,35.6931366,42.10304819,-6.409911592,-33,-27,-6,-0.65,0.11,-0.76,unconfounded,FALSE,,,,
,,,,,,54,male,Senior Manager,2025-08-18_14h30.26.107,lotterie_task,2024.2.4,Win32,7.496251874,626285ad898d0ce84c5e1184,68947058ad5ea3fc73912f3f,68a328b0ebf58746998ccfbc,,,,,,,,,,,,,,,,,,,,,[-0.29444444444444445],[0.017592592592592594],[1],[0],[0],[10.890599999999495],"[""coins_a_3"",""coins_a_3""]",0,[],[],0,185,185,209,1,86,67,-20,98,40,-5,44.33333333,44.33333333,0,46.14710777,42.16106682,3.986040948,-20,-5,-15,-0.62,0.15,-0.77,confounded,FALSE,,,,
,,,,,,54,male,Senior Manager,2025-08-18_14h30.26.107,lotterie_task,2024.2.4,Win32,7.496251874,626285ad898d0ce84c5e1184,68947058ad5ea3fc73912f3f,68a328b0ebf58746998ccfbc,,,,,,,,,,,,,,,,,,,,,[0.3148148148148148],[0.016666666666666666],[1],[0],[0],[4.86629999999991],"[""coins_a_3"",""coins_a_3""]",0,[],[],0,186,186,83,1,52,41,-26,71,1,-14,22.33333333,19.33333333,3,34.47059939,37.04351795,-2.572918563,-26,-14,-12,-0.65,0.62,-1.27,unconfounded,FALSE,,,,
,,,,,,54,male,Senior Manager,2025-08-18_14h30.26.107,lotterie_task,2024.2.4,Win32,7.496251874,626285ad898d0ce84c5e1184,68947058ad5ea3fc73912f3f,68a328b0ebf58746998ccfbc,,,,,,,,,,,,,,,,,,,,,[-0.2037037037037037],[0.03333333333333333],[1],[0],[0],[6.896200000000135],"[""coins_a_3"",""coins_a_3""]",0,[],[],0,187,187,75,1,63,45,-19,81,8,-9,29.66666667,26.66666667,3,35.18838192,39.04128869,-3.852906764,-19,-9,-10,-0.57,0.61,-1.18,unconfounded,FALSE,,,,
,,,,,,54,male,Senior Manager,2025-08-18_14h30.26.107,lotterie_task,2024.2.4,Win32,7.496251874,626285ad898d0ce84c5e1184,68947058ad5ea3fc73912f3f,68a328b0ebf58746998ccfbc,,,,,,,,,,,,,,,,,,,,,[0.4648148148148148],[0.03333333333333333],[1],[0],[0],[8.694600000000719],"[""coins_a_3"",""coins_a_3""]",0,[],[],0,188,188,128,1,89,67,-17,87,61,-12,46.33333333,45.33333333,1,45.67518169,41.90730512,3.76787657,-17,-12,-5,-0.59,-0.51,-0.08,confounded,FALSE,,,,
,,,,,,54,male,Senior Manager,2025-08-18_14h30.26.107,lotterie_task,2024.2.4,Win32,7.496251874,626285ad898d0ce84c5e1184,68947058ad5ea3fc73912f3f,68a328b0ebf58746998ccfbc,,,,,,,,,,,,,,,,,,,,,[-0.2898148148148148],[0.011111111111111112],[1],[0],[0],[4.796199999999317],"[""coins_a_3"",""coins_a_3""]",0,[],[],0,189,189,179,1,96,61,-17,93,41,-3,46.66666667,43.66666667,3,47.23228651,39.23717059,7.995115924,-17,-3,-14,-0.43,0.1,-0.53,confounded,FALSE,,,,
,,,,,,54,male,Senior Manager,2025-08-18_14h30.26.107,lotterie_task,2024.2.4,Win32,7.496251874,626285ad898d0ce84c5e1184,68947058ad5ea3fc73912f3f,68a328b0ebf58746998ccfbc,,,,,,,,,,,,,,,,,,,,,[-0.2898148148148148],[0.011111111111111112],[1],[0],[0],[4.762799999999743],"[""coins_a_3"",""coins_a_3""]",0,[],[],0,190,190,97,1,77,67,-13,98,10,-4,43.66666667,34.66666667,9,40.27681991,45.14667454,-4.86985463,-13,-4,-9,-0.67,0.66,-1.33,unconfounded,FALSE,,,,
,,,,,,54,male,Senior Manager,2025-08-18_14h30.26.107,lotterie_task,2024.2.4,Win32,7.496251874,626285ad898d0ce84c5e1184,68947058ad5ea3fc73912f3f,68a328b0ebf58746998ccfbc,,,,,,,,,,,,,,,,,,,,,[0.2796296296296296],[0.013888888888888888],[1],[0],[0],[12.08269999999925],"[""coins_a_3"",""coins_a_3""]",0,[],[],0,191,191,51,1,56,39,-78,85,2,-70,5.666666667,5.666666667,0,59.56695579,63.33157892,-3.764623132,-78,-70,-8,-0.66,0.09,-0.75,unconfounded,FALSE,,,,
,,,,,,54,male,Senior Manager,2025-08-18_14h30.26.107,lotterie_task,2024.2.4,Win32,7.496251874,626285ad898d0ce84c5e1184,68947058ad5ea3fc73912f3f,68a328b0ebf58746998ccfbc,,,,,,,,,,,,,,,,,,,,,[0.2796296296296296],[0.013888888888888888],[1],[0],[0],[6.15529999999967],"[""coins_a_3"",""coins_a_3""]",0,[],[],0,192,192,58,1,65,46,-24,88,13,-14,29,29,0,38.27096375,43.15089802,-4.879934267,-24,-14,-10,-0.58,0.51,-1.09,unconfounded,FALSE,,,,
,,,,,,54,male,Senior Manager,2025-08-18_14h30.26.107,lotterie_task,2024.2.4,Win32,7.496251874,626285ad898d0ce84c5e1184,68947058ad5ea3fc73912f3f,68a328b0ebf58746998ccfbc,,,,,,,,,,,,,,,,,,,,,[-0.22685185185185186],[0.018518518518518517],[1],[0],[0],[12.29619999999909],"[""coins_b_3"",""coins_b_3""]",0,[],[],0,193,193,34,1,58,40,-41,89,8,-31,19,22,-3,43.05810028,49.979996,-6.921895715,-41,-31,-10,-0.62,0.4,-1.02,unconfounded,FALSE,,,,
,,,,,,54,male,Senior Manager,2025-08-18_14h30.26.107,lotterie_task,2024.2.4,Win32,7.496251874,626285ad898d0ce84c5e1184,68947058ad5ea3fc73912f3f,68a328b0ebf58746998ccfbc,,,,,,,,,,,,,,,,,,,,,[0.4462962962962963],[-0.02962962962962963],[1],[0],[0],[2.5368999999993775],"[""coins_a_3"",""coins_a_3""]",0,[],[],0,194,194,72,1,78,35,-19,87,10,-12,31.33333333,28.33333333,3,39.68486977,42.44473531,-2.759865537,-19,-12,-7,-0.14,0.57,-0.71,unconfounded,FALSE,,,,
,,,,,,54,male,Senior Manager,2025-08-18_14h30.26.107,lotterie_task,2024.2.4,Win32,7.496251874,626285ad898d0ce84c5e1184,68947058ad5ea3fc73912f3f,68a328b0ebf58746998ccfbc,,,,,,,,,,,,,,,,,,,,,[0.4462962962962963],[-0.02962962962962963],[1],[0],[0],[2.7469000000003234],"[""coins_a_3"",""coins_a_3""]",0,[],[],0,195,195,172,1,74,69,-25,82,49,-13,39.33333333,39.33333333,0,45.5363103,39.38132665,6.154983646,-25,-13,-12,-0.7,-0.35,-0.35,confounded,FALSE,,,,
,,,,,,54,male,Senior Manager,2025-08-18_14h30.26.107,lotterie_task,2024.2.4,Win32,7.496251874,626285ad898d0ce84c5e1184,68947058ad5ea3fc73912f3f,68a328b0ebf58746998ccfbc,,,,,,,,,,,,,,,,,,,,,[-0.25277777777777777],[0],[1],[0],[0],[4.7309999999999945],"[""coins_a_3"",""coins_a_3""]",0,[],[],0,196,196,205,1,69,40,-29,65,14,-17,26.66666667,20.66666667,6,41.10420362,33.80663972,7.297563908,-29,-17,-12,-0.45,0.29,-0.74,confounded,FALSE,,,,
,,,,,,54,male,Senior Manager,2025-08-18_14h30.26.107,lotterie_task,2024.2.4,Win32,7.496251874,626285ad898d0ce84c5e1184,68947058ad5ea3fc73912f3f,68a328b0ebf58746998ccfbc,,,,,,,,,,,,,,,,,,,,,[-0.25],[0],[1],[0],[0],[3.4157000000002427],"[""coins_a_3"",""coins_a_3""]",0,[],[],0,197,197,74,1,70,41,-47,93,2,-40,21.33333333,18.33333333,3,49.74825513,55.51176052,-5.763505382,-47,-40,-7,-0.53,0.42,-0.95,unconfounded,FALSE,,,,
,,,,,,54,male,Senior Manager,2025-08-18_14h30.26.107,lotterie_task,2024.2.4,Win32,7.496251874,626285ad898d0ce84c5e1184,68947058ad5ea3fc73912f3f,68a328b0ebf58746998ccfbc,,,,,,,,,,,,,,,,,,,,,[0.3212962962962963],[-0.021296296296296296],[1],[0],[0],[3.081300000000738],"[""coins_a_3"",""coins_a_3""]",0,[],[],0,198,198,42,1,78,19,-16,89,2,-7,27,28,-1,38.79003308,43.28972164,-4.49968856,-16,-7,-9,0.3,0.68,-0.38,unconfounded,FALSE,,,,
,,,,,,54,male,Senior Manager,2025-08-18_14h30.26.107,lotterie_task,2024.2.4,Win32,7.496251874,626285ad898d0ce84c5e1184,68947058ad5ea3fc73912f3f,68a328b0ebf58746998ccfbc,,,,,,,,,,,,,,,,,,,,,[-0.23703703703703705],[-0.011111111111111112],[1],[0],[0],[6.326000000000022],"[""coins_a_3"",""coins_a_3""]",0,[],[],0,199,199,39,1,68,28,-25,85,2,-13,23.66666667,24.66666667,-1,38.09053542,43.09936839,-5.008832965,-25,-13,-12,-0.17,0.64,-0.81,unconfounded,FALSE,,,,
,,,,,,54,male,Senior Manager,2025-08-18_14h30.26.107,lotterie_task,2024.2.4,Win32,7.496251874,626285ad898d0ce84c5e1184,68947058ad5ea3fc73912f3f,68a328b0ebf58746998ccfbc,,,,,,,,,,,,,,,,,,,,,[0.42685185185185187],[-0.040740740740740744],[1],[0],[0],[11.975200000000086],"[""coins_b_3"",""coins_b_3""]",0,[],[],0,200,200,12,1,65,27,-35,83,18,-26,19,25,-6,41.21488404,44.77350407,-3.558620027,-35,-26,-9,-0.28,0.23,-0.51,unconfounded,FALSE,,,,
,,,,,,54,male,Senior Manager,2025-08-18_14h30.26.107,lotterie_task,2024.2.4,Win32,7.496251874,626285ad898d0ce84c5e1184,68947058ad5ea3fc73912f3f,68a328b0ebf58746998ccfbc,,,,,,,,,,,,,,,,,,,,,[-0.20462962962962963],[0.005555555555555556],[1],[0],[0],[14.39870000000019],"[""coins_b_3"",""coins_b_3""]",0,[],[],0,201,201,19,1,57,33,-78,87,14,-71,4,10,-6,58.80476171,64.56521251,-5.7604508,-78,-71,-7,-0.62,-0.09,-0.53,unconfounded,FALSE,,,,
,,,,,,54,male,Senior Manager,2025-08-18_14h30.26.107,lotterie_task,2024.2.4,Win32,7.496251874,626285ad898d0ce84c5e1184,68947058ad5ea3fc73912f3f,68a328b0ebf58746998ccfbc,,,,,,,,,,,,,,,,,,,,,[0.3435185185185185],[0.001851851851851852],[1],[0],[0],[5.8624999999999545],"[""coins_a_3"",""coins_a_3""]",0,[],[],0,202,202,69,1,83,22,-20,90,5,-13,28.33333333,27.33333333,1,42.28737663,44.91720779,-2.629831159,-20,-13,-7,0.22,0.62,-0.4,unconfounded,FALSE,,,,
,,,,,,54,male,Senior Manager,2025-08-18_14h30.26.107,lotterie_task,2024.2.4,Win32,7.496251874,626285ad898d0ce84c5e1184,68947058ad5ea3fc73912f3f,68a328b0ebf58746998ccfbc,,,,,,,,,,,,,,,,,,,,,[-0.2037037037037037],[-0.006481481481481481],[1],[0],[0],[7.691199999999071],"[""coins_b_3"",""coins_b_3""]",0,[],[],0,203,203,33,1,55,52,-40,92,13,-29,22.33333333,25.33333333,-3,44.09333535,50.16195991,-6.068624563,-40,-29,-11,-0.7,0.35,-1.05,unconfounded,FALSE,,,,
,,,,,,54,male,Senior Manager,2025-08-18_14h30.26.107,lotterie_task,2024.2.4,Win32,7.496251874,626285ad898d0ce84c5e1184,68947058ad5ea3fc73912f3f,68a328b0ebf58746998ccfbc,,,,,,,,,,,,,,,,,,,,,[0.23148148148148148],[-0.012962962962962963],[1],[0],[0],[4.8695999999995365],"[""coins_a_3"",""coins_a_3""]",0,[],[],0,204,204,71,1,62,45,-31,84,8,-19,25.33333333,24.33333333,1,40.43375927,43.60682923,-3.173069958,-31,-19,-12,-0.61,0.51,-1.12,unconfounded,FALSE,,,,
,,,,,,54,male,Senior Manager,2025-08-18_14h30.26.107,lotterie_task,2024.2.4,Win32,7.496251874,626285ad898d0ce84c5e1184,68947058ad5ea3fc73912f3f,68a328b0ebf58746998ccfbc,,,,,,,,,,,,,,,,,,,,,[-0.1685185185185185],[-0.020370370370370372],[1],[0],[0],[9.112400000000434],"[""coins_a_3"",""coins_a_3""]",0,[],[],0,205,205,200,1,75,56,-40,78,43,-30,30.33333333,30.33333333,0,50.33443707,44.99135719,5.343079879,-40,-30,-10,-0.63,-0.4,-0.23,confounded,FALSE,,,,
,,,,,,54,male,Senior Manager,2025-08-18_14h30.26.107,lotterie_task,2024.2.4,Win32,7.496251874,626285ad898d0ce84c5e1184,68947058ad5ea3fc73912f3f,68a328b0ebf58746998ccfbc,,,,,,,,,,,,,,,,,,,,,[0.3685185185185185],[-0.032407407407407406],[1],[0],[0],[4.7719999999999345],"[""coins_a_3"",""coins_a_3""]",0,[],[],0,206,206,165,1,93,73,-18,97,48,-6,49.33333333,46.33333333,3,48.30688932,42.06608557,6.240803743,-18,-6,-12,-0.62,-0.06,-0.56,confounded,FALSE,,,,
,,,,,,54,male,Senior Manager,2025-08-18_14h30.26.107,lotterie_task,2024.2.4,Win32,7.496251874,626285ad898d0ce84c5e1184,68947058ad5ea3fc73912f3f,68a328b0ebf58746998ccfbc,,,,,,,,,,,,,,,,,,,,,[-0.2212962962962963],[0.005555555555555556],[1],[0],[0],[3.4329000000004726],"[""coins_a_3"",""coins_a_3""]",0,[],[],0,207,207,191,1,99,45,-67,98,5,-53,25.66666667,16.66666667,9,69.13432979,62.19503374,6.939296048,-67,-53,-14,-0.4,0.27,-0.67,confounded,FALSE,,,,
,,,,,,54,male,Senior Manager,2025-08-18_14h30.26.107,lotterie_task,2024.2.4,Win32,7.496251874,626285ad898d0ce84c5e1184,68947058ad5ea3fc73912f3f,68a328b0ebf58746998ccfbc,,,,,,,,,,,,,,,,,,,,,[-0.2212962962962963],[0.005555555555555556],[1],[0],[0],[8.149400000000242],"[""coins_b_3"",""coins_b_3""]",0,[],[],0,208,208,218,1,39,22,-40,47,30,-33,7,14.67,7.67,1044.67,1036.22,-8.45,40,33,-7,0.05,0.1,0.05,confounded,TRUE,,,,
,,,,,,54,male,Senior Manager,2025-08-18_14h30.26.107,lotterie_task,2024.2.4,Win32,7.496251874,626285ad898d0ce84c5e1184,68947058ad5ea3fc73912f3f,68a328b0ebf58746998ccfbc,,,,,,,,,,,,,,,,,,,,,[0.33425925925925926],[0.016666666666666666],[1],[0],[0],[2.5860000000000127],"[""coins_a_3"",""coins_a_3""]",0,[],[],0,209,209,104,1,92,54,-10,99,11,-1,45.33333333,36.33333333,9,42.08985098,44.58200933,-2.492158346,-10,-1,-9,-0.3,0.67,-0.97,unconfounded,FALSE,,,,
,,,,,,54,male,Senior Manager,2025-08-18_14h30.26.107,lotterie_task,2024.2.4,Win32,7.496251874,626285ad898d0ce84c5e1184,68947058ad5ea3fc73912f3f,68a328b0ebf58746998ccfbc,,,,,,,,,,,,,,,,,,,,,[0.33425925925925926],[0.016666666666666666],[1],[0],[0],[3.2617000000002463],"[""coins_b_3"",""coins_b_3""]",0,[],[],0,210,210,115,1,39,30,-45,49,34,-32,8,17,-9,37.65634077,35.18522417,2.471116596,-45,-32,-13,-0.68,-0.61,-0.07,confounded,FALSE,,,,
,,,,,,54,male,Senior Manager,2025-08-18_14h30.26.107,lotterie_task,2024.2.4,Win32,7.496251874,626285ad898d0ce84c5e1184,68947058ad5ea3fc73912f3f,68a328b0ebf58746998ccfbc,,,,,,,,,,,,,,,,,,,,,[0.33425925925925926],[0.016666666666666666],[1],[0],[0],[5.167099999999664],"[""coins_a_3"",""coins_a_3""]",0,[],[],0,211,211,98,1,85,48,-45,99,2,-40,29.33333333,20.33333333,9,54.68901982,58.20843772,-3.519417903,-45,-40,-5,-0.47,0.44,-0.91,unconfounded,FALSE,,,,
,,,,,,54,male,Senior Manager,2025-08-18_14h30.26.107,lotterie_task,2024.2.4,Win32,7.496251874,626285ad898d0ce84c5e1184,68947058ad5ea3fc73912f3f,68a328b0ebf58746998ccfbc,,,,,,,,,,,,,,,,,,,,,[-0.32314814814814813],[0.006481481481481481],[1],[0],[0],[3.63579999999979],"[""coins_a_3"",""coins_a_3""]",0,[],[],0,212,212,196,1,80,54,-23,85,21,-13,37,31,6,43.73404471,40.62839729,3.105647416,-23,-13,-10,-0.52,0.35,-0.87,confounded,FALSE,,,,
,,,,,,54,male,Senior Manager,2025-08-18_14h30.26.107,lotterie_task,2024.2.4,Win32,7.496251874,626285ad898d0ce84c5e1184,68947058ad5ea3fc73912f3f,68a328b0ebf58746998ccfbc,,,,,,,,,,,,,,,,,,,,,[0.32037037037037036],[-0.010185185185185186],[1],[0],[0],[2.072499999999991],"[""coins_a_3"",""coins_a_3""]",0,[],[],0,213,213,90,1,61,53,-28,85,3,-20,28.66666667,22.66666667,6,40.20226638,45.0653846,-4.863118215,-28,-20,-8,-0.69,0.57,-1.26,unconfounded,FALSE,,,,
,,,,,,54,male,Senior Manager,2025-08-18_14h30.26.107,lotterie_task,2024.2.4,Win32,7.496251874,626285ad898d0ce84c5e1184,68947058ad5ea3fc73912f3f,68a328b0ebf58746998ccfbc,,,,,,,,,,,,,,,,,,,,,[-0.24259259259259258],[0.016666666666666666],[1],[0],[0],[12.018300000000863],"[""coins_b_3"",""coins_b_3""]",0,[],[],0,214,214,7,1,68,22,-72,90,16,-61,6,15,-9,58.26376804,61.64954717,-3.385779129,-72,-61,-11,-0.39,-0.02,-0.37,unconfounded,FALSE,,,,
,,,,,,54,male,Senior Manager,2025-08-18_14h30.26.107,lotterie_task,2024.2.4,Win32,7.496251874,626285ad898d0ce84c5e1184,68947058ad5ea3fc73912f3f,68a328b0ebf58746998ccfbc,,,,,,,,,,,,,,,,,,,,,[0.4351851851851852],[-0.001851851851851852],[1],[0],[0],[2.491999999999962],"[""coins_a_3"",""coins_a_3""]",0,[],[],0,215,215,169,1,84,54,-18,91,30,-4,40,39,1,42.80186912,39.3022476,3.499621515,-18,-4,-14,-0.46,0.33,-0.79,confounded,FALSE,,,,
,,,,,,54,male,Senior Manager,2025-08-18_14h30.26.107,lotterie_task,2024.2.4,Win32,7.496251874,626285ad898d0ce84c5e1184,68947058ad5ea3fc73912f3f,68a328b0ebf58746998ccfbc,,,,,,,,,,,,,,,,,,,,,[0.4351851851851852],[-0.001851851851851852],[1],[0],[0],[3.5733000000006996],"[""coins_a_3"",""coins_a_3""]",0,[],[],0,216,216,68,1,74,36,-41,90,6,-30,23,22,1,47.84001115,50.27922036,-2.439209212,-41,-30,-11,-0.39,0.45,-0.84,unconfounded,FALSE,,,,
,,,,,,54,male,Senior Manager,2025-08-18_14h30.26.107,lotterie_task,2024.2.4,Win32,7.496251874,626285ad898d0ce84c5e1184,68947058ad5ea3fc73912f3f,68a328b0ebf58746998ccfbc,,,,,,,,,,,,,,,,,,,,,[0.4351851851851852],[-0.001851851851851852],[1],[0],[0],[10.295799999999872],"[""coins_a_3"",""coins_a_3""]",0,[],[],0,217,217,60,1,64,49,-69,94,7,-60,14.66666667,13.66666667,1,59.4773533,63.04671989,-3.56936659,-69,-60,-9,-0.67,0.16,-0.83,unconfounded,FALSE,,,,
,,,,,,54,male,Senior Manager,2025-08-18_14h30.26.107,lotterie_task,2024.2.4,Win32,7.496251874,626285ad898d0ce84c5e1184,68947058ad5ea3fc73912f3f,68a328b0ebf58746998ccfbc,,,,,,,,,,,,,,,,,,,,,[0.3768518518518518],[-0.000925925925925926],[1],[0],[0],[6.703099999999722],"[""coins_b_3"",""coins_b_3""]",0,[],[],0,218,218,120,1,67,51,-70,80,45,-59,16,22,-6,61.16098975,59.03106527,2.129924478,-70,-59,-11,-0.67,-0.53,-0.14,confounded,FALSE,,,,
,,,,,,54,male,Senior Manager,2025-08-18_14h30.26.107,lotterie_task,2024.2.4,Win32,7.496251874,626285ad898d0ce84c5e1184,68947058ad5ea3fc73912f3f,68a328b0ebf58746998ccfbc,,,,,,,,,,,,,,,,,,,,,[-0.13703703703703704],[0.010185185185185186],[1],[0],[0],[12.121599999999717],"[""coins_b_3"",""coins_b_3""]",0,[],[],0,219,219,0,1,50,24,-56,83,8,-46,6,15,-9,45.10727953,52.89612462,-7.788845091,-56,-46,-10,-0.54,0.2,-0.74,unconfounded,FALSE,,,,
,,,,,,54,male,Senior Manager,2025-08-18_14h30.26.107,lotterie_task,2024.2.4,Win32,7.496251874,626285ad898d0ce84c5e1184,68947058ad5ea3fc73912f3f,68a328b0ebf58746998ccfbc,,,,,,,,,,,,,,,,,,,,,,,,,,,,,,,,,,,,,,,,,,,,,,,,,,,,,,,,2.9,space,36.8632,0.0014
